nct,year,epoch,phase,int_class,n_arms,n_enroll,sponsor_class,overall_status,allocation,randomized,masking,masking_ord,blinded_any,blinded_double_plus,model,power_ok,comparator_kind,has_comparator,n_started,n_completed,attrition,low_attrition,pivotal,treatment,multiarm,has_results,has_result_ref,n_derived,has_derived,ipd,ipd_yes,dmc
NCT03246594,2017.0,2016-2020,NA,proc_device,2,200.0,OTHER,COMPLETED,RANDOMIZED,True,SINGLE,1.0,True,False,PARALLEL,True,none/single-group,False,,,,,False,True,False,False,False,1,True,,False,False
NCT02474108,2015.0,<=2015,NA,proc_device,2,40.0,NETWORK,COMPLETED,RANDOMIZED,True,SINGLE,1.0,True,False,SINGLE_GROUP,True,placebo/sham,True,,,,,False,False,False,False,False,0,False,,False,True
NCT03819946,2019.0,2016-2020,NA,proc_device,2,120.0,OTHER,UNKNOWN,RANDOMIZED,True,SINGLE,1.0,True,False,PARALLEL,True,active,True,,,,,False,False,False,False,False,0,False,NO,False,True
NCT02766712,2016.0,2016-2020,NA,proc_device,2,64.0,OTHER,COMPLETED,RANDOMIZED,True,SINGLE,1.0,True,False,PARALLEL,True,none/single-group,False,,,,,False,False,False,False,False,1,True,NO,False,True
NCT01254474,2011.0,<=2015,NA,proc_device,1,42.0,OTHER,COMPLETED,NA,False,NONE,0.0,False,False,SINGLE_GROUP,True,none/single-group,False,,,,,False,False,False,False,False,0,False,,False,False
NCT02817815,2016.0,2016-2020,NA,proc_device,5,86.0,OTHER,TERMINATED,NON_RANDOMIZED,False,NONE,0.0,False,False,PARALLEL,True,active,True,,,,,False,False,True,False,False,0,False,,False,False
NCT03410966,2013.0,<=2015,NA,proc_device,1,150.0,OTHER,COMPLETED,NA,False,NONE,0.0,False,False,SINGLE_GROUP,True,none/single-group,False,,,,,False,False,False,False,False,0,False,YES,True,
NCT04997824,2021.0,2021-2026,NA,proc_device,2,1000.0,OTHER,RECRUITING,RANDOMIZED,True,NONE,0.0,False,False,PARALLEL,True,active,True,,,,,False,True,False,False,False,0,False,UNDECIDED,False,True
NCT00959205,2009.0,<=2015,PHASE4,proc_device,2,160.0,OTHER,UNKNOWN,RANDOMIZED,True,SINGLE,1.0,True,False,PARALLEL,True,active,True,,,,,True,True,False,False,False,0,False,,False,True
NCT04056390,2019.0,2016-2020,NA,proc_device,2,256.0,OTHER,UNKNOWN,RANDOMIZED,True,NONE,0.0,False,False,PARALLEL,True,active,True,,,,,False,True,False,False,False,1,True,,False,False
NCT01873352,2013.0,<=2015,PHASE3,proc_device,2,302.0,NETWORK,COMPLETED,RANDOMIZED,True,SINGLE,1.0,True,False,PARALLEL,True,active,True,,,,,True,True,False,False,False,1,True,,False,True
NCT02392338,2014.0,<=2015,NA,proc_device,2,60.0,OTHER,COMPLETED,RANDOMIZED,True,NONE,0.0,False,False,PARALLEL,True,active,True,,,,,False,True,False,False,True,1,True,NO,False,True
NCT02224378,2012.0,<=2015,NA,proc_device,2,44.0,OTHER,COMPLETED,NON_RANDOMIZED,False,NONE,0.0,False,False,PARALLEL,True,active,True,,,,,False,False,False,False,False,0,False,,False,False
NCT07487532,2026.0,2021-2026,NA,both,2,120.0,OTHER,NOT_YET_RECRUITING,RANDOMIZED,True,SINGLE,1.0,True,False,PARALLEL,True,active,True,,,,,False,True,False,False,False,0,False,NO,False,
NCT04079634,2019.0,2016-2020,NA,proc_device,2,42.0,OTHER,COMPLETED,RANDOMIZED,True,SINGLE,1.0,True,False,PARALLEL,True,active,True,42.0,42.0,0.0,True,False,False,False,True,False,0,False,YES,True,False
NCT05653583,2023.0,2021-2026,NA,proc_device,3,30.0,INDUSTRY,UNKNOWN,RANDOMIZED,True,SINGLE,1.0,True,False,PARALLEL,True,placebo/sham,True,,,,,False,False,True,False,False,0,False,,False,
NCT01756300,2012.0,<=2015,PHASE1,proc_device,1,35.0,INDUSTRY,COMPLETED,NA,False,NONE,0.0,False,False,SINGLE_GROUP,True,none/single-group,False,35.0,33.0,0.05714285714285716,True,False,True,False,True,False,0,False,,False,True
NCT03199703,2017.0,2016-2020,NA,proc_device,2,135.0,OTHER,COMPLETED,RANDOMIZED,True,NONE,0.0,False,False,PARALLEL,True,active,True,,,,,False,True,False,False,False,1,True,UNDECIDED,False,False
NCT06091514,2024.0,2021-2026,NA,proc_device,1,400.0,OTHER,UNKNOWN,NA,False,NONE,0.0,False,False,SINGLE_GROUP,True,none/single-group,False,,,,,False,False,False,False,False,0,False,NO,False,False
NCT03642509,2019.0,2016-2020,NA,both,2,750.0,OTHER,RECRUITING,RANDOMIZED,True,SINGLE,1.0,True,False,PARALLEL,True,none/single-group,False,,,,,False,False,False,False,False,0,False,UNDECIDED,False,True
NCT07705425,2026.0,2021-2026,NA,proc_device,1,20.0,INDUSTRY,NOT_YET_RECRUITING,NA,False,NONE,0.0,False,False,SINGLE_GROUP,False,none/single-group,False,,,,,False,True,False,False,False,0,False,NO,False,False
NCT00562432,2008.0,<=2015,NA,proc_device,2,32.0,INDUSTRY,COMPLETED,RANDOMIZED,True,NONE,0.0,False,False,PARALLEL,True,placebo/sham,True,,,,,False,False,False,False,False,0,False,,False,False
NCT00129545,2005.0,<=2015,PHASE2;PHASE3,both,3,800.0,INDUSTRY,COMPLETED,RANDOMIZED,True,NONE,0.0,False,False,PARALLEL,True,active,True,800.0,499.0,0.37625,False,True,False,True,True,False,8,True,,False,True
NCT04394546,2020.0,2016-2020,NA,both,2,3000.0,INDUSTRY,ACTIVE_NOT_RECRUITING,RANDOMIZED,True,SINGLE,1.0,True,False,PARALLEL,True,active,True,,,,,False,False,False,False,False,2,True,YES,True,True
NCT07410962,2026.0,2021-2026,NA,proc_device,1,16.0,INDUSTRY,NOT_YET_RECRUITING,NA,False,NONE,0.0,False,False,SINGLE_GROUP,False,none/single-group,False,,,,,False,True,False,False,False,0,False,UNDECIDED,False,False
NCT01587404,2012.0,<=2015,PHASE4,proc_device,2,55.0,OTHER,COMPLETED,RANDOMIZED,True,SINGLE,1.0,True,False,PARALLEL,False,none/single-group,False,,,,,True,False,False,False,False,2,True,,False,
NCT01683045,2012.0,<=2015,NA,proc_device,1,6.0,INDUSTRY,TERMINATED,NA,False,NONE,0.0,False,False,SINGLE_GROUP,False,none/single-group,False,,,,,False,True,False,False,False,0,False,,False,False
NCT07032948,2025.0,2021-2026,NA,proc_device,1,300.0,INDUSTRY,NOT_YET_RECRUITING,NA,False,NONE,0.0,False,False,SINGLE_GROUP,True,none/single-group,False,,,,,False,True,False,False,False,0,False,,False,False
NCT04067089,2018.0,2016-2020,NA,proc_device,2,126.0,OTHER,UNKNOWN,RANDOMIZED,True,NONE,0.0,False,False,PARALLEL,True,active,True,,,,,False,True,False,False,False,0,False,YES,True,True
NCT05970120,2023.0,2021-2026,NA,proc_device,1,30.0,INDUSTRY,COMPLETED,NA,False,NONE,0.0,False,False,SINGLE_GROUP,True,none/single-group,False,30.0,30.0,0.0,True,False,True,False,True,False,0,False,YES,True,False
NCT03735667,2019.0,2016-2020,NA,proc_device,7,1948.0,INDUSTRY,ACTIVE_NOT_RECRUITING,RANDOMIZED,True,NONE,0.0,False,False,PARALLEL,True,active,True,1648.0,1437.0,0.12803398058252424,True,False,True,True,True,True,0,False,UNDECIDED,False,True
NCT07358611,2026.0,2021-2026,NA,proc_device,1,30.0,OTHER,RECRUITING,NA,False,NONE,0.0,False,False,SINGLE_GROUP,True,none/single-group,False,,,,,False,True,False,False,False,0,False,NO,False,False
NCT02477592,2015.0,<=2015,NA,proc_device,2,220.0,OTHER,UNKNOWN,RANDOMIZED,True,SINGLE,1.0,True,False,PARALLEL,True,active,True,,,,,False,True,False,False,True,0,False,,False,True
NCT05824923,2023.0,2021-2026,PHASE3,both,2,264.0,INDUSTRY,ACTIVE_NOT_RECRUITING,RANDOMIZED,True,SINGLE,1.0,True,False,PARALLEL,True,active,True,,,,,True,True,False,False,False,0,False,,False,False
NCT04268875,2019.0,2016-2020,NA,proc_device,1,307.0,OTHER,COMPLETED,NA,False,NONE,0.0,False,False,SINGLE_GROUP,True,none/single-group,False,,,,,False,False,False,False,False,1,True,,False,False
NCT05870306,2021.0,2021-2026,NA,proc_device,2,105.0,OTHER,ACTIVE_NOT_RECRUITING,RANDOMIZED,True,SINGLE,1.0,True,False,PARALLEL,True,none/single-group,False,,,,,False,True,False,False,False,0,False,YES,True,
NCT07245147,2025.0,2021-2026,NA,proc_device,2,16.0,OTHER,NOT_YET_RECRUITING,RANDOMIZED,True,NONE,0.0,False,False,PARALLEL,False,active,True,,,,,False,True,False,False,False,0,False,YES,True,True
NCT05089435,2022.0,2021-2026,PHASE4,proc_device,1,500.0,INDUSTRY,UNKNOWN,NA,False,NONE,0.0,False,False,SINGLE_GROUP,True,none/single-group,False,,,,,True,False,False,False,False,0,False,UNDECIDED,False,True
NCT02630914,2015.0,<=2015,NA,proc_device,1,12.0,OTHER,COMPLETED,NA,False,NONE,0.0,False,False,SINGLE_GROUP,False,none/single-group,False,,,,,False,True,False,False,True,0,False,NO,False,True
NCT02051621,2010.0,<=2015,NA,both,3,100.0,OTHER,UNKNOWN,RANDOMIZED,True,NONE,0.0,False,False,PARALLEL,True,active,True,,,,,False,True,True,False,False,1,True,,False,False
NCT06099730,2023.0,2021-2026,NA,proc_device,1,442.0,OTHER,RECRUITING,NA,False,NONE,0.0,False,False,SINGLE_GROUP,True,none/single-group,False,,,,,False,True,False,False,False,0,False,,False,
NCT02529319,2016.0,2016-2020,NA,proc_device,2,843.0,OTHER,COMPLETED,RANDOMIZED,True,SINGLE,1.0,True,False,PARALLEL,True,active,True,,,,,False,True,False,False,False,2,True,,False,True
NCT02898545,2016.0,2016-2020,NA,proc_device,2,1.0,OTHER,COMPLETED,NON_RANDOMIZED,False,NONE,0.0,False,False,PARALLEL,False,no-intervention,True,,,,,False,False,False,False,False,0,False,UNDECIDED,False,False
NCT01965899,2013.0,<=2015,NA,proc_device,1,151.0,INDUSTRY,COMPLETED,NA,False,NONE,0.0,False,False,SINGLE_GROUP,True,none/single-group,False,151.0,145.0,0.039735099337748325,True,False,False,False,True,False,2,True,,False,False
NCT00774566,2008.0,<=2015,PHASE4,proc_device,2,322.0,OTHER,COMPLETED,RANDOMIZED,True,NONE,0.0,False,False,PARALLEL,True,active,True,315.0,282.0,0.10476190476190472,True,True,True,False,True,True,1,True,,False,False
NCT06415149,2022.0,2021-2026,NA,proc_device,2,185.0,OTHER,COMPLETED,RANDOMIZED,True,QUADRUPLE,4.0,True,True,PARALLEL,True,none/single-group,False,,,,,False,True,False,False,False,0,False,YES,True,False
NCT07281898,2025.0,2021-2026,NA,proc_device,2,240.0,OTHER,RECRUITING,RANDOMIZED,True,SINGLE,1.0,True,False,PARALLEL,True,active,True,,,,,False,True,False,False,False,0,False,NO,False,True
NCT01095952,2011.0,<=2015,NA,proc_device,1,45.0,INDUSTRY,COMPLETED,NA,False,NONE,0.0,False,False,SINGLE_GROUP,True,none/single-group,False,,,,,False,True,False,False,False,1,True,,False,False
NCT05172765,2022.0,2021-2026,NA,proc_device,2,160.0,OTHER,UNKNOWN,RANDOMIZED,True,DOUBLE,2.0,True,True,CROSSOVER,True,placebo/sham,True,,,,,False,True,False,False,False,0,False,,False,False
NCT00873067,2009.0,<=2015,PHASE3,proc_device,2,142.0,OTHER,COMPLETED,RANDOMIZED,True,SINGLE,1.0,True,False,PARALLEL,True,active,True,,,,,True,True,False,False,False,0,False,,False,True
NCT06125925,2023.0,2021-2026,NA,both,2,436.0,OTHER,RECRUITING,RANDOMIZED,True,SINGLE,1.0,True,False,PARALLEL,True,active,True,,,,,False,True,False,False,False,0,False,NO,False,True
NCT04206982,2020.0,2016-2020,NA,proc_device,2,120.0,OTHER,COMPLETED,RANDOMIZED,True,NONE,0.0,False,False,PARALLEL,True,active,True,,,,,False,False,False,False,True,1,True,NO,False,True
NCT06096246,2024.0,2021-2026,NA,proc_device,2,208.0,OTHER,RECRUITING,RANDOMIZED,True,DOUBLE,2.0,True,True,PARALLEL,True,placebo/sham,True,,,,,False,True,False,False,True,0,False,,False,True
NCT07064616,2025.0,2021-2026,NA,proc_device,2,300.0,OTHER,RECRUITING,RANDOMIZED,True,NONE,0.0,False,False,PARALLEL,True,active,True,,,,,False,True,False,False,False,0,False,UNDECIDED,False,False
NCT03459196,2018.0,2016-2020,NA,proc_device,1,54.0,INDUSTRY,COMPLETED,NA,False,NONE,0.0,False,False,SINGLE_GROUP,True,none/single-group,False,54.0,52.0,0.03703703703703709,True,False,True,False,True,False,1,True,,False,True
NCT07227532,2025.0,2021-2026,NA,proc_device,1,276.0,INDUSTRY,RECRUITING,NA,False,NONE,0.0,False,False,SINGLE_GROUP,True,none/single-group,False,,,,,False,True,False,False,False,0,False,YES,True,False
NCT04264117,2017.0,2016-2020,NA,proc_device,2,360.0,OTHER,UNKNOWN,RANDOMIZED,True,NONE,0.0,False,False,PARALLEL,True,active,True,,,,,False,True,False,False,False,0,False,UNDECIDED,False,True
NCT02424110,2015.0,<=2015,NA,proc_device,2,200.0,OTHER,UNKNOWN,RANDOMIZED,True,DOUBLE,2.0,True,True,PARALLEL,True,none/single-group,False,,,,,False,True,False,False,False,0,False,UNDECIDED,False,False
NCT03917563,2019.0,2016-2020,NA,proc_device,1,1050.0,OTHER,UNKNOWN,NA,False,NONE,0.0,False,False,SINGLE_GROUP,True,none/single-group,False,,,,,False,True,False,False,False,2,True,UNDECIDED,False,True
NCT05375877,2022.0,2021-2026,NA,proc_device,1,270.0,INDUSTRY,UNKNOWN,NA,False,NONE,0.0,False,False,SINGLE_GROUP,True,none/single-group,False,,,,,False,True,False,False,False,0,False,NO,False,False
NCT07499531,2026.0,2021-2026,NA,proc_device,1,39.0,OTHER,NOT_YET_RECRUITING,NA,False,NONE,0.0,False,False,SINGLE_GROUP,True,none/single-group,False,,,,,False,False,False,False,False,0,False,UNDECIDED,False,False
NCT05476250,2022.0,2021-2026,NA,proc_device,1,120.0,INDUSTRY,TERMINATED,NA,False,NONE,0.0,False,False,SINGLE_GROUP,True,none/single-group,False,120.0,99.0,0.17500000000000004,True,False,False,False,True,False,0,False,,False,
NCT01942408,2013.0,<=2015,NA,proc_device,2,80.0,OTHER,COMPLETED,RANDOMIZED,True,NONE,0.0,False,False,PARALLEL,True,active,True,,,,,False,True,False,False,False,1,True,,False,True
NCT00811382,2008.0,<=2015,NA,proc_device,2,163.0,INDUSTRY,TERMINATED,RANDOMIZED,True,NONE,0.0,False,False,PARALLEL,True,active,True,163.0,163.0,0.0,True,False,True,False,True,False,0,False,NO,False,True
NCT01558635,2011.0,<=2015,NA,proc_device,1,17.0,INDUSTRY,TERMINATED,NA,False,NONE,0.0,False,False,SINGLE_GROUP,False,none/single-group,False,17.0,11.0,0.3529411764705882,False,False,True,False,True,False,0,False,NO,False,False
NCT04063761,2019.0,2016-2020,NA,proc_device,1,20.0,INDUSTRY,COMPLETED,NA,False,NONE,0.0,False,False,SINGLE_GROUP,False,none/single-group,False,20.0,20.0,0.0,True,False,False,False,True,False,0,False,,False,False
NCT05153291,2021.0,2021-2026,NA,proc_device,2,80.0,OTHER,UNKNOWN,RANDOMIZED,True,DOUBLE,2.0,True,True,PARALLEL,True,active,True,,,,,False,False,False,False,False,0,False,NO,False,
NCT06988202,2026.0,2021-2026,NA,proc_device,2,630.0,OTHER,ENROLLING_BY_INVITATION,RANDOMIZED,True,DOUBLE,2.0,True,True,PARALLEL,True,none/single-group,False,,,,,False,False,False,False,False,0,False,UNDECIDED,False,True
NCT07396493,2026.0,2021-2026,NA,proc_device,1,306.0,OTHER,NOT_YET_RECRUITING,NA,False,NONE,0.0,False,False,SINGLE_GROUP,True,none/single-group,False,,,,,False,True,False,False,False,0,False,NO,False,False
NCT05408754,2022.0,2021-2026,NA,proc_device,2,89.0,INDUSTRY,COMPLETED,RANDOMIZED,True,NONE,0.0,False,False,PARALLEL,True,none/single-group,False,,,,,False,True,False,False,False,0,False,NO,False,True
NCT03645070,2017.0,2016-2020,NA,proc_device,3,60.0,OTHER,COMPLETED,RANDOMIZED,True,NONE,0.0,False,False,PARALLEL,True,active,True,,,,,False,False,True,False,False,1,True,NO,False,False
NCT05298553,2022.0,2021-2026,NA,proc_device,2,500.0,OTHER,COMPLETED,RANDOMIZED,True,SINGLE,1.0,True,False,PARALLEL,True,none/single-group,False,498.0,498.0,0.0,True,False,False,False,True,False,0,False,UNDECIDED,False,False
NCT02298244,2015.0,<=2015,NA,proc_device,2,20.0,OTHER,UNKNOWN,RANDOMIZED,True,DOUBLE,2.0,True,True,PARALLEL,False,active,True,,,,,False,True,False,False,False,0,False,,False,
NCT02325778,2010.0,<=2015,PHASE3,proc_device,2,132.0,OTHER,COMPLETED,RANDOMIZED,True,SINGLE,1.0,True,False,PARALLEL,True,none/single-group,False,,,,,True,True,False,False,False,0,False,,False,False
NCT04466358,2021.0,2021-2026,NA,proc_device,2,60.0,OTHER,COMPLETED,RANDOMIZED,True,NONE,0.0,False,False,PARALLEL,True,active,True,,,,,False,True,False,False,False,1,True,NO,False,True
NCT07191626,2025.0,2021-2026,NA,proc_device,2,650.0,OTHER,NOT_YET_RECRUITING,RANDOMIZED,True,DOUBLE,2.0,True,True,PARALLEL,True,active,True,,,,,False,True,False,False,False,0,False,YES,True,True
NCT05776797,2023.0,2021-2026,NA,both,2,480.0,OTHER,RECRUITING,RANDOMIZED,True,NONE,0.0,False,False,PARALLEL,True,active,True,,,,,False,True,False,False,False,0,False,NO,False,True
NCT06969118,2025.0,2021-2026,NA,proc_device,2,200.0,OTHER,NOT_YET_RECRUITING,RANDOMIZED,True,SINGLE,1.0,True,False,PARALLEL,True,placebo/sham,True,,,,,False,False,False,False,False,0,False,NO,False,True
NCT05932485,2023.0,2021-2026,NA,proc_device,2,108.0,OTHER,COMPLETED,RANDOMIZED,True,TRIPLE,3.0,True,True,PARALLEL,True,no-intervention,True,,,,,False,False,False,False,False,0,False,,False,True
NCT07130773,2025.0,2021-2026,NA,proc_device,2,58.0,OTHER,RECRUITING,RANDOMIZED,True,NONE,0.0,False,False,PARALLEL,True,active,True,,,,,False,True,False,False,False,0,False,NO,False,True
NCT00296166,2006.0,<=2015,NA,proc_device,0,200.0,OTHER,TERMINATED,RANDOMIZED,True,NONE,0.0,False,False,PARALLEL,True,none/single-group,False,,,,,False,True,False,False,False,0,False,,False,True
NCT06719921,2025.0,2021-2026,NA,proc_device,2,724.0,OTHER,ENROLLING_BY_INVITATION,RANDOMIZED,True,SINGLE,1.0,True,False,PARALLEL,True,active,True,,,,,False,True,False,False,False,0,False,NO,False,True
NCT05711589,2020.0,2016-2020,NA,proc_device,2,100.0,OTHER,COMPLETED,RANDOMIZED,True,SINGLE,1.0,True,False,PARALLEL,True,placebo/sham,True,,,,,False,True,False,False,False,0,False,,False,False
NCT03526471,2019.0,2016-2020,NA,proc_device,1,20.0,INDUSTRY,COMPLETED,NA,False,NONE,0.0,False,False,SINGLE_GROUP,False,none/single-group,False,,,,,False,False,False,False,False,0,False,NO,False,False
NCT04514757,2021.0,2021-2026,NA,proc_device,2,77.0,OTHER,COMPLETED,RANDOMIZED,True,DOUBLE,2.0,True,True,PARALLEL,True,placebo/sham,True,,,,,False,False,False,False,False,0,False,NO,False,False
NCT07541339,2026.0,2021-2026,NA,proc_device,2,224.0,OTHER,NOT_YET_RECRUITING,RANDOMIZED,True,SINGLE,1.0,True,False,PARALLEL,True,active,True,,,,,False,True,False,False,False,0,False,NO,False,True
NCT02606552,2016.0,2016-2020,PHASE4,both,3,9.0,OTHER,TERMINATED,RANDOMIZED,True,NONE,0.0,False,False,PARALLEL,False,active,True,,,,,True,True,True,False,False,0,False,,False,True
NCT02758002,2016.0,2016-2020,NA,proc_device,1,0.0,OTHER,WITHDRAWN,NA,False,NONE,0.0,False,False,SINGLE_GROUP,False,none/single-group,False,,,,,False,False,False,False,False,0,False,NO,False,False
NCT02521896,2014.0,<=2015,NA,proc_device,1,8.0,INDUSTRY,COMPLETED,NA,False,NONE,0.0,False,False,SINGLE_GROUP,False,none/single-group,False,,,,,False,True,False,False,False,0,False,,False,False
NCT05272852,2022.0,2021-2026,NA,proc_device,1,80.0,INDUSTRY,COMPLETED,NA,False,NONE,0.0,False,False,SINGLE_GROUP,True,none/single-group,False,80.0,77.0,0.03749999999999998,True,False,True,False,True,False,0,False,,False,True
NCT03401099,2018.0,2016-2020,NA,proc_device,2,113.0,OTHER,COMPLETED,RANDOMIZED,True,SINGLE,1.0,True,False,PARALLEL,True,active,True,,,,,False,True,False,False,False,2,True,NO,False,True
NCT07428564,2026.0,2021-2026,NA,proc_device,1,50.0,INDUSTRY,RECRUITING,NA,False,NONE,0.0,False,False,SINGLE_GROUP,True,none/single-group,False,,,,,False,True,False,False,False,0,False,YES,True,False
NCT05316337,2022.0,2021-2026,NA,proc_device,2,650.0,INDUSTRY,COMPLETED,NON_RANDOMIZED,False,NONE,0.0,False,False,PARALLEL,True,none/single-group,False,,,,,False,False,False,False,False,0,False,NO,False,False
NCT03256812,2017.0,2016-2020,NA,proc_device,2,50.0,OTHER,COMPLETED,RANDOMIZED,True,NONE,0.0,False,False,PARALLEL,True,active,True,,,,,False,False,False,False,False,0,False,,False,
NCT01360918,2011.0,<=2015,NA,proc_device,2,2.0,OTHER,TERMINATED,RANDOMIZED,True,NONE,0.0,False,False,SINGLE_GROUP,False,active,True,,,,,False,True,False,False,False,0,False,,False,False
NCT01385358,2011.0,<=2015,NA,proc_device,2,60.0,OTHER,UNKNOWN,NON_RANDOMIZED,False,SINGLE,1.0,True,False,PARALLEL,True,active,True,,,,,False,True,False,False,False,0,False,,False,False
NCT00247533,2005.0,<=2015,PHASE4,proc_device,0,30.0,OTHER,UNKNOWN,NON_RANDOMIZED,False,DOUBLE,2.0,True,True,SINGLE_GROUP,False,none/single-group,False,,,,,True,False,False,False,False,0,False,,False,
NCT00477230,2007.0,<=2015,PHASE3,both,2,64.0,INDUSTRY,TERMINATED,RANDOMIZED,True,NONE,0.0,False,False,CROSSOVER,False,active,True,64.0,13.0,0.796875,False,True,True,False,True,False,0,False,,False,True
NCT04087122,2019.0,2016-2020,NA,proc_device,1,20.0,INDUSTRY,COMPLETED,NA,False,NONE,0.0,False,False,SINGLE_GROUP,False,none/single-group,False,20.0,20.0,0.0,True,False,False,False,True,False,0,False,,False,False
NCT02579889,2015.0,<=2015,NA,proc_device,2,1390.0,INDUSTRY,TERMINATED,RANDOMIZED,True,SINGLE,1.0,True,False,PARALLEL,True,active,True,,,,,False,True,False,False,True,0,False,,False,True
NCT05173779,2023.0,2021-2026,NA,proc_device,1,50.0,OTHER,UNKNOWN,NA,False,NONE,0.0,False,False,SINGLE_GROUP,True,none/single-group,False,,,,,False,True,False,False,False,0,False,,False,
NCT00457834,2003.0,<=2015,PHASE2,proc_device,0,40.0,OTHER,UNKNOWN,RANDOMIZED,True,TRIPLE,3.0,True,True,CROSSOVER,False,none/single-group,False,,,,,False,True,False,False,False,1,True,,False,
NCT07047235,2025.0,2021-2026,NA,proc_device,2,160.0,OTHER,RECRUITING,NON_RANDOMIZED,False,NONE,0.0,False,False,PARALLEL,True,active,True,,,,,False,False,False,False,False,0,False,NO,False,False
NCT00158977,2003.0,<=2015,PHASE3,proc_device,0,73.0,INDUSTRY,COMPLETED,NON_RANDOMIZED,False,NONE,0.0,False,False,SINGLE_GROUP,False,none/single-group,False,,,,,True,True,False,False,True,0,False,,False,
NCT00512915,2006.0,<=2015,PHASE4,proc_device,2,204.0,INDUSTRY,COMPLETED,RANDOMIZED,True,SINGLE,1.0,True,False,PARALLEL,True,active,True,,,,,True,False,False,False,False,1,True,,False,False
NCT03564925,2019.0,2016-2020,NA,proc_device,2,200.0,OTHER,UNKNOWN,RANDOMIZED,True,NONE,0.0,False,False,PARALLEL,True,active,True,,,,,False,True,False,False,True,0,False,NO,False,True
NCT03635034,2018.0,2016-2020,NA,proc_device,2,160.0,OTHER,COMPLETED,RANDOMIZED,True,NONE,0.0,False,False,PARALLEL,True,active,True,,,,,False,False,False,False,False,0,False,,False,False
NCT05021601,2022.0,2021-2026,NA,proc_device,2,320.0,OTHER_GOV,UNKNOWN,RANDOMIZED,True,DOUBLE,2.0,True,True,PARALLEL,True,active,True,,,,,False,True,False,False,False,1,True,NO,False,True
NCT01407588,2011.0,<=2015,NA,proc_device,2,51.0,OTHER,COMPLETED,RANDOMIZED,True,SINGLE,1.0,True,False,PARALLEL,True,none/single-group,False,,,,,False,True,False,False,False,0,False,NO,False,False
NCT04155879,2019.0,2016-2020,NA,both,2,300.0,OTHER_GOV,UNKNOWN,RANDOMIZED,True,DOUBLE,2.0,True,True,PARALLEL,True,active,True,,,,,False,True,False,False,False,0,False,NO,False,True
NCT06351553,2024.0,2021-2026,NA,proc_device,3,156.0,OTHER,UNKNOWN,RANDOMIZED,True,TRIPLE,3.0,True,True,PARALLEL,True,active,True,,,,,False,True,True,False,False,0,False,,False,True
NCT05007847,2022.0,2021-2026,NA,proc_device,2,27.0,OTHER,COMPLETED,RANDOMIZED,True,NONE,0.0,False,False,PARALLEL,False,active,True,,,,,False,False,False,False,False,0,False,NO,False,False
NCT03850327,2019.0,2016-2020,NA,proc_device,1,48.0,INDUSTRY,COMPLETED,NA,False,NONE,0.0,False,False,SINGLE_GROUP,True,none/single-group,False,,,,,False,False,False,False,False,0,False,,False,False
NCT02082366,2014.0,<=2015,NA,proc_device,2,30.0,OTHER_GOV,COMPLETED,NON_RANDOMIZED,False,NONE,0.0,False,False,PARALLEL,True,active,True,,,,,False,False,False,False,False,0,False,NO,False,False
NCT05144503,2021.0,2021-2026,NA,proc_device,1,100.0,INDUSTRY,RECRUITING,NA,False,NONE,0.0,False,False,SINGLE_GROUP,True,none/single-group,False,,,,,False,True,False,False,False,0,False,NO,False,True
NCT07260721,2025.0,2021-2026,NA,proc_device,1,100.0,OTHER,NOT_YET_RECRUITING,NON_RANDOMIZED,False,NONE,0.0,False,False,SINGLE_GROUP,True,none/single-group,False,,,,,False,False,False,False,False,0,False,NO,False,False
NCT06969378,2025.0,2021-2026,NA,proc_device,1,0.0,OTHER,WITHDRAWN,NA,False,NONE,0.0,False,False,SINGLE_GROUP,False,none/single-group,False,,,,,False,True,False,False,False,0,False,NO,False,True
NCT02317029,2013.0,<=2015,NA,proc_device,4,134.0,OTHER,TERMINATED,RANDOMIZED,True,NONE,0.0,False,False,FACTORIAL,True,active,True,,,,,False,True,True,False,False,2,True,,False,True
NCT00940056,2009.0,<=2015,NA,both,2,36.0,OTHER,COMPLETED,RANDOMIZED,True,NONE,0.0,False,False,PARALLEL,True,active,True,,,,,False,True,False,False,False,1,True,,False,True
NCT05113056,2021.0,2021-2026,NA,proc_device,1,24.0,INDUSTRY,COMPLETED,NA,False,NONE,0.0,False,False,SINGLE_GROUP,False,none/single-group,False,,,,,False,True,False,False,False,0,False,UNDECIDED,False,False
NCT06096337,2023.0,2021-2026,NA,both,2,484.0,INDUSTRY,ACTIVE_NOT_RECRUITING,RANDOMIZED,True,NONE,0.0,False,False,PARALLEL,True,active,True,,,,,False,True,False,False,False,1,True,NO,False,True
NCT06065124,2024.0,2021-2026,NA,proc_device,2,108.0,OTHER,RECRUITING,RANDOMIZED,True,NONE,0.0,False,False,PARALLEL,True,active,True,,,,,False,True,False,False,False,0,False,NO,False,True
NCT05565781,2022.0,2021-2026,NA,proc_device,3,100.0,OTHER,RECRUITING,RANDOMIZED,True,NONE,0.0,False,False,PARALLEL,True,active,True,,,,,False,False,True,False,False,0,False,NO,False,True
NCT00268320,2006.0,<=2015,NA,proc_device,0,270.0,INDUSTRY,COMPLETED,NON_RANDOMIZED,False,NONE,0.0,False,False,SINGLE_GROUP,True,none/single-group,False,,,,,False,True,False,False,False,0,False,,False,
NCT05125159,2021.0,2021-2026,NA,proc_device,2,150.0,OTHER,UNKNOWN,RANDOMIZED,True,SINGLE,1.0,True,False,PARALLEL,True,placebo/sham,True,,,,,False,True,False,False,False,1,True,NO,False,False
NCT02838199,2016.0,2016-2020,PHASE4,proc_device,2,0.0,OTHER,WITHDRAWN,RANDOMIZED,True,NONE,0.0,False,False,PARALLEL,False,active,True,,,,,True,True,False,False,False,0,False,UNDECIDED,False,True
NCT07316270,2026.0,2021-2026,NA,both,2,646.0,OTHER,RECRUITING,RANDOMIZED,True,SINGLE,1.0,True,False,PARALLEL,True,active,True,,,,,False,True,False,False,False,0,False,NO,False,True
NCT05940597,2023.0,2021-2026,NA,proc_device,2,350.0,OTHER,ACTIVE_NOT_RECRUITING,RANDOMIZED,True,NONE,0.0,False,False,PARALLEL,True,active,True,,,,,False,True,False,False,False,0,False,,False,True
NCT07332871,2026.0,2021-2026,NA,proc_device,2,120.0,OTHER,NOT_YET_RECRUITING,RANDOMIZED,True,SINGLE,1.0,True,False,PARALLEL,True,active,True,,,,,False,True,False,False,False,0,False,UNDECIDED,False,False
NCT01913522,2014.0,<=2015,NA,proc_device,3,348.0,OTHER,COMPLETED,RANDOMIZED,True,TRIPLE,3.0,True,True,PARALLEL,True,active,True,,,,,False,True,True,False,False,12,True,,False,False
NCT06648837,2025.0,2021-2026,NA,proc_device,1,2500.0,INDUSTRY,NOT_YET_RECRUITING,NON_RANDOMIZED,False,NONE,0.0,False,False,SINGLE_GROUP,True,none/single-group,False,,,,,False,False,False,False,False,0,False,NO,False,False
NCT04282850,2023.0,2021-2026,NA,proc_device,2,13.0,OTHER,TERMINATED,RANDOMIZED,True,SINGLE,1.0,True,False,PARALLEL,False,no-intervention,True,,,,,False,True,False,False,False,0,False,NO,False,False
NCT05939076,2023.0,2021-2026,PHASE3,both,2,220.0,OTHER,NOT_YET_RECRUITING,RANDOMIZED,True,QUADRUPLE,4.0,True,True,PARALLEL,True,active,True,,,,,True,True,False,False,True,0,False,NO,False,True
NCT02984371,2016.0,2016-2020,PHASE2,proc_device,2,264.0,NETWORK,UNKNOWN,RANDOMIZED,True,DOUBLE,2.0,True,True,PARALLEL,True,active,True,,,,,False,True,False,False,False,0,False,,False,
NCT06168942,2024.0,2021-2026,NA,proc_device,2,1500.0,INDUSTRY,SUSPENDED,RANDOMIZED,True,NONE,0.0,False,False,PARALLEL,True,active,True,,,,,False,True,False,False,False,0,False,NO,False,True
NCT05159492,2021.0,2021-2026,NA,proc_device,2,292.0,OTHER,COMPLETED,RANDOMIZED,True,SINGLE,1.0,True,False,PARALLEL,True,active,True,,,,,False,True,False,False,True,0,False,UNDECIDED,False,True
NCT00861133,2009.0,<=2015,NA,proc_device,0,100.0,INDUSTRY,UNKNOWN,NON_RANDOMIZED,False,NONE,0.0,False,False,SINGLE_GROUP,True,none/single-group,False,,,,,False,False,False,False,False,0,False,,False,True
NCT03350581,2017.0,2016-2020,NA,proc_device,2,100.0,OTHER,COMPLETED,RANDOMIZED,True,SINGLE,1.0,True,False,PARALLEL,True,active,True,,,,,False,True,False,False,False,0,False,,False,False
NCT01959997,2013.0,<=2015,PHASE2,proc_device,2,60.0,NETWORK,UNKNOWN,RANDOMIZED,True,DOUBLE,2.0,True,True,PARALLEL,True,active,True,,,,,False,True,False,False,False,0,False,,False,True
NCT01586910,2012.0,<=2015,NA,proc_device,2,1746.0,INDUSTRY,ACTIVE_NOT_RECRUITING,RANDOMIZED,True,NONE,0.0,False,False,PARALLEL,True,active,True,1746.0,1660.0,0.049255441008018375,True,False,True,False,True,False,17,True,,False,True
NCT02814851,2016.0,2016-2020,NA,proc_device,1,20.0,OTHER,COMPLETED,NA,False,NONE,0.0,False,False,SINGLE_GROUP,False,none/single-group,False,,,,,False,False,False,False,False,0,False,,False,False
NCT06188351,2023.0,2021-2026,NA,proc_device,2,136.0,OTHER,UNKNOWN,RANDOMIZED,True,NONE,0.0,False,False,PARALLEL,True,active,True,,,,,False,False,False,False,False,0,False,NO,False,True
NCT00415558,2007.0,<=2015,NA,proc_device,0,,INDUSTRY,TERMINATED,NON_RANDOMIZED,False,NONE,0.0,False,False,SINGLE_GROUP,,none/single-group,False,,,,,False,True,False,False,False,0,False,,False,
NCT05023590,2017.0,2016-2020,NA,proc_device,2,50.0,OTHER,UNKNOWN,RANDOMIZED,True,NONE,0.0,False,False,PARALLEL,True,active,True,,,,,False,True,False,False,False,0,False,,False,False
NCT04715425,2019.0,2016-2020,NA,proc_device,2,170.0,OTHER,RECRUITING,RANDOMIZED,True,NONE,0.0,False,False,PARALLEL,True,active,True,,,,,False,True,False,False,False,0,False,NO,False,True
NCT01740102,2012.0,<=2015,NA,proc_device,2,92.0,OTHER,COMPLETED,RANDOMIZED,True,QUADRUPLE,4.0,True,True,PARALLEL,True,no-intervention,True,,,,,False,False,False,False,True,0,False,,False,False
NCT02006524,2013.0,<=2015,NA,proc_device,1,3269.0,OTHER,COMPLETED,NA,False,NONE,0.0,False,False,SINGLE_GROUP,True,active,True,,,,,False,False,False,False,False,1,True,,False,True
NCT02875730,2016.0,2016-2020,PHASE4,proc_device,1,10.0,OTHER,COMPLETED,NA,False,NONE,0.0,False,False,SINGLE_GROUP,False,none/single-group,False,,,,,True,False,False,False,False,0,False,NO,False,True
NCT02471131,2015.0,<=2015,NA,proc_device,1,10.0,OTHER,COMPLETED,NA,False,NONE,0.0,False,False,SINGLE_GROUP,False,none/single-group,False,,,,,False,True,False,False,False,1,True,,False,False
NCT06322836,2024.0,2021-2026,NA,proc_device,1,26.0,OTHER,COMPLETED,NA,False,NONE,0.0,False,False,SINGLE_GROUP,False,none/single-group,False,,,,,False,True,False,False,False,1,True,,False,False
NCT07321002,2025.0,2021-2026,NA,proc_device,1,35.0,OTHER,NOT_YET_RECRUITING,NA,False,NONE,0.0,False,False,SINGLE_GROUP,True,none/single-group,False,,,,,False,True,False,False,False,0,False,YES,True,False
NCT02355730,2014.0,<=2015,NA,proc_device,1,1560.0,INDUSTRY,UNKNOWN,NA,False,SINGLE,1.0,True,False,SINGLE_GROUP,True,none/single-group,False,,,,,False,False,False,False,False,0,False,,False,False
NCT06516822,2024.0,2021-2026,NA,proc_device,2,320.0,OTHER,RECRUITING,RANDOMIZED,True,SINGLE,1.0,True,False,PARALLEL,True,active,True,,,,,False,True,False,False,False,0,False,NO,False,True
NCT04239534,2021.0,2021-2026,NA,proc_device,1,0.0,INDUSTRY,WITHDRAWN,NA,False,NONE,0.0,False,False,SINGLE_GROUP,False,none/single-group,False,,,,,False,True,False,False,False,0,False,NO,False,True
NCT01845974,2013.0,<=2015,NA,proc_device,2,13.0,OTHER,TERMINATED,RANDOMIZED,True,SINGLE,1.0,True,False,PARALLEL,False,active,True,13.0,12.0,0.07692307692307687,True,False,False,False,True,False,0,False,NO,False,True
NCT02120560,2014.0,<=2015,PHASE4,proc_device,2,0.0,OTHER,WITHDRAWN,RANDOMIZED,True,NONE,0.0,False,False,PARALLEL,False,active,True,,,,,True,True,False,False,False,0,False,,False,True
NCT06505798,2024.0,2021-2026,NA,proc_device,2,1200.0,OTHER,RECRUITING,RANDOMIZED,True,NONE,0.0,False,False,PARALLEL,True,no-intervention,True,,,,,False,False,False,False,False,0,False,,False,True
NCT06315192,2024.0,2021-2026,NA,proc_device,1,500.0,OTHER,RECRUITING,NA,False,NONE,0.0,False,False,SINGLE_GROUP,True,none/single-group,False,,,,,False,False,False,False,False,0,False,UNDECIDED,False,False
NCT00652522,2008.0,<=2015,NA,proc_device,2,202.0,INDUSTRY,COMPLETED,RANDOMIZED,True,NONE,0.0,False,False,PARALLEL,True,active,True,,,,,False,True,False,False,False,1,True,,False,True
NCT03714178,2018.0,2016-2020,NA,proc_device,1,71.0,INDUSTRY,COMPLETED,NA,False,NONE,0.0,False,False,SINGLE_GROUP,True,none/single-group,False,71.0,71.0,0.0,True,False,True,False,True,False,1,True,UNDECIDED,False,True
NCT03040661,2017.0,2016-2020,NA,proc_device,2,70.0,OTHER,COMPLETED,RANDOMIZED,True,NONE,0.0,False,False,PARALLEL,True,active,True,70.0,70.0,0.0,True,False,False,False,True,False,0,False,,False,
NCT05794386,2023.0,2021-2026,NA,proc_device,2,204.0,OTHER,RECRUITING,RANDOMIZED,True,NONE,0.0,False,False,PARALLEL,True,no-intervention,True,,,,,False,True,False,False,False,0,False,NO,False,True
NCT02808897,2015.0,<=2015,NA,proc_device,2,520.0,OTHER,COMPLETED,RANDOMIZED,True,SINGLE,1.0,True,False,PARALLEL,True,active,True,490.0,470.0,0.04081632653061229,True,False,False,False,True,False,1,True,NO,False,True
NCT05833373,2023.0,2021-2026,NA,proc_device,2,120.0,OTHER,UNKNOWN,RANDOMIZED,True,TRIPLE,3.0,True,True,PARALLEL,True,placebo/sham,True,,,,,False,True,False,False,False,0,False,NO,False,False
NCT00259623,2005.0,<=2015,NA,proc_device,0,13.0,OTHER,COMPLETED,RANDOMIZED,True,DOUBLE,2.0,True,True,PARALLEL,False,none/single-group,False,,,,,False,True,False,False,True,0,False,,False,False
NCT03835338,2021.0,2021-2026,NA,proc_device,2,0.0,INDUSTRY,WITHDRAWN,RANDOMIZED,True,NONE,0.0,False,False,PARALLEL,False,active,True,,,,,False,True,False,False,False,0,False,,False,True
NCT02451254,2015.0,<=2015,NA,proc_device,2,60.0,OTHER_GOV,COMPLETED,NON_RANDOMIZED,False,NONE,0.0,False,False,SINGLE_GROUP,True,active,True,,,,,False,True,False,False,False,0,False,NO,False,False
NCT03716934,2018.0,2016-2020,PHASE4,both,2,196.0,OTHER,COMPLETED,RANDOMIZED,True,SINGLE,1.0,True,False,PARALLEL,True,active,True,,,,,True,True,False,False,False,0,False,NO,False,True
NCT03246568,2018.0,2016-2020,NA,proc_device,2,3.0,OTHER,TERMINATED,RANDOMIZED,True,NONE,0.0,False,False,PARALLEL,False,active,True,,,,,False,True,False,False,False,0,False,NO,False,False
NCT06842147,2025.0,2021-2026,NA,proc_device,2,15360.0,OTHER,RECRUITING,RANDOMIZED,True,NONE,0.0,False,False,PARALLEL,True,active,True,,,,,False,False,False,False,False,0,False,UNDECIDED,False,True
NCT03127423,2016.0,2016-2020,NA,proc_device,2,100.0,OTHER_GOV,COMPLETED,RANDOMIZED,True,SINGLE,1.0,True,False,PARALLEL,True,active,True,,,,,False,True,False,False,False,0,False,NO,False,
NCT06164808,2024.0,2021-2026,NA,proc_device,1,300.0,INDUSTRY,RECRUITING,NA,False,NONE,0.0,False,False,SINGLE_GROUP,True,none/single-group,False,,,,,False,False,False,False,False,0,False,NO,False,
NCT06014996,2023.0,2021-2026,NA,proc_device,2,292.0,INDUSTRY,COMPLETED,RANDOMIZED,True,NONE,0.0,False,False,PARALLEL,True,active,True,,,,,False,True,False,False,False,2,True,NO,False,False
NCT04206917,2020.0,2016-2020,NA,proc_device,1,30.0,INDUSTRY,TERMINATED,NA,False,NONE,0.0,False,False,SINGLE_GROUP,True,none/single-group,False,,,,,False,False,False,False,False,0,False,NO,False,False
NCT06698159,2024.0,2021-2026,NA,proc_device,2,440.0,OTHER,RECRUITING,RANDOMIZED,True,DOUBLE,2.0,True,True,PARALLEL,True,active,True,,,,,False,True,False,False,False,1,True,,False,True
NCT03932604,2019.0,2016-2020,NA,proc_device,2,640.0,OTHER,UNKNOWN,RANDOMIZED,True,NONE,0.0,False,False,PARALLEL,True,active,True,,,,,False,False,False,False,False,1,True,NO,False,
NCT04148664,2019.0,2016-2020,NA,proc_device,2,60.0,OTHER,COMPLETED,RANDOMIZED,True,SINGLE,1.0,True,False,PARALLEL,True,active,True,,,,,False,True,False,False,False,0,False,NO,False,True
NCT05534581,2022.0,2021-2026,PHASE4,proc_device,2,210.0,OTHER,ACTIVE_NOT_RECRUITING,RANDOMIZED,True,NONE,0.0,False,False,PARALLEL,True,active,True,,,,,True,True,False,False,False,1,True,YES,True,True
NCT06383975,2024.0,2021-2026,NA,proc_device,2,100.0,OTHER,RECRUITING,RANDOMIZED,True,SINGLE,1.0,True,False,PARALLEL,True,active,True,,,,,False,True,False,False,False,0,False,NO,False,False
NCT06351761,2024.0,2021-2026,NA,proc_device,3,373.0,INDUSTRY,COMPLETED,NON_RANDOMIZED,False,NONE,0.0,False,False,PARALLEL,True,none/single-group,False,,,,,False,False,True,False,False,0,False,NO,False,False
NCT01558128,2012.0,<=2015,NA,both,1,1.0,OTHER,TERMINATED,NA,False,NONE,0.0,False,False,SINGLE_GROUP,False,none/single-group,False,1.0,1.0,0.0,True,False,True,False,True,False,0,False,NO,False,False
NCT02506244,2015.0,<=2015,NA,proc_device,2,6135.0,OTHER,COMPLETED,RANDOMIZED,True,NONE,0.0,False,False,PARALLEL,True,active,True,6135.0,5218.0,0.1494702526487367,True,False,False,False,True,False,4,True,NO,False,True
NCT05396534,2022.0,2021-2026,NA,proc_device,2,156.0,OTHER,UNKNOWN,RANDOMIZED,True,DOUBLE,2.0,True,True,PARALLEL,True,active,True,,,,,False,True,False,False,True,2,True,UNDECIDED,False,False
NCT00745602,2007.0,<=2015,NA,proc_device,1,0.0,OTHER,WITHDRAWN,NA,False,NONE,0.0,False,False,SINGLE_GROUP,False,none/single-group,False,,,,,False,False,False,False,False,0,False,,False,False
NCT06322017,2024.0,2021-2026,NA,both,2,294.0,OTHER,RECRUITING,RANDOMIZED,True,NONE,0.0,False,False,PARALLEL,True,active,True,,,,,False,True,False,False,False,0,False,NO,False,False
NCT06199180,2024.0,2021-2026,NA,proc_device,2,154.0,OTHER,RECRUITING,RANDOMIZED,True,SINGLE,1.0,True,False,PARALLEL,True,active,True,,,,,False,True,False,False,False,0,False,NO,False,False
NCT05563142,2022.0,2021-2026,NA,proc_device,2,125.0,OTHER,COMPLETED,RANDOMIZED,True,NONE,0.0,False,False,PARALLEL,True,active,True,,,,,False,True,False,False,False,0,False,UNDECIDED,False,False
NCT05652517,2022.0,2021-2026,NA,proc_device,2,100.0,OTHER,UNKNOWN,RANDOMIZED,True,SINGLE,1.0,True,False,PARALLEL,True,active,True,,,,,False,True,False,False,False,0,False,,False,False
NCT01461434,2011.0,<=2015,PHASE4,proc_device,2,82.0,OTHER,UNKNOWN,RANDOMIZED,True,NONE,0.0,False,False,PARALLEL,False,no-intervention,True,,,,,True,False,False,False,False,0,False,,False,False
NCT05557123,2022.0,2021-2026,NA,proc_device,2,637.0,OTHER,COMPLETED,RANDOMIZED,True,NONE,0.0,False,False,PARALLEL,True,no-intervention,True,,,,,False,True,False,False,False,1,True,,False,False
NCT00746564,2008.0,<=2015,NA,proc_device,1,75.0,INDUSTRY,COMPLETED,NA,False,NONE,0.0,False,False,SINGLE_GROUP,True,none/single-group,False,75.0,73.0,0.026666666666666616,True,False,False,False,True,False,0,False,,False,False
NCT04229160,2020.0,2016-2020,NA,proc_device,1,50.0,OTHER,ACTIVE_NOT_RECRUITING,NA,False,NONE,0.0,False,False,SINGLE_GROUP,True,none/single-group,False,,,,,False,False,False,False,False,0,False,NO,False,False
NCT03343860,2017.0,2016-2020,NA,proc_device,2,60.0,OTHER,COMPLETED,RANDOMIZED,True,SINGLE,1.0,True,False,PARALLEL,True,active,True,,,,,False,True,False,False,False,0,False,UNDECIDED,False,False
NCT02830152,2017.0,2016-2020,NA,both,2,750.0,OTHER,ACTIVE_NOT_RECRUITING,RANDOMIZED,True,SINGLE,1.0,True,False,PARALLEL,True,active,True,,,,,False,False,False,False,False,0,False,YES,True,True
NCT03268707,2017.0,2016-2020,NA,proc_device,2,100.0,OTHER,UNKNOWN,RANDOMIZED,True,NONE,0.0,False,False,SEQUENTIAL,True,none/single-group,False,,,,,False,False,False,False,False,0,False,,False,False
NCT02064114,2014.0,<=2015,NA,proc_device,2,142.0,OTHER,COMPLETED,RANDOMIZED,True,NONE,0.0,False,False,PARALLEL,True,active,True,,,,,False,True,False,False,False,1,True,NO,False,False
NCT05922917,2023.0,2021-2026,NA,proc_device,2,300.0,OTHER,ACTIVE_NOT_RECRUITING,RANDOMIZED,True,DOUBLE,2.0,True,True,PARALLEL,True,active,True,,,,,False,True,False,False,False,0,False,NO,False,True
NCT01538277,2012.0,<=2015,PHASE2,proc_device,2,50.0,OTHER,COMPLETED,RANDOMIZED,True,TRIPLE,3.0,True,True,PARALLEL,True,active,True,,,,,False,True,False,False,False,0,False,,False,False
NCT00281073,2005.0,<=2015,PHASE1;PHASE2,proc_device,2,95.0,INDUSTRY,COMPLETED,NON_RANDOMIZED,False,NONE,0.0,False,False,PARALLEL,True,active,True,,,,,False,True,False,False,False,1,True,,False,True
NCT01095770,2010.0,<=2015,NA,proc_device,4,50.0,OTHER,UNKNOWN,RANDOMIZED,True,SINGLE,1.0,True,False,PARALLEL,True,active,True,,,,,False,True,True,False,False,1,True,,False,False
NCT02656537,2015.0,<=2015,NA,proc_device,1,82.0,INDUSTRY,COMPLETED,NA,False,NONE,0.0,False,False,SINGLE_GROUP,True,none/single-group,False,,,,,False,False,False,False,False,0,False,,False,False
NCT01196923,2010.0,<=2015,PHASE4,proc_device,1,20.0,INDUSTRY,COMPLETED,NA,False,NONE,0.0,False,False,SINGLE_GROUP,False,none/single-group,False,20.0,20.0,0.0,True,True,True,False,True,False,0,False,,False,
NCT04512586,2020.0,2016-2020,NA,proc_device,2,45.0,OTHER,TERMINATED,RANDOMIZED,True,NONE,0.0,False,False,PARALLEL,True,active,True,,,,,False,True,False,False,False,0,False,NO,False,False
NCT03539354,2018.0,2016-2020,NA,both,2,60.0,NETWORK,UNKNOWN,RANDOMIZED,True,SINGLE,1.0,True,False,PARALLEL,True,active,True,,,,,False,True,False,False,False,1,True,,False,True
NCT05081310,2021.0,2021-2026,NA,proc_device,2,100.0,OTHER,UNKNOWN,RANDOMIZED,True,NONE,0.0,False,False,PARALLEL,True,active,True,,,,,False,True,False,False,False,0,False,NO,False,False
NCT02107027,2013.0,<=2015,NA,proc_device,2,58.0,OTHER,UNKNOWN,RANDOMIZED,True,NONE,0.0,False,False,PARALLEL,True,active,True,,,,,False,True,False,False,False,0,False,,False,True
NCT05065112,2021.0,2021-2026,NA,proc_device,2,212.0,OTHER,UNKNOWN,RANDOMIZED,True,NONE,0.0,False,False,PARALLEL,True,active,True,,,,,False,True,False,False,False,0,False,NO,False,False
NCT01209260,2010.0,<=2015,NA,proc_device,2,72.0,OTHER,COMPLETED,RANDOMIZED,True,SINGLE,1.0,True,False,PARALLEL,True,active,True,72.0,72.0,0.0,True,False,True,False,True,False,1,True,,False,False
NCT00184249,2005.0,<=2015,NA,proc_device,1,0.0,OTHER,WITHDRAWN,NON_RANDOMIZED,False,NONE,0.0,False,False,SINGLE_GROUP,False,none/single-group,False,,,,,False,True,False,False,False,0,False,,False,False
NCT02329496,2014.0,<=2015,NA,proc_device,1,38.0,INDUSTRY,COMPLETED,NA,False,NONE,0.0,False,False,SINGLE_GROUP,True,none/single-group,False,,,,,False,True,False,False,False,0,False,NO,False,False
NCT00820625,2008.0,<=2015,NA,proc_device,2,124.0,INDUSTRY,COMPLETED,RANDOMIZED,True,SINGLE,1.0,True,False,PARALLEL,True,active,True,,,,,False,True,False,False,False,1,True,UNDECIDED,False,False
NCT05467163,2023.0,2021-2026,NA,proc_device,2,82.0,OTHER,ACTIVE_NOT_RECRUITING,RANDOMIZED,True,NONE,0.0,False,False,PARALLEL,True,active,True,,,,,False,True,False,False,False,0,False,NO,False,True
NCT00032591,2003.0,<=2015,PHASE4,proc_device,2,2922.0,FED,COMPLETED,RANDOMIZED,True,NONE,0.0,False,False,PARALLEL,True,active,True,3745.0,2922.0,0.21975967957276366,False,True,True,False,True,True,2,True,,False,True
NCT06106594,2023.0,2021-2026,NA,proc_device,1,300.0,INDUSTRY,ACTIVE_NOT_RECRUITING,NA,False,NONE,0.0,False,False,SEQUENTIAL,True,none/single-group,False,,,,,False,True,False,False,True,0,False,NO,False,True
NCT04462653,2020.0,2016-2020,NA,proc_device,1,114.0,INDUSTRY,UNKNOWN,NA,False,NONE,0.0,False,False,SINGLE_GROUP,True,none/single-group,False,,,,,False,False,False,False,False,0,False,,False,
NCT02364401,2015.0,<=2015,NA,proc_device,2,50.0,OTHER,COMPLETED,RANDOMIZED,True,SINGLE,1.0,True,False,PARALLEL,True,active,True,,,,,False,True,False,False,False,0,False,,False,True
NCT05896592,2024.0,2021-2026,NA,proc_device,3,99.0,OTHER,RECRUITING,RANDOMIZED,True,QUADRUPLE,4.0,True,True,PARALLEL,True,active,True,,,,,False,True,True,False,True,0,False,UNDECIDED,False,False
NCT04025710,2019.0,2016-2020,NA,proc_device,1,167.0,INDUSTRY,COMPLETED,NA,False,NONE,0.0,False,False,SINGLE_GROUP,True,none/single-group,False,167.0,116.0,0.3053892215568862,False,False,False,False,True,False,0,False,,False,False
NCT01291953,2011.0,<=2015,NA,proc_device,2,6990.0,OTHER_GOV,COMPLETED,RANDOMIZED,True,NONE,0.0,False,False,PARALLEL,True,active,True,,,,,False,False,False,False,False,2,True,,False,False
NCT03920917,2019.0,2016-2020,NA,proc_device,2,330.0,OTHER,UNKNOWN,RANDOMIZED,True,NONE,0.0,False,False,PARALLEL,True,active,True,,,,,False,True,False,False,False,1,True,,False,True
NCT06696170,2024.0,2021-2026,NA,proc_device,1,60.0,INDUSTRY,RECRUITING,NA,False,NONE,0.0,False,False,SINGLE_GROUP,True,none/single-group,False,,,,,False,True,False,False,False,1,True,NO,False,False
NCT01265303,2011.0,<=2015,NA,proc_device,3,360.0,OTHER,UNKNOWN,NON_RANDOMIZED,False,NONE,0.0,False,False,SINGLE_GROUP,True,none/single-group,False,,,,,False,False,True,False,False,0,False,,False,False
NCT06101485,2023.0,2021-2026,NA,proc_device,2,208.0,OTHER,UNKNOWN,RANDOMIZED,True,NONE,0.0,False,False,PARALLEL,True,no-intervention,True,,,,,False,True,False,False,False,1,True,NO,False,False
NCT06263608,2024.0,2021-2026,NA,proc_device,1,209.0,OTHER,RECRUITING,NA,False,NONE,0.0,False,False,SINGLE_GROUP,True,none/single-group,False,,,,,False,True,False,False,False,0,False,,False,
NCT00886080,2002.0,<=2015,NA,proc_device,1,150.0,OTHER,COMPLETED,RANDOMIZED,True,TRIPLE,3.0,True,True,PARALLEL,True,none/single-group,False,,,,,False,True,False,False,False,1,True,,False,False
NCT00851578,2009.0,<=2015,NA,proc_device,1,150.0,INDUSTRY,COMPLETED,NA,False,NONE,0.0,False,False,SINGLE_GROUP,True,none/single-group,False,,,,,False,False,False,False,False,1,True,,False,True
NCT06952023,2025.0,2021-2026,NA,proc_device,2,390.0,OTHER,NOT_YET_RECRUITING,RANDOMIZED,True,TRIPLE,3.0,True,True,PARALLEL,True,active,True,,,,,False,True,False,False,False,0,False,UNDECIDED,False,False
NCT05136131,2023.0,2021-2026,NA,proc_device,2,100.0,OTHER,RECRUITING,RANDOMIZED,True,TRIPLE,3.0,True,True,PARALLEL,True,placebo/sham,True,,,,,False,True,False,False,False,0,False,NO,False,True
NCT04170621,2019.0,2016-2020,NA,proc_device,1,28.0,INDUSTRY,COMPLETED,NA,False,NONE,0.0,False,False,SINGLE_GROUP,False,none/single-group,False,28.0,28.0,0.0,True,False,True,False,True,False,1,True,NO,False,True
NCT00680290,2007.0,<=2015,NA,proc_device,1,20.0,OTHER,TERMINATED,NA,False,NONE,0.0,False,False,SINGLE_GROUP,False,none/single-group,False,,,,,False,True,False,False,False,0,False,,False,False
NCT01391091,2010.0,<=2015,PHASE3,proc_device,2,173.0,OTHER,COMPLETED,NON_RANDOMIZED,False,NONE,0.0,False,False,PARALLEL,True,active,True,,,,,True,True,False,False,False,0,False,,False,False
NCT05316753,2022.0,2021-2026,NA,proc_device,2,94.0,OTHER,UNKNOWN,RANDOMIZED,True,NONE,0.0,False,False,PARALLEL,True,active,True,,,,,False,True,False,False,False,0,False,NO,False,False
NCT03261973,2017.0,2016-2020,NA,proc_device,1,47.0,OTHER,COMPLETED,NA,False,NONE,0.0,False,False,SINGLE_GROUP,True,none/single-group,False,47.0,43.0,0.08510638297872342,True,False,False,False,True,False,0,False,,False,
NCT01371279,2011.0,<=2015,PHASE4,proc_device,0,100.0,OTHER,UNKNOWN,NON_RANDOMIZED,False,SINGLE,1.0,True,False,SINGLE_GROUP,True,none/single-group,False,,,,,True,False,False,False,False,1,True,,False,False
NCT03168659,2017.0,2016-2020,NA,proc_device,1,250.0,INDUSTRY,RECRUITING,NA,False,NONE,0.0,False,False,SINGLE_GROUP,True,none/single-group,False,,,,,False,True,False,False,False,0,False,NO,False,False
NCT03624881,2018.0,2016-2020,PHASE4,proc_device,1,333.0,INDUSTRY,COMPLETED,NA,False,NONE,0.0,False,False,SINGLE_GROUP,True,none/single-group,False,333.0,281.0,0.1561561561561562,True,True,True,False,True,False,1,True,,False,False
NCT03033641,2016.0,2016-2020,NA,proc_device,1,25.0,INDUSTRY,COMPLETED,NA,False,NONE,0.0,False,False,SINGLE_GROUP,False,none/single-group,False,,,,,False,True,False,False,False,0,False,NO,False,False
NCT03392649,2018.0,2016-2020,NA,proc_device,2,81.0,OTHER,COMPLETED,RANDOMIZED,True,SINGLE,1.0,True,False,PARALLEL,True,no-intervention,True,81.0,81.0,0.0,True,False,False,False,True,False,0,False,NO,False,
NCT00196183,2004.0,<=2015,PHASE4,proc_device,2,98.0,OTHER,COMPLETED,RANDOMIZED,True,NONE,0.0,False,False,PARALLEL,False,none/single-group,False,,,,,True,True,False,False,False,0,False,,False,True
NCT07349121,2026.0,2021-2026,NA,proc_device,1,500.0,INDUSTRY,RECRUITING,NA,False,NONE,0.0,False,False,SINGLE_GROUP,True,none/single-group,False,,,,,False,False,False,False,False,0,False,NO,False,False
NCT01570361,2012.0,<=2015,PHASE4,both,2,255.0,INDUSTRY,TERMINATED,RANDOMIZED,True,NONE,0.0,False,False,PARALLEL,True,active,True,255.0,98.0,0.615686274509804,False,True,True,False,True,False,0,False,,False,True
NCT06465706,2024.0,2021-2026,NA,proc_device,2,1826.0,OTHER,NOT_YET_RECRUITING,RANDOMIZED,True,SINGLE,1.0,True,False,PARALLEL,True,active,True,,,,,False,True,False,False,False,0,False,NO,False,True
NCT07684053,2026.0,2021-2026,NA,proc_device,2,100060.0,OTHER,RECRUITING,RANDOMIZED,True,SINGLE,1.0,True,False,PARALLEL,True,no-intervention,True,,,,,False,False,False,False,False,0,False,UNDECIDED,False,True
NCT04726943,2021.0,2021-2026,NA,proc_device,1,100.0,OTHER,UNKNOWN,NA,False,NONE,0.0,False,False,SINGLE_GROUP,True,none/single-group,False,,,,,False,True,False,False,False,1,True,UNDECIDED,False,False
NCT05427435,2022.0,2021-2026,NA,proc_device,1,40.0,OTHER,RECRUITING,NA,False,NONE,0.0,False,False,SINGLE_GROUP,True,none/single-group,False,,,,,False,False,False,False,False,0,False,,False,True
NCT01037296,2008.0,<=2015,PHASE4,proc_device,2,166.0,OTHER,TERMINATED,RANDOMIZED,True,NONE,0.0,False,False,PARALLEL,True,none/single-group,False,,,,,True,True,False,False,True,1,True,,False,False
NCT07068646,2025.0,2021-2026,NA,proc_device,2,298.0,OTHER,NOT_YET_RECRUITING,RANDOMIZED,True,NONE,0.0,False,False,PARALLEL,True,active,True,,,,,False,True,False,False,False,0,False,UNDECIDED,False,True
NCT06657170,2024.0,2021-2026,NA,proc_device,2,212.0,OTHER,NOT_YET_RECRUITING,RANDOMIZED,True,NONE,0.0,False,False,PARALLEL,True,active,True,,,,,False,True,False,False,True,0,False,,False,True
NCT01661205,2012.0,<=2015,NA,proc_device,1,30.0,INDUSTRY,COMPLETED,NA,False,NONE,0.0,False,False,SINGLE_GROUP,True,none/single-group,False,26.0,24.0,0.07692307692307687,True,False,True,False,True,False,0,False,,False,True
NCT03122028,2013.0,<=2015,NA,proc_device,1,61.0,INDUSTRY,COMPLETED,NA,False,NONE,0.0,False,False,SINGLE_GROUP,True,none/single-group,False,,,,,False,True,False,False,False,0,False,,False,
NCT01456949,2012.0,<=2015,NA,proc_device,1,402.0,INDUSTRY,COMPLETED,NA,False,NONE,0.0,False,False,SINGLE_GROUP,True,none/single-group,False,402.0,365.0,0.09203980099502485,True,False,True,False,True,False,1,True,,False,True
NCT02562391,2011.0,<=2015,PHASE2,proc_device,2,180.0,NETWORK,UNKNOWN,RANDOMIZED,True,DOUBLE,2.0,True,True,PARALLEL,True,active,True,,,,,False,True,False,False,False,1,True,,False,True
NCT06539819,2024.0,2021-2026,NA,proc_device,2,360.0,OTHER,NOT_YET_RECRUITING,RANDOMIZED,True,SINGLE,1.0,True,False,PARALLEL,True,active,True,,,,,False,True,False,False,False,0,False,,False,
NCT00872079,2008.0,<=2015,NA,proc_device,1,175.0,FED,TERMINATED,NA,False,NONE,0.0,False,False,SINGLE_GROUP,True,active,True,175.0,175.0,0.0,True,False,False,False,True,False,0,False,,False,False
NCT02522364,2015.0,<=2015,NA,proc_device,2,150.0,OTHER_GOV,UNKNOWN,RANDOMIZED,True,NONE,0.0,False,False,PARALLEL,True,active,True,,,,,False,False,False,False,True,0,False,,False,True
NCT01058551,2011.0,<=2015,NA,proc_device,1,31.0,OTHER,COMPLETED,NA,False,NONE,0.0,False,False,SINGLE_GROUP,True,none/single-group,False,,,,,False,False,False,False,False,1,True,,False,False
NCT05963698,2023.0,2021-2026,NA,proc_device,2,4000.0,OTHER,RECRUITING,RANDOMIZED,True,SINGLE,1.0,True,False,PARALLEL,True,no-intervention,True,,,,,False,True,False,False,False,1,True,NO,False,True
NCT04704986,2021.0,2021-2026,PHASE4,both,2,201.0,OTHER,ACTIVE_NOT_RECRUITING,RANDOMIZED,True,NONE,0.0,False,False,PARALLEL,True,active,True,,,,,True,True,False,False,False,2,True,YES,True,False
NCT04379557,2018.0,2016-2020,NA,proc_device,2,70.0,OTHER,UNKNOWN,NON_RANDOMIZED,False,QUADRUPLE,4.0,True,True,PARALLEL,True,active,True,,,,,False,True,False,False,False,1,True,UNDECIDED,False,True
NCT06212674,2025.0,2021-2026,PHASE4,both,3,240.0,OTHER,RECRUITING,RANDOMIZED,True,NONE,0.0,False,False,PARALLEL,True,active,True,,,,,True,False,True,False,False,0,False,NO,False,True
NCT01693120,2013.0,<=2015,NA,proc_device,1,199.0,INDUSTRY,TERMINATED,NA,False,NONE,0.0,False,False,SINGLE_GROUP,True,none/single-group,False,199.0,129.0,0.3517587939698492,False,False,True,False,True,False,0,False,NO,False,True
NCT00744835,2006.0,<=2015,PHASE1,proc_device,1,53.0,INDUSTRY,COMPLETED,NON_RANDOMIZED,False,NONE,0.0,False,False,SINGLE_GROUP,True,none/single-group,False,,,,,False,True,False,False,False,0,False,,False,True
NCT07675395,2026.0,2021-2026,NA,proc_device,1,30.0,OTHER_GOV,NOT_YET_RECRUITING,NA,False,NONE,0.0,False,False,SINGLE_GROUP,True,none/single-group,False,,,,,False,True,False,False,False,0,False,NO,False,False
NCT06694610,2024.0,2021-2026,NA,proc_device,2,120.0,OTHER,NOT_YET_RECRUITING,NA,False,SINGLE,1.0,True,False,PARALLEL,True,active,True,,,,,False,True,False,False,False,0,False,UNDECIDED,False,False
NCT02879448,2016.0,2016-2020,NA,proc_device,2,1878.0,INDUSTRY,COMPLETED,RANDOMIZED,True,NONE,0.0,False,False,PARALLEL,True,active,True,1878.0,1172.0,0.37593184238551647,False,False,False,False,True,False,9,True,NO,False,True
NCT05434819,2023.0,2021-2026,NA,proc_device,2,2000.0,OTHER,RECRUITING,RANDOMIZED,True,QUADRUPLE,4.0,True,True,PARALLEL,True,no-intervention,True,,,,,False,False,False,False,False,0,False,,False,True
NCT07414121,2025.0,2021-2026,NA,proc_device,2,100.0,INDUSTRY,RECRUITING,RANDOMIZED,True,SINGLE,1.0,True,False,PARALLEL,True,no-intervention,True,,,,,False,True,False,False,False,0,False,UNDECIDED,False,False
NCT01411371,2005.0,<=2015,NA,both,2,60.0,OTHER,UNKNOWN,RANDOMIZED,True,NONE,0.0,False,False,PARALLEL,True,active,True,,,,,False,True,False,False,False,1,True,,False,False
NCT02150902,2015.0,<=2015,NA,proc_device,2,411.0,OTHER,ACTIVE_NOT_RECRUITING,RANDOMIZED,True,SINGLE,1.0,True,False,PARALLEL,True,active,True,,,,,False,True,False,False,False,2,True,,False,True
NCT02414815,2015.0,<=2015,NA,proc_device,1,50.0,OTHER,COMPLETED,NA,False,NONE,0.0,False,False,SINGLE_GROUP,True,none/single-group,False,,,,,False,False,False,False,False,0,False,,False,True
NCT00894400,2009.0,<=2015,NA,proc_device,2,20.0,OTHER,COMPLETED,RANDOMIZED,True,NONE,0.0,False,False,PARALLEL,False,active,True,,,,,False,True,False,False,False,1,True,,False,False
NCT06172738,2024.0,2021-2026,NA,proc_device,2,100.0,OTHER,NOT_YET_RECRUITING,RANDOMIZED,True,DOUBLE,2.0,True,True,PARALLEL,True,no-intervention,True,,,,,False,True,False,False,False,0,False,UNDECIDED,False,False
NCT04539158,2020.0,2016-2020,NA,proc_device,2,200.0,OTHER,UNKNOWN,RANDOMIZED,True,SINGLE,1.0,True,False,CROSSOVER,True,active,True,,,,,False,True,False,False,False,1,True,NO,False,False
NCT00971204,2009.0,<=2015,PHASE2,proc_device,1,100.0,INDUSTRY,COMPLETED,NA,False,NONE,0.0,False,False,SINGLE_GROUP,True,none/single-group,False,100.0,76.0,0.24,False,False,True,False,True,False,0,False,,False,True
NCT01660100,2012.0,<=2015,NA,proc_device,2,400.0,OTHER,COMPLETED,RANDOMIZED,True,NONE,0.0,False,False,PARALLEL,True,active,True,,,,,False,True,False,False,False,1,True,,False,False
NCT00431834,2007.0,<=2015,PHASE3,proc_device,0,75.0,INDUSTRY,COMPLETED,NON_RANDOMIZED,False,NONE,0.0,False,False,SINGLE_GROUP,False,none/single-group,False,75.0,62.0,0.17333333333333334,True,True,True,False,True,False,1,True,,False,True
NCT03786822,2015.0,<=2015,NA,proc_device,2,1.0,OTHER,COMPLETED,RANDOMIZED,True,SINGLE,1.0,True,False,PARALLEL,False,active,True,,,,,False,True,False,False,False,0,False,,False,False
NCT03351816,2017.0,2016-2020,NA,proc_device,2,106.0,OTHER,COMPLETED,NON_RANDOMIZED,False,NONE,0.0,False,False,PARALLEL,True,none/single-group,False,,,,,False,False,False,False,False,2,True,NO,False,True
NCT05507749,2020.0,2016-2020,NA,proc_device,1,130.0,OTHER,ACTIVE_NOT_RECRUITING,NA,False,NONE,0.0,False,False,SINGLE_GROUP,True,none/single-group,False,,,,,False,False,False,False,False,1,True,NO,False,True
NCT03492554,2018.0,2016-2020,NA,proc_device,2,602.0,INDUSTRY,COMPLETED,NON_RANDOMIZED,False,NONE,0.0,False,False,PARALLEL,True,none/single-group,False,602.0,588.0,0.023255813953488413,True,False,False,False,True,False,0,False,NO,False,False
NCT01611701,2009.0,<=2015,PHASE3,proc_device,2,80.0,NETWORK,COMPLETED,RANDOMIZED,True,DOUBLE,2.0,True,True,PARALLEL,False,active,True,,,,,True,True,False,False,False,1,True,,False,True
NCT01794416,2011.0,<=2015,PHASE2,proc_device,2,50.0,NETWORK,COMPLETED,RANDOMIZED,True,NONE,0.0,False,False,PARALLEL,True,active,True,,,,,False,True,False,False,False,1,True,,False,True
NCT03557242,2018.0,2016-2020,NA,proc_device,3,124.0,OTHER,UNKNOWN,RANDOMIZED,True,NONE,0.0,False,False,PARALLEL,True,none/single-group,False,,,,,False,True,True,False,False,3,True,,False,True
NCT04180540,2020.0,2016-2020,NA,proc_device,2,109.0,OTHER,COMPLETED,RANDOMIZED,True,NONE,0.0,False,False,PARALLEL,True,active,True,109.0,107.0,0.01834862385321101,True,False,False,False,True,False,1,True,NO,False,False
NCT01952925,2019.0,2016-2020,NA,proc_device,1,0.0,OTHER,WITHDRAWN,NA,False,NONE,0.0,False,False,SINGLE_GROUP,False,none/single-group,False,,,,,False,True,False,False,False,0,False,,False,
NCT04473963,2019.0,2016-2020,NA,proc_device,3,85.0,INDUSTRY,COMPLETED,RANDOMIZED,True,NONE,0.0,False,False,PARALLEL,True,no-intervention,True,80.0,76.0,0.050000000000000044,True,False,True,True,True,True,1,True,NO,False,False
NCT00599976,2002.0,<=2015,NA,proc_device,0,81.0,OTHER,COMPLETED,RANDOMIZED,True,NONE,0.0,False,False,PARALLEL,True,none/single-group,False,,,,,False,True,False,False,False,1,True,,False,False
NCT04237389,2019.0,2016-2020,NA,proc_device,2,60.0,OTHER_GOV,UNKNOWN,NON_RANDOMIZED,False,NONE,0.0,False,False,PARALLEL,True,active,True,,,,,False,True,False,False,True,0,False,NO,False,True
NCT06078735,2023.0,2021-2026,NA,proc_device,2,110.0,OTHER,RECRUITING,RANDOMIZED,True,NONE,0.0,False,False,PARALLEL,True,no-intervention,True,,,,,False,False,False,False,False,0,False,,False,False
NCT00313443,2006.0,<=2015,PHASE4,proc_device,1,30.0,OTHER,COMPLETED,NON_RANDOMIZED,False,NONE,0.0,False,False,SINGLE_GROUP,False,none/single-group,False,30.0,30.0,0.0,True,True,False,False,True,False,0,False,,False,False
NCT04773119,2018.0,2016-2020,NA,proc_device,2,62.0,OTHER,COMPLETED,NON_RANDOMIZED,False,NONE,0.0,False,False,PARALLEL,True,active,True,,,,,False,True,False,False,False,0,False,NO,False,False
NCT00571779,,,PHASE2,proc_device,0,,INDUSTRY,WITHDRAWN,,False,,,False,False,,,none/single-group,False,,,,,False,False,False,False,False,0,False,,False,
NCT05353140,2022.0,2021-2026,NA,both,2,1386.0,OTHER,RECRUITING,RANDOMIZED,True,NONE,0.0,False,False,PARALLEL,True,active,True,,,,,False,False,False,False,False,0,False,NO,False,True
NCT00933634,2006.0,<=2015,NA,both,2,247.0,OTHER,COMPLETED,RANDOMIZED,True,SINGLE,1.0,True,False,PARALLEL,True,active,True,,,,,False,True,False,False,False,1,True,,False,True
NCT00721149,2008.0,<=2015,PHASE3,proc_device,1,10.0,INDUSTRY,TERMINATED,NON_RANDOMIZED,False,NONE,0.0,False,False,SINGLE_GROUP,False,none/single-group,False,10.0,9.0,0.09999999999999998,True,True,False,False,True,False,0,False,,False,False
NCT04775264,2021.0,2021-2026,NA,proc_device,1,24.0,INDUSTRY,COMPLETED,NA,False,NONE,0.0,False,False,SINGLE_GROUP,False,none/single-group,False,24.0,24.0,0.0,True,False,True,False,True,False,1,True,NO,False,
NCT00196157,2004.0,<=2015,PHASE4,proc_device,2,116.0,OTHER,UNKNOWN,RANDOMIZED,True,NONE,0.0,False,False,PARALLEL,True,none/single-group,False,,,,,True,True,False,False,False,0,False,,False,True
NCT06973031,2025.0,2021-2026,NA,proc_device,1,115.0,INDUSTRY,RECRUITING,NA,False,NONE,0.0,False,False,SINGLE_GROUP,True,none/single-group,False,,,,,False,True,False,False,False,0,False,,False,
NCT00932425,2009.0,<=2015,NA,proc_device,2,40.0,OTHER,COMPLETED,RANDOMIZED,True,NONE,0.0,False,False,PARALLEL,True,no-intervention,True,40.0,38.0,0.050000000000000044,True,False,False,False,True,False,0,False,,False,False
NCT05445726,2022.0,2021-2026,PHASE2,proc_device,2,141.0,OTHER,ACTIVE_NOT_RECRUITING,NON_RANDOMIZED,False,SINGLE,1.0,True,False,SINGLE_GROUP,True,active,True,,,,,False,False,False,False,False,0,False,,False,False
NCT02261766,2012.0,<=2015,NA,proc_device,0,100.0,OTHER,COMPLETED,NA,False,NONE,0.0,False,False,SINGLE_GROUP,True,none/single-group,False,,,,,False,False,False,False,False,1,True,,False,True
NCT05610215,2023.0,2021-2026,NA,proc_device,2,66.0,OTHER_GOV,RECRUITING,RANDOMIZED,True,SINGLE,1.0,True,False,PARALLEL,True,active,True,,,,,False,True,False,False,False,1,True,,False,True
NCT05779176,2023.0,2021-2026,NA,proc_device,2,252.0,OTHER,UNKNOWN,RANDOMIZED,True,NONE,0.0,False,False,PARALLEL,True,no-intervention,True,,,,,False,True,False,False,False,0,False,,False,True
NCT06200311,2024.0,2021-2026,NA,both,2,604.0,OTHER,RECRUITING,RANDOMIZED,True,SINGLE,1.0,True,False,PARALLEL,True,active,True,,,,,False,True,False,False,False,0,False,NO,False,
NCT03053570,2017.0,2016-2020,NA,proc_device,2,200.0,NETWORK,UNKNOWN,RANDOMIZED,True,SINGLE,1.0,True,False,PARALLEL,True,none/single-group,False,,,,,False,True,False,False,False,0,False,,False,
NCT01265758,2011.0,<=2015,NA,proc_device,2,360.0,OTHER,UNKNOWN,RANDOMIZED,True,NONE,0.0,False,False,PARALLEL,True,active,True,,,,,False,False,False,False,False,0,False,,False,False
NCT02696265,2016.0,2016-2020,NA,proc_device,2,180.0,OTHER,UNKNOWN,RANDOMIZED,True,NONE,0.0,False,False,SINGLE_GROUP,True,active,True,,,,,False,True,False,False,False,0,False,NO,False,False
NCT07156877,2025.0,2021-2026,NA,proc_device,2,136.0,OTHER,RECRUITING,RANDOMIZED,True,DOUBLE,2.0,True,True,PARALLEL,True,active,True,,,,,False,True,False,False,False,0,False,NO,False,False
NCT04545723,2024.0,2021-2026,NA,proc_device,2,0.0,OTHER,WITHDRAWN,RANDOMIZED,True,NONE,0.0,False,False,PARALLEL,False,active,True,,,,,False,False,False,False,False,1,True,YES,True,False
NCT06402617,2024.0,2021-2026,NA,proc_device,2,110.0,OTHER,RECRUITING,RANDOMIZED,True,DOUBLE,2.0,True,True,PARALLEL,True,placebo/sham,True,,,,,False,True,False,False,False,0,False,NO,False,False
NCT06334250,2024.0,2021-2026,NA,proc_device,2,0.0,OTHER,WITHDRAWN,RANDOMIZED,True,SINGLE,1.0,True,False,PARALLEL,False,active,True,,,,,False,True,False,False,False,0,False,NO,False,True
NCT03190395,2019.0,2016-2020,NA,proc_device,2,120.0,OTHER,UNKNOWN,RANDOMIZED,True,NONE,0.0,False,False,PARALLEL,True,active,True,,,,,False,True,False,False,False,0,False,NO,False,True
NCT01181414,2010.0,<=2015,PHASE4,both,2,60.0,OTHER,COMPLETED,RANDOMIZED,True,SINGLE,1.0,True,False,PARALLEL,False,active,True,,,,,True,True,False,False,False,0,False,,False,True
NCT00469638,2007.0,<=2015,NA,proc_device,2,130.0,INDUSTRY,COMPLETED,RANDOMIZED,True,SINGLE,1.0,True,False,PARALLEL,True,active,True,,,,,False,True,False,False,False,1,True,,False,False
NCT02523534,2015.0,<=2015,NA,proc_device,1,50.0,OTHER,COMPLETED,NA,False,NONE,0.0,False,False,SINGLE_GROUP,True,none/single-group,False,,,,,False,False,False,False,False,0,False,,False,False
NCT00478933,2007.0,<=2015,NA,proc_device,1,1223.0,INDUSTRY,COMPLETED,NA,False,TRIPLE,3.0,True,True,SINGLE_GROUP,True,none/single-group,False,1223.0,1145.0,0.06377759607522482,True,False,False,False,True,False,1,True,NO,False,False
NCT04011800,2021.0,2021-2026,PHASE3,proc_device,2,212.0,OTHER,UNKNOWN,RANDOMIZED,True,NONE,0.0,False,False,PARALLEL,True,active,True,,,,,True,True,False,False,False,1,True,YES,True,True
NCT03604432,2020.0,2016-2020,NA,proc_device,2,60.0,OTHER,COMPLETED,RANDOMIZED,True,NONE,0.0,False,False,PARALLEL,True,no-intervention,True,60.0,60.0,0.0,True,False,False,False,True,False,1,True,,False,True
NCT05996159,2023.0,2021-2026,NA,proc_device,3,150.0,OTHER,RECRUITING,RANDOMIZED,True,NONE,0.0,False,False,CROSSOVER,True,none/single-group,False,,,,,False,True,True,False,False,0,False,,False,True
NCT01196897,2009.0,<=2015,NA,proc_device,1,69.0,INDUSTRY,COMPLETED,NA,False,NONE,0.0,False,False,SINGLE_GROUP,True,none/single-group,False,,,,,False,True,False,False,False,0,False,,False,True
NCT04823299,2026.0,2021-2026,NA,proc_device,2,556.0,OTHER,RECRUITING,RANDOMIZED,True,SINGLE,1.0,True,False,PARALLEL,True,active,True,,,,,False,True,False,False,False,0,False,,False,True
NCT02793895,2017.0,2016-2020,NA,proc_device,2,336.0,OTHER,TERMINATED,RANDOMIZED,True,NONE,0.0,False,False,PARALLEL,True,active,True,,,,,False,False,False,False,False,2,True,NO,False,False
NCT05034419,2021.0,2021-2026,PHASE1,proc_device,2,90.0,OTHER,UNKNOWN,RANDOMIZED,True,QUADRUPLE,4.0,True,True,PARALLEL,True,placebo/sham,True,,,,,False,False,False,False,False,0,False,UNDECIDED,False,True
NCT04160130,2019.0,2016-2020,NA,proc_device,2,432.0,INDUSTRY,UNKNOWN,RANDOMIZED,True,NONE,0.0,False,False,PARALLEL,True,active,True,,,,,False,False,False,False,False,3,True,NO,False,True
NCT04632550,2020.0,2016-2020,NA,proc_device,3,480.0,OTHER,UNKNOWN,RANDOMIZED,True,NONE,0.0,False,False,PARALLEL,True,active,True,,,,,False,True,True,False,False,0,False,UNDECIDED,False,True
NCT06927908,2025.0,2021-2026,NA,proc_device,2,570.0,OTHER,NOT_YET_RECRUITING,RANDOMIZED,True,SINGLE,1.0,True,False,PARALLEL,True,no-intervention,True,,,,,False,False,False,False,False,0,False,NO,False,
NCT04190186,2020.0,2016-2020,NA,proc_device,2,55.0,OTHER,COMPLETED,RANDOMIZED,True,NONE,0.0,False,False,PARALLEL,True,active,True,55.0,40.0,0.2727272727272727,False,False,True,False,True,False,0,False,NO,False,True
NCT02110537,2014.0,<=2015,NA,both,2,80.0,OTHER,UNKNOWN,RANDOMIZED,True,TRIPLE,3.0,True,True,PARALLEL,True,placebo/sham,True,,,,,False,True,False,False,False,2,True,,False,False
NCT03462628,2018.0,2016-2020,NA,proc_device,2,438.0,OTHER,COMPLETED,RANDOMIZED,True,SINGLE,1.0,True,False,PARALLEL,True,active,True,,,,,False,True,False,False,False,2,True,,False,True
NCT00137540,2005.0,<=2015,PHASE3,both,0,40.0,INDUSTRY,COMPLETED,RANDOMIZED,True,NONE,0.0,False,False,PARALLEL,False,none/single-group,False,,,,,True,True,False,False,False,0,False,,False,
NCT04942171,2021.0,2021-2026,NA,both,2,320.0,OTHER,UNKNOWN,RANDOMIZED,True,NONE,0.0,False,False,PARALLEL,True,active,True,,,,,False,True,False,False,False,0,False,UNDECIDED,False,True
NCT01583855,2012.0,<=2015,NA,proc_device,2,50.0,OTHER,COMPLETED,RANDOMIZED,True,NONE,0.0,False,False,PARALLEL,True,active,True,,,,,False,True,False,False,False,0,False,,False,True
NCT07298473,2026.0,2021-2026,NA,proc_device,1,400.0,INDUSTRY,RECRUITING,NA,False,NONE,0.0,False,False,SINGLE_GROUP,True,none/single-group,False,,,,,False,True,False,False,False,0,False,NO,False,False
NCT05911685,2019.0,2016-2020,NA,proc_device,1,163.0,INDUSTRY,UNKNOWN,NA,False,NONE,0.0,False,False,SINGLE_GROUP,True,none/single-group,False,,,,,False,True,False,False,False,1,True,,False,
NCT02438176,2015.0,<=2015,NA,proc_device,2,105.0,OTHER,COMPLETED,RANDOMIZED,True,SINGLE,1.0,True,False,PARALLEL,True,active,True,,,,,False,True,False,False,False,0,False,,False,False
NCT00379301,2006.0,<=2015,NA,proc_device,3,166.0,OTHER,COMPLETED,RANDOMIZED,True,NONE,0.0,False,False,PARALLEL,True,active,True,,,,,False,True,True,False,True,0,False,,False,
NCT02476227,2015.0,<=2015,NA,proc_device,2,90.0,OTHER,COMPLETED,RANDOMIZED,True,NONE,0.0,False,False,PARALLEL,True,active,True,,,,,False,True,False,False,False,0,False,,False,False
NCT07308847,2026.0,2021-2026,NA,proc_device,1,300.0,INDUSTRY,RECRUITING,NA,False,NONE,0.0,False,False,SINGLE_GROUP,True,none/single-group,False,,,,,False,True,False,False,False,0,False,NO,False,True
NCT06751459,2025.0,2021-2026,NA,proc_device,2,270.0,INDUSTRY,NOT_YET_RECRUITING,RANDOMIZED,True,NONE,0.0,False,False,PARALLEL,True,active,True,,,,,False,False,False,False,False,0,False,YES,True,False
NCT01260220,2009.0,<=2015,NA,proc_device,2,120.0,OTHER,COMPLETED,RANDOMIZED,True,NONE,0.0,False,False,PARALLEL,True,active,True,,,,,False,True,False,False,False,0,False,,False,True
NCT03964025,2021.0,2021-2026,NA,proc_device,1,0.0,OTHER,WITHDRAWN,NA,False,NONE,0.0,False,False,SINGLE_GROUP,False,none/single-group,False,,,,,False,False,False,False,False,0,False,NO,False,False
NCT02169037,2016.0,2016-2020,NA,proc_device,2,120.0,OTHER,UNKNOWN,RANDOMIZED,True,NONE,0.0,False,False,PARALLEL,True,active,True,,,,,False,True,False,False,False,0,False,NO,False,True
NCT05152966,2021.0,2021-2026,NA,proc_device,1,20.0,INDUSTRY,COMPLETED,NA,False,NONE,0.0,False,False,SINGLE_GROUP,False,none/single-group,False,20.0,19.0,0.050000000000000044,True,False,True,False,True,False,0,False,,False,True
NCT03259113,2017.0,2016-2020,NA,proc_device,1,30.0,OTHER,UNKNOWN,NA,False,NONE,0.0,False,False,SINGLE_GROUP,True,none/single-group,False,,,,,False,False,False,False,False,1,True,NO,False,False
NCT00908700,2009.0,<=2015,PHASE3,proc_device,2,51.0,OTHER,COMPLETED,RANDOMIZED,True,NONE,0.0,False,False,PARALLEL,False,active,True,,,,,True,False,False,False,False,0,False,,False,False
NCT06364215,2024.0,2021-2026,NA,proc_device,2,198.0,OTHER,TERMINATED,RANDOMIZED,True,DOUBLE,2.0,True,True,PARALLEL,True,active,True,,,,,False,True,False,False,False,0,False,NO,False,True
NCT04174885,2015.0,<=2015,NA,proc_device,1,30.0,OTHER,COMPLETED,NA,False,NONE,0.0,False,False,SINGLE_GROUP,True,none/single-group,False,,,,,False,True,False,False,False,0,False,UNDECIDED,False,
NCT04809701,2021.0,2021-2026,NA,proc_device,2,30.0,INDUSTRY,COMPLETED,RANDOMIZED,True,NONE,0.0,False,False,CROSSOVER,True,none/single-group,False,,,,,False,True,False,False,False,0,False,NO,False,False
NCT07141745,2025.0,2021-2026,NA,proc_device,2,250.0,OTHER,RECRUITING,RANDOMIZED,True,NONE,0.0,False,False,PARALLEL,True,active,True,,,,,False,True,False,False,False,0,False,,False,False
NCT01032317,2009.0,<=2015,PHASE1;PHASE2,proc_device,1,22.0,INDUSTRY,COMPLETED,NA,False,NONE,0.0,False,False,SINGLE_GROUP,False,none/single-group,False,,,,,False,True,False,False,False,0,False,,False,False
NCT00882622,2009.0,<=2015,PHASE1,proc_device,2,0.0,OTHER,WITHDRAWN,RANDOMIZED,True,TRIPLE,3.0,True,True,PARALLEL,False,placebo/sham,True,,,,,False,True,False,False,False,0,False,,False,False
NCT02565069,2015.0,<=2015,NA,proc_device,1,70.0,INDUSTRY,COMPLETED,NA,False,NONE,0.0,False,False,SINGLE_GROUP,True,none/single-group,False,,,,,False,True,False,False,False,0,False,,False,False
NCT02578979,2015.0,<=2015,NA,proc_device,2,826.0,OTHER,COMPLETED,RANDOMIZED,True,NONE,0.0,False,False,PARALLEL,True,active,True,,,,,False,False,False,False,False,2,True,NO,False,False
NCT06124690,2023.0,2021-2026,NA,proc_device,3,150.0,OTHER,ACTIVE_NOT_RECRUITING,RANDOMIZED,True,DOUBLE,2.0,True,True,PARALLEL,True,active,True,,,,,False,True,True,False,False,0,False,NO,False,True
NCT02246790,2014.0,<=2015,PHASE3,proc_device,2,116.0,NETWORK,UNKNOWN,RANDOMIZED,True,SINGLE,1.0,True,False,PARALLEL,True,active,True,,,,,True,True,False,False,False,0,False,,False,False
NCT05893199,2023.0,2021-2026,NA,proc_device,2,180.0,OTHER,UNKNOWN,RANDOMIZED,True,NONE,0.0,False,False,PARALLEL,True,active,True,,,,,False,False,False,False,True,0,False,NO,False,False
NCT02743520,2017.0,2016-2020,NA,proc_device,1,86.0,OTHER,COMPLETED,NA,False,NONE,0.0,False,False,SINGLE_GROUP,True,none/single-group,False,86.0,85.0,0.011627906976744207,True,False,False,False,True,False,0,False,NO,False,True
NCT02359890,2015.0,<=2015,PHASE3,proc_device,1,165.0,INDUSTRY,COMPLETED,NA,False,NONE,0.0,False,False,SINGLE_GROUP,True,none/single-group,False,165.0,155.0,0.06060606060606055,True,True,True,False,True,False,0,False,,False,True
NCT06056557,2023.0,2021-2026,NA,proc_device,1,141.0,OTHER,COMPLETED,NA,False,NONE,0.0,False,False,SINGLE_GROUP,True,none/single-group,False,,,,,False,True,False,False,False,0,False,NO,False,True
NCT00116428,2004.0,<=2015,PHASE3,both,2,167.0,INDUSTRY,COMPLETED,RANDOMIZED,True,NONE,0.0,False,False,PARALLEL,True,active,True,167.0,159.0,0.04790419161676651,True,True,True,False,True,True,1,True,,False,True
NCT07610980,2026.0,2021-2026,NA,proc_device,3,400.0,OTHER,NOT_YET_RECRUITING,RANDOMIZED,True,SINGLE,1.0,True,False,PARALLEL,True,none/single-group,False,,,,,False,True,True,False,False,0,False,,False,False
NCT05072964,2021.0,2021-2026,NA,proc_device,1,180.0,INDUSTRY,COMPLETED,NA,False,NONE,0.0,False,False,SINGLE_GROUP,True,none/single-group,False,180.0,175.0,0.02777777777777779,True,False,True,False,True,False,1,True,NO,False,True
NCT04524364,2020.0,2016-2020,NA,proc_device,1,272.0,INDUSTRY,COMPLETED,NA,False,NONE,0.0,False,False,SINGLE_GROUP,True,none/single-group,False,272.0,256.0,0.05882352941176472,True,False,True,False,True,False,2,True,YES,True,True
NCT06355063,2024.0,2021-2026,NA,proc_device,1,30.0,INDUSTRY,RECRUITING,NA,False,NONE,0.0,False,False,SINGLE_GROUP,True,none/single-group,False,,,,,False,True,False,False,False,0,False,NO,False,False
NCT01709682,2007.0,<=2015,PHASE2,both,2,154.0,NETWORK,COMPLETED,RANDOMIZED,True,SINGLE,1.0,True,False,PARALLEL,True,active,True,,,,,False,True,False,False,False,1,True,,False,False
NCT03226847,2017.0,2016-2020,NA,proc_device,1,10.0,OTHER,COMPLETED,NA,False,NONE,0.0,False,False,SINGLE_GROUP,False,none/single-group,False,,,,,False,True,False,False,False,0,False,NO,False,False
NCT00566787,2005.0,<=2015,PHASE3,proc_device,0,39.0,INDUSTRY,COMPLETED,NON_RANDOMIZED,False,NONE,0.0,False,False,SINGLE_GROUP,False,none/single-group,False,,,,,True,True,False,False,False,0,False,,False,
NCT02684825,2015.0,<=2015,NA,proc_device,2,317.0,OTHER,COMPLETED,RANDOMIZED,True,NONE,0.0,False,False,PARALLEL,True,no-intervention,True,,,,,False,False,False,False,False,0,False,,False,True
NCT03975725,2019.0,2016-2020,NA,proc_device,1,400.0,OTHER,UNKNOWN,NA,False,NONE,0.0,False,False,SINGLE_GROUP,True,none/single-group,False,,,,,False,False,False,False,False,0,False,,False,False
NCT03604263,2018.0,2016-2020,NA,proc_device,1,17.0,INDUSTRY,COMPLETED,NA,False,NONE,0.0,False,False,SINGLE_GROUP,False,none/single-group,False,17.0,15.0,0.11764705882352944,True,False,False,False,True,False,0,False,NO,False,False
NCT06832579,2025.0,2021-2026,NA,proc_device,2,84.0,OTHER,ACTIVE_NOT_RECRUITING,RANDOMIZED,True,NONE,0.0,False,False,PARALLEL,True,none/single-group,False,,,,,False,False,False,False,False,0,False,YES,True,False
NCT04220047,2020.0,2016-2020,NA,proc_device,2,400.0,OTHER_GOV,RECRUITING,RANDOMIZED,True,DOUBLE,2.0,True,True,PARALLEL,True,no-intervention,True,,,,,False,False,False,False,False,0,False,,False,
NCT07428967,2026.0,2021-2026,NA,proc_device,2,86.0,OTHER,RECRUITING,RANDOMIZED,True,SINGLE,1.0,True,False,PARALLEL,True,active,True,,,,,False,True,False,False,False,0,False,NO,False,False
NCT05324371,2022.0,2021-2026,NA,proc_device,1,25.0,INDUSTRY,COMPLETED,NA,False,NONE,0.0,False,False,SINGLE_GROUP,False,none/single-group,False,25.0,23.0,0.07999999999999996,True,False,True,False,True,False,0,False,NO,False,False
NCT03033134,2017.0,2016-2020,NA,proc_device,1,54.0,INDUSTRY,COMPLETED,NA,False,NONE,0.0,False,False,SINGLE_GROUP,True,none/single-group,False,54.0,0.0,1.0,False,False,False,False,True,False,1,True,NO,False,
NCT05773768,2024.0,2021-2026,NA,proc_device,2,1300.0,OTHER,RECRUITING,RANDOMIZED,True,NONE,0.0,False,False,PARALLEL,True,no-intervention,True,,,,,False,False,False,False,False,0,False,NO,False,
NCT02031705,2012.0,<=2015,NA,proc_device,2,366.0,OTHER,COMPLETED,RANDOMIZED,True,SINGLE,1.0,True,False,PARALLEL,True,placebo/sham,True,,,,,False,True,False,False,False,1,True,NO,False,False
NCT02485925,2015.0,<=2015,PHASE4,proc_device,1,200.0,INDUSTRY,COMPLETED,NA,False,NONE,0.0,False,False,SINGLE_GROUP,True,none/single-group,False,200.0,185.0,0.07499999999999996,True,True,True,False,True,False,0,False,UNDECIDED,False,True
NCT02184013,2015.0,<=2015,NA,proc_device,0,52.0,OTHER,ACTIVE_NOT_RECRUITING,NA,False,NONE,0.0,False,False,SINGLE_GROUP,True,none/single-group,False,,,,,False,True,False,False,False,0,False,,False,True
NCT02293070,2013.0,<=2015,NA,proc_device,1,32.0,OTHER,COMPLETED,NA,False,NONE,0.0,False,False,SINGLE_GROUP,True,none/single-group,False,,,,,False,True,False,False,False,0,False,,False,False
NCT04523649,2022.0,2021-2026,NA,proc_device,2,1740.0,OTHER,UNKNOWN,RANDOMIZED,True,SINGLE,1.0,True,False,PARALLEL,True,no-intervention,True,,,,,False,False,False,False,False,1,True,YES,True,True
NCT00964392,2009.0,<=2015,PHASE4,proc_device,2,437.0,INDUSTRY,COMPLETED,NON_RANDOMIZED,False,NONE,0.0,False,False,SINGLE_GROUP,True,none/single-group,False,407.0,164.0,0.597051597051597,False,True,True,False,True,False,0,False,NO,False,False
NCT01107184,2010.0,<=2015,NA,proc_device,4,191.0,OTHER,TERMINATED,RANDOMIZED,True,TRIPLE,3.0,True,True,PARALLEL,True,placebo/sham,True,,,,,False,False,True,False,False,1,True,,False,False
NCT00779857,2008.0,<=2015,PHASE2,proc_device,1,70.0,INDUSTRY,COMPLETED,NON_RANDOMIZED,False,NONE,0.0,False,False,SINGLE_GROUP,True,none/single-group,False,70.0,64.0,0.08571428571428574,True,False,True,False,True,False,1,True,,False,True
NCT06223789,2024.0,2021-2026,NA,proc_device,1,392.0,INDUSTRY,COMPLETED,NA,False,NONE,0.0,False,False,SINGLE_GROUP,True,none/single-group,False,,,,,False,True,False,False,False,1,True,NO,False,True
NCT02168972,2014.0,<=2015,NA,proc_device,1,60.0,INDUSTRY,COMPLETED,NA,False,NONE,0.0,False,False,SINGLE_GROUP,True,none/single-group,False,,,,,False,True,False,False,False,0,False,,False,False
NCT00272636,2002.0,<=2015,NA,both,0,140.0,OTHER,COMPLETED,RANDOMIZED,True,NONE,0.0,False,False,PARALLEL,True,none/single-group,False,,,,,False,True,False,False,False,0,False,,False,
NCT06344494,2024.0,2021-2026,NA,proc_device,2,130.0,INDUSTRY,UNKNOWN,RANDOMIZED,True,NONE,0.0,False,False,PARALLEL,True,active,True,,,,,False,False,False,False,False,0,False,NO,False,
NCT02401451,2014.0,<=2015,NA,proc_device,1,750.0,INDUSTRY,COMPLETED,NA,False,NONE,0.0,False,False,SINGLE_GROUP,True,none/single-group,False,,,,,False,False,False,False,False,0,False,UNDECIDED,False,False
NCT01639495,2012.0,<=2015,PHASE3,proc_device,1,148.0,INDUSTRY,COMPLETED,NA,False,NONE,0.0,False,False,SINGLE_GROUP,True,none/single-group,False,148.0,132.0,0.10810810810810811,True,True,True,False,True,False,0,False,UNDECIDED,False,False
NCT04664686,2021.0,2021-2026,NA,proc_device,2,70.0,OTHER,RECRUITING,RANDOMIZED,True,SINGLE,1.0,True,False,PARALLEL,True,active,True,,,,,False,True,False,False,False,0,False,,False,False
NCT07563257,2026.0,2021-2026,NA,proc_device,1,30.0,OTHER_GOV,RECRUITING,NA,False,NONE,0.0,False,False,SINGLE_GROUP,True,none/single-group,False,,,,,False,False,False,False,False,0,False,,False,
NCT01760291,2012.0,<=2015,NA,proc_device,1,576.0,INDUSTRY,COMPLETED,NA,False,NONE,0.0,False,False,SINGLE_GROUP,True,none/single-group,False,576.0,340.0,0.4097222222222222,False,False,False,False,True,False,1,True,NO,False,True
NCT07610018,2026.0,2021-2026,NA,proc_device,5,100.0,OTHER,NOT_YET_RECRUITING,RANDOMIZED,True,NONE,0.0,False,False,PARALLEL,True,active,True,,,,,False,True,True,False,False,0,False,UNDECIDED,False,False
NCT04344743,2020.0,2016-2020,NA,proc_device,1,50.0,OTHER,UNKNOWN,NA,False,NONE,0.0,False,False,SINGLE_GROUP,True,none/single-group,False,,,,,False,True,False,False,False,1,True,YES,True,
NCT00115843,2005.0,<=2015,NA,proc_device,0,0.0,OTHER,WITHDRAWN,RANDOMIZED,True,NONE,0.0,False,False,PARALLEL,False,none/single-group,False,,,,,False,True,False,False,False,0,False,,False,
NCT02571218,2015.0,<=2015,NA,proc_device,2,81.0,INDUSTRY,COMPLETED,RANDOMIZED,True,SINGLE,1.0,True,False,PARALLEL,True,active,True,81.0,81.0,0.0,True,False,True,False,True,False,1,True,,False,False
NCT04842253,2022.0,2021-2026,NA,proc_device,2,141.0,OTHER,TERMINATED,RANDOMIZED,True,NONE,0.0,False,False,PARALLEL,True,no-intervention,True,,,,,False,True,False,False,False,1,True,UNDECIDED,False,True
NCT03998956,2019.0,2016-2020,NA,proc_device,3,200.0,OTHER,UNKNOWN,RANDOMIZED,True,DOUBLE,2.0,True,True,PARALLEL,True,active,True,,,,,False,True,True,False,False,0,False,,False,
NCT00523978,2006.0,<=2015,PHASE3,both,2,245.0,INDUSTRY,COMPLETED,RANDOMIZED,True,NONE,0.0,False,False,PARALLEL,True,active,True,258.0,241.0,0.06589147286821706,True,True,True,False,True,False,1,True,,False,False
NCT04633265,2018.0,2016-2020,NA,proc_device,1,150.0,OTHER,COMPLETED,NA,False,NONE,0.0,False,False,SINGLE_GROUP,True,none/single-group,False,,,,,False,True,False,False,False,0,False,UNDECIDED,False,True
NCT06876896,2026.0,2021-2026,NA,proc_device,1,50.0,OTHER,RECRUITING,NA,False,NONE,0.0,False,False,SINGLE_GROUP,True,none/single-group,False,,,,,False,False,False,False,False,0,False,NO,False,True
NCT00528307,2007.0,<=2015,NA,proc_device,2,5.0,OTHER,TERMINATED,RANDOMIZED,True,NONE,0.0,False,False,CROSSOVER,False,active,True,,,,,False,True,False,False,False,0,False,,False,False
NCT06765356,2025.0,2021-2026,PHASE4,both,1,275.0,OTHER,ACTIVE_NOT_RECRUITING,NA,False,NONE,0.0,False,False,SINGLE_GROUP,True,none/single-group,False,,,,,True,True,False,False,False,0,False,NO,False,True
NCT04784013,2021.0,2021-2026,PHASE4,proc_device,2,182.0,OTHER,COMPLETED,RANDOMIZED,True,NONE,0.0,False,False,PARALLEL,True,active,True,,,,,True,True,False,False,False,1,True,,False,
NCT02617069,2015.0,<=2015,PHASE2;PHASE3,proc_device,2,170.0,NETWORK,UNKNOWN,RANDOMIZED,True,DOUBLE,2.0,True,True,PARALLEL,True,active,True,,,,,True,True,False,False,False,0,False,,False,True
NCT07027969,2026.0,2021-2026,PHASE4,both,2,100.0,OTHER,NOT_YET_RECRUITING,RANDOMIZED,True,NONE,0.0,False,False,PARALLEL,True,active,True,,,,,True,True,False,False,False,0,False,NO,False,True
NCT04486924,2021.0,2021-2026,NA,proc_device,1,18.0,INDUSTRY,COMPLETED,NA,False,NONE,0.0,False,False,SINGLE_GROUP,False,none/single-group,False,,,,,False,False,False,False,False,0,False,,False,False
NCT02982434,2016.0,2016-2020,PHASE2,both,2,180.0,NETWORK,UNKNOWN,RANDOMIZED,True,DOUBLE,2.0,True,True,PARALLEL,True,active,True,,,,,False,True,False,False,False,0,False,,False,
NCT00410839,1999.0,<=2015,PHASE2,proc_device,0,130.0,OTHER,UNKNOWN,RANDOMIZED,True,NONE,0.0,False,False,PARALLEL,True,none/single-group,False,,,,,False,False,False,False,False,0,False,,False,
NCT02878213,2016.0,2016-2020,NA,proc_device,1,39.0,INDUSTRY,COMPLETED,NA,False,NONE,0.0,False,False,SINGLE_GROUP,True,none/single-group,False,39.0,36.0,0.07692307692307687,True,False,True,False,True,False,0,False,NO,False,False
NCT03365700,2018.0,2016-2020,NA,proc_device,2,303.0,OTHER,UNKNOWN,RANDOMIZED,True,NONE,0.0,False,False,PARALLEL,True,active,True,,,,,False,True,False,False,True,0,False,,False,False
NCT02294929,2013.0,<=2015,NA,proc_device,1,40.0,OTHER,UNKNOWN,NA,False,NONE,0.0,False,False,SINGLE_GROUP,True,none/single-group,False,,,,,False,True,False,False,True,0,False,,False,False
NCT00116987,2003.0,<=2015,NA,proc_device,2,800.0,OTHER,TERMINATED,RANDOMIZED,True,SINGLE,1.0,True,False,PARALLEL,True,none/single-group,False,,,,,False,True,False,False,False,0,False,,False,False
NCT07320768,2026.0,2021-2026,NA,proc_device,2,86.0,OTHER,ACTIVE_NOT_RECRUITING,RANDOMIZED,True,SINGLE,1.0,True,False,PARALLEL,True,placebo/sham,True,,,,,False,True,False,False,True,0,False,NO,False,False
NCT02064764,2015.0,<=2015,NA,proc_device,2,102.0,INDUSTRY,COMPLETED,RANDOMIZED,True,NONE,0.0,False,False,PARALLEL,True,active,True,70.0,60.0,0.1428571428571429,True,False,True,False,True,False,1,True,,False,True
NCT02137798,2014.0,<=2015,NA,proc_device,2,80.0,OTHER,COMPLETED,RANDOMIZED,True,NONE,0.0,False,False,PARALLEL,True,active,True,,,,,False,False,False,False,False,0,False,,False,True
NCT05805189,2023.0,2021-2026,NA,proc_device,2,60.0,OTHER,ACTIVE_NOT_RECRUITING,RANDOMIZED,True,SINGLE,1.0,True,False,SEQUENTIAL,True,active,True,,,,,False,True,False,False,False,0,False,NO,False,False
NCT03046043,2017.0,2016-2020,NA,proc_device,2,50.0,OTHER,COMPLETED,RANDOMIZED,True,SINGLE,1.0,True,False,PARALLEL,True,active,True,,,,,False,True,False,False,False,0,False,UNDECIDED,False,True
NCT05442203,2022.0,2021-2026,NA,proc_device,2,1000.0,INDUSTRY,ACTIVE_NOT_RECRUITING,NA,False,NONE,0.0,False,False,SINGLE_GROUP,True,none/single-group,False,,,,,False,False,False,False,True,0,False,NO,False,False
NCT01229306,2010.0,<=2015,NA,proc_device,2,108.0,OTHER,UNKNOWN,RANDOMIZED,True,NONE,0.0,False,False,PARALLEL,True,placebo/sham,True,,,,,False,True,False,False,False,0,False,,False,False
NCT06903845,2025.0,2021-2026,NA,proc_device,2,40.0,OTHER,RECRUITING,RANDOMIZED,True,NONE,0.0,False,False,PARALLEL,True,placebo/sham,True,,,,,False,True,False,False,False,0,False,NO,False,False
NCT05573633,2022.0,2021-2026,NA,proc_device,2,324.0,OTHER,RECRUITING,RANDOMIZED,True,NONE,0.0,False,False,PARALLEL,True,active,True,,,,,False,False,False,False,False,1,True,NO,False,False
NCT02944968,2016.0,2016-2020,NA,proc_device,1,51.0,INDUSTRY,COMPLETED,NA,False,NONE,0.0,False,False,SINGLE_GROUP,True,none/single-group,False,51.0,48.0,0.05882352941176472,True,False,True,False,True,False,0,False,,False,True
NCT04170608,2019.0,2016-2020,NA,proc_device,1,10.0,INDUSTRY,COMPLETED,NA,False,NONE,0.0,False,False,SINGLE_GROUP,False,none/single-group,False,10.0,10.0,0.0,True,False,True,False,True,False,1,True,NO,False,True
NCT02257112,2014.0,<=2015,NA,proc_device,1,47.0,INDUSTRY,COMPLETED,NA,False,NONE,0.0,False,False,SINGLE_GROUP,True,none/single-group,False,,,,,False,False,False,False,False,0,False,NO,False,False
NCT07174206,2025.0,2021-2026,NA,proc_device,4,520.0,OTHER,RECRUITING,NON_RANDOMIZED,False,SINGLE,1.0,True,False,PARALLEL,True,active,True,,,,,False,False,True,False,False,0,False,YES,True,False
NCT05311098,2022.0,2021-2026,NA,proc_device,1,400.0,OTHER,UNKNOWN,NA,False,NONE,0.0,False,False,SINGLE_GROUP,True,none/single-group,False,,,,,False,True,False,False,False,0,False,NO,False,True
NCT06144632,2023.0,2021-2026,NA,proc_device,1,237.0,INDUSTRY,COMPLETED,NA,False,NONE,0.0,False,False,SINGLE_GROUP,True,none/single-group,False,,,,,False,True,False,False,False,0,False,YES,True,True
NCT03643224,2018.0,2016-2020,NA,proc_device,1,376.0,INDUSTRY,COMPLETED,NA,False,NONE,0.0,False,False,SINGLE_GROUP,True,none/single-group,False,376.0,275.0,0.2686170212765957,False,False,True,False,True,False,0,False,NO,False,True
NCT05860894,2023.0,2021-2026,NA,proc_device,1,150.0,OTHER,RECRUITING,NA,False,NONE,0.0,False,False,SINGLE_GROUP,True,none/single-group,False,,,,,False,False,False,False,False,0,False,NO,False,False
NCT07028502,2023.0,2021-2026,NA,proc_device,2,28.0,OTHER,COMPLETED,RANDOMIZED,True,NONE,0.0,False,False,PARALLEL,False,active,True,,,,,False,True,False,False,False,0,False,NO,False,
NCT05426759,2022.0,2021-2026,NA,proc_device,1,12.0,INDUSTRY,COMPLETED,NA,False,NONE,0.0,False,False,SINGLE_GROUP,False,none/single-group,False,12.0,12.0,0.0,True,False,True,False,True,False,1,True,NO,False,False
NCT05494034,2023.0,2021-2026,NA,proc_device,1,200.0,OTHER,RECRUITING,NA,False,NONE,0.0,False,False,SINGLE_GROUP,True,none/single-group,False,,,,,False,False,False,False,False,0,False,,False,
NCT00524602,2007.0,<=2015,NA,proc_device,0,2000.0,OTHER,UNKNOWN,NON_RANDOMIZED,False,NONE,0.0,False,False,SINGLE_GROUP,True,none/single-group,False,,,,,False,True,False,False,False,0,False,,False,False
NCT05355948,2022.0,2021-2026,NA,proc_device,2,1000.0,OTHER,COMPLETED,RANDOMIZED,True,NONE,0.0,False,False,PARALLEL,True,none/single-group,False,,,,,False,False,False,False,False,1,True,,False,True
NCT06061978,2023.0,2021-2026,NA,proc_device,2,60.0,OTHER,RECRUITING,RANDOMIZED,True,TRIPLE,3.0,True,True,CROSSOVER,True,none/single-group,False,,,,,False,True,False,False,False,0,False,NO,False,False
NCT04489004,2020.0,2016-2020,NA,proc_device,2,1298.0,OTHER,COMPLETED,RANDOMIZED,True,NONE,0.0,False,False,PARALLEL,True,active,True,,,,,False,True,False,False,False,0,False,,False,
NCT04684290,2021.0,2021-2026,NA,proc_device,2,100.0,OTHER,UNKNOWN,RANDOMIZED,True,NONE,0.0,False,False,PARALLEL,True,active,True,,,,,False,True,False,False,True,0,False,NO,False,True
NCT07247422,2025.0,2021-2026,NA,proc_device,1,33.0,OTHER,NOT_YET_RECRUITING,NA,False,NONE,0.0,False,False,SINGLE_GROUP,True,none/single-group,False,,,,,False,True,False,False,False,0,False,,False,False
NCT02274857,2014.0,<=2015,NA,proc_device,2,350.0,INDUSTRY,COMPLETED,RANDOMIZED,True,NONE,0.0,False,False,PARALLEL,True,active,True,350.0,324.0,0.07428571428571429,True,False,False,False,True,False,0,False,NO,False,True
NCT06128174,2024.0,2021-2026,NA,proc_device,1,20.0,OTHER,COMPLETED,NA,False,NONE,0.0,False,False,SINGLE_GROUP,False,none/single-group,False,,,,,False,True,False,False,False,0,False,NO,False,True
NCT03477734,2019.0,2016-2020,NA,proc_device,2,53.0,INDUSTRY,COMPLETED,NON_RANDOMIZED,False,NONE,0.0,False,False,PARALLEL,True,active,True,,,,,False,False,False,False,False,0,False,NO,False,False
NCT00123344,1999.0,<=2015,NA,proc_device,0,120.0,OTHER,COMPLETED,RANDOMIZED,True,SINGLE,1.0,True,False,PARALLEL,True,none/single-group,False,,,,,False,True,False,False,False,0,False,,False,
NCT04218604,2020.0,2016-2020,NA,proc_device,1,106.0,OTHER,COMPLETED,NA,False,NONE,0.0,False,False,SINGLE_GROUP,True,none/single-group,False,,,,,False,True,False,False,True,1,True,NO,False,False
NCT01103674,2010.0,<=2015,NA,proc_device,1,1.0,INDUSTRY,TERMINATED,NA,False,NONE,0.0,False,False,SINGLE_GROUP,False,none/single-group,False,,,,,False,True,False,False,False,0,False,,False,True
NCT06425614,2024.0,2021-2026,NA,proc_device,2,570.0,OTHER,RECRUITING,RANDOMIZED,True,SINGLE,1.0,True,False,PARALLEL,True,none/single-group,False,,,,,False,False,False,False,False,0,False,YES,True,True
NCT00260546,2006.0,<=2015,EARLY_PHASE1,proc_device,0,0.0,OTHER,WITHDRAWN,RANDOMIZED,True,NONE,0.0,False,False,PARALLEL,False,none/single-group,False,,,,,False,True,False,False,False,0,False,,False,False
NCT04272762,2020.0,2016-2020,NA,proc_device,2,140.0,OTHER,COMPLETED,RANDOMIZED,True,QUADRUPLE,4.0,True,True,PARALLEL,True,placebo/sham,True,,,,,False,True,False,False,False,1,True,NO,False,True
NCT06699368,2024.0,2021-2026,NA,proc_device,2,120.0,OTHER,NOT_YET_RECRUITING,RANDOMIZED,True,SINGLE,1.0,True,False,PARALLEL,True,active,True,,,,,False,False,False,False,False,0,False,UNDECIDED,False,False
NCT03026413,2015.0,<=2015,NA,proc_device,2,180.0,OTHER,COMPLETED,RANDOMIZED,True,SINGLE,1.0,True,False,PARALLEL,True,active,True,,,,,False,True,False,False,True,0,False,NO,False,True
NCT00789139,2008.0,<=2015,PHASE4,proc_device,1,47.0,OTHER,COMPLETED,NA,False,NONE,0.0,False,False,SINGLE_GROUP,False,none/single-group,False,,,,,True,False,False,False,False,0,False,,False,True
NCT02703454,2016.0,2016-2020,NA,proc_device,2,51.0,INDUSTRY,TERMINATED,RANDOMIZED,True,SINGLE,1.0,True,False,PARALLEL,True,active,True,51.0,24.0,0.5294117647058824,False,False,True,False,True,False,0,False,UNDECIDED,False,True
NCT04580953,2021.0,2021-2026,NA,proc_device,1,11.0,INDUSTRY,COMPLETED,NA,False,NONE,0.0,False,False,SINGLE_GROUP,False,none/single-group,False,,,,,False,False,False,False,False,0,False,,False,
NCT04983797,2021.0,2021-2026,NA,proc_device,1,31.0,INDUSTRY,COMPLETED,NA,False,NONE,0.0,False,False,SINGLE_GROUP,True,none/single-group,False,31.0,31.0,0.0,True,False,False,False,True,False,1,True,YES,True,False
NCT04377594,2020.0,2016-2020,NA,proc_device,2,200.0,OTHER,ACTIVE_NOT_RECRUITING,RANDOMIZED,True,SINGLE,1.0,True,False,PARALLEL,True,active,True,,,,,False,True,False,False,False,0,False,NO,False,False
NCT05466266,2022.0,2021-2026,NA,proc_device,2,1200.0,OTHER,UNKNOWN,RANDOMIZED,True,SINGLE,1.0,True,False,PARALLEL,True,active,True,,,,,False,False,False,False,False,1,True,NO,False,
NCT01116557,2010.0,<=2015,PHASE4,proc_device,2,79.0,INDUSTRY,TERMINATED,RANDOMIZED,True,NONE,0.0,False,False,FACTORIAL,False,active,True,,,,,True,True,False,False,False,0,False,,False,True
NCT00846924,2009.0,<=2015,NA,proc_device,2,564.0,OTHER,UNKNOWN,RANDOMIZED,True,NONE,0.0,False,False,PARALLEL,True,active,True,,,,,False,False,False,False,False,2,True,,False,False
NCT07295769,2026.0,2021-2026,NA,proc_device,1,100.0,OTHER,RECRUITING,NA,False,NONE,0.0,False,False,SINGLE_GROUP,True,none/single-group,False,,,,,False,False,False,False,False,0,False,NO,False,False
NCT07078071,2022.0,2021-2026,NA,proc_device,3,199.0,INDUSTRY,COMPLETED,NON_RANDOMIZED,False,SINGLE,1.0,True,False,PARALLEL,True,none/single-group,False,,,,,False,False,True,False,False,0,False,,False,
NCT03204695,2017.0,2016-2020,NA,both,1,27.0,INDUSTRY,TERMINATED,NA,False,NONE,0.0,False,False,SINGLE_GROUP,False,none/single-group,False,27.0,23.0,0.14814814814814814,True,False,False,False,True,False,0,False,UNDECIDED,False,True
NCT07421076,2026.0,2021-2026,NA,proc_device,1,200.0,INDUSTRY,RECRUITING,NA,False,NONE,0.0,False,False,SINGLE_GROUP,True,none/single-group,False,,,,,False,True,False,False,False,0,False,NO,False,False
NCT03443232,2018.0,2016-2020,NA,proc_device,2,106.0,OTHER,COMPLETED,RANDOMIZED,True,QUADRUPLE,4.0,True,True,PARALLEL,True,none/single-group,False,,,,,False,True,False,False,False,0,False,,False,
NCT04855890,2021.0,2021-2026,NA,proc_device,2,170.0,OTHER,UNKNOWN,RANDOMIZED,True,NONE,0.0,False,False,PARALLEL,True,active,True,,,,,False,True,False,False,False,0,False,NO,False,False
NCT03242941,2018.0,2016-2020,NA,proc_device,1,16.0,INDUSTRY,COMPLETED,NA,False,NONE,0.0,False,False,SINGLE_GROUP,False,none/single-group,False,16.0,14.0,0.125,True,False,True,False,True,False,0,False,NO,False,False
NCT07059208,2025.0,2021-2026,NA,proc_device,2,172.0,OTHER,NOT_YET_RECRUITING,RANDOMIZED,True,NONE,0.0,False,False,PARALLEL,True,active,True,,,,,False,True,False,False,False,0,False,YES,True,False
NCT05153642,2016.0,2016-2020,NA,proc_device,2,50.0,OTHER,UNKNOWN,RANDOMIZED,True,SINGLE,1.0,True,False,PARALLEL,True,no-intervention,True,,,,,False,True,False,False,False,0,False,YES,True,False
NCT02378116,2011.0,<=2015,NA,proc_device,2,205.0,OTHER,COMPLETED,RANDOMIZED,True,NONE,0.0,False,False,PARALLEL,True,active,True,,,,,False,False,False,False,False,2,True,,False,False
NCT01898910,2012.0,<=2015,PHASE2,both,2,80.0,NETWORK,COMPLETED,RANDOMIZED,True,DOUBLE,2.0,True,True,PARALLEL,True,active,True,,,,,False,True,False,False,False,0,False,,False,True
NCT03564951,2019.0,2016-2020,NA,proc_device,2,3.0,OTHER,COMPLETED,RANDOMIZED,True,NONE,0.0,False,False,PARALLEL,False,active,True,,,,,False,True,False,False,False,0,False,,False,False
NCT05618340,2022.0,2021-2026,NA,proc_device,1,149.0,INDUSTRY,COMPLETED,NA,False,NONE,0.0,False,False,SINGLE_GROUP,True,none/single-group,False,,,,,False,True,False,False,False,0,False,NO,False,False
NCT05120193,2021.0,2021-2026,NA,proc_device,2,477.0,INDUSTRY,COMPLETED,RANDOMIZED,True,SINGLE,1.0,True,False,PARALLEL,True,active,True,420.0,408.0,0.02857142857142858,True,False,True,False,True,False,4,True,NO,False,True
NCT06627959,2025.0,2021-2026,NA,proc_device,2,160.0,OTHER,ACTIVE_NOT_RECRUITING,RANDOMIZED,True,NONE,0.0,False,False,PARALLEL,True,active,True,,,,,False,True,False,False,False,0,False,NO,False,True
NCT02783898,2016.0,2016-2020,NA,proc_device,2,243.0,OTHER_GOV,COMPLETED,RANDOMIZED,True,NONE,0.0,False,False,PARALLEL,True,no-intervention,True,242.0,240.0,0.008264462809917328,True,False,False,False,True,False,2,True,NO,False,False
NCT03966976,2018.0,2016-2020,PHASE4,proc_device,2,20.0,OTHER,UNKNOWN,RANDOMIZED,True,NONE,0.0,False,False,PARALLEL,False,active,True,,,,,True,False,False,False,False,0,False,NO,False,False
NCT00263757,2009.0,<=2015,NA,proc_device,2,25.0,OTHER,COMPLETED,RANDOMIZED,True,NONE,0.0,False,False,PARALLEL,False,none/single-group,False,25.0,9.0,0.64,False,False,True,False,True,False,1,True,,False,True
NCT06924151,2025.0,2021-2026,NA,proc_device,2,800.0,OTHER,RECRUITING,RANDOMIZED,True,NONE,0.0,False,False,PARALLEL,True,active,True,,,,,False,True,False,False,False,0,False,NO,False,True
NCT06700226,2024.0,2021-2026,NA,proc_device,1,10.0,INDUSTRY,COMPLETED,NA,False,NONE,0.0,False,False,SINGLE_GROUP,False,none/single-group,False,,,,,False,False,False,False,False,0,False,NO,False,False
NCT04659213,2021.0,2021-2026,NA,proc_device,2,129.0,INDUSTRY,COMPLETED,RANDOMIZED,True,DOUBLE,2.0,True,True,PARALLEL,True,no-intervention,True,,,,,False,False,False,False,False,0,False,,False,False
NCT01812356,2013.0,<=2015,NA,proc_device,2,60.0,OTHER,COMPLETED,RANDOMIZED,True,NONE,0.0,False,False,PARALLEL,True,active,True,,,,,False,True,False,False,False,0,False,NO,False,False
NCT04226547,2020.0,2016-2020,NA,both,2,2650.0,INDUSTRY,ACTIVE_NOT_RECRUITING,RANDOMIZED,True,SINGLE,1.0,True,False,PARALLEL,True,active,True,,,,,False,True,False,False,False,1,True,NO,False,True
NCT06652191,2024.0,2021-2026,NA,proc_device,2,336.0,OTHER,NOT_YET_RECRUITING,RANDOMIZED,True,DOUBLE,2.0,True,True,PARALLEL,True,active,True,,,,,False,False,False,False,True,0,False,,False,
NCT07515040,2025.0,2021-2026,NA,proc_device,2,80.0,OTHER,RECRUITING,RANDOMIZED,True,NONE,0.0,False,False,PARALLEL,True,active,True,,,,,False,True,False,False,True,0,False,,False,True
NCT01900678,2013.0,<=2015,NA,proc_device,1,7.0,INDUSTRY,COMPLETED,NA,False,NONE,0.0,False,False,SINGLE_GROUP,False,none/single-group,False,,,,,False,True,False,False,False,0,False,,False,True
NCT05086861,2016.0,2016-2020,NA,proc_device,1,52.0,OTHER,COMPLETED,NA,False,NONE,0.0,False,False,SINGLE_GROUP,True,none/single-group,False,,,,,False,False,False,False,False,0,False,NO,False,False
NCT06739512,2024.0,2021-2026,NA,proc_device,3,600.0,OTHER,NOT_YET_RECRUITING,RANDOMIZED,True,DOUBLE,2.0,True,True,PARALLEL,True,placebo/sham,True,,,,,False,True,True,False,False,0,False,YES,True,True
NCT06029166,2023.0,2021-2026,NA,proc_device,1,100.0,OTHER,NOT_YET_RECRUITING,NA,False,NONE,0.0,False,False,SINGLE_GROUP,True,none/single-group,False,,,,,False,False,False,False,False,0,False,UNDECIDED,False,True
NCT02034526,2014.0,<=2015,NA,proc_device,2,540.0,OTHER,COMPLETED,RANDOMIZED,True,NONE,0.0,False,False,PARALLEL,True,placebo/sham,True,,,,,False,True,False,False,False,1,True,,False,False
NCT01814111,2012.0,<=2015,NA,proc_device,2,100.0,OTHER,UNKNOWN,RANDOMIZED,True,SINGLE,1.0,True,False,PARALLEL,True,no-intervention,True,,,,,False,True,False,False,False,0,False,,False,True
NCT02713737,2016.0,2016-2020,PHASE4,proc_device,2,80.0,OTHER,UNKNOWN,RANDOMIZED,True,NONE,0.0,False,False,PARALLEL,False,active,True,,,,,True,True,False,False,True,0,False,NO,False,False
NCT03003975,2014.0,<=2015,NA,proc_device,2,140.0,OTHER,COMPLETED,RANDOMIZED,True,NONE,0.0,False,False,PARALLEL,True,active,True,,,,,False,True,False,False,False,0,False,NO,False,False
NCT07300358,2025.0,2021-2026,NA,proc_device,2,258.0,OTHER,NOT_YET_RECRUITING,RANDOMIZED,True,TRIPLE,3.0,True,True,PARALLEL,True,active,True,,,,,False,False,False,False,False,0,False,NO,False,False
NCT07532317,2026.0,2021-2026,NA,proc_device,2,778.0,INDUSTRY,NOT_YET_RECRUITING,RANDOMIZED,True,NONE,0.0,False,False,PARALLEL,True,no-intervention,True,,,,,False,True,False,False,False,0,False,NO,False,True
NCT04522024,2020.0,2016-2020,NA,proc_device,2,150.0,OTHER,UNKNOWN,RANDOMIZED,True,SINGLE,1.0,True,False,PARALLEL,True,active,True,,,,,False,True,False,False,False,0,False,,False,
NCT04468334,2020.0,2016-2020,NA,proc_device,1,82.0,INDUSTRY,COMPLETED,NA,False,NONE,0.0,False,False,SINGLE_GROUP,True,none/single-group,False,,,,,False,True,False,False,False,0,False,,False,True
NCT05323786,2022.0,2021-2026,NA,proc_device,2,96.0,OTHER,COMPLETED,RANDOMIZED,True,SINGLE,1.0,True,False,PARALLEL,True,placebo/sham,True,,,,,False,False,False,False,False,1,True,NO,False,False
NCT01593150,2011.0,<=2015,NA,both,3,141.0,OTHER,COMPLETED,RANDOMIZED,True,SINGLE,1.0,True,False,PARALLEL,True,active,True,,,,,False,True,True,False,False,0,False,,False,
NCT03854006,2019.0,2016-2020,NA,proc_device,2,40.0,OTHER,UNKNOWN,RANDOMIZED,True,NONE,0.0,False,False,PARALLEL,True,active,True,,,,,False,True,False,False,False,0,False,UNDECIDED,False,
NCT01724437,2009.0,<=2015,NA,proc_device,2,102.0,OTHER,COMPLETED,RANDOMIZED,True,NONE,0.0,False,False,PARALLEL,True,active,True,,,,,False,True,False,False,False,1,True,,False,
NCT06005233,2024.0,2021-2026,NA,proc_device,1,400.0,OTHER,RECRUITING,NA,False,NONE,0.0,False,False,SINGLE_GROUP,True,none/single-group,False,,,,,False,False,False,False,False,0,False,,False,True
NCT03221764,2017.0,2016-2020,PHASE2,both,1,20.0,OTHER,COMPLETED,NA,False,NONE,0.0,False,False,SINGLE_GROUP,False,none/single-group,False,20.0,20.0,0.0,True,False,True,False,True,False,0,False,,False,
NCT04376606,2020.0,2016-2020,NA,proc_device,3,105.0,OTHER,COMPLETED,RANDOMIZED,True,DOUBLE,2.0,True,True,PARALLEL,True,none/single-group,False,,,,,False,True,True,False,False,0,False,,False,
NCT03437733,2018.0,2016-2020,NA,proc_device,1,98.0,INDUSTRY,COMPLETED,NA,False,NONE,0.0,False,False,SINGLE_GROUP,True,none/single-group,False,98.0,95.0,0.030612244897959218,True,False,True,False,True,False,1,True,,False,True
NCT06836999,2025.0,2021-2026,NA,proc_device,2,1334.0,OTHER,NOT_YET_RECRUITING,RANDOMIZED,True,DOUBLE,2.0,True,True,PARALLEL,True,placebo/sham,True,,,,,False,True,False,False,False,0,False,NO,False,False
NCT07456540,2026.0,2021-2026,NA,proc_device,5,1125.0,OTHER,NOT_YET_RECRUITING,RANDOMIZED,True,DOUBLE,2.0,True,True,PARALLEL,True,active,True,,,,,False,True,True,False,False,0,False,NO,False,False
NCT01477983,2011.0,<=2015,PHASE4,both,4,2113.0,OTHER,COMPLETED,RANDOMIZED,True,NONE,0.0,False,False,PARALLEL,True,active,True,,,,,True,True,True,False,False,0,False,,False,True
NCT04204330,2019.0,2016-2020,NA,proc_device,1,5000.0,OTHER,COMPLETED,NA,False,NONE,0.0,False,False,SINGLE_GROUP,True,none/single-group,False,,,,,False,False,False,False,False,0,False,NO,False,False
NCT02248753,2014.0,<=2015,NA,both,2,437.0,OTHER,COMPLETED,RANDOMIZED,True,NONE,0.0,False,False,PARALLEL,True,active,True,,,,,False,True,False,False,False,2,True,,False,True
NCT01925885,2013.0,<=2015,NA,proc_device,2,1.0,OTHER,TERMINATED,RANDOMIZED,True,NONE,0.0,False,False,PARALLEL,False,active,True,,,,,False,False,False,False,False,0,False,,False,True
NCT05599308,2022.0,2021-2026,NA,proc_device,2,574.0,INDUSTRY,COMPLETED,NON_RANDOMIZED,False,NONE,0.0,False,False,PARALLEL,True,active,True,,,,,False,False,False,False,False,0,False,NO,False,False
NCT05883631,2023.0,2021-2026,NA,proc_device,2,400.0,INDUSTRY,ACTIVE_NOT_RECRUITING,NON_RANDOMIZED,False,NONE,0.0,False,False,SINGLE_GROUP,True,none/single-group,False,,,,,False,True,False,False,False,0,False,NO,False,False
NCT01503268,2012.0,<=2015,PHASE4,proc_device,3,0.0,OTHER,WITHDRAWN,RANDOMIZED,True,NONE,0.0,False,False,PARALLEL,False,active,True,,,,,True,True,True,False,False,0,False,,False,True
NCT03912324,2021.0,2021-2026,NA,proc_device,3,220.0,OTHER,UNKNOWN,RANDOMIZED,True,NONE,0.0,False,False,PARALLEL,True,active,True,,,,,False,True,True,False,False,0,False,NO,False,True
NCT05717504,2023.0,2021-2026,NA,proc_device,2,25.0,OTHER,UNKNOWN,RANDOMIZED,True,NONE,0.0,False,False,PARALLEL,False,active,True,,,,,False,False,False,False,False,0,False,,False,False
NCT02428140,2015.0,<=2015,NA,proc_device,2,300.0,OTHER,COMPLETED,RANDOMIZED,True,NONE,0.0,False,False,SINGLE_GROUP,True,none/single-group,False,300.0,300.0,0.0,True,False,False,False,True,True,0,False,,False,False
NCT07012460,2025.0,2021-2026,NA,proc_device,1,30.0,OTHER,NOT_YET_RECRUITING,NA,False,NONE,0.0,False,False,SINGLE_GROUP,True,none/single-group,False,,,,,False,True,False,False,False,0,False,,False,False
NCT03810820,2018.0,2016-2020,NA,proc_device,1,240.0,OTHER,UNKNOWN,NA,False,NONE,0.0,False,False,SINGLE_GROUP,True,none/single-group,False,,,,,False,False,False,False,False,1,True,NO,False,True
NCT02914860,2016.0,2016-2020,PHASE1;PHASE2,proc_device,4,60.0,NETWORK,UNKNOWN,NON_RANDOMIZED,False,NONE,0.0,False,False,PARALLEL,True,active,True,,,,,False,True,True,False,False,0,False,,False,False
NCT06620705,2024.0,2021-2026,NA,proc_device,2,34.0,OTHER,RECRUITING,RANDOMIZED,True,DOUBLE,2.0,True,True,CROSSOVER,True,active,True,,,,,False,True,False,False,False,0,False,YES,True,True
NCT06654401,2024.0,2021-2026,NA,proc_device,2,125.0,OTHER,RECRUITING,RANDOMIZED,True,TRIPLE,3.0,True,True,PARALLEL,True,active,True,,,,,False,True,False,False,False,0,False,NO,False,False
NCT04193826,2019.0,2016-2020,NA,proc_device,1,20.0,INDUSTRY,COMPLETED,NA,False,NONE,0.0,False,False,SINGLE_GROUP,False,none/single-group,False,20.0,17.0,0.15000000000000002,True,False,True,False,True,False,1,True,NO,False,False
NCT04111731,2020.0,2016-2020,NA,proc_device,2,44.0,OTHER,COMPLETED,RANDOMIZED,True,NONE,0.0,False,False,PARALLEL,True,active,True,,,,,False,True,False,False,False,0,False,NO,False,False
NCT05760833,2022.0,2021-2026,NA,proc_device,2,0.0,OTHER,WITHDRAWN,RANDOMIZED,True,NONE,0.0,False,False,CROSSOVER,False,active,True,,,,,False,True,False,False,False,0,False,UNDECIDED,False,True
NCT06019845,2024.0,2021-2026,NA,proc_device,1,150.0,INDUSTRY,RECRUITING,NA,False,NONE,0.0,False,False,SINGLE_GROUP,True,none/single-group,False,,,,,False,True,False,False,False,0,False,NO,False,True
NCT05115214,2021.0,2021-2026,NA,proc_device,1,150.0,INDUSTRY,RECRUITING,NA,False,NONE,0.0,False,False,SINGLE_GROUP,True,none/single-group,False,,,,,False,True,False,False,False,0,False,NO,False,True
NCT06845085,2025.0,2021-2026,NA,proc_device,2,180.0,OTHER,NOT_YET_RECRUITING,RANDOMIZED,True,TRIPLE,3.0,True,True,PARALLEL,True,active,True,,,,,False,True,False,False,False,0,False,,False,False
NCT05633797,2023.0,2021-2026,NA,proc_device,1,152.0,OTHER,TERMINATED,NA,False,NONE,0.0,False,False,SINGLE_GROUP,True,none/single-group,False,,,,,False,False,False,False,False,0,False,NO,False,False
NCT01522911,2010.0,<=2015,NA,proc_device,1,50.0,OTHER,UNKNOWN,NA,False,NONE,0.0,False,False,SINGLE_GROUP,True,none/single-group,False,,,,,False,True,False,False,False,0,False,,False,False
NCT03012841,2017.0,2016-2020,NA,proc_device,1,186.0,INDUSTRY,COMPLETED,NA,False,NONE,0.0,False,False,SINGLE_GROUP,True,none/single-group,False,186.0,145.0,0.22043010752688175,False,False,True,False,True,False,1,True,NO,False,False
NCT03775512,2019.0,2016-2020,NA,proc_device,2,283.0,INDUSTRY,COMPLETED,NON_RANDOMIZED,False,NONE,0.0,False,False,SEQUENTIAL,True,none/single-group,False,283.0,237.0,0.16254416961130747,True,False,True,False,True,False,1,True,,False,
NCT01056328,2010.0,<=2015,NA,proc_device,2,324.0,INDUSTRY,COMPLETED,RANDOMIZED,True,SINGLE,1.0,True,False,PARALLEL,True,active,True,324.0,291.0,0.10185185185185186,True,False,True,False,True,False,0,False,,False,True
NCT05643235,2023.0,2021-2026,NA,proc_device,1,50.0,OTHER,RECRUITING,NA,False,NONE,0.0,False,False,SINGLE_GROUP,True,none/single-group,False,,,,,False,False,False,False,False,0,False,NO,False,False
NCT06846502,2023.0,2021-2026,NA,proc_device,1,42.0,OTHER,ACTIVE_NOT_RECRUITING,NA,False,NONE,0.0,False,False,SINGLE_GROUP,True,none/single-group,False,,,,,False,True,False,False,False,0,False,,False,False
NCT03489096,2019.0,2016-2020,NA,proc_device,1,0.0,OTHER,WITHDRAWN,NA,False,NONE,0.0,False,False,SINGLE_GROUP,False,none/single-group,False,,,,,False,True,False,False,False,0,False,NO,False,False
NCT01851525,2013.0,<=2015,NA,proc_device,2,120.0,OTHER,COMPLETED,RANDOMIZED,True,NONE,0.0,False,False,PARALLEL,True,active,True,,,,,False,True,False,False,False,0,False,,False,False
NCT04685317,2023.0,2021-2026,NA,proc_device,2,48.0,OTHER,RECRUITING,RANDOMIZED,True,NONE,0.0,False,False,PARALLEL,True,active,True,,,,,False,False,False,False,False,0,False,NO,False,True
NCT03706677,2019.0,2016-2020,NA,proc_device,2,69.0,INDUSTRY,COMPLETED,RANDOMIZED,True,TRIPLE,3.0,True,True,PARALLEL,True,active,True,,,,,False,True,False,False,False,0,False,,False,True
NCT05316350,2022.0,2021-2026,NA,proc_device,2,685.0,INDUSTRY,COMPLETED,NON_RANDOMIZED,False,NONE,0.0,False,False,PARALLEL,True,none/single-group,False,,,,,False,False,False,False,False,0,False,NO,False,False
NCT06953778,2027.0,2021-2026,NA,proc_device,2,24060.0,FED,NOT_YET_RECRUITING,RANDOMIZED,True,NONE,0.0,False,False,PARALLEL,True,no-intervention,True,,,,,False,False,False,False,False,0,False,NO,False,False
NCT01319747,2010.0,<=2015,NA,proc_device,2,77.0,OTHER,TERMINATED,RANDOMIZED,True,NONE,0.0,False,False,SINGLE_GROUP,True,active,True,,,,,False,True,False,False,False,0,False,,False,False
NCT00170313,2003.0,<=2015,PHASE4,proc_device,2,100.0,INDUSTRY,TERMINATED,RANDOMIZED,True,SINGLE,1.0,True,False,PARALLEL,True,active,True,,,,,True,True,False,False,False,0,False,NO,False,False
NCT03515083,2017.0,2016-2020,NA,proc_device,2,100.0,OTHER,COMPLETED,RANDOMIZED,True,NONE,0.0,False,False,PARALLEL,True,no-intervention,True,,,,,False,False,False,False,False,2,True,NO,False,False
NCT02378155,2015.0,<=2015,NA,proc_device,2,60.0,OTHER,COMPLETED,NON_RANDOMIZED,False,NONE,0.0,False,False,PARALLEL,True,none/single-group,False,,,,,False,False,False,False,False,0,False,,False,False
NCT04092621,2019.0,2016-2020,PHASE4,both,2,40.0,OTHER,UNKNOWN,RANDOMIZED,True,NONE,0.0,False,False,PARALLEL,False,active,True,,,,,True,True,False,False,True,0,False,NO,False,False
NCT07575828,2026.0,2021-2026,NA,proc_device,1,320.0,INDUSTRY,NOT_YET_RECRUITING,NA,False,NONE,0.0,False,False,SINGLE_GROUP,True,none/single-group,False,,,,,False,True,False,False,False,0,False,NO,False,False
NCT02675114,2016.0,2016-2020,NA,proc_device,2,1000.0,INDUSTRY,ACTIVE_NOT_RECRUITING,RANDOMIZED,True,NONE,0.0,False,False,PARALLEL,True,active,True,1000.0,914.0,0.08599999999999997,True,False,True,False,True,False,13,True,NO,False,True
NCT07586176,2024.0,2021-2026,NA,proc_device,1,152.0,INDUSTRY,ACTIVE_NOT_RECRUITING,NA,False,NONE,0.0,False,False,SINGLE_GROUP,True,none/single-group,False,,,,,False,True,False,False,False,0,False,NO,False,False
NCT07034378,2021.0,2021-2026,NA,proc_device,3,288.0,OTHER,COMPLETED,RANDOMIZED,True,NONE,0.0,False,False,PARALLEL,True,active,True,,,,,False,True,True,False,False,0,False,NO,False,False
NCT06829446,2022.0,2021-2026,NA,proc_device,2,132.0,OTHER,COMPLETED,RANDOMIZED,True,SINGLE,1.0,True,False,PARALLEL,True,placebo/sham,True,,,,,False,True,False,False,False,0,False,NO,False,True
NCT07441382,2026.0,2021-2026,NA,both,2,200.0,OTHER,RECRUITING,RANDOMIZED,True,NONE,0.0,False,False,PARALLEL,True,active,True,,,,,False,True,False,False,False,0,False,YES,True,True
NCT01990911,2013.0,<=2015,NA,both,2,80.0,OTHER,COMPLETED,RANDOMIZED,True,SINGLE,1.0,True,False,PARALLEL,True,placebo/sham,True,,,,,False,False,False,False,False,0,False,,False,True
NCT02799043,2016.0,2016-2020,NA,proc_device,2,269.0,INDUSTRY,COMPLETED,RANDOMIZED,True,NONE,0.0,False,False,PARALLEL,True,active,True,269.0,243.0,0.09665427509293678,True,False,False,False,True,False,0,False,NO,False,True
NCT05116384,2023.0,2021-2026,NA,proc_device,2,50.0,OTHER,RECRUITING,RANDOMIZED,True,TRIPLE,3.0,True,True,PARALLEL,True,active,True,,,,,False,True,False,False,True,0,False,NO,False,True
NCT05461612,2022.0,2021-2026,NA,proc_device,1,30.0,INDUSTRY,UNKNOWN,NA,False,NONE,0.0,False,False,SINGLE_GROUP,True,none/single-group,False,,,,,False,True,False,False,False,0,False,,False,False
NCT04055285,2020.0,2016-2020,NA,proc_device,2,30.0,OTHER,UNKNOWN,RANDOMIZED,True,NONE,0.0,False,False,PARALLEL,True,active,True,,,,,False,True,False,False,False,0,False,NO,False,
NCT01580124,2010.0,<=2015,NA,proc_device,2,150.0,OTHER,COMPLETED,RANDOMIZED,True,NONE,0.0,False,False,PARALLEL,True,active,True,,,,,False,True,False,False,False,1,True,NO,False,False
NCT01672346,2013.0,<=2015,PHASE3,proc_device,2,188.0,OTHER,UNKNOWN,RANDOMIZED,True,NONE,0.0,False,False,PARALLEL,True,active,True,,,,,True,True,False,False,False,0,False,,False,False
NCT07444320,2026.0,2021-2026,NA,proc_device,1,200.0,INDUSTRY,RECRUITING,NA,False,NONE,0.0,False,False,SINGLE_GROUP,True,none/single-group,False,,,,,False,True,False,False,False,0,False,,False,False
NCT03700372,2017.0,2016-2020,,proc_device,1,7.0,INDUSTRY,COMPLETED,NA,False,NONE,0.0,False,False,SINGLE_GROUP,False,none/single-group,False,7.0,7.0,0.0,True,False,True,False,True,False,0,False,UNDECIDED,False,True
NCT04624646,2020.0,2016-2020,NA,proc_device,3,337.0,OTHER,ACTIVE_NOT_RECRUITING,RANDOMIZED,True,NONE,0.0,False,False,PARALLEL,True,active,True,,,,,False,False,True,False,False,0,False,,False,True
NCT05147792,2022.0,2021-2026,NA,proc_device,2,1600.0,INDUSTRY,RECRUITING,RANDOMIZED,True,NONE,0.0,False,False,PARALLEL,True,active,True,,,,,False,False,False,False,False,0,False,NO,False,True
NCT07459387,2025.0,2021-2026,NA,proc_device,1,1000.0,OTHER,RECRUITING,NA,False,NONE,0.0,False,False,SINGLE_GROUP,True,none/single-group,False,,,,,False,True,False,False,False,0,False,UNDECIDED,False,False
NCT02132767,2014.0,<=2015,PHASE3,both,2,523.0,OTHER,COMPLETED,RANDOMIZED,True,NONE,0.0,False,False,PARALLEL,True,active,True,523.0,491.0,0.06118546845124284,True,True,True,False,True,False,2,True,,False,True
NCT07095959,2025.0,2021-2026,NA,proc_device,2,340.0,OTHER,RECRUITING,RANDOMIZED,True,SINGLE,1.0,True,False,PARALLEL,True,active,True,,,,,False,True,False,False,False,0,False,NO,False,True
NCT04124328,2019.0,2016-2020,NA,proc_device,2,74.0,OTHER,COMPLETED,RANDOMIZED,True,NONE,0.0,False,False,PARALLEL,True,active,True,,,,,False,True,False,False,False,1,True,,False,
NCT01522898,2013.0,<=2015,NA,both,2,145.0,OTHER,COMPLETED,RANDOMIZED,True,NONE,0.0,False,False,PARALLEL,True,active,True,,,,,False,True,False,False,False,1,True,,False,True
NCT03064451,2017.0,2016-2020,NA,proc_device,1,60.0,INDUSTRY,COMPLETED,NA,False,NONE,0.0,False,False,SINGLE_GROUP,True,none/single-group,False,60.0,46.0,0.23333333333333328,False,False,True,False,True,False,0,False,UNDECIDED,False,True
NCT01278953,2011.0,<=2015,NA,proc_device,2,300.0,INDUSTRY,COMPLETED,RANDOMIZED,True,SINGLE,1.0,True,False,PARALLEL,True,active,True,300.0,280.0,0.06666666666666665,True,False,True,False,True,False,1,True,,False,True
NCT02783157,2016.0,2016-2020,NA,proc_device,2,2.0,OTHER,TERMINATED,RANDOMIZED,True,QUADRUPLE,4.0,True,True,PARALLEL,False,placebo/sham,True,,,,,False,False,False,False,False,0,False,UNDECIDED,False,True
NCT02514876,2015.0,<=2015,EARLY_PHASE1,proc_device,1,10.0,INDUSTRY,COMPLETED,NA,False,NONE,0.0,False,False,SINGLE_GROUP,False,none/single-group,False,,,,,False,False,False,False,False,0,False,,False,
NCT07007000,2025.0,2021-2026,NA,proc_device,1,10.0,OTHER,NOT_YET_RECRUITING,NA,False,NONE,0.0,False,False,SINGLE_GROUP,False,none/single-group,False,,,,,False,True,False,False,False,0,False,,False,False
NCT02463851,2015.0,<=2015,NA,proc_device,2,212.0,OTHER,COMPLETED,RANDOMIZED,True,NONE,0.0,False,False,PARALLEL,True,active,True,,,,,False,True,False,False,False,0,False,,False,False
NCT06405750,2024.0,2021-2026,NA,proc_device,1,1000.0,OTHER,RECRUITING,NA,False,NONE,0.0,False,False,SINGLE_GROUP,True,none/single-group,False,,,,,False,False,False,False,False,0,False,,False,True
NCT04356040,2020.0,2016-2020,NA,proc_device,2,355.0,INDUSTRY,COMPLETED,NON_RANDOMIZED,False,NONE,0.0,False,False,PARALLEL,True,none/single-group,False,355.0,316.0,0.10985915492957743,True,False,True,False,True,False,0,False,NO,False,True
NCT02583178,2017.0,2016-2020,NA,proc_device,1,7.0,INDUSTRY,UNKNOWN,NA,False,NONE,0.0,False,False,SINGLE_GROUP,False,none/single-group,False,,,,,False,True,False,False,False,0,False,UNDECIDED,False,True
NCT00514735,2007.0,<=2015,PHASE3,both,2,210.0,INDUSTRY,COMPLETED,RANDOMIZED,True,NONE,0.0,False,False,PARALLEL,True,active,True,210.0,190.0,0.09523809523809523,True,True,True,False,True,False,0,False,,False,True
NCT06575348,2024.0,2021-2026,NA,proc_device,1,52.0,OTHER,COMPLETED,NA,False,NONE,0.0,False,False,SINGLE_GROUP,True,none/single-group,False,,,,,False,False,False,False,False,0,False,YES,True,
NCT02664311,2013.0,<=2015,NA,proc_device,2,21.0,OTHER,TERMINATED,RANDOMIZED,True,SINGLE,1.0,True,False,SINGLE_GROUP,False,placebo/sham,True,9.0,9.0,0.0,True,False,True,False,True,False,0,False,YES,True,True
NCT02204566,2013.0,<=2015,NA,proc_device,1,6.0,OTHER,COMPLETED,NA,False,NONE,0.0,False,False,SINGLE_GROUP,False,none/single-group,False,5.0,1.0,0.8,False,False,False,False,True,False,0,False,,False,False
NCT06021808,2024.0,2021-2026,NA,both,2,290.0,OTHER_GOV,RECRUITING,RANDOMIZED,True,SINGLE,1.0,True,False,PARALLEL,True,active,True,,,,,False,False,False,False,False,1,True,NO,False,True
NCT07612683,2026.0,2021-2026,NA,proc_device,2,1600.0,OTHER,NOT_YET_RECRUITING,RANDOMIZED,True,SINGLE,1.0,True,False,PARALLEL,True,active,True,,,,,False,True,False,False,False,0,False,NO,False,True
NCT04461691,2018.0,2016-2020,NA,proc_device,2,1420.0,OTHER,COMPLETED,NON_RANDOMIZED,False,NONE,0.0,False,False,SINGLE_GROUP,True,none/single-group,False,,,,,False,True,False,False,False,1,True,,False,
NCT06892808,2025.0,2021-2026,NA,proc_device,2,212.0,OTHER,ACTIVE_NOT_RECRUITING,RANDOMIZED,True,SINGLE,1.0,True,False,PARALLEL,True,active,True,,,,,False,True,False,False,False,0,False,NO,False,True
NCT01057394,2009.0,<=2015,PHASE4,proc_device,2,21.0,INDUSTRY,TERMINATED,RANDOMIZED,True,NONE,0.0,False,False,PARALLEL,False,active,True,21.0,19.0,0.09523809523809523,True,True,True,False,True,False,0,False,,False,False
NCT02115100,2014.0,<=2015,NA,proc_device,2,145.0,OTHER,COMPLETED,RANDOMIZED,True,NONE,0.0,False,False,PARALLEL,True,active,True,,,,,False,True,False,False,False,1,True,,False,True
NCT05752487,2023.0,2021-2026,NA,proc_device,1,149.0,INDUSTRY,COMPLETED,NA,False,NONE,0.0,False,False,SINGLE_GROUP,True,none/single-group,False,149.0,137.0,0.08053691275167785,True,False,True,False,True,False,2,True,YES,True,True
NCT01570530,2011.0,<=2015,PHASE3,proc_device,2,90.0,OTHER,TERMINATED,RANDOMIZED,True,NONE,0.0,False,False,PARALLEL,False,active,True,,,,,True,False,False,False,False,0,False,,False,False
NCT01176617,2012.0,<=2015,NA,proc_device,2,44.0,OTHER,COMPLETED,RANDOMIZED,True,NONE,0.0,False,False,SINGLE_GROUP,True,no-intervention,True,38.0,38.0,0.0,True,False,False,False,True,True,0,False,,False,True
NCT07403760,2026.0,2021-2026,NA,proc_device,2,136.0,OTHER,RECRUITING,RANDOMIZED,True,TRIPLE,3.0,True,True,PARALLEL,True,placebo/sham,True,,,,,False,True,False,False,False,0,False,NO,False,True
NCT00506493,2007.0,<=2015,PHASE3,proc_device,0,75.0,INDUSTRY,COMPLETED,NON_RANDOMIZED,False,NONE,0.0,False,False,SINGLE_GROUP,False,none/single-group,False,75.0,64.0,0.1466666666666666,True,True,True,False,True,False,0,False,,False,True
NCT04513483,2020.0,2016-2020,NA,proc_device,2,25.0,OTHER,COMPLETED,RANDOMIZED,True,NONE,0.0,False,False,PARALLEL,False,placebo/sham,True,,,,,False,True,False,False,False,0,False,NO,False,False
NCT00587899,2007.0,<=2015,NA,proc_device,2,41.0,OTHER,TERMINATED,RANDOMIZED,True,SINGLE,1.0,True,False,PARALLEL,True,no-intervention,True,,,,,False,False,False,False,False,0,False,,False,False
NCT06617442,2022.0,2021-2026,NA,proc_device,2,150.0,OTHER,COMPLETED,RANDOMIZED,True,SINGLE,1.0,True,False,PARALLEL,True,active,True,,,,,False,True,False,False,False,1,True,NO,False,False
NCT04796714,2022.0,2021-2026,PHASE4,both,2,60.0,OTHER,RECRUITING,RANDOMIZED,True,NONE,0.0,False,False,PARALLEL,False,placebo/sham,True,,,,,True,True,False,False,True,0,False,,False,True
NCT04704791,2021.0,2021-2026,NA,proc_device,1,0.0,OTHER,WITHDRAWN,NA,False,NONE,0.0,False,False,SINGLE_GROUP,False,none/single-group,False,,,,,False,False,False,False,False,0,False,NO,False,
NCT05431972,2022.0,2021-2026,NA,proc_device,2,257.0,OTHER,COMPLETED,RANDOMIZED,True,NONE,0.0,False,False,PARALLEL,True,active,True,,,,,False,False,False,False,False,0,False,,False,
NCT00674401,2009.0,<=2015,NA,proc_device,2,232.0,OTHER,COMPLETED,RANDOMIZED,True,SINGLE,1.0,True,False,PARALLEL,True,active,True,,,,,False,True,False,False,False,1,True,,False,True
NCT01219621,2006.0,<=2015,PHASE3,proc_device,2,450.0,INDUSTRY,COMPLETED,RANDOMIZED,True,SINGLE,1.0,True,False,PARALLEL,True,active,True,,,,,True,True,False,False,True,1,True,,False,False
NCT04529928,2020.0,2016-2020,NA,proc_device,1,4.0,INDUSTRY,TERMINATED,NA,False,NONE,0.0,False,False,SINGLE_GROUP,False,none/single-group,False,,,,,False,True,False,False,False,0,False,NO,False,False
NCT00540787,2003.0,<=2015,PHASE4,both,2,112.0,INDUSTRY,COMPLETED,RANDOMIZED,True,NONE,0.0,False,False,PARALLEL,True,active,True,,,,,True,False,False,False,False,1,True,,False,
NCT05758805,2024.0,2021-2026,NA,proc_device,1,51.0,OTHER,UNKNOWN,NA,False,NONE,0.0,False,False,SINGLE_GROUP,True,none/single-group,False,,,,,False,False,False,False,False,0,False,NO,False,False
NCT04050969,2020.0,2016-2020,NA,proc_device,2,1.0,OTHER,TERMINATED,RANDOMIZED,True,NONE,0.0,False,False,PARALLEL,False,active,True,,,,,False,True,False,False,False,0,False,NO,False,True
NCT07389434,2026.0,2021-2026,NA,proc_device,2,200.0,OTHER,RECRUITING,RANDOMIZED,True,NONE,0.0,False,False,PARALLEL,True,active,True,,,,,False,True,False,False,False,0,False,NO,False,False
NCT04519489,2020.0,2016-2020,NA,proc_device,2,129.0,INDUSTRY,TERMINATED,RANDOMIZED,True,NONE,0.0,False,False,PARALLEL,True,none/single-group,False,,,,,False,True,False,False,False,0,False,NO,False,False
NCT07649603,2027.0,2021-2026,NA,proc_device,2,620.0,OTHER,NOT_YET_RECRUITING,RANDOMIZED,True,SINGLE,1.0,True,False,PARALLEL,True,active,True,,,,,False,False,False,False,True,0,False,YES,True,True
NCT02681042,2015.0,<=2015,NA,proc_device,1,9.0,OTHER,COMPLETED,NA,False,NONE,0.0,False,False,SINGLE_GROUP,False,none/single-group,False,9.0,6.0,0.33333333333333337,False,False,False,False,True,False,0,False,NO,False,True
NCT07162597,2025.0,2021-2026,NA,proc_device,1,200.0,OTHER,NOT_YET_RECRUITING,NA,False,NONE,0.0,False,False,SINGLE_GROUP,True,none/single-group,False,,,,,False,True,False,False,False,0,False,NO,False,False
NCT01984346,2013.0,<=2015,NA,proc_device,2,170.0,INDUSTRY,COMPLETED,RANDOMIZED,True,NONE,0.0,False,False,PARALLEL,True,active,True,170.0,148.0,0.12941176470588234,True,False,True,False,True,False,2,True,NO,False,True
NCT04939584,2021.0,2021-2026,NA,proc_device,1,6.0,INDUSTRY,TERMINATED,NA,False,NONE,0.0,False,False,SINGLE_GROUP,False,none/single-group,False,,,,,False,False,False,False,False,0,False,NO,False,False
NCT06615596,2025.0,2021-2026,EARLY_PHASE1,both,2,3160.0,OTHER_GOV,RECRUITING,RANDOMIZED,True,NONE,0.0,False,False,PARALLEL,True,active,True,,,,,False,True,False,False,False,0,False,NO,False,
NCT01490814,2011.0,<=2015,NA,proc_device,2,769.0,INDUSTRY,COMPLETED,RANDOMIZED,True,NONE,0.0,False,False,PARALLEL,True,active,True,762.0,750.0,0.015748031496062964,True,False,True,False,True,True,5,True,,False,True
NCT03732794,2019.0,2016-2020,NA,proc_device,1,150.0,INDUSTRY,ACTIVE_NOT_RECRUITING,NA,False,NONE,0.0,False,False,SINGLE_GROUP,True,none/single-group,False,,,,,False,True,False,False,False,1,True,YES,True,True
NCT07547449,2026.0,2021-2026,NA,proc_device,2,140.0,OTHER,NOT_YET_RECRUITING,RANDOMIZED,True,SINGLE,1.0,True,False,PARALLEL,True,active,True,,,,,False,False,False,False,False,0,False,UNDECIDED,False,True
NCT07008066,2025.0,2021-2026,NA,proc_device,2,60.0,OTHER,NOT_YET_RECRUITING,RANDOMIZED,True,SINGLE,1.0,True,False,PARALLEL,True,active,True,,,,,False,True,False,False,False,0,False,UNDECIDED,False,False
NCT06989775,2025.0,2021-2026,NA,proc_device,2,960.0,INDUSTRY,RECRUITING,RANDOMIZED,True,TRIPLE,3.0,True,True,PARALLEL,True,no-intervention,True,,,,,False,False,False,False,False,0,False,,False,True
NCT07021313,2025.0,2021-2026,NA,proc_device,2,378.0,OTHER,RECRUITING,RANDOMIZED,True,DOUBLE,2.0,True,True,PARALLEL,True,active,True,,,,,False,True,False,False,False,0,False,UNDECIDED,False,False
NCT05780996,2023.0,2021-2026,NA,proc_device,2,70.0,OTHER,UNKNOWN,RANDOMIZED,True,NONE,0.0,False,False,PARALLEL,True,active,True,,,,,False,True,False,False,False,0,False,NO,False,False
NCT01761188,2013.0,<=2015,NA,proc_device,2,220.0,OTHER,UNKNOWN,RANDOMIZED,True,SINGLE,1.0,True,False,PARALLEL,True,none/single-group,False,,,,,False,True,False,False,False,2,True,,False,True
NCT04479722,2021.0,2021-2026,NA,proc_device,2,210.0,INDUSTRY,ACTIVE_NOT_RECRUITING,RANDOMIZED,True,NONE,0.0,False,False,PARALLEL,True,active,True,,,,,False,False,False,False,False,1,True,YES,True,
NCT07360899,2025.0,2021-2026,NA,proc_device,1,200.0,OTHER,RECRUITING,NA,False,NONE,0.0,False,False,SINGLE_GROUP,True,none/single-group,False,,,,,False,True,False,False,False,0,False,YES,True,False
NCT01907828,2014.0,<=2015,NA,proc_device,2,61.0,INDUSTRY,COMPLETED,RANDOMIZED,True,NONE,0.0,False,False,PARALLEL,True,active,True,61.0,48.0,0.21311475409836067,False,False,True,False,True,False,1,True,NO,False,False
NCT04857268,2020.0,2016-2020,NA,proc_device,1,320.0,OTHER,UNKNOWN,NA,False,NONE,0.0,False,False,SINGLE_GROUP,True,none/single-group,False,,,,,False,False,False,False,True,1,True,NO,False,
NCT01206452,2010.0,<=2015,PHASE4,both,2,60.0,OTHER,COMPLETED,RANDOMIZED,True,DOUBLE,2.0,True,True,PARALLEL,False,placebo/sham,True,60.0,60.0,0.0,True,True,True,False,True,False,0,False,NO,False,False
NCT02269774,2014.0,<=2015,NA,proc_device,2,2.0,OTHER,TERMINATED,NON_RANDOMIZED,False,NONE,0.0,False,False,SINGLE_GROUP,False,no-intervention,True,,,,,False,False,False,False,False,0,False,,False,False
NCT07450755,2026.0,2021-2026,NA,proc_device,1,150.0,INDUSTRY,NOT_YET_RECRUITING,NA,False,NONE,0.0,False,False,SINGLE_GROUP,True,none/single-group,False,,,,,False,True,False,False,False,0,False,NO,False,False
NCT04896424,2015.0,<=2015,NA,proc_device,1,296.0,OTHER,COMPLETED,NA,False,NONE,0.0,False,False,SINGLE_GROUP,True,none/single-group,False,,,,,False,True,False,False,False,0,False,NO,False,False
NCT00589303,2007.0,<=2015,PHASE3,both,2,27.0,OTHER,TERMINATED,RANDOMIZED,True,NONE,0.0,False,False,PARALLEL,False,active,True,27.0,24.0,0.11111111111111116,True,True,True,False,True,False,0,False,,False,True
NCT01981590,2013.0,<=2015,NA,proc_device,1,15.0,INDUSTRY,COMPLETED,NA,False,NONE,0.0,False,False,SINGLE_GROUP,False,none/single-group,False,15.0,15.0,0.0,True,False,True,False,True,False,0,False,,False,False
NCT07564349,2025.0,2021-2026,NA,proc_device,6,150.0,OTHER,ACTIVE_NOT_RECRUITING,RANDOMIZED,True,NONE,0.0,False,False,PARALLEL,True,none/single-group,False,,,,,False,False,True,False,False,0,False,YES,True,False
NCT06386458,2022.0,2021-2026,NA,proc_device,2,177.0,INDUSTRY,COMPLETED,RANDOMIZED,True,NONE,0.0,False,False,PARALLEL,True,active,True,,,,,False,True,False,False,False,0,False,,False,False
NCT02755688,2015.0,<=2015,NA,proc_device,2,120.0,OTHER,UNKNOWN,RANDOMIZED,True,SINGLE,1.0,True,False,PARALLEL,True,active,True,,,,,False,True,False,False,False,2,True,NO,False,True
NCT03114124,2017.0,2016-2020,NA,proc_device,2,30.0,OTHER,COMPLETED,RANDOMIZED,True,SINGLE,1.0,True,False,PARALLEL,True,active,True,30.0,30.0,0.0,True,False,True,False,True,False,0,False,UNDECIDED,False,False
NCT00821353,2009.0,<=2015,PHASE3,both,2,90.0,OTHER,COMPLETED,RANDOMIZED,True,NONE,0.0,False,False,PARALLEL,False,active,True,,,,,True,True,False,False,False,0,False,,False,False
NCT01649544,2012.0,<=2015,NA,both,2,6.0,OTHER,TERMINATED,RANDOMIZED,True,NONE,0.0,False,False,PARALLEL,False,active,True,,,,,False,True,False,False,False,0,False,,False,False
NCT06422468,2024.0,2021-2026,NA,proc_device,1,125.0,INDUSTRY,UNKNOWN,NA,False,NONE,0.0,False,False,SINGLE_GROUP,True,none/single-group,False,,,,,False,False,False,False,False,0,False,,False,False
NCT02354989,2015.0,<=2015,NA,proc_device,2,60.0,OTHER,COMPLETED,RANDOMIZED,True,DOUBLE,2.0,True,True,CROSSOVER,True,active,True,,,,,False,True,False,False,False,0,False,,False,False
NCT02059369,2012.0,<=2015,NA,proc_device,2,90.0,OTHER,COMPLETED,RANDOMIZED,True,NONE,0.0,False,False,PARALLEL,True,active,True,,,,,False,True,False,False,False,0,False,,False,False
NCT02204267,2014.0,<=2015,NA,proc_device,2,3470.0,OTHER,COMPLETED,RANDOMIZED,True,NONE,0.0,False,False,PARALLEL,True,no-intervention,True,,,,,False,False,False,False,False,7,True,,False,False
NCT02770989,2016.0,2016-2020,NA,proc_device,1,1.0,INDUSTRY,TERMINATED,NA,False,NONE,0.0,False,False,SINGLE_GROUP,False,none/single-group,False,,,,,False,True,False,False,False,0,False,NO,False,False
NCT05477147,2023.0,2021-2026,NA,proc_device,1,96.0,INDUSTRY,COMPLETED,NA,False,NONE,0.0,False,False,SINGLE_GROUP,True,none/single-group,False,,,,,False,True,False,False,False,0,False,NO,False,False
NCT06071754,2023.0,2021-2026,NA,proc_device,1,365.0,INDUSTRY,COMPLETED,NA,False,NONE,0.0,False,False,SINGLE_GROUP,True,none/single-group,False,365.0,356.0,0.024657534246575352,True,False,False,False,True,False,0,False,,False,
NCT04683692,2023.0,2021-2026,NA,proc_device,2,0.0,OTHER,WITHDRAWN,RANDOMIZED,True,NONE,0.0,False,False,PARALLEL,False,active,True,,,,,False,False,False,False,False,0,False,NO,False,False
NCT01630330,2012.0,<=2015,NA,proc_device,2,40.0,OTHER,UNKNOWN,NON_RANDOMIZED,False,SINGLE,1.0,True,False,PARALLEL,True,active,True,,,,,False,True,False,False,False,0,False,,False,False
NCT02655731,2015.0,<=2015,NA,proc_device,1,100.0,OTHER,COMPLETED,NA,False,NONE,0.0,False,False,SINGLE_GROUP,True,none/single-group,False,,,,,False,True,False,False,False,0,False,,False,True
NCT06053606,2024.0,2021-2026,NA,proc_device,2,100.0,OTHER,RECRUITING,RANDOMIZED,True,SINGLE,1.0,True,False,PARALLEL,True,none/single-group,False,,,,,False,True,False,False,False,0,False,YES,True,False
NCT05753644,2023.0,2021-2026,NA,both,2,480.0,OTHER,UNKNOWN,RANDOMIZED,True,QUADRUPLE,4.0,True,True,PARALLEL,True,placebo/sham,True,,,,,False,False,False,False,True,0,False,NO,False,False
NCT00969735,2009.0,<=2015,PHASE4,proc_device,2,50.0,OTHER,COMPLETED,RANDOMIZED,True,QUADRUPLE,4.0,True,True,PARALLEL,False,active,True,,,,,True,True,False,False,False,0,False,,False,False
NCT00345592,2006.0,<=2015,PHASE4,proc_device,2,420.0,INDUSTRY,COMPLETED,RANDOMIZED,True,NONE,0.0,False,False,PARALLEL,True,active,True,396.0,347.0,0.1237373737373737,True,True,True,False,True,False,1,True,,False,True
NCT06032884,2023.0,2021-2026,NA,proc_device,2,1000.0,OTHER,RECRUITING,RANDOMIZED,True,NONE,0.0,False,False,PARALLEL,True,none/single-group,False,,,,,False,True,False,False,False,1,True,,False,True
NCT04560387,2020.0,2016-2020,NA,proc_device,2,160.0,OTHER_GOV,UNKNOWN,RANDOMIZED,True,SINGLE,1.0,True,False,PARALLEL,True,no-intervention,True,,,,,False,True,False,False,False,1,True,,False,False
NCT03570996,2018.0,2016-2020,NA,proc_device,2,38.0,OTHER,TERMINATED,RANDOMIZED,True,NONE,0.0,False,False,SEQUENTIAL,True,active,True,,,,,False,True,False,False,False,0,False,NO,False,False
NCT07238452,2025.0,2021-2026,PHASE4,both,3,1056.0,OTHER,NOT_YET_RECRUITING,RANDOMIZED,True,SINGLE,1.0,True,False,PARALLEL,True,active,True,,,,,True,True,True,False,False,0,False,UNDECIDED,False,True
NCT06823778,2025.0,2021-2026,NA,proc_device,2,216.0,OTHER,RECRUITING,RANDOMIZED,True,SINGLE,1.0,True,False,PARALLEL,True,no-intervention,True,,,,,False,False,False,False,False,0,False,,False,False
NCT03302494,2017.0,2016-2020,PHASE3,proc_device,2,248.0,INDUSTRY,TERMINATED,RANDOMIZED,True,SINGLE,1.0,True,False,PARALLEL,True,active,True,183.0,10.0,0.9453551912568307,False,True,False,False,True,False,0,False,NO,False,True
NCT04505163,2021.0,2021-2026,NA,proc_device,2,153.0,OTHER,UNKNOWN,RANDOMIZED,True,DOUBLE,2.0,True,True,PARALLEL,True,active,True,,,,,False,True,False,False,False,1,True,NO,False,True
NCT04118270,2019.0,2016-2020,NA,proc_device,1,50.0,OTHER,COMPLETED,NA,False,NONE,0.0,False,False,SINGLE_GROUP,True,none/single-group,False,50.0,50.0,0.0,True,False,False,False,True,False,2,True,NO,False,False
NCT05723926,2026.0,2021-2026,NA,proc_device,2,2000.0,INDUSTRY,RECRUITING,RANDOMIZED,True,SINGLE,1.0,True,False,PARALLEL,True,no-intervention,True,,,,,False,False,False,False,False,0,False,UNDECIDED,False,True
NCT05009914,2022.0,2021-2026,NA,proc_device,2,430.0,OTHER_GOV,COMPLETED,RANDOMIZED,True,DOUBLE,2.0,True,True,PARALLEL,True,no-intervention,True,,,,,False,False,False,False,False,1,True,NO,False,
NCT03919786,2019.0,2016-2020,NA,proc_device,2,150.0,OTHER,UNKNOWN,RANDOMIZED,True,QUADRUPLE,4.0,True,True,PARALLEL,True,placebo/sham,True,,,,,False,False,False,False,False,0,False,,False,
NCT06499818,2024.0,2021-2026,NA,proc_device,3,150.0,OTHER,NOT_YET_RECRUITING,RANDOMIZED,True,SINGLE,1.0,True,False,PARALLEL,True,active,True,,,,,False,True,True,False,False,0,False,,False,
NCT06166524,2024.0,2021-2026,PHASE2;PHASE3,proc_device,2,124.0,OTHER,UNKNOWN,RANDOMIZED,True,NONE,0.0,False,False,PARALLEL,True,placebo/sham,True,,,,,True,True,False,False,True,0,False,YES,True,True
NCT04122963,2019.0,2016-2020,NA,proc_device,2,100.0,OTHER,COMPLETED,RANDOMIZED,True,NONE,0.0,False,False,PARALLEL,True,active,True,,,,,False,True,False,False,True,0,False,UNDECIDED,False,
NCT04090437,2019.0,2016-2020,NA,proc_device,2,20.0,OTHER,UNKNOWN,RANDOMIZED,True,NONE,0.0,False,False,PARALLEL,False,active,True,,,,,False,True,False,False,False,0,False,NO,False,False
NCT01091597,2007.0,<=2015,NA,proc_device,2,30.0,OTHER,COMPLETED,RANDOMIZED,True,NONE,0.0,False,False,PARALLEL,True,active,True,,,,,False,True,False,False,False,1,True,,False,False
NCT06748157,2024.0,2021-2026,NA,proc_device,2,51.0,OTHER,ACTIVE_NOT_RECRUITING,RANDOMIZED,True,DOUBLE,2.0,True,True,PARALLEL,True,placebo/sham,True,,,,,False,False,False,False,False,0,False,NO,False,True
NCT01203748,2010.0,<=2015,NA,proc_device,3,589.0,INDUSTRY,COMPLETED,RANDOMIZED,True,SINGLE,1.0,True,False,PARALLEL,True,active,True,,,,,False,True,True,False,False,3,True,,False,True
NCT04682704,2021.0,2021-2026,NA,proc_device,4,90.0,OTHER,UNKNOWN,RANDOMIZED,True,TRIPLE,3.0,True,True,CROSSOVER,True,active,True,,,,,False,True,True,False,False,0,False,UNDECIDED,False,True
NCT04332718,2017.0,2016-2020,NA,proc_device,2,236.0,OTHER,COMPLETED,RANDOMIZED,True,NONE,0.0,False,False,PARALLEL,True,active,True,,,,,False,False,False,False,False,0,False,UNDECIDED,False,True
NCT05856461,2023.0,2021-2026,NA,proc_device,2,116.0,NETWORK,UNKNOWN,RANDOMIZED,True,DOUBLE,2.0,True,True,PARALLEL,True,placebo/sham,True,,,,,False,True,False,False,False,0,False,,False,
NCT03332862,2017.0,2016-2020,NA,proc_device,2,30.0,OTHER_GOV,UNKNOWN,RANDOMIZED,True,SINGLE,1.0,True,False,PARALLEL,True,active,True,,,,,False,True,False,False,False,1,True,,False,False
NCT05217485,2022.0,2021-2026,NA,proc_device,1,125.0,OTHER,UNKNOWN,NA,False,NONE,0.0,False,False,SINGLE_GROUP,True,none/single-group,False,,,,,False,False,False,False,False,0,False,NO,False,False
NCT03062046,2017.0,2016-2020,NA,proc_device,1,340.0,INDUSTRY,COMPLETED,NA,False,NONE,0.0,False,False,SINGLE_GROUP,True,none/single-group,False,,,,,False,True,False,False,False,2,True,YES,True,
NCT04645342,2020.0,2016-2020,NA,proc_device,2,75.0,OTHER,COMPLETED,RANDOMIZED,True,SINGLE,1.0,True,False,PARALLEL,True,active,True,75.0,75.0,0.0,True,False,True,False,True,False,0,False,NO,False,
NCT05842499,2021.0,2021-2026,NA,proc_device,2,128.0,OTHER,UNKNOWN,RANDOMIZED,True,DOUBLE,2.0,True,True,PARALLEL,True,active,True,,,,,False,True,False,False,False,1,True,NO,False,
NCT00323661,2006.0,<=2015,PHASE4,proc_device,2,405.0,INDUSTRY,COMPLETED,RANDOMIZED,True,SINGLE,1.0,True,False,PARALLEL,True,active,True,,,,,True,True,False,False,False,0,False,,False,
NCT03239444,2017.0,2016-2020,PHASE1,proc_device,1,13.0,INDUSTRY,COMPLETED,NA,False,NONE,0.0,False,False,SINGLE_GROUP,False,none/single-group,False,,,,,False,False,False,False,False,0,False,,False,
NCT03095131,2016.0,2016-2020,NA,proc_device,1,62.0,INDUSTRY,COMPLETED,NA,False,NONE,0.0,False,False,SINGLE_GROUP,True,none/single-group,False,,,,,False,False,False,False,False,0,False,NO,False,False
NCT03856632,2019.0,2016-2020,PHASE4,both,2,60.0,OTHER,ACTIVE_NOT_RECRUITING,RANDOMIZED,True,NONE,0.0,False,False,PARALLEL,False,active,True,,,,,True,True,False,False,False,1,True,NO,False,True
NCT02441738,2016.0,2016-2020,NA,proc_device,2,41.0,OTHER,COMPLETED,RANDOMIZED,True,NONE,0.0,False,False,PARALLEL,True,active,True,,,,,False,True,False,False,False,2,True,,False,True
NCT07587541,2026.0,2021-2026,NA,proc_device,4,618.0,OTHER,NOT_YET_RECRUITING,RANDOMIZED,True,NONE,0.0,False,False,PARALLEL,True,active,True,,,,,False,True,True,False,False,0,False,UNDECIDED,False,
NCT02341105,2016.0,2016-2020,PHASE4,both,2,10.0,OTHER,TERMINATED,RANDOMIZED,True,NONE,0.0,False,False,PARALLEL,False,active,True,,,,,True,True,False,False,False,0,False,NO,False,False
NCT06207383,2024.0,2021-2026,NA,proc_device,2,220.0,OTHER,RECRUITING,RANDOMIZED,True,SINGLE,1.0,True,False,PARALLEL,True,active,True,,,,,False,True,False,False,False,0,False,YES,True,True
NCT07171463,2025.0,2021-2026,NA,proc_device,2,20.0,OTHER,RECRUITING,RANDOMIZED,True,SINGLE,1.0,True,False,PARALLEL,False,active,True,,,,,False,True,False,False,False,0,False,,False,False
NCT00292383,,,PHASE4,proc_device,0,100.0,INDUSTRY,UNKNOWN,RANDOMIZED,True,NONE,0.0,False,False,PARALLEL,True,none/single-group,False,,,,,True,False,False,False,False,0,False,,False,
NCT02789358,2015.0,<=2015,NA,both,2,140.0,OTHER,COMPLETED,RANDOMIZED,True,SINGLE,1.0,True,False,PARALLEL,True,active,True,,,,,False,True,False,False,False,1,True,NO,False,False
NCT06608823,2025.0,2021-2026,NA,proc_device,2,1016.0,INDUSTRY,RECRUITING,RANDOMIZED,True,NONE,0.0,False,False,PARALLEL,True,none/single-group,False,,,,,False,True,False,False,False,0,False,NO,False,True
NCT04023461,2017.0,2016-2020,PHASE4,proc_device,2,60.0,OTHER,COMPLETED,RANDOMIZED,True,DOUBLE,2.0,True,True,PARALLEL,False,no-intervention,True,,,,,True,True,False,False,False,0,False,NO,False,False
NCT05560204,2023.0,2021-2026,NA,proc_device,2,200.0,OTHER,ENROLLING_BY_INVITATION,RANDOMIZED,True,NONE,0.0,False,False,PARALLEL,True,active,True,,,,,False,True,False,False,True,0,False,NO,False,False
NCT05717725,2023.0,2021-2026,PHASE3,proc_device,2,60.0,OTHER,RECRUITING,RANDOMIZED,True,DOUBLE,2.0,True,True,PARALLEL,False,placebo/sham,True,,,,,True,True,False,False,False,1,True,,False,True
NCT02821351,2016.0,2016-2020,NA,proc_device,1,70.0,INDUSTRY,COMPLETED,NA,False,NONE,0.0,False,False,SINGLE_GROUP,True,none/single-group,False,,,,,False,True,False,False,False,2,True,UNDECIDED,False,False
NCT02834221,2016.0,2016-2020,NA,proc_device,2,320.0,OTHER_GOV,COMPLETED,RANDOMIZED,True,SINGLE,1.0,True,False,PARALLEL,True,none/single-group,False,,,,,False,False,False,False,True,0,False,NO,False,False
NCT07445360,2026.0,2021-2026,NA,proc_device,2,320.0,OTHER,NOT_YET_RECRUITING,RANDOMIZED,True,SINGLE,1.0,True,False,PARALLEL,True,active,True,,,,,False,True,False,False,False,0,False,YES,True,False
NCT00740272,2008.0,<=2015,NA,proc_device,2,38.0,INDUSTRY,TERMINATED,RANDOMIZED,True,NONE,0.0,False,False,PARALLEL,True,active,True,,,,,False,True,False,False,False,0,False,,False,False
NCT02232022,2014.0,<=2015,NA,proc_device,1,53.0,OTHER,COMPLETED,NA,False,NONE,0.0,False,False,SINGLE_GROUP,True,none/single-group,False,53.0,51.0,0.037735849056603765,True,False,False,False,True,False,0,False,NO,False,True
NCT05992623,2023.0,2021-2026,NA,proc_device,4,546.0,OTHER,COMPLETED,RANDOMIZED,True,NONE,0.0,False,False,CROSSOVER,True,active,True,546.0,546.0,0.0,True,False,True,True,True,False,0,False,,False,False
NCT07627672,2026.0,2021-2026,NA,proc_device,1,30000.0,OTHER,NOT_YET_RECRUITING,NA,False,NONE,0.0,False,False,SINGLE_GROUP,True,none/single-group,False,,,,,False,False,False,False,False,0,False,NO,False,
NCT07281521,2023.0,2021-2026,NA,proc_device,1,200.0,INDUSTRY,RECRUITING,NA,False,NONE,0.0,False,False,SINGLE_GROUP,True,none/single-group,False,,,,,False,True,False,False,False,0,False,NO,False,False
NCT06159985,2023.0,2021-2026,NA,proc_device,2,270.0,OTHER,COMPLETED,RANDOMIZED,True,NONE,0.0,False,False,PARALLEL,True,active,True,,,,,False,True,False,False,False,0,False,YES,True,True
NCT02041832,2013.0,<=2015,NA,proc_device,2,82.0,OTHER,COMPLETED,NON_RANDOMIZED,False,NONE,0.0,False,False,CROSSOVER,True,none/single-group,False,,,,,False,False,False,False,False,1,True,,False,False
NCT00735722,2009.0,<=2015,NA,proc_device,2,188.0,INDUSTRY,TERMINATED,RANDOMIZED,True,SINGLE,1.0,True,False,PARALLEL,True,active,True,,,,,False,True,False,False,False,0,False,,False,True
NCT02270151,2014.0,<=2015,PHASE3,proc_device,2,16000.0,OTHER,COMPLETED,RANDOMIZED,True,NONE,0.0,False,False,PARALLEL,True,active,True,,,,,True,False,False,False,True,0,False,,False,False
NCT01074749,2010.0,<=2015,NA,proc_device,2,111.0,INDUSTRY,TERMINATED,RANDOMIZED,True,SINGLE,1.0,True,False,PARALLEL,True,active,True,,,,,False,True,False,False,False,1,True,,False,True
NCT07122336,2025.0,2021-2026,NA,proc_device,3,384.0,OTHER,RECRUITING,RANDOMIZED,True,SINGLE,1.0,True,False,PARALLEL,True,placebo/sham,True,,,,,False,True,True,False,False,0,False,NO,False,True
NCT05686330,2022.0,2021-2026,NA,proc_device,2,436.0,OTHER,COMPLETED,RANDOMIZED,True,NONE,0.0,False,False,PARALLEL,True,no-intervention,True,,,,,False,False,False,False,False,1,True,UNDECIDED,False,False
NCT06989580,2025.0,2021-2026,NA,proc_device,1,300.0,INDUSTRY,RECRUITING,NA,False,NONE,0.0,False,False,SINGLE_GROUP,True,none/single-group,False,,,,,False,False,False,False,False,0,False,YES,True,False
NCT03811938,2017.0,2016-2020,NA,proc_device,2,80.0,OTHER,UNKNOWN,RANDOMIZED,True,QUADRUPLE,4.0,True,True,PARALLEL,True,active,True,,,,,False,True,False,False,False,0,False,NO,False,False
NCT02039167,2014.0,<=2015,NA,proc_device,2,14.0,OTHER,TERMINATED,RANDOMIZED,True,NONE,0.0,False,False,PARALLEL,False,active,True,,,,,False,False,False,False,False,0,False,,False,True
NCT05416086,2021.0,2021-2026,NA,proc_device,1,91.0,INDUSTRY,TERMINATED,NA,False,NONE,0.0,False,False,SINGLE_GROUP,True,none/single-group,False,,,,,False,True,False,False,False,1,True,NO,False,False
NCT06578793,2024.0,2021-2026,NA,proc_device,2,120.0,OTHER,RECRUITING,RANDOMIZED,True,DOUBLE,2.0,True,True,PARALLEL,True,active,True,,,,,False,False,False,False,False,0,False,NO,False,False
NCT06929897,2026.0,2021-2026,NA,proc_device,2,482.0,OTHER,ENROLLING_BY_INVITATION,RANDOMIZED,True,SINGLE,1.0,True,False,PARALLEL,True,placebo/sham,True,,,,,False,True,False,False,False,0,False,NO,False,False
NCT04240366,2019.0,2016-2020,NA,proc_device,2,350.0,OTHER,RECRUITING,RANDOMIZED,True,NONE,0.0,False,False,PARALLEL,True,none/single-group,False,,,,,False,True,False,False,False,0,False,NO,False,True
NCT01505296,2011.0,<=2015,PHASE4,both,2,0.0,OTHER,WITHDRAWN,RANDOMIZED,True,NONE,0.0,False,False,PARALLEL,False,active,True,,,,,True,True,False,False,False,0,False,,False,False
NCT07453407,2026.0,2021-2026,NA,proc_device,2,1250.0,OTHER,RECRUITING,RANDOMIZED,True,SINGLE,1.0,True,False,PARALLEL,True,none/single-group,False,,,,,False,True,False,False,False,0,False,NO,False,True
NCT02507986,2016.0,2016-2020,NA,proc_device,2,57.0,OTHER,TERMINATED,RANDOMIZED,True,NONE,0.0,False,False,PARALLEL,True,active,True,,,,,False,False,False,False,False,1,True,UNDECIDED,False,False
NCT07087587,2025.0,2021-2026,NA,proc_device,1,20.0,OTHER,RECRUITING,NA,False,NONE,0.0,False,False,SINGLE_GROUP,False,none/single-group,False,,,,,False,True,False,False,False,0,False,NO,False,False
NCT03700307,2018.0,2016-2020,NA,proc_device,2,164.0,OTHER,COMPLETED,RANDOMIZED,True,QUADRUPLE,4.0,True,True,PARALLEL,True,none/single-group,False,,,,,False,True,False,False,False,0,False,,False,
NCT05872516,2022.0,2021-2026,NA,proc_device,1,788.0,OTHER,COMPLETED,NA,False,NONE,0.0,False,False,SINGLE_GROUP,True,none/single-group,False,,,,,False,False,False,False,False,0,False,NO,False,False
NCT04807283,2021.0,2021-2026,NA,proc_device,1,29.0,INDUSTRY,UNKNOWN,NA,False,NONE,0.0,False,False,SINGLE_GROUP,False,none/single-group,False,,,,,False,False,False,False,False,0,False,NO,False,True
NCT07645066,2026.0,2021-2026,NA,proc_device,2,300.0,OTHER,NOT_YET_RECRUITING,RANDOMIZED,True,NONE,0.0,False,False,PARALLEL,True,active,True,,,,,False,False,False,False,False,0,False,NO,False,False
NCT04563572,2020.0,2016-2020,NA,proc_device,2,360.0,OTHER,COMPLETED,NON_RANDOMIZED,False,NONE,0.0,False,False,PARALLEL,True,none/single-group,False,,,,,False,False,False,False,False,1,True,NO,False,False
NCT05144932,2022.0,2021-2026,NA,proc_device,1,200.0,OTHER,UNKNOWN,NA,False,NONE,0.0,False,False,SINGLE_GROUP,True,none/single-group,False,,,,,False,False,False,False,False,0,False,YES,True,False
NCT01182441,2010.0,<=2015,PHASE3,both,2,407.0,INDUSTRY,COMPLETED,RANDOMIZED,True,NONE,0.0,False,False,PARALLEL,True,active,True,407.0,68.0,0.8329238329238329,False,True,True,False,True,False,4,True,NO,False,True
NCT07385599,2026.0,2021-2026,NA,proc_device,1,10.0,INDUSTRY,RECRUITING,NA,False,NONE,0.0,False,False,SINGLE_GROUP,False,none/single-group,False,,,,,False,False,False,False,False,0,False,,False,False
NCT03082963,2017.0,2016-2020,NA,proc_device,1,10.0,OTHER,COMPLETED,NA,False,NONE,0.0,False,False,SINGLE_GROUP,False,none/single-group,False,10.0,10.0,0.0,True,False,True,False,True,False,0,False,NO,False,True
NCT02467166,2015.0,<=2015,NA,proc_device,1,40.0,OTHER,COMPLETED,NA,False,NONE,0.0,False,False,SINGLE_GROUP,True,none/single-group,False,36.0,36.0,0.0,True,False,False,False,True,False,0,False,NO,False,False
NCT01117025,2010.0,<=2015,PHASE2,proc_device,2,26.0,NETWORK,COMPLETED,RANDOMIZED,True,DOUBLE,2.0,True,True,PARALLEL,False,active,True,,,,,False,True,False,False,True,1,True,,False,True
NCT03057548,2017.0,2016-2020,NA,proc_device,2,110.0,OTHER,COMPLETED,RANDOMIZED,True,DOUBLE,2.0,True,True,PARALLEL,True,active,True,110.0,110.0,0.0,True,False,True,False,True,False,0,False,NO,False,False
NCT04645615,2008.0,<=2015,NA,proc_device,1,26.0,INDUSTRY,COMPLETED,NA,False,NONE,0.0,False,False,SINGLE_GROUP,False,none/single-group,False,,,,,False,True,False,False,False,0,False,,False,False
NCT07560891,2026.0,2021-2026,NA,proc_device,2,44.0,OTHER,NOT_YET_RECRUITING,RANDOMIZED,True,SINGLE,1.0,True,False,PARALLEL,True,active,True,,,,,False,True,False,False,False,0,False,NO,False,True
NCT02917044,2016.0,2016-2020,NA,proc_device,2,17.0,OTHER,TERMINATED,RANDOMIZED,True,SINGLE,1.0,True,False,PARALLEL,False,active,True,,,,,False,True,False,False,False,0,False,NO,False,False
NCT06445439,2023.0,2021-2026,NA,proc_device,2,60.0,OTHER,RECRUITING,RANDOMIZED,True,DOUBLE,2.0,True,True,CROSSOVER,True,none/single-group,False,,,,,False,True,False,False,False,1,True,NO,False,True
NCT07036068,2025.0,2021-2026,NA,proc_device,1,20.0,INDUSTRY,NOT_YET_RECRUITING,NA,False,NONE,0.0,False,False,SINGLE_GROUP,False,none/single-group,False,,,,,False,True,False,False,False,0,False,,False,False
NCT00765089,2005.0,<=2015,PHASE4,proc_device,2,35.0,OTHER,COMPLETED,RANDOMIZED,True,NONE,0.0,False,False,PARALLEL,False,no-intervention,True,,,,,True,False,False,False,False,0,False,,False,True
NCT05987670,2023.0,2021-2026,NA,proc_device,2,200.0,OTHER,ACTIVE_NOT_RECRUITING,RANDOMIZED,True,NONE,0.0,False,False,PARALLEL,True,no-intervention,True,,,,,False,False,False,False,False,1,True,NO,False,False
NCT02654353,2012.0,<=2015,PHASE4,proc_device,2,100.0,OTHER,COMPLETED,RANDOMIZED,True,NONE,0.0,False,False,PARALLEL,True,active,True,,,,,True,True,False,False,False,0,False,,False,False
NCT00903370,2010.0,<=2015,PHASE2,proc_device,2,260.0,OTHER,COMPLETED,RANDOMIZED,True,SINGLE,1.0,True,False,PARALLEL,True,active,True,260.0,208.0,0.19999999999999996,True,False,True,False,True,True,1,True,,False,True
NCT01891058,2013.0,<=2015,NA,proc_device,2,396.0,OTHER,COMPLETED,RANDOMIZED,True,SINGLE,1.0,True,False,FACTORIAL,True,active,True,,,,,False,True,False,False,False,2,True,NO,False,True
NCT03295422,2017.0,2016-2020,NA,proc_device,2,100.0,OTHER,UNKNOWN,RANDOMIZED,True,SINGLE,1.0,True,False,PARALLEL,True,active,True,,,,,False,True,False,False,False,0,False,NO,False,False
NCT04429646,2019.0,2016-2020,NA,proc_device,2,236.0,OTHER,COMPLETED,RANDOMIZED,True,NONE,0.0,False,False,PARALLEL,True,active,True,,,,,False,False,False,False,False,1,True,,False,
NCT06728826,2025.0,2021-2026,NA,proc_device,2,650.0,OTHER,RECRUITING,RANDOMIZED,True,TRIPLE,3.0,True,True,PARALLEL,True,no-intervention,True,,,,,False,False,False,False,False,0,False,UNDECIDED,False,True
NCT00356057,2004.0,<=2015,NA,proc_device,3,153.0,INDUSTRY,TERMINATED,RANDOMIZED,True,SINGLE,1.0,True,False,PARALLEL,True,active,True,153.0,114.0,0.2549019607843137,False,False,True,True,True,False,0,False,,False,False
NCT00338715,2006.0,<=2015,PHASE3,proc_device,1,193.0,OTHER,COMPLETED,RANDOMIZED,True,DOUBLE,2.0,True,True,PARALLEL,True,none/single-group,False,,,,,True,False,False,False,False,0,False,,False,False
NCT05809596,2023.0,2021-2026,NA,proc_device,1,949.0,INDUSTRY,COMPLETED,NA,False,NONE,0.0,False,False,SINGLE_GROUP,True,none/single-group,False,500.0,474.0,0.052000000000000046,True,False,True,False,True,False,0,False,YES,True,False
NCT05293639,2022.0,2021-2026,NA,proc_device,1,362.0,INDUSTRY,COMPLETED,NA,False,NONE,0.0,False,False,SINGLE_GROUP,True,none/single-group,False,362.0,351.0,0.03038674033149169,True,False,True,False,True,False,2,True,YES,True,True
NCT05468528,2022.0,2021-2026,NA,proc_device,2,207.0,OTHER_GOV,UNKNOWN,RANDOMIZED,True,DOUBLE,2.0,True,True,PARALLEL,True,none/single-group,False,,,,,False,True,False,False,False,0,False,UNDECIDED,False,
NCT04394923,2020.0,2016-2020,NA,proc_device,2,64.0,OTHER,COMPLETED,RANDOMIZED,True,NONE,0.0,False,False,PARALLEL,True,none/single-group,False,,,,,False,True,False,False,False,1,True,NO,False,False
NCT06486636,2024.0,2021-2026,NA,proc_device,2,1400.0,OTHER,RECRUITING,RANDOMIZED,True,QUADRUPLE,4.0,True,True,PARALLEL,True,no-intervention,True,,,,,False,False,False,False,False,0,False,,False,True
NCT04632680,2019.0,2016-2020,NA,proc_device,1,40.0,OTHER,COMPLETED,NA,False,NONE,0.0,False,False,SINGLE_GROUP,True,none/single-group,False,,,,,False,True,False,False,False,0,False,UNDECIDED,False,False
NCT05871983,2023.0,2021-2026,NA,proc_device,1,60.0,INDUSTRY,NOT_YET_RECRUITING,NA,False,NONE,0.0,False,False,SINGLE_GROUP,True,none/single-group,False,,,,,False,True,False,False,False,0,False,,False,True
NCT03682887,2019.0,2016-2020,NA,proc_device,2,195.0,OTHER,UNKNOWN,RANDOMIZED,True,NONE,0.0,False,False,PARALLEL,True,active,True,,,,,False,True,False,False,False,0,False,NO,False,True
NCT01710150,2012.0,<=2015,NA,proc_device,2,0.0,OTHER,WITHDRAWN,RANDOMIZED,True,SINGLE,1.0,True,False,PARALLEL,False,placebo/sham,True,,,,,False,True,False,False,False,1,True,,False,True
NCT07188129,2025.0,2021-2026,NA,proc_device,1,153.0,INDUSTRY,COMPLETED,NA,False,NONE,0.0,False,False,SINGLE_GROUP,True,none/single-group,False,,,,,False,False,False,False,False,0,False,NO,False,False
NCT00190112,,,NA,proc_device,0,30.0,OTHER,UNKNOWN,RANDOMIZED,True,NONE,0.0,False,False,PARALLEL,True,none/single-group,False,,,,,False,True,False,False,False,0,False,,False,
NCT05171985,2022.0,2021-2026,NA,proc_device,2,144.0,OTHER,UNKNOWN,RANDOMIZED,True,SINGLE,1.0,True,False,PARALLEL,True,none/single-group,False,,,,,False,True,False,False,False,0,False,,False,
NCT05024630,2021.0,2021-2026,NA,proc_device,2,30.0,OTHER,UNKNOWN,RANDOMIZED,True,SINGLE,1.0,True,False,PARALLEL,True,placebo/sham,True,,,,,False,True,False,False,False,0,False,,False,False
NCT03988244,2019.0,2016-2020,NA,proc_device,1,11.0,INDUSTRY,COMPLETED,NA,False,NONE,0.0,False,False,SINGLE_GROUP,False,none/single-group,False,,,,,False,True,False,False,False,0,False,,False,False
NCT02547168,2017.0,2016-2020,NA,proc_device,1,27.0,OTHER,TERMINATED,NA,False,NONE,0.0,False,False,SINGLE_GROUP,False,none/single-group,False,,,,,False,False,False,False,False,0,False,NO,False,False
NCT01713270,2012.0,<=2015,NA,both,2,200.0,OTHER,UNKNOWN,RANDOMIZED,True,SINGLE,1.0,True,False,PARALLEL,True,active,True,,,,,False,True,False,False,False,1,True,,False,True
NCT05575544,2022.0,2021-2026,NA,proc_device,2,200.0,OTHER,UNKNOWN,RANDOMIZED,True,SINGLE,1.0,True,False,PARALLEL,True,none/single-group,False,,,,,False,True,False,False,False,0,False,,False,
NCT00729911,2008.0,<=2015,PHASE4,both,2,203.0,OTHER,COMPLETED,RANDOMIZED,True,NONE,0.0,False,False,PARALLEL,True,active,True,,,,,True,True,False,False,False,1,True,UNDECIDED,False,False
NCT04198701,2019.0,2016-2020,NA,proc_device,4,421.0,INDUSTRY,COMPLETED,NON_RANDOMIZED,False,NONE,0.0,False,False,SEQUENTIAL,True,none/single-group,False,421.0,379.0,0.0997624703087886,True,False,True,True,True,True,2,True,,False,
NCT02246803,2014.0,<=2015,PHASE3,proc_device,2,72.0,NETWORK,UNKNOWN,RANDOMIZED,True,SINGLE,1.0,True,False,PARALLEL,False,active,True,,,,,True,True,False,False,False,0,False,,False,False
NCT02171364,2014.0,<=2015,NA,proc_device,2,40.0,OTHER,COMPLETED,RANDOMIZED,True,SINGLE,1.0,True,False,PARALLEL,True,active,True,,,,,False,True,False,False,False,1,True,,False,False
NCT02784587,2016.0,2016-2020,NA,proc_device,1,25.0,OTHER,COMPLETED,NA,False,NONE,0.0,False,False,SINGLE_GROUP,False,none/single-group,False,25.0,25.0,0.0,True,False,False,False,True,False,0,False,,False,True
NCT02491255,2015.0,<=2015,NA,proc_device,1,70.0,INDUSTRY,COMPLETED,NA,False,NONE,0.0,False,False,SINGLE_GROUP,True,none/single-group,False,,,,,False,True,False,False,False,0,False,UNDECIDED,False,
NCT03769207,2018.0,2016-2020,NA,proc_device,1,17.0,INDUSTRY,COMPLETED,NA,False,NONE,0.0,False,False,SINGLE_GROUP,False,none/single-group,False,17.0,6.0,0.6470588235294117,False,False,False,False,True,False,0,False,NO,False,False
NCT01696136,2011.0,<=2015,NA,proc_device,2,120.0,OTHER,COMPLETED,RANDOMIZED,True,NONE,0.0,False,False,PARALLEL,True,active,True,,,,,False,True,False,False,False,1,True,,False,False
NCT02268539,2014.0,<=2015,NA,proc_device,4,11.0,OTHER,COMPLETED,RANDOMIZED,True,NONE,0.0,False,False,FACTORIAL,False,active,True,,,,,False,True,True,False,False,0,False,NO,False,False
NCT03166969,2007.0,<=2015,NA,proc_device,1,171.0,OTHER,COMPLETED,NA,False,NONE,0.0,False,False,SINGLE_GROUP,True,none/single-group,False,,,,,False,False,False,False,True,0,False,NO,False,False
NCT05045079,2022.0,2021-2026,NA,proc_device,1,4.0,OTHER,COMPLETED,NA,False,NONE,0.0,False,False,SINGLE_GROUP,False,none/single-group,False,,,,,False,True,False,False,False,0,False,,False,False
NCT02611869,2015.0,<=2015,NA,proc_device,2,120.0,OTHER,UNKNOWN,RANDOMIZED,True,SINGLE,1.0,True,False,PARALLEL,True,active,True,,,,,False,True,False,False,False,1,True,,False,False
NCT03646643,2018.0,2016-2020,NA,proc_device,2,35.0,OTHER,COMPLETED,RANDOMIZED,True,DOUBLE,2.0,True,True,PARALLEL,True,active,True,35.0,30.0,0.1428571428571429,True,False,True,False,True,True,1,True,YES,True,True
NCT04740801,2021.0,2021-2026,NA,proc_device,1,60.0,INDUSTRY,COMPLETED,NA,False,NONE,0.0,False,False,SINGLE_GROUP,True,none/single-group,False,,,,,False,True,False,False,False,0,False,NO,False,
NCT03091972,2016.0,2016-2020,NA,proc_device,2,200.0,OTHER,UNKNOWN,RANDOMIZED,True,SINGLE,1.0,True,False,PARALLEL,True,active,True,,,,,False,True,False,False,True,0,False,YES,True,True
NCT03363087,2019.0,2016-2020,NA,proc_device,3,60.0,OTHER,COMPLETED,NON_RANDOMIZED,False,NONE,0.0,False,False,SINGLE_GROUP,True,none/single-group,False,,,,,False,False,True,False,False,0,False,NO,False,False
NCT01803438,2014.0,<=2015,PHASE4,both,2,220.0,INDUSTRY,COMPLETED,RANDOMIZED,True,NONE,0.0,False,False,PARALLEL,True,active,True,,,,,True,True,False,False,False,2,True,,False,True
NCT05148923,2022.0,2021-2026,NA,proc_device,2,300.0,OTHER,COMPLETED,RANDOMIZED,True,SINGLE,1.0,True,False,PARALLEL,True,active,True,,,,,False,True,False,False,False,1,True,NO,False,False
NCT06985901,2026.0,2021-2026,NA,proc_device,1,60.0,OTHER,RECRUITING,NA,False,NONE,0.0,False,False,SINGLE_GROUP,True,none/single-group,False,,,,,False,True,False,False,False,0,False,,False,False
NCT07414225,2026.0,2021-2026,NA,proc_device,2,400.0,OTHER,NOT_YET_RECRUITING,RANDOMIZED,True,NONE,0.0,False,False,PARALLEL,True,no-intervention,True,,,,,False,True,False,False,False,0,False,YES,True,True
NCT07492901,2024.0,2021-2026,NA,proc_device,2,220.0,OTHER,COMPLETED,RANDOMIZED,True,NONE,0.0,False,False,PARALLEL,True,active,True,,,,,False,False,False,False,False,0,False,NO,False,True
NCT06182566,2024.0,2021-2026,NA,proc_device,2,0.0,OTHER,WITHDRAWN,RANDOMIZED,True,NONE,0.0,False,False,PARALLEL,False,active,True,,,,,False,True,False,False,False,0,False,,False,True
NCT02948140,2016.0,2016-2020,NA,proc_device,1,27.0,OTHER,TERMINATED,NA,False,NONE,0.0,False,False,SINGLE_GROUP,False,none/single-group,False,,,,,False,False,False,False,False,0,False,NO,False,False
NCT02714907,2016.0,2016-2020,NA,proc_device,2,158.0,INDUSTRY,COMPLETED,RANDOMIZED,True,DOUBLE,2.0,True,True,PARALLEL,True,none/single-group,False,,,,,False,False,False,False,False,0,False,UNDECIDED,False,True
NCT05992259,2022.0,2021-2026,NA,proc_device,2,110.0,OTHER_GOV,COMPLETED,RANDOMIZED,True,QUADRUPLE,4.0,True,True,PARALLEL,True,placebo/sham,True,,,,,False,True,False,False,True,0,False,NO,False,
NCT00196209,2005.0,<=2015,PHASE4,proc_device,2,130.0,OTHER,UNKNOWN,RANDOMIZED,True,NONE,0.0,False,False,PARALLEL,True,none/single-group,False,,,,,True,True,False,False,False,0,False,,False,True
NCT05567172,2023.0,2021-2026,NA,proc_device,1,43.0,INDUSTRY,COMPLETED,NA,False,NONE,0.0,False,False,SINGLE_GROUP,True,none/single-group,False,43.0,40.0,0.06976744186046513,True,False,True,False,True,False,0,False,UNDECIDED,False,False
NCT01160393,2010.0,<=2015,NA,proc_device,1,240.0,OTHER,COMPLETED,NA,False,NONE,0.0,False,False,SINGLE_GROUP,True,none/single-group,False,,,,,False,False,False,False,False,0,False,,False,False
NCT01687166,2012.0,<=2015,NA,proc_device,2,398.0,INDUSTRY,COMPLETED,RANDOMIZED,True,SINGLE,1.0,True,False,PARALLEL,True,active,True,398.0,327.0,0.17839195979899503,True,False,True,False,True,False,0,False,,False,False
NCT00284830,2003.0,<=2015,NA,proc_device,2,1070.0,INDUSTRY,COMPLETED,RANDOMIZED,True,SINGLE,1.0,True,False,PARALLEL,True,active,True,,,,,False,False,False,False,True,0,False,,False,True
NCT01173796,2010.0,<=2015,PHASE3,proc_device,2,44.0,OTHER,COMPLETED,RANDOMIZED,True,NONE,0.0,False,False,PARALLEL,False,none/single-group,False,,,,,True,True,False,False,False,1,True,,False,False
NCT00369330,2006.0,<=2015,NA,proc_device,0,0.0,OTHER,WITHDRAWN,RANDOMIZED,True,NONE,0.0,False,False,PARALLEL,False,none/single-group,False,,,,,False,True,False,False,False,0,False,,False,
NCT07429214,2026.0,2021-2026,NA,proc_device,1,50.0,INDUSTRY,RECRUITING,NA,False,NONE,0.0,False,False,SINGLE_GROUP,True,none/single-group,False,,,,,False,True,False,False,False,0,False,YES,True,False
NCT02892162,2016.0,2016-2020,NA,proc_device,2,214.0,OTHER_GOV,UNKNOWN,RANDOMIZED,True,SINGLE,1.0,True,False,PARALLEL,True,active,True,,,,,False,True,False,False,False,0,False,NO,False,True
NCT07407790,2026.0,2021-2026,NA,proc_device,2,450.0,OTHER_GOV,RECRUITING,RANDOMIZED,True,NONE,0.0,False,False,PARALLEL,True,none/single-group,False,,,,,False,False,False,False,False,0,False,UNDECIDED,False,False
NCT02925624,2015.0,<=2015,NA,proc_device,1,105.0,OTHER,COMPLETED,NA,False,NONE,0.0,False,False,SINGLE_GROUP,True,none/single-group,False,,,,,False,True,False,False,False,1,True,,False,False
NCT07217392,2025.0,2021-2026,NA,proc_device,1,200.0,INDUSTRY,RECRUITING,NA,False,NONE,0.0,False,False,SINGLE_GROUP,True,none/single-group,False,,,,,False,True,False,False,False,0,False,NO,False,False
NCT01727297,2012.0,<=2015,NA,proc_device,1,446.0,INDUSTRY,COMPLETED,NA,False,NONE,0.0,False,False,SINGLE_GROUP,True,none/single-group,False,446.0,293.0,0.3430493273542601,False,False,False,False,True,False,2,True,NO,False,False
NCT00224757,2005.0,<=2015,NA,proc_device,2,227.0,OTHER_GOV,COMPLETED,RANDOMIZED,True,NONE,0.0,False,False,PARALLEL,True,active,True,,,,,False,True,False,False,False,0,False,,False,True
NCT01058980,2009.0,<=2015,PHASE4,proc_device,2,550.0,OTHER,COMPLETED,RANDOMIZED,True,SINGLE,1.0,True,False,PARALLEL,True,active,True,,,,,True,True,False,False,False,4,True,,False,True
NCT01716143,2010.0,<=2015,NA,proc_device,1,87.0,OTHER,UNKNOWN,NA,False,NONE,0.0,False,False,SINGLE_GROUP,True,none/single-group,False,,,,,False,True,False,False,False,1,True,,False,
NCT00703157,2007.0,<=2015,NA,proc_device,2,80.0,INDUSTRY,TERMINATED,RANDOMIZED,True,NONE,0.0,False,False,PARALLEL,True,active,True,52.0,46.0,0.11538461538461542,True,False,True,False,True,False,2,True,NO,False,False
NCT07455539,2026.0,2021-2026,NA,proc_device,1,10.0,OTHER,NOT_YET_RECRUITING,NA,False,NONE,0.0,False,False,SINGLE_GROUP,False,none/single-group,False,,,,,False,True,False,False,False,0,False,NO,False,True
NCT04342832,2020.0,2016-2020,NA,proc_device,2,64.0,OTHER,TERMINATED,RANDOMIZED,True,SINGLE,1.0,True,False,PARALLEL,True,active,True,,,,,False,True,False,False,False,0,False,NO,False,True
NCT01061931,2009.0,<=2015,PHASE4,proc_device,2,108.0,OTHER,TERMINATED,RANDOMIZED,True,SINGLE,1.0,True,False,PARALLEL,True,active,True,,,,,True,True,False,False,False,7,True,,False,False
NCT04814420,2021.0,2021-2026,NA,proc_device,6,60.0,OTHER,RECRUITING,NON_RANDOMIZED,False,NONE,0.0,False,False,PARALLEL,True,none/single-group,False,,,,,False,False,True,False,False,0,False,,False,True
NCT06170606,2024.0,2021-2026,NA,proc_device,1,200.0,INDUSTRY,COMPLETED,NA,False,NONE,0.0,False,False,SINGLE_GROUP,True,none/single-group,False,,,,,False,True,False,False,False,0,False,NO,False,False
NCT07572253,2026.0,2021-2026,NA,proc_device,1,70.0,OTHER_GOV,NOT_YET_RECRUITING,NA,False,NONE,0.0,False,False,SINGLE_GROUP,True,none/single-group,False,,,,,False,True,False,False,False,0,False,NO,False,False
NCT03088072,2017.0,2016-2020,PHASE4,both,1,75.0,OTHER,UNKNOWN,NA,False,NONE,0.0,False,False,SINGLE_GROUP,False,none/single-group,False,,,,,True,True,False,False,False,0,False,UNDECIDED,False,True
NCT04945746,2021.0,2021-2026,NA,proc_device,1,35.0,OTHER,ACTIVE_NOT_RECRUITING,NA,False,NONE,0.0,False,False,SINGLE_GROUP,True,none/single-group,False,,,,,False,False,False,False,False,0,False,NO,False,False
NCT02548754,2016.0,2016-2020,NA,proc_device,2,53.0,OTHER,COMPLETED,RANDOMIZED,True,QUADRUPLE,4.0,True,True,PARALLEL,True,placebo/sham,True,53.0,47.0,0.1132075471698113,True,False,True,False,True,False,1,True,,False,True
NCT00196144,2002.0,<=2015,PHASE4,proc_device,2,207.0,OTHER,COMPLETED,RANDOMIZED,True,SINGLE,1.0,True,False,PARALLEL,True,none/single-group,False,,,,,True,False,False,False,True,0,False,,False,True
NCT03650556,2018.0,2016-2020,NA,proc_device,1,224.0,INDUSTRY,COMPLETED,NA,False,NONE,0.0,False,False,SINGLE_GROUP,True,none/single-group,False,224.0,187.0,0.1651785714285714,True,False,True,False,True,False,0,False,NO,False,False
NCT01361295,2015.0,<=2015,NA,proc_device,2,70.0,OTHER,COMPLETED,RANDOMIZED,True,SINGLE,1.0,True,False,PARALLEL,True,active,True,,,,,False,True,False,False,False,1,True,,False,True
NCT03546374,2018.0,2016-2020,NA,proc_device,1,160.0,INDUSTRY,RECRUITING,NA,False,NONE,0.0,False,False,SINGLE_GROUP,True,none/single-group,False,,,,,False,True,False,False,False,0,False,,False,
NCT07079813,2025.0,2021-2026,NA,proc_device,1,300.0,INDUSTRY,NOT_YET_RECRUITING,NA,False,NONE,0.0,False,False,SINGLE_GROUP,True,none/single-group,False,,,,,False,True,False,False,False,0,False,,False,False
NCT02839304,2016.0,2016-2020,NA,proc_device,1,80.0,INDUSTRY,COMPLETED,NA,False,NONE,0.0,False,False,SINGLE_GROUP,True,none/single-group,False,,,,,False,True,False,False,False,2,True,NO,False,True
NCT05153486,2021.0,2021-2026,NA,proc_device,3,300.0,OTHER,UNKNOWN,RANDOMIZED,True,NONE,0.0,False,False,PARALLEL,True,active,True,,,,,False,True,True,False,False,0,False,,False,
NCT07424690,2026.0,2021-2026,NA,both,2,282.0,OTHER,NOT_YET_RECRUITING,RANDOMIZED,True,NONE,0.0,False,False,PARALLEL,True,active,True,,,,,False,True,False,False,False,0,False,UNDECIDED,False,True
NCT00816192,2008.0,<=2015,NA,proc_device,2,86.0,OTHER,TERMINATED,RANDOMIZED,True,SINGLE,1.0,True,False,PARALLEL,True,active,True,,,,,False,True,False,False,False,0,False,,False,False
NCT00256152,2004.0,<=2015,PHASE4,proc_device,2,2580.0,INDUSTRY,COMPLETED,RANDOMIZED,True,NONE,0.0,False,False,PARALLEL,True,no-intervention,True,,,,,True,True,False,False,False,6,True,,False,
NCT02702063,2015.0,<=2015,NA,proc_device,3,75.0,OTHER,UNKNOWN,NON_RANDOMIZED,False,NONE,0.0,False,False,SINGLE_GROUP,True,none/single-group,False,,,,,False,False,True,False,False,0,False,NO,False,False
NCT01118299,2010.0,<=2015,NA,proc_device,2,97.0,INDUSTRY,COMPLETED,RANDOMIZED,True,NONE,0.0,False,False,PARALLEL,True,active,True,97.0,45.0,0.5360824742268041,False,False,False,False,True,False,0,False,,False,True
NCT03334630,2017.0,2016-2020,NA,proc_device,2,482.0,INDUSTRY,COMPLETED,RANDOMIZED,True,SINGLE,1.0,True,False,PARALLEL,True,active,True,482.0,455.0,0.05601659751037347,True,False,True,False,True,False,1,True,NO,False,True
NCT05459831,2022.0,2021-2026,NA,proc_device,2,46.0,OTHER,COMPLETED,RANDOMIZED,True,NONE,0.0,False,False,PARALLEL,True,active,True,,,,,False,True,False,False,False,1,True,,False,True
NCT05357690,2023.0,2021-2026,PHASE2;PHASE3,both,2,200.0,OTHER,COMPLETED,RANDOMIZED,True,QUADRUPLE,4.0,True,True,PARALLEL,True,placebo/sham,True,,,,,True,False,False,False,False,0,False,NO,False,False
NCT03700385,2018.0,2016-2020,NA,proc_device,1,40.0,INDUSTRY,COMPLETED,NA,False,NONE,0.0,False,False,SINGLE_GROUP,True,none/single-group,False,40.0,39.0,0.025000000000000022,True,False,True,False,True,False,1,True,NO,False,True
NCT04509180,2021.0,2021-2026,NA,proc_device,2,0.0,OTHER,WITHDRAWN,RANDOMIZED,True,NONE,0.0,False,False,PARALLEL,False,active,True,,,,,False,True,False,False,False,0,False,NO,False,False
NCT05575557,2022.0,2021-2026,NA,proc_device,3,100.0,OTHER,UNKNOWN,NON_RANDOMIZED,False,NONE,0.0,False,False,SEQUENTIAL,True,active,True,,,,,False,True,True,False,False,0,False,,False,
NCT03198858,2016.0,2016-2020,NA,proc_device,2,100.0,OTHER,COMPLETED,RANDOMIZED,True,NONE,0.0,False,False,PARALLEL,True,none/single-group,False,,,,,False,True,False,False,False,0,False,NO,False,False
NCT00392054,2006.0,<=2015,PHASE3,both,2,127.0,OTHER,COMPLETED,RANDOMIZED,True,NONE,0.0,False,False,PARALLEL,True,active,True,127.0,127.0,0.0,True,True,True,False,True,False,1,True,,False,True
NCT07541989,2024.0,2021-2026,NA,proc_device,2,300.0,OTHER,ACTIVE_NOT_RECRUITING,RANDOMIZED,True,NONE,0.0,False,False,PARALLEL,True,active,True,,,,,False,True,False,False,False,0,False,NO,False,True
NCT01341353,2011.0,<=2015,PHASE4,both,2,1800.0,OTHER,UNKNOWN,NON_RANDOMIZED,False,NONE,0.0,False,False,PARALLEL,True,active,True,,,,,True,True,False,False,False,0,False,,False,True
NCT02429648,2009.0,<=2015,NA,proc_device,2,90.0,OTHER,COMPLETED,RANDOMIZED,True,NONE,0.0,False,False,PARALLEL,True,active,True,,,,,False,False,False,False,False,1,True,NO,False,True
NCT02825979,2017.0,2016-2020,NA,both,2,303.0,OTHER,UNKNOWN,RANDOMIZED,True,NONE,0.0,False,False,PARALLEL,True,active,True,,,,,False,True,False,False,False,5,True,YES,True,True
NCT06542770,2021.0,2021-2026,NA,proc_device,4,100.0,OTHER,RECRUITING,RANDOMIZED,True,NONE,0.0,False,False,PARALLEL,True,no-intervention,True,,,,,False,False,True,False,False,0,False,YES,True,True
NCT00773539,2008.0,<=2015,PHASE4,proc_device,3,78.0,OTHER,UNKNOWN,RANDOMIZED,True,NONE,0.0,False,False,PARALLEL,False,active,True,,,,,True,True,True,False,False,2,True,,False,True
NCT05310461,2022.0,2021-2026,NA,proc_device,2,80.0,OTHER,RECRUITING,RANDOMIZED,True,NONE,0.0,False,False,PARALLEL,True,none/single-group,False,,,,,False,True,False,False,False,0,False,NO,False,False
NCT07018596,2026.0,2021-2026,NA,proc_device,1,215.0,INDUSTRY,RECRUITING,NA,False,NONE,0.0,False,False,SINGLE_GROUP,True,none/single-group,False,,,,,False,True,False,False,False,0,False,NO,False,True
NCT04657835,2026.0,2021-2026,NA,proc_device,1,100.0,OTHER,NOT_YET_RECRUITING,NA,False,NONE,0.0,False,False,SINGLE_GROUP,True,none/single-group,False,,,,,False,False,False,False,False,0,False,NO,False,False
NCT07112716,2025.0,2021-2026,NA,proc_device,2,100.0,OTHER,NOT_YET_RECRUITING,NON_RANDOMIZED,False,NONE,0.0,False,False,PARALLEL,True,placebo/sham,True,,,,,False,True,False,False,False,0,False,UNDECIDED,False,False
NCT05351775,2022.0,2021-2026,NA,proc_device,2,150.0,OTHER,COMPLETED,RANDOMIZED,True,NONE,0.0,False,False,PARALLEL,True,no-intervention,True,,,,,False,False,False,False,False,1,True,NO,False,True
NCT05006105,2020.0,2016-2020,NA,proc_device,2,225.0,OTHER,UNKNOWN,RANDOMIZED,True,DOUBLE,2.0,True,True,PARALLEL,True,none/single-group,False,,,,,False,False,False,False,False,0,False,,False,False
NCT03197090,2018.0,2016-2020,NA,proc_device,2,804.0,OTHER,TERMINATED,RANDOMIZED,True,SINGLE,1.0,True,False,PARALLEL,True,no-intervention,True,,,,,False,False,False,False,False,2,True,NO,False,False
NCT07580547,2026.0,2021-2026,NA,proc_device,1,100.0,OTHER_GOV,RECRUITING,NA,False,NONE,0.0,False,False,SINGLE_GROUP,True,none/single-group,False,,,,,False,False,False,False,False,0,False,,False,
NCT05437549,2022.0,2021-2026,NA,proc_device,1,40.0,OTHER,UNKNOWN,NA,False,NONE,0.0,False,False,SINGLE_GROUP,True,none/single-group,False,,,,,False,False,False,False,False,0,False,,False,
NCT06584370,2014.0,<=2015,NA,proc_device,1,13.0,OTHER,COMPLETED,NA,False,NONE,0.0,False,False,SINGLE_GROUP,False,none/single-group,False,,,,,False,True,False,False,True,0,False,,False,False
NCT03044951,2016.0,2016-2020,NA,proc_device,2,600.0,OTHER,UNKNOWN,RANDOMIZED,True,SINGLE,1.0,True,False,PARALLEL,True,active,True,,,,,False,True,False,False,True,0,False,UNDECIDED,False,False
NCT01229475,2010.0,<=2015,NA,proc_device,2,130.0,OTHER,UNKNOWN,RANDOMIZED,True,NONE,0.0,False,False,PARALLEL,True,active,True,,,,,False,True,False,False,False,0,False,,False,False
NCT01103661,2010.0,<=2015,NA,proc_device,1,7.0,INDUSTRY,TERMINATED,NA,False,NONE,0.0,False,False,SINGLE_GROUP,False,none/single-group,False,,,,,False,True,False,False,False,0,False,,False,True
NCT06729866,2024.0,2021-2026,NA,proc_device,1,58.0,OTHER,ACTIVE_NOT_RECRUITING,NA,False,NONE,0.0,False,False,SINGLE_GROUP,True,none/single-group,False,,,,,False,True,False,False,False,1,True,YES,True,True
NCT06363604,2023.0,2021-2026,NA,proc_device,2,260.0,OTHER,RECRUITING,RANDOMIZED,True,SINGLE,1.0,True,False,PARALLEL,True,active,True,,,,,False,True,False,False,True,0,False,UNDECIDED,False,
NCT06938412,2026.0,2021-2026,NA,proc_device,1,120.0,OTHER,RECRUITING,NA,False,NONE,0.0,False,False,SINGLE_GROUP,True,none/single-group,False,,,,,False,True,False,False,False,0,False,NO,False,False
NCT02700945,2016.0,2016-2020,NA,proc_device,2,496.0,INDUSTRY,COMPLETED,RANDOMIZED,True,NONE,0.0,False,False,PARALLEL,True,active,True,492.0,417.0,0.15243902439024393,True,False,False,False,True,False,4,True,NO,False,False
NCT06188247,2023.0,2021-2026,NA,proc_device,0,25.0,OTHER,COMPLETED,NON_RANDOMIZED,False,NONE,0.0,False,False,SINGLE_GROUP,False,none/single-group,False,,,,,False,False,False,False,False,1,True,NO,False,False
NCT00671905,2008.0,<=2015,NA,proc_device,3,150.0,OTHER,COMPLETED,RANDOMIZED,True,NONE,0.0,False,False,FACTORIAL,True,active,True,,,,,False,True,True,False,False,2,True,,False,True
NCT02959515,2016.0,2016-2020,NA,proc_device,2,40.0,OTHER,UNKNOWN,RANDOMIZED,True,SINGLE,1.0,True,False,PARALLEL,True,active,True,,,,,False,True,False,False,False,0,False,,False,False
NCT01798277,2013.0,<=2015,PHASE3,both,2,0.0,OTHER,WITHDRAWN,RANDOMIZED,True,NONE,0.0,False,False,PARALLEL,False,active,True,,,,,True,True,False,False,False,0,False,,False,False
NCT00848445,2002.0,<=2015,PHASE4,proc_device,2,270.0,INDUSTRY,COMPLETED,RANDOMIZED,True,NONE,0.0,False,False,CROSSOVER,True,active,True,,,,,True,False,False,False,False,0,False,,False,False
NCT06296888,2022.0,2021-2026,NA,proc_device,1,45.0,OTHER,UNKNOWN,NA,False,NONE,0.0,False,False,SINGLE_GROUP,True,none/single-group,False,,,,,False,True,False,False,False,1,True,NO,False,False
NCT01019759,2002.0,<=2015,NA,proc_device,2,150.0,OTHER,COMPLETED,RANDOMIZED,True,TRIPLE,3.0,True,True,PARALLEL,True,no-intervention,True,,,,,False,True,False,False,False,0,False,,False,True
NCT03992157,2018.0,2016-2020,NA,proc_device,2,8.0,OTHER,TERMINATED,RANDOMIZED,True,NONE,0.0,False,False,PARALLEL,False,no-intervention,True,,,,,False,False,False,False,False,0,False,NO,False,False
NCT03115554,2017.0,2016-2020,NA,proc_device,2,2.0,OTHER,TERMINATED,RANDOMIZED,True,NONE,0.0,False,False,PARALLEL,False,active,True,,,,,False,True,False,False,False,0,False,,False,
NCT02019407,2015.0,<=2015,NA,proc_device,2,128.0,OTHER,COMPLETED,RANDOMIZED,True,SINGLE,1.0,True,False,PARALLEL,True,placebo/sham,True,,,,,False,True,False,False,False,0,False,,False,False
NCT00821015,2010.0,<=2015,NA,proc_device,1,27.0,OTHER,COMPLETED,NA,False,NONE,0.0,False,False,SINGLE_GROUP,False,none/single-group,False,27.0,15.0,0.4444444444444444,False,False,True,False,True,False,0,False,NO,False,True
NCT03852420,2021.0,2021-2026,NA,proc_device,1,0.0,INDUSTRY,WITHDRAWN,NA,False,NONE,0.0,False,False,SINGLE_GROUP,False,none/single-group,False,,,,,False,True,False,False,False,0,False,NO,False,True
NCT01562912,2012.0,<=2015,NA,proc_device,2,230.0,OTHER,COMPLETED,NON_RANDOMIZED,False,NONE,0.0,False,False,PARALLEL,True,active,True,,,,,False,True,False,False,False,1,True,UNDECIDED,False,False
NCT07220525,2025.0,2021-2026,NA,proc_device,2,100.0,OTHER,RECRUITING,RANDOMIZED,True,SINGLE,1.0,True,False,CROSSOVER,True,none/single-group,False,,,,,False,True,False,False,False,0,False,NO,False,False
NCT07035288,2024.0,2021-2026,NA,proc_device,2,40.0,OTHER,COMPLETED,RANDOMIZED,True,NONE,0.0,False,False,PARALLEL,True,active,True,,,,,False,True,False,False,True,0,False,UNDECIDED,False,False
NCT02825992,2016.0,2016-2020,NA,proc_device,1,129.0,INDUSTRY,COMPLETED,NA,False,NONE,0.0,False,False,SINGLE_GROUP,True,none/single-group,False,129.0,121.0,0.06201550387596899,True,False,False,False,True,False,1,True,NO,False,True
NCT07446244,2026.0,2021-2026,NA,proc_device,1,50.0,OTHER,ENROLLING_BY_INVITATION,NA,False,NONE,0.0,False,False,SINGLE_GROUP,True,none/single-group,False,,,,,False,True,False,False,False,0,False,YES,True,False
NCT04408716,2020.0,2016-2020,NA,proc_device,2,100.0,OTHER,COMPLETED,RANDOMIZED,True,SINGLE,1.0,True,False,PARALLEL,True,active,True,,,,,False,True,False,False,False,1,True,NO,False,True
NCT02747498,2016.0,2016-2020,NA,proc_device,2,120.0,OTHER,COMPLETED,RANDOMIZED,True,NONE,0.0,False,False,PARALLEL,True,active,True,,,,,False,True,False,False,False,2,True,NO,False,False
NCT02303639,2015.0,<=2015,PHASE4,both,2,120.0,OTHER,UNKNOWN,RANDOMIZED,True,NONE,0.0,False,False,PARALLEL,True,active,True,,,,,True,True,False,False,False,0,False,,False,True
NCT01863472,2013.0,<=2015,NA,proc_device,2,152.0,OTHER,COMPLETED,RANDOMIZED,True,NONE,0.0,False,False,PARALLEL,True,active,True,,,,,False,True,False,False,False,1,True,,False,False
NCT06935591,2025.0,2021-2026,NA,proc_device,2,423.0,INDUSTRY,RECRUITING,RANDOMIZED,True,NONE,0.0,False,False,PARALLEL,True,active,True,,,,,False,True,False,False,False,0,False,,False,False
NCT01385202,2011.0,<=2015,PHASE3,proc_device,1,172.0,INDUSTRY,COMPLETED,NA,False,NONE,0.0,False,False,SINGLE_GROUP,True,none/single-group,False,172.0,154.0,0.10465116279069764,True,True,True,False,True,False,2,True,,False,
NCT05656170,2023.0,2021-2026,NA,both,2,0.0,OTHER,WITHDRAWN,RANDOMIZED,True,QUADRUPLE,4.0,True,True,PARALLEL,False,placebo/sham,True,,,,,False,False,False,False,False,0,False,NO,False,False
NCT03827915,2019.0,2016-2020,NA,proc_device,2,100.0,OTHER,UNKNOWN,RANDOMIZED,True,NONE,0.0,False,False,PARALLEL,True,no-intervention,True,,,,,False,True,False,False,False,0,False,NO,False,True
NCT07604727,2026.0,2021-2026,NA,proc_device,2,292.0,OTHER,NOT_YET_RECRUITING,RANDOMIZED,True,NONE,0.0,False,False,PARALLEL,True,active,True,,,,,False,True,False,False,False,0,False,YES,True,True
NCT01581437,2011.0,<=2015,NA,proc_device,1,78.0,OTHER,COMPLETED,NA,False,NONE,0.0,False,False,SINGLE_GROUP,True,none/single-group,False,78.0,78.0,0.0,True,False,False,False,True,True,0,False,,False,True
NCT05827172,2020.0,2016-2020,NA,proc_device,2,96.0,OTHER,COMPLETED,RANDOMIZED,True,NONE,0.0,False,False,PARALLEL,True,none/single-group,False,,,,,False,True,False,False,False,1,True,UNDECIDED,False,
NCT03866148,2019.0,2016-2020,NA,proc_device,2,200.0,OTHER,UNKNOWN,RANDOMIZED,True,NONE,0.0,False,False,PARALLEL,True,active,True,,,,,False,True,False,False,False,1,True,UNDECIDED,False,True
NCT06260670,2022.0,2021-2026,NA,proc_device,1,10.0,INDUSTRY,COMPLETED,NA,False,NONE,0.0,False,False,SINGLE_GROUP,False,none/single-group,False,10.0,10.0,0.0,True,False,False,False,True,False,2,True,NO,False,False
NCT05565599,2022.0,2021-2026,NA,proc_device,1,58.0,INDUSTRY,ACTIVE_NOT_RECRUITING,NA,False,NONE,0.0,False,False,SINGLE_GROUP,True,none/single-group,False,,,,,False,True,False,False,False,0,False,YES,True,False
NCT01336075,2011.0,<=2015,NA,proc_device,2,26.0,OTHER,TERMINATED,RANDOMIZED,True,SINGLE,1.0,True,False,PARALLEL,False,active,True,,,,,False,True,False,False,False,1,True,,False,True
NCT01672138,2013.0,<=2015,NA,proc_device,3,186.0,OTHER,UNKNOWN,RANDOMIZED,True,NONE,0.0,False,False,PARALLEL,True,active,True,,,,,False,True,True,False,False,0,False,,False,True
NCT07399379,2024.0,2021-2026,NA,proc_device,2,303.0,OTHER,COMPLETED,RANDOMIZED,True,NONE,0.0,False,False,PARALLEL,True,active,True,,,,,False,True,False,False,False,0,False,NO,False,False
NCT01924065,2013.0,<=2015,PHASE3,both,2,112.0,OTHER,COMPLETED,RANDOMIZED,True,DOUBLE,2.0,True,True,PARALLEL,True,active,True,112.0,112.0,0.0,True,True,True,False,True,False,0,False,,False,False
NCT00231296,2004.0,<=2015,NA,both,2,174.0,INDUSTRY,COMPLETED,RANDOMIZED,True,NONE,0.0,False,False,PARALLEL,True,active,True,,,,,False,True,False,False,False,0,False,NO,False,False
NCT05222711,2022.0,2021-2026,NA,proc_device,2,866.0,OTHER,UNKNOWN,RANDOMIZED,True,NONE,0.0,False,False,PARALLEL,True,active,True,,,,,False,False,False,False,False,0,False,NO,False,False
NCT01656772,2012.0,<=2015,PHASE3,proc_device,2,120.0,INDUSTRY,COMPLETED,RANDOMIZED,True,NONE,0.0,False,False,PARALLEL,True,active,True,120.0,120.0,0.0,True,True,True,False,True,False,0,False,,False,True
NCT03173534,2017.0,2016-2020,NA,proc_device,2,350.0,OTHER,COMPLETED,RANDOMIZED,True,NONE,0.0,False,False,PARALLEL,True,active,True,349.0,349.0,0.0,True,False,False,False,True,False,1,True,NO,False,False
NCT03723070,2018.0,2016-2020,NA,proc_device,1,88.0,INDUSTRY,COMPLETED,NA,False,NONE,0.0,False,False,SINGLE_GROUP,True,none/single-group,False,88.0,79.0,0.10227272727272729,True,False,True,False,True,True,0,False,NO,False,False
NCT06850064,2025.0,2021-2026,NA,proc_device,2,60.0,OTHER,NOT_YET_RECRUITING,RANDOMIZED,True,NONE,0.0,False,False,PARALLEL,True,active,True,,,,,False,True,False,False,False,0,False,NO,False,True
NCT01420393,2011.0,<=2015,NA,proc_device,2,411.0,OTHER,COMPLETED,RANDOMIZED,True,NONE,0.0,False,False,PARALLEL,True,active,True,411.0,395.0,0.038929440389294356,True,False,True,False,True,False,1,True,,False,True
NCT02896595,2016.0,2016-2020,NA,proc_device,2,100.0,OTHER,COMPLETED,RANDOMIZED,True,DOUBLE,2.0,True,True,PARALLEL,True,active,True,100.0,100.0,0.0,True,False,False,False,True,False,0,False,NO,False,False
NCT06271967,2024.0,2021-2026,NA,proc_device,1,150.0,INDUSTRY,COMPLETED,NA,False,NONE,0.0,False,False,SINGLE_GROUP,True,none/single-group,False,,,,,False,True,False,False,False,1,True,NO,False,True
NCT02825134,2016.0,2016-2020,NA,proc_device,2,376.0,OTHER,ACTIVE_NOT_RECRUITING,RANDOMIZED,True,SINGLE,1.0,True,False,PARALLEL,True,active,True,,,,,False,True,False,False,False,3,True,NO,False,True
NCT02275260,2014.0,<=2015,NA,proc_device,1,110.0,INDUSTRY,TERMINATED,NA,False,NONE,0.0,False,False,SINGLE_GROUP,True,none/single-group,False,,,,,False,False,False,False,False,0,False,,False,False
NCT03602742,2018.0,2016-2020,NA,proc_device,1,150.0,INDUSTRY,UNKNOWN,NA,False,NONE,0.0,False,False,SINGLE_GROUP,True,none/single-group,False,,,,,False,False,False,False,False,0,False,,False,
NCT06165510,2024.0,2021-2026,NA,proc_device,2,48.0,OTHER,RECRUITING,RANDOMIZED,True,NONE,0.0,False,False,PARALLEL,True,active,True,,,,,False,True,False,False,False,0,False,NO,False,True
NCT02558699,2018.0,2016-2020,NA,proc_device,2,110.0,OTHER,RECRUITING,RANDOMIZED,True,SINGLE,1.0,True,False,PARALLEL,True,active,True,,,,,False,True,False,False,False,1,True,,False,False
NCT03750435,2018.0,2016-2020,NA,proc_device,1,25.0,OTHER,UNKNOWN,NA,False,NONE,0.0,False,False,SINGLE_GROUP,False,none/single-group,False,,,,,False,True,False,False,False,0,False,YES,True,False
NCT04877327,2021.0,2021-2026,NA,proc_device,2,16.0,NETWORK,TERMINATED,RANDOMIZED,True,NONE,0.0,False,False,PARALLEL,False,no-intervention,True,,,,,False,True,False,False,False,0,False,NO,False,False
NCT07540065,2026.0,2021-2026,NA,proc_device,2,400.0,OTHER,NOT_YET_RECRUITING,RANDOMIZED,True,NONE,0.0,False,False,PARALLEL,True,active,True,,,,,False,False,False,False,False,0,False,,False,False
NCT05731882,2022.0,2021-2026,NA,proc_device,1,10.0,INDUSTRY,UNKNOWN,NA,False,NONE,0.0,False,False,SINGLE_GROUP,False,none/single-group,False,,,,,False,True,False,False,False,0,False,UNDECIDED,False,
NCT04428944,2021.0,2021-2026,NA,proc_device,3,617.0,OTHER,ACTIVE_NOT_RECRUITING,RANDOMIZED,True,NONE,0.0,False,False,PARALLEL,True,active,True,,,,,False,True,True,False,False,0,False,NO,False,True
NCT02588183,2015.0,<=2015,NA,proc_device,1,25.0,OTHER,COMPLETED,NA,False,NONE,0.0,False,False,SINGLE_GROUP,False,none/single-group,False,,,,,False,True,False,False,True,0,False,,False,False
NCT02937025,2017.0,2016-2020,PHASE1;PHASE2,proc_device,1,154.0,OTHER,UNKNOWN,NA,False,NONE,0.0,False,False,SINGLE_GROUP,True,none/single-group,False,,,,,False,True,False,False,True,0,False,,False,
NCT07183605,2025.0,2021-2026,NA,proc_device,4,30.0,OTHER,RECRUITING,RANDOMIZED,True,NONE,0.0,False,False,PARALLEL,True,none/single-group,False,,,,,False,False,True,False,False,0,False,,False,False
NCT07039032,2025.0,2021-2026,NA,proc_device,1,20.0,INDUSTRY,NOT_YET_RECRUITING,NA,False,NONE,0.0,False,False,SINGLE_GROUP,False,none/single-group,False,,,,,False,True,False,False,False,0,False,,False,False
NCT03088098,2016.0,2016-2020,NA,proc_device,2,81.0,OTHER,COMPLETED,RANDOMIZED,True,NONE,0.0,False,False,PARALLEL,True,active,True,,,,,False,True,False,False,False,1,True,NO,False,False
NCT03882021,2019.0,2016-2020,NA,proc_device,1,300.0,INDUSTRY,COMPLETED,NA,False,NONE,0.0,False,False,SINGLE_GROUP,True,none/single-group,False,303.0,303.0,0.0,True,False,False,False,True,False,0,False,UNDECIDED,False,False
NCT03354663,2017.0,2016-2020,NA,proc_device,1,156.0,INDUSTRY,COMPLETED,NA,False,NONE,0.0,False,False,SINGLE_GROUP,True,none/single-group,False,156.0,151.0,0.03205128205128205,True,False,True,False,True,False,0,False,,False,False
NCT01917981,2013.0,<=2015,PHASE3,proc_device,1,0.0,OTHER,WITHDRAWN,NA,False,SINGLE,1.0,True,False,SINGLE_GROUP,False,none/single-group,False,,,,,True,False,False,False,False,0,False,,False,True
NCT01645917,2012.0,<=2015,PHASE4,proc_device,1,21.0,INDUSTRY,COMPLETED,NA,False,NONE,0.0,False,False,SINGLE_GROUP,False,none/single-group,False,,,,,True,True,False,False,False,1,True,,False,False
NCT02954380,2016.0,2016-2020,NA,proc_device,1,0.0,OTHER,WITHDRAWN,NA,False,NONE,0.0,False,False,SINGLE_GROUP,False,none/single-group,False,,,,,False,False,False,False,False,0,False,NO,False,False
NCT07175727,2023.0,2021-2026,NA,proc_device,2,100.0,OTHER,COMPLETED,RANDOMIZED,True,SINGLE,1.0,True,False,PARALLEL,True,active,True,,,,,False,True,False,False,False,0,False,YES,True,False
NCT01686542,2012.0,<=2015,NA,proc_device,2,100.0,OTHER,UNKNOWN,RANDOMIZED,True,NONE,0.0,False,False,PARALLEL,True,active,True,,,,,False,True,False,False,False,0,False,,False,True
NCT03943693,2019.0,2016-2020,EARLY_PHASE1,proc_device,2,5.0,OTHER,TERMINATED,RANDOMIZED,True,DOUBLE,2.0,True,True,PARALLEL,False,active,True,,,,,False,True,False,False,True,0,False,NO,False,False
NCT00157820,2000.0,<=2015,NA,proc_device,3,354.0,INDUSTRY,COMPLETED,RANDOMIZED,True,NONE,0.0,False,False,PARALLEL,True,active,True,354.0,334.0,0.05649717514124297,True,False,False,True,True,True,0,False,NO,False,True
NCT04298177,2022.0,2021-2026,PHASE4,proc_device,2,77.0,OTHER,UNKNOWN,RANDOMIZED,True,SINGLE,1.0,True,False,PARALLEL,False,active,True,,,,,True,True,False,False,False,1,True,NO,False,True
NCT02665442,2016.0,2016-2020,NA,proc_device,2,40.0,INDUSTRY,UNKNOWN,RANDOMIZED,True,SINGLE,1.0,True,False,PARALLEL,True,no-intervention,True,,,,,False,False,False,False,False,0,False,YES,True,False
NCT07266935,2022.0,2021-2026,NA,proc_device,2,210.0,OTHER,COMPLETED,RANDOMIZED,True,SINGLE,1.0,True,False,PARALLEL,True,active,True,,,,,False,False,False,False,False,0,False,NO,False,False
NCT00161538,2000.0,<=2015,PHASE4,proc_device,0,456.0,INDUSTRY,COMPLETED,RANDOMIZED,True,NONE,0.0,False,False,PARALLEL,True,none/single-group,False,,,,,True,False,False,False,False,0,False,,False,
NCT00133211,2005.0,<=2015,PHASE3,proc_device,2,294.0,OTHER,COMPLETED,RANDOMIZED,True,NONE,0.0,False,False,PARALLEL,True,active,True,,,,,True,True,False,False,False,4,True,,False,True
NCT03737929,2019.0,2016-2020,NA,proc_device,2,7.0,OTHER,TERMINATED,RANDOMIZED,True,NONE,0.0,False,False,PARALLEL,False,active,True,,,,,False,True,False,False,False,0,False,NO,False,True
NCT05264831,2023.0,2021-2026,NA,proc_device,2,450.0,OTHER,RECRUITING,RANDOMIZED,True,NONE,0.0,False,False,PARALLEL,True,active,True,,,,,False,True,False,False,True,1,True,,False,False
NCT07444372,2026.0,2021-2026,NA,proc_device,2,658.0,OTHER,RECRUITING,RANDOMIZED,True,NONE,0.0,False,False,PARALLEL,True,active,True,,,,,False,True,False,False,False,0,False,NO,False,False
NCT02805465,2016.0,2016-2020,NA,proc_device,2,50.0,OTHER,UNKNOWN,RANDOMIZED,True,DOUBLE,2.0,True,True,CROSSOVER,True,active,True,,,,,False,True,False,False,False,1,True,UNDECIDED,False,True
NCT03616028,2019.0,2016-2020,NA,proc_device,1,64.0,INDUSTRY,ACTIVE_NOT_RECRUITING,NA,False,NONE,0.0,False,False,SINGLE_GROUP,True,none/single-group,False,,,,,False,False,False,False,False,0,False,NO,False,True
NCT05085912,2021.0,2021-2026,NA,proc_device,3,300.0,OTHER,UNKNOWN,RANDOMIZED,True,NONE,0.0,False,False,PARALLEL,True,active,True,,,,,False,True,True,False,False,0,False,,False,
NCT07042529,2025.0,2021-2026,NA,proc_device,2,1010.0,OTHER,RECRUITING,RANDOMIZED,True,DOUBLE,2.0,True,True,PARALLEL,True,active,True,,,,,False,True,False,False,False,0,False,NO,False,True
NCT02035163,2012.0,<=2015,NA,proc_device,2,0.0,OTHER,WITHDRAWN,RANDOMIZED,True,SINGLE,1.0,True,False,PARALLEL,False,active,True,,,,,False,True,False,False,False,0,False,NO,False,False
NCT07106970,2025.0,2021-2026,NA,proc_device,2,640.0,INDUSTRY,RECRUITING,RANDOMIZED,True,DOUBLE,2.0,True,True,PARALLEL,True,active,True,,,,,False,True,False,False,False,0,False,NO,False,False
NCT04632641,2021.0,2021-2026,NA,proc_device,2,107.0,OTHER,COMPLETED,RANDOMIZED,True,NONE,0.0,False,False,PARALLEL,True,active,True,106.0,100.0,0.05660377358490565,True,False,True,False,True,False,1,True,,False,False
NCT03118518,2017.0,2016-2020,NA,both,2,225.0,INDUSTRY,COMPLETED,RANDOMIZED,True,NONE,0.0,False,False,PARALLEL,True,active,True,210.0,193.0,0.080952380952381,True,False,True,False,True,False,2,True,NO,False,False
NCT04247685,2021.0,2021-2026,NA,proc_device,2,40.0,OTHER,RECRUITING,NON_RANDOMIZED,False,NONE,0.0,False,False,PARALLEL,True,active,True,,,,,False,False,False,False,False,0,False,NO,False,False
NCT04523545,2020.0,2016-2020,NA,proc_device,1,200.0,INDUSTRY,UNKNOWN,NA,False,NONE,0.0,False,False,SINGLE_GROUP,True,none/single-group,False,,,,,False,True,False,False,False,0,False,,False,False
NCT00662701,2007.0,<=2015,NA,proc_device,2,120.0,OTHER,COMPLETED,RANDOMIZED,True,NONE,0.0,False,False,PARALLEL,True,active,True,,,,,False,True,False,False,False,1,True,,False,True
NCT01535807,2012.0,<=2015,NA,proc_device,2,44.0,OTHER,TERMINATED,RANDOMIZED,True,NONE,0.0,False,False,PARALLEL,True,active,True,44.0,40.0,0.09090909090909094,True,False,True,False,True,False,0,False,,False,False
NCT01013688,2008.0,<=2015,PHASE3,proc_device,3,150.0,OTHER_GOV,UNKNOWN,RANDOMIZED,True,NONE,0.0,False,False,PARALLEL,True,no-intervention,True,,,,,True,True,True,False,False,1,True,,False,True
NCT04592497,2020.0,2016-2020,NA,proc_device,2,60.0,OTHER_GOV,UNKNOWN,RANDOMIZED,True,NONE,0.0,False,False,PARALLEL,True,active,True,,,,,False,True,False,False,False,0,False,NO,False,
NCT04247581,2020.0,2016-2020,NA,proc_device,2,546.0,INDUSTRY,COMPLETED,NON_RANDOMIZED,False,NONE,0.0,False,False,PARALLEL,True,none/single-group,False,546.0,534.0,0.02197802197802201,True,False,False,False,True,False,0,False,NO,False,False
NCT03263702,2017.0,2016-2020,NA,proc_device,1,65.0,OTHER,COMPLETED,NA,False,NONE,0.0,False,False,SINGLE_GROUP,True,none/single-group,False,64.0,57.0,0.109375,True,False,False,False,True,False,1,True,NO,False,True
NCT02217254,2014.0,<=2015,NA,proc_device,2,90.0,OTHER,COMPLETED,RANDOMIZED,True,SINGLE,1.0,True,False,PARALLEL,True,active,True,,,,,False,True,False,False,False,0,False,,False,True
NCT07320560,2026.0,2021-2026,NA,proc_device,1,45.0,OTHER,RECRUITING,NA,False,NONE,0.0,False,False,SINGLE_GROUP,True,none/single-group,False,,,,,False,True,False,False,False,0,False,NO,False,False
NCT03513029,2018.0,2016-2020,NA,proc_device,1,100.0,INDUSTRY,UNKNOWN,NA,False,NONE,0.0,False,False,SINGLE_GROUP,True,none/single-group,False,,,,,False,True,False,False,False,0,False,NO,False,True
NCT01680757,2012.0,<=2015,PHASE4,proc_device,1,0.0,OTHER,WITHDRAWN,NA,False,NONE,0.0,False,False,SINGLE_GROUP,False,none/single-group,False,,,,,True,False,False,False,False,0,False,,False,False
NCT07067372,2025.0,2021-2026,NA,proc_device,1,20.0,INDUSTRY,NOT_YET_RECRUITING,NA,False,NONE,0.0,False,False,SINGLE_GROUP,False,none/single-group,False,,,,,False,True,False,False,False,0,False,,False,False
NCT05214170,2021.0,2021-2026,NA,proc_device,1,20.0,INDUSTRY,UNKNOWN,NA,False,NONE,0.0,False,False,SINGLE_GROUP,False,none/single-group,False,,,,,False,False,False,False,False,0,False,NO,False,True
NCT03626649,2018.0,2016-2020,NA,proc_device,1,60.0,INDUSTRY,COMPLETED,NA,False,NONE,0.0,False,False,SINGLE_GROUP,True,none/single-group,False,,,,,False,True,False,False,False,1,True,NO,False,False
NCT00239226,2005.0,<=2015,PHASE4,proc_device,4,102.0,INDUSTRY,COMPLETED,RANDOMIZED,True,SINGLE,1.0,True,False,PARALLEL,True,active,True,102.0,97.0,0.0490196078431373,True,True,False,True,True,False,1,True,,False,True
NCT04904354,2023.0,2021-2026,NA,proc_device,2,0.0,INDUSTRY,WITHDRAWN,NON_RANDOMIZED,False,NONE,0.0,False,False,PARALLEL,False,none/single-group,False,,,,,False,True,False,False,False,0,False,NO,False,True
NCT00227344,2004.0,<=2015,PHASE4,both,2,129.0,INDUSTRY,TERMINATED,RANDOMIZED,True,NONE,0.0,False,False,PARALLEL,True,active,True,129.0,112.0,0.13178294573643412,True,True,True,False,True,False,0,False,,False,False
NCT02885883,2011.0,<=2015,NA,proc_device,3,31.0,OTHER,COMPLETED,NON_RANDOMIZED,False,NONE,0.0,False,False,PARALLEL,True,active,True,,,,,False,False,True,False,False,0,False,,False,False
NCT06833138,2025.0,2021-2026,NA,proc_device,2,266.0,OTHER,RECRUITING,RANDOMIZED,True,SINGLE,1.0,True,False,PARALLEL,True,no-intervention,True,,,,,False,True,False,False,False,0,False,NO,False,False
NCT02731326,2015.0,<=2015,NA,proc_device,2,264.0,OTHER,COMPLETED,RANDOMIZED,True,SINGLE,1.0,True,False,PARALLEL,True,no-intervention,True,262.0,238.0,0.09160305343511455,True,False,False,False,True,True,0,False,NO,False,True
NCT03911986,2018.0,2016-2020,NA,proc_device,2,755.0,OTHER,COMPLETED,RANDOMIZED,True,NONE,0.0,False,False,CROSSOVER,True,none/single-group,False,,,,,False,False,False,False,False,1,True,NO,False,False
NCT02307188,2014.0,<=2015,NA,proc_device,1,5.0,OTHER,COMPLETED,NA,False,NONE,0.0,False,False,SINGLE_GROUP,False,none/single-group,False,5.0,1.0,0.8,False,False,False,False,True,False,0,False,,False,True
NCT03347695,2017.0,2016-2020,NA,proc_device,2,140.0,OTHER,COMPLETED,NON_RANDOMIZED,False,NONE,0.0,False,False,SINGLE_GROUP,True,none/single-group,False,140.0,135.0,0.0357142857142857,True,False,True,False,True,False,1,True,YES,True,True
NCT04844801,2021.0,2021-2026,NA,proc_device,3,240.0,OTHER,RECRUITING,RANDOMIZED,True,NONE,0.0,False,False,PARALLEL,True,active,True,,,,,False,True,True,False,False,1,True,UNDECIDED,False,False
NCT02008461,2013.0,<=2015,PHASE2,both,2,60.0,NETWORK,UNKNOWN,RANDOMIZED,True,DOUBLE,2.0,True,True,PARALLEL,True,active,True,,,,,False,True,False,False,False,0,False,,False,False
NCT06452589,2024.0,2021-2026,NA,proc_device,1,35.0,INDUSTRY,ACTIVE_NOT_RECRUITING,NA,False,NONE,0.0,False,False,SINGLE_GROUP,True,none/single-group,False,,,,,False,True,False,False,False,0,False,,False,False
NCT02285387,2014.0,<=2015,NA,proc_device,2,300.0,OTHER,UNKNOWN,RANDOMIZED,True,NONE,0.0,False,False,PARALLEL,True,active,True,,,,,False,True,False,False,False,1,True,,False,False
NCT03915691,2022.0,2021-2026,NA,proc_device,2,201.0,OTHER,ACTIVE_NOT_RECRUITING,RANDOMIZED,True,NONE,0.0,False,False,PARALLEL,True,active,True,,,,,False,True,False,False,False,1,True,NO,False,True
NCT05496088,2021.0,2021-2026,NA,proc_device,2,56.0,INDUSTRY,COMPLETED,RANDOMIZED,True,SINGLE,1.0,True,False,PARALLEL,True,active,True,,,,,False,True,False,False,False,0,False,,False,False
NCT07301190,2025.0,2021-2026,NA,proc_device,1,40.0,OTHER,RECRUITING,NA,False,NONE,0.0,False,False,SINGLE_GROUP,True,none/single-group,False,,,,,False,True,False,False,False,0,False,YES,True,False
NCT04769310,2021.0,2021-2026,NA,proc_device,1,5.0,OTHER,COMPLETED,NA,False,NONE,0.0,False,False,SINGLE_GROUP,False,none/single-group,False,,,,,False,False,False,False,False,0,False,,False,
NCT04818645,2023.0,2021-2026,NA,proc_device,2,477.0,OTHER,ACTIVE_NOT_RECRUITING,RANDOMIZED,True,SINGLE,1.0,True,False,PARALLEL,True,active,True,,,,,False,False,False,False,False,0,False,NO,False,True
NCT02628730,2016.0,2016-2020,NA,proc_device,2,40.0,OTHER,UNKNOWN,NON_RANDOMIZED,False,NONE,0.0,False,False,PARALLEL,True,active,True,,,,,False,True,False,False,False,1,True,,False,False
NCT06618417,2024.0,2021-2026,NA,proc_device,2,936.0,OTHER,RECRUITING,RANDOMIZED,True,SINGLE,1.0,True,False,PARALLEL,True,no-intervention,True,,,,,False,False,False,False,False,1,True,NO,False,False
NCT07686328,2026.0,2021-2026,NA,proc_device,1,50.0,INDUSTRY,NOT_YET_RECRUITING,NA,False,NONE,0.0,False,False,SINGLE_GROUP,True,none/single-group,False,,,,,False,False,False,False,False,0,False,,False,False
NCT04313296,2020.0,2016-2020,NA,proc_device,1,209.0,OTHER,TERMINATED,NA,False,NONE,0.0,False,False,SINGLE_GROUP,True,none/single-group,False,209.0,209.0,0.0,True,False,True,False,True,False,0,False,NO,False,False
NCT05723536,2023.0,2021-2026,PHASE3,proc_device,2,80.0,OTHER,UNKNOWN,RANDOMIZED,True,NONE,0.0,False,False,PARALLEL,False,active,True,,,,,True,True,False,False,False,0,False,NO,False,False
NCT01442181,2010.0,<=2015,NA,proc_device,2,25.0,OTHER,COMPLETED,RANDOMIZED,True,NONE,0.0,False,False,PARALLEL,False,active,True,25.0,18.0,0.28,False,False,True,False,True,False,0,False,,False,False
NCT03008811,2016.0,2016-2020,NA,proc_device,2,101.0,OTHER,COMPLETED,RANDOMIZED,True,NONE,0.0,False,False,PARALLEL,True,active,True,,,,,False,True,False,False,False,0,False,NO,False,False
NCT06747091,2025.0,2021-2026,NA,proc_device,3,60.0,OTHER,RECRUITING,RANDOMIZED,True,SINGLE,1.0,True,False,PARALLEL,True,active,True,,,,,False,True,True,False,False,0,False,,False,False
NCT03535818,2017.0,2016-2020,NA,proc_device,2,68.0,OTHER,ACTIVE_NOT_RECRUITING,RANDOMIZED,True,DOUBLE,2.0,True,True,PARALLEL,True,active,True,,,,,False,True,False,False,False,0,False,NO,False,False
NCT02351999,2015.0,<=2015,NA,proc_device,1,30.0,INDUSTRY,COMPLETED,NA,False,NONE,0.0,False,False,SINGLE_GROUP,True,none/single-group,False,,,,,False,False,False,False,False,0,False,UNDECIDED,False,False
NCT01185613,2010.0,<=2015,PHASE2,proc_device,1,50.0,INDUSTRY,COMPLETED,NON_RANDOMIZED,False,NONE,0.0,False,False,SINGLE_GROUP,True,none/single-group,False,,,,,False,False,False,False,False,0,False,,False,False
NCT03322085,2017.0,2016-2020,NA,proc_device,3,126.0,OTHER,COMPLETED,NON_RANDOMIZED,False,DOUBLE,2.0,True,True,PARALLEL,True,none/single-group,False,,,,,False,True,True,False,False,0,False,,False,
NCT06557876,2024.0,2021-2026,NA,proc_device,2,80.0,OTHER,RECRUITING,RANDOMIZED,True,NONE,0.0,False,False,PARALLEL,True,active,True,,,,,False,False,False,False,False,0,False,UNDECIDED,False,False
NCT04442113,2021.0,2021-2026,NA,proc_device,2,0.0,INDUSTRY,WITHDRAWN,RANDOMIZED,True,NONE,0.0,False,False,PARALLEL,False,active,True,,,,,False,True,False,False,False,0,False,,False,True
NCT00643188,2008.0,<=2015,PHASE4,proc_device,2,398.0,INDUSTRY,COMPLETED,RANDOMIZED,True,NONE,0.0,False,False,PARALLEL,True,active,True,,,,,True,True,False,False,False,2,True,UNDECIDED,False,True
NCT00924638,2009.0,<=2015,PHASE4,proc_device,2,447.0,INDUSTRY,COMPLETED,RANDOMIZED,True,NONE,0.0,False,False,PARALLEL,True,active,True,441.0,416.0,0.05668934240362811,True,True,False,False,True,False,6,True,,False,True
NCT02294955,2008.0,<=2015,NA,both,2,152.0,OTHER,UNKNOWN,RANDOMIZED,True,NONE,0.0,False,False,PARALLEL,True,active,True,,,,,False,True,False,False,False,0,False,,False,True
NCT02011256,2013.0,<=2015,NA,proc_device,1,150.0,OTHER,COMPLETED,NA,False,NONE,0.0,False,False,SINGLE_GROUP,True,none/single-group,False,,,,,False,False,False,False,False,0,False,,False,True
NCT02008448,2013.0,<=2015,PHASE2,both,2,160.0,NETWORK,UNKNOWN,RANDOMIZED,True,DOUBLE,2.0,True,True,PARALLEL,True,active,True,,,,,False,True,False,False,False,0,False,,False,False
NCT00161551,2004.0,<=2015,PHASE4,proc_device,0,402.0,INDUSTRY,UNKNOWN,RANDOMIZED,True,NONE,0.0,False,False,PARALLEL,True,none/single-group,False,,,,,True,False,False,False,False,0,False,,False,
NCT06510556,2025.0,2021-2026,NA,proc_device,2,250.0,INDUSTRY,RECRUITING,NON_RANDOMIZED,False,NONE,0.0,False,False,PARALLEL,True,none/single-group,False,,,,,False,True,False,False,False,0,False,,False,False
NCT01448265,2011.0,<=2015,PHASE4,proc_device,1,40.0,OTHER,COMPLETED,NA,False,NONE,0.0,False,False,SINGLE_GROUP,False,none/single-group,False,,,,,True,True,False,False,False,0,False,,False,False
NCT01456000,2012.0,<=2015,PHASE3,proc_device,2,405.0,INDUSTRY,COMPLETED,RANDOMIZED,True,NONE,0.0,False,False,PARALLEL,True,active,True,353.0,342.0,0.031161473087818692,True,True,True,False,True,False,1,True,NO,False,True
NCT00466973,2007.0,<=2015,PHASE4,proc_device,6,0.0,OTHER,WITHDRAWN,RANDOMIZED,True,NONE,0.0,False,False,PARALLEL,False,active,True,,,,,True,True,True,False,False,0,False,,False,True
NCT05195268,2022.0,2021-2026,NA,proc_device,2,0.0,OTHER,WITHDRAWN,RANDOMIZED,True,SINGLE,1.0,True,False,PARALLEL,False,active,True,,,,,False,True,False,False,False,0,False,NO,False,True
NCT00863213,2009.0,<=2015,PHASE4,both,2,152.0,OTHER,COMPLETED,RANDOMIZED,True,NONE,0.0,False,False,PARALLEL,True,active,True,,,,,True,True,False,False,False,1,True,,False,True
NCT07362134,2026.0,2021-2026,NA,proc_device,1,30.0,OTHER_GOV,ENROLLING_BY_INVITATION,NA,False,NONE,0.0,False,False,SINGLE_GROUP,True,none/single-group,False,,,,,False,True,False,False,False,0,False,NO,False,True
NCT04337567,2020.0,2016-2020,NA,proc_device,2,80.0,OTHER,UNKNOWN,RANDOMIZED,True,SINGLE,1.0,True,False,PARALLEL,True,active,True,,,,,False,True,False,False,False,0,False,NO,False,True
NCT04829929,2020.0,2016-2020,NA,proc_device,1,200.0,INDUSTRY,ACTIVE_NOT_RECRUITING,NA,False,NONE,0.0,False,False,SINGLE_GROUP,True,none/single-group,False,,,,,False,True,False,False,False,0,False,,False,False
NCT07173673,2025.0,2021-2026,NA,proc_device,2,1230.0,OTHER,NOT_YET_RECRUITING,RANDOMIZED,True,NONE,0.0,False,False,PARALLEL,True,active,True,,,,,False,False,False,False,False,0,False,NO,False,False
NCT01444573,2011.0,<=2015,PHASE3,proc_device,2,90.0,NETWORK,UNKNOWN,RANDOMIZED,True,NONE,0.0,False,False,PARALLEL,False,active,True,,,,,True,True,False,False,False,0,False,,False,True
NCT05125042,2021.0,2021-2026,NA,both,2,120.0,OTHER,UNKNOWN,RANDOMIZED,True,TRIPLE,3.0,True,True,PARALLEL,True,active,True,,,,,False,True,False,False,False,0,False,,False,
NCT00889681,2009.0,<=2015,NA,proc_device,1,81.0,INDUSTRY,COMPLETED,NA,False,NONE,0.0,False,False,SINGLE_GROUP,True,none/single-group,False,81.0,78.0,0.03703703703703709,True,False,True,False,True,False,0,False,,False,True
NCT01910779,2013.0,<=2015,NA,proc_device,2,154.0,OTHER,UNKNOWN,RANDOMIZED,True,NONE,0.0,False,False,PARALLEL,True,active,True,,,,,False,True,False,False,False,0,False,,False,True
NCT06438692,2022.0,2021-2026,NA,proc_device,2,130.0,OTHER,UNKNOWN,RANDOMIZED,True,TRIPLE,3.0,True,True,PARALLEL,True,placebo/sham,True,,,,,False,True,False,False,False,0,False,NO,False,
NCT04061603,2019.0,2016-2020,NA,proc_device,1,215.0,INDUSTRY,COMPLETED,NA,False,NONE,0.0,False,False,SINGLE_GROUP,True,none/single-group,False,,,,,False,True,False,False,False,0,False,NO,False,True
NCT04897204,2021.0,2021-2026,NA,proc_device,2,120.0,OTHER,UNKNOWN,RANDOMIZED,True,NONE,0.0,False,False,PARALLEL,True,none/single-group,False,,,,,False,True,False,False,True,0,False,NO,False,
NCT06527105,2024.0,2021-2026,NA,proc_device,2,100.0,OTHER,RECRUITING,RANDOMIZED,True,DOUBLE,2.0,True,True,PARALLEL,True,active,True,,,,,False,False,False,False,False,0,False,NO,False,True
NCT04468321,2021.0,2021-2026,NA,proc_device,2,105.0,OTHER,COMPLETED,RANDOMIZED,True,NONE,0.0,False,False,PARALLEL,True,placebo/sham,True,105.0,85.0,0.19047619047619047,True,False,False,False,True,False,1,True,YES,True,True
NCT03242720,2019.0,2016-2020,NA,proc_device,2,0.0,OTHER,WITHDRAWN,RANDOMIZED,True,DOUBLE,2.0,True,True,PARALLEL,False,placebo/sham,True,,,,,False,True,False,False,False,0,False,NO,False,False
NCT07181590,2025.0,2021-2026,NA,proc_device,1,300.0,INDUSTRY,RECRUITING,NA,False,NONE,0.0,False,False,SEQUENTIAL,True,none/single-group,False,,,,,False,True,False,False,False,0,False,NO,False,False
NCT06061757,2023.0,2021-2026,NA,proc_device,2,52.0,OTHER,RECRUITING,NON_RANDOMIZED,False,NONE,0.0,False,False,PARALLEL,True,none/single-group,False,,,,,False,False,False,False,False,0,False,,False,False
NCT03691571,2018.0,2016-2020,NA,proc_device,2,55.0,OTHER,COMPLETED,RANDOMIZED,True,SINGLE,1.0,True,False,PARALLEL,True,active,True,55.0,44.0,0.19999999999999996,True,False,False,False,True,False,0,False,,False,
NCT01113294,2009.0,<=2015,PHASE4,proc_device,1,2040.0,OTHER,UNKNOWN,NON_RANDOMIZED,False,NONE,0.0,False,False,PARALLEL,True,none/single-group,False,,,,,True,True,False,False,False,0,False,,False,True
NCT02553239,2014.0,<=2015,NA,proc_device,1,20.0,OTHER,TERMINATED,NA,False,NONE,0.0,False,False,SINGLE_GROUP,False,none/single-group,False,,,,,False,True,False,False,False,0,False,,False,False
NCT04269785,2023.0,2021-2026,NA,proc_device,2,0.0,OTHER,WITHDRAWN,RANDOMIZED,True,NONE,0.0,False,False,PARALLEL,False,active,True,,,,,False,True,False,False,False,0,False,NO,False,True
NCT00224341,2003.0,<=2015,PHASE4,proc_device,0,360.0,INDUSTRY,UNKNOWN,RANDOMIZED,True,SINGLE,1.0,True,False,FACTORIAL,True,none/single-group,False,,,,,True,False,False,False,False,0,False,,False,
NCT03761394,2019.0,2016-2020,NA,proc_device,4,120.0,OTHER,COMPLETED,RANDOMIZED,True,SINGLE,1.0,True,False,CROSSOVER,True,active,True,120.0,115.0,0.04166666666666663,True,False,False,True,True,False,2,True,NO,False,True
NCT04327596,2021.0,2021-2026,NA,proc_device,2,2.0,OTHER,TERMINATED,RANDOMIZED,True,NONE,0.0,False,False,SINGLE_GROUP,False,active,True,,,,,False,True,False,False,False,0,False,NO,False,True
NCT01353586,2011.0,<=2015,PHASE2,proc_device,1,186.0,INDUSTRY,COMPLETED,NA,False,NONE,0.0,False,False,SINGLE_GROUP,True,none/single-group,False,186.0,177.0,0.048387096774193505,True,False,True,False,True,False,0,False,,False,True
NCT00839566,2008.0,<=2015,PHASE4,proc_device,3,12.0,INDUSTRY,TERMINATED,RANDOMIZED,True,NONE,0.0,False,False,PARALLEL,False,active,True,,,,,True,True,True,False,False,0,False,NO,False,False
NCT06735534,2025.0,2021-2026,NA,proc_device,1,376.0,INDUSTRY,RECRUITING,NA,False,NONE,0.0,False,False,SINGLE_GROUP,True,none/single-group,False,,,,,False,True,False,False,False,0,False,NO,False,True
NCT02506621,2015.0,<=2015,NA,proc_device,1,20.0,OTHER,UNKNOWN,NA,False,NONE,0.0,False,False,SINGLE_GROUP,False,none/single-group,False,,,,,False,False,False,False,False,0,False,,False,False
NCT04405258,2020.0,2016-2020,PHASE4,proc_device,2,276.0,OTHER,UNKNOWN,RANDOMIZED,True,SINGLE,1.0,True,False,PARALLEL,True,active,True,,,,,True,True,False,False,False,0,False,NO,False,True
NCT00111488,2005.0,<=2015,PHASE3,proc_device,0,200.0,INDUSTRY,TERMINATED,RANDOMIZED,True,SINGLE,1.0,True,False,SINGLE_GROUP,True,none/single-group,False,,,,,True,True,False,False,False,0,False,,False,
NCT06167434,2023.0,2021-2026,NA,proc_device,1,30.0,INDUSTRY,ACTIVE_NOT_RECRUITING,NA,False,NONE,0.0,False,False,SINGLE_GROUP,True,none/single-group,False,,,,,False,False,False,False,False,0,False,NO,False,
NCT01952743,2013.0,<=2015,NA,proc_device,2,3.0,OTHER,TERMINATED,RANDOMIZED,True,NONE,0.0,False,False,FACTORIAL,False,active,True,,,,,False,True,False,False,False,0,False,,False,False
NCT00844584,2008.0,<=2015,NA,proc_device,1,20.0,OTHER,UNKNOWN,NON_RANDOMIZED,False,NONE,0.0,False,False,SINGLE_GROUP,False,none/single-group,False,,,,,False,True,False,False,False,0,False,,False,True
NCT03453853,2018.0,2016-2020,PHASE1;PHASE2,proc_device,1,1.0,INDUSTRY,COMPLETED,NA,False,NONE,0.0,False,False,SINGLE_GROUP,False,none/single-group,False,,,,,False,True,False,False,False,0,False,,False,
NCT03164395,2017.0,2016-2020,NA,proc_device,2,31.0,OTHER,COMPLETED,RANDOMIZED,True,NONE,0.0,False,False,PARALLEL,True,active,True,,,,,False,True,False,False,False,0,False,NO,False,False
NCT00826826,2009.0,<=2015,NA,both,2,212.0,OTHER,COMPLETED,RANDOMIZED,True,QUADRUPLE,4.0,True,True,PARALLEL,True,placebo/sham,True,,,,,False,True,False,False,False,1,True,,False,True
NCT06707688,2024.0,2021-2026,NA,proc_device,1,458.0,INDUSTRY,ACTIVE_NOT_RECRUITING,NA,False,NONE,0.0,False,False,SINGLE_GROUP,True,none/single-group,False,,,,,False,True,False,False,False,1,True,NO,False,True
NCT06589700,2025.0,2021-2026,NA,proc_device,1,24.0,OTHER,RECRUITING,NA,False,NONE,0.0,False,False,SINGLE_GROUP,False,none/single-group,False,,,,,False,False,False,False,False,0,False,,False,False
NCT02028130,2013.0,<=2015,NA,proc_device,1,20.0,OTHER,UNKNOWN,NA,False,NONE,0.0,False,False,SINGLE_GROUP,False,none/single-group,False,,,,,False,True,False,False,False,1,True,,False,False
NCT04293757,2019.0,2016-2020,NA,proc_device,2,128.0,OTHER,COMPLETED,RANDOMIZED,True,NONE,0.0,False,False,PARALLEL,True,no-intervention,True,,,,,False,True,False,False,False,0,False,NO,False,False
NCT02986282,2012.0,<=2015,NA,proc_device,1,115.0,OTHER,COMPLETED,NA,False,NONE,0.0,False,False,SINGLE_GROUP,True,none/single-group,False,115.0,99.0,0.13913043478260867,True,False,False,False,True,False,0,False,YES,True,False
NCT05443594,2023.0,2021-2026,NA,proc_device,2,669.0,INDUSTRY,COMPLETED,NON_RANDOMIZED,False,NONE,0.0,False,False,SINGLE_GROUP,True,none/single-group,False,669.0,615.0,0.08071748878923768,True,False,True,False,True,False,4,True,NO,False,True
NCT00292162,2007.0,<=2015,NA,both,2,41.0,OTHER,COMPLETED,RANDOMIZED,True,NONE,0.0,False,False,PARALLEL,True,active,True,41.0,38.0,0.07317073170731703,True,False,True,False,True,False,1,True,,False,
NCT00392106,2006.0,<=2015,PHASE3,both,2,240.0,INDUSTRY,SUSPENDED,RANDOMIZED,True,NONE,0.0,False,False,PARALLEL,True,active,True,,,,,True,True,False,False,False,0,False,,False,
NCT02619396,2016.0,2016-2020,NA,proc_device,4,80.0,OTHER,COMPLETED,RANDOMIZED,True,NONE,0.0,False,False,PARALLEL,True,active,True,80.0,80.0,0.0,True,False,True,True,True,False,1,True,NO,False,False
NCT03907982,2021.0,2021-2026,NA,proc_device,2,20.0,OTHER,COMPLETED,RANDOMIZED,True,DOUBLE,2.0,True,True,PARALLEL,False,active,True,20.0,20.0,0.0,True,False,True,False,True,False,0,False,,False,True
NCT05239364,2020.0,2016-2020,NA,proc_device,2,100.0,OTHER,RECRUITING,RANDOMIZED,True,NONE,0.0,False,False,PARALLEL,True,none/single-group,False,,,,,False,True,False,False,False,0,False,NO,False,False
NCT01546168,2011.0,<=2015,NA,proc_device,2,88.0,OTHER,TERMINATED,RANDOMIZED,True,DOUBLE,2.0,True,True,PARALLEL,True,no-intervention,True,88.0,84.0,0.045454545454545414,True,False,False,False,True,False,0,False,NO,False,True
NCT07100483,2025.0,2021-2026,NA,proc_device,3,220.0,OTHER,ENROLLING_BY_INVITATION,RANDOMIZED,True,NONE,0.0,False,False,PARALLEL,True,active,True,,,,,False,True,True,False,False,0,False,NO,False,True
NCT02504567,2015.0,<=2015,PHASE4,proc_device,2,64.0,OTHER,COMPLETED,NON_RANDOMIZED,False,SINGLE,1.0,True,False,PARALLEL,False,none/single-group,False,,,,,True,True,False,False,False,0,False,,False,False
NCT05342220,2022.0,2021-2026,NA,proc_device,2,240.0,OTHER,COMPLETED,RANDOMIZED,True,SINGLE,1.0,True,False,PARALLEL,True,placebo/sham,True,,,,,False,True,False,False,False,1,True,,False,
NCT02317068,2014.0,<=2015,PHASE3,proc_device,2,200.0,OTHER,COMPLETED,RANDOMIZED,True,SINGLE,1.0,True,False,PARALLEL,True,active,True,,,,,True,False,False,False,False,0,False,,False,True
NCT00000556,1995.0,<=2015,PHASE3,both,0,,NIH,COMPLETED,RANDOMIZED,True,,,False,False,,,none/single-group,False,,,,,True,True,False,False,False,2,True,,False,
NCT06546046,2024.0,2021-2026,NA,proc_device,1,100.0,OTHER,NOT_YET_RECRUITING,NA,False,NONE,0.0,False,False,SINGLE_GROUP,True,none/single-group,False,,,,,False,False,False,False,False,0,False,,False,False
NCT02002923,2013.0,<=2015,PHASE2,both,2,160.0,NETWORK,UNKNOWN,RANDOMIZED,True,DOUBLE,2.0,True,True,PARALLEL,True,active,True,,,,,False,True,False,False,False,0,False,,False,False
NCT03557034,2018.0,2016-2020,NA,proc_device,2,100.0,OTHER,COMPLETED,RANDOMIZED,True,NONE,0.0,False,False,PARALLEL,True,no-intervention,True,100.0,99.0,0.010000000000000009,True,False,False,False,True,False,0,False,NO,False,False
NCT00567515,2007.0,<=2015,PHASE2,proc_device,1,41.0,INDUSTRY,COMPLETED,NA,False,NONE,0.0,False,False,SINGLE_GROUP,False,none/single-group,False,,,,,False,True,False,False,False,3,True,,False,True
NCT04600245,2020.0,2016-2020,NA,proc_device,2,60.0,OTHER_GOV,UNKNOWN,NON_RANDOMIZED,False,NONE,0.0,False,False,PARALLEL,True,none/single-group,False,,,,,False,True,False,False,False,0,False,NO,False,
NCT05986526,2023.0,2021-2026,NA,proc_device,2,206.0,OTHER,ACTIVE_NOT_RECRUITING,RANDOMIZED,True,NONE,0.0,False,False,PARALLEL,True,active,True,,,,,False,True,False,False,False,0,False,YES,True,True
NCT00584415,2004.0,<=2015,NA,proc_device,1,119.0,OTHER,COMPLETED,NA,False,NONE,0.0,False,False,SINGLE_GROUP,True,active,True,119.0,112.0,0.05882352941176472,True,False,True,False,True,False,0,False,,False,False
NCT03724318,2019.0,2016-2020,NA,proc_device,2,1500.0,OTHER,ACTIVE_NOT_RECRUITING,RANDOMIZED,True,SINGLE,1.0,True,False,PARALLEL,True,active,True,,,,,False,False,False,False,False,2,True,YES,True,True
NCT06007872,2022.0,2021-2026,NA,proc_device,1,100.0,OTHER,RECRUITING,NA,False,NONE,0.0,False,False,SINGLE_GROUP,True,none/single-group,False,,,,,False,False,False,False,False,0,False,NO,False,False
NCT03816410,2015.0,<=2015,NA,proc_device,2,21.0,OTHER,COMPLETED,RANDOMIZED,True,TRIPLE,3.0,True,True,PARALLEL,False,no-intervention,True,,,,,False,False,False,False,False,0,False,NO,False,False
NCT04676880,2021.0,2021-2026,NA,proc_device,2,609.0,OTHER,ACTIVE_NOT_RECRUITING,RANDOMIZED,True,NONE,0.0,False,False,PARALLEL,True,no-intervention,True,,,,,False,False,False,False,False,1,True,YES,True,True
NCT02732626,2016.0,2016-2020,NA,proc_device,2,324.0,OTHER,COMPLETED,RANDOMIZED,True,NONE,0.0,False,False,PARALLEL,True,active,True,,,,,False,True,False,False,False,1,True,UNDECIDED,False,True
NCT07320976,2024.0,2021-2026,NA,proc_device,1,35.0,OTHER,ACTIVE_NOT_RECRUITING,NA,False,NONE,0.0,False,False,SINGLE_GROUP,True,none/single-group,False,,,,,False,True,False,False,False,0,False,YES,True,False
NCT03564327,2019.0,2016-2020,NA,proc_device,1,175.0,OTHER,COMPLETED,NA,False,NONE,0.0,False,False,SINGLE_GROUP,True,none/single-group,False,,,,,False,False,False,False,False,0,False,,False,
NCT01246466,2010.0,<=2015,NA,proc_device,1,24.0,INDUSTRY,COMPLETED,NA,False,NONE,0.0,False,False,SINGLE_GROUP,False,none/single-group,False,24.0,22.0,0.08333333333333337,True,False,True,False,True,False,0,False,,False,True
NCT05367037,2022.0,2021-2026,NA,proc_device,2,640.0,OTHER,RECRUITING,RANDOMIZED,True,TRIPLE,3.0,True,True,PARALLEL,True,active,True,,,,,False,False,False,False,True,0,False,NO,False,False
NCT02105584,2014.0,<=2015,NA,proc_device,1,78.0,INDUSTRY,COMPLETED,NA,False,NONE,0.0,False,False,SINGLE_GROUP,True,none/single-group,False,,,,,False,True,False,False,False,0,False,,False,True
NCT03832959,2019.0,2016-2020,NA,proc_device,2,60.0,OTHER,UNKNOWN,RANDOMIZED,True,NONE,0.0,False,False,PARALLEL,True,no-intervention,True,,,,,False,True,False,False,False,0,False,NO,False,False
NCT03639597,2016.0,2016-2020,NA,proc_device,1,53.0,INDUSTRY,COMPLETED,NA,False,NONE,0.0,False,False,SINGLE_GROUP,True,none/single-group,False,,,,,False,True,False,False,False,1,True,,False,True
NCT03817372,2019.0,2016-2020,NA,proc_device,2,468.0,OTHER,COMPLETED,RANDOMIZED,True,NONE,0.0,False,False,PARALLEL,True,active,True,,,,,False,True,False,False,False,1,True,,False,
NCT03868150,2017.0,2016-2020,PHASE4,both,3,600.0,OTHER,RECRUITING,RANDOMIZED,True,NONE,0.0,False,False,PARALLEL,True,active,True,,,,,True,False,True,False,False,1,True,,False,
NCT03816033,2018.0,2016-2020,NA,proc_device,2,600.0,OTHER,UNKNOWN,RANDOMIZED,True,SINGLE,1.0,True,False,PARALLEL,True,active,True,,,,,False,True,False,False,False,0,False,NO,False,True
NCT02467179,2015.0,<=2015,NA,proc_device,2,50.0,OTHER,COMPLETED,RANDOMIZED,True,NONE,0.0,False,False,PARALLEL,True,active,True,50.0,50.0,0.0,True,False,True,False,True,True,1,True,NO,False,False
NCT00560885,2007.0,<=2015,PHASE3,proc_device,1,55.0,INDUSTRY,COMPLETED,NA,False,NONE,0.0,False,False,SINGLE_GROUP,False,none/single-group,False,55.0,47.0,0.1454545454545455,True,True,True,False,True,False,0,False,,False,True
NCT06647251,2024.0,2021-2026,NA,proc_device,3,90.0,OTHER,RECRUITING,RANDOMIZED,True,NONE,0.0,False,False,PARALLEL,True,active,True,,,,,False,True,True,False,False,0,False,,False,False
NCT01629056,2012.0,<=2015,PHASE4,proc_device,2,148.0,OTHER,COMPLETED,RANDOMIZED,True,SINGLE,1.0,True,False,PARALLEL,True,placebo/sham,True,,,,,True,True,False,False,False,0,False,,False,False
NCT02095691,2013.0,<=2015,PHASE1,proc_device,1,19.0,INDUSTRY,COMPLETED,NA,False,NONE,0.0,False,False,SINGLE_GROUP,False,none/single-group,False,19.0,18.0,0.052631578947368474,True,False,True,False,True,False,0,False,,False,True
NCT03525860,2018.0,2016-2020,NA,proc_device,2,47.0,OTHER,COMPLETED,RANDOMIZED,True,NONE,0.0,False,False,PARALLEL,True,no-intervention,True,,,,,False,True,False,False,False,0,False,,False,False
NCT03463317,2018.0,2016-2020,PHASE4,both,2,912.0,OTHER,COMPLETED,RANDOMIZED,True,NONE,0.0,False,False,PARALLEL,True,active,True,,,,,True,False,False,False,False,3,True,,False,True
NCT02267889,2015.0,<=2015,NA,proc_device,1,20.0,INDUSTRY,COMPLETED,NA,False,NONE,0.0,False,False,SINGLE_GROUP,False,none/single-group,False,,,,,False,True,False,False,False,0,False,,False,False
NCT05931835,2025.0,2021-2026,NA,proc_device,1,18.0,INDUSTRY,COMPLETED,NA,False,NONE,0.0,False,False,SINGLE_GROUP,False,none/single-group,False,18.0,18.0,0.0,True,False,False,False,True,False,0,False,NO,False,False
NCT02701062,2016.0,2016-2020,PHASE4,both,2,562.0,INDUSTRY,COMPLETED,RANDOMIZED,True,NONE,0.0,False,False,PARALLEL,True,active,True,562.0,562.0,0.0,True,True,False,False,True,False,0,False,NO,False,False
NCT01526343,2011.0,<=2015,PHASE2,proc_device,1,47.0,OTHER,COMPLETED,NA,False,NONE,0.0,False,False,SINGLE_GROUP,False,none/single-group,False,47.0,47.0,0.0,True,False,True,False,True,False,0,False,,False,True
NCT02802488,2016.0,2016-2020,NA,proc_device,1,142.0,OTHER,COMPLETED,NA,False,NONE,0.0,False,False,SINGLE_GROUP,True,none/single-group,False,,,,,False,False,False,False,False,0,False,,False,False
NCT07582523,2026.0,2021-2026,NA,proc_device,2,1910.0,OTHER,ENROLLING_BY_INVITATION,RANDOMIZED,True,NONE,0.0,False,False,PARALLEL,True,none/single-group,False,,,,,False,False,False,False,False,0,False,NO,False,False
NCT07620262,2026.0,2021-2026,NA,proc_device,1,50.0,OTHER,RECRUITING,NA,False,NONE,0.0,False,False,SINGLE_GROUP,True,none/single-group,False,,,,,False,True,False,False,False,0,False,NO,False,True
NCT07447297,2024.0,2021-2026,NA,both,2,520.0,OTHER,RECRUITING,RANDOMIZED,True,NONE,0.0,False,False,PARALLEL,True,active,True,,,,,False,True,False,False,True,0,False,UNDECIDED,False,True
NCT00982475,2009.0,<=2015,NA,proc_device,2,130.0,INDUSTRY,COMPLETED,RANDOMIZED,True,NONE,0.0,False,False,PARALLEL,True,placebo/sham,True,,,,,False,True,False,False,False,1,True,,False,False
NCT03478410,2018.0,2016-2020,NA,proc_device,2,35.0,OTHER_GOV,UNKNOWN,NON_RANDOMIZED,False,NONE,0.0,False,False,PARALLEL,True,none/single-group,False,,,,,False,False,False,False,False,0,False,UNDECIDED,False,False
NCT04652778,2021.0,2021-2026,NA,proc_device,1,15.0,INDUSTRY,UNKNOWN,NA,False,NONE,0.0,False,False,SINGLE_GROUP,False,none/single-group,False,,,,,False,True,False,False,False,0,False,,False,False
NCT03720639,2018.0,2016-2020,NA,proc_device,2,209.0,OTHER,COMPLETED,RANDOMIZED,True,NONE,0.0,False,False,PARALLEL,True,active,True,,,,,False,False,False,False,False,0,False,NO,False,False
NCT02639793,2016.0,2016-2020,PHASE4,proc_device,3,300.0,OTHER,UNKNOWN,RANDOMIZED,True,SINGLE,1.0,True,False,PARALLEL,True,active,True,,,,,True,True,True,False,False,0,False,UNDECIDED,False,True
NCT03239262,2012.0,<=2015,NA,proc_device,2,100.0,OTHER,COMPLETED,NON_RANDOMIZED,False,NONE,0.0,False,False,PARALLEL,True,none/single-group,False,,,,,False,True,False,False,False,0,False,NO,False,False
NCT06495216,2024.0,2021-2026,NA,proc_device,1,0.0,INDUSTRY,WITHDRAWN,NA,False,NONE,0.0,False,False,SINGLE_GROUP,False,none/single-group,False,,,,,False,True,False,False,False,0,False,YES,True,False
NCT04649801,2020.0,2016-2020,NA,proc_device,2,194.0,OTHER,COMPLETED,RANDOMIZED,True,NONE,0.0,False,False,PARALLEL,True,active,True,,,,,False,True,False,False,False,2,True,,False,False
NCT05603637,2022.0,2021-2026,NA,proc_device,2,50.0,OTHER,UNKNOWN,RANDOMIZED,True,SINGLE,1.0,True,False,PARALLEL,True,active,True,,,,,False,False,False,False,False,1,True,YES,True,False
NCT00289289,2004.0,<=2015,NA,proc_device,3,400.0,INDUSTRY,COMPLETED,RANDOMIZED,True,SINGLE,1.0,True,False,CROSSOVER,True,active,True,400.0,322.0,0.19499999999999995,True,False,False,True,True,False,0,False,,False,False
NCT04625946,2021.0,2021-2026,PHASE4,both,2,117.0,OTHER,COMPLETED,RANDOMIZED,True,NONE,0.0,False,False,PARALLEL,True,none/single-group,False,,,,,True,True,False,False,False,0,False,NO,False,True
NCT02321085,2014.0,<=2015,NA,proc_device,2,150.0,OTHER,UNKNOWN,RANDOMIZED,True,NONE,0.0,False,False,PARALLEL,True,active,True,,,,,False,True,False,False,False,0,False,,False,True
NCT02686749,2016.0,2016-2020,PHASE4,both,2,4.0,OTHER,TERMINATED,RANDOMIZED,True,NONE,0.0,False,False,PARALLEL,False,active,True,4.0,0.0,1.0,False,True,True,False,True,False,0,False,NO,False,False
NCT01291771,2011.0,<=2015,NA,proc_device,2,30.0,OTHER,TERMINATED,NON_RANDOMIZED,False,NONE,0.0,False,False,PARALLEL,True,none/single-group,False,,,,,False,False,False,False,False,1,True,,False,True
NCT04037397,2019.0,2016-2020,PHASE3,both,2,25.0,OTHER,COMPLETED,RANDOMIZED,True,NONE,0.0,False,False,PARALLEL,False,active,True,,,,,True,True,False,False,False,0,False,,False,True
NCT06181578,2024.0,2021-2026,NA,proc_device,2,50.0,OTHER,UNKNOWN,RANDOMIZED,True,SINGLE,1.0,True,False,PARALLEL,True,no-intervention,True,,,,,False,True,False,False,False,0,False,NO,False,
NCT00419640,2005.0,<=2015,NA,proc_device,4,385.0,INDUSTRY,COMPLETED,RANDOMIZED,True,SINGLE,1.0,True,False,PARALLEL,True,active,True,,,,,False,True,True,False,False,1,True,,False,True
NCT05185310,2021.0,2021-2026,NA,proc_device,3,8.0,OTHER,TERMINATED,RANDOMIZED,True,SINGLE,1.0,True,False,PARALLEL,False,none/single-group,False,,,,,False,True,True,False,False,0,False,UNDECIDED,False,False
NCT05907694,2024.0,2021-2026,NA,both,2,714.0,OTHER,RECRUITING,RANDOMIZED,True,NONE,0.0,False,False,PARALLEL,True,none/single-group,False,,,,,False,True,False,False,False,0,False,NO,False,True
NCT03370536,2017.0,2016-2020,NA,both,1,1.0,OTHER,TERMINATED,NA,False,NONE,0.0,False,False,SINGLE_GROUP,False,none/single-group,False,1.0,0.0,1.0,False,False,True,False,True,False,0,False,,False,True
NCT07118488,2025.0,2021-2026,NA,proc_device,1,50.0,OTHER,RECRUITING,NA,False,NONE,0.0,False,False,SINGLE_GROUP,True,none/single-group,False,,,,,False,True,False,False,False,0,False,NO,False,False
NCT02779660,2016.0,2016-2020,NA,proc_device,2,146.0,OTHER,UNKNOWN,RANDOMIZED,True,DOUBLE,2.0,True,True,PARALLEL,True,placebo/sham,True,,,,,False,False,False,False,False,1,True,UNDECIDED,False,False
NCT02814136,2016.0,2016-2020,NA,proc_device,2,146.0,OTHER,UNKNOWN,RANDOMIZED,True,SINGLE,1.0,True,False,PARALLEL,True,active,True,,,,,False,True,False,False,False,0,False,NO,False,False
NCT04053361,2018.0,2016-2020,NA,proc_device,2,76.0,OTHER,COMPLETED,RANDOMIZED,True,SINGLE,1.0,True,False,PARALLEL,True,active,True,,,,,False,True,False,False,True,0,False,NO,False,False
NCT02137187,2014.0,<=2015,PHASE3,both,2,1830.0,OTHER,UNKNOWN,RANDOMIZED,True,NONE,0.0,False,False,PARALLEL,True,active,True,,,,,True,True,False,False,True,2,True,NO,False,True
NCT03394404,2018.0,2016-2020,NA,proc_device,1,140.0,OTHER,COMPLETED,NA,False,NONE,0.0,False,False,SINGLE_GROUP,True,none/single-group,False,,,,,False,True,False,False,False,3,True,UNDECIDED,False,True
NCT01504451,2012.0,<=2015,PHASE4,proc_device,3,75.0,OTHER,UNKNOWN,RANDOMIZED,True,NONE,0.0,False,False,PARALLEL,False,active,True,,,,,True,True,True,False,False,1,True,,False,True
NCT06560047,2024.0,2021-2026,NA,proc_device,2,1616.0,OTHER,RECRUITING,RANDOMIZED,True,NONE,0.0,False,False,PARALLEL,True,no-intervention,True,,,,,False,True,False,False,False,0,False,NO,False,True
NCT03501836,2017.0,2016-2020,NA,proc_device,1,271.0,OTHER_GOV,COMPLETED,NA,False,NONE,0.0,False,False,SINGLE_GROUP,True,none/single-group,False,,,,,False,False,False,False,False,0,False,NO,False,False
NCT00578617,2006.0,<=2015,NA,both,2,60.0,OTHER,COMPLETED,RANDOMIZED,True,NONE,0.0,False,False,PARALLEL,True,active,True,60.0,60.0,0.0,True,False,True,False,True,False,0,False,,False,True
NCT07294742,2024.0,2021-2026,NA,proc_device,1,34.0,OTHER,ACTIVE_NOT_RECRUITING,NA,False,NONE,0.0,False,False,SINGLE_GROUP,True,none/single-group,False,,,,,False,True,False,False,False,0,False,YES,True,False
NCT02217657,2013.0,<=2015,NA,proc_device,2,75.0,OTHER,COMPLETED,RANDOMIZED,True,DOUBLE,2.0,True,True,PARALLEL,True,active,True,,,,,False,True,False,False,False,1,True,NO,False,False
NCT02389218,2015.0,<=2015,PHASE4,both,2,13.0,OTHER,COMPLETED,RANDOMIZED,True,NONE,0.0,False,False,PARALLEL,False,active,True,,,,,True,True,False,False,False,0,False,,False,True
NCT00486915,2007.0,<=2015,NA,proc_device,2,43.0,OTHER,COMPLETED,RANDOMIZED,True,SINGLE,1.0,True,False,PARALLEL,True,active,True,,,,,False,False,False,False,False,0,False,,False,False
NCT01824394,2013.0,<=2015,PHASE3,proc_device,2,481.0,INDUSTRY,TERMINATED,RANDOMIZED,True,SINGLE,1.0,True,False,PARALLEL,True,active,True,468.0,159.0,0.6602564102564102,False,True,True,False,True,False,0,False,,False,False
NCT02549963,2015.0,<=2015,PHASE4,both,2,200.0,OTHER,UNKNOWN,RANDOMIZED,True,NONE,0.0,False,False,PARALLEL,True,active,True,,,,,True,False,False,False,False,0,False,,False,True
NCT02047279,2014.0,<=2015,NA,proc_device,2,120.0,NETWORK,COMPLETED,RANDOMIZED,True,SINGLE,1.0,True,False,PARALLEL,True,active,True,,,,,False,True,False,False,False,0,False,,False,False
NCT03335800,2017.0,2016-2020,NA,proc_device,1,419927.0,INDUSTRY,COMPLETED,NA,False,NONE,0.0,False,False,SINGLE_GROUP,True,none/single-group,False,419927.0,396.0,0.9990569789511035,False,False,False,False,True,False,4,True,NO,False,True
NCT01223469,2008.0,<=2015,NA,proc_device,2,77.0,INDUSTRY,COMPLETED,NON_RANDOMIZED,False,NONE,0.0,False,False,PARALLEL,True,none/single-group,False,77.0,77.0,0.0,True,False,True,False,True,True,0,False,,False,True
NCT00741611,2008.0,<=2015,PHASE3,both,2,44.0,INDUSTRY,TERMINATED,RANDOMIZED,True,SINGLE,1.0,True,False,PARALLEL,False,active,True,36.0,31.0,0.13888888888888884,True,True,True,False,True,False,0,False,,False,True
NCT04182620,2020.0,2016-2020,NA,proc_device,2,160.0,OTHER,COMPLETED,RANDOMIZED,True,DOUBLE,2.0,True,True,PARALLEL,True,active,True,,,,,False,True,False,False,False,0,False,NO,False,True
NCT04702451,2021.0,2021-2026,NA,proc_device,2,377.0,INDUSTRY,COMPLETED,RANDOMIZED,True,DOUBLE,2.0,True,True,PARALLEL,True,active,True,374.0,348.0,0.06951871657754005,True,False,True,False,True,True,1,True,NO,False,True
NCT00841529,2009.0,<=2015,PHASE2,proc_device,0,40.0,INDUSTRY,TERMINATED,NON_RANDOMIZED,False,NONE,0.0,False,False,SINGLE_GROUP,False,none/single-group,False,,,,,False,True,False,False,False,0,False,,False,True
NCT07621003,2026.0,2021-2026,NA,proc_device,2,264.0,INDUSTRY,NOT_YET_RECRUITING,RANDOMIZED,True,SINGLE,1.0,True,False,PARALLEL,True,active,True,,,,,False,True,False,False,True,0,False,,False,True
NCT01695824,2011.0,<=2015,PHASE2,both,2,96.0,NETWORK,COMPLETED,RANDOMIZED,True,NONE,0.0,False,False,PARALLEL,True,active,True,,,,,False,True,False,False,False,1,True,,False,True
NCT02238392,2012.0,<=2015,NA,proc_device,2,150.0,OTHER,COMPLETED,RANDOMIZED,True,NONE,0.0,False,False,PARALLEL,True,active,True,,,,,False,True,False,False,False,1,True,,False,False
NCT00745706,2008.0,<=2015,NA,proc_device,1,50.0,OTHER,COMPLETED,NA,False,NONE,0.0,False,False,SINGLE_GROUP,True,none/single-group,False,,,,,False,False,False,False,True,0,False,,False,False
NCT02186314,2014.0,<=2015,NA,proc_device,2,20.0,OTHER,UNKNOWN,RANDOMIZED,True,SINGLE,1.0,True,False,CROSSOVER,False,active,True,,,,,False,True,False,False,False,0,False,,False,False
NCT03708471,2018.0,2016-2020,NA,proc_device,2,150.0,OTHER,UNKNOWN,RANDOMIZED,True,SINGLE,1.0,True,False,PARALLEL,True,active,True,,,,,False,True,False,False,False,0,False,,False,
NCT06633523,2024.0,2021-2026,NA,proc_device,3,384.0,OTHER,NOT_YET_RECRUITING,RANDOMIZED,True,NONE,0.0,False,False,PARALLEL,True,none/single-group,False,,,,,False,True,True,False,False,0,False,UNDECIDED,False,False
NCT06460831,2024.0,2021-2026,NA,proc_device,2,800.0,OTHER,UNKNOWN,RANDOMIZED,True,DOUBLE,2.0,True,True,PARALLEL,True,placebo/sham,True,,,,,False,True,False,False,False,0,False,UNDECIDED,False,True
NCT03349476,2018.0,2016-2020,NA,proc_device,1,109.0,OTHER,TERMINATED,NA,False,NONE,0.0,False,False,SINGLE_GROUP,True,none/single-group,False,109.0,106.0,0.02752293577981646,True,False,True,False,True,False,0,False,NO,False,True
NCT00605748,2007.0,<=2015,PHASE4,proc_device,2,212.0,OTHER,UNKNOWN,RANDOMIZED,True,SINGLE,1.0,True,False,PARALLEL,True,active,True,,,,,True,True,False,False,False,1,True,,False,True
NCT03042104,2017.0,2016-2020,NA,proc_device,2,901.0,INDUSTRY,ACTIVE_NOT_RECRUITING,RANDOMIZED,True,NONE,0.0,False,False,PARALLEL,True,no-intervention,True,,,,,False,True,False,False,False,7,True,NO,False,True
NCT05449158,2021.0,2021-2026,NA,proc_device,2,140.0,OTHER,COMPLETED,NON_RANDOMIZED,False,NONE,0.0,False,False,PARALLEL,True,no-intervention,True,,,,,False,True,False,False,False,0,False,YES,True,True
NCT01897545,2012.0,<=2015,PHASE2,proc_device,2,60.0,NETWORK,COMPLETED,RANDOMIZED,True,DOUBLE,2.0,True,True,PARALLEL,True,active,True,,,,,False,True,False,False,False,1,True,,False,True
NCT02222818,2014.0,<=2015,NA,proc_device,2,71.0,INDUSTRY,COMPLETED,RANDOMIZED,True,NONE,0.0,False,False,CROSSOVER,True,none/single-group,False,66.0,63.0,0.045454545454545414,True,False,True,False,True,False,1,True,NO,False,False
NCT02492256,2015.0,<=2015,PHASE2,proc_device,2,60.0,NETWORK,UNKNOWN,RANDOMIZED,True,DOUBLE,2.0,True,True,PARALLEL,True,active,True,,,,,False,True,False,False,False,0,False,,False,True
NCT05872776,2023.0,2021-2026,NA,proc_device,2,50.0,INDUSTRY,UNKNOWN,RANDOMIZED,True,QUADRUPLE,4.0,True,True,PARALLEL,True,placebo/sham,True,,,,,False,True,False,False,False,0,False,NO,False,True
NCT06930599,2025.0,2021-2026,NA,proc_device,2,162.0,OTHER,NOT_YET_RECRUITING,RANDOMIZED,True,TRIPLE,3.0,True,True,PARALLEL,True,active,True,,,,,False,True,False,False,False,0,False,UNDECIDED,False,False
NCT06023784,2023.0,2021-2026,NA,proc_device,2,530.0,OTHER,NOT_YET_RECRUITING,RANDOMIZED,True,NONE,0.0,False,False,PARALLEL,True,active,True,,,,,False,True,False,False,False,0,False,NO,False,
NCT06721221,2024.0,2021-2026,NA,proc_device,1,100.0,OTHER,ACTIVE_NOT_RECRUITING,NA,False,NONE,0.0,False,False,SINGLE_GROUP,True,none/single-group,False,,,,,False,True,False,False,False,0,False,NO,False,False
NCT00180336,2004.0,<=2015,PHASE2;PHASE3,proc_device,0,170.0,INDUSTRY,COMPLETED,NON_RANDOMIZED,False,NONE,0.0,False,False,PARALLEL,True,none/single-group,False,,,,,True,True,False,False,False,0,False,,False,
NCT07271238,2026.0,2021-2026,NA,proc_device,1,50.0,INDUSTRY,RECRUITING,NA,False,NONE,0.0,False,False,SINGLE_GROUP,True,none/single-group,False,,,,,False,False,False,False,False,0,False,,False,False
NCT02929836,2016.0,2016-2020,NA,proc_device,3,450.0,OTHER,UNKNOWN,RANDOMIZED,True,SINGLE,1.0,True,False,PARALLEL,True,active,True,,,,,False,True,True,False,False,0,False,NO,False,True
NCT03448562,2018.0,2016-2020,NA,proc_device,2,300.0,OTHER,UNKNOWN,RANDOMIZED,True,SINGLE,1.0,True,False,PARALLEL,True,active,True,,,,,False,True,False,False,False,2,True,,False,False
NCT05294445,2021.0,2021-2026,NA,proc_device,2,350.0,INDUSTRY,ACTIVE_NOT_RECRUITING,RANDOMIZED,True,SINGLE,1.0,True,False,PARALLEL,True,active,True,,,,,False,True,False,False,True,1,True,,False,False
NCT05903170,2025.0,2021-2026,NA,proc_device,2,100.0,OTHER_GOV,RECRUITING,RANDOMIZED,True,NONE,0.0,False,False,PARALLEL,True,active,True,,,,,False,True,False,False,False,0,False,NO,False,False
NCT07187115,2025.0,2021-2026,NA,proc_device,2,699.0,INDUSTRY,RECRUITING,RANDOMIZED,True,NONE,0.0,False,False,PARALLEL,True,active,True,,,,,False,True,False,False,False,0,False,,False,True
NCT06183879,2024.0,2021-2026,NA,proc_device,2,150.0,OTHER,UNKNOWN,RANDOMIZED,True,NONE,0.0,False,False,PARALLEL,True,active,True,,,,,False,True,False,False,False,0,False,NO,False,False
NCT05708027,2021.0,2021-2026,PHASE3,proc_device,2,232.0,OTHER_GOV,UNKNOWN,NON_RANDOMIZED,False,NONE,0.0,False,False,PARALLEL,True,active,True,,,,,True,True,False,False,False,0,False,NO,False,False
NCT01512381,2010.0,<=2015,PHASE4,proc_device,2,11.0,OTHER,TERMINATED,RANDOMIZED,True,NONE,0.0,False,False,PARALLEL,False,active,True,,,,,True,True,False,False,False,0,False,,False,False
NCT00697359,2008.0,<=2015,NA,proc_device,1,57.0,OTHER,COMPLETED,NA,False,NONE,0.0,False,False,SINGLE_GROUP,True,none/single-group,False,,,,,False,False,False,False,False,2,True,NO,False,False
NCT04474054,2020.0,2016-2020,NA,proc_device,1,15.0,INDUSTRY,COMPLETED,NA,False,NONE,0.0,False,False,SINGLE_GROUP,False,none/single-group,False,15.0,15.0,0.0,True,False,True,False,True,False,0,False,NO,False,True
NCT03589742,2017.0,2016-2020,NA,proc_device,1,4.0,INDUSTRY,COMPLETED,NA,False,NONE,0.0,False,False,SINGLE_GROUP,False,none/single-group,False,,,,,False,False,False,False,False,0,False,NO,False,False
NCT02875405,2017.0,2016-2020,NA,proc_device,2,420.0,OTHER,COMPLETED,RANDOMIZED,True,SINGLE,1.0,True,False,PARALLEL,True,no-intervention,True,,,,,False,False,False,False,True,4,True,NO,False,True
NCT07527299,2026.0,2021-2026,NA,proc_device,2,920.0,INDUSTRY,RECRUITING,RANDOMIZED,True,SINGLE,1.0,True,False,PARALLEL,True,none/single-group,False,,,,,False,True,False,False,False,0,False,YES,True,True
NCT00904982,2009.0,<=2015,NA,proc_device,4,268.0,OTHER,COMPLETED,RANDOMIZED,True,SINGLE,1.0,True,False,PARALLEL,True,none/single-group,False,270.0,268.0,0.007407407407407418,True,False,False,True,True,True,1,True,,False,True
NCT07278869,2026.0,2021-2026,NA,proc_device,1,15.0,INDUSTRY,RECRUITING,NA,False,NONE,0.0,False,False,SINGLE_GROUP,False,none/single-group,False,,,,,False,True,False,False,False,0,False,NO,False,True
NCT05333952,2019.0,2016-2020,NA,proc_device,2,80.0,OTHER_GOV,UNKNOWN,RANDOMIZED,True,NONE,0.0,False,False,PARALLEL,True,none/single-group,False,,,,,False,False,False,False,True,1,True,NO,False,False
NCT01486316,2011.0,<=2015,NA,proc_device,2,24.0,INDUSTRY,COMPLETED,RANDOMIZED,True,NONE,0.0,False,False,PARALLEL,False,none/single-group,False,24.0,10.0,0.5833333333333333,False,False,False,False,True,False,0,False,,False,False
NCT00157807,2005.0,<=2015,NA,proc_device,2,24.0,INDUSTRY,TERMINATED,RANDOMIZED,True,NONE,0.0,False,False,PARALLEL,False,no-intervention,True,,,,,False,False,False,False,False,0,False,,False,False
NCT06392932,2024.0,2021-2026,NA,proc_device,2,30.0,OTHER,RECRUITING,RANDOMIZED,True,SINGLE,1.0,True,False,PARALLEL,True,active,True,,,,,False,True,False,False,False,0,False,NO,False,False
NCT01229033,2010.0,<=2015,NA,proc_device,2,186.0,OTHER,COMPLETED,RANDOMIZED,True,NONE,0.0,False,False,PARALLEL,True,active,True,,,,,False,True,False,False,False,0,False,,False,False
NCT05362656,2022.0,2021-2026,NA,proc_device,1,40.0,INDUSTRY,COMPLETED,NA,False,NONE,0.0,False,False,SINGLE_GROUP,True,none/single-group,False,,,,,False,False,False,False,True,0,False,NO,False,False
NCT02192957,2015.0,<=2015,NA,proc_device,1,389.0,OTHER,COMPLETED,NA,False,NONE,0.0,False,False,SINGLE_GROUP,True,none/single-group,False,,,,,False,True,False,False,True,0,False,,False,False
NCT02918396,2016.0,2016-2020,NA,proc_device,3,5.0,OTHER,TERMINATED,RANDOMIZED,True,NONE,0.0,False,False,PARALLEL,False,active,True,5.0,5.0,0.0,True,False,True,True,True,False,0,False,NO,False,False
NCT02439424,2015.0,<=2015,PHASE1;PHASE2,proc_device,1,6.0,OTHER,UNKNOWN,NA,False,NONE,0.0,False,False,SINGLE_GROUP,False,none/single-group,False,,,,,False,False,False,False,False,0,False,,False,False
NCT04529941,2021.0,2021-2026,NA,proc_device,2,46.0,OTHER,COMPLETED,RANDOMIZED,True,SINGLE,1.0,True,False,PARALLEL,True,placebo/sham,True,16.0,16.0,0.0,True,False,True,False,True,False,0,False,NO,False,True
NCT05881733,2023.0,2021-2026,NA,proc_device,1,20.0,OTHER,COMPLETED,NA,False,NONE,0.0,False,False,SINGLE_GROUP,False,none/single-group,False,20.0,20.0,0.0,True,False,True,False,True,False,0,False,NO,False,False
NCT07271615,2025.0,2021-2026,NA,proc_device,2,60.0,OTHER,RECRUITING,RANDOMIZED,True,DOUBLE,2.0,True,True,PARALLEL,True,no-intervention,True,,,,,False,False,False,False,False,0,False,,False,False
NCT07483008,2017.0,2016-2020,NA,proc_device,2,184.0,OTHER,COMPLETED,RANDOMIZED,True,NONE,0.0,False,False,PARALLEL,True,active,True,,,,,False,True,False,False,False,0,False,NO,False,True
NCT05196412,2022.0,2021-2026,NA,proc_device,2,250.0,INDUSTRY,COMPLETED,NON_RANDOMIZED,False,NONE,0.0,False,False,PARALLEL,True,none/single-group,False,,,,,False,False,False,False,False,0,False,NO,False,False
NCT07390175,2025.0,2021-2026,NA,proc_device,2,78.0,OTHER,RECRUITING,RANDOMIZED,True,DOUBLE,2.0,True,True,PARALLEL,True,active,True,,,,,False,True,False,False,False,0,False,UNDECIDED,False,True
NCT01850277,2013.0,<=2015,PHASE4,both,2,60.0,OTHER,UNKNOWN,RANDOMIZED,True,NONE,0.0,False,False,PARALLEL,False,active,True,,,,,True,True,False,False,False,2,True,,False,False
NCT06455098,2024.0,2021-2026,NA,proc_device,1,440.0,INDUSTRY,RECRUITING,NA,False,NONE,0.0,False,False,SINGLE_GROUP,True,none/single-group,False,,,,,False,True,False,False,False,0,False,YES,True,False
NCT07018648,2025.0,2021-2026,NA,proc_device,1,115.0,INDUSTRY,RECRUITING,NA,False,NONE,0.0,False,False,SINGLE_GROUP,True,none/single-group,False,,,,,False,False,False,False,False,0,False,NO,False,True
NCT04133168,2020.0,2016-2020,NA,proc_device,1,458.0,INDUSTRY,COMPLETED,NA,False,NONE,0.0,False,False,SINGLE_GROUP,True,none/single-group,False,404.0,308.0,0.2376237623762376,False,False,True,False,True,True,0,False,NO,False,True
NCT07601763,2025.0,2021-2026,NA,proc_device,2,1574.0,OTHER_GOV,RECRUITING,RANDOMIZED,True,SINGLE,1.0,True,False,PARALLEL,True,active,True,,,,,False,True,False,False,False,0,False,,False,True
NCT04545619,2020.0,2016-2020,NA,proc_device,1,40.0,INDUSTRY,COMPLETED,NA,False,NONE,0.0,False,False,SINGLE_GROUP,True,none/single-group,False,40.0,39.0,0.025000000000000022,True,False,False,False,True,False,0,False,YES,True,
NCT02028143,2013.0,<=2015,NA,proc_device,2,20.0,OTHER,COMPLETED,RANDOMIZED,True,NONE,0.0,False,False,PARALLEL,False,active,True,,,,,False,True,False,False,False,0,False,NO,False,False
NCT06099106,2023.0,2021-2026,NA,proc_device,1,15.0,INDUSTRY,RECRUITING,NA,False,NONE,0.0,False,False,SINGLE_GROUP,False,none/single-group,False,,,,,False,True,False,False,False,0,False,,False,False
NCT01635998,2012.0,<=2015,NA,proc_device,2,50.0,OTHER,COMPLETED,RANDOMIZED,True,DOUBLE,2.0,True,True,PARALLEL,True,no-intervention,True,50.0,39.0,0.21999999999999997,False,False,True,False,True,False,0,False,NO,False,True
NCT07210151,2026.0,2021-2026,NA,proc_device,1,50.0,INDUSTRY,RECRUITING,NA,False,NONE,0.0,False,False,SINGLE_GROUP,True,none/single-group,False,,,,,False,False,False,False,False,0,False,,False,False
NCT04845750,2021.0,2021-2026,NA,proc_device,1,37.0,OTHER,UNKNOWN,NA,False,NONE,0.0,False,False,SINGLE_GROUP,True,none/single-group,False,,,,,False,True,False,False,False,0,False,,False,False
NCT05224375,2021.0,2021-2026,NA,proc_device,1,29.0,INDUSTRY,COMPLETED,NA,False,NONE,0.0,False,False,SINGLE_GROUP,False,none/single-group,False,,,,,False,True,False,False,False,0,False,NO,False,False
NCT05951101,2024.0,2021-2026,NA,proc_device,1,10.0,INDUSTRY,RECRUITING,NA,False,NONE,0.0,False,False,SINGLE_GROUP,False,none/single-group,False,,,,,False,False,False,False,False,0,False,NO,False,True
NCT00950092,2009.0,<=2015,NA,proc_device,1,5.0,INDUSTRY,TERMINATED,NA,False,NONE,0.0,False,False,SINGLE_GROUP,False,none/single-group,False,,,,,False,True,False,False,False,0,False,,False,True
NCT02991313,2016.0,2016-2020,NA,proc_device,1,40.0,INDUSTRY,COMPLETED,NA,False,NONE,0.0,False,False,SINGLE_GROUP,True,none/single-group,False,,,,,False,True,False,False,False,0,False,,False,
NCT05164107,2021.0,2021-2026,NA,proc_device,1,175.0,INDUSTRY,RECRUITING,NA,False,NONE,0.0,False,False,SINGLE_GROUP,True,none/single-group,False,,,,,False,False,False,False,False,0,False,,False,
NCT03043404,2013.0,<=2015,NA,proc_device,1,4.0,INDUSTRY,COMPLETED,NA,False,NONE,0.0,False,False,SINGLE_GROUP,False,none/single-group,False,,,,,False,True,False,False,False,0,False,NO,False,False
NCT02456233,2016.0,2016-2020,NA,proc_device,2,84.0,OTHER,COMPLETED,RANDOMIZED,True,NONE,0.0,False,False,PARALLEL,True,active,True,,,,,False,True,False,False,False,0,False,,False,True
NCT02459574,2015.0,<=2015,NA,both,3,321.0,OTHER,COMPLETED,RANDOMIZED,True,NONE,0.0,False,False,PARALLEL,True,active,True,321.0,304.0,0.052959501557632405,True,False,True,True,True,True,1,True,,False,True
NCT02968147,2017.0,2016-2020,NA,proc_device,2,30.0,OTHER,COMPLETED,RANDOMIZED,True,NONE,0.0,False,False,PARALLEL,True,none/single-group,False,,,,,False,True,False,False,False,0,False,NO,False,False
NCT02564302,2015.0,<=2015,NA,proc_device,2,60.0,OTHER,UNKNOWN,RANDOMIZED,True,NONE,0.0,False,False,PARALLEL,True,no-intervention,True,,,,,False,True,False,False,False,0,False,,False,False
NCT04918303,2021.0,2021-2026,NA,proc_device,1,100.0,OTHER,COMPLETED,NA,False,NONE,0.0,False,False,SINGLE_GROUP,True,none/single-group,False,,,,,False,False,False,False,False,0,False,,False,False
NCT01305148,2011.0,<=2015,NA,proc_device,3,3800.0,INDUSTRY,SUSPENDED,RANDOMIZED,True,QUADRUPLE,4.0,True,True,PARALLEL,True,no-intervention,True,,,,,False,False,True,False,False,0,False,,False,True
NCT03133806,2017.0,2016-2020,NA,proc_device,1,30.0,INDUSTRY,UNKNOWN,NA,False,NONE,0.0,False,False,SINGLE_GROUP,True,none/single-group,False,,,,,False,True,False,False,False,0,False,NO,False,
NCT06647485,2025.0,2021-2026,NA,proc_device,3,105.0,OTHER,RECRUITING,RANDOMIZED,True,NONE,0.0,False,False,PARALLEL,True,active,True,,,,,False,True,True,False,False,0,False,NO,False,False
NCT07633509,2026.0,2021-2026,NA,both,2,430.0,OTHER,NOT_YET_RECRUITING,RANDOMIZED,True,SINGLE,1.0,True,False,PARALLEL,True,active,True,,,,,False,True,False,False,False,0,False,NO,False,True
NCT04160000,2020.0,2016-2020,PHASE4,both,4,360.0,OTHER,UNKNOWN,RANDOMIZED,True,NONE,0.0,False,False,PARALLEL,True,active,True,,,,,True,True,True,False,False,0,False,NO,False,True
NCT05905835,2023.0,2021-2026,NA,proc_device,1,128.0,INDUSTRY,ACTIVE_NOT_RECRUITING,NA,False,NONE,0.0,False,False,SINGLE_GROUP,True,none/single-group,False,,,,,False,True,False,False,False,0,False,NO,False,True
NCT05817318,2023.0,2021-2026,NA,proc_device,1,6.0,OTHER,TERMINATED,NA,False,NONE,0.0,False,False,SINGLE_GROUP,False,none/single-group,False,,,,,False,True,False,False,False,0,False,NO,False,False
NCT05552963,2022.0,2021-2026,NA,proc_device,1,142.0,INDUSTRY,COMPLETED,NA,False,NONE,0.0,False,False,SINGLE_GROUP,True,none/single-group,False,142.0,140.0,0.014084507042253502,True,False,True,False,True,False,1,True,YES,True,True
NCT04942834,2021.0,2021-2026,NA,both,2,286.0,OTHER,UNKNOWN,RANDOMIZED,True,NONE,0.0,False,False,PARALLEL,True,active,True,,,,,False,True,False,False,False,0,False,NO,False,False
NCT03857711,2016.0,2016-2020,NA,proc_device,4,280.0,OTHER_GOV,UNKNOWN,RANDOMIZED,True,NONE,0.0,False,False,PARALLEL,True,active,True,,,,,False,True,True,False,False,0,False,,False,
NCT06784466,2025.0,2021-2026,NA,proc_device,2,360.0,INDUSTRY,RECRUITING,NON_RANDOMIZED,False,NONE,0.0,False,False,SINGLE_GROUP,True,none/single-group,False,,,,,False,True,False,False,False,0,False,NO,False,True
NCT07254455,2026.0,2021-2026,NA,proc_device,2,900.0,OTHER,NOT_YET_RECRUITING,RANDOMIZED,True,NONE,0.0,False,False,PARALLEL,True,no-intervention,True,,,,,False,True,False,False,False,0,False,NO,False,True
NCT07590661,2026.0,2021-2026,NA,proc_device,2,350.0,INDUSTRY,NOT_YET_RECRUITING,RANDOMIZED,True,NONE,0.0,False,False,PARALLEL,True,active,True,,,,,False,True,False,False,False,0,False,NO,False,False
NCT04699812,2020.0,2016-2020,NA,proc_device,4,573.0,INDUSTRY,COMPLETED,NON_RANDOMIZED,False,NONE,0.0,False,False,PARALLEL,True,none/single-group,False,573.0,483.0,0.15706806282722519,True,False,False,True,True,False,0,False,NO,False,False
NCT05454111,2022.0,2021-2026,NA,proc_device,2,200.0,OTHER,UNKNOWN,RANDOMIZED,True,DOUBLE,2.0,True,True,PARALLEL,True,active,True,,,,,False,True,False,False,False,0,False,UNDECIDED,False,
NCT03960346,2015.0,<=2015,NA,proc_device,1,2.0,OTHER,COMPLETED,NA,False,NONE,0.0,False,False,SINGLE_GROUP,False,none/single-group,False,,,,,False,False,False,False,False,0,False,,False,True
NCT00734058,2008.0,<=2015,PHASE3,proc_device,1,90.0,INDUSTRY,UNKNOWN,NA,False,NONE,0.0,False,False,SINGLE_GROUP,False,none/single-group,False,,,,,True,True,False,False,False,0,False,,False,False
NCT02979847,2016.0,2016-2020,NA,proc_device,2,100.0,OTHER,COMPLETED,RANDOMIZED,True,NONE,0.0,False,False,PARALLEL,True,active,True,,,,,False,True,False,False,True,0,False,NO,False,True
NCT00267137,2002.0,<=2015,NA,proc_device,0,540.0,INDUSTRY,COMPLETED,RANDOMIZED,True,SINGLE,1.0,True,False,PARALLEL,True,none/single-group,False,,,,,False,True,False,False,False,0,False,,False,
NCT06049615,2027.0,2021-2026,NA,proc_device,1,300.0,INDUSTRY,NOT_YET_RECRUITING,NA,False,NONE,0.0,False,False,SINGLE_GROUP,True,none/single-group,False,,,,,False,False,False,False,False,0,False,,False,True
NCT02998866,2015.0,<=2015,NA,proc_device,1,1.0,OTHER,COMPLETED,NA,False,NONE,0.0,False,False,SINGLE_GROUP,False,none/single-group,False,,,,,False,True,False,False,False,0,False,,False,
NCT05462145,2023.0,2021-2026,NA,proc_device,1,549.0,INDUSTRY,ACTIVE_NOT_RECRUITING,NA,False,NONE,0.0,False,False,SINGLE_GROUP,True,none/single-group,False,,,,,False,True,False,False,False,0,False,,False,True
NCT06358391,2024.0,2021-2026,NA,proc_device,2,70.0,INDUSTRY,RECRUITING,RANDOMIZED,True,SINGLE,1.0,True,False,PARALLEL,True,active,True,,,,,False,True,False,False,False,0,False,NO,False,False
NCT02817776,2016.0,2016-2020,NA,proc_device,1,381.0,INDUSTRY,COMPLETED,NA,False,NONE,0.0,False,False,SINGLE_GROUP,True,none/single-group,False,381.0,293.0,0.23097112860892388,False,False,True,False,True,False,2,True,,False,
NCT07153718,2021.0,2021-2026,NA,proc_device,3,300.0,OTHER,ACTIVE_NOT_RECRUITING,RANDOMIZED,True,NONE,0.0,False,False,PARALLEL,True,active,True,,,,,False,True,True,False,False,1,True,NO,False,True
NCT05420701,2022.0,2021-2026,NA,proc_device,2,260.0,OTHER,NOT_YET_RECRUITING,NON_RANDOMIZED,False,NONE,0.0,False,False,PARALLEL,True,active,True,,,,,False,True,False,False,False,0,False,UNDECIDED,False,False
NCT07014423,2025.0,2021-2026,NA,proc_device,2,32.0,OTHER,COMPLETED,RANDOMIZED,True,SINGLE,1.0,True,False,PARALLEL,True,none/single-group,False,,,,,False,True,False,False,False,0,False,YES,True,True
NCT00309439,,,PHASE2,proc_device,0,,OTHER,UNKNOWN,RANDOMIZED,True,SINGLE,1.0,True,False,PARALLEL,,none/single-group,False,,,,,False,False,False,False,False,0,False,,False,
NCT05411614,2022.0,2021-2026,NA,proc_device,2,120.0,OTHER,RECRUITING,RANDOMIZED,True,SINGLE,1.0,True,False,PARALLEL,True,active,True,,,,,False,True,False,False,False,1,True,NO,False,False
NCT04684212,2024.0,2021-2026,NA,both,3,0.0,OTHER,WITHDRAWN,RANDOMIZED,True,NONE,0.0,False,False,PARALLEL,False,active,True,,,,,False,True,True,False,False,0,False,NO,False,
NCT01924377,2013.0,<=2015,NA,proc_device,2,0.0,OTHER,WITHDRAWN,RANDOMIZED,True,NONE,0.0,False,False,PARALLEL,False,none/single-group,False,,,,,False,True,False,False,False,0,False,,False,True
NCT05016791,2022.0,2021-2026,NA,proc_device,2,172.0,OTHER,COMPLETED,RANDOMIZED,True,NONE,0.0,False,False,PARALLEL,True,active,True,,,,,False,False,False,False,False,0,False,NO,False,False
NCT05114954,2021.0,2021-2026,NA,proc_device,1,158.0,INDUSTRY,COMPLETED,NA,False,NONE,0.0,False,False,SINGLE_GROUP,True,none/single-group,False,,,,,False,True,False,False,False,1,True,,False,True
NCT00156728,2003.0,<=2015,PHASE4,proc_device,0,172.0,INDUSTRY,COMPLETED,NON_RANDOMIZED,False,NONE,0.0,False,False,SINGLE_GROUP,True,none/single-group,False,,,,,True,False,False,False,False,0,False,,False,
NCT07354737,2021.0,2021-2026,NA,proc_device,2,130.0,OTHER,COMPLETED,RANDOMIZED,True,DOUBLE,2.0,True,True,PARALLEL,True,active,True,,,,,False,True,False,False,False,0,False,YES,True,True
NCT06745167,2025.0,2021-2026,NA,proc_device,2,600.0,OTHER,NOT_YET_RECRUITING,RANDOMIZED,True,DOUBLE,2.0,True,True,PARALLEL,True,active,True,,,,,False,True,False,False,False,0,False,YES,True,True
NCT02547584,2015.0,<=2015,NA,proc_device,2,152.0,OTHER,UNKNOWN,NON_RANDOMIZED,False,SINGLE,1.0,True,False,PARALLEL,True,active,True,,,,,False,True,False,False,False,0,False,NO,False,False
NCT00785902,,,PHASE3,proc_device,0,,INDUSTRY,WITHDRAWN,,False,,,False,False,,,none/single-group,False,,,,,True,False,False,False,False,0,False,,False,True
NCT05207150,2021.0,2021-2026,NA,proc_device,2,50.0,OTHER,COMPLETED,NON_RANDOMIZED,False,NONE,0.0,False,False,PARALLEL,True,active,True,,,,,False,False,False,False,False,0,False,UNDECIDED,False,False
NCT01912326,2002.0,<=2015,NA,proc_device,2,249.0,INDUSTRY,COMPLETED,RANDOMIZED,True,NONE,0.0,False,False,PARALLEL,True,active,True,,,,,False,False,False,False,False,0,False,,False,False
NCT02310100,2015.0,<=2015,NA,proc_device,1,178.0,INDUSTRY,COMPLETED,NA,False,NONE,0.0,False,False,SINGLE_GROUP,True,none/single-group,False,178.0,160.0,0.101123595505618,True,False,True,False,True,False,0,False,,False,False
NCT02101541,2014.0,<=2015,NA,proc_device,1,33.0,OTHER,COMPLETED,NA,False,NONE,0.0,False,False,SINGLE_GROUP,True,none/single-group,False,,,,,False,True,False,False,False,0,False,NO,False,False
NCT02754349,2015.0,<=2015,NA,proc_device,1,40.0,OTHER,COMPLETED,NA,False,NONE,0.0,False,False,SINGLE_GROUP,True,none/single-group,False,,,,,False,False,False,False,False,0,False,NO,False,False
NCT01563848,2011.0,<=2015,PHASE2,proc_device,2,80.0,NETWORK,UNKNOWN,RANDOMIZED,True,NONE,0.0,False,False,PARALLEL,True,active,True,,,,,False,True,False,False,False,1,True,,False,True
NCT03991754,2019.0,2016-2020,PHASE3,proc_device,2,120.0,OTHER,UNKNOWN,RANDOMIZED,True,TRIPLE,3.0,True,True,PARALLEL,True,placebo/sham,True,,,,,True,False,False,False,False,0,False,,False,False
NCT06327425,2024.0,2021-2026,NA,proc_device,2,1000.0,OTHER,UNKNOWN,NON_RANDOMIZED,False,NONE,0.0,False,False,PARALLEL,True,none/single-group,False,,,,,False,False,False,False,False,0,False,,False,False
NCT01466842,2012.0,<=2015,NA,proc_device,2,160.0,OTHER,UNKNOWN,RANDOMIZED,True,NONE,0.0,False,False,CROSSOVER,True,no-intervention,True,,,,,False,True,False,False,False,0,False,,False,
NCT06123130,2024.0,2021-2026,NA,proc_device,1,198.0,INDUSTRY,COMPLETED,NA,False,NONE,0.0,False,False,SINGLE_GROUP,True,none/single-group,False,,,,,False,False,False,False,False,0,False,NO,False,False
NCT07118046,2025.0,2021-2026,NA,proc_device,2,96.0,OTHER,RECRUITING,RANDOMIZED,True,DOUBLE,2.0,True,True,PARALLEL,True,active,True,,,,,False,True,False,False,False,0,False,,False,True
NCT00340314,2005.0,<=2015,PHASE4,both,0,198.0,OTHER,COMPLETED,RANDOMIZED,True,NONE,0.0,False,False,PARALLEL,True,none/single-group,False,,,,,True,True,False,False,False,2,True,,False,
NCT01363895,2010.0,<=2015,NA,proc_device,2,120.0,OTHER,COMPLETED,RANDOMIZED,True,NONE,0.0,False,False,PARALLEL,True,active,True,,,,,False,True,False,False,False,0,False,,False,True
NCT03798613,2018.0,2016-2020,NA,proc_device,2,50.0,OTHER,COMPLETED,NON_RANDOMIZED,False,NONE,0.0,False,False,FACTORIAL,True,active,True,,,,,False,False,False,False,False,0,False,,False,False
NCT04108884,2019.0,2016-2020,NA,proc_device,2,1019.0,OTHER,COMPLETED,RANDOMIZED,True,TRIPLE,3.0,True,True,PARALLEL,True,none/single-group,False,,,,,False,False,False,False,False,0,False,NO,False,False
NCT01877473,2013.0,<=2015,PHASE4,proc_device,2,0.0,OTHER,WITHDRAWN,RANDOMIZED,True,SINGLE,1.0,True,False,PARALLEL,False,active,True,,,,,True,True,False,False,False,0,False,,False,False
NCT03835429,2019.0,2016-2020,NA,proc_device,1,3.0,OTHER,TERMINATED,NA,False,NONE,0.0,False,False,SINGLE_GROUP,False,none/single-group,False,,,,,False,True,False,False,False,0,False,NO,False,False
NCT04211441,2018.0,2016-2020,NA,proc_device,1,74.0,INDUSTRY,COMPLETED,NA,False,NONE,0.0,False,False,SINGLE_GROUP,True,none/single-group,False,74.0,61.0,0.17567567567567566,True,False,True,False,True,False,0,False,NO,False,False
NCT00434694,2003.0,<=2015,NA,proc_device,0,300.0,OTHER,COMPLETED,RANDOMIZED,True,NONE,0.0,False,False,PARALLEL,True,none/single-group,False,,,,,False,True,False,False,False,0,False,,False,True
NCT04210622,2018.0,2016-2020,,proc_device,1,16.0,INDUSTRY,COMPLETED,NA,False,NONE,0.0,False,False,SINGLE_GROUP,False,none/single-group,False,16.0,16.0,0.0,True,False,True,False,True,False,0,False,NO,False,False
NCT04549714,2019.0,2016-2020,NA,proc_device,3,90.0,OTHER,UNKNOWN,RANDOMIZED,True,TRIPLE,3.0,True,True,PARALLEL,True,none/single-group,False,,,,,False,True,True,False,False,0,False,,False,False
NCT00265629,2005.0,<=2015,PHASE1,proc_device,1,20.0,INDUSTRY,COMPLETED,NON_RANDOMIZED,False,NONE,0.0,False,False,SINGLE_GROUP,False,none/single-group,False,,,,,False,True,False,False,False,0,False,,False,False
NCT01687036,2012.0,<=2015,NA,proc_device,1,10.0,OTHER,COMPLETED,NA,False,NONE,0.0,False,False,SINGLE_GROUP,False,none/single-group,False,10.0,10.0,0.0,True,False,True,False,True,False,0,False,,False,True
NCT04101539,2019.0,2016-2020,NA,proc_device,2,67.0,OTHER,COMPLETED,RANDOMIZED,True,DOUBLE,2.0,True,True,PARALLEL,True,active,True,,,,,False,True,False,False,False,0,False,NO,False,True
NCT05514860,2017.0,2016-2020,NA,both,2,303.0,OTHER,UNKNOWN,RANDOMIZED,True,SINGLE,1.0,True,False,PARALLEL,True,active,True,,,,,False,True,False,False,False,0,False,UNDECIDED,False,True
NCT03830320,2016.0,2016-2020,PHASE1,both,5,165.0,OTHER,RECRUITING,NON_RANDOMIZED,False,NONE,0.0,False,False,SINGLE_GROUP,True,active,True,,,,,False,False,True,False,False,1,True,,False,False
NCT01439386,2011.0,<=2015,PHASE3,proc_device,2,86.0,OTHER,COMPLETED,RANDOMIZED,True,SINGLE,1.0,True,False,PARALLEL,False,active,True,,,,,True,True,False,False,True,1,True,,False,False
NCT07272902,2026.0,2021-2026,NA,both,2,84.0,OTHER,RECRUITING,RANDOMIZED,True,NONE,0.0,False,False,PARALLEL,True,active,True,,,,,False,True,False,False,False,0,False,NO,False,False
NCT04954404,2021.0,2021-2026,NA,proc_device,1,2000.0,OTHER,RECRUITING,NA,False,NONE,0.0,False,False,SINGLE_GROUP,True,none/single-group,False,,,,,False,True,False,False,False,1,True,,False,
NCT03481023,2018.0,2016-2020,NA,proc_device,2,6.0,OTHER,COMPLETED,RANDOMIZED,True,DOUBLE,2.0,True,True,PARALLEL,False,active,True,6.0,6.0,0.0,True,False,True,False,True,False,0,False,,False,False
NCT03441022,2021.0,2021-2026,NA,proc_device,1,0.0,OTHER,WITHDRAWN,NA,False,NONE,0.0,False,False,SINGLE_GROUP,False,none/single-group,False,,,,,False,False,False,False,False,0,False,,False,False
NCT04529785,2020.0,2016-2020,NA,proc_device,2,100.0,OTHER,RECRUITING,RANDOMIZED,True,NONE,0.0,False,False,PARALLEL,True,active,True,,,,,False,True,False,False,False,0,False,NO,False,
NCT04216667,2020.0,2016-2020,NA,proc_device,4,124.0,OTHER,TERMINATED,RANDOMIZED,True,DOUBLE,2.0,True,True,PARALLEL,True,active,True,,,,,False,True,True,False,False,2,True,NO,False,True
NCT02002962,2013.0,<=2015,PHASE2,both,2,60.0,NETWORK,UNKNOWN,RANDOMIZED,True,SINGLE,1.0,True,False,PARALLEL,True,active,True,,,,,False,True,False,False,False,0,False,,False,True
NCT00268294,2003.0,<=2015,NA,proc_device,0,20.0,INDUSTRY,COMPLETED,NON_RANDOMIZED,False,NONE,0.0,False,False,CROSSOVER,False,none/single-group,False,,,,,False,True,False,False,False,0,False,,False,
NCT06871228,2025.0,2021-2026,NA,both,2,4100.0,OTHER,RECRUITING,RANDOMIZED,True,SINGLE,1.0,True,False,PARALLEL,True,active,True,,,,,False,True,False,False,False,0,False,NO,False,True
NCT02727192,2016.0,2016-2020,NA,proc_device,2,109.0,OTHER,COMPLETED,RANDOMIZED,True,NONE,0.0,False,False,PARALLEL,True,active,True,109.0,108.0,0.00917431192660545,True,False,True,False,True,False,2,True,,False,True
NCT00293943,2006.0,<=2015,NA,proc_device,0,232.0,OTHER,COMPLETED,RANDOMIZED,True,NONE,0.0,False,False,PARALLEL,True,none/single-group,False,,,,,False,True,False,False,False,1,True,,False,
NCT06962176,2025.0,2021-2026,NA,proc_device,2,146.0,OTHER,NOT_YET_RECRUITING,RANDOMIZED,True,SINGLE,1.0,True,False,PARALLEL,True,none/single-group,False,,,,,False,True,False,False,False,0,False,NO,False,False
NCT05781282,2021.0,2021-2026,PHASE4,proc_device,0,18.0,OTHER,UNKNOWN,NA,False,SINGLE,1.0,True,False,SINGLE_GROUP,False,none/single-group,False,,,,,True,True,False,False,True,0,False,UNDECIDED,False,False
NCT00926783,2009.0,<=2015,PHASE4,proc_device,2,86.0,INDUSTRY,COMPLETED,RANDOMIZED,True,SINGLE,1.0,True,False,PARALLEL,False,active,True,83.0,77.0,0.07228915662650603,True,True,True,False,True,False,1,True,,False,False
NCT01891825,2014.0,<=2015,NA,proc_device,2,50.0,OTHER,SUSPENDED,RANDOMIZED,True,NONE,0.0,False,False,PARALLEL,True,active,True,,,,,False,True,False,False,False,0,False,,False,True
NCT02530203,2015.0,<=2015,NA,proc_device,2,4.0,INDUSTRY,TERMINATED,RANDOMIZED,True,NONE,0.0,False,False,PARALLEL,False,none/single-group,False,,,,,False,True,False,False,False,0,False,UNDECIDED,False,False
NCT03777631,2018.0,2016-2020,PHASE3,proc_device,2,251.0,OTHER,UNKNOWN,RANDOMIZED,True,NONE,0.0,False,False,PARALLEL,True,active,True,,,,,True,False,False,False,False,2,True,UNDECIDED,False,True
NCT01994252,2014.0,<=2015,NA,proc_device,2,200.0,OTHER,COMPLETED,RANDOMIZED,True,QUADRUPLE,4.0,True,True,PARALLEL,True,active,True,,,,,False,True,False,False,False,0,False,,False,True
NCT02036450,2014.0,<=2015,NA,proc_device,2,6000.0,OTHER,COMPLETED,RANDOMIZED,True,NONE,0.0,False,False,PARALLEL,True,no-intervention,True,,,,,False,True,False,False,False,15,True,,False,True
NCT03747263,2018.0,2016-2020,NA,proc_device,2,100.0,OTHER,COMPLETED,RANDOMIZED,True,SINGLE,1.0,True,False,PARALLEL,True,active,True,,,,,False,True,False,False,False,0,False,,False,False
NCT01582828,2012.0,<=2015,NA,proc_device,2,0.0,OTHER,WITHDRAWN,RANDOMIZED,True,NONE,0.0,False,False,PARALLEL,False,active,True,,,,,False,True,False,False,False,0,False,,False,False
NCT02029014,2014.0,<=2015,PHASE3,proc_device,1,154.0,INDUSTRY,UNKNOWN,NA,False,NONE,0.0,False,False,SINGLE_GROUP,True,none/single-group,False,,,,,True,True,False,False,False,0,False,,False,False
NCT02002988,2013.0,<=2015,PHASE1,proc_device,1,30.0,NETWORK,UNKNOWN,NON_RANDOMIZED,False,NONE,0.0,False,False,SINGLE_GROUP,True,none/single-group,False,,,,,False,True,False,False,False,0,False,,False,True
NCT06701292,2025.0,2021-2026,NA,proc_device,2,0.0,OTHER,WITHDRAWN,RANDOMIZED,True,TRIPLE,3.0,True,True,PARALLEL,False,active,True,,,,,False,True,False,False,False,0,False,NO,False,
NCT00958165,2009.0,<=2015,PHASE3,proc_device,1,81.0,INDUSTRY,COMPLETED,NA,False,NONE,0.0,False,False,SINGLE_GROUP,False,none/single-group,False,81.0,67.0,0.1728395061728395,True,True,True,False,True,False,0,False,,False,False
NCT01730924,2012.0,<=2015,NA,proc_device,2,120.0,OTHER,COMPLETED,RANDOMIZED,True,,,False,False,,True,none/single-group,False,,,,,False,True,False,False,False,1,True,,False,
NCT06598280,2025.0,2021-2026,NA,proc_device,2,270.0,OTHER,RECRUITING,RANDOMIZED,True,NONE,0.0,False,False,PARALLEL,True,none/single-group,False,,,,,False,True,False,False,False,0,False,,False,True
NCT05266235,2022.0,2021-2026,NA,proc_device,1,274.0,INDUSTRY,COMPLETED,NA,False,NONE,0.0,False,False,SINGLE_GROUP,True,none/single-group,False,,,,,False,False,False,False,False,0,False,NO,False,
NCT05114382,2020.0,2016-2020,NA,proc_device,1,24.0,INDUSTRY,COMPLETED,NA,False,NONE,0.0,False,False,SINGLE_GROUP,False,none/single-group,False,,,,,False,False,False,False,False,0,False,NO,False,False
NCT05444335,2023.0,2021-2026,NA,proc_device,1,120.0,OTHER,ACTIVE_NOT_RECRUITING,NA,False,NONE,0.0,False,False,SINGLE_GROUP,True,none/single-group,False,,,,,False,False,False,False,False,0,False,NO,False,True
NCT06735001,2025.0,2021-2026,NA,proc_device,2,400.0,OTHER,RECRUITING,NON_RANDOMIZED,False,NONE,0.0,False,False,SEQUENTIAL,True,none/single-group,False,,,,,False,False,False,False,False,0,False,UNDECIDED,False,False
NCT00787800,2008.0,<=2015,PHASE4,proc_device,2,100.0,OTHER,COMPLETED,RANDOMIZED,True,NONE,0.0,False,False,PARALLEL,True,active,True,100.0,90.0,0.09999999999999998,True,True,True,False,True,False,0,False,,False,False
NCT02698631,2016.0,2016-2020,PHASE4,proc_device,2,154.0,OTHER,COMPLETED,RANDOMIZED,True,NONE,0.0,False,False,PARALLEL,True,active,True,,,,,True,True,False,False,False,1,True,NO,False,False
NCT01842529,2012.0,<=2015,PHASE2,proc_device,2,60.0,NETWORK,COMPLETED,RANDOMIZED,True,DOUBLE,2.0,True,True,PARALLEL,True,active,True,,,,,False,True,False,False,False,2,True,,False,True
NCT00566176,2005.0,<=2015,PHASE2,proc_device,0,25.0,INDUSTRY,UNKNOWN,NON_RANDOMIZED,False,NONE,0.0,False,False,SINGLE_GROUP,False,none/single-group,False,,,,,False,True,False,False,False,0,False,,False,
NCT03940066,2019.0,2016-2020,NA,proc_device,2,169.0,OTHER,COMPLETED,RANDOMIZED,True,NONE,0.0,False,False,PARALLEL,True,none/single-group,False,,,,,False,False,False,False,False,1,True,,False,True
NCT05921734,2023.0,2021-2026,NA,proc_device,2,480.0,OTHER,COMPLETED,RANDOMIZED,True,SINGLE,1.0,True,False,PARALLEL,True,active,True,,,,,False,True,False,False,False,0,False,UNDECIDED,False,False
NCT07641582,2024.0,2021-2026,NA,proc_device,1,800.0,OTHER,RECRUITING,NA,False,NONE,0.0,False,False,SINGLE_GROUP,True,none/single-group,False,,,,,False,False,False,False,False,0,False,NO,False,False
NCT04913207,2020.0,2016-2020,NA,proc_device,2,310.0,OTHER,UNKNOWN,RANDOMIZED,True,NONE,0.0,False,False,PARALLEL,True,placebo/sham,True,,,,,False,True,False,False,False,0,False,NO,False,True
NCT07250529,2026.0,2021-2026,NA,proc_device,2,244.0,OTHER,RECRUITING,RANDOMIZED,True,NONE,0.0,False,False,PARALLEL,True,active,True,,,,,False,False,False,False,True,0,False,UNDECIDED,False,False
NCT03347227,2018.0,2016-2020,NA,proc_device,2,510.0,OTHER,ACTIVE_NOT_RECRUITING,RANDOMIZED,True,SINGLE,1.0,True,False,PARALLEL,True,active,True,,,,,False,True,False,False,False,0,False,,False,True
NCT06253000,2023.0,2021-2026,NA,proc_device,2,158.0,OTHER_GOV,RECRUITING,RANDOMIZED,True,SINGLE,1.0,True,False,PARALLEL,True,active,True,,,,,False,True,False,False,False,0,False,NO,False,False
NCT07197931,2025.0,2021-2026,NA,proc_device,2,406.0,OTHER,NOT_YET_RECRUITING,RANDOMIZED,True,NONE,0.0,False,False,PARALLEL,True,active,True,,,,,False,True,False,False,False,0,False,UNDECIDED,False,True
NCT02392754,2015.0,<=2015,NA,proc_device,2,856.0,OTHER,COMPLETED,RANDOMIZED,True,NONE,0.0,False,False,PARALLEL,True,no-intervention,True,,,,,False,False,False,False,False,1,True,,False,False
NCT06556667,2025.0,2021-2026,NA,proc_device,2,376.0,OTHER,RECRUITING,RANDOMIZED,True,SINGLE,1.0,True,False,CROSSOVER,True,active,True,,,,,False,True,False,False,False,1,True,NO,False,True
NCT00187252,2003.0,<=2015,NA,proc_device,2,380.0,INDUSTRY,COMPLETED,RANDOMIZED,True,SINGLE,1.0,True,False,PARALLEL,True,active,True,,,,,False,True,False,False,False,1,True,,False,False
NCT05043883,2021.0,2021-2026,NA,proc_device,1,101.0,INDUSTRY,COMPLETED,NA,False,NONE,0.0,False,False,SINGLE_GROUP,True,none/single-group,False,101.0,97.0,0.03960396039603964,True,False,True,False,True,False,0,False,NO,False,False
NCT00650728,2008.0,<=2015,NA,proc_device,0,,OTHER,COMPLETED,NA,False,NONE,0.0,False,False,SINGLE_GROUP,,none/single-group,False,,,,,False,False,False,False,False,0,False,,False,True
NCT03056222,2017.0,2016-2020,NA,proc_device,2,360.0,OTHER,COMPLETED,RANDOMIZED,True,NONE,0.0,False,False,PARALLEL,True,active,True,,,,,False,True,False,False,False,0,False,NO,False,False
NCT03367325,2017.0,2016-2020,NA,proc_device,2,63001.0,OTHER,UNKNOWN,RANDOMIZED,True,TRIPLE,3.0,True,True,PARALLEL,True,no-intervention,True,,,,,False,False,False,False,False,2,True,,False,False
NCT07469579,2026.0,2021-2026,NA,proc_device,1,15.0,OTHER,NOT_YET_RECRUITING,NA,False,NONE,0.0,False,False,SINGLE_GROUP,False,none/single-group,False,,,,,False,True,False,False,False,0,False,,False,True
NCT04497376,2021.0,2021-2026,NA,proc_device,2,498.0,OTHER,COMPLETED,RANDOMIZED,True,SINGLE,1.0,True,False,PARALLEL,True,active,True,,,,,False,True,False,False,False,1,True,,False,True
NCT02262351,2015.0,<=2015,NA,proc_device,1,2174.0,OTHER,COMPLETED,NA,False,NONE,0.0,False,False,SINGLE_GROUP,True,none/single-group,False,,,,,False,False,False,False,True,0,False,,False,False
NCT06152406,2023.0,2021-2026,NA,proc_device,2,100.0,OTHER,RECRUITING,RANDOMIZED,True,DOUBLE,2.0,True,True,PARALLEL,True,active,True,,,,,False,True,False,False,False,0,False,UNDECIDED,False,False
NCT04353453,2018.0,2016-2020,NA,proc_device,0,24.0,INDUSTRY,COMPLETED,NON_RANDOMIZED,False,NONE,0.0,False,False,SINGLE_GROUP,False,none/single-group,False,,,,,False,True,False,False,False,0,False,NO,False,False
NCT05790707,2023.0,2021-2026,NA,both,2,120.0,OTHER,RECRUITING,RANDOMIZED,True,SINGLE,1.0,True,False,PARALLEL,True,active,True,,,,,False,True,False,False,False,0,False,,False,
NCT02528604,2016.0,2016-2020,PHASE4,proc_device,3,75.0,OTHER,COMPLETED,RANDOMIZED,True,NONE,0.0,False,False,PARALLEL,False,active,True,,,,,True,True,True,False,False,0,False,,False,False
NCT06740539,2024.0,2021-2026,NA,proc_device,2,304.0,OTHER,NOT_YET_RECRUITING,RANDOMIZED,True,NONE,0.0,False,False,PARALLEL,True,no-intervention,True,,,,,False,True,False,False,False,0,False,NO,False,True
NCT03368781,2018.0,2016-2020,NA,proc_device,1,128.0,INDUSTRY,COMPLETED,NA,False,NONE,0.0,False,False,SINGLE_GROUP,True,none/single-group,False,128.0,103.0,0.1953125,True,False,False,False,True,False,0,False,NO,False,False
NCT03080857,2018.0,2016-2020,NA,proc_device,1,94.0,OTHER,COMPLETED,NA,False,NONE,0.0,False,False,SINGLE_GROUP,True,none/single-group,False,,,,,False,False,False,False,False,0,False,NO,False,False
NCT03811639,2015.0,<=2015,NA,proc_device,2,126.0,OTHER,COMPLETED,RANDOMIZED,True,NONE,0.0,False,False,PARALLEL,True,active,True,,,,,False,True,False,False,True,0,False,YES,True,False
NCT03573869,2018.0,2016-2020,NA,proc_device,2,404.0,OTHER,UNKNOWN,RANDOMIZED,True,SINGLE,1.0,True,False,PARALLEL,True,no-intervention,True,,,,,False,True,False,False,False,0,False,UNDECIDED,False,True
NCT04282993,2019.0,2016-2020,NA,proc_device,2,200.0,OTHER,UNKNOWN,RANDOMIZED,True,NONE,0.0,False,False,PARALLEL,True,active,True,,,,,False,False,False,False,False,0,False,NO,False,False
NCT01878539,2012.0,<=2015,NA,proc_device,1,333.0,OTHER,UNKNOWN,NA,False,NONE,0.0,False,False,SINGLE_GROUP,True,none/single-group,False,,,,,False,False,False,False,False,2,True,,False,False
NCT05794464,2023.0,2021-2026,NA,proc_device,1,60.0,OTHER,RECRUITING,NA,False,NONE,0.0,False,False,SINGLE_GROUP,True,none/single-group,False,,,,,False,False,False,False,False,1,True,NO,False,False
NCT03593486,2018.0,2016-2020,NA,proc_device,2,18.0,OTHER,COMPLETED,RANDOMIZED,True,QUADRUPLE,4.0,True,True,PARALLEL,False,placebo/sham,True,,,,,False,True,False,False,False,0,False,NO,False,True
NCT06580275,2024.0,2021-2026,NA,proc_device,1,80.0,INDUSTRY,ACTIVE_NOT_RECRUITING,NA,False,NONE,0.0,False,False,SINGLE_GROUP,True,none/single-group,False,,,,,False,False,False,False,False,0,False,,False,False
NCT05883722,2023.0,2021-2026,NA,proc_device,2,200.0,OTHER,UNKNOWN,RANDOMIZED,True,QUADRUPLE,4.0,True,True,PARALLEL,True,active,True,,,,,False,True,False,False,False,0,False,,False,False
NCT04403412,2020.0,2016-2020,NA,proc_device,3,105.0,OTHER,UNKNOWN,RANDOMIZED,True,DOUBLE,2.0,True,True,PARALLEL,True,none/single-group,False,,,,,False,True,True,False,False,0,False,,False,
NCT07523750,2026.0,2021-2026,NA,proc_device,2,466.0,INDUSTRY,RECRUITING,RANDOMIZED,True,NONE,0.0,False,False,PARALLEL,True,active,True,,,,,False,True,False,False,False,0,False,YES,True,True
NCT04830774,2021.0,2021-2026,NA,proc_device,1,200.0,OTHER,UNKNOWN,NA,False,NONE,0.0,False,False,SINGLE_GROUP,True,none/single-group,False,,,,,False,False,False,False,False,0,False,NO,False,True
NCT07523620,2026.0,2021-2026,NA,proc_device,1,240.0,INDUSTRY,RECRUITING,NA,False,NONE,0.0,False,False,SINGLE_GROUP,True,none/single-group,False,,,,,False,True,False,False,False,0,False,,False,True
NCT07452211,2020.0,2016-2020,NA,proc_device,1,10.0,INDUSTRY,COMPLETED,NA,False,NONE,0.0,False,False,SINGLE_GROUP,False,none/single-group,False,,,,,False,True,False,False,False,0,False,NO,False,False
NCT02924181,2015.0,<=2015,NA,proc_device,4,60.0,OTHER,COMPLETED,RANDOMIZED,True,NONE,0.0,False,False,PARALLEL,True,active,True,,,,,False,True,True,False,True,0,False,YES,True,False
NCT01203241,2009.0,<=2015,PHASE3,proc_device,2,120.0,OTHER,COMPLETED,RANDOMIZED,True,TRIPLE,3.0,True,True,PARALLEL,True,active,True,,,,,True,True,False,False,False,1,True,,False,
NCT00863382,2009.0,<=2015,NA,proc_device,2,0.0,OTHER,WITHDRAWN,RANDOMIZED,True,NONE,0.0,False,False,PARALLEL,False,active,True,,,,,False,True,False,False,False,0,False,,False,False
NCT06521463,2024.0,2021-2026,NA,proc_device,3,1857.0,INDUSTRY,ACTIVE_NOT_RECRUITING,RANDOMIZED,True,SINGLE,1.0,True,False,PARALLEL,True,active,True,,,,,False,False,True,False,False,0,False,YES,True,True
NCT00262119,2006.0,<=2015,PHASE4,proc_device,3,1300.0,INDUSTRY,COMPLETED,RANDOMIZED,True,SINGLE,1.0,True,False,PARALLEL,True,active,True,1166.0,980.0,0.1595197255574614,True,True,False,True,True,False,2,True,,False,
NCT07424326,2026.0,2021-2026,NA,proc_device,2,450.0,OTHER,NOT_YET_RECRUITING,RANDOMIZED,True,SINGLE,1.0,True,False,PARALLEL,True,active,True,,,,,False,True,False,False,False,0,False,UNDECIDED,False,True
NCT02737215,2016.0,2016-2020,NA,proc_device,2,144.0,OTHER,COMPLETED,RANDOMIZED,True,NONE,0.0,False,False,PARALLEL,True,active,True,,,,,False,True,False,False,False,1,True,NO,False,False
NCT02234102,2014.0,<=2015,NA,proc_device,2,160.0,OTHER,UNKNOWN,NON_RANDOMIZED,False,NONE,0.0,False,False,PARALLEL,True,active,True,,,,,False,True,False,False,False,0,False,,False,False
NCT04681872,2021.0,2021-2026,NA,proc_device,2,262.0,OTHER,ACTIVE_NOT_RECRUITING,RANDOMIZED,True,NONE,0.0,False,False,PARALLEL,True,active,True,,,,,False,False,False,False,False,1,True,,False,True
NCT01276093,2011.0,<=2015,NA,both,2,59.0,INDUSTRY,TERMINATED,RANDOMIZED,True,NONE,0.0,False,False,PARALLEL,True,active,True,,,,,False,True,False,False,False,0,False,,False,True
NCT00238706,2001.0,<=2015,NA,proc_device,0,,OTHER,COMPLETED,RANDOMIZED,True,SINGLE,1.0,True,False,PARALLEL,,none/single-group,False,,,,,False,True,False,False,True,0,False,,False,
NCT04906668,2021.0,2021-2026,NA,proc_device,2,196.0,OTHER,ACTIVE_NOT_RECRUITING,RANDOMIZED,True,NONE,0.0,False,False,PARALLEL,True,active,True,,,,,False,True,False,False,False,0,False,,False,
NCT04701112,2021.0,2021-2026,NA,proc_device,2,2.0,OTHER,TERMINATED,RANDOMIZED,True,DOUBLE,2.0,True,True,CROSSOVER,False,active,True,,,,,False,False,False,False,False,0,False,NO,False,False
NCT04506814,2025.0,2021-2026,NA,proc_device,2,0.0,OTHER,WITHDRAWN,RANDOMIZED,True,SINGLE,1.0,True,False,PARALLEL,False,active,True,,,,,False,True,False,False,False,0,False,NO,False,False
NCT05539040,2023.0,2021-2026,NA,proc_device,2,116.0,OTHER,RECRUITING,RANDOMIZED,True,DOUBLE,2.0,True,True,PARALLEL,True,active,True,,,,,False,True,False,False,False,0,False,NO,False,False
NCT00556595,2007.0,<=2015,NA,proc_device,2,200.0,OTHER,UNKNOWN,RANDOMIZED,True,SINGLE,1.0,True,False,PARALLEL,True,active,True,,,,,False,True,False,False,False,0,False,,False,False
NCT02509754,2016.0,2016-2020,PHASE4,proc_device,2,180.0,OTHER,UNKNOWN,RANDOMIZED,True,NONE,0.0,False,False,PARALLEL,True,none/single-group,False,,,,,True,True,False,False,True,0,False,,False,True
NCT01164319,2008.0,<=2015,PHASE3,proc_device,4,150.0,NETWORK,COMPLETED,RANDOMIZED,True,SINGLE,1.0,True,False,PARALLEL,True,active,True,,,,,True,True,True,False,True,0,False,,False,True
NCT02695277,2015.0,<=2015,NA,proc_device,2,146.0,INDUSTRY,COMPLETED,RANDOMIZED,True,NONE,0.0,False,False,PARALLEL,True,active,True,,,,,False,True,False,False,False,1,True,,False,False
NCT02533843,2014.0,<=2015,PHASE3,proc_device,3,120.0,OTHER,COMPLETED,RANDOMIZED,True,NONE,0.0,False,False,PARALLEL,True,active,True,,,,,True,True,True,False,False,2,True,,False,False
NCT00157781,2000.0,<=2015,PHASE4,proc_device,0,237.0,INDUSTRY,COMPLETED,RANDOMIZED,True,SINGLE,1.0,True,False,CROSSOVER,True,none/single-group,False,,,,,True,True,False,False,False,0,False,,False,
NCT06175234,2024.0,2021-2026,NA,proc_device,1,50.0,INDUSTRY,COMPLETED,NA,False,NONE,0.0,False,False,SINGLE_GROUP,True,none/single-group,False,,,,,False,True,False,False,False,2,True,,False,False
NCT04050982,2019.0,2016-2020,NA,proc_device,3,11.0,OTHER,TERMINATED,RANDOMIZED,True,NONE,0.0,False,False,PARALLEL,False,active,True,11.0,8.0,0.2727272727272727,False,False,False,True,True,False,0,False,NO,False,False
NCT01430949,2011.0,<=2015,PHASE2,proc_device,1,42.0,INDUSTRY,COMPLETED,NA,False,NONE,0.0,False,False,SINGLE_GROUP,False,none/single-group,False,,,,,False,True,False,False,False,0,False,,False,True
NCT06039722,2022.0,2021-2026,NA,proc_device,1,166.0,INDUSTRY,COMPLETED,NA,False,NONE,0.0,False,False,SINGLE_GROUP,True,none/single-group,False,,,,,False,True,False,False,False,1,True,NO,False,False
NCT00182416,2004.0,<=2015,PHASE3,proc_device,0,300.0,OTHER,COMPLETED,RANDOMIZED,True,DOUBLE,2.0,True,True,PARALLEL,True,none/single-group,False,,,,,True,True,False,False,False,0,False,,False,
NCT06722651,2025.0,2021-2026,NA,proc_device,3,0.0,INDUSTRY,WITHDRAWN,RANDOMIZED,True,DOUBLE,2.0,True,True,PARALLEL,False,placebo/sham,True,,,,,False,True,True,False,False,0,False,NO,False,False
NCT07714876,2026.0,2021-2026,NA,proc_device,1,250.0,INDUSTRY,NOT_YET_RECRUITING,NA,False,NONE,0.0,False,False,SINGLE_GROUP,True,none/single-group,False,,,,,False,True,False,False,False,0,False,,False,
NCT05572047,2022.0,2021-2026,NA,proc_device,1,25.0,INDUSTRY,ACTIVE_NOT_RECRUITING,NA,False,NONE,0.0,False,False,SINGLE_GROUP,False,none/single-group,False,,,,,False,True,False,False,False,1,True,NO,False,False
NCT07560644,2026.0,2021-2026,PHASE2;PHASE3,proc_device,3,177.0,OTHER,NOT_YET_RECRUITING,RANDOMIZED,True,DOUBLE,2.0,True,True,SEQUENTIAL,True,active,True,,,,,True,True,True,False,False,0,False,YES,True,False
NCT02451995,2015.0,<=2015,NA,proc_device,2,105.0,OTHER,COMPLETED,RANDOMIZED,True,NONE,0.0,False,False,PARALLEL,True,active,True,83.0,83.0,0.0,True,False,True,False,True,False,1,True,NO,False,False
NCT04104191,2017.0,2016-2020,NA,proc_device,1,271.0,INDUSTRY,COMPLETED,NA,False,NONE,0.0,False,False,SINGLE_GROUP,True,none/single-group,False,,,,,False,False,False,False,False,0,False,,False,
NCT01834872,2012.0,<=2015,PHASE4,proc_device,2,50.0,OTHER,UNKNOWN,NON_RANDOMIZED,False,NONE,0.0,False,False,SINGLE_GROUP,False,active,True,,,,,True,True,False,False,False,1,True,,False,False
NCT06959121,2025.0,2021-2026,NA,proc_device,1,135.0,INDUSTRY,RECRUITING,NA,False,NONE,0.0,False,False,SINGLE_GROUP,True,none/single-group,False,,,,,False,True,False,False,False,0,False,NO,False,True
NCT06220006,2023.0,2021-2026,NA,proc_device,2,104.0,OTHER,RECRUITING,RANDOMIZED,True,DOUBLE,2.0,True,True,PARALLEL,True,active,True,,,,,False,True,False,False,False,0,False,NO,False,False
NCT01521988,2012.0,<=2015,NA,proc_device,2,76.0,OTHER,COMPLETED,RANDOMIZED,True,NONE,0.0,False,False,PARALLEL,True,active,True,,,,,False,True,False,False,False,0,False,,False,True
NCT00408200,2006.0,<=2015,NA,both,2,110.0,OTHER,COMPLETED,RANDOMIZED,True,NONE,0.0,False,False,PARALLEL,True,none/single-group,False,110.0,110.0,0.0,True,False,True,False,True,True,1,True,,False,
NCT03044925,2016.0,2016-2020,NA,proc_device,2,200.0,OTHER,UNKNOWN,RANDOMIZED,True,SINGLE,1.0,True,False,PARALLEL,True,active,True,,,,,False,True,False,False,True,0,False,NO,False,
NCT07036965,2025.0,2021-2026,NA,proc_device,2,292.0,INDUSTRY,RECRUITING,RANDOMIZED,True,NONE,0.0,False,False,PARALLEL,True,active,True,,,,,False,True,False,False,False,0,False,NO,False,False
NCT03243175,2019.0,2016-2020,PHASE3,both,3,300.0,OTHER,RECRUITING,RANDOMIZED,True,SINGLE,1.0,True,False,PARALLEL,True,no-intervention,True,,,,,True,False,True,False,False,2,True,YES,True,True
NCT07390214,2025.0,2021-2026,NA,proc_device,2,200.0,OTHER,RECRUITING,RANDOMIZED,True,NONE,0.0,False,False,PARALLEL,True,none/single-group,False,,,,,False,True,False,False,False,0,False,UNDECIDED,False,False
NCT05971693,2023.0,2021-2026,NA,proc_device,1,188.0,INDUSTRY,COMPLETED,NA,False,NONE,0.0,False,False,SINGLE_GROUP,True,none/single-group,False,177.0,33.0,0.8135593220338984,False,False,True,False,True,False,1,True,YES,True,True
NCT07461935,2026.0,2021-2026,NA,proc_device,1,10.0,OTHER,NOT_YET_RECRUITING,NA,False,NONE,0.0,False,False,SINGLE_GROUP,False,none/single-group,False,,,,,False,True,False,False,False,0,False,,False,True
NCT02344394,2014.0,<=2015,NA,proc_device,2,0.0,OTHER,WITHDRAWN,RANDOMIZED,True,NONE,0.0,False,False,PARALLEL,False,none/single-group,False,,,,,False,True,False,False,False,0,False,,False,False
NCT05387954,2023.0,2021-2026,PHASE3,both,3,792.0,OTHER,RECRUITING,RANDOMIZED,True,SINGLE,1.0,True,False,PARALLEL,True,active,True,,,,,True,False,True,False,False,0,False,YES,True,True
NCT06377046,2024.0,2021-2026,NA,proc_device,2,50.0,OTHER,UNKNOWN,RANDOMIZED,True,SINGLE,1.0,True,False,PARALLEL,True,active,True,,,,,False,True,False,False,False,0,False,UNDECIDED,False,False
NCT04940156,2021.0,2021-2026,NA,proc_device,2,6.0,OTHER,TERMINATED,RANDOMIZED,True,NONE,0.0,False,False,PARALLEL,False,none/single-group,False,6.0,6.0,0.0,True,False,False,False,True,False,0,False,NO,False,
NCT02175043,2014.0,<=2015,NA,proc_device,2,40.0,OTHER,COMPLETED,RANDOMIZED,True,SINGLE,1.0,True,False,PARALLEL,True,active,True,,,,,False,True,False,False,False,0,False,,False,True
NCT05045131,2016.0,2016-2020,NA,proc_device,1,24.0,OTHER,COMPLETED,NA,False,NONE,0.0,False,False,SINGLE_GROUP,False,none/single-group,False,,,,,False,True,False,False,False,2,True,NO,False,False
NCT02211456,2014.0,<=2015,NA,proc_device,1,15.0,OTHER,COMPLETED,NA,False,NONE,0.0,False,False,SINGLE_GROUP,False,none/single-group,False,15.0,15.0,0.0,True,False,False,False,True,False,0,False,,False,True
NCT02176616,2014.0,<=2015,NA,proc_device,2,120.0,OTHER,UNKNOWN,RANDOMIZED,True,SINGLE,1.0,True,False,PARALLEL,True,active,True,,,,,False,True,False,False,False,2,True,,False,True
NCT02393885,2015.0,<=2015,NA,proc_device,1,90.0,INDUSTRY,COMPLETED,NA,False,NONE,0.0,False,False,SINGLE_GROUP,True,none/single-group,False,90.0,85.0,0.05555555555555558,True,False,True,False,True,False,1,True,,False,True
NCT06157437,2023.0,2021-2026,NA,proc_device,1,10.0,INDUSTRY,RECRUITING,NA,False,NONE,0.0,False,False,SINGLE_GROUP,False,none/single-group,False,,,,,False,True,False,False,False,0,False,NO,False,False
NCT01920295,2011.0,<=2015,NA,proc_device,4,60.0,OTHER,COMPLETED,RANDOMIZED,True,SINGLE,1.0,True,False,PARALLEL,True,active,True,,,,,False,True,True,False,False,0,False,,False,True
NCT02968056,2016.0,2016-2020,NA,proc_device,2,160.0,OTHER,UNKNOWN,NON_RANDOMIZED,False,NONE,0.0,False,False,PARALLEL,True,active,True,,,,,False,True,False,False,False,0,False,UNDECIDED,False,True
NCT05472012,2022.0,2021-2026,NA,proc_device,1,139.0,INDUSTRY,COMPLETED,NA,False,NONE,0.0,False,False,SINGLE_GROUP,True,none/single-group,False,139.0,139.0,0.0,True,False,False,False,True,False,0,False,,False,False
NCT04922281,2022.0,2021-2026,NA,proc_device,2,120.0,OTHER,ACTIVE_NOT_RECRUITING,RANDOMIZED,True,QUADRUPLE,4.0,True,True,PARALLEL,True,placebo/sham,True,,,,,False,True,False,False,False,0,False,NO,False,True
NCT07116525,2025.0,2021-2026,NA,proc_device,1,90.0,INDUSTRY,RECRUITING,NA,False,NONE,0.0,False,False,SINGLE_GROUP,True,none/single-group,False,,,,,False,False,False,False,False,0,False,YES,True,False
NCT03062241,2017.0,2016-2020,NA,proc_device,2,330.0,OTHER,UNKNOWN,RANDOMIZED,True,NONE,0.0,False,False,PARALLEL,True,no-intervention,True,,,,,False,True,False,False,True,0,False,NO,False,True
NCT01038115,2008.0,<=2015,PHASE4,proc_device,3,237.0,OTHER,COMPLETED,RANDOMIZED,True,NONE,0.0,False,False,PARALLEL,True,active,True,,,,,True,True,True,False,False,1,True,,False,
NCT07647939,2026.0,2021-2026,NA,proc_device,2,60.0,OTHER,NOT_YET_RECRUITING,NON_RANDOMIZED,False,SINGLE,1.0,True,False,SEQUENTIAL,True,none/single-group,False,,,,,False,False,False,False,False,0,False,NO,False,False
NCT06791629,2025.0,2021-2026,NA,proc_device,2,700.0,OTHER,NOT_YET_RECRUITING,RANDOMIZED,True,NONE,0.0,False,False,PARALLEL,True,active,True,,,,,False,True,False,False,False,0,False,NO,False,True
NCT03355456,2019.0,2016-2020,NA,proc_device,2,250.0,OTHER,RECRUITING,RANDOMIZED,True,DOUBLE,2.0,True,True,PARALLEL,True,active,True,,,,,False,True,False,False,False,0,False,NO,False,
NCT03920891,2019.0,2016-2020,NA,proc_device,2,154.0,OTHER,NOT_YET_RECRUITING,RANDOMIZED,True,NONE,0.0,False,False,PARALLEL,True,active,True,,,,,False,True,False,False,False,0,False,,False,True
NCT02426944,2015.0,<=2015,PHASE4,both,2,400.0,OTHER,COMPLETED,RANDOMIZED,True,NONE,0.0,False,False,PARALLEL,True,none/single-group,False,,,,,True,False,False,False,True,3,True,,False,True
NCT01700244,2012.0,<=2015,NA,proc_device,1,36.0,INDUSTRY,UNKNOWN,NA,False,NONE,0.0,False,False,SINGLE_GROUP,True,none/single-group,False,,,,,False,True,False,False,False,3,True,,False,True
NCT07061054,2026.0,2021-2026,NA,proc_device,1,20.0,INDUSTRY,NOT_YET_RECRUITING,NA,False,NONE,0.0,False,False,SINGLE_GROUP,False,none/single-group,False,,,,,False,True,False,False,False,0,False,NO,False,False
NCT03805555,2015.0,<=2015,NA,proc_device,2,105.0,OTHER,COMPLETED,RANDOMIZED,True,NONE,0.0,False,False,PARALLEL,True,active,True,,,,,False,True,False,False,False,2,True,NO,False,True
NCT07575269,2026.0,2021-2026,NA,proc_device,1,571.0,INDUSTRY,RECRUITING,NA,False,NONE,0.0,False,False,SINGLE_GROUP,True,none/single-group,False,,,,,False,True,False,False,False,0,False,,False,True
NCT07705282,2028.0,2021-2026,NA,proc_device,2,936.0,OTHER,NOT_YET_RECRUITING,RANDOMIZED,True,NONE,0.0,False,False,PARALLEL,True,no-intervention,True,,,,,False,True,False,False,False,0,False,NO,False,False
NCT05029570,2022.0,2021-2026,NA,proc_device,2,334.0,OTHER,RECRUITING,RANDOMIZED,True,SINGLE,1.0,True,False,PARALLEL,True,no-intervention,True,,,,,False,True,False,False,False,0,False,NO,False,True
NCT05836987,2023.0,2021-2026,PHASE3,both,2,5350.0,OTHER,RECRUITING,RANDOMIZED,True,SINGLE,1.0,True,False,PARALLEL,True,active,True,,,,,True,False,False,False,False,0,False,,False,True
NCT05549544,2022.0,2021-2026,NA,proc_device,2,60.0,OTHER,UNKNOWN,RANDOMIZED,True,DOUBLE,2.0,True,True,PARALLEL,True,active,True,,,,,False,True,False,False,False,0,False,NO,False,True
NCT02928497,2017.0,2016-2020,NA,both,2,481.0,INDUSTRY,COMPLETED,RANDOMIZED,True,NONE,0.0,False,False,PARALLEL,True,active,True,,,,,False,False,False,False,False,1,True,NO,False,True
NCT06817447,2025.0,2021-2026,NA,proc_device,2,168.0,OTHER,NOT_YET_RECRUITING,RANDOMIZED,True,TRIPLE,3.0,True,True,PARALLEL,True,active,True,,,,,False,True,False,False,False,0,False,UNDECIDED,False,True
NCT05743322,2021.0,2021-2026,NA,proc_device,1,60.0,OTHER,UNKNOWN,NA,False,NONE,0.0,False,False,SINGLE_GROUP,True,none/single-group,False,,,,,False,False,False,False,False,0,False,YES,True,False
NCT01747837,2015.0,<=2015,NA,proc_device,2,48.0,OTHER,COMPLETED,RANDOMIZED,True,SINGLE,1.0,True,False,PARALLEL,True,no-intervention,True,48.0,33.0,0.3125,False,False,True,False,True,False,0,False,NO,False,True
NCT00151723,2004.0,<=2015,NA,proc_device,0,200.0,OTHER,UNKNOWN,RANDOMIZED,True,NONE,0.0,False,False,PARALLEL,True,none/single-group,False,,,,,False,False,False,False,False,0,False,,False,
NCT04493437,2019.0,2016-2020,NA,proc_device,2,20.0,OTHER,COMPLETED,NON_RANDOMIZED,False,NONE,0.0,False,False,PARALLEL,False,none/single-group,False,,,,,False,True,False,False,False,1,True,NO,False,True
NCT04447300,2021.0,2021-2026,NA,proc_device,2,50.0,OTHER,UNKNOWN,RANDOMIZED,True,SINGLE,1.0,True,False,PARALLEL,True,active,True,,,,,False,True,False,False,True,0,False,UNDECIDED,False,False
NCT05373862,2022.0,2021-2026,NA,proc_device,1,40.0,INDUSTRY,COMPLETED,NA,False,NONE,0.0,False,False,SINGLE_GROUP,True,none/single-group,False,40.0,40.0,0.0,True,False,False,False,True,False,0,False,YES,True,False
NCT01057485,2010.0,<=2015,NA,proc_device,2,50.0,OTHER,UNKNOWN,RANDOMIZED,True,SINGLE,1.0,True,False,PARALLEL,True,active,True,,,,,False,True,False,False,False,0,False,,False,False
NCT03232645,2018.0,2016-2020,NA,proc_device,1,62.0,INDUSTRY,COMPLETED,NA,False,NONE,0.0,False,False,SINGLE_GROUP,True,none/single-group,False,62.0,58.0,0.06451612903225812,True,False,True,False,True,False,1,True,NO,False,
NCT02854319,2016.0,2016-2020,NA,proc_device,1,15.0,INDUSTRY,TERMINATED,NA,False,NONE,0.0,False,False,SINGLE_GROUP,False,none/single-group,False,,,,,False,True,False,False,False,0,False,NO,False,True
NCT06458907,2026.0,2021-2026,NA,both,3,780.0,INDUSTRY,NOT_YET_RECRUITING,RANDOMIZED,True,NONE,0.0,False,False,PARALLEL,True,active,True,,,,,False,True,True,False,True,0,False,NO,False,True
NCT05428787,2022.0,2021-2026,NA,proc_device,2,284.0,OTHER,UNKNOWN,RANDOMIZED,True,DOUBLE,2.0,True,True,PARALLEL,True,active,True,,,,,False,True,False,False,False,0,False,NO,False,
NCT04075500,2019.0,2016-2020,NA,proc_device,3,516.0,OTHER,COMPLETED,RANDOMIZED,True,SINGLE,1.0,True,False,PARALLEL,True,no-intervention,True,,,,,False,False,True,False,False,0,False,NO,False,True
NCT04923009,2021.0,2021-2026,PHASE4,proc_device,2,90.0,OTHER,UNKNOWN,NON_RANDOMIZED,False,NONE,0.0,False,False,PARALLEL,False,active,True,,,,,True,True,False,False,True,0,False,YES,True,False
NCT01362738,2010.0,<=2015,PHASE3,proc_device,2,156.0,OTHER,COMPLETED,RANDOMIZED,True,NONE,0.0,False,False,PARALLEL,True,active,True,,,,,True,True,False,False,False,1,True,,False,False
NCT01920412,2012.0,<=2015,EARLY_PHASE1,proc_device,1,20.0,INDUSTRY,COMPLETED,NA,False,NONE,0.0,False,False,SINGLE_GROUP,False,none/single-group,False,,,,,False,False,False,False,False,0,False,,False,True
NCT00180414,2004.0,<=2015,NA,proc_device,2,8.0,INDUSTRY,TERMINATED,RANDOMIZED,True,SINGLE,1.0,True,False,PARALLEL,False,active,True,8.0,0.0,1.0,False,False,True,False,True,False,0,False,,False,
NCT03461094,2017.0,2016-2020,NA,proc_device,0,7.0,OTHER,COMPLETED,NA,False,NONE,0.0,False,False,SINGLE_GROUP,False,none/single-group,False,,,,,False,False,False,False,False,0,False,,False,False
NCT04310046,2020.0,2016-2020,NA,proc_device,2,986.0,OTHER,ACTIVE_NOT_RECRUITING,RANDOMIZED,True,NONE,0.0,False,False,PARALLEL,True,none/single-group,False,,,,,False,True,False,False,False,0,False,NO,False,
NCT03110627,2017.0,2016-2020,NA,proc_device,2,188.0,OTHER,UNKNOWN,RANDOMIZED,True,NONE,0.0,False,False,PARALLEL,True,active,True,,,,,False,False,False,False,False,0,False,NO,False,True
NCT06931288,2025.0,2021-2026,NA,proc_device,2,20000.0,OTHER,NOT_YET_RECRUITING,RANDOMIZED,True,NONE,0.0,False,False,PARALLEL,True,active,True,,,,,False,False,False,False,False,0,False,,False,True
NCT02202434,2014.0,<=2015,NA,proc_device,6,1425.0,INDUSTRY,TERMINATED,RANDOMIZED,True,NONE,0.0,False,False,PARALLEL,True,active,True,1309.0,1079.0,0.17570664629488164,True,False,True,True,True,False,6,True,,False,True
NCT07405359,2026.0,2021-2026,NA,proc_device,2,220.0,OTHER,RECRUITING,RANDOMIZED,True,SINGLE,1.0,True,False,PARALLEL,True,active,True,,,,,False,True,False,False,False,0,False,NO,False,True
NCT02243891,2015.0,<=2015,PHASE4,proc_device,2,40.0,OTHER,UNKNOWN,RANDOMIZED,True,SINGLE,1.0,True,False,PARALLEL,False,active,True,,,,,True,True,False,False,False,0,False,,False,False
NCT05976685,2024.0,2021-2026,NA,both,2,482.0,OTHER,RECRUITING,RANDOMIZED,True,SINGLE,1.0,True,False,PARALLEL,True,none/single-group,False,,,,,False,False,False,False,False,0,False,NO,False,True
NCT05393180,2022.0,2021-2026,NA,proc_device,1,53.0,INDUSTRY,ACTIVE_NOT_RECRUITING,NA,False,NONE,0.0,False,False,SINGLE_GROUP,True,none/single-group,False,,,,,False,True,False,False,False,0,False,,False,True
NCT05508256,2023.0,2021-2026,PHASE4,proc_device,2,1548.0,OTHER,RECRUITING,RANDOMIZED,True,NONE,0.0,False,False,PARALLEL,True,active,True,,,,,True,True,False,False,False,0,False,,False,True
NCT01445925,2011.0,<=2015,NA,both,2,130.0,OTHER,UNKNOWN,RANDOMIZED,True,SINGLE,1.0,True,False,PARALLEL,True,active,True,,,,,False,True,False,False,False,1,True,,False,False
NCT06098989,2023.0,2021-2026,NA,proc_device,3,150.0,OTHER,NOT_YET_RECRUITING,RANDOMIZED,True,NONE,0.0,False,False,PARALLEL,True,active,True,,,,,False,True,True,False,False,0,False,NO,False,True
NCT04180605,2020.0,2016-2020,NA,proc_device,2,200.0,OTHER,UNKNOWN,RANDOMIZED,True,SINGLE,1.0,True,False,PARALLEL,True,active,True,,,,,False,False,False,False,False,3,True,NO,False,False
NCT05908955,2024.0,2021-2026,NA,proc_device,2,290.0,OTHER,RECRUITING,RANDOMIZED,True,SINGLE,1.0,True,False,PARALLEL,True,active,True,,,,,False,True,False,False,False,1,True,NO,False,
NCT04602169,2020.0,2016-2020,NA,proc_device,2,108.0,OTHER,UNKNOWN,RANDOMIZED,True,NONE,0.0,False,False,PARALLEL,True,active,True,,,,,False,True,False,False,False,0,False,,False,
NCT01091389,2010.0,<=2015,PHASE4,proc_device,2,240.0,OTHER,COMPLETED,RANDOMIZED,True,SINGLE,1.0,True,False,PARALLEL,True,none/single-group,False,,,,,True,True,False,False,True,4,True,,False,True
NCT04390841,2020.0,2016-2020,NA,proc_device,1,106.0,INDUSTRY,COMPLETED,NA,False,NONE,0.0,False,False,SINGLE_GROUP,True,none/single-group,False,106.0,104.0,0.018867924528301883,True,False,False,False,True,False,0,False,NO,False,False
NCT06883864,2025.0,2021-2026,NA,both,2,146.0,OTHER,RECRUITING,RANDOMIZED,True,NONE,0.0,False,False,PARALLEL,True,active,True,,,,,False,True,False,False,False,0,False,NO,False,True
NCT02637453,2017.0,2016-2020,NA,proc_device,2,390.0,OTHER,COMPLETED,RANDOMIZED,True,SINGLE,1.0,True,False,PARALLEL,True,active,True,,,,,False,True,False,False,False,0,False,,False,True
NCT03470636,2018.0,2016-2020,NA,proc_device,1,60.0,INDUSTRY,COMPLETED,NA,False,NONE,0.0,False,False,SINGLE_GROUP,True,none/single-group,False,,,,,False,True,False,False,False,1,True,,False,
NCT04612244,2021.0,2021-2026,NA,proc_device,2,706.0,INDUSTRY,COMPLETED,RANDOMIZED,True,SINGLE,1.0,True,False,PARALLEL,True,active,True,607.0,583.0,0.03953871499176276,True,False,True,False,True,False,4,True,NO,False,True
NCT02838914,2015.0,<=2015,NA,proc_device,2,80.0,OTHER,UNKNOWN,RANDOMIZED,True,SINGLE,1.0,True,False,PARALLEL,True,none/single-group,False,,,,,False,True,False,False,True,0,False,NO,False,True
NCT06699342,2025.0,2021-2026,NA,both,2,50.0,OTHER,RECRUITING,RANDOMIZED,True,NONE,0.0,False,False,PARALLEL,True,placebo/sham,True,,,,,False,True,False,False,False,0,False,,False,True
NCT00247780,2004.0,<=2015,PHASE4,proc_device,0,149.0,OTHER,COMPLETED,RANDOMIZED,True,NONE,0.0,False,False,PARALLEL,True,none/single-group,False,,,,,True,True,False,False,False,0,False,,False,
NCT07563153,2025.0,2021-2026,NA,proc_device,2,106.0,OTHER,RECRUITING,RANDOMIZED,True,NONE,0.0,False,False,PARALLEL,True,active,True,,,,,False,True,False,False,True,0,False,NO,False,False
NCT05369195,2023.0,2021-2026,NA,proc_device,2,240.0,OTHER,RECRUITING,RANDOMIZED,True,DOUBLE,2.0,True,True,PARALLEL,True,placebo/sham,True,,,,,False,False,False,False,False,1,True,NO,False,True
NCT00878384,2009.0,<=2015,NA,both,2,52.0,OTHER,COMPLETED,RANDOMIZED,True,NONE,0.0,False,False,PARALLEL,True,active,True,,,,,False,True,False,False,False,2,True,,False,True
NCT04298723,2020.0,2016-2020,NA,proc_device,2,530.0,OTHER,RECRUITING,RANDOMIZED,True,SINGLE,1.0,True,False,PARALLEL,True,no-intervention,True,,,,,False,False,False,False,False,0,False,NO,False,True
NCT04744480,2021.0,2021-2026,NA,proc_device,2,96.0,OTHER,COMPLETED,RANDOMIZED,True,QUADRUPLE,4.0,True,True,PARALLEL,True,no-intervention,True,,,,,False,False,False,False,False,1,True,NO,False,False
NCT02702271,2018.0,2016-2020,NA,proc_device,2,458.0,INDUSTRY,COMPLETED,NON_RANDOMIZED,False,NONE,0.0,False,False,SEQUENTIAL,True,none/single-group,False,458.0,386.0,0.15720524017467252,True,False,False,False,True,False,1,True,,False,True
NCT05561244,2022.0,2021-2026,NA,proc_device,2,45.0,OTHER,TERMINATED,RANDOMIZED,True,SINGLE,1.0,True,False,PARALLEL,True,no-intervention,True,45.0,45.0,0.0,True,False,False,False,True,False,0,False,,False,
NCT00367757,2006.0,<=2015,NA,proc_device,3,107.0,INDUSTRY,COMPLETED,RANDOMIZED,True,NONE,0.0,False,False,PARALLEL,True,none/single-group,False,,,,,False,True,True,False,False,1,True,,False,False
NCT06701383,2012.0,<=2015,NA,proc_device,2,30.0,OTHER,TERMINATED,RANDOMIZED,True,NONE,0.0,False,False,PARALLEL,True,active,True,,,,,False,True,False,False,False,0,False,,False,False
NCT02721121,2016.0,2016-2020,NA,proc_device,2,220.0,OTHER,UNKNOWN,RANDOMIZED,True,NONE,0.0,False,False,PARALLEL,True,active,True,,,,,False,True,False,False,False,1,True,NO,False,False
NCT06282380,2024.0,2021-2026,NA,proc_device,1,330.0,INDUSTRY,COMPLETED,NA,False,NONE,0.0,False,False,SINGLE_GROUP,True,none/single-group,False,,,,,False,False,False,False,False,0,False,NO,False,
NCT05845034,2023.0,2021-2026,NA,proc_device,2,100.0,OTHER,ACTIVE_NOT_RECRUITING,RANDOMIZED,True,SINGLE,1.0,True,False,PARALLEL,True,active,True,,,,,False,True,False,False,True,0,False,NO,False,True
NCT02271152,2015.0,<=2015,NA,proc_device,2,80.0,OTHER,COMPLETED,RANDOMIZED,True,SINGLE,1.0,True,False,PARALLEL,True,active,True,,,,,False,True,False,False,False,0,False,,False,False
NCT06837441,2023.0,2021-2026,NA,proc_device,2,195.0,OTHER,COMPLETED,RANDOMIZED,True,SINGLE,1.0,True,False,PARALLEL,True,placebo/sham,True,,,,,False,True,False,False,False,0,False,NO,False,True
NCT04402931,2020.0,2016-2020,NA,proc_device,2,150.0,OTHER,COMPLETED,RANDOMIZED,True,SINGLE,1.0,True,False,PARALLEL,True,none/single-group,False,,,,,False,True,False,False,False,1,True,NO,False,False
NCT04186169,2021.0,2021-2026,NA,proc_device,3,4.0,OTHER,TERMINATED,RANDOMIZED,True,SINGLE,1.0,True,False,PARALLEL,False,placebo/sham,True,,,,,False,True,True,False,False,0,False,NO,False,True
NCT07173777,2026.0,2021-2026,NA,proc_device,3,108.0,OTHER,NOT_YET_RECRUITING,NON_RANDOMIZED,False,NONE,0.0,False,False,PARALLEL,True,none/single-group,False,,,,,False,False,True,False,False,0,False,NO,False,True
NCT04833985,2020.0,2016-2020,NA,proc_device,3,75.0,OTHER,COMPLETED,RANDOMIZED,True,DOUBLE,2.0,True,True,PARALLEL,True,none/single-group,False,,,,,False,True,True,False,False,0,False,,False,
NCT05371366,2022.0,2021-2026,NA,proc_device,2,128.0,OTHER,UNKNOWN,RANDOMIZED,True,NONE,0.0,False,False,PARALLEL,True,active,True,,,,,False,True,False,False,False,1,True,NO,False,
NCT07633431,2026.0,2021-2026,NA,proc_device,2,46.0,OTHER,NOT_YET_RECRUITING,RANDOMIZED,True,DOUBLE,2.0,True,True,PARALLEL,True,placebo/sham,True,,,,,False,True,False,False,False,0,False,NO,False,False
NCT07630857,2026.0,2021-2026,NA,proc_device,2,200.0,OTHER_GOV,RECRUITING,RANDOMIZED,True,SINGLE,1.0,True,False,PARALLEL,True,none/single-group,False,,,,,False,True,False,False,False,0,False,NO,False,False
NCT03683030,2018.0,2016-2020,PHASE3,proc_device,1,397.0,INDUSTRY,COMPLETED,NA,False,NONE,0.0,False,False,SINGLE_GROUP,True,none/single-group,False,397.0,342.0,0.1385390428211587,True,True,True,False,True,False,1,True,YES,True,True
NCT07385417,2023.0,2021-2026,NA,proc_device,2,200.0,OTHER,RECRUITING,RANDOMIZED,True,NONE,0.0,False,False,PARALLEL,True,active,True,,,,,False,True,False,False,False,0,False,,False,False
NCT07077811,2025.0,2021-2026,NA,both,2,158.0,OTHER,ENROLLING_BY_INVITATION,RANDOMIZED,True,NONE,0.0,False,False,PARALLEL,True,active,True,,,,,False,True,False,False,False,0,False,NO,False,False
NCT06249347,2024.0,2021-2026,NA,proc_device,2,166.0,OTHER,RECRUITING,RANDOMIZED,True,SINGLE,1.0,True,False,PARALLEL,True,active,True,,,,,False,True,False,False,False,0,False,,False,False
NCT01703247,2008.0,<=2015,PHASE2,proc_device,2,264.0,NETWORK,COMPLETED,RANDOMIZED,True,DOUBLE,2.0,True,True,PARALLEL,True,active,True,,,,,False,True,False,False,False,0,False,,False,False
NCT01997736,2013.0,<=2015,NA,proc_device,1,41.0,INDUSTRY,COMPLETED,NA,False,NONE,0.0,False,False,SINGLE_GROUP,True,none/single-group,False,,,,,False,True,False,False,False,0,False,NO,False,True
NCT00392613,2005.0,<=2015,NA,proc_device,0,500.0,OTHER,COMPLETED,RANDOMIZED,True,NONE,0.0,False,False,PARALLEL,True,none/single-group,False,,,,,False,True,False,False,False,3,True,,False,
NCT02503280,2025.0,2021-2026,PHASE1;PHASE2,both,3,0.0,OTHER,WITHDRAWN,RANDOMIZED,True,SINGLE,1.0,True,False,PARALLEL,False,placebo/sham,True,,,,,False,True,True,False,False,0,False,UNDECIDED,False,False
NCT03276169,2017.0,2016-2020,NA,proc_device,3,105.0,OTHER,COMPLETED,RANDOMIZED,True,DOUBLE,2.0,True,True,PARALLEL,True,none/single-group,False,,,,,False,True,True,False,False,0,False,,False,
NCT02487654,2017.0,2016-2020,NA,proc_device,2,116.0,OTHER,ACTIVE_NOT_RECRUITING,RANDOMIZED,True,DOUBLE,2.0,True,True,PARALLEL,True,active,True,116.0,102.0,0.12068965517241381,True,False,True,False,True,False,1,True,,False,False
NCT05400928,2021.0,2021-2026,NA,proc_device,1,144.0,OTHER,UNKNOWN,NA,False,NONE,0.0,False,False,SINGLE_GROUP,True,none/single-group,False,,,,,False,True,False,False,False,0,False,NO,False,True
NCT04580914,2021.0,2021-2026,NA,proc_device,1,321.0,INDUSTRY,COMPLETED,NA,False,NONE,0.0,False,False,SINGLE_GROUP,True,none/single-group,False,299.0,291.0,0.026755852842809347,True,False,True,False,True,False,0,False,NO,False,True
NCT03446222,2016.0,2016-2020,NA,proc_device,2,0.0,OTHER,WITHDRAWN,RANDOMIZED,True,NONE,0.0,False,False,PARALLEL,False,active,True,,,,,False,True,False,False,False,0,False,NO,False,False
NCT01583075,2009.0,<=2015,NA,proc_device,2,80.0,OTHER,COMPLETED,RANDOMIZED,True,DOUBLE,2.0,True,True,PARALLEL,True,none/single-group,False,,,,,False,True,False,False,False,0,False,,False,False
NCT06299514,2024.0,2021-2026,NA,both,2,600.0,OTHER,RECRUITING,RANDOMIZED,True,SINGLE,1.0,True,False,PARALLEL,True,active,True,,,,,False,True,False,False,False,0,False,,False,True
NCT06156644,2025.0,2021-2026,NA,proc_device,1,50.0,OTHER,NOT_YET_RECRUITING,NA,False,NONE,0.0,False,False,SINGLE_GROUP,True,none/single-group,False,,,,,False,False,False,False,False,0,False,NO,False,True
NCT01711047,2010.0,<=2015,NA,proc_device,2,120.0,OTHER,COMPLETED,RANDOMIZED,True,NONE,0.0,False,False,PARALLEL,True,active,True,,,,,False,True,False,False,False,1,True,,False,True
NCT05854238,2023.0,2021-2026,NA,proc_device,1,4.0,INDUSTRY,TERMINATED,NA,False,NONE,0.0,False,False,SINGLE_GROUP,False,none/single-group,False,,,,,False,False,False,False,False,0,False,NO,False,False
NCT01122173,2013.0,<=2015,NA,proc_device,1,150.0,INDUSTRY,TERMINATED,NA,False,NONE,0.0,False,False,SINGLE_GROUP,True,none/single-group,False,150.0,141.0,0.06000000000000005,True,False,True,False,True,False,0,False,,False,True
NCT01015859,2006.0,<=2015,PHASE4,proc_device,2,370.0,OTHER,COMPLETED,RANDOMIZED,True,SINGLE,1.0,True,False,PARALLEL,True,active,True,,,,,True,True,False,False,False,0,False,,False,True
NCT06828939,2024.0,2021-2026,NA,proc_device,1,75.0,INDUSTRY,RECRUITING,NA,False,NONE,0.0,False,False,SINGLE_GROUP,True,none/single-group,False,,,,,False,True,False,False,False,1,True,NO,False,False
NCT03571789,2017.0,2016-2020,NA,proc_device,1,25.0,INDUSTRY,COMPLETED,NA,False,NONE,0.0,False,False,SINGLE_GROUP,False,none/single-group,False,,,,,False,False,False,False,False,1,True,NO,False,True
NCT02106663,2012.0,<=2015,NA,proc_device,2,97.0,OTHER,COMPLETED,RANDOMIZED,True,NONE,0.0,False,False,PARALLEL,True,active,True,,,,,False,True,False,False,False,0,False,NO,False,False
NCT01694563,2012.0,<=2015,NA,proc_device,1,365.0,INDUSTRY,COMPLETED,NA,False,NONE,0.0,False,False,SINGLE_GROUP,True,none/single-group,False,365.0,278.0,0.23835616438356166,False,False,True,False,True,False,0,False,NO,False,False
NCT07621432,2026.0,2021-2026,NA,proc_device,2,80.0,OTHER,NOT_YET_RECRUITING,RANDOMIZED,True,NONE,0.0,False,False,PARALLEL,True,placebo/sham,True,,,,,False,True,False,False,True,0,False,,False,True
NCT07063381,2025.0,2021-2026,NA,proc_device,2,60.0,OTHER_GOV,ENROLLING_BY_INVITATION,RANDOMIZED,True,TRIPLE,3.0,True,True,PARALLEL,True,placebo/sham,True,,,,,False,True,False,False,False,0,False,NO,False,False
NCT04662489,2022.0,2021-2026,NA,proc_device,2,244.0,OTHER,ACTIVE_NOT_RECRUITING,RANDOMIZED,True,NONE,0.0,False,False,PARALLEL,True,active,True,,,,,False,True,False,False,False,0,False,NO,False,True
NCT03274401,2017.0,2016-2020,NA,proc_device,2,90.0,OTHER,TERMINATED,RANDOMIZED,True,NONE,0.0,False,False,PARALLEL,True,active,True,,,,,False,False,False,False,False,0,False,NO,False,False
NCT05426603,2019.0,2016-2020,NA,proc_device,2,80.0,OTHER,UNKNOWN,RANDOMIZED,True,NONE,0.0,False,False,PARALLEL,True,none/single-group,False,,,,,False,False,False,False,True,0,False,NO,False,False
NCT04391504,2020.0,2016-2020,NA,proc_device,2,60.0,OTHER,COMPLETED,RANDOMIZED,True,DOUBLE,2.0,True,True,PARALLEL,True,none/single-group,False,,,,,False,True,False,False,False,1,True,,False,
NCT06529978,2024.0,2021-2026,NA,proc_device,3,245.0,INDUSTRY,RECRUITING,NON_RANDOMIZED,False,NONE,0.0,False,False,SEQUENTIAL,True,none/single-group,False,,,,,False,True,True,False,False,0,False,,False,False
NCT06058468,2024.0,2021-2026,NA,proc_device,2,160.0,OTHER,NOT_YET_RECRUITING,RANDOMIZED,True,NONE,0.0,False,False,PARALLEL,True,active,True,,,,,False,True,False,False,False,0,False,NO,False,False
NCT01791218,2012.0,<=2015,NA,proc_device,2,2.0,OTHER,TERMINATED,RANDOMIZED,True,SINGLE,1.0,True,False,PARALLEL,False,active,True,,,,,False,True,False,False,False,0,False,,False,True
NCT05418725,2022.0,2021-2026,NA,proc_device,2,83.0,OTHER,COMPLETED,RANDOMIZED,True,SINGLE,1.0,True,False,PARALLEL,True,active,True,,,,,False,True,False,False,False,0,False,UNDECIDED,False,True
NCT01898221,2013.0,<=2015,PHASE3,both,2,343.0,OTHER,COMPLETED,RANDOMIZED,True,SINGLE,1.0,True,False,PARALLEL,True,active,True,343.0,310.0,0.09620991253644318,True,True,True,False,True,False,1,True,NO,False,True
NCT00192972,2002.0,<=2015,NA,proc_device,0,100.0,OTHER,COMPLETED,RANDOMIZED,True,NONE,0.0,False,False,PARALLEL,True,none/single-group,False,,,,,False,False,False,False,False,0,False,,False,
NCT02923414,2016.0,2016-2020,NA,proc_device,2,276.0,OTHER,COMPLETED,RANDOMIZED,True,SINGLE,1.0,True,False,PARALLEL,True,active,True,,,,,False,True,False,False,False,0,False,NO,False,True
NCT02946853,2016.0,2016-2020,NA,proc_device,2,26.0,OTHER,COMPLETED,RANDOMIZED,True,SINGLE,1.0,True,False,PARALLEL,False,active,True,26.0,25.0,0.038461538461538436,True,False,True,False,True,False,1,True,NO,False,True
NCT06800781,2025.0,2021-2026,NA,proc_device,2,624.0,OTHER,RECRUITING,RANDOMIZED,True,SINGLE,1.0,True,False,PARALLEL,True,no-intervention,True,,,,,False,False,False,False,False,0,False,NO,False,True
NCT01088126,2010.0,<=2015,NA,proc_device,2,0.0,OTHER,WITHDRAWN,RANDOMIZED,True,NONE,0.0,False,False,PARALLEL,False,active,True,,,,,False,True,False,False,False,0,False,,False,
NCT07100834,2023.0,2021-2026,NA,proc_device,2,269.0,OTHER,COMPLETED,RANDOMIZED,True,SINGLE,1.0,True,False,PARALLEL,True,active,True,,,,,False,True,False,False,False,0,False,UNDECIDED,False,True
NCT06272981,2024.0,2021-2026,NA,proc_device,1,135.0,INDUSTRY,COMPLETED,NA,False,NONE,0.0,False,False,SINGLE_GROUP,True,none/single-group,False,,,,,False,True,False,False,False,0,False,YES,True,True
NCT01247974,2010.0,<=2015,NA,proc_device,2,439.0,INDUSTRY,COMPLETED,RANDOMIZED,True,SINGLE,1.0,True,False,PARALLEL,True,no-intervention,True,439.0,394.0,0.10250569476082005,True,False,False,False,True,False,0,False,,False,True
NCT01997905,2014.0,<=2015,PHASE1;PHASE2,proc_device,1,13.0,INDUSTRY,COMPLETED,NA,False,NONE,0.0,False,False,SINGLE_GROUP,False,none/single-group,False,13.0,10.0,0.23076923076923073,False,False,True,False,True,False,0,False,,False,False
NCT05988411,2023.0,2021-2026,NA,proc_device,2,250.0,OTHER,RECRUITING,RANDOMIZED,True,SINGLE,1.0,True,False,PARALLEL,True,active,True,,,,,False,True,False,False,False,0,False,NO,False,True
NCT03892824,2019.0,2016-2020,NA,proc_device,1,100.0,INDUSTRY,ACTIVE_NOT_RECRUITING,NA,False,NONE,0.0,False,False,SINGLE_GROUP,True,none/single-group,False,,,,,False,False,False,False,False,0,False,NO,False,True
NCT05055921,2022.0,2021-2026,NA,proc_device,1,6.0,INDUSTRY,TERMINATED,NA,False,NONE,0.0,False,False,SINGLE_GROUP,False,none/single-group,False,,,,,False,False,False,False,False,0,False,NO,False,False
NCT03533140,2015.0,<=2015,NA,proc_device,2,42.0,OTHER,UNKNOWN,RANDOMIZED,True,QUADRUPLE,4.0,True,True,PARALLEL,True,placebo/sham,True,,,,,False,False,False,False,False,0,False,NO,False,
NCT05550792,2018.0,2016-2020,NA,proc_device,2,200.0,OTHER_GOV,COMPLETED,NON_RANDOMIZED,False,NONE,0.0,False,False,PARALLEL,True,active,True,,,,,False,True,False,False,True,0,False,NO,False,True
NCT00769938,2008.0,<=2015,PHASE4,proc_device,2,573.0,OTHER,COMPLETED,RANDOMIZED,True,NONE,0.0,False,False,PARALLEL,True,active,True,,,,,True,True,False,False,False,3,True,,False,True
NCT03795298,2019.0,2016-2020,NA,both,2,1600.0,INDUSTRY,COMPLETED,RANDOMIZED,True,NONE,0.0,False,False,PARALLEL,True,active,True,1600.0,1393.0,0.12937500000000002,True,False,False,False,True,False,2,True,YES,True,True
NCT06676072,2024.0,2021-2026,NA,proc_device,1,188.0,INDUSTRY,COMPLETED,NA,False,NONE,0.0,False,False,SINGLE_GROUP,True,none/single-group,False,,,,,False,True,False,False,False,0,False,NO,False,True
NCT04898361,2020.0,2016-2020,NA,proc_device,2,50.0,OTHER,UNKNOWN,NON_RANDOMIZED,False,NONE,0.0,False,False,PARALLEL,True,active,True,,,,,False,True,False,False,False,0,False,NO,False,False
NCT05093868,2022.0,2021-2026,NA,proc_device,1,0.0,OTHER,WITHDRAWN,NA,False,NONE,0.0,False,False,SINGLE_GROUP,False,none/single-group,False,,,,,False,False,False,False,False,0,False,NO,False,False
NCT02513797,2015.0,<=2015,NA,proc_device,2,600.0,INDUSTRY,UNKNOWN,RANDOMIZED,True,NONE,0.0,False,False,PARALLEL,True,active,True,,,,,False,True,False,False,False,1,True,,False,True
NCT06866704,2025.0,2021-2026,NA,proc_device,2,154.0,OTHER,NOT_YET_RECRUITING,RANDOMIZED,True,NONE,0.0,False,False,PARALLEL,True,placebo/sham,True,,,,,False,True,False,False,True,0,False,NO,False,False
NCT05944575,2023.0,2021-2026,NA,proc_device,2,30.0,OTHER,UNKNOWN,RANDOMIZED,True,SINGLE,1.0,True,False,CROSSOVER,True,placebo/sham,True,,,,,False,True,False,False,False,0,False,NO,False,False
NCT00678340,2007.0,<=2015,PHASE4,proc_device,2,178.0,OTHER,COMPLETED,RANDOMIZED,True,SINGLE,1.0,True,False,PARALLEL,True,active,True,,,,,True,True,False,False,False,1,True,,False,True
NCT00911508,2009.0,<=2015,NA,both,2,2204.0,OTHER,COMPLETED,RANDOMIZED,True,NONE,0.0,False,False,PARALLEL,True,active,True,2204.0,1968.0,0.10707803992740472,True,False,True,False,True,False,20,True,,False,True
NCT03989726,2019.0,2016-2020,NA,proc_device,2,160.0,OTHER,UNKNOWN,NON_RANDOMIZED,False,NONE,0.0,False,False,PARALLEL,True,active,True,,,,,False,True,False,False,False,0,False,NO,False,False
NCT00448656,2006.0,<=2015,PHASE2,proc_device,0,15.0,OTHER,COMPLETED,NA,False,NONE,0.0,False,False,SINGLE_GROUP,False,none/single-group,False,,,,,False,True,False,False,False,1,True,,False,True
NCT05211453,2020.0,2016-2020,NA,proc_device,2,100.0,OTHER,UNKNOWN,RANDOMIZED,True,NONE,0.0,False,False,PARALLEL,True,active,True,,,,,False,True,False,False,False,0,False,NO,False,True
NCT07453940,2026.0,2021-2026,NA,proc_device,2,50.0,OTHER,ENROLLING_BY_INVITATION,RANDOMIZED,True,DOUBLE,2.0,True,True,PARALLEL,True,active,True,,,,,False,True,False,False,False,0,False,NO,False,True
NCT03377751,2018.0,2016-2020,NA,proc_device,3,20.0,OTHER,TERMINATED,RANDOMIZED,True,SINGLE,1.0,True,False,PARALLEL,False,active,True,,,,,False,True,True,False,False,0,False,NO,False,False
NCT00519194,2009.0,<=2015,NA,proc_device,1,112.0,INDUSTRY,TERMINATED,NA,False,NONE,0.0,False,False,SINGLE_GROUP,True,none/single-group,False,112.0,91.0,0.1875,True,False,True,False,True,False,0,False,,False,True
NCT00321282,2006.0,<=2015,PHASE2,proc_device,0,600.0,OTHER,TERMINATED,NON_RANDOMIZED,False,NONE,0.0,False,False,SINGLE_GROUP,True,none/single-group,False,,,,,False,True,False,False,False,0,False,,False,False
NCT05119231,2021.0,2021-2026,NA,proc_device,2,262.0,OTHER,ACTIVE_NOT_RECRUITING,RANDOMIZED,True,QUADRUPLE,4.0,True,True,PARALLEL,True,placebo/sham,True,,,,,False,True,False,False,False,0,False,YES,True,True
NCT07521800,2023.0,2021-2026,NA,proc_device,2,250.0,OTHER,RECRUITING,RANDOMIZED,True,NONE,0.0,False,False,CROSSOVER,True,active,True,,,,,False,True,False,False,False,0,False,UNDECIDED,False,False
NCT00246805,2006.0,<=2015,PHASE4,proc_device,2,67.0,INDUSTRY,COMPLETED,RANDOMIZED,True,DOUBLE,2.0,True,True,CROSSOVER,False,no-intervention,True,67.0,66.0,0.014925373134328401,True,True,True,False,True,False,0,False,,False,True
NCT06737848,2024.0,2021-2026,NA,proc_device,2,70.0,OTHER,NOT_YET_RECRUITING,RANDOMIZED,True,NONE,0.0,False,False,PARALLEL,True,active,True,,,,,False,False,False,False,False,0,False,NO,False,False
NCT01867060,2013.0,<=2015,PHASE3,proc_device,1,194.0,OTHER,COMPLETED,NA,False,NONE,0.0,False,False,SINGLE_GROUP,True,none/single-group,False,,,,,True,False,False,False,False,0,False,,False,True
NCT04577859,2022.0,2021-2026,NA,proc_device,2,152.0,INDUSTRY,COMPLETED,RANDOMIZED,True,TRIPLE,3.0,True,True,PARALLEL,True,active,True,,,,,False,False,False,False,False,0,False,NO,False,True
NCT03514693,2016.0,2016-2020,NA,proc_device,2,512.0,OTHER,UNKNOWN,RANDOMIZED,True,NONE,0.0,False,False,PARALLEL,True,placebo/sham,True,,,,,False,True,False,False,False,6,True,NO,False,True
NCT01432743,2007.0,<=2015,PHASE2,proc_device,2,101.0,OTHER,COMPLETED,RANDOMIZED,True,NONE,0.0,False,False,PARALLEL,True,active,True,,,,,False,True,False,False,False,1,True,,False,False
NCT04032678,2019.0,2016-2020,NA,proc_device,2,75.0,OTHER,COMPLETED,RANDOMIZED,True,NONE,0.0,False,False,PARALLEL,True,active,True,,,,,False,True,False,False,False,1,True,,False,True
NCT07462910,2026.0,2021-2026,NA,proc_device,1,250.0,OTHER,RECRUITING,NA,False,NONE,0.0,False,False,SINGLE_GROUP,True,none/single-group,False,,,,,False,False,False,False,False,0,False,NO,False,False
NCT06817148,2025.0,2021-2026,NA,proc_device,2,250.0,OTHER,RECRUITING,RANDOMIZED,True,NONE,0.0,False,False,PARALLEL,True,active,True,,,,,False,True,False,False,False,0,False,NO,False,
NCT00744874,2007.0,<=2015,PHASE4,proc_device,1,55.0,INDUSTRY,COMPLETED,NA,False,NONE,0.0,False,False,SINGLE_GROUP,False,none/single-group,False,55.0,51.0,0.07272727272727275,True,True,True,False,True,False,0,False,,False,False
NCT07236619,2025.0,2021-2026,NA,proc_device,1,20.0,OTHER,RECRUITING,NA,False,NONE,0.0,False,False,SINGLE_GROUP,False,none/single-group,False,,,,,False,True,False,False,False,0,False,NO,False,False
NCT01298986,2011.0,<=2015,EARLY_PHASE1,proc_device,4,0.0,OTHER,WITHDRAWN,RANDOMIZED,True,NONE,0.0,False,False,PARALLEL,False,active,True,,,,,False,True,True,False,False,0,False,,False,False
