nct,year,epoch,phase,int_class,n_arms,n_enroll,sponsor_class,overall_status,allocation,randomized,masking,masking_ord,blinded_any,blinded_double_plus,model,power_ok,comparator_kind,has_comparator,n_started,n_completed,attrition,low_attrition,pivotal,treatment,multiarm,has_results,has_result_ref,n_derived,has_derived,ipd,ipd_yes,dmc
NCT06151496,2024.0,2021-2026,NA,drug,2,300,OTHER,UNKNOWN,RANDOMIZED,True,SINGLE,1.0,True,False,PARALLEL,True,active,True,,,,,False,True,False,False,False,0,False,,False,
NCT07088146,2025.0,2021-2026,PHASE4,drug,2,110,OTHER,RECRUITING,RANDOMIZED,True,DOUBLE,2.0,True,True,PARALLEL,True,placebo/sham,True,,,,,True,False,False,False,True,0,False,NO,False,True
NCT05136040,2018.0,2016-2020,NA,drug,2,80,OTHER,COMPLETED,RANDOMIZED,True,DOUBLE,2.0,True,True,PARALLEL,True,active,True,,,,,False,False,False,False,False,0,False,,False,False
NCT06356948,2024.0,2021-2026,PHASE4,drug,2,110,OTHER,RECRUITING,RANDOMIZED,True,TRIPLE,3.0,True,True,PARALLEL,True,active,True,,,,,True,False,False,False,False,0,False,NO,False,True
NCT02197403,2013.0,<=2015,PHASE4,drug,4,110,OTHER,UNKNOWN,RANDOMIZED,True,SINGLE,1.0,True,False,PARALLEL,True,active,True,,,,,True,False,True,False,True,0,False,UNDECIDED,False,True
NCT00694343,2008.0,<=2015,PHASE4,drug,2,167,INDUSTRY,COMPLETED,RANDOMIZED,True,QUADRUPLE,4.0,True,True,PARALLEL,True,active,True,,,,,True,False,False,False,False,2,True,,False,False
NCT06133881,2023.0,2021-2026,PHASE4,drug,2,40,OTHER,COMPLETED,RANDOMIZED,True,QUADRUPLE,4.0,True,True,PARALLEL,False,active,True,,,,,True,False,False,False,False,0,False,UNDECIDED,False,
NCT06703580,2024.0,2021-2026,PHASE3,drug,3,150,OTHER,COMPLETED,RANDOMIZED,True,TRIPLE,3.0,True,True,SEQUENTIAL,True,active,True,,,,,True,False,True,False,False,0,False,YES,True,False
NCT02201784,2012.0,<=2015,PHASE4,drug,2,60,OTHER,COMPLETED,RANDOMIZED,True,DOUBLE,2.0,True,True,PARALLEL,False,active,True,60.0,58.0,0.033333333333333326,True,True,True,False,True,False,0,False,,False,True
NCT03165123,2019.0,2016-2020,PHASE4,drug,2,160,OTHER,UNKNOWN,RANDOMIZED,True,QUADRUPLE,4.0,True,True,PARALLEL,True,placebo/sham,True,,,,,True,True,False,False,True,1,True,NO,False,False
NCT07379710,2026.0,2021-2026,PHASE4,drug,2,260,OTHER,NOT_YET_RECRUITING,RANDOMIZED,True,TRIPLE,3.0,True,True,PARALLEL,True,active,True,,,,,True,False,False,False,False,0,False,NO,False,
NCT01675895,2009.0,<=2015,PHASE4,drug,2,40,OTHER,COMPLETED,RANDOMIZED,True,DOUBLE,2.0,True,True,PARALLEL,False,active,True,,,,,True,True,False,False,False,0,False,,False,False
NCT06668337,2020.0,2016-2020,PHASE4,drug,3,120,OTHER,COMPLETED,RANDOMIZED,True,TRIPLE,3.0,True,True,PARALLEL,True,placebo/sham,True,,,,,True,True,True,False,False,0,False,YES,True,True
NCT01896960,2013.0,<=2015,PHASE2,drug,2,40,OTHER,UNKNOWN,RANDOMIZED,True,QUADRUPLE,4.0,True,True,PARALLEL,False,active,True,,,,,False,False,False,False,False,1,True,,False,False
NCT02565303,2015.0,<=2015,NA,both,2,60,OTHER,COMPLETED,RANDOMIZED,True,DOUBLE,2.0,True,True,PARALLEL,True,none/single-group,False,,,,,False,True,False,False,False,0,False,,False,False
NCT02802683,2015.0,<=2015,PHASE4,drug,4,72,OTHER,COMPLETED,RANDOMIZED,True,DOUBLE,2.0,True,True,PARALLEL,False,placebo/sham,True,,,,,True,False,True,False,False,0,False,,False,
NCT03883763,2022.0,2021-2026,PHASE3,drug,2,120,INDUSTRY,UNKNOWN,RANDOMIZED,True,TRIPLE,3.0,True,True,PARALLEL,True,active,True,,,,,True,True,False,False,False,0,False,NO,False,False
NCT05877690,2023.0,2021-2026,NA,drug,2,80,OTHER,UNKNOWN,RANDOMIZED,True,SINGLE,1.0,True,False,PARALLEL,True,none/single-group,False,,,,,False,False,False,False,False,0,False,NO,False,
NCT05712018,2023.0,2021-2026,NA,drug,3,90,OTHER,COMPLETED,RANDOMIZED,True,DOUBLE,2.0,True,True,PARALLEL,True,none/single-group,False,,,,,False,True,True,False,False,0,False,,False,
NCT03018301,2017.0,2016-2020,PHASE2,drug,2,80,OTHER,UNKNOWN,RANDOMIZED,True,DOUBLE,2.0,True,True,PARALLEL,True,placebo/sham,True,,,,,False,True,False,False,False,0,False,YES,True,False
NCT05897151,2023.0,2021-2026,PHASE4,drug,2,110,OTHER,UNKNOWN,RANDOMIZED,True,NONE,0.0,False,False,PARALLEL,True,active,True,,,,,True,True,False,False,False,0,False,YES,True,False
NCT03107598,2016.0,2016-2020,NA,drug,2,127,OTHER,TERMINATED,RANDOMIZED,True,SINGLE,1.0,True,False,PARALLEL,True,placebo/sham,True,,,,,False,False,False,False,False,0,False,NO,False,False
NCT04266145,2020.0,2016-2020,NA,drug,2,56,OTHER,COMPLETED,RANDOMIZED,True,DOUBLE,2.0,True,True,PARALLEL,True,active,True,,,,,False,False,False,False,False,0,False,,False,False
NCT06574555,2025.0,2021-2026,PHASE4,drug,2,60,OTHER,COMPLETED,RANDOMIZED,True,TRIPLE,3.0,True,True,SEQUENTIAL,False,none/single-group,False,,,,,True,False,False,False,True,0,False,YES,True,True
NCT03007121,2017.0,2016-2020,PHASE4,drug,3,75,OTHER,COMPLETED,RANDOMIZED,True,NONE,0.0,False,False,PARALLEL,False,active,True,,,,,True,True,True,False,False,0,False,NO,False,False
NCT04717102,2021.0,2021-2026,PHASE4,drug,2,34,OTHER,COMPLETED,RANDOMIZED,True,DOUBLE,2.0,True,True,PARALLEL,False,active,True,,,,,True,True,False,False,False,0,False,NO,False,False
NCT05935657,2023.0,2021-2026,NA,drug,2,72,OTHER,UNKNOWN,RANDOMIZED,True,DOUBLE,2.0,True,True,PARALLEL,True,active,True,,,,,False,False,False,False,False,0,False,,False,
NCT06702202,2024.0,2021-2026,NA,drug,2,16,OTHER,COMPLETED,RANDOMIZED,True,SINGLE,1.0,True,False,PARALLEL,False,none/single-group,False,,,,,False,True,False,False,False,0,False,NO,False,False
NCT07144215,2025.0,2021-2026,NA,drug,4,40,OTHER,COMPLETED,NON_RANDOMIZED,False,TRIPLE,3.0,True,True,SEQUENTIAL,True,none/single-group,False,,,,,False,True,True,False,False,0,False,NO,False,False
NCT00808665,2009.0,<=2015,PHASE4,drug,2,68,OTHER,COMPLETED,RANDOMIZED,True,QUADRUPLE,4.0,True,True,PARALLEL,False,placebo/sham,True,63.0,54.0,0.1428571428571429,True,True,True,False,True,False,0,False,UNDECIDED,False,True
NCT03470363,2016.0,2016-2020,NA,drug,2,40,OTHER,COMPLETED,NON_RANDOMIZED,False,NONE,0.0,False,False,PARALLEL,True,active,True,,,,,False,False,False,False,False,0,False,NO,False,False
NCT07077265,2025.0,2021-2026,NA,drug,2,84,OTHER,COMPLETED,RANDOMIZED,True,QUADRUPLE,4.0,True,True,PARALLEL,True,active,True,,,,,False,False,False,False,False,0,False,YES,True,False
NCT05446727,2022.0,2021-2026,NA,drug,2,100,OTHER,COMPLETED,RANDOMIZED,True,SINGLE,1.0,True,False,PARALLEL,True,none/single-group,False,,,,,False,True,False,False,False,1,True,NO,False,True
NCT01990573,2013.0,<=2015,NA,drug,3,51,OTHER,COMPLETED,RANDOMIZED,True,NONE,0.0,False,False,PARALLEL,True,active,True,51.0,50.0,0.019607843137254943,True,False,True,True,True,False,0,False,NO,False,False
NCT03675555,2018.0,2016-2020,PHASE4,drug,3,300,OTHER,COMPLETED,RANDOMIZED,True,DOUBLE,2.0,True,True,PARALLEL,True,placebo/sham,True,,,,,True,False,True,False,False,1,True,,False,
NCT06711913,2023.0,2021-2026,PHASE2,drug,2,60,OTHER,COMPLETED,RANDOMIZED,True,QUADRUPLE,4.0,True,True,PARALLEL,True,placebo/sham,True,,,,,False,True,False,False,False,0,False,NO,False,True
NCT02962986,2017.0,2016-2020,NA,drug,2,112,OTHER,COMPLETED,RANDOMIZED,True,QUADRUPLE,4.0,True,True,PARALLEL,True,active,True,,,,,False,True,False,False,False,0,False,NO,False,False
NCT03240055,2017.0,2016-2020,NA,drug,2,54,OTHER,COMPLETED,RANDOMIZED,True,TRIPLE,3.0,True,True,PARALLEL,True,placebo/sham,True,,,,,False,False,False,False,False,0,False,NO,False,True
NCT05552404,2022.0,2021-2026,PHASE4,both,3,75,OTHER,COMPLETED,RANDOMIZED,True,QUADRUPLE,4.0,True,True,PARALLEL,False,active,True,,,,,True,True,True,False,False,0,False,,False,
NCT04358367,2019.0,2016-2020,PHASE3,drug,2,70,NETWORK,COMPLETED,RANDOMIZED,True,TRIPLE,3.0,True,True,PARALLEL,False,placebo/sham,True,,,,,True,False,False,False,False,0,False,NO,False,False
NCT06558695,2023.0,2021-2026,NA,drug,2,52,OTHER,COMPLETED,RANDOMIZED,True,DOUBLE,2.0,True,True,PARALLEL,True,active,True,,,,,False,False,False,False,False,0,False,NO,False,False
NCT06091657,2024.0,2021-2026,NA,drug,2,110,OTHER,COMPLETED,RANDOMIZED,True,QUADRUPLE,4.0,True,True,PARALLEL,True,active,True,,,,,False,False,False,False,False,0,False,,False,
NCT06048874,2023.0,2021-2026,NA,both,2,100,OTHER,NOT_YET_RECRUITING,RANDOMIZED,True,DOUBLE,2.0,True,True,PARALLEL,True,placebo/sham,True,,,,,False,False,False,False,False,0,False,,False,True
NCT00996190,2009.0,<=2015,PHASE4,drug,2,60,OTHER,COMPLETED,RANDOMIZED,True,QUADRUPLE,4.0,True,True,PARALLEL,False,active,True,,,,,True,True,False,False,False,0,False,,False,False
NCT06165679,2023.0,2021-2026,PHASE3,drug,2,112,OTHER,COMPLETED,RANDOMIZED,True,DOUBLE,2.0,True,True,PARALLEL,True,active,True,,,,,True,False,False,False,False,0,False,,False,False
NCT07376798,2026.0,2021-2026,NA,drug,4,100,OTHER_GOV,NOT_YET_RECRUITING,RANDOMIZED,True,SINGLE,1.0,True,False,FACTORIAL,True,active,True,,,,,False,True,True,False,False,0,False,NO,False,False
NCT05548985,2022.0,2021-2026,NA,drug,2,58,OTHER,COMPLETED,RANDOMIZED,True,QUADRUPLE,4.0,True,True,PARALLEL,True,placebo/sham,True,,,,,False,False,False,False,False,1,True,NO,False,False
NCT04191694,2019.0,2016-2020,NA,drug,2,284,OTHER,UNKNOWN,RANDOMIZED,True,SINGLE,1.0,True,False,PARALLEL,True,active,True,,,,,False,False,False,False,False,1,True,NO,False,False
NCT03263689,2014.0,<=2015,PHASE3,drug,2,130,OTHER,COMPLETED,RANDOMIZED,True,SINGLE,1.0,True,False,PARALLEL,True,active,True,,,,,True,True,False,False,False,0,False,UNDECIDED,False,False
NCT06917898,2025.0,2021-2026,PHASE1,drug,2,80,OTHER,ACTIVE_NOT_RECRUITING,RANDOMIZED,True,DOUBLE,2.0,True,True,PARALLEL,True,active,True,,,,,False,True,False,False,True,0,False,NO,False,True
NCT07050277,2025.0,2021-2026,PHASE3,drug,2,50,OTHER,RECRUITING,RANDOMIZED,True,QUADRUPLE,4.0,True,True,PARALLEL,False,active,True,,,,,True,False,False,False,False,0,False,YES,True,False
NCT01278238,2010.0,<=2015,NA,both,3,120,OTHER,COMPLETED,RANDOMIZED,True,QUADRUPLE,4.0,True,True,PARALLEL,True,placebo/sham,True,,,,,False,True,True,False,False,0,False,,False,False
NCT00358280,2006.0,<=2015,PHASE3,drug,0,220,INDUSTRY,COMPLETED,RANDOMIZED,True,DOUBLE,2.0,True,True,PARALLEL,True,none/single-group,False,,,,,True,True,False,False,False,0,False,,False,
NCT01719705,2012.0,<=2015,PHASE1,drug,3,135,OTHER,COMPLETED,RANDOMIZED,True,QUADRUPLE,4.0,True,True,PARALLEL,True,placebo/sham,True,,,,,False,True,True,False,False,0,False,,False,True
NCT06367660,2024.0,2021-2026,PHASE4,drug,2,168,OTHER,UNKNOWN,RANDOMIZED,True,DOUBLE,2.0,True,True,SEQUENTIAL,True,active,True,,,,,True,True,False,False,False,1,True,NO,False,False
NCT04891458,2021.0,2021-2026,NA,drug,4,160,OTHER,UNKNOWN,RANDOMIZED,True,DOUBLE,2.0,True,True,PARALLEL,True,none/single-group,False,,,,,False,True,True,False,False,0,False,,False,True
NCT04069169,2019.0,2016-2020,PHASE3,drug,2,48,OTHER,COMPLETED,RANDOMIZED,True,QUADRUPLE,4.0,True,True,PARALLEL,False,placebo/sham,True,,,,,True,False,False,False,False,1,True,NO,False,True
NCT03967288,2019.0,2016-2020,PHASE4,drug,2,27,OTHER,SUSPENDED,RANDOMIZED,True,QUADRUPLE,4.0,True,True,PARALLEL,False,active,True,,,,,True,True,False,False,False,0,False,NO,False,False
NCT03862287,2018.0,2016-2020,NA,drug,2,160,OTHER,UNKNOWN,RANDOMIZED,True,DOUBLE,2.0,True,True,PARALLEL,True,active,True,,,,,False,True,False,False,False,0,False,YES,True,False
NCT06577155,2024.0,2021-2026,PHASE2,drug,2,60,OTHER_GOV,COMPLETED,RANDOMIZED,True,TRIPLE,3.0,True,True,PARALLEL,True,active,True,,,,,False,True,False,False,False,0,False,NO,False,False
NCT03110003,2016.0,2016-2020,PHASE3,drug,2,45,OTHER,COMPLETED,RANDOMIZED,True,NONE,0.0,False,False,PARALLEL,False,active,True,45.0,45.0,0.0,True,True,False,False,True,False,0,False,NO,False,True
NCT03931863,2019.0,2016-2020,PHASE3,drug,3,180,OTHER,UNKNOWN,RANDOMIZED,True,QUADRUPLE,4.0,True,True,PARALLEL,True,placebo/sham,True,,,,,True,False,True,False,False,0,False,,False,
NCT06745986,2017.0,2016-2020,PHASE4,drug,2,84,OTHER,COMPLETED,RANDOMIZED,True,QUADRUPLE,4.0,True,True,PARALLEL,False,active,True,,,,,True,True,False,False,False,0,False,YES,True,False
NCT04759742,2021.0,2021-2026,EARLY_PHASE1,drug,1,115,OTHER,COMPLETED,NA,False,NONE,0.0,False,False,SINGLE_GROUP,True,none/single-group,False,,,,,False,True,False,False,False,0,False,,False,False
NCT02966249,2016.0,2016-2020,PHASE4,drug,6,90,OTHER,UNKNOWN,RANDOMIZED,True,DOUBLE,2.0,True,True,FACTORIAL,False,placebo/sham,True,,,,,True,True,True,False,False,0,False,NO,False,False
NCT00788008,2008.0,<=2015,NA,drug,2,200,OTHER,COMPLETED,RANDOMIZED,True,NONE,0.0,False,False,PARALLEL,True,active,True,199.0,199.0,0.0,True,False,True,False,True,False,0,False,,False,True
NCT05853744,2023.0,2021-2026,PHASE4,drug,3,90,OTHER,COMPLETED,RANDOMIZED,True,QUADRUPLE,4.0,True,True,PARALLEL,False,placebo/sham,True,,,,,True,False,True,False,False,0,False,NO,False,False
NCT06031090,2023.0,2021-2026,PHASE2,drug,3,186,OTHER_GOV,UNKNOWN,RANDOMIZED,True,TRIPLE,3.0,True,True,PARALLEL,True,placebo/sham,True,,,,,False,False,True,False,False,0,False,,False,
NCT03038958,2016.0,2016-2020,PHASE4,drug,2,80,OTHER,COMPLETED,RANDOMIZED,True,DOUBLE,2.0,True,True,PARALLEL,False,active,True,,,,,True,True,False,False,False,0,False,NO,False,False
NCT04367103,2021.0,2021-2026,NA,drug,2,180,OTHER,COMPLETED,RANDOMIZED,True,TRIPLE,3.0,True,True,PARALLEL,True,placebo/sham,True,,,,,False,False,False,False,False,0,False,,False,False
NCT02521831,2015.0,<=2015,PHASE3,drug,2,0,OTHER,WITHDRAWN,RANDOMIZED,True,QUADRUPLE,4.0,True,True,PARALLEL,False,active,True,,,,,True,True,False,False,False,0,False,,False,False
NCT03365115,2018.0,2016-2020,NA,drug,3,111,OTHER,UNKNOWN,RANDOMIZED,True,TRIPLE,3.0,True,True,PARALLEL,True,active,True,,,,,False,False,True,False,False,1,True,,False,True
NCT07556614,2025.0,2021-2026,PHASE4,drug,2,132,OTHER,COMPLETED,RANDOMIZED,True,DOUBLE,2.0,True,True,PARALLEL,True,no-intervention,True,,,,,True,True,False,False,False,0,False,NO,False,True
NCT07087925,2025.0,2021-2026,NA,drug,2,40,OTHER,COMPLETED,RANDOMIZED,True,QUADRUPLE,4.0,True,True,PARALLEL,True,active,True,,,,,False,True,False,False,False,0,False,YES,True,False
NCT01593280,2012.0,<=2015,NA,both,2,80,OTHER,UNKNOWN,RANDOMIZED,True,NONE,0.0,False,False,PARALLEL,True,active,True,,,,,False,True,False,False,False,0,False,,False,True
NCT06076707,2023.0,2021-2026,PHASE4,drug,3,163,OTHER,UNKNOWN,RANDOMIZED,True,DOUBLE,2.0,True,True,PARALLEL,True,placebo/sham,True,,,,,True,True,True,False,False,0,False,UNDECIDED,False,False
NCT07326397,2026.0,2021-2026,PHASE3,drug,2,92,OTHER,NOT_YET_RECRUITING,RANDOMIZED,True,TRIPLE,3.0,True,True,PARALLEL,False,active,True,,,,,True,False,False,False,False,0,False,,False,
NCT02534623,2015.0,<=2015,NA,both,2,70,OTHER,UNKNOWN,RANDOMIZED,True,SINGLE,1.0,True,False,PARALLEL,True,active,True,,,,,False,True,False,False,False,0,False,,False,False
NCT04037774,2019.0,2016-2020,PHASE4,drug,3,75,OTHER_GOV,UNKNOWN,RANDOMIZED,True,SINGLE,1.0,True,False,PARALLEL,False,placebo/sham,True,,,,,True,False,True,False,False,0,False,NO,False,False
NCT03849508,2019.0,2016-2020,PHASE4,drug,2,124,OTHER,COMPLETED,RANDOMIZED,True,QUADRUPLE,4.0,True,True,PARALLEL,True,active,True,,,,,True,False,False,False,False,1,True,NO,False,False
NCT05875077,2022.0,2021-2026,NA,drug,2,45,OTHER,UNKNOWN,RANDOMIZED,True,QUADRUPLE,4.0,True,True,PARALLEL,True,none/single-group,False,,,,,False,False,False,False,False,0,False,NO,False,True
NCT04623632,2020.0,2016-2020,PHASE2,drug,2,60,OTHER,COMPLETED,RANDOMIZED,True,DOUBLE,2.0,True,True,PARALLEL,True,placebo/sham,True,,,,,False,False,False,False,False,0,False,NO,False,True
NCT03324984,2019.0,2016-2020,PHASE2,drug,2,110,OTHER,COMPLETED,RANDOMIZED,True,TRIPLE,3.0,True,True,PARALLEL,True,active,True,110.0,105.0,0.045454545454545414,True,False,True,False,True,True,0,False,NO,False,True
NCT05730920,2022.0,2021-2026,PHASE4,drug,2,30,OTHER,COMPLETED,RANDOMIZED,True,DOUBLE,2.0,True,True,PARALLEL,False,active,True,,,,,True,True,False,False,False,0,False,NO,False,False
NCT04195321,2020.0,2016-2020,PHASE4,drug,2,62,OTHER,COMPLETED,RANDOMIZED,True,QUADRUPLE,4.0,True,True,PARALLEL,False,active,True,,,,,True,False,False,False,False,0,False,UNDECIDED,False,False
NCT07684989,2026.0,2021-2026,PHASE4,drug,2,180,OTHER,NOT_YET_RECRUITING,RANDOMIZED,True,DOUBLE,2.0,True,True,PARALLEL,True,active,True,,,,,True,True,False,False,False,0,False,NO,False,False
NCT00846651,2009.0,<=2015,PHASE4,drug,2,82,OTHER,COMPLETED,RANDOMIZED,True,NONE,0.0,False,False,PARALLEL,False,active,True,82.0,74.0,0.09756097560975607,True,True,True,False,True,False,0,False,,False,False
NCT02764723,2013.0,<=2015,NA,drug,2,52,OTHER,COMPLETED,RANDOMIZED,True,NONE,0.0,False,False,PARALLEL,True,active,True,,,,,False,True,False,False,False,0,False,YES,True,False
NCT07096635,2025.0,2021-2026,NA,drug,2,50,OTHER,NOT_YET_RECRUITING,RANDOMIZED,True,QUADRUPLE,4.0,True,True,PARALLEL,True,placebo/sham,True,,,,,False,False,False,False,False,0,False,,False,False
NCT06155903,2023.0,2021-2026,NA,both,2,78,OTHER,COMPLETED,RANDOMIZED,True,TRIPLE,3.0,True,True,PARALLEL,True,active,True,,,,,False,True,False,False,False,1,True,UNDECIDED,False,True
NCT03629522,2017.0,2016-2020,PHASE4,drug,2,100,OTHER,COMPLETED,RANDOMIZED,True,TRIPLE,3.0,True,True,PARALLEL,True,placebo/sham,True,,,,,True,False,False,False,False,0,False,NO,False,False
NCT07055828,2025.0,2021-2026,NA,drug,3,120,OTHER,ACTIVE_NOT_RECRUITING,RANDOMIZED,True,SINGLE,1.0,True,False,PARALLEL,True,placebo/sham,True,,,,,False,False,True,False,False,0,False,,False,
NCT03587441,2018.0,2016-2020,PHASE4,drug,2,240,OTHER,COMPLETED,RANDOMIZED,True,QUADRUPLE,4.0,True,True,PARALLEL,True,placebo/sham,True,,,,,True,False,False,False,False,0,False,NO,False,
NCT03984526,2019.0,2016-2020,PHASE4,drug,3,102,OTHER,COMPLETED,RANDOMIZED,True,DOUBLE,2.0,True,True,PARALLEL,True,placebo/sham,True,,,,,True,False,True,False,False,0,False,,False,
NCT03211728,2017.0,2016-2020,NA,drug,2,96,OTHER,COMPLETED,RANDOMIZED,True,QUADRUPLE,4.0,True,True,PARALLEL,True,placebo/sham,True,,,,,False,False,False,False,False,0,False,NO,False,False
NCT06498076,2024.0,2021-2026,NA,drug,2,196,OTHER,COMPLETED,RANDOMIZED,True,TRIPLE,3.0,True,True,PARALLEL,True,active,True,,,,,False,True,False,False,True,0,False,NO,False,False
NCT06300346,2024.0,2021-2026,NA,drug,3,90,OTHER,UNKNOWN,RANDOMIZED,True,NONE,0.0,False,False,PARALLEL,True,active,True,,,,,False,False,True,False,False,0,False,UNDECIDED,False,False
NCT06513806,2024.0,2021-2026,PHASE4,drug,2,330,OTHER,COMPLETED,RANDOMIZED,True,DOUBLE,2.0,True,True,PARALLEL,True,active,True,,,,,True,True,False,False,False,0,False,NO,False,
NCT01216410,2008.0,<=2015,NA,drug,3,306,OTHER,COMPLETED,RANDOMIZED,True,QUADRUPLE,4.0,True,True,PARALLEL,True,placebo/sham,True,306.0,300.0,0.019607843137254943,True,False,False,True,True,False,1,True,,False,False
NCT06988982,2025.0,2021-2026,NA,drug,2,70,OTHER_GOV,COMPLETED,RANDOMIZED,True,TRIPLE,3.0,True,True,PARALLEL,True,placebo/sham,True,,,,,False,False,False,False,False,0,False,YES,True,False
NCT03535792,2017.0,2016-2020,NA,drug,2,50,OTHER,COMPLETED,RANDOMIZED,True,TRIPLE,3.0,True,True,PARALLEL,True,active,True,,,,,False,True,False,False,False,0,False,,False,False
NCT00379691,2006.0,<=2015,NA,drug,0,50,OTHER,COMPLETED,RANDOMIZED,True,DOUBLE,2.0,True,True,SINGLE_GROUP,True,none/single-group,False,,,,,False,False,False,False,False,0,False,,False,False
NCT04396548,2020.0,2016-2020,NA,drug,2,70,OTHER,COMPLETED,RANDOMIZED,True,DOUBLE,2.0,True,True,PARALLEL,True,placebo/sham,True,,,,,False,True,False,False,False,1,True,UNDECIDED,False,
NCT01224470,2010.0,<=2015,NA,drug,2,51,OTHER,COMPLETED,RANDOMIZED,True,QUADRUPLE,4.0,True,True,PARALLEL,True,placebo/sham,True,,,,,False,False,False,False,False,1,True,,False,False
NCT05535036,2020.0,2016-2020,NA,drug,2,84,OTHER,COMPLETED,RANDOMIZED,True,TRIPLE,3.0,True,True,PARALLEL,True,placebo/sham,True,,,,,False,False,False,False,False,0,False,NO,False,False
NCT03305575,2017.0,2016-2020,PHASE4,drug,2,10,OTHER,COMPLETED,RANDOMIZED,True,TRIPLE,3.0,True,True,PARALLEL,False,active,True,10.0,9.0,0.09999999999999998,True,True,True,False,True,False,0,False,NO,False,False
NCT02690506,2016.0,2016-2020,NA,drug,2,44,OTHER,COMPLETED,RANDOMIZED,True,QUADRUPLE,4.0,True,True,PARALLEL,True,placebo/sham,True,,,,,False,False,False,False,False,0,False,,False,
NCT05041270,2021.0,2021-2026,NA,drug,3,23,OTHER_GOV,COMPLETED,RANDOMIZED,True,TRIPLE,3.0,True,True,PARALLEL,False,placebo/sham,True,,,,,False,True,True,False,False,1,True,YES,True,
NCT06625606,2024.0,2021-2026,NA,drug,3,105,OTHER,COMPLETED,RANDOMIZED,True,SINGLE,1.0,True,False,PARALLEL,True,active,True,,,,,False,True,True,False,False,0,False,,False,
NCT07584200,2026.0,2021-2026,NA,both,3,90,OTHER,NOT_YET_RECRUITING,RANDOMIZED,True,NONE,0.0,False,False,PARALLEL,True,active,True,,,,,False,True,True,False,False,0,False,,False,False
NCT07631091,2026.0,2021-2026,PHASE4,drug,2,176,OTHER,NOT_YET_RECRUITING,RANDOMIZED,True,TRIPLE,3.0,True,True,PARALLEL,True,active,True,,,,,True,True,False,False,False,0,False,NO,False,False
NCT07153601,2025.0,2021-2026,NA,drug,2,46,OTHER,COMPLETED,RANDOMIZED,True,QUADRUPLE,4.0,True,True,PARALLEL,True,none/single-group,False,,,,,False,True,False,False,False,0,False,UNDECIDED,False,True
NCT01669213,2012.0,<=2015,NA,drug,4,100,OTHER,UNKNOWN,RANDOMIZED,True,NONE,0.0,False,False,FACTORIAL,True,placebo/sham,True,,,,,False,False,True,False,False,0,False,,False,
NCT06233032,2024.0,2021-2026,NA,drug,2,200,OTHER,UNKNOWN,RANDOMIZED,True,SINGLE,1.0,True,False,PARALLEL,True,none/single-group,False,,,,,False,False,False,False,False,0,False,NO,False,True
NCT02542748,2015.0,<=2015,NA,drug,2,66,OTHER,COMPLETED,RANDOMIZED,True,QUADRUPLE,4.0,True,True,PARALLEL,True,none/single-group,False,,,,,False,True,False,False,False,1,True,,False,True
NCT02671227,2016.0,2016-2020,PHASE2,drug,2,50,OTHER,COMPLETED,RANDOMIZED,True,DOUBLE,2.0,True,True,PARALLEL,True,active,True,,,,,False,True,False,False,False,0,False,YES,True,True
NCT05317572,2017.0,2016-2020,NA,drug,3,150,OTHER,COMPLETED,RANDOMIZED,True,DOUBLE,2.0,True,True,PARALLEL,True,active,True,,,,,False,False,True,False,True,0,False,,False,False
NCT00671931,2007.0,<=2015,PHASE1,drug,5,44,OTHER,COMPLETED,RANDOMIZED,True,NONE,0.0,False,False,FACTORIAL,True,active,True,44.0,40.0,0.09090909090909094,True,False,False,True,True,True,0,False,,False,True
NCT05062356,2021.0,2021-2026,PHASE1,drug,4,240,OTHER,COMPLETED,RANDOMIZED,True,QUADRUPLE,4.0,True,True,PARALLEL,True,placebo/sham,True,,,,,False,True,True,False,False,0,False,,False,
NCT04394533,2021.0,2021-2026,PHASE4,drug,2,129,OTHER,COMPLETED,RANDOMIZED,True,QUADRUPLE,4.0,True,True,PARALLEL,True,active,True,,,,,True,True,False,False,False,0,False,NO,False,False
NCT07678073,2026.0,2021-2026,NA,drug,2,68,OTHER,RECRUITING,NON_RANDOMIZED,False,SINGLE,1.0,True,False,PARALLEL,True,active,True,,,,,False,False,False,False,False,0,False,NO,False,False
NCT07516717,2023.0,2021-2026,PHASE4,drug,2,240,OTHER,COMPLETED,RANDOMIZED,True,DOUBLE,2.0,True,True,PARALLEL,True,none/single-group,False,,,,,True,True,False,False,False,0,False,UNDECIDED,False,False
NCT00845962,2009.0,<=2015,NA,drug,2,106,OTHER,COMPLETED,RANDOMIZED,True,DOUBLE,2.0,True,True,PARALLEL,True,active,True,,,,,False,True,False,False,False,1,True,,False,False
NCT02322372,2014.0,<=2015,PHASE4,drug,2,50,OTHER,COMPLETED,RANDOMIZED,True,SINGLE,1.0,True,False,CROSSOVER,False,active,True,,,,,True,True,False,False,False,1,True,,False,False
NCT07449468,2026.0,2021-2026,NA,drug,2,180,OTHER,RECRUITING,RANDOMIZED,True,QUADRUPLE,4.0,True,True,PARALLEL,True,placebo/sham,True,,,,,False,True,False,False,False,0,False,YES,True,False
NCT02136641,2011.0,<=2015,PHASE4,drug,3,75,OTHER,COMPLETED,RANDOMIZED,True,SINGLE,1.0,True,False,PARALLEL,False,active,True,,,,,True,False,True,False,False,0,False,,False,True
NCT02428257,2015.0,<=2015,NA,both,2,120,OTHER,UNKNOWN,RANDOMIZED,True,DOUBLE,2.0,True,True,PARALLEL,True,active,True,,,,,False,False,False,False,True,0,False,,False,
NCT06014957,2023.0,2021-2026,NA,drug,2,60,OTHER,UNKNOWN,RANDOMIZED,True,QUADRUPLE,4.0,True,True,PARALLEL,True,none/single-group,False,,,,,False,True,False,False,False,0,False,NO,False,False
NCT06627816,2025.0,2021-2026,NA,drug,3,240,OTHER,COMPLETED,RANDOMIZED,True,QUADRUPLE,4.0,True,True,PARALLEL,True,active,True,,,,,False,False,True,False,False,1,True,,False,
NCT04307290,2020.0,2016-2020,PHASE4,drug,2,80,OTHER,COMPLETED,RANDOMIZED,True,DOUBLE,2.0,True,True,PARALLEL,False,placebo/sham,True,,,,,True,True,False,False,False,0,False,NO,False,False
NCT07114263,2025.0,2021-2026,NA,drug,3,60,OTHER,NOT_YET_RECRUITING,RANDOMIZED,True,TRIPLE,3.0,True,True,PARALLEL,True,none/single-group,False,,,,,False,False,True,False,False,0,False,YES,True,False
NCT06050044,2022.0,2021-2026,NA,drug,2,50,OTHER,COMPLETED,RANDOMIZED,True,DOUBLE,2.0,True,True,PARALLEL,True,none/single-group,False,,,,,False,True,False,False,False,0,False,YES,True,False
NCT00151346,2003.0,<=2015,PHASE4,drug,2,127,OTHER,COMPLETED,RANDOMIZED,True,SINGLE,1.0,True,False,PARALLEL,True,active,True,,,,,True,True,False,False,False,0,False,,False,False
NCT02441673,2018.0,2016-2020,PHASE2,drug,2,130,OTHER,UNKNOWN,RANDOMIZED,True,TRIPLE,3.0,True,True,PARALLEL,True,active,True,,,,,False,False,False,False,False,0,False,,False,False
NCT05834647,2023.0,2021-2026,PHASE4,drug,2,45,OTHER,UNKNOWN,RANDOMIZED,True,DOUBLE,2.0,True,True,PARALLEL,False,active,True,,,,,True,False,False,False,True,0,False,NO,False,False
NCT04612998,2017.0,2016-2020,NA,drug,2,100,OTHER,COMPLETED,RANDOMIZED,True,SINGLE,1.0,True,False,PARALLEL,True,placebo/sham,True,,,,,False,False,False,False,False,0,False,NO,False,False
NCT06965933,2025.0,2021-2026,PHASE4,both,2,68,OTHER,ACTIVE_NOT_RECRUITING,RANDOMIZED,True,DOUBLE,2.0,True,True,PARALLEL,False,active,True,,,,,True,True,False,False,False,0,False,UNDECIDED,False,True
NCT02819089,2016.0,2016-2020,NA,drug,2,100,OTHER,UNKNOWN,RANDOMIZED,True,QUADRUPLE,4.0,True,True,PARALLEL,True,placebo/sham,True,,,,,False,True,False,False,False,0,False,NO,False,True
NCT02622126,2016.0,2016-2020,PHASE2,drug,2,60,OTHER,COMPLETED,NON_RANDOMIZED,False,NONE,0.0,False,False,PARALLEL,True,active,True,,,,,False,False,False,False,False,0,False,,False,True
NCT02996591,2017.0,2016-2020,PHASE4,both,2,36,OTHER,COMPLETED,RANDOMIZED,True,DOUBLE,2.0,True,True,PARALLEL,False,active,True,36.0,36.0,0.0,True,True,True,False,True,False,1,True,,False,
NCT05881915,2023.0,2021-2026,NA,drug,2,196,OTHER,COMPLETED,RANDOMIZED,True,QUADRUPLE,4.0,True,True,PARALLEL,True,active,True,,,,,False,False,False,False,False,1,True,NO,False,False
NCT03015857,2017.0,2016-2020,PHASE2,drug,2,200,OTHER,COMPLETED,RANDOMIZED,True,NONE,0.0,False,False,PARALLEL,True,active,True,,,,,False,False,False,False,False,0,False,UNDECIDED,False,False
NCT04050059,2019.0,2016-2020,NA,drug,2,62,OTHER,COMPLETED,RANDOMIZED,True,SINGLE,1.0,True,False,PARALLEL,True,active,True,,,,,False,False,False,False,False,0,False,,False,True
NCT01075490,2006.0,<=2015,PHASE4,drug,4,120,OTHER,UNKNOWN,RANDOMIZED,True,QUADRUPLE,4.0,True,True,PARALLEL,True,placebo/sham,True,,,,,True,True,True,False,False,0,False,,False,True
NCT03790163,2019.0,2016-2020,NA,drug,3,120,OTHER,UNKNOWN,RANDOMIZED,True,DOUBLE,2.0,True,True,PARALLEL,True,placebo/sham,True,,,,,False,False,True,False,False,0,False,,False,
NCT06418308,2024.0,2021-2026,PHASE4,drug,2,90,OTHER,COMPLETED,RANDOMIZED,True,QUADRUPLE,4.0,True,True,PARALLEL,False,active,True,,,,,True,True,False,False,False,0,False,NO,False,False
NCT01172782,2009.0,<=2015,NA,drug,4,60,OTHER,COMPLETED,RANDOMIZED,True,DOUBLE,2.0,True,True,PARALLEL,True,placebo/sham,True,,,,,False,False,True,False,False,1,True,,False,True
NCT05050656,2021.0,2021-2026,PHASE4,drug,2,70,OTHER,COMPLETED,RANDOMIZED,True,QUADRUPLE,4.0,True,True,PARALLEL,False,placebo/sham,True,,,,,True,False,False,False,False,0,False,,False,
NCT04418674,2020.0,2016-2020,NA,drug,2,52,OTHER,UNKNOWN,RANDOMIZED,True,QUADRUPLE,4.0,True,True,PARALLEL,True,active,True,,,,,False,True,False,False,False,0,False,NO,False,False
NCT06082076,2023.0,2021-2026,PHASE2;PHASE3,drug,3,90,OTHER,UNKNOWN,RANDOMIZED,True,TRIPLE,3.0,True,True,FACTORIAL,False,placebo/sham,True,,,,,True,True,True,False,False,0,False,,False,
NCT00527332,2007.0,<=2015,PHASE4,drug,2,180,OTHER,COMPLETED,RANDOMIZED,True,NONE,0.0,False,False,PARALLEL,True,active,True,180.0,162.0,0.09999999999999998,True,True,False,False,True,False,2,True,,False,True
NCT01349751,2007.0,<=2015,NA,drug,2,20,OTHER,COMPLETED,RANDOMIZED,True,QUADRUPLE,4.0,True,True,PARALLEL,False,active,True,,,,,False,False,False,False,False,0,False,,False,True
NCT02373410,2014.0,<=2015,NA,both,4,60,OTHER,UNKNOWN,RANDOMIZED,True,SINGLE,1.0,True,False,PARALLEL,True,active,True,,,,,False,False,True,False,False,0,False,,False,False
NCT06762860,2024.0,2021-2026,NA,drug,3,99,OTHER,UNKNOWN,RANDOMIZED,True,DOUBLE,2.0,True,True,PARALLEL,True,placebo/sham,True,,,,,False,False,True,False,False,0,False,NO,False,True
NCT04785118,2021.0,2021-2026,PHASE4,drug,3,165,OTHER,COMPLETED,RANDOMIZED,True,TRIPLE,3.0,True,True,PARALLEL,True,placebo/sham,True,,,,,True,False,True,False,False,0,False,UNDECIDED,False,
NCT07674576,2026.0,2021-2026,PHASE3,drug,2,60,OTHER,NOT_YET_RECRUITING,RANDOMIZED,True,QUADRUPLE,4.0,True,True,PARALLEL,False,placebo/sham,True,,,,,True,True,False,False,False,0,False,UNDECIDED,False,False
NCT05498857,2022.0,2021-2026,PHASE4,drug,2,202,OTHER,UNKNOWN,RANDOMIZED,True,QUADRUPLE,4.0,True,True,PARALLEL,True,placebo/sham,True,,,,,True,False,False,False,False,0,False,,False,
NCT04140058,2016.0,2016-2020,PHASE3,drug,3,151,OTHER,COMPLETED,RANDOMIZED,True,TRIPLE,3.0,True,True,PARALLEL,True,placebo/sham,True,,,,,True,False,True,False,False,0,False,NO,False,False
NCT07117565,2025.0,2021-2026,PHASE4,drug,2,190,OTHER,NOT_YET_RECRUITING,RANDOMIZED,True,TRIPLE,3.0,True,True,PARALLEL,True,active,True,,,,,True,False,False,False,False,0,False,YES,True,False
NCT06769737,2025.0,2021-2026,PHASE4,drug,3,75,OTHER_GOV,NOT_YET_RECRUITING,RANDOMIZED,True,SINGLE,1.0,True,False,PARALLEL,False,no-intervention,True,,,,,True,False,True,False,False,0,False,YES,True,True
NCT07077850,2025.0,2021-2026,NA,drug,2,1084,OTHER,ACTIVE_NOT_RECRUITING,RANDOMIZED,True,QUADRUPLE,4.0,True,True,PARALLEL,True,placebo/sham,True,,,,,False,False,False,False,False,0,False,NO,False,False
NCT07485127,2026.0,2021-2026,EARLY_PHASE1,drug,2,60,OTHER,ACTIVE_NOT_RECRUITING,RANDOMIZED,True,NONE,0.0,False,False,PARALLEL,True,active,True,,,,,False,True,False,False,False,0,False,,False,False
NCT00421200,2007.0,<=2015,PHASE3,drug,2,375,INDUSTRY,COMPLETED,RANDOMIZED,True,DOUBLE,2.0,True,True,PARALLEL,True,active,True,,,,,True,True,False,False,True,0,False,,False,True
NCT03133780,2018.0,2016-2020,PHASE2,drug,2,80,OTHER,COMPLETED,RANDOMIZED,True,QUADRUPLE,4.0,True,True,PARALLEL,True,active,True,,,,,False,False,False,False,False,0,False,,False,
NCT05444751,2022.0,2021-2026,PHASE3,drug,2,142,OTHER,ENROLLING_BY_INVITATION,RANDOMIZED,True,NONE,0.0,False,False,PARALLEL,True,active,True,,,,,True,True,False,False,False,0,False,,False,True
NCT03230474,2016.0,2016-2020,NA,drug,2,100,OTHER,COMPLETED,RANDOMIZED,True,DOUBLE,2.0,True,True,PARALLEL,True,active,True,,,,,False,True,False,False,False,0,False,,False,False
NCT07480889,2026.0,2021-2026,PHASE3,drug,2,100,OTHER,RECRUITING,RANDOMIZED,True,DOUBLE,2.0,True,True,PARALLEL,True,active,True,,,,,True,True,False,False,False,0,False,,False,
NCT07276867,2025.0,2021-2026,NA,drug,2,58,OTHER,RECRUITING,RANDOMIZED,True,DOUBLE,2.0,True,True,PARALLEL,True,active,True,,,,,False,True,False,False,False,0,False,YES,True,
NCT03029676,2017.0,2016-2020,PHASE4,both,2,200,OTHER,UNKNOWN,RANDOMIZED,True,SINGLE,1.0,True,False,PARALLEL,True,active,True,,,,,True,True,False,False,False,0,False,NO,False,False
NCT00270322,2006.0,<=2015,PHASE4,drug,0,80,OTHER,TERMINATED,RANDOMIZED,True,DOUBLE,2.0,True,True,PARALLEL,False,none/single-group,False,,,,,True,True,False,False,False,0,False,,False,
NCT03234816,2017.0,2016-2020,PHASE4,drug,3,270,OTHER,COMPLETED,RANDOMIZED,True,TRIPLE,3.0,True,True,PARALLEL,True,none/single-group,False,,,,,True,False,True,False,False,0,False,NO,False,True
NCT04401345,2020.0,2016-2020,PHASE4,drug,2,258,OTHER,COMPLETED,RANDOMIZED,True,QUADRUPLE,4.0,True,True,PARALLEL,True,placebo/sham,True,,,,,True,False,False,False,True,1,True,NO,False,False
NCT01861041,2013.0,<=2015,PHASE4,drug,2,52,OTHER_GOV,UNKNOWN,RANDOMIZED,True,TRIPLE,3.0,True,True,PARALLEL,False,active,True,,,,,True,False,False,False,False,0,False,,False,False
NCT07334132,2026.0,2021-2026,PHASE4,drug,2,600,OTHER,NOT_YET_RECRUITING,RANDOMIZED,True,NONE,0.0,False,False,PARALLEL,True,none/single-group,False,,,,,True,True,False,False,False,1,True,UNDECIDED,False,False
NCT04403724,2020.0,2016-2020,PHASE4,drug,2,126,OTHER,COMPLETED,RANDOMIZED,True,DOUBLE,2.0,True,True,PARALLEL,True,active,True,,,,,True,True,False,False,False,1,True,,False,
NCT07140640,2025.0,2021-2026,PHASE4,drug,2,333,OTHER,NOT_YET_RECRUITING,NA,False,NONE,0.0,False,False,FACTORIAL,True,active,True,,,,,True,False,False,False,False,0,False,UNDECIDED,False,True
NCT04774029,2020.0,2016-2020,EARLY_PHASE1,both,1,10,OTHER,COMPLETED,NA,False,NONE,0.0,False,False,SINGLE_GROUP,False,none/single-group,False,,,,,False,False,False,False,False,0,False,NO,False,True
NCT00458003,2006.0,<=2015,NA,drug,2,110,OTHER,COMPLETED,RANDOMIZED,True,DOUBLE,2.0,True,True,PARALLEL,True,active,True,110.0,108.0,0.018181818181818188,True,False,True,False,True,False,1,True,NO,False,False
NCT02590705,2015.0,<=2015,NA,drug,2,200,OTHER,UNKNOWN,RANDOMIZED,True,NONE,0.0,False,False,SINGLE_GROUP,True,no-intervention,True,,,,,False,False,False,False,False,0,False,,False,False
NCT02128451,2014.0,<=2015,PHASE4,drug,2,90,OTHER,COMPLETED,RANDOMIZED,True,QUADRUPLE,4.0,True,True,PARALLEL,False,active,True,,,,,True,False,False,False,False,1,True,,False,True
NCT02979405,2017.0,2016-2020,PHASE4,drug,2,140,OTHER,COMPLETED,RANDOMIZED,True,DOUBLE,2.0,True,True,PARALLEL,True,placebo/sham,True,,,,,True,False,False,False,False,0,False,NO,False,True
NCT02862912,2016.0,2016-2020,PHASE4,drug,2,43,OTHER,COMPLETED,RANDOMIZED,True,QUADRUPLE,4.0,True,True,FACTORIAL,False,active,True,43.0,42.0,0.023255813953488413,True,True,False,False,True,False,1,True,YES,True,False
NCT07300826,2026.0,2021-2026,PHASE4,drug,2,100,OTHER,NOT_YET_RECRUITING,RANDOMIZED,True,QUADRUPLE,4.0,True,True,PARALLEL,True,none/single-group,False,,,,,True,True,False,False,False,0,False,,False,True
NCT05944393,2022.0,2021-2026,NA,drug,2,50,OTHER,UNKNOWN,RANDOMIZED,True,TRIPLE,3.0,True,True,PARALLEL,True,none/single-group,False,,,,,False,True,False,False,False,0,False,YES,True,True
NCT01148888,2010.0,<=2015,PHASE2,drug,1,5,OTHER,COMPLETED,NON_RANDOMIZED,False,NONE,0.0,False,False,CROSSOVER,False,none/single-group,False,,,,,False,True,False,False,False,0,False,,False,False
NCT01245868,2009.0,<=2015,PHASE4,drug,2,60,OTHER,COMPLETED,RANDOMIZED,True,QUADRUPLE,4.0,True,True,PARALLEL,False,placebo/sham,True,,,,,True,True,False,False,False,0,False,,False,True
NCT06048341,2023.0,2021-2026,NA,both,2,100,OTHER,NOT_YET_RECRUITING,RANDOMIZED,True,DOUBLE,2.0,True,True,PARALLEL,True,placebo/sham,True,,,,,False,False,False,False,False,0,False,,False,True
NCT00973414,2009.0,<=2015,NA,drug,4,850,OTHER,COMPLETED,RANDOMIZED,True,NONE,0.0,False,False,PARALLEL,True,active,True,,,,,False,False,True,False,False,0,False,,False,True
NCT06205199,2022.0,2021-2026,NA,drug,2,136,OTHER,COMPLETED,RANDOMIZED,True,DOUBLE,2.0,True,True,PARALLEL,True,no-intervention,True,,,,,False,True,False,False,False,0,False,NO,False,
NCT03640390,2018.0,2016-2020,PHASE3,drug,3,60,OTHER,COMPLETED,RANDOMIZED,True,QUADRUPLE,4.0,True,True,PARALLEL,False,placebo/sham,True,,,,,True,False,True,False,False,0,False,NO,False,True
NCT02883192,2016.0,2016-2020,NA,drug,2,100,OTHER_GOV,UNKNOWN,RANDOMIZED,True,DOUBLE,2.0,True,True,PARALLEL,True,placebo/sham,True,,,,,False,True,False,False,False,0,False,YES,True,True
NCT06243120,2024.0,2021-2026,EARLY_PHASE1,drug,2,54,OTHER,UNKNOWN,RANDOMIZED,True,SINGLE,1.0,True,False,PARALLEL,True,placebo/sham,True,,,,,False,True,False,False,False,0,False,UNDECIDED,False,True
NCT06654531,2022.0,2021-2026,PHASE2;PHASE3,drug,2,50,OTHER,COMPLETED,RANDOMIZED,True,NONE,0.0,False,False,PARALLEL,False,active,True,,,,,True,False,False,False,False,0,False,UNDECIDED,False,False
NCT03013140,2017.0,2016-2020,NA,both,2,71,OTHER,COMPLETED,RANDOMIZED,True,DOUBLE,2.0,True,True,PARALLEL,True,active,True,,,,,False,True,False,False,False,1,True,NO,False,False
NCT06564935,2024.0,2021-2026,PHASE3,drug,2,160,OTHER,NOT_YET_RECRUITING,RANDOMIZED,True,DOUBLE,2.0,True,True,PARALLEL,True,placebo/sham,True,,,,,True,False,False,False,False,0,False,,False,
NCT06654687,2024.0,2021-2026,NA,both,2,162,OTHER,COMPLETED,RANDOMIZED,True,DOUBLE,2.0,True,True,PARALLEL,True,active,True,,,,,False,False,False,False,False,1,True,UNDECIDED,False,False
NCT02577432,2013.0,<=2015,NA,drug,2,124,OTHER,COMPLETED,RANDOMIZED,True,QUADRUPLE,4.0,True,True,PARALLEL,True,active,True,,,,,False,False,False,False,False,0,False,,False,True
NCT07389551,2025.0,2021-2026,NA,drug,2,142,OTHER,COMPLETED,RANDOMIZED,True,NONE,0.0,False,False,PARALLEL,True,none/single-group,False,,,,,False,True,False,False,False,0,False,NO,False,False
NCT03251651,2017.0,2016-2020,NA,drug,2,748,OTHER,COMPLETED,RANDOMIZED,True,DOUBLE,2.0,True,True,PARALLEL,True,none/single-group,False,,,,,False,False,False,False,False,0,False,NO,False,
NCT03966950,2017.0,2016-2020,NA,drug,2,104,OTHER,UNKNOWN,RANDOMIZED,True,QUADRUPLE,4.0,True,True,PARALLEL,True,placebo/sham,True,,,,,False,False,False,False,True,1,True,UNDECIDED,False,False
NCT04871061,2021.0,2021-2026,NA,both,2,80,OTHER,COMPLETED,RANDOMIZED,True,DOUBLE,2.0,True,True,PARALLEL,True,active,True,,,,,False,True,False,False,True,1,True,,False,False
NCT02588417,2015.0,<=2015,PHASE2,drug,2,80,OTHER,COMPLETED,RANDOMIZED,True,DOUBLE,2.0,True,True,PARALLEL,True,active,True,,,,,False,False,False,False,False,0,False,,False,False
NCT01303731,2011.0,<=2015,PHASE4,drug,2,100,OTHER_GOV,UNKNOWN,RANDOMIZED,True,SINGLE,1.0,True,False,PARALLEL,True,active,True,,,,,True,True,False,False,False,0,False,,False,
NCT04393766,2020.0,2016-2020,PHASE4,drug,2,152,OTHER,COMPLETED,RANDOMIZED,True,DOUBLE,2.0,True,True,PARALLEL,True,placebo/sham,True,,,,,True,False,False,False,False,0,False,UNDECIDED,False,False
NCT07590544,2026.0,2021-2026,PHASE4,drug,2,60,OTHER,NOT_YET_RECRUITING,RANDOMIZED,True,DOUBLE,2.0,True,True,PARALLEL,False,active,True,,,,,True,False,False,False,False,0,False,NO,False,True
NCT03865550,2016.0,2016-2020,NA,drug,2,75,OTHER,UNKNOWN,RANDOMIZED,True,QUADRUPLE,4.0,True,True,PARALLEL,True,placebo/sham,True,,,,,False,True,False,False,False,0,False,,False,
NCT02840240,2016.0,2016-2020,NA,drug,2,107,OTHER,COMPLETED,RANDOMIZED,True,QUADRUPLE,4.0,True,True,PARALLEL,True,placebo/sham,True,107.0,60.0,0.4392523364485982,False,False,True,False,True,False,0,False,,False,False
NCT05707741,2023.0,2021-2026,NA,drug,3,45,OTHER,COMPLETED,RANDOMIZED,True,SINGLE,1.0,True,False,PARALLEL,True,placebo/sham,True,,,,,False,False,True,False,False,0,False,NO,False,
NCT02532270,2015.0,<=2015,NA,drug,2,100,OTHER,UNKNOWN,RANDOMIZED,True,SINGLE,1.0,True,False,PARALLEL,True,none/single-group,False,,,,,False,False,False,False,True,0,False,,False,False
NCT06357234,2025.0,2021-2026,PHASE2,drug,2,100,OTHER,RECRUITING,RANDOMIZED,True,QUADRUPLE,4.0,True,True,PARALLEL,True,placebo/sham,True,,,,,False,False,False,False,False,0,False,NO,False,True
NCT03253224,2017.0,2016-2020,PHASE4,drug,2,24,OTHER,TERMINATED,RANDOMIZED,True,QUADRUPLE,4.0,True,True,PARALLEL,False,placebo/sham,True,,,,,True,False,False,False,False,0,False,NO,False,False
NCT04873596,2021.0,2021-2026,PHASE2,drug,2,94,OTHER_GOV,UNKNOWN,RANDOMIZED,True,DOUBLE,2.0,True,True,PARALLEL,True,active,True,,,,,False,True,False,False,False,0,False,,False,
NCT02724111,2016.0,2016-2020,PHASE4,drug,2,90,OTHER,COMPLETED,RANDOMIZED,True,TRIPLE,3.0,True,True,PARALLEL,False,active,True,90.0,83.0,0.07777777777777772,True,True,False,False,True,False,0,False,NO,False,False
NCT02948920,2016.0,2016-2020,NA,drug,2,40,OTHER,COMPLETED,RANDOMIZED,True,QUADRUPLE,4.0,True,True,PARALLEL,True,placebo/sham,True,,,,,False,False,False,False,False,0,False,NO,False,False
NCT02969239,2016.0,2016-2020,PHASE4,drug,2,50,OTHER,UNKNOWN,RANDOMIZED,True,QUADRUPLE,4.0,True,True,PARALLEL,False,active,True,,,,,True,True,False,False,False,0,False,UNDECIDED,False,True
NCT07378878,2025.0,2021-2026,NA,drug,2,20,OTHER,COMPLETED,RANDOMIZED,True,SINGLE,1.0,True,False,PARALLEL,False,none/single-group,False,,,,,False,True,False,False,False,0,False,UNDECIDED,False,False
NCT01232270,2010.0,<=2015,NA,drug,2,43,OTHER,COMPLETED,RANDOMIZED,True,TRIPLE,3.0,True,True,PARALLEL,True,placebo/sham,True,,,,,False,False,False,False,False,0,False,,False,False
NCT07395271,2025.0,2021-2026,PHASE4,drug,2,60,OTHER,COMPLETED,RANDOMIZED,True,DOUBLE,2.0,True,True,PARALLEL,False,active,True,,,,,True,False,False,False,True,0,False,NO,False,
NCT05865080,2022.0,2021-2026,NA,drug,2,126,OTHER,COMPLETED,RANDOMIZED,True,SINGLE,1.0,True,False,PARALLEL,True,placebo/sham,True,,,,,False,False,False,False,False,0,False,UNDECIDED,False,False
NCT07377903,2026.0,2021-2026,NA,drug,3,60,OTHER,NOT_YET_RECRUITING,RANDOMIZED,True,NONE,0.0,False,False,PARALLEL,True,none/single-group,False,,,,,False,True,True,False,False,0,False,UNDECIDED,False,True
NCT04729049,2021.0,2021-2026,NA,both,2,30,OTHER,COMPLETED,RANDOMIZED,True,TRIPLE,3.0,True,True,PARALLEL,True,active,True,,,,,False,False,False,False,False,1,True,YES,True,False
NCT04819503,2021.0,2021-2026,NA,both,2,1,OTHER,TERMINATED,RANDOMIZED,True,QUADRUPLE,4.0,True,True,CROSSOVER,False,none/single-group,False,,,,,False,True,False,False,False,0,False,YES,True,
NCT01943565,2014.0,<=2015,PHASE4,drug,3,29,OTHER,TERMINATED,RANDOMIZED,True,DOUBLE,2.0,True,True,PARALLEL,False,active,True,29.0,29.0,0.0,True,True,False,True,True,False,0,False,,False,False
NCT02773017,2016.0,2016-2020,PHASE4,drug,3,90,OTHER,UNKNOWN,NON_RANDOMIZED,False,NONE,0.0,False,False,PARALLEL,False,none/single-group,False,,,,,True,True,True,False,False,0,False,,False,False
NCT03459105,2018.0,2016-2020,NA,both,2,44,OTHER,COMPLETED,RANDOMIZED,True,DOUBLE,2.0,True,True,PARALLEL,True,active,True,,,,,False,True,False,False,False,0,False,NO,False,
NCT05029726,2022.0,2021-2026,PHASE4,drug,2,125,OTHER,RECRUITING,RANDOMIZED,True,QUADRUPLE,4.0,True,True,PARALLEL,True,placebo/sham,True,,,,,True,True,False,False,False,0,False,NO,False,False
NCT03810547,2017.0,2016-2020,NA,drug,2,200,OTHER,COMPLETED,RANDOMIZED,True,DOUBLE,2.0,True,True,PARALLEL,True,active,True,,,,,False,False,False,False,False,0,False,NO,False,False
NCT05148637,2019.0,2016-2020,NA,drug,3,105,OTHER,COMPLETED,RANDOMIZED,True,SINGLE,1.0,True,False,PARALLEL,True,active,True,,,,,False,False,True,False,False,0,False,YES,True,
NCT06860893,2025.0,2021-2026,PHASE4,drug,2,30,OTHER,COMPLETED,RANDOMIZED,True,TRIPLE,3.0,True,True,PARALLEL,False,placebo/sham,True,,,,,True,True,False,False,False,0,False,,False,False
NCT01561274,2012.0,<=2015,PHASE2,drug,2,50,OTHER,COMPLETED,RANDOMIZED,True,QUADRUPLE,4.0,True,True,FACTORIAL,True,active,True,,,,,False,False,False,False,False,2,True,,False,True
NCT03365752,2018.0,2016-2020,PHASE2,drug,3,39,OTHER,TERMINATED,RANDOMIZED,True,DOUBLE,2.0,True,True,PARALLEL,False,active,True,39.0,39.0,0.0,True,False,True,True,True,False,0,False,NO,False,False
NCT03437980,2018.0,2016-2020,NA,drug,1,228,OTHER,COMPLETED,NA,False,NONE,0.0,False,False,SINGLE_GROUP,True,none/single-group,False,,,,,False,False,False,False,False,0,False,UNDECIDED,False,
NCT01356797,2011.0,<=2015,PHASE4,drug,2,54,OTHER,COMPLETED,RANDOMIZED,True,QUADRUPLE,4.0,True,True,PARALLEL,False,active,True,,,,,True,True,False,False,False,0,False,,False,True
NCT03716076,2018.0,2016-2020,PHASE4,drug,2,50,OTHER,COMPLETED,RANDOMIZED,True,DOUBLE,2.0,True,True,PARALLEL,False,none/single-group,False,50.0,41.0,0.18000000000000005,True,True,False,False,True,False,1,True,NO,False,False
NCT03775655,2018.0,2016-2020,PHASE2;PHASE3,drug,2,40,OTHER,COMPLETED,RANDOMIZED,True,QUADRUPLE,4.0,True,True,PARALLEL,False,active,True,,,,,True,True,False,False,False,0,False,,False,
NCT02654847,2016.0,2016-2020,NA,drug,6,40,OTHER,COMPLETED,RANDOMIZED,True,TRIPLE,3.0,True,True,PARALLEL,True,active,True,,,,,False,True,True,False,False,1,True,NO,False,False
NCT00921102,2007.0,<=2015,PHASE4,drug,3,216,OTHER,COMPLETED,RANDOMIZED,True,TRIPLE,3.0,True,True,PARALLEL,True,placebo/sham,True,,,,,True,True,True,False,False,1,True,,False,False
NCT02619409,2016.0,2016-2020,NA,drug,5,30,OTHER,COMPLETED,RANDOMIZED,True,DOUBLE,2.0,True,True,PARALLEL,True,placebo/sham,True,30.0,30.0,0.0,True,False,True,True,True,False,1,True,,False,True
NCT03417193,2018.0,2016-2020,NA,drug,2,48,OTHER,COMPLETED,RANDOMIZED,True,TRIPLE,3.0,True,True,PARALLEL,True,active,True,,,,,False,True,False,False,False,0,False,NO,False,False
NCT05550597,2022.0,2021-2026,NA,drug,3,93,OTHER,COMPLETED,RANDOMIZED,True,NONE,0.0,False,False,PARALLEL,True,none/single-group,False,,,,,False,True,True,False,False,0,False,NO,False,
NCT02037633,2012.0,<=2015,NA,both,2,41,OTHER_GOV,COMPLETED,RANDOMIZED,True,SINGLE,1.0,True,False,PARALLEL,True,active,True,,,,,False,True,False,False,False,1,True,,False,False
NCT03679052,2018.0,2016-2020,PHASE4,drug,3,300,OTHER,COMPLETED,RANDOMIZED,True,DOUBLE,2.0,True,True,PARALLEL,True,placebo/sham,True,,,,,True,False,True,False,False,0,False,,False,
NCT04697745,2021.0,2021-2026,NA,drug,2,44,OTHER,UNKNOWN,RANDOMIZED,True,SINGLE,1.0,True,False,PARALLEL,True,active,True,,,,,False,False,False,False,False,0,False,,False,
NCT06151444,2024.0,2021-2026,NA,drug,2,160,OTHER,UNKNOWN,RANDOMIZED,True,SINGLE,1.0,True,False,PARALLEL,True,active,True,,,,,False,True,False,False,False,0,False,,False,
NCT06107335,2025.0,2021-2026,PHASE4,both,2,62,OTHER,NOT_YET_RECRUITING,RANDOMIZED,True,NONE,0.0,False,False,PARALLEL,False,active,True,,,,,True,False,False,False,False,0,False,NO,False,True
NCT02958215,2016.0,2016-2020,PHASE2,drug,2,980,OTHER,COMPLETED,RANDOMIZED,True,TRIPLE,3.0,True,True,PARALLEL,True,placebo/sham,True,,,,,False,False,False,False,False,0,False,UNDECIDED,False,True
NCT04172727,2019.0,2016-2020,PHASE4,drug,2,60,OTHER,COMPLETED,RANDOMIZED,True,TRIPLE,3.0,True,True,PARALLEL,False,placebo/sham,True,,,,,True,True,False,False,False,1,True,NO,False,False
NCT03507387,2018.0,2016-2020,NA,drug,3,99,OTHER,COMPLETED,RANDOMIZED,True,TRIPLE,3.0,True,True,PARALLEL,True,placebo/sham,True,,,,,False,False,True,False,True,0,False,NO,False,True
NCT07327320,2024.0,2021-2026,PHASE4,drug,2,100,OTHER,COMPLETED,RANDOMIZED,True,SINGLE,1.0,True,False,PARALLEL,True,none/single-group,False,,,,,True,False,False,False,True,0,False,UNDECIDED,False,False
NCT01511627,2012.0,<=2015,NA,drug,2,0,OTHER,WITHDRAWN,RANDOMIZED,True,NONE,0.0,False,False,PARALLEL,False,active,True,,,,,False,True,False,False,False,0,False,,False,False
NCT07712783,2026.0,2021-2026,NA,both,2,56,OTHER,NOT_YET_RECRUITING,RANDOMIZED,True,QUADRUPLE,4.0,True,True,PARALLEL,True,none/single-group,False,,,,,False,True,False,False,False,0,False,,False,False
NCT06451562,2024.0,2021-2026,NA,drug,3,105,OTHER_GOV,RECRUITING,RANDOMIZED,True,TRIPLE,3.0,True,True,PARALLEL,True,active,True,,,,,False,True,True,False,False,0,False,NO,False,
NCT07363941,2026.0,2021-2026,NA,drug,2,104,OTHER,RECRUITING,RANDOMIZED,True,SINGLE,1.0,True,False,PARALLEL,True,active,True,,,,,False,True,False,False,False,0,False,NO,False,True
NCT07214701,2025.0,2021-2026,PHASE4,drug,2,58,OTHER,NOT_YET_RECRUITING,RANDOMIZED,True,QUADRUPLE,4.0,True,True,PARALLEL,False,active,True,,,,,True,True,False,False,False,0,False,,False,True
NCT05707234,2023.0,2021-2026,PHASE4,both,2,60,OTHER,COMPLETED,RANDOMIZED,True,NONE,0.0,False,False,PARALLEL,False,active,True,,,,,True,False,False,False,False,1,True,NO,False,False
NCT07416084,2026.0,2021-2026,PHASE2,drug,2,60,OTHER,NOT_YET_RECRUITING,RANDOMIZED,True,DOUBLE,2.0,True,True,PARALLEL,True,active,True,,,,,False,False,False,False,False,0,False,NO,False,False
NCT07088432,2023.0,2021-2026,NA,drug,2,120,OTHER,COMPLETED,RANDOMIZED,True,TRIPLE,3.0,True,True,PARALLEL,True,placebo/sham,True,,,,,False,True,False,False,False,0,False,UNDECIDED,False,False
NCT01921361,2011.0,<=2015,PHASE4,drug,3,120,OTHER,COMPLETED,RANDOMIZED,True,QUADRUPLE,4.0,True,True,PARALLEL,True,placebo/sham,True,,,,,True,False,True,False,False,0,False,,False,True
NCT04026685,2020.0,2016-2020,NA,drug,2,66,OTHER,COMPLETED,RANDOMIZED,True,DOUBLE,2.0,True,True,PARALLEL,True,active,True,,,,,False,True,False,False,False,1,True,,False,False
NCT03512977,2017.0,2016-2020,NA,both,2,20,OTHER,COMPLETED,RANDOMIZED,True,NONE,0.0,False,False,PARALLEL,False,active,True,,,,,False,True,False,False,False,0,False,NO,False,False
NCT03106753,2017.0,2016-2020,PHASE4,drug,2,34,OTHER,TERMINATED,RANDOMIZED,True,NONE,0.0,False,False,PARALLEL,False,active,True,34.0,33.0,0.02941176470588236,True,True,True,False,True,False,0,False,NO,False,False
NCT00199784,2005.0,<=2015,PHASE4,drug,0,80,OTHER,COMPLETED,RANDOMIZED,True,DOUBLE,2.0,True,True,PARALLEL,False,none/single-group,False,,,,,True,False,False,False,True,0,False,,False,
NCT05760534,2023.0,2021-2026,PHASE4,drug,2,110,OTHER,COMPLETED,RANDOMIZED,True,DOUBLE,2.0,True,True,PARALLEL,True,active,True,,,,,True,True,False,False,False,0,False,NO,False,
NCT02282319,2014.0,<=2015,PHASE4,drug,3,150,OTHER,COMPLETED,RANDOMIZED,True,TRIPLE,3.0,True,True,PARALLEL,True,none/single-group,False,,,,,True,False,True,False,False,0,False,,False,False
NCT03199170,2017.0,2016-2020,NA,drug,3,90,OTHER,COMPLETED,RANDOMIZED,True,TRIPLE,3.0,True,True,PARALLEL,True,placebo/sham,True,,,,,False,False,True,False,False,1,True,,False,True
NCT02522858,2015.0,<=2015,PHASE4,drug,2,120,OTHER,COMPLETED,RANDOMIZED,True,QUADRUPLE,4.0,True,True,PARALLEL,True,placebo/sham,True,,,,,True,False,False,False,False,0,False,,False,
NCT05564741,2022.0,2021-2026,PHASE4,drug,2,84,OTHER,COMPLETED,RANDOMIZED,True,NONE,0.0,False,False,PARALLEL,False,active,True,,,,,True,False,False,False,False,0,False,NO,False,False
NCT02535273,2015.0,<=2015,PHASE4,drug,4,212,OTHER,UNKNOWN,RANDOMIZED,True,DOUBLE,2.0,True,True,PARALLEL,True,placebo/sham,True,,,,,True,True,True,False,False,0,False,,False,False
NCT02393196,2015.0,<=2015,PHASE4,drug,2,200,OTHER,UNKNOWN,RANDOMIZED,True,DOUBLE,2.0,True,True,PARALLEL,True,active,True,,,,,True,False,False,False,False,0,False,,False,True
NCT04445857,2020.0,2016-2020,PHASE4,drug,3,90,OTHER,COMPLETED,RANDOMIZED,True,DOUBLE,2.0,True,True,PARALLEL,False,placebo/sham,True,,,,,True,False,True,False,False,1,True,,False,
NCT07520487,2026.0,2021-2026,NA,drug,2,61,OTHER,RECRUITING,RANDOMIZED,True,QUADRUPLE,4.0,True,True,PARALLEL,True,placebo/sham,True,,,,,False,False,False,False,False,0,False,,False,True
NCT01291186,2010.0,<=2015,NA,drug,12,108,OTHER,COMPLETED,RANDOMIZED,True,DOUBLE,2.0,True,True,PARALLEL,True,active,True,,,,,False,False,True,False,False,0,False,,False,False
NCT06392321,2023.0,2021-2026,NA,drug,3,90,OTHER,COMPLETED,RANDOMIZED,True,DOUBLE,2.0,True,True,PARALLEL,True,active,True,,,,,False,True,True,False,False,0,False,NO,False,False
NCT01438957,2011.0,<=2015,PHASE3,drug,5,119,INDUSTRY,COMPLETED,RANDOMIZED,True,QUADRUPLE,4.0,True,True,PARALLEL,True,placebo/sham,True,119.0,116.0,0.025210084033613467,True,True,True,True,True,False,1,True,,False,False
NCT05071794,2021.0,2021-2026,PHASE4,drug,2,60,OTHER,COMPLETED,RANDOMIZED,True,SINGLE,1.0,True,False,PARALLEL,False,placebo/sham,True,,,,,True,False,False,False,True,0,False,NO,False,False
NCT04283110,2019.0,2016-2020,NA,drug,2,100,OTHER,UNKNOWN,RANDOMIZED,True,DOUBLE,2.0,True,True,PARALLEL,True,active,True,,,,,False,True,False,False,False,0,False,UNDECIDED,False,
NCT00332735,2006.0,<=2015,PHASE3,drug,0,80,OTHER,COMPLETED,RANDOMIZED,True,DOUBLE,2.0,True,True,PARALLEL,False,none/single-group,False,,,,,True,True,False,False,False,0,False,,False,
NCT02353754,2015.0,<=2015,PHASE4,drug,2,12,INDUSTRY,TERMINATED,NON_RANDOMIZED,False,NONE,0.0,False,False,PARALLEL,False,active,True,12.0,10.0,0.16666666666666663,True,True,True,False,True,False,0,False,,False,False
NCT00537472,2007.0,<=2015,NA,drug,2,140,OTHER,COMPLETED,RANDOMIZED,True,DOUBLE,2.0,True,True,PARALLEL,True,active,True,,,,,False,True,False,False,False,0,False,,False,False
NCT02884986,2015.0,<=2015,NA,drug,2,60,OTHER_GOV,COMPLETED,RANDOMIZED,True,DOUBLE,2.0,True,True,PARALLEL,True,placebo/sham,True,,,,,False,True,False,False,False,0,False,YES,True,True
NCT04951167,2021.0,2021-2026,NA,drug,4,208,OTHER,UNKNOWN,RANDOMIZED,True,DOUBLE,2.0,True,True,CROSSOVER,True,active,True,,,,,False,True,True,False,False,0,False,YES,True,False
NCT07616882,2027.0,2021-2026,PHASE2,drug,2,100,OTHER,NOT_YET_RECRUITING,RANDOMIZED,True,DOUBLE,2.0,True,True,CROSSOVER,True,active,True,,,,,False,False,False,False,False,0,False,NO,False,False
NCT06096181,2023.0,2021-2026,PHASE2,drug,2,13,OTHER,TERMINATED,RANDOMIZED,True,DOUBLE,2.0,True,True,PARALLEL,False,active,True,13.0,13.0,0.0,True,False,False,False,True,False,0,False,NO,False,
NCT02801201,2016.0,2016-2020,PHASE3,drug,2,186,OTHER,COMPLETED,RANDOMIZED,True,,,False,False,PARALLEL,True,active,True,,,,,True,True,False,False,False,0,False,,False,
NCT03948386,2019.0,2016-2020,PHASE4,drug,3,159,OTHER,COMPLETED,RANDOMIZED,True,DOUBLE,2.0,True,True,PARALLEL,True,active,True,159.0,154.0,0.03144654088050314,True,True,True,True,True,False,0,False,,False,False
NCT04257851,2020.0,2016-2020,PHASE4,drug,2,60,OTHER_GOV,COMPLETED,RANDOMIZED,True,TRIPLE,3.0,True,True,PARALLEL,False,active,True,,,,,True,True,False,False,False,0,False,,False,
NCT02099253,2014.0,<=2015,PHASE4,drug,3,82,OTHER,COMPLETED,NON_RANDOMIZED,False,NONE,0.0,False,False,PARALLEL,False,none/single-group,False,,,,,True,True,True,False,False,1,True,,False,False
NCT05284409,2022.0,2021-2026,PHASE4,drug,3,130,OTHER,COMPLETED,RANDOMIZED,True,DOUBLE,2.0,True,True,PARALLEL,True,active,True,,,,,True,False,True,False,False,0,False,NO,False,False
NCT02245191,2014.0,<=2015,NA,drug,3,60,OTHER,UNKNOWN,RANDOMIZED,True,DOUBLE,2.0,True,True,PARALLEL,True,none/single-group,False,,,,,False,False,True,False,False,0,False,,False,True
NCT03626454,2020.0,2016-2020,NA,drug,2,300,OTHER,COMPLETED,RANDOMIZED,True,TRIPLE,3.0,True,True,PARALLEL,True,active,True,,,,,False,False,False,False,False,0,False,NO,False,False
NCT05108688,2021.0,2021-2026,PHASE4,drug,3,210,OTHER,COMPLETED,RANDOMIZED,True,DOUBLE,2.0,True,True,PARALLEL,True,placebo/sham,True,,,,,True,True,True,False,False,0,False,,False,
NCT03624166,2019.0,2016-2020,PHASE4,drug,2,80,OTHER,COMPLETED,RANDOMIZED,True,QUADRUPLE,4.0,True,True,PARALLEL,False,placebo/sham,True,,,,,True,False,False,False,False,0,False,,False,
NCT00403663,2006.0,<=2015,NA,drug,0,52,OTHER,COMPLETED,NON_RANDOMIZED,False,SINGLE,1.0,True,False,PARALLEL,True,none/single-group,False,,,,,False,True,False,False,False,0,False,,False,False
NCT03997006,2019.0,2016-2020,PHASE4,drug,2,60,OTHER_GOV,COMPLETED,RANDOMIZED,True,TRIPLE,3.0,True,True,PARALLEL,False,active,True,,,,,True,True,False,False,False,0,False,,False,
NCT01843296,2012.0,<=2015,PHASE4,both,3,105,OTHER,COMPLETED,RANDOMIZED,True,QUADRUPLE,4.0,True,True,PARALLEL,True,active,True,,,,,True,False,True,False,False,0,False,,False,True
NCT07567495,2026.0,2021-2026,PHASE4,drug,3,150,OTHER,NOT_YET_RECRUITING,RANDOMIZED,True,QUADRUPLE,4.0,True,True,FACTORIAL,True,no-intervention,True,,,,,True,True,True,False,False,0,False,YES,True,False
NCT02194192,2014.0,<=2015,NA,drug,3,168,OTHER,COMPLETED,RANDOMIZED,True,TRIPLE,3.0,True,True,SINGLE_GROUP,True,placebo/sham,True,,,,,False,False,True,False,False,0,False,,False,True
NCT03364088,2016.0,2016-2020,NA,both,4,402,OTHER,COMPLETED,RANDOMIZED,True,NONE,0.0,False,False,PARALLEL,True,active,True,,,,,False,True,True,False,False,1,True,,False,
NCT02993718,2015.0,<=2015,NA,drug,2,52,OTHER,COMPLETED,RANDOMIZED,True,SINGLE,1.0,True,False,PARALLEL,True,none/single-group,False,,,,,False,False,False,False,False,1,True,NO,False,False
NCT04069078,2019.0,2016-2020,PHASE4,drug,2,173,OTHER,COMPLETED,RANDOMIZED,True,TRIPLE,3.0,True,True,PARALLEL,True,placebo/sham,True,,,,,True,False,False,False,False,1,True,UNDECIDED,False,False
NCT03036384,2016.0,2016-2020,PHASE2,drug,10,40,OTHER,COMPLETED,NON_RANDOMIZED,False,DOUBLE,2.0,True,True,SEQUENTIAL,False,none/single-group,False,40.0,40.0,0.0,True,False,True,True,True,False,1,True,NO,False,False
NCT03105115,2017.0,2016-2020,NA,drug,2,56,OTHER,COMPLETED,RANDOMIZED,True,QUADRUPLE,4.0,True,True,PARALLEL,True,active,True,,,,,False,True,False,False,False,1,True,NO,False,True
NCT02036697,2013.0,<=2015,NA,drug,2,30,OTHER,TERMINATED,RANDOMIZED,True,DOUBLE,2.0,True,True,SINGLE_GROUP,True,active,True,,,,,False,False,False,False,False,0,False,,False,False
NCT02854904,2016.0,2016-2020,PHASE2;PHASE3,drug,2,46,OTHER,UNKNOWN,RANDOMIZED,True,QUADRUPLE,4.0,True,True,PARALLEL,False,placebo/sham,True,,,,,True,True,False,False,False,0,False,UNDECIDED,False,True
NCT06293404,2024.0,2021-2026,NA,drug,2,60,OTHER,NOT_YET_RECRUITING,NON_RANDOMIZED,False,SINGLE,1.0,True,False,PARALLEL,True,active,True,,,,,False,False,False,False,False,0,False,NO,False,False
NCT01342562,2010.0,<=2015,NA,drug,2,54,OTHER,COMPLETED,RANDOMIZED,True,DOUBLE,2.0,True,True,PARALLEL,True,placebo/sham,True,,,,,False,False,False,False,False,1,True,,False,False
NCT01608334,2011.0,<=2015,NA,drug,2,56,OTHER,COMPLETED,RANDOMIZED,True,DOUBLE,2.0,True,True,PARALLEL,True,active,True,,,,,False,False,False,False,False,0,False,,False,False
NCT06600048,2024.0,2021-2026,NA,drug,2,90,OTHER,COMPLETED,RANDOMIZED,True,DOUBLE,2.0,True,True,PARALLEL,True,active,True,,,,,False,True,False,False,False,0,False,YES,True,
NCT05427149,2022.0,2021-2026,NA,drug,4,120,OTHER,COMPLETED,RANDOMIZED,True,SINGLE,1.0,True,False,PARALLEL,True,active,True,,,,,False,True,True,False,False,0,False,YES,True,False
NCT03746418,2016.0,2016-2020,EARLY_PHASE1,drug,2,40,OTHER,COMPLETED,RANDOMIZED,True,TRIPLE,3.0,True,True,PARALLEL,True,placebo/sham,True,,,,,False,False,False,False,True,0,False,UNDECIDED,False,True
NCT02966743,2016.0,2016-2020,NA,drug,2,0,OTHER,WITHDRAWN,RANDOMIZED,True,DOUBLE,2.0,True,True,PARALLEL,False,active,True,,,,,False,False,False,False,False,0,False,UNDECIDED,False,True
NCT06229054,2024.0,2021-2026,EARLY_PHASE1,drug,2,56,OTHER,COMPLETED,RANDOMIZED,True,DOUBLE,2.0,True,True,PARALLEL,True,none/single-group,False,,,,,False,False,False,False,False,0,False,NO,False,True
NCT00803725,2008.0,<=2015,NA,drug,2,34,OTHER,COMPLETED,RANDOMIZED,True,TRIPLE,3.0,True,True,PARALLEL,True,active,True,,,,,False,True,False,False,False,1,True,,False,False
NCT07655245,2026.0,2021-2026,NA,drug,2,62,OTHER,NOT_YET_RECRUITING,RANDOMIZED,True,QUADRUPLE,4.0,True,True,PARALLEL,True,placebo/sham,True,,,,,False,False,False,False,True,0,False,UNDECIDED,False,False
NCT07687355,2026.0,2021-2026,NA,drug,2,262,OTHER_GOV,NOT_YET_RECRUITING,RANDOMIZED,True,SINGLE,1.0,True,False,PARALLEL,True,active,True,,,,,False,False,False,False,False,0,False,NO,False,True
NCT06153602,2023.0,2021-2026,NA,drug,2,80,OTHER,COMPLETED,RANDOMIZED,True,QUADRUPLE,4.0,True,True,PARALLEL,True,placebo/sham,True,,,,,False,True,False,False,False,0,False,NO,False,False
NCT00991627,2009.0,<=2015,PHASE4,drug,2,36,OTHER,COMPLETED,RANDOMIZED,True,SINGLE,1.0,True,False,PARALLEL,False,active,True,,,,,True,True,False,False,False,0,False,,False,False
NCT07445451,2024.0,2021-2026,NA,drug,3,93,OTHER_GOV,COMPLETED,RANDOMIZED,True,NONE,0.0,False,False,PARALLEL,True,active,True,,,,,False,True,True,False,False,0,False,NO,False,False
NCT06722742,2024.0,2021-2026,PHASE3,drug,2,250,OTHER,RECRUITING,RANDOMIZED,True,TRIPLE,3.0,True,True,PARALLEL,True,active,True,,,,,True,True,False,False,False,0,False,NO,False,False
NCT03134677,2014.0,<=2015,PHASE4,drug,2,90,OTHER,COMPLETED,RANDOMIZED,True,DOUBLE,2.0,True,True,PARALLEL,False,none/single-group,False,,,,,True,True,False,False,False,0,False,UNDECIDED,False,False
NCT01108874,2009.0,<=2015,PHASE2,drug,0,48,OTHER,COMPLETED,RANDOMIZED,True,TRIPLE,3.0,True,True,SINGLE_GROUP,False,none/single-group,False,,,,,False,True,False,False,False,0,False,,False,
NCT07108881,2024.0,2021-2026,PHASE4,drug,2,116,OTHER,COMPLETED,RANDOMIZED,True,TRIPLE,3.0,True,True,PARALLEL,True,placebo/sham,True,,,,,True,False,False,False,False,1,True,NO,False,False
NCT05285800,2021.0,2021-2026,PHASE3,drug,2,60,OTHER,COMPLETED,RANDOMIZED,True,NONE,0.0,False,False,PARALLEL,False,active,True,,,,,True,True,False,False,False,0,False,NO,False,True
NCT01414777,2009.0,<=2015,PHASE2;PHASE3,drug,2,68,OTHER,COMPLETED,RANDOMIZED,True,TRIPLE,3.0,True,True,PARALLEL,False,placebo/sham,True,,,,,True,False,False,False,False,1,True,,False,False
NCT05999890,2021.0,2021-2026,PHASE4,drug,2,74,OTHER_GOV,COMPLETED,RANDOMIZED,True,SINGLE,1.0,True,False,PARALLEL,False,active,True,,,,,True,True,False,False,False,0,False,NO,False,False
NCT07078201,2025.0,2021-2026,PHASE4,drug,2,40,OTHER,RECRUITING,RANDOMIZED,True,QUADRUPLE,4.0,True,True,PARALLEL,False,active,True,,,,,True,False,False,False,True,0,False,NO,False,False
NCT04613726,2018.0,2016-2020,PHASE3,drug,3,120,OTHER,COMPLETED,RANDOMIZED,True,TRIPLE,3.0,True,True,PARALLEL,True,placebo/sham,True,,,,,True,False,True,False,False,0,False,NO,False,False
NCT03805503,2015.0,<=2015,PHASE4,drug,1,12,OTHER,COMPLETED,,False,NONE,0.0,False,False,SEQUENTIAL,False,none/single-group,False,,,,,True,True,False,False,False,0,False,NO,False,True
NCT05481281,2022.0,2021-2026,PHASE3,drug,2,104,OTHER,UNKNOWN,RANDOMIZED,True,TRIPLE,3.0,True,True,PARALLEL,True,none/single-group,False,,,,,True,True,False,False,False,0,False,NO,False,False
NCT01378325,2012.0,<=2015,PHASE4,drug,2,80,OTHER,COMPLETED,RANDOMIZED,True,DOUBLE,2.0,True,True,PARALLEL,False,placebo/sham,True,80.0,79.0,0.012499999999999956,True,True,False,False,True,False,0,False,,False,True
NCT03702400,2018.0,2016-2020,PHASE2,drug,2,72,OTHER_GOV,COMPLETED,RANDOMIZED,True,TRIPLE,3.0,True,True,PARALLEL,True,active,True,,,,,False,True,False,False,False,0,False,NO,False,True
NCT01055236,2007.0,<=2015,PHASE4,drug,2,80,OTHER,COMPLETED,RANDOMIZED,True,QUADRUPLE,4.0,True,True,PARALLEL,False,placebo/sham,True,,,,,True,False,False,False,False,0,False,,False,False
NCT05491187,2022.0,2021-2026,PHASE3,drug,2,72,OTHER,COMPLETED,RANDOMIZED,True,DOUBLE,2.0,True,True,PARALLEL,False,active,True,,,,,True,True,False,False,True,0,False,NO,False,True
NCT03976934,2020.0,2016-2020,PHASE1;PHASE2,drug,2,100,OTHER,COMPLETED,RANDOMIZED,True,DOUBLE,2.0,True,True,PARALLEL,True,placebo/sham,True,,,,,False,False,False,False,False,0,False,NO,False,False
NCT03357055,2017.0,2016-2020,PHASE4,drug,2,60,OTHER,UNKNOWN,RANDOMIZED,True,TRIPLE,3.0,True,True,PARALLEL,False,placebo/sham,True,,,,,True,False,False,False,False,0,False,NO,False,False
NCT07543913,2023.0,2021-2026,NA,drug,2,90,OTHER,COMPLETED,RANDOMIZED,True,SINGLE,1.0,True,False,PARALLEL,True,none/single-group,False,,,,,False,False,False,False,False,0,False,NO,False,False
NCT06219837,2023.0,2021-2026,NA,drug,2,80,OTHER,UNKNOWN,RANDOMIZED,True,SINGLE,1.0,True,False,PARALLEL,True,placebo/sham,True,,,,,False,False,False,False,False,0,False,,False,
NCT01841606,2013.0,<=2015,PHASE2,drug,2,57,OTHER,COMPLETED,RANDOMIZED,True,QUADRUPLE,4.0,True,True,PARALLEL,True,placebo/sham,True,52.0,52.0,0.0,True,False,True,False,True,False,0,False,,False,False
NCT03370562,2020.0,2016-2020,NA,drug,2,100,OTHER,COMPLETED,RANDOMIZED,True,QUADRUPLE,4.0,True,True,PARALLEL,True,placebo/sham,True,,,,,False,True,False,False,False,0,False,NO,False,False
NCT06835101,2025.0,2021-2026,PHASE2,drug,2,40,OTHER_GOV,NOT_YET_RECRUITING,RANDOMIZED,True,DOUBLE,2.0,True,True,PARALLEL,False,active,True,,,,,False,False,False,False,False,0,False,,False,False
NCT02285010,2014.0,<=2015,PHASE4,drug,2,125,OTHER,COMPLETED,RANDOMIZED,True,QUADRUPLE,4.0,True,True,PARALLEL,True,placebo/sham,True,125.0,119.0,0.04800000000000004,True,True,True,False,True,False,0,False,,False,False
NCT05706727,2023.0,2021-2026,PHASE3,drug,2,42,OTHER,COMPLETED,RANDOMIZED,True,QUADRUPLE,4.0,True,True,PARALLEL,False,none/single-group,False,,,,,True,False,False,False,False,0,False,NO,False,True
NCT05335655,2022.0,2021-2026,PHASE3,drug,2,60,OTHER,UNKNOWN,RANDOMIZED,True,TRIPLE,3.0,True,True,PARALLEL,False,placebo/sham,True,,,,,True,False,False,False,False,0,False,NO,False,
NCT06248593,2025.0,2021-2026,PHASE4,drug,2,140,OTHER,RECRUITING,RANDOMIZED,True,QUADRUPLE,4.0,True,True,PARALLEL,True,active,True,,,,,True,True,False,False,False,0,False,YES,True,False
NCT03128216,2017.0,2016-2020,NA,both,3,48,OTHER,UNKNOWN,RANDOMIZED,True,DOUBLE,2.0,True,True,PARALLEL,True,active,True,,,,,False,True,True,False,False,0,False,NO,False,False
NCT05474001,2022.0,2021-2026,NA,drug,3,90,OTHER,UNKNOWN,RANDOMIZED,True,SINGLE,1.0,True,False,FACTORIAL,True,placebo/sham,True,,,,,False,False,True,False,False,0,False,NO,False,True
NCT02965586,2016.0,2016-2020,PHASE1;PHASE2,drug,3,90,OTHER,UNKNOWN,RANDOMIZED,True,TRIPLE,3.0,True,True,PARALLEL,True,placebo/sham,True,,,,,False,False,True,False,False,0,False,NO,False,False
NCT02343432,2008.0,<=2015,NA,drug,3,75,OTHER,COMPLETED,RANDOMIZED,True,DOUBLE,2.0,True,True,PARALLEL,True,none/single-group,False,,,,,False,False,True,False,False,0,False,,False,False
NCT00119184,2002.0,<=2015,PHASE1,both,2,140,OTHER,TERMINATED,RANDOMIZED,True,NONE,0.0,False,False,CROSSOVER,True,active,True,,,,,False,True,False,False,False,2,True,,False,False
NCT02025426,2012.0,<=2015,PHASE4,drug,2,13,OTHER,TERMINATED,RANDOMIZED,True,QUADRUPLE,4.0,True,True,PARALLEL,False,active,True,13.0,13.0,0.0,True,True,True,False,True,False,0,False,,False,False
NCT07131579,2026.0,2021-2026,NA,drug,2,100,OTHER,ENROLLING_BY_INVITATION,RANDOMIZED,True,DOUBLE,2.0,True,True,PARALLEL,True,placebo/sham,True,,,,,False,False,False,False,False,0,False,,False,
NCT03781388,2019.0,2016-2020,PHASE4,drug,2,45,OTHER,COMPLETED,NON_RANDOMIZED,False,TRIPLE,3.0,True,True,SEQUENTIAL,False,none/single-group,False,42.0,42.0,0.0,True,True,True,False,True,False,1,True,NO,False,True
NCT01665586,2012.0,<=2015,NA,drug,2,82,OTHER,COMPLETED,RANDOMIZED,True,SINGLE,1.0,True,False,PARALLEL,True,placebo/sham,True,,,,,False,False,False,False,False,1,True,,False,False
NCT07676955,2021.0,2021-2026,PHASE4,drug,2,80,OTHER,COMPLETED,RANDOMIZED,True,NONE,0.0,False,False,PARALLEL,False,active,True,,,,,True,True,False,False,False,0,False,YES,True,True
NCT05493228,2022.0,2021-2026,PHASE3,drug,2,38,OTHER,UNKNOWN,RANDOMIZED,True,TRIPLE,3.0,True,True,PARALLEL,False,placebo/sham,True,,,,,True,False,False,False,False,0,False,,False,False
NCT07322419,2026.0,2021-2026,PHASE4,both,2,200,OTHER,RECRUITING,RANDOMIZED,True,TRIPLE,3.0,True,True,PARALLEL,True,active,True,,,,,True,True,False,False,False,0,False,NO,False,False
NCT01979653,2013.0,<=2015,NA,drug,2,0,OTHER,WITHDRAWN,RANDOMIZED,True,TRIPLE,3.0,True,True,PARALLEL,False,none/single-group,False,,,,,False,True,False,False,False,0,False,,False,False
NCT02458742,2015.0,<=2015,NA,drug,2,80,OTHER,COMPLETED,RANDOMIZED,True,TRIPLE,3.0,True,True,PARALLEL,True,placebo/sham,True,,,,,False,False,False,False,False,0,False,,False,True
NCT01451060,2011.0,<=2015,PHASE3,drug,0,0,OTHER,WITHDRAWN,RANDOMIZED,True,DOUBLE,2.0,True,True,SINGLE_GROUP,False,none/single-group,False,,,,,True,True,False,False,False,0,False,YES,True,True
NCT07139522,2023.0,2021-2026,NA,drug,3,150,OTHER,RECRUITING,RANDOMIZED,True,DOUBLE,2.0,True,True,PARALLEL,True,active,True,,,,,False,True,True,False,False,0,False,YES,True,
NCT07513740,2026.0,2021-2026,NA,both,3,75,OTHER,RECRUITING,RANDOMIZED,True,TRIPLE,3.0,True,True,PARALLEL,True,active,True,,,,,False,False,True,False,False,0,False,NO,False,False
NCT04160598,2020.0,2016-2020,NA,drug,2,144,OTHER,UNKNOWN,RANDOMIZED,True,TRIPLE,3.0,True,True,PARALLEL,True,placebo/sham,True,,,,,False,False,False,False,False,0,False,NO,False,
NCT07294352,2026.0,2021-2026,NA,drug,2,40,OTHER,ACTIVE_NOT_RECRUITING,RANDOMIZED,True,TRIPLE,3.0,True,True,PARALLEL,True,active,True,,,,,False,True,False,False,False,0,False,UNDECIDED,False,False
NCT06508359,2025.0,2021-2026,NA,drug,4,700,OTHER,COMPLETED,RANDOMIZED,True,DOUBLE,2.0,True,True,CROSSOVER,True,active,True,,,,,False,True,True,False,False,0,False,,False,
NCT04005664,2018.0,2016-2020,NA,drug,2,300,OTHER,COMPLETED,NON_RANDOMIZED,False,NONE,0.0,False,False,PARALLEL,True,active,True,,,,,False,True,False,False,True,0,False,NO,False,False
NCT03134391,2016.0,2016-2020,NA,drug,2,97,OTHER,COMPLETED,RANDOMIZED,True,SINGLE,1.0,True,False,PARALLEL,True,active,True,,,,,False,False,False,False,True,0,False,UNDECIDED,False,False
NCT02654860,2016.0,2016-2020,PHASE1;PHASE2,drug,4,69,INDUSTRY,COMPLETED,RANDOMIZED,True,DOUBLE,2.0,True,True,PARALLEL,True,placebo/sham,True,9.0,9.0,0.0,True,False,False,True,True,False,0,False,NO,False,True
NCT07332572,2025.0,2021-2026,PHASE4,drug,2,100,OTHER,COMPLETED,RANDOMIZED,True,QUADRUPLE,4.0,True,True,PARALLEL,True,active,True,,,,,True,True,False,False,False,0,False,UNDECIDED,False,True
NCT04294992,2020.0,2016-2020,NA,drug,2,180,OTHER,UNKNOWN,RANDOMIZED,True,TRIPLE,3.0,True,True,PARALLEL,True,active,True,,,,,False,True,False,False,False,0,False,UNDECIDED,False,False
NCT02376192,2014.0,<=2015,PHASE4,both,2,32,OTHER,COMPLETED,RANDOMIZED,True,NONE,0.0,False,False,PARALLEL,False,none/single-group,False,,,,,True,True,False,False,False,0,False,,False,True
NCT07663149,2026.0,2021-2026,NA,drug,2,108,OTHER,COMPLETED,RANDOMIZED,True,NONE,0.0,False,False,PARALLEL,True,no-intervention,True,,,,,False,False,False,False,False,0,False,NO,False,False
NCT03719625,2019.0,2016-2020,PHASE4,drug,2,200,OTHER,UNKNOWN,RANDOMIZED,True,SINGLE,1.0,True,False,PARALLEL,True,none/single-group,False,,,,,True,False,False,False,False,0,False,UNDECIDED,False,False
NCT06792474,2026.0,2021-2026,PHASE4,drug,2,44,OTHER,NOT_YET_RECRUITING,RANDOMIZED,True,TRIPLE,3.0,True,True,PARALLEL,False,placebo/sham,True,,,,,True,True,False,False,False,0,False,NO,False,
NCT02752477,2016.0,2016-2020,PHASE3,drug,2,30,OTHER,UNKNOWN,RANDOMIZED,True,SINGLE,1.0,True,False,PARALLEL,False,active,True,,,,,True,True,False,False,False,0,False,NO,False,False
NCT06621849,2024.0,2021-2026,EARLY_PHASE1,both,2,70,OTHER,COMPLETED,RANDOMIZED,True,QUADRUPLE,4.0,True,True,PARALLEL,True,active,True,,,,,False,False,False,False,False,1,True,,False,
NCT05680142,2023.0,2021-2026,NA,drug,2,40,OTHER_GOV,COMPLETED,RANDOMIZED,True,DOUBLE,2.0,True,True,PARALLEL,True,active,True,,,,,False,True,False,False,False,0,False,NO,False,False
NCT03607916,2014.0,<=2015,PHASE2,drug,10,40,OTHER,COMPLETED,NON_RANDOMIZED,False,DOUBLE,2.0,True,True,PARALLEL,False,none/single-group,False,,,,,False,True,True,False,False,0,False,NO,False,
NCT03328533,2017.0,2016-2020,PHASE4,drug,2,123,OTHER,COMPLETED,RANDOMIZED,True,TRIPLE,3.0,True,True,PARALLEL,True,active,True,,,,,True,False,False,False,False,0,False,NO,False,True
NCT01013090,2009.0,<=2015,NA,drug,6,1000,OTHER,COMPLETED,RANDOMIZED,True,TRIPLE,3.0,True,True,PARALLEL,True,active,True,,,,,False,True,True,False,False,0,False,,False,True
NCT04327726,2020.0,2016-2020,NA,drug,2,43,OTHER_GOV,COMPLETED,RANDOMIZED,True,TRIPLE,3.0,True,True,PARALLEL,True,placebo/sham,True,,,,,False,True,False,False,False,1,True,YES,True,False
NCT05892913,2023.0,2021-2026,PHASE4,drug,2,60,OTHER,COMPLETED,RANDOMIZED,True,SINGLE,1.0,True,False,PARALLEL,False,active,True,,,,,True,True,False,False,False,0,False,,False,
NCT03639389,2019.0,2016-2020,PHASE3,drug,2,211,OTHER,COMPLETED,RANDOMIZED,True,SINGLE,1.0,True,False,PARALLEL,True,active,True,,,,,True,True,False,False,False,0,False,UNDECIDED,False,True
NCT02101047,2015.0,<=2015,NA,drug,3,0,OTHER,WITHDRAWN,RANDOMIZED,True,TRIPLE,3.0,True,True,PARALLEL,False,none/single-group,False,,,,,False,True,True,False,False,0,False,,False,True
NCT03858465,2019.0,2016-2020,NA,drug,2,50,OTHER,COMPLETED,RANDOMIZED,True,SINGLE,1.0,True,False,PARALLEL,True,active,True,,,,,False,False,False,False,False,0,False,UNDECIDED,False,False
NCT03932578,2019.0,2016-2020,PHASE4,drug,2,60,OTHER,COMPLETED,RANDOMIZED,True,SINGLE,1.0,True,False,PARALLEL,False,active,True,,,,,True,False,False,False,False,0,False,YES,True,False
NCT04992572,2021.0,2021-2026,EARLY_PHASE1,drug,2,100,OTHER,RECRUITING,RANDOMIZED,True,NONE,0.0,False,False,PARALLEL,True,active,True,,,,,False,True,False,False,False,0,False,NO,False,False
NCT06102382,2024.0,2021-2026,NA,drug,2,100,OTHER,RECRUITING,RANDOMIZED,True,QUADRUPLE,4.0,True,True,PARALLEL,True,active,True,,,,,False,True,False,False,False,0,False,,False,
NCT03704909,2018.0,2016-2020,PHASE4,drug,2,143,OTHER,COMPLETED,RANDOMIZED,True,TRIPLE,3.0,True,True,PARALLEL,True,active,True,,,,,True,False,False,False,False,0,False,,False,False
NCT04654429,2020.0,2016-2020,PHASE4,drug,4,628,OTHER,UNKNOWN,RANDOMIZED,True,QUADRUPLE,4.0,True,True,FACTORIAL,True,placebo/sham,True,,,,,True,False,True,False,True,0,False,NO,False,True
NCT02825056,2016.0,2016-2020,EARLY_PHASE1,drug,2,60,OTHER,UNKNOWN,RANDOMIZED,True,DOUBLE,2.0,True,True,PARALLEL,True,active,True,,,,,False,False,False,False,False,1,True,YES,True,True
NCT03636048,2018.0,2016-2020,NA,drug,2,20,OTHER,TERMINATED,RANDOMIZED,True,NONE,0.0,False,False,PARALLEL,False,active,True,,,,,False,False,False,False,False,0,False,,False,
NCT01005550,2009.0,<=2015,PHASE4,drug,4,64,OTHER,COMPLETED,RANDOMIZED,True,DOUBLE,2.0,True,True,PARALLEL,False,none/single-group,False,,,,,True,True,True,False,True,0,False,,False,True
NCT03793751,2017.0,2016-2020,PHASE4,drug,2,120,OTHER,COMPLETED,RANDOMIZED,True,QUADRUPLE,4.0,True,True,PARALLEL,True,placebo/sham,True,120.0,120.0,0.0,True,True,False,False,True,False,0,False,NO,False,True
NCT06995690,2025.0,2021-2026,NA,drug,2,30,OTHER,RECRUITING,RANDOMIZED,True,DOUBLE,2.0,True,True,PARALLEL,True,placebo/sham,True,,,,,False,False,False,False,False,0,False,NO,False,False
NCT05718011,2021.0,2021-2026,PHASE4,drug,2,116,OTHER,COMPLETED,RANDOMIZED,True,NONE,0.0,False,False,PARALLEL,True,active,True,,,,,True,False,False,False,True,0,False,NO,False,
NCT05099055,2022.0,2021-2026,PHASE3,drug,2,42,OTHER,COMPLETED,RANDOMIZED,True,TRIPLE,3.0,True,True,PARALLEL,False,active,True,,,,,True,True,False,False,False,0,False,NO,False,True
NCT05345249,2022.0,2021-2026,PHASE4,drug,2,76,OTHER,COMPLETED,RANDOMIZED,True,QUADRUPLE,4.0,True,True,PARALLEL,False,placebo/sham,True,,,,,True,True,False,False,False,1,True,YES,True,False
NCT03013075,2016.0,2016-2020,PHASE4,both,2,50,OTHER,UNKNOWN,RANDOMIZED,True,NONE,0.0,False,False,PARALLEL,False,active,True,,,,,True,False,False,False,False,0,False,,False,False
NCT01932424,2013.0,<=2015,PHASE4,both,1,20,OTHER,COMPLETED,NA,False,DOUBLE,2.0,True,True,SINGLE_GROUP,False,none/single-group,False,,,,,True,False,False,False,False,0,False,,False,True
NCT02961842,2016.0,2016-2020,NA,both,2,200,OTHER,COMPLETED,RANDOMIZED,True,TRIPLE,3.0,True,True,PARALLEL,True,active,True,,,,,False,True,False,False,False,1,True,NO,False,False
NCT07051512,2023.0,2021-2026,PHASE1,drug,3,90,OTHER,COMPLETED,RANDOMIZED,True,DOUBLE,2.0,True,True,PARALLEL,True,none/single-group,False,,,,,False,False,True,False,False,0,False,UNDECIDED,False,False
NCT05294926,2022.0,2021-2026,EARLY_PHASE1,both,2,88,OTHER,UNKNOWN,RANDOMIZED,True,TRIPLE,3.0,True,True,PARALLEL,True,active,True,,,,,False,False,False,False,False,0,False,,False,
NCT05785377,2027.0,2021-2026,NA,drug,2,58,OTHER,NOT_YET_RECRUITING,RANDOMIZED,True,DOUBLE,2.0,True,True,PARALLEL,True,placebo/sham,True,,,,,False,False,False,False,False,0,False,,False,
NCT03335293,2019.0,2016-2020,PHASE4,drug,3,0,OTHER,WITHDRAWN,RANDOMIZED,True,QUADRUPLE,4.0,True,True,PARALLEL,False,placebo/sham,True,,,,,True,False,True,False,False,0,False,NO,False,True
NCT03122756,2017.0,2016-2020,EARLY_PHASE1,drug,2,100,OTHER,UNKNOWN,RANDOMIZED,True,TRIPLE,3.0,True,True,PARALLEL,True,placebo/sham,True,,,,,False,True,False,False,False,0,False,NO,False,True
NCT05505708,2022.0,2021-2026,EARLY_PHASE1,drug,2,44,OTHER,UNKNOWN,RANDOMIZED,True,DOUBLE,2.0,True,True,PARALLEL,True,active,True,,,,,False,False,False,False,False,0,False,YES,True,False
NCT05651399,2022.0,2021-2026,PHASE4,drug,2,78,OTHER,COMPLETED,RANDOMIZED,True,SINGLE,1.0,True,False,PARALLEL,False,active,True,,,,,True,True,False,False,False,0,False,,False,False
NCT07460518,2026.0,2021-2026,PHASE4,drug,2,80,OTHER,NOT_YET_RECRUITING,RANDOMIZED,True,QUADRUPLE,4.0,True,True,PARALLEL,False,placebo/sham,True,,,,,True,True,False,False,False,0,False,NO,False,False
NCT03580889,2017.0,2016-2020,PHASE4,drug,3,138,OTHER,UNKNOWN,RANDOMIZED,True,QUADRUPLE,4.0,True,True,FACTORIAL,True,active,True,,,,,True,False,True,False,True,0,False,NO,False,True
NCT03620942,2018.0,2016-2020,NA,both,2,173,OTHER_GOV,ACTIVE_NOT_RECRUITING,RANDOMIZED,True,DOUBLE,2.0,True,True,PARALLEL,True,active,True,,,,,False,True,False,False,False,2,True,NO,False,False
NCT02046772,2012.0,<=2015,PHASE4,drug,2,63,OTHER,COMPLETED,RANDOMIZED,True,SINGLE,1.0,True,False,PARALLEL,False,active,True,63.0,63.0,0.0,True,True,True,False,True,False,0,False,,False,False
NCT00550186,2007.0,<=2015,NA,drug,3,144,OTHER,COMPLETED,RANDOMIZED,True,TRIPLE,3.0,True,True,PARALLEL,True,placebo/sham,True,,,,,False,False,True,False,False,0,False,,False,False
NCT03712111,2018.0,2016-2020,PHASE4,drug,2,86,OTHER,UNKNOWN,RANDOMIZED,True,QUADRUPLE,4.0,True,True,PARALLEL,False,active,True,,,,,True,True,False,False,False,0,False,NO,False,True
NCT03792906,2019.0,2016-2020,PHASE4,drug,2,110,OTHER,COMPLETED,RANDOMIZED,True,QUADRUPLE,4.0,True,True,PARALLEL,True,active,True,,,,,True,True,False,False,False,1,True,NO,False,True
NCT01636869,2012.0,<=2015,PHASE4,drug,1,43,OTHER,COMPLETED,NA,False,NONE,0.0,False,False,SINGLE_GROUP,False,none/single-group,False,,,,,True,False,False,False,False,0,False,,False,True
NCT00199316,2005.0,<=2015,NA,drug,0,80,OTHER,UNKNOWN,RANDOMIZED,True,QUADRUPLE,4.0,True,True,PARALLEL,True,none/single-group,False,,,,,False,True,False,False,False,0,False,,False,
NCT03214536,2017.0,2016-2020,NA,both,1,15,OTHER,COMPLETED,NA,False,NONE,0.0,False,False,SINGLE_GROUP,False,none/single-group,False,,,,,False,False,False,False,False,0,False,UNDECIDED,False,False
NCT02284386,2014.0,<=2015,PHASE4,drug,1,15,INDUSTRY,COMPLETED,NA,False,NONE,0.0,False,False,SINGLE_GROUP,False,none/single-group,False,15.0,15.0,0.0,True,True,True,False,True,False,0,False,,False,False
NCT02009722,2014.0,<=2015,PHASE4,drug,2,84,OTHER,COMPLETED,RANDOMIZED,True,TRIPLE,3.0,True,True,PARALLEL,False,active,True,84.0,80.0,0.04761904761904767,True,True,True,False,True,False,0,False,,False,True
NCT03792191,2019.0,2016-2020,NA,both,2,280,OTHER,COMPLETED,RANDOMIZED,True,DOUBLE,2.0,True,True,PARALLEL,True,active,True,280.0,280.0,0.0,True,False,True,False,True,False,1,True,NO,False,False
NCT02384343,2015.0,<=2015,PHASE3,drug,2,80,OTHER,COMPLETED,RANDOMIZED,True,QUADRUPLE,4.0,True,True,PARALLEL,False,placebo/sham,True,,,,,True,True,False,False,False,1,True,UNDECIDED,False,False
NCT02030717,2012.0,<=2015,PHASE2;PHASE3,drug,2,120,OTHER,COMPLETED,RANDOMIZED,True,NONE,0.0,False,False,PARALLEL,True,active,True,,,,,True,True,False,False,False,1,True,,False,True
NCT02424591,2014.0,<=2015,PHASE4,drug,2,46,OTHER,COMPLETED,RANDOMIZED,True,SINGLE,1.0,True,False,PARALLEL,False,placebo/sham,True,45.0,40.0,0.11111111111111116,True,True,False,False,True,False,0,False,YES,True,True
NCT07037654,2025.0,2021-2026,NA,drug,2,112,OTHER,ACTIVE_NOT_RECRUITING,RANDOMIZED,True,DOUBLE,2.0,True,True,PARALLEL,True,placebo/sham,True,,,,,False,False,False,False,False,0,False,,False,False
NCT07706426,2026.0,2021-2026,NA,drug,10,80,OTHER,NOT_YET_RECRUITING,RANDOMIZED,True,TRIPLE,3.0,True,True,PARALLEL,True,placebo/sham,True,,,,,False,True,True,False,False,0,False,,False,
NCT03055663,2017.0,2016-2020,NA,both,2,37,OTHER,COMPLETED,RANDOMIZED,True,NONE,0.0,False,False,PARALLEL,True,active,True,,,,,False,True,False,False,False,0,False,NO,False,False
NCT06507397,2022.0,2021-2026,NA,drug,2,76,OTHER,COMPLETED,RANDOMIZED,True,DOUBLE,2.0,True,True,PARALLEL,True,active,True,,,,,False,False,False,False,False,0,False,YES,True,
NCT05470530,2022.0,2021-2026,PHASE1,drug,2,66,OTHER,COMPLETED,RANDOMIZED,True,DOUBLE,2.0,True,True,PARALLEL,True,active,True,,,,,False,True,False,False,False,0,False,YES,True,
NCT06408974,2024.0,2021-2026,PHASE4,drug,3,90,OTHER,UNKNOWN,RANDOMIZED,True,DOUBLE,2.0,True,True,PARALLEL,False,active,True,,,,,True,False,True,False,True,0,False,,False,
NCT03910088,2019.0,2016-2020,PHASE4,drug,3,30,OTHER,COMPLETED,RANDOMIZED,True,SINGLE,1.0,True,False,PARALLEL,False,placebo/sham,True,,,,,True,True,True,False,False,0,False,NO,False,
NCT04701190,2021.0,2021-2026,PHASE4,both,3,180,OTHER,COMPLETED,RANDOMIZED,True,DOUBLE,2.0,True,True,PARALLEL,True,active,True,,,,,True,False,True,False,False,1,True,NO,False,False
NCT07615595,2025.0,2021-2026,PHASE4,drug,2,176,OTHER,ENROLLING_BY_INVITATION,RANDOMIZED,True,SINGLE,1.0,True,False,PARALLEL,True,placebo/sham,True,,,,,True,False,False,False,False,0,False,,False,False
NCT06112223,2023.0,2021-2026,NA,drug,2,50,OTHER,COMPLETED,RANDOMIZED,True,DOUBLE,2.0,True,True,PARALLEL,True,none/single-group,False,,,,,False,False,False,False,False,0,False,YES,True,False
NCT00977769,2009.0,<=2015,PHASE4,drug,3,76,OTHER,COMPLETED,RANDOMIZED,True,QUADRUPLE,4.0,True,True,PARALLEL,False,placebo/sham,True,76.0,76.0,0.0,True,True,True,True,True,True,1,True,,False,False
NCT03143010,2017.0,2016-2020,NA,drug,4,200,OTHER,UNKNOWN,RANDOMIZED,True,DOUBLE,2.0,True,True,PARALLEL,True,placebo/sham,True,,,,,False,False,True,False,False,0,False,UNDECIDED,False,False
NCT06703229,2024.0,2021-2026,NA,drug,2,100,OTHER,COMPLETED,RANDOMIZED,True,DOUBLE,2.0,True,True,PARALLEL,True,active,True,,,,,False,True,False,False,False,0,False,YES,True,False
NCT04432675,2022.0,2021-2026,PHASE4,drug,2,100,OTHER,COMPLETED,RANDOMIZED,True,TRIPLE,3.0,True,True,PARALLEL,True,active,True,,,,,True,False,False,False,False,0,False,,False,True
NCT07458321,2023.0,2021-2026,NA,drug,2,60,OTHER_GOV,COMPLETED,RANDOMIZED,True,NONE,0.0,False,False,PARALLEL,True,active,True,,,,,False,False,False,False,False,0,False,NO,False,False
NCT03308708,2017.0,2016-2020,NA,drug,2,50,OTHER,UNKNOWN,RANDOMIZED,True,SINGLE,1.0,True,False,PARALLEL,True,no-intervention,True,,,,,False,False,False,False,False,0,False,,False,True
NCT05413902,2021.0,2021-2026,PHASE4,drug,2,100,OTHER,COMPLETED,RANDOMIZED,True,SINGLE,1.0,True,False,PARALLEL,True,active,True,,,,,True,False,False,False,False,1,True,NO,False,True
NCT07334223,2020.0,2016-2020,NA,drug,2,180,OTHER,COMPLETED,RANDOMIZED,True,SINGLE,1.0,True,False,PARALLEL,True,active,True,,,,,False,True,False,False,False,0,False,,False,
NCT06999070,2025.0,2021-2026,NA,drug,2,150,OTHER,NOT_YET_RECRUITING,RANDOMIZED,True,NONE,0.0,False,False,FACTORIAL,True,active,True,,,,,False,False,False,False,False,0,False,,False,True
NCT05348980,2020.0,2016-2020,PHASE4,drug,2,60,OTHER,COMPLETED,RANDOMIZED,True,TRIPLE,3.0,True,True,PARALLEL,False,active,True,,,,,True,False,False,False,True,0,False,YES,True,
NCT06369948,2024.0,2021-2026,NA,both,2,60,OTHER,COMPLETED,RANDOMIZED,True,QUADRUPLE,4.0,True,True,PARALLEL,True,active,True,,,,,False,True,False,False,False,0,False,UNDECIDED,False,
NCT03428230,2018.0,2016-2020,PHASE2,drug,4,60,INDUSTRY,COMPLETED,RANDOMIZED,True,TRIPLE,3.0,True,True,PARALLEL,True,placebo/sham,True,60.0,60.0,0.0,True,False,False,True,True,False,0,False,,False,False
NCT04364607,2020.0,2016-2020,PHASE4,drug,2,100,OTHER,COMPLETED,RANDOMIZED,True,QUADRUPLE,4.0,True,True,PARALLEL,True,placebo/sham,True,,,,,True,False,False,False,False,0,False,YES,True,False
NCT03293472,2017.0,2016-2020,PHASE4,drug,2,60,OTHER,UNKNOWN,RANDOMIZED,True,SINGLE,1.0,True,False,PARALLEL,False,active,True,,,,,True,True,False,False,True,0,False,NO,False,
NCT06297499,2024.0,2021-2026,PHASE1,drug,2,66,OTHER,RECRUITING,RANDOMIZED,True,TRIPLE,3.0,True,True,PARALLEL,True,active,True,,,,,False,True,False,False,False,0,False,NO,False,True
NCT03838874,2019.0,2016-2020,PHASE2;PHASE3,drug,2,154,OTHER,COMPLETED,RANDOMIZED,True,DOUBLE,2.0,True,True,PARALLEL,True,active,True,154.0,154.0,0.0,True,True,True,False,True,False,0,False,NO,False,False
NCT03399019,2016.0,2016-2020,NA,drug,3,45,OTHER,UNKNOWN,RANDOMIZED,True,TRIPLE,3.0,True,True,PARALLEL,True,active,True,,,,,False,False,True,False,False,0,False,UNDECIDED,False,True
NCT06662175,2024.0,2021-2026,PHASE2;PHASE3,drug,2,166,OTHER_GOV,NOT_YET_RECRUITING,RANDOMIZED,True,NONE,0.0,False,False,PARALLEL,True,none/single-group,False,,,,,True,True,False,False,False,0,False,NO,False,False
NCT03626753,2015.0,<=2015,PHASE2;PHASE3,drug,2,200,OTHER,COMPLETED,RANDOMIZED,True,DOUBLE,2.0,True,True,PARALLEL,True,active,True,,,,,True,True,False,False,False,0,False,UNDECIDED,False,False
NCT00213239,2005.0,<=2015,PHASE1;PHASE2,drug,2,64,OTHER,COMPLETED,RANDOMIZED,True,SINGLE,1.0,True,False,PARALLEL,True,none/single-group,False,64.0,64.0,0.0,True,False,True,False,True,True,0,False,,False,False
NCT07329582,2024.0,2021-2026,PHASE4,drug,2,50,OTHER,ACTIVE_NOT_RECRUITING,RANDOMIZED,True,DOUBLE,2.0,True,True,PARALLEL,False,active,True,,,,,True,False,False,False,False,0,False,NO,False,True
NCT00494949,2003.0,<=2015,PHASE1;PHASE2,drug,2,30,INDUSTRY,COMPLETED,RANDOMIZED,True,SINGLE,1.0,True,False,PARALLEL,False,active,True,,,,,False,True,False,False,True,0,False,,False,True
NCT07239999,2026.0,2021-2026,PHASE4,drug,2,170,OTHER,NOT_YET_RECRUITING,RANDOMIZED,True,SINGLE,1.0,True,False,PARALLEL,True,active,True,,,,,True,False,False,False,False,0,False,YES,True,True
NCT02387060,2014.0,<=2015,PHASE4,drug,2,80,OTHER,UNKNOWN,RANDOMIZED,True,TRIPLE,3.0,True,True,PARALLEL,False,active,True,,,,,True,True,False,False,False,0,False,,False,False
NCT01052337,2009.0,<=2015,PHASE4,drug,2,116,OTHER,UNKNOWN,RANDOMIZED,True,NONE,0.0,False,False,PARALLEL,True,active,True,,,,,True,True,False,False,False,0,False,,False,True
NCT07149168,2024.0,2021-2026,PHASE1,drug,2,60,OTHER,COMPLETED,RANDOMIZED,True,SINGLE,1.0,True,False,PARALLEL,True,active,True,,,,,False,False,False,False,False,0,False,YES,True,True
NCT03825198,2019.0,2016-2020,PHASE3,both,2,80,OTHER,UNKNOWN,RANDOMIZED,True,QUADRUPLE,4.0,True,True,PARALLEL,False,placebo/sham,True,,,,,True,True,False,False,False,1,True,NO,False,True
NCT03450499,2018.0,2016-2020,PHASE4,drug,2,80,OTHER,COMPLETED,RANDOMIZED,True,DOUBLE,2.0,True,True,PARALLEL,False,placebo/sham,True,,,,,True,True,False,False,False,1,True,NO,False,
NCT03527576,2018.0,2016-2020,PHASE4,drug,2,50,OTHER,COMPLETED,RANDOMIZED,True,TRIPLE,3.0,True,True,PARALLEL,False,placebo/sham,True,,,,,True,True,False,False,False,1,True,UNDECIDED,False,True
NCT02384915,2015.0,<=2015,PHASE4,both,2,100,OTHER,COMPLETED,RANDOMIZED,True,SINGLE,1.0,True,False,PARALLEL,True,active,True,,,,,True,True,False,False,False,0,False,,False,False
NCT07465185,2026.0,2021-2026,PHASE2,drug,2,300,OTHER,RECRUITING,RANDOMIZED,True,TRIPLE,3.0,True,True,PARALLEL,True,active,True,,,,,False,False,False,False,False,0,False,UNDECIDED,False,
NCT06386783,2023.0,2021-2026,PHASE3,drug,2,148,OTHER,UNKNOWN,RANDOMIZED,True,TRIPLE,3.0,True,True,PARALLEL,True,active,True,,,,,True,True,False,False,False,0,False,NO,False,False
NCT05993182,2023.0,2021-2026,PHASE4,drug,3,300,OTHER,COMPLETED,RANDOMIZED,True,NONE,0.0,False,False,PARALLEL,True,active,True,,,,,True,True,True,False,False,0,False,YES,True,True
NCT06213935,2024.0,2021-2026,NA,drug,2,90,OTHER,UNKNOWN,RANDOMIZED,True,NONE,0.0,False,False,PARALLEL,True,active,True,,,,,False,False,False,False,False,0,False,UNDECIDED,False,False
NCT03973411,2019.0,2016-2020,PHASE4,drug,2,100,OTHER,UNKNOWN,RANDOMIZED,True,QUADRUPLE,4.0,True,True,PARALLEL,True,placebo/sham,True,,,,,True,False,False,False,False,0,False,,False,
NCT01994967,2016.0,2016-2020,PHASE3,drug,2,0,INDUSTRY,WITHDRAWN,RANDOMIZED,True,DOUBLE,2.0,True,True,PARALLEL,False,active,True,,,,,True,True,False,False,False,0,False,,False,True
NCT04991662,2021.0,2021-2026,PHASE4,drug,3,78,OTHER,COMPLETED,RANDOMIZED,True,QUADRUPLE,4.0,True,True,PARALLEL,False,none/single-group,False,,,,,True,False,True,False,False,0,False,NO,False,
NCT00486902,2006.0,<=2015,NA,drug,2,188,OTHER,COMPLETED,RANDOMIZED,True,QUADRUPLE,4.0,True,True,PARALLEL,True,placebo/sham,True,188.0,174.0,0.07446808510638303,True,False,True,False,True,False,0,False,,False,False
NCT04932083,2021.0,2021-2026,NA,drug,4,100,OTHER,COMPLETED,RANDOMIZED,True,TRIPLE,3.0,True,True,PARALLEL,True,placebo/sham,True,,,,,False,True,True,False,False,0,False,NO,False,
NCT01415284,2011.0,<=2015,PHASE4,drug,1,30,OTHER,UNKNOWN,NON_RANDOMIZED,False,QUADRUPLE,4.0,True,True,SINGLE_GROUP,False,none/single-group,False,,,,,True,True,False,False,False,0,False,,False,False
NCT05110469,2021.0,2021-2026,PHASE4,drug,2,100,OTHER,COMPLETED,RANDOMIZED,True,QUADRUPLE,4.0,True,True,PARALLEL,True,none/single-group,False,,,,,True,False,False,False,False,0,False,NO,False,True
NCT06878014,2025.0,2021-2026,PHASE4,both,3,120,OTHER,RECRUITING,RANDOMIZED,True,DOUBLE,2.0,True,True,PARALLEL,True,active,True,,,,,True,True,True,False,False,0,False,UNDECIDED,False,False
NCT02784626,2016.0,2016-2020,PHASE4,drug,2,48,OTHER,COMPLETED,RANDOMIZED,True,QUADRUPLE,4.0,True,True,PARALLEL,False,none/single-group,False,,,,,True,False,False,False,False,0,False,NO,False,False
NCT06736392,2025.0,2021-2026,PHASE2,both,2,60,OTHER,NOT_YET_RECRUITING,RANDOMIZED,True,NONE,0.0,False,False,PARALLEL,True,active,True,,,,,False,False,False,False,False,0,False,,False,False
NCT03302039,2017.0,2016-2020,PHASE4,drug,3,217,OTHER,COMPLETED,RANDOMIZED,True,TRIPLE,3.0,True,True,PARALLEL,True,active,True,,,,,True,False,True,False,False,0,False,UNDECIDED,False,True
NCT03843970,2018.0,2016-2020,PHASE4,drug,2,150,OTHER,UNKNOWN,RANDOMIZED,True,NONE,0.0,False,False,PARALLEL,True,active,True,,,,,True,True,False,False,False,0,False,NO,False,True
NCT03421860,2017.0,2016-2020,PHASE4,drug,4,120,OTHER,COMPLETED,RANDOMIZED,True,TRIPLE,3.0,True,True,PARALLEL,True,active,True,,,,,True,True,True,False,False,0,False,NO,False,False
NCT02937792,2016.0,2016-2020,NA,drug,2,30,OTHER,UNKNOWN,RANDOMIZED,True,DOUBLE,2.0,True,True,PARALLEL,True,no-intervention,True,,,,,False,True,False,False,False,0,False,UNDECIDED,False,False
NCT05368415,2022.0,2021-2026,PHASE4,drug,3,60,OTHER,COMPLETED,RANDOMIZED,True,DOUBLE,2.0,True,True,PARALLEL,False,active,True,,,,,True,True,True,False,False,0,False,YES,True,
NCT07404982,2026.0,2021-2026,PHASE2,drug,2,20,OTHER,RECRUITING,RANDOMIZED,True,NONE,0.0,False,False,PARALLEL,False,no-intervention,True,,,,,False,True,False,False,False,0,False,,False,False
NCT01243970,2012.0,<=2015,PHASE4,drug,2,29,OTHER,TERMINATED,RANDOMIZED,True,QUADRUPLE,4.0,True,True,PARALLEL,False,active,True,,,,,True,True,False,False,False,0,False,,False,True
NCT03176758,2017.0,2016-2020,PHASE4,both,2,60,OTHER,UNKNOWN,NON_RANDOMIZED,False,NONE,0.0,False,False,PARALLEL,False,active,True,,,,,True,False,False,False,False,0,False,NO,False,False
NCT00452972,2004.0,<=2015,NA,drug,0,80,OTHER,COMPLETED,RANDOMIZED,True,SINGLE,1.0,True,False,PARALLEL,True,none/single-group,False,,,,,False,True,False,False,False,1,True,,False,False
NCT05264870,2022.0,2021-2026,PHASE4,drug,2,11,OTHER,TERMINATED,RANDOMIZED,True,DOUBLE,2.0,True,True,PARALLEL,False,active,True,,,,,True,True,False,False,False,0,False,,False,False
NCT06550180,2024.0,2021-2026,NA,drug,2,66,OTHER,COMPLETED,RANDOMIZED,True,DOUBLE,2.0,True,True,PARALLEL,True,none/single-group,False,,,,,False,True,False,False,False,0,False,YES,True,False
NCT05965544,2023.0,2021-2026,NA,drug,2,60,OTHER_GOV,COMPLETED,RANDOMIZED,True,DOUBLE,2.0,True,True,PARALLEL,True,active,True,,,,,False,False,False,False,False,1,True,NO,False,False
NCT00247741,2005.0,<=2015,PHASE3,drug,2,80,OTHER,COMPLETED,RANDOMIZED,True,DOUBLE,2.0,True,True,PARALLEL,False,active,True,,,,,True,True,False,False,True,0,False,,False,False
NCT05311722,2022.0,2021-2026,PHASE3,drug,3,71,OTHER_GOV,UNKNOWN,RANDOMIZED,True,SINGLE,1.0,True,False,PARALLEL,False,none/single-group,False,,,,,True,False,True,False,False,0,False,NO,False,True
NCT06930456,2024.0,2021-2026,NA,drug,3,120,OTHER,ENROLLING_BY_INVITATION,RANDOMIZED,True,DOUBLE,2.0,True,True,PARALLEL,True,placebo/sham,True,,,,,False,False,True,False,False,0,False,UNDECIDED,False,False
NCT03697330,2018.0,2016-2020,PHASE2,drug,2,80,OTHER,COMPLETED,RANDOMIZED,True,QUADRUPLE,4.0,True,True,PARALLEL,True,active,True,,,,,False,False,False,False,False,0,False,NO,False,False
NCT05736341,2023.0,2021-2026,NA,drug,2,80,OTHER,COMPLETED,RANDOMIZED,True,DOUBLE,2.0,True,True,PARALLEL,True,active,True,,,,,False,False,False,False,False,0,False,,False,True
NCT05731960,2023.0,2021-2026,PHASE4,drug,2,192,OTHER,RECRUITING,RANDOMIZED,True,DOUBLE,2.0,True,True,PARALLEL,True,active,True,,,,,True,True,False,False,False,0,False,NO,False,True
NCT05610007,2022.0,2021-2026,PHASE4,drug,2,66,OTHER,UNKNOWN,RANDOMIZED,True,SINGLE,1.0,True,False,PARALLEL,False,active,True,,,,,True,True,False,False,False,0,False,NO,False,True
NCT03883347,2019.0,2016-2020,PHASE3,drug,2,50,OTHER,UNKNOWN,RANDOMIZED,True,QUADRUPLE,4.0,True,True,PARALLEL,False,active,True,,,,,True,True,False,False,False,0,False,NO,False,False
NCT02973048,2018.0,2016-2020,PHASE3,drug,2,40,OTHER,COMPLETED,RANDOMIZED,True,DOUBLE,2.0,True,True,PARALLEL,False,placebo/sham,True,40.0,36.0,0.09999999999999998,True,True,True,False,True,False,1,True,NO,False,False
NCT02369510,2015.0,<=2015,PHASE4,drug,3,68,OTHER,COMPLETED,RANDOMIZED,True,TRIPLE,3.0,True,True,PARALLEL,False,placebo/sham,True,68.0,57.0,0.16176470588235292,True,True,False,True,True,False,1,True,,False,False
NCT01812057,2012.0,<=2015,PHASE4,drug,2,53,OTHER,COMPLETED,RANDOMIZED,True,QUADRUPLE,4.0,True,True,PARALLEL,False,placebo/sham,True,49.0,47.0,0.04081632653061229,True,True,False,False,True,False,1,True,,False,False
NCT04178512,2019.0,2016-2020,NA,drug,3,51,OTHER_GOV,UNKNOWN,RANDOMIZED,True,NONE,0.0,False,False,PARALLEL,True,active,True,,,,,False,False,True,False,False,0,False,,False,
NCT00815022,2008.0,<=2015,NA,drug,6,400,OTHER,COMPLETED,RANDOMIZED,True,QUADRUPLE,4.0,True,True,PARALLEL,True,active,True,,,,,False,True,True,False,False,0,False,,False,True
NCT06836986,2024.0,2021-2026,NA,drug,2,124,OTHER,RECRUITING,RANDOMIZED,True,DOUBLE,2.0,True,True,PARALLEL,True,active,True,,,,,False,False,False,False,False,0,False,UNDECIDED,False,False
NCT02279628,2014.0,<=2015,PHASE4,drug,3,150,OTHER,UNKNOWN,RANDOMIZED,True,TRIPLE,3.0,True,True,PARALLEL,True,active,True,,,,,True,True,True,False,False,1,True,,False,False
NCT02951806,2016.0,2016-2020,NA,drug,2,215,OTHER,COMPLETED,RANDOMIZED,True,TRIPLE,3.0,True,True,PARALLEL,True,active,True,,,,,False,False,False,False,False,0,False,YES,True,True
NCT02818894,2016.0,2016-2020,PHASE4,drug,2,135,OTHER,TERMINATED,RANDOMIZED,True,TRIPLE,3.0,True,True,PARALLEL,True,active,True,135.0,23.0,0.8296296296296296,False,True,False,False,True,False,0,False,NO,False,False
NCT06447194,2025.0,2021-2026,PHASE1;PHASE2,drug,2,0,OTHER,WITHDRAWN,RANDOMIZED,True,QUADRUPLE,4.0,True,True,PARALLEL,False,placebo/sham,True,,,,,False,True,False,False,False,0,False,NO,False,True
NCT06680167,2024.0,2021-2026,EARLY_PHASE1,drug,2,142,OTHER,COMPLETED,RANDOMIZED,True,SINGLE,1.0,True,False,PARALLEL,True,active,True,,,,,False,False,False,False,False,0,False,NO,False,False
NCT04245774,2007.0,<=2015,PHASE4,drug,2,60,OTHER,COMPLETED,RANDOMIZED,True,QUADRUPLE,4.0,True,True,PARALLEL,False,active,True,,,,,True,False,False,False,False,0,False,NO,False,True
NCT06819436,2025.0,2021-2026,PHASE4,drug,2,170,OTHER,RECRUITING,RANDOMIZED,True,SINGLE,1.0,True,False,PARALLEL,True,placebo/sham,True,,,,,True,False,False,False,False,0,False,UNDECIDED,False,False
NCT02737813,2016.0,2016-2020,PHASE4,drug,2,168,OTHER,COMPLETED,RANDOMIZED,True,QUADRUPLE,4.0,True,True,PARALLEL,True,active,True,,,,,True,True,False,False,False,0,False,NO,False,False
NCT05071118,2021.0,2021-2026,PHASE4,drug,2,70,OTHER,COMPLETED,RANDOMIZED,True,QUADRUPLE,4.0,True,True,PARALLEL,False,active,True,,,,,True,True,False,False,False,0,False,,False,
NCT03078062,2017.0,2016-2020,NA,drug,2,60,OTHER,COMPLETED,RANDOMIZED,True,QUADRUPLE,4.0,True,True,PARALLEL,True,placebo/sham,True,,,,,False,False,False,False,False,0,False,NO,False,False
NCT02980926,2016.0,2016-2020,PHASE4,drug,2,32,OTHER,COMPLETED,RANDOMIZED,True,QUADRUPLE,4.0,True,True,PARALLEL,False,active,True,,,,,True,True,False,False,False,0,False,NO,False,False
NCT02854787,2016.0,2016-2020,PHASE4,drug,2,120,OTHER,COMPLETED,RANDOMIZED,True,TRIPLE,3.0,True,True,PARALLEL,True,active,True,,,,,True,False,False,False,False,0,False,UNDECIDED,False,False
NCT03252496,2017.0,2016-2020,NA,both,2,140,OTHER,COMPLETED,RANDOMIZED,True,TRIPLE,3.0,True,True,PARALLEL,True,active,True,,,,,False,True,False,False,False,0,False,NO,False,False
NCT04115449,2019.0,2016-2020,PHASE2;PHASE3,drug,2,40,OTHER,UNKNOWN,RANDOMIZED,True,QUADRUPLE,4.0,True,True,CROSSOVER,False,placebo/sham,True,,,,,True,True,False,False,False,0,False,YES,True,True
NCT04824274,2021.0,2021-2026,NA,both,2,80,OTHER,COMPLETED,RANDOMIZED,True,QUADRUPLE,4.0,True,True,PARALLEL,True,active,True,,,,,False,True,False,False,False,1,True,,False,False
NCT06892600,2023.0,2021-2026,NA,drug,2,30,OTHER,COMPLETED,RANDOMIZED,True,NONE,0.0,False,False,PARALLEL,True,active,True,,,,,False,True,False,False,False,0,False,NO,False,False
NCT01881087,2006.0,<=2015,PHASE4,drug,3,180,OTHER,COMPLETED,RANDOMIZED,True,TRIPLE,3.0,True,True,PARALLEL,True,active,True,183.0,180.0,0.016393442622950838,True,True,True,True,True,False,0,False,YES,True,True
NCT06512415,2024.0,2021-2026,NA,drug,2,184,OTHER,NOT_YET_RECRUITING,RANDOMIZED,True,QUADRUPLE,4.0,True,True,PARALLEL,True,active,True,,,,,False,True,False,False,False,0,False,UNDECIDED,False,False
NCT07198412,2025.0,2021-2026,NA,both,3,180,OTHER,RECRUITING,RANDOMIZED,True,DOUBLE,2.0,True,True,PARALLEL,True,placebo/sham,True,,,,,False,False,True,False,False,0,False,NO,False,
NCT06134895,2023.0,2021-2026,PHASE4,drug,2,190,OTHER,UNKNOWN,RANDOMIZED,True,DOUBLE,2.0,True,True,PARALLEL,True,active,True,,,,,True,False,False,False,False,0,False,NO,False,False
NCT07636421,2026.0,2021-2026,PHASE4,drug,2,332,OTHER,NOT_YET_RECRUITING,RANDOMIZED,True,TRIPLE,3.0,True,True,PARALLEL,True,active,True,,,,,True,True,False,False,False,0,False,YES,True,True
NCT07022821,2025.0,2021-2026,PHASE4,drug,3,90,OTHER,RECRUITING,RANDOMIZED,True,DOUBLE,2.0,True,True,PARALLEL,False,none/single-group,False,,,,,True,True,True,False,False,0,False,YES,True,False
NCT03725228,2018.0,2016-2020,PHASE4,drug,2,44,OTHER,COMPLETED,RANDOMIZED,True,SINGLE,1.0,True,False,PARALLEL,False,active,True,,,,,True,False,False,False,False,0,False,YES,True,False
NCT03940651,2019.0,2016-2020,PHASE4,drug,2,1,OTHER,TERMINATED,RANDOMIZED,True,SINGLE,1.0,True,False,PARALLEL,False,none/single-group,False,,,,,True,True,False,False,False,0,False,NO,False,False
NCT06151483,2023.0,2021-2026,NA,drug,2,1184,OTHER,COMPLETED,RANDOMIZED,True,SINGLE,1.0,True,False,PARALLEL,True,active,True,,,,,False,True,False,False,False,0,False,,False,
NCT03956303,2014.0,<=2015,PHASE4,drug,4,100,OTHER,COMPLETED,RANDOMIZED,True,TRIPLE,3.0,True,True,PARALLEL,True,active,True,,,,,True,True,True,False,False,0,False,,False,False
NCT00679614,2007.0,<=2015,PHASE3,drug,3,45,OTHER,COMPLETED,RANDOMIZED,True,DOUBLE,2.0,True,True,PARALLEL,False,active,True,,,,,True,True,True,False,False,0,False,,False,False
NCT04082676,2019.0,2016-2020,PHASE4,drug,2,112,OTHER,COMPLETED,RANDOMIZED,True,TRIPLE,3.0,True,True,PARALLEL,True,active,True,,,,,True,True,False,False,False,1,True,YES,True,False
NCT07687290,2026.0,2021-2026,NA,both,2,24,OTHER,RECRUITING,RANDOMIZED,True,SINGLE,1.0,True,False,PARALLEL,False,active,True,,,,,False,False,False,False,False,0,False,NO,False,False
NCT04747171,2021.0,2021-2026,NA,drug,3,105,OTHER,UNKNOWN,RANDOMIZED,True,SINGLE,1.0,True,False,PARALLEL,True,active,True,,,,,False,False,True,False,False,0,False,,False,
NCT01020643,2009.0,<=2015,PHASE4,drug,1,203,OTHER,COMPLETED,RANDOMIZED,True,NONE,0.0,False,False,PARALLEL,True,none/single-group,False,,,,,True,True,False,False,False,0,False,,False,False
NCT01205204,2010.0,<=2015,NA,drug,4,0,OTHER,WITHDRAWN,RANDOMIZED,True,TRIPLE,3.0,True,True,PARALLEL,False,active,True,,,,,False,True,True,False,False,0,False,,False,True
NCT03163914,2017.0,2016-2020,PHASE4,drug,4,160,OTHER,COMPLETED,RANDOMIZED,True,DOUBLE,2.0,True,True,PARALLEL,True,placebo/sham,True,,,,,True,False,True,False,False,0,False,NO,False,False
NCT02872935,2015.0,<=2015,PHASE4,drug,2,22,OTHER,TERMINATED,RANDOMIZED,True,QUADRUPLE,4.0,True,True,PARALLEL,False,placebo/sham,True,22.0,21.0,0.045454545454545414,True,True,True,False,True,False,1,True,NO,False,True
NCT05997940,2022.0,2021-2026,NA,drug,2,50,OTHER,UNKNOWN,RANDOMIZED,True,NONE,0.0,False,False,CROSSOVER,True,active,True,,,,,False,False,False,False,False,0,False,,False,False
NCT04778189,2021.0,2021-2026,PHASE2,drug,2,200,OTHER,COMPLETED,RANDOMIZED,True,QUADRUPLE,4.0,True,True,PARALLEL,True,placebo/sham,True,,,,,False,False,False,False,False,1,True,NO,False,True
NCT02375100,2015.0,<=2015,NA,both,3,90,OTHER,COMPLETED,RANDOMIZED,True,NONE,0.0,False,False,PARALLEL,True,active,True,,,,,False,True,True,False,False,0,False,,False,False
NCT07358299,2026.0,2021-2026,PHASE4,drug,2,216,OTHER,NOT_YET_RECRUITING,RANDOMIZED,True,SINGLE,1.0,True,False,PARALLEL,True,none/single-group,False,,,,,True,True,False,False,False,0,False,NO,False,False
NCT03762109,2019.0,2016-2020,PHASE2,drug,2,116,OTHER,COMPLETED,RANDOMIZED,True,TRIPLE,3.0,True,True,PARALLEL,True,placebo/sham,True,116.0,97.0,0.1637931034482759,True,False,True,False,True,False,0,False,NO,False,True
NCT02928601,2016.0,2016-2020,PHASE4,drug,2,108,OTHER,COMPLETED,RANDOMIZED,True,DOUBLE,2.0,True,True,PARALLEL,True,active,True,,,,,True,False,False,False,True,0,False,,False,False
NCT05502146,2022.0,2021-2026,PHASE4,drug,2,200,OTHER,COMPLETED,RANDOMIZED,True,QUADRUPLE,4.0,True,True,PARALLEL,True,active,True,,,,,True,True,False,False,True,0,False,NO,False,False
NCT03475810,2017.0,2016-2020,NA,both,2,100,OTHER,COMPLETED,RANDOMIZED,True,NONE,0.0,False,False,PARALLEL,True,active,True,,,,,False,True,False,False,False,0,False,,False,False
NCT06318546,2024.0,2021-2026,PHASE1,drug,2,130,OTHER,COMPLETED,RANDOMIZED,True,SINGLE,1.0,True,False,PARALLEL,True,active,True,,,,,False,False,False,False,False,0,False,YES,True,True
NCT04446715,2020.0,2016-2020,NA,drug,2,60,OTHER,UNKNOWN,RANDOMIZED,True,QUADRUPLE,4.0,True,True,PARALLEL,True,none/single-group,False,,,,,False,False,False,False,False,1,True,,False,
NCT05374356,2022.0,2021-2026,NA,drug,2,50,OTHER,UNKNOWN,RANDOMIZED,True,SINGLE,1.0,True,False,PARALLEL,True,active,True,,,,,False,False,False,False,False,0,False,NO,False,False
NCT03163407,2016.0,2016-2020,NA,drug,2,110,OTHER,COMPLETED,RANDOMIZED,True,SINGLE,1.0,True,False,PARALLEL,True,active,True,,,,,False,False,False,False,False,0,False,NO,False,
NCT02365857,2014.0,<=2015,PHASE4,drug,4,120,OTHER,COMPLETED,RANDOMIZED,True,QUADRUPLE,4.0,True,True,PARALLEL,True,active,True,,,,,True,True,True,False,False,0,False,,False,False
NCT07137208,2025.0,2021-2026,NA,both,2,90,OTHER,COMPLETED,RANDOMIZED,True,SINGLE,1.0,True,False,PARALLEL,True,active,True,,,,,False,True,False,False,True,0,False,NO,False,
NCT03219086,2017.0,2016-2020,NA,both,2,182,OTHER,COMPLETED,RANDOMIZED,True,TRIPLE,3.0,True,True,PARALLEL,True,active,True,,,,,False,False,False,False,False,0,False,,False,
NCT05117281,2021.0,2021-2026,NA,drug,2,60,OTHER,COMPLETED,RANDOMIZED,True,TRIPLE,3.0,True,True,PARALLEL,True,active,True,,,,,False,False,False,False,False,0,False,,False,False
NCT07564180,2026.0,2021-2026,PHASE4,drug,2,80,OTHER,NOT_YET_RECRUITING,RANDOMIZED,True,DOUBLE,2.0,True,True,PARALLEL,False,active,True,,,,,True,False,False,False,False,0,False,YES,True,True
NCT01868633,2013.0,<=2015,PHASE4,drug,2,52,OTHER,COMPLETED,RANDOMIZED,True,QUADRUPLE,4.0,True,True,PARALLEL,False,placebo/sham,True,52.0,52.0,0.0,True,True,False,False,True,False,0,False,,False,True
NCT05705726,2023.0,2021-2026,NA,both,2,70,OTHER,UNKNOWN,RANDOMIZED,True,DOUBLE,2.0,True,True,PARALLEL,True,none/single-group,False,,,,,False,False,False,False,False,0,False,NO,False,
NCT03497364,2018.0,2016-2020,NA,drug,3,930,OTHER,UNKNOWN,RANDOMIZED,True,DOUBLE,2.0,True,True,PARALLEL,True,no-intervention,True,,,,,False,False,True,False,False,3,True,NO,False,False
NCT06537323,2024.0,2021-2026,NA,drug,3,210,OTHER,RECRUITING,RANDOMIZED,True,TRIPLE,3.0,True,True,PARALLEL,True,none/single-group,False,,,,,False,True,True,False,False,0,False,NO,False,False
NCT06444737,2023.0,2021-2026,NA,drug,2,300,OTHER,UNKNOWN,RANDOMIZED,True,TRIPLE,3.0,True,True,PARALLEL,True,placebo/sham,True,,,,,False,False,False,False,False,0,False,,False,False
NCT02983344,2015.0,<=2015,NA,both,2,24,OTHER_GOV,COMPLETED,RANDOMIZED,True,SINGLE,1.0,True,False,PARALLEL,False,active,True,,,,,False,True,False,False,True,1,True,,False,False
NCT02385539,2015.0,<=2015,NA,drug,3,240,INDIV,COMPLETED,RANDOMIZED,True,DOUBLE,2.0,True,True,PARALLEL,True,placebo/sham,True,,,,,False,True,True,False,False,0,False,,False,False
NCT03067896,2015.0,<=2015,PHASE3,drug,3,78,OTHER,UNKNOWN,RANDOMIZED,True,NONE,0.0,False,False,PARALLEL,False,active,True,,,,,True,True,True,False,False,1,True,UNDECIDED,False,
NCT03164096,2017.0,2016-2020,PHASE4,drug,1,100,OTHER,UNKNOWN,NA,False,NONE,0.0,False,False,SINGLE_GROUP,True,none/single-group,False,,,,,True,False,False,False,False,0,False,UNDECIDED,False,True
NCT01308047,,,PHASE3,drug,2,0,INDUSTRY,WITHDRAWN,RANDOMIZED,True,TRIPLE,3.0,True,True,PARALLEL,False,active,True,,,,,True,False,False,False,False,0,False,,False,False
NCT05706844,2023.0,2021-2026,PHASE4,drug,2,222,OTHER,COMPLETED,RANDOMIZED,True,SINGLE,1.0,True,False,PARALLEL,True,none/single-group,False,,,,,True,True,False,False,False,0,False,NO,False,False
NCT04741880,2021.0,2021-2026,PHASE2;PHASE3,drug,2,66,OTHER_GOV,UNKNOWN,RANDOMIZED,True,QUADRUPLE,4.0,True,True,PARALLEL,False,placebo/sham,True,,,,,True,True,False,False,False,0,False,NO,False,True
NCT07067944,2023.0,2021-2026,NA,drug,2,100,OTHER,COMPLETED,RANDOMIZED,True,DOUBLE,2.0,True,True,PARALLEL,True,none/single-group,False,,,,,False,False,False,False,False,0,False,YES,True,
NCT07718360,2024.0,2021-2026,PHASE4,drug,2,80,OTHER,COMPLETED,RANDOMIZED,True,DOUBLE,2.0,True,True,PARALLEL,False,placebo/sham,True,,,,,True,True,False,False,False,0,False,NO,False,False
NCT04518618,2020.0,2016-2020,NA,drug,2,96,OTHER,COMPLETED,RANDOMIZED,True,QUADRUPLE,4.0,True,True,PARALLEL,True,none/single-group,False,,,,,False,False,False,False,False,0,False,YES,True,False
NCT02354833,2014.0,<=2015,PHASE4,drug,2,85,OTHER,COMPLETED,RANDOMIZED,True,NONE,0.0,False,False,PARALLEL,False,none/single-group,False,81.0,81.0,0.0,True,True,False,False,True,False,0,False,,False,False
NCT01938755,2013.0,<=2015,PHASE4,drug,3,73,OTHER,COMPLETED,RANDOMIZED,True,DOUBLE,2.0,True,True,CROSSOVER,False,none/single-group,False,,,,,True,True,True,False,False,0,False,,False,
NCT05970770,2023.0,2021-2026,PHASE4,both,2,150,OTHER,UNKNOWN,RANDOMIZED,True,NONE,0.0,False,False,PARALLEL,True,active,True,,,,,True,True,False,False,False,0,False,,False,True
NCT04142502,2020.0,2016-2020,NA,drug,2,60,OTHER,COMPLETED,RANDOMIZED,True,NONE,0.0,False,False,PARALLEL,True,active,True,,,,,False,False,False,False,False,0,False,NO,False,False
NCT05751291,2023.0,2021-2026,NA,drug,2,42,OTHER,UNKNOWN,RANDOMIZED,True,NONE,0.0,False,False,PARALLEL,True,active,True,,,,,False,True,False,False,False,0,False,UNDECIDED,False,False
NCT05574257,2022.0,2021-2026,NA,drug,2,82,OTHER,COMPLETED,RANDOMIZED,True,NONE,0.0,False,False,PARALLEL,True,active,True,,,,,False,False,False,False,False,0,False,NO,False,
NCT04817033,2021.0,2021-2026,PHASE4,both,4,115,OTHER,COMPLETED,RANDOMIZED,True,DOUBLE,2.0,True,True,FACTORIAL,True,active,True,,,,,True,True,True,False,False,0,False,NO,False,
NCT04321746,2020.0,2016-2020,PHASE4,drug,2,45,OTHER,COMPLETED,RANDOMIZED,True,TRIPLE,3.0,True,True,PARALLEL,False,placebo/sham,True,,,,,True,False,False,False,False,0,False,NO,False,
NCT06921473,2025.0,2021-2026,PHASE4,drug,2,102,OTHER,COMPLETED,RANDOMIZED,True,SINGLE,1.0,True,False,PARALLEL,True,active,True,,,,,True,False,False,False,False,0,False,NO,False,False
NCT05543785,2022.0,2021-2026,NA,drug,2,76,OTHER,RECRUITING,RANDOMIZED,True,DOUBLE,2.0,True,True,PARALLEL,True,placebo/sham,True,,,,,False,False,False,False,False,0,False,,False,
NCT04624360,2020.0,2016-2020,PHASE4,drug,2,60,OTHER,UNKNOWN,RANDOMIZED,True,TRIPLE,3.0,True,True,PARALLEL,False,placebo/sham,True,,,,,True,True,False,False,False,0,False,YES,True,True
NCT01837290,2012.0,<=2015,PHASE3,drug,2,60,OTHER,COMPLETED,RANDOMIZED,True,DOUBLE,2.0,True,True,PARALLEL,False,placebo/sham,True,,,,,True,False,False,False,False,1,True,,False,True
NCT05202574,2021.0,2021-2026,PHASE2,drug,3,150,OTHER,UNKNOWN,RANDOMIZED,True,DOUBLE,2.0,True,True,PARALLEL,True,placebo/sham,True,,,,,False,False,True,False,False,0,False,UNDECIDED,False,
NCT03248791,2017.0,2016-2020,PHASE4,drug,2,120,OTHER,UNKNOWN,RANDOMIZED,True,TRIPLE,3.0,True,True,PARALLEL,True,active,True,,,,,True,False,False,False,False,0,False,NO,False,True
NCT03693638,2018.0,2016-2020,NA,drug,2,42,OTHER,COMPLETED,RANDOMIZED,True,SINGLE,1.0,True,False,PARALLEL,True,active,True,,,,,False,True,False,False,False,1,True,UNDECIDED,False,True
NCT07333508,2026.0,2021-2026,PHASE4,drug,1,60,OTHER,NOT_YET_RECRUITING,NA,False,NONE,0.0,False,False,SEQUENTIAL,False,none/single-group,False,,,,,True,True,False,False,False,0,False,NO,False,True
NCT05679375,2023.0,2021-2026,PHASE4,drug,2,60,OTHER,COMPLETED,NA,False,TRIPLE,3.0,True,True,PARALLEL,False,active,True,,,,,True,False,False,False,False,0,False,NO,False,False
NCT05742958,2023.0,2021-2026,PHASE4,drug,2,70,OTHER,UNKNOWN,RANDOMIZED,True,QUADRUPLE,4.0,True,True,PARALLEL,False,none/single-group,False,,,,,True,True,False,False,False,0,False,NO,False,False
NCT03231436,2017.0,2016-2020,NA,drug,2,140,OTHER,COMPLETED,RANDOMIZED,True,TRIPLE,3.0,True,True,PARALLEL,True,active,True,,,,,False,False,False,False,False,0,False,,False,
NCT00420277,2007.0,<=2015,PHASE3,drug,2,462,INDUSTRY,COMPLETED,RANDOMIZED,True,DOUBLE,2.0,True,True,PARALLEL,True,active,True,,,,,True,True,False,False,True,0,False,,False,True
NCT05468996,2022.0,2021-2026,PHASE4,drug,3,60,OTHER,COMPLETED,NON_RANDOMIZED,False,SINGLE,1.0,True,False,SINGLE_GROUP,False,active,True,,,,,True,False,True,False,False,0,False,,False,
NCT05101291,2021.0,2021-2026,NA,drug,1,15,OTHER,COMPLETED,NA,False,NONE,0.0,False,False,SINGLE_GROUP,False,none/single-group,False,,,,,False,False,False,False,False,0,False,NO,False,False
NCT03226080,2017.0,2016-2020,PHASE4,drug,2,0,OTHER,WITHDRAWN,RANDOMIZED,True,TRIPLE,3.0,True,True,PARALLEL,False,placebo/sham,True,,,,,True,True,False,False,False,0,False,NO,False,True
NCT06555458,2023.0,2021-2026,NA,drug,2,84,OTHER,COMPLETED,RANDOMIZED,True,DOUBLE,2.0,True,True,PARALLEL,True,placebo/sham,True,,,,,False,False,False,False,False,0,False,,False,False
NCT02819661,2018.0,2016-2020,NA,both,4,30,OTHER,UNKNOWN,NON_RANDOMIZED,False,NONE,0.0,False,False,PARALLEL,True,active,True,,,,,False,False,True,False,False,0,False,NO,False,False
NCT03248817,2017.0,2016-2020,PHASE4,drug,3,255,OTHER,UNKNOWN,RANDOMIZED,True,TRIPLE,3.0,True,True,PARALLEL,True,active,True,,,,,True,False,True,False,False,0,False,NO,False,True
NCT02592915,2015.0,<=2015,PHASE3,drug,2,40,OTHER,UNKNOWN,RANDOMIZED,True,QUADRUPLE,4.0,True,True,PARALLEL,False,placebo/sham,True,,,,,True,False,False,False,False,0,False,,False,False
NCT07348614,2026.0,2021-2026,PHASE4,both,2,128,OTHER,RECRUITING,RANDOMIZED,True,SINGLE,1.0,True,False,PARALLEL,True,active,True,,,,,True,True,False,False,False,0,False,NO,False,
NCT06512402,2024.0,2021-2026,NA,drug,2,212,OTHER,NOT_YET_RECRUITING,RANDOMIZED,True,QUADRUPLE,4.0,True,True,PARALLEL,True,active,True,,,,,False,False,False,False,False,0,False,UNDECIDED,False,False
NCT03597776,2019.0,2016-2020,PHASE4,drug,2,62,OTHER,COMPLETED,RANDOMIZED,True,DOUBLE,2.0,True,True,PARALLEL,False,placebo/sham,True,,,,,True,True,False,False,False,0,False,,False,True
NCT06291727,2024.0,2021-2026,PHASE4,drug,2,138,OTHER,COMPLETED,RANDOMIZED,True,DOUBLE,2.0,True,True,PARALLEL,True,active,True,,,,,True,True,False,False,False,0,False,,False,False
NCT03679065,2018.0,2016-2020,PHASE4,drug,3,300,OTHER,COMPLETED,RANDOMIZED,True,DOUBLE,2.0,True,True,PARALLEL,True,placebo/sham,True,,,,,True,False,True,False,False,1,True,,False,
NCT04202887,2020.0,2016-2020,NA,both,2,81,OTHER_GOV,UNKNOWN,RANDOMIZED,True,TRIPLE,3.0,True,True,PARALLEL,True,active,True,,,,,False,True,False,False,False,1,True,NO,False,True
NCT03993314,2019.0,2016-2020,PHASE2,drug,2,15,OTHER,TERMINATED,RANDOMIZED,True,DOUBLE,2.0,True,True,PARALLEL,False,active,True,15.0,15.0,0.0,True,False,True,False,True,False,0,False,NO,False,
NCT05196256,2022.0,2021-2026,PHASE3,both,3,90,OTHER,UNKNOWN,RANDOMIZED,True,QUADRUPLE,4.0,True,True,PARALLEL,False,active,True,,,,,True,True,True,False,False,0,False,NO,False,False
NCT03269929,2017.0,2016-2020,NA,drug,2,60,OTHER,COMPLETED,RANDOMIZED,True,QUADRUPLE,4.0,True,True,PARALLEL,True,active,True,,,,,False,False,False,False,False,0,False,UNDECIDED,False,
NCT02481505,2015.0,<=2015,PHASE2,drug,3,45,INDUSTRY,COMPLETED,RANDOMIZED,True,SINGLE,1.0,True,False,PARALLEL,False,none/single-group,False,45.0,45.0,0.0,True,False,False,True,True,False,1,True,,False,False
NCT03324490,2017.0,2016-2020,NA,both,2,60,OTHER,COMPLETED,RANDOMIZED,True,DOUBLE,2.0,True,True,PARALLEL,True,active,True,,,,,False,False,False,False,False,0,False,UNDECIDED,False,True
NCT01261078,2010.0,<=2015,NA,drug,5,75,OTHER,COMPLETED,RANDOMIZED,True,DOUBLE,2.0,True,True,PARALLEL,True,placebo/sham,True,,,,,False,False,True,False,False,0,False,,False,False
NCT01066247,2009.0,<=2015,NA,drug,2,60,OTHER,COMPLETED,RANDOMIZED,True,TRIPLE,3.0,True,True,PARALLEL,True,active,True,,,,,False,True,False,False,True,0,False,,False,False
NCT05751148,2023.0,2021-2026,NA,drug,2,60,OTHER,UNKNOWN,RANDOMIZED,True,DOUBLE,2.0,True,True,PARALLEL,True,active,True,,,,,False,False,False,False,False,0,False,NO,False,False
NCT05658380,2022.0,2021-2026,PHASE3,drug,2,60,OTHER,COMPLETED,RANDOMIZED,True,QUADRUPLE,4.0,True,True,PARALLEL,False,placebo/sham,True,,,,,True,True,False,False,False,0,False,,False,
NCT03664037,2018.0,2016-2020,PHASE4,drug,2,110,OTHER,COMPLETED,RANDOMIZED,True,DOUBLE,2.0,True,True,PARALLEL,True,placebo/sham,True,,,,,True,False,False,False,False,1,True,,False,
NCT03156322,2016.0,2016-2020,NA,drug,3,81,OTHER,COMPLETED,RANDOMIZED,True,QUADRUPLE,4.0,True,True,PARALLEL,True,active,True,,,,,False,True,True,False,True,0,False,NO,False,False
NCT03512574,2018.0,2016-2020,PHASE4,drug,4,150,OTHER,COMPLETED,RANDOMIZED,True,QUADRUPLE,4.0,True,True,PARALLEL,True,placebo/sham,True,,,,,True,True,True,False,False,0,False,NO,False,True
NCT05583214,2022.0,2021-2026,PHASE4,drug,3,90,OTHER,UNKNOWN,RANDOMIZED,True,TRIPLE,3.0,True,True,PARALLEL,False,placebo/sham,True,,,,,True,False,True,False,False,0,False,YES,True,False
NCT01264575,2009.0,<=2015,NA,drug,12,162,OTHER,COMPLETED,RANDOMIZED,True,DOUBLE,2.0,True,True,PARALLEL,True,none/single-group,False,,,,,False,False,True,False,False,0,False,,False,False
NCT07662408,2026.0,2021-2026,PHASE4,drug,2,62,OTHER,RECRUITING,RANDOMIZED,True,DOUBLE,2.0,True,True,PARALLEL,False,none/single-group,False,,,,,True,False,False,False,False,0,False,,False,
NCT05824338,2024.0,2021-2026,EARLY_PHASE1,drug,3,45,OTHER,RECRUITING,RANDOMIZED,True,NONE,0.0,False,False,PARALLEL,True,active,True,,,,,False,False,True,False,False,0,False,NO,False,False
NCT03715517,2018.0,2016-2020,NA,both,2,128,OTHER,RECRUITING,RANDOMIZED,True,NONE,0.0,False,False,PARALLEL,True,active,True,,,,,False,True,False,False,False,0,False,,False,False
NCT00973791,2008.0,<=2015,NA,drug,4,860,OTHER,COMPLETED,RANDOMIZED,True,NONE,0.0,False,False,PARALLEL,True,active,True,,,,,False,False,True,False,False,0,False,,False,True
NCT05342376,2022.0,2021-2026,PHASE4,drug,2,80,OTHER,UNKNOWN,RANDOMIZED,True,DOUBLE,2.0,True,True,PARALLEL,False,active,True,,,,,True,False,False,False,True,0,False,YES,True,
NCT07594366,2022.0,2021-2026,NA,drug,2,40,OTHER,COMPLETED,RANDOMIZED,True,TRIPLE,3.0,True,True,PARALLEL,True,placebo/sham,True,,,,,False,True,False,False,False,0,False,UNDECIDED,False,True
NCT02111421,2015.0,<=2015,PHASE4,drug,2,60,OTHER,COMPLETED,NON_RANDOMIZED,False,NONE,0.0,False,False,PARALLEL,False,none/single-group,False,,,,,True,True,False,False,False,1,True,,False,False
NCT06123624,2023.0,2021-2026,NA,drug,2,78,OTHER,UNKNOWN,RANDOMIZED,True,QUADRUPLE,4.0,True,True,PARALLEL,True,placebo/sham,True,,,,,False,False,False,False,False,0,False,,False,
NCT06942000,2025.0,2021-2026,PHASE3,drug,3,40,OTHER,NOT_YET_RECRUITING,RANDOMIZED,True,DOUBLE,2.0,True,True,PARALLEL,False,placebo/sham,True,,,,,True,False,True,False,False,0,False,NO,False,True
NCT03322098,2017.0,2016-2020,NA,drug,2,54,OTHER,COMPLETED,RANDOMIZED,True,DOUBLE,2.0,True,True,PARALLEL,True,active,True,,,,,False,False,False,False,False,0,False,NO,False,False
NCT04709029,2021.0,2021-2026,NA,drug,2,220,OTHER,UNKNOWN,RANDOMIZED,True,DOUBLE,2.0,True,True,PARALLEL,True,active,True,,,,,False,False,False,False,False,0,False,,False,
NCT06801600,2025.0,2021-2026,PHASE4,drug,2,60,OTHER,NOT_YET_RECRUITING,RANDOMIZED,True,TRIPLE,3.0,True,True,PARALLEL,False,active,True,,,,,True,False,False,False,False,0,False,NO,False,False
NCT01533662,2011.0,<=2015,PHASE2,drug,2,64,OTHER,COMPLETED,RANDOMIZED,True,DOUBLE,2.0,True,True,PARALLEL,True,placebo/sham,True,,,,,False,False,False,False,False,0,False,,False,False
NCT02001948,2009.0,<=2015,PHASE4,both,2,46,OTHER,COMPLETED,RANDOMIZED,True,DOUBLE,2.0,True,True,PARALLEL,False,active,True,,,,,True,True,False,False,False,0,False,,False,False
NCT06935669,2025.0,2021-2026,PHASE1,drug,2,68,OTHER,NOT_YET_RECRUITING,RANDOMIZED,True,SINGLE,1.0,True,False,PARALLEL,True,active,True,,,,,False,False,False,False,True,0,False,,False,True
NCT01880775,2012.0,<=2015,PHASE4,drug,2,50,OTHER,COMPLETED,RANDOMIZED,True,NONE,0.0,False,False,PARALLEL,False,active,True,,,,,True,False,False,False,False,0,False,,False,False
NCT03433976,2018.0,2016-2020,PHASE2,drug,2,50,OTHER,UNKNOWN,RANDOMIZED,True,SINGLE,1.0,True,False,PARALLEL,True,active,True,,,,,False,True,False,False,False,1,True,UNDECIDED,False,False
NCT02566226,2015.0,<=2015,PHASE4,drug,2,60,OTHER,COMPLETED,RANDOMIZED,True,QUADRUPLE,4.0,True,True,PARALLEL,False,placebo/sham,True,,,,,True,False,False,False,False,2,True,,False,False
NCT03856502,2012.0,<=2015,NA,drug,2,60,OTHER,COMPLETED,RANDOMIZED,True,SINGLE,1.0,True,False,PARALLEL,True,active,True,,,,,False,True,False,False,False,0,False,NO,False,
NCT00808327,2009.0,<=2015,NA,drug,2,140,OTHER,COMPLETED,RANDOMIZED,True,QUADRUPLE,4.0,True,True,PARALLEL,True,active,True,,,,,False,True,False,False,False,0,False,,False,False
NCT02382432,2013.0,<=2015,PHASE2,drug,4,120,OTHER,COMPLETED,RANDOMIZED,True,TRIPLE,3.0,True,True,PARALLEL,True,active,True,,,,,False,True,True,False,False,1,True,,False,False
NCT07035223,2025.0,2021-2026,PHASE4,drug,2,40,OTHER,COMPLETED,RANDOMIZED,True,QUADRUPLE,4.0,True,True,PARALLEL,False,active,True,,,,,True,False,False,False,True,0,False,NO,False,False
NCT06683807,2024.0,2021-2026,NA,drug,2,55,OTHER,NOT_YET_RECRUITING,RANDOMIZED,True,QUADRUPLE,4.0,True,True,PARALLEL,True,placebo/sham,True,,,,,False,False,False,False,False,0,False,,False,False
NCT06493838,2024.0,2021-2026,PHASE4,drug,2,180,OTHER,NOT_YET_RECRUITING,RANDOMIZED,True,DOUBLE,2.0,True,True,PARALLEL,True,placebo/sham,True,,,,,True,False,False,False,False,0,False,,False,
NCT06607861,2024.0,2021-2026,EARLY_PHASE1,drug,3,114,OTHER,COMPLETED,RANDOMIZED,True,DOUBLE,2.0,True,True,PARALLEL,True,active,True,,,,,False,True,True,False,False,0,False,,False,
NCT02477501,2016.0,2016-2020,PHASE4,drug,2,120,OTHER,COMPLETED,RANDOMIZED,True,TRIPLE,3.0,True,True,PARALLEL,True,active,True,,,,,True,False,False,False,False,0,False,UNDECIDED,False,False
NCT05042817,2021.0,2021-2026,NA,both,2,56,OTHER,COMPLETED,RANDOMIZED,True,TRIPLE,3.0,True,True,PARALLEL,True,placebo/sham,True,,,,,False,False,False,False,False,0,False,,False,True
NCT03172065,2017.0,2016-2020,NA,drug,2,60,OTHER,COMPLETED,RANDOMIZED,True,DOUBLE,2.0,True,True,PARALLEL,True,none/single-group,False,,,,,False,False,False,False,False,0,False,UNDECIDED,False,False
NCT07068230,2018.0,2016-2020,PHASE4,drug,3,150,OTHER,COMPLETED,RANDOMIZED,True,DOUBLE,2.0,True,True,PARALLEL,True,none/single-group,False,,,,,True,False,True,False,False,0,False,YES,True,False
NCT05248932,2021.0,2021-2026,PHASE4,both,2,40,OTHER,COMPLETED,RANDOMIZED,True,DOUBLE,2.0,True,True,PARALLEL,False,active,True,,,,,True,False,False,False,False,0,False,NO,False,False
NCT01858402,2009.0,<=2015,PHASE2,drug,2,2,OTHER,COMPLETED,RANDOMIZED,True,DOUBLE,2.0,True,True,CROSSOVER,False,active,True,,,,,False,True,False,False,False,1,True,,False,True
NCT02155010,2014.0,<=2015,NA,drug,2,74,OTHER,COMPLETED,RANDOMIZED,True,DOUBLE,2.0,True,True,PARALLEL,True,active,True,74.0,62.0,0.16216216216216217,True,False,False,False,True,False,1,True,YES,True,False
NCT03834454,2013.0,<=2015,NA,drug,2,112,OTHER,COMPLETED,RANDOMIZED,True,DOUBLE,2.0,True,True,PARALLEL,True,active,True,,,,,False,False,False,False,False,0,False,UNDECIDED,False,True
NCT05305248,2022.0,2021-2026,NA,drug,2,62,OTHER,COMPLETED,RANDOMIZED,True,DOUBLE,2.0,True,True,PARALLEL,True,active,True,,,,,False,False,False,False,False,0,False,NO,False,False
NCT05379777,2022.0,2021-2026,PHASE4,drug,1,51,OTHER,COMPLETED,NA,False,NONE,0.0,False,False,SINGLE_GROUP,False,none/single-group,False,,,,,True,True,False,False,False,0,False,,False,
NCT03478618,2018.0,2016-2020,EARLY_PHASE1,drug,2,60,OTHER,UNKNOWN,RANDOMIZED,True,DOUBLE,2.0,True,True,PARALLEL,True,active,True,,,,,False,False,False,False,False,0,False,,False,
NCT06151431,2023.0,2021-2026,NA,drug,2,390,OTHER,COMPLETED,RANDOMIZED,True,SINGLE,1.0,True,False,PARALLEL,True,active,True,,,,,False,True,False,False,False,0,False,,False,
NCT06727201,2025.0,2021-2026,PHASE2;PHASE3,drug,2,160,OTHER,NOT_YET_RECRUITING,RANDOMIZED,True,SINGLE,1.0,True,False,CROSSOVER,True,placebo/sham,True,,,,,True,False,False,False,True,0,False,,False,
NCT03322150,2017.0,2016-2020,NA,drug,2,2,OTHER,TERMINATED,RANDOMIZED,True,DOUBLE,2.0,True,True,PARALLEL,False,active,True,,,,,False,False,False,False,False,0,False,NO,False,False
NCT06437236,2024.0,2021-2026,NA,drug,2,100,OTHER,UNKNOWN,RANDOMIZED,True,NONE,0.0,False,False,PARALLEL,True,active,True,,,,,False,True,False,False,False,0,False,UNDECIDED,False,False
NCT06793527,2025.0,2021-2026,NA,drug,3,300,OTHER,RECRUITING,RANDOMIZED,True,DOUBLE,2.0,True,True,PARALLEL,True,placebo/sham,True,,,,,False,True,True,False,True,0,False,NO,False,True
NCT05314257,2022.0,2021-2026,PHASE2;PHASE3,drug,2,102,OTHER,UNKNOWN,RANDOMIZED,True,QUADRUPLE,4.0,True,True,PARALLEL,True,placebo/sham,True,,,,,True,False,False,False,False,0,False,UNDECIDED,False,False
NCT07277881,2026.0,2021-2026,PHASE4,drug,2,150,OTHER,NOT_YET_RECRUITING,RANDOMIZED,True,TRIPLE,3.0,True,True,PARALLEL,True,placebo/sham,True,,,,,True,False,False,False,False,0,False,,False,False
NCT06970574,2022.0,2021-2026,NA,drug,2,60,OTHER,COMPLETED,RANDOMIZED,True,NONE,0.0,False,False,PARALLEL,True,active,True,,,,,False,True,False,False,False,0,False,UNDECIDED,False,True
NCT07613801,2026.0,2021-2026,PHASE4,drug,2,30,OTHER,ACTIVE_NOT_RECRUITING,RANDOMIZED,True,NONE,0.0,False,False,PARALLEL,False,active,True,,,,,True,True,False,False,False,0,False,NO,False,False
NCT04133961,2019.0,2016-2020,NA,drug,2,118,OTHER,COMPLETED,RANDOMIZED,True,DOUBLE,2.0,True,True,PARALLEL,True,placebo/sham,True,,,,,False,False,False,False,False,0,False,NO,False,True
NCT05035485,2022.0,2021-2026,NA,drug,2,40,OTHER,COMPLETED,RANDOMIZED,True,DOUBLE,2.0,True,True,PARALLEL,True,active,True,,,,,False,True,False,False,False,0,False,,False,
NCT04025918,2011.0,<=2015,PHASE2;PHASE3,both,2,216,OTHER_GOV,COMPLETED,RANDOMIZED,True,TRIPLE,3.0,True,True,PARALLEL,True,active,True,,,,,True,True,False,False,True,0,False,NO,False,False
NCT02277730,2013.0,<=2015,PHASE2;PHASE3,both,2,252,OTHER_GOV,COMPLETED,RANDOMIZED,True,DOUBLE,2.0,True,True,PARALLEL,True,active,True,,,,,True,True,False,False,False,2,True,UNDECIDED,False,False
NCT05850455,2023.0,2021-2026,NA,both,3,78,OTHER,COMPLETED,RANDOMIZED,True,NONE,0.0,False,False,PARALLEL,True,none/single-group,False,,,,,False,True,True,False,False,0,False,NO,False,False
NCT06818396,2025.0,2021-2026,NA,drug,3,120,OTHER,RECRUITING,RANDOMIZED,True,DOUBLE,2.0,True,True,PARALLEL,True,active,True,,,,,False,False,True,False,False,0,False,,False,
NCT02862873,2015.0,<=2015,NA,both,2,7,OTHER,TERMINATED,RANDOMIZED,True,DOUBLE,2.0,True,True,PARALLEL,False,placebo/sham,True,,,,,False,False,False,False,False,0,False,,False,
NCT05560542,2022.0,2021-2026,NA,drug,3,150,OTHER,COMPLETED,RANDOMIZED,True,SINGLE,1.0,True,False,PARALLEL,True,none/single-group,False,,,,,False,False,True,False,False,0,False,UNDECIDED,False,
NCT04199013,2020.0,2016-2020,PHASE4,drug,2,74,OTHER,UNKNOWN,RANDOMIZED,True,TRIPLE,3.0,True,True,PARALLEL,False,active,True,,,,,True,True,False,False,False,0,False,NO,False,True
NCT07330375,2026.0,2021-2026,PHASE3,drug,2,50,OTHER_GOV,NOT_YET_RECRUITING,RANDOMIZED,True,TRIPLE,3.0,True,True,PARALLEL,False,placebo/sham,True,,,,,True,False,False,False,True,0,False,YES,True,True
NCT03316352,2017.0,2016-2020,NA,both,2,80,OTHER,COMPLETED,RANDOMIZED,True,SINGLE,1.0,True,False,PARALLEL,True,active,True,,,,,False,True,False,False,False,1,True,NO,False,
NCT04703088,2021.0,2021-2026,PHASE3,drug,2,60,OTHER,UNKNOWN,RANDOMIZED,True,DOUBLE,2.0,True,True,PARALLEL,False,placebo/sham,True,,,,,True,True,False,False,False,0,False,NO,False,False
NCT03386630,2018.0,2016-2020,PHASE4,drug,2,66,OTHER,COMPLETED,RANDOMIZED,True,NONE,0.0,False,False,PARALLEL,False,none/single-group,False,,,,,True,True,False,False,False,0,False,,False,False
NCT03704441,2018.0,2016-2020,NA,drug,7,13,OTHER,COMPLETED,RANDOMIZED,True,NONE,0.0,False,False,PARALLEL,False,none/single-group,False,,,,,False,True,True,False,False,0,False,NO,False,
NCT06824025,2025.0,2021-2026,EARLY_PHASE1,drug,3,111,OTHER,RECRUITING,RANDOMIZED,True,DOUBLE,2.0,True,True,PARALLEL,True,placebo/sham,True,,,,,False,True,True,False,False,0,False,,False,
NCT03458078,2017.0,2016-2020,PHASE2;PHASE3,drug,3,150,OTHER,COMPLETED,RANDOMIZED,True,DOUBLE,2.0,True,True,PARALLEL,True,placebo/sham,True,,,,,True,True,True,False,False,0,False,NO,False,False
NCT02635555,2016.0,2016-2020,NA,drug,2,160,OTHER,COMPLETED,RANDOMIZED,True,DOUBLE,2.0,True,True,PARALLEL,True,active,True,,,,,False,False,False,False,False,0,False,NO,False,False
NCT03121261,2017.0,2016-2020,PHASE4,drug,2,60,OTHER,ACTIVE_NOT_RECRUITING,RANDOMIZED,True,DOUBLE,2.0,True,True,PARALLEL,False,active,True,,,,,True,True,False,False,True,0,False,,False,False
NCT01734161,2012.0,<=2015,PHASE4,drug,2,122,OTHER,COMPLETED,RANDOMIZED,True,QUADRUPLE,4.0,True,True,PARALLEL,True,placebo/sham,True,122.0,108.0,0.11475409836065575,True,True,False,False,True,False,1,True,NO,False,False
NCT04968054,2021.0,2021-2026,NA,drug,2,66,OTHER,COMPLETED,RANDOMIZED,True,TRIPLE,3.0,True,True,PARALLEL,True,active,True,,,,,False,False,False,False,False,0,False,,False,False
NCT04673812,2020.0,2016-2020,NA,drug,2,92,OTHER,COMPLETED,RANDOMIZED,True,TRIPLE,3.0,True,True,PARALLEL,True,active,True,,,,,False,False,False,False,False,0,False,NO,False,True
NCT03706755,2018.0,2016-2020,PHASE4,drug,2,124,OTHER,COMPLETED,RANDOMIZED,True,TRIPLE,3.0,True,True,PARALLEL,True,active,True,,,,,True,False,False,False,False,0,False,,False,False
NCT02084368,2014.0,<=2015,PHASE4,both,2,34,OTHER,COMPLETED,RANDOMIZED,True,NONE,0.0,False,False,PARALLEL,False,placebo/sham,True,,,,,True,True,False,False,True,0,False,,False,False
NCT01858090,2009.0,<=2015,PHASE3,drug,3,93,OTHER,COMPLETED,RANDOMIZED,True,DOUBLE,2.0,True,True,PARALLEL,False,placebo/sham,True,,,,,True,True,True,False,False,1,True,,False,True
NCT01078519,2010.0,<=2015,PHASE3,drug,2,70,OTHER,COMPLETED,RANDOMIZED,True,NONE,0.0,False,False,CROSSOVER,False,active,True,,,,,True,True,False,False,False,0,False,,False,True
NCT02025374,2013.0,<=2015,PHASE4,drug,2,60,OTHER,COMPLETED,RANDOMIZED,True,QUADRUPLE,4.0,True,True,PARALLEL,False,active,True,,,,,True,True,False,False,False,0,False,,False,False
NCT07043049,2022.0,2021-2026,PHASE3,drug,2,92,OTHER,COMPLETED,RANDOMIZED,True,DOUBLE,2.0,True,True,PARALLEL,False,active,True,,,,,True,False,False,False,False,0,False,,False,
NCT00974961,2009.0,<=2015,PHASE4,drug,2,70,OTHER,UNKNOWN,RANDOMIZED,True,SINGLE,1.0,True,False,PARALLEL,False,active,True,,,,,True,True,False,False,False,0,False,,False,False
NCT07049835,2025.0,2021-2026,PHASE1,drug,2,100,OTHER,ACTIVE_NOT_RECRUITING,RANDOMIZED,True,DOUBLE,2.0,True,True,PARALLEL,True,placebo/sham,True,,,,,False,False,False,False,True,0,False,NO,False,True
NCT05659810,2022.0,2021-2026,EARLY_PHASE1,drug,2,50,OTHER,COMPLETED,RANDOMIZED,True,DOUBLE,2.0,True,True,PARALLEL,True,placebo/sham,True,,,,,False,True,False,False,False,0,False,NO,False,
