nct,year,epoch,phase,int_class,n_arms,n_enroll,sponsor_class,overall_status,allocation,randomized,masking,masking_ord,blinded_any,blinded_double_plus,model,power_ok,comparator_kind,has_comparator,n_started,n_completed,attrition,low_attrition,pivotal,treatment,multiarm,has_results,has_result_ref,n_derived,has_derived,ipd,ipd_yes,dmc
NCT02919761,2016.0,2016-2020,PHASE4,drug,3,259.0,INDUSTRY,COMPLETED,RANDOMIZED,True,DOUBLE,2.0,True,True,PARALLEL,True,placebo/sham,True,259.0,235.0,0.0926640926640927,True,True,True,True,True,False,2,True,NO,False,False
NCT01850680,2013.0,<=2015,PHASE1,drug,5,61.0,INDUSTRY,COMPLETED,RANDOMIZED,True,QUADRUPLE,4.0,True,True,PARALLEL,True,placebo/sham,True,,,,,False,True,True,False,False,0,False,,False,False
NCT01995201,2013.0,<=2015,PHASE3,drug,3,401.0,INDUSTRY,COMPLETED,RANDOMIZED,True,NONE,0.0,False,False,PARALLEL,True,none/single-group,False,401.0,345.0,0.13965087281795507,True,True,True,True,True,False,3,True,,False,
NCT01195272,2010.0,<=2015,PHASE4,drug,1,21.0,INDUSTRY,COMPLETED,NON_RANDOMIZED,False,NONE,0.0,False,False,SINGLE_GROUP,False,none/single-group,False,21.0,17.0,0.19047619047619047,True,True,True,False,True,False,0,False,,False,
NCT04755127,2021.0,2021-2026,NA,both,2,80.0,OTHER,UNKNOWN,RANDOMIZED,True,NONE,0.0,False,False,PARALLEL,True,active,True,,,,,False,True,False,False,False,0,False,UNDECIDED,False,True
NCT07566351,2026.0,2021-2026,PHASE2,drug,3,90.0,OTHER,RECRUITING,RANDOMIZED,True,QUADRUPLE,4.0,True,True,PARALLEL,True,none/single-group,False,,,,,False,True,True,False,False,0,False,UNDECIDED,False,False
NCT02919475,2016.0,2016-2020,PHASE2,drug,5,260.0,INDUSTRY,COMPLETED,RANDOMIZED,True,QUADRUPLE,4.0,True,True,PARALLEL,True,none/single-group,False,259.0,223.0,0.13899613899613905,True,False,True,True,True,False,0,False,,False,False
NCT01217086,2010.0,<=2015,PHASE3,drug,2,617.0,INDUSTRY,COMPLETED,RANDOMIZED,True,DOUBLE,2.0,True,True,PARALLEL,True,active,True,,,,,True,True,False,False,False,3,True,,False,True
NCT06072768,2023.0,2021-2026,PHASE2,drug,2,200.0,FED,RECRUITING,NON_RANDOMIZED,False,NONE,0.0,False,False,SEQUENTIAL,True,none/single-group,False,,,,,False,False,False,False,False,0,False,NO,False,False
NCT00626275,2007.0,<=2015,PHASE2,drug,5,46.0,INDUSTRY,COMPLETED,RANDOMIZED,True,QUADRUPLE,4.0,True,True,CROSSOVER,False,placebo/sham,True,46.0,44.0,0.04347826086956519,True,False,True,True,True,False,0,False,,False,False
NCT02260791,2014.0,<=2015,PHASE3,drug,2,728.0,INDUSTRY,COMPLETED,RANDOMIZED,True,TRIPLE,3.0,True,True,PARALLEL,True,active,True,728.0,661.0,0.09203296703296704,True,True,True,False,True,False,2,True,,False,False
NCT03926286,2019.0,2016-2020,PHASE1,drug,1,10.0,OTHER,COMPLETED,NA,False,NONE,0.0,False,False,SINGLE_GROUP,False,none/single-group,False,,,,,False,True,False,False,False,0,False,NO,False,False
NCT04312815,2017.0,2016-2020,PHASE3,drug,2,510.0,INDUSTRY,UNKNOWN,RANDOMIZED,True,QUADRUPLE,4.0,True,True,PARALLEL,True,placebo/sham,True,,,,,True,True,False,False,False,1,True,,False,False
NCT00620685,2008.0,<=2015,PHASE2,drug,3,27.0,INDUSTRY,COMPLETED,RANDOMIZED,True,TRIPLE,3.0,True,True,PARALLEL,False,placebo/sham,True,,,,,False,True,True,False,False,0,False,,False,False
NCT02603146,2016.0,2016-2020,PHASE2,drug,2,144.0,NIH,TERMINATED,RANDOMIZED,True,DOUBLE,2.0,True,True,PARALLEL,True,placebo/sham,True,144.0,79.0,0.45138888888888884,False,False,False,False,True,False,0,False,YES,True,True
NCT02990806,2017.0,2016-2020,PHASE3,drug,4,683.0,INDUSTRY,COMPLETED,RANDOMIZED,True,DOUBLE,2.0,True,True,CROSSOVER,True,none/single-group,False,683.0,613.0,0.10248901903367491,True,True,True,True,True,False,0,False,,False,True
NCT03245515,2017.0,2016-2020,PHASE1,drug,1,24.0,INDUSTRY,COMPLETED,NA,False,NONE,0.0,False,False,SINGLE_GROUP,False,none/single-group,False,,,,,False,True,False,False,False,0,False,,False,False
NCT06527534,2024.0,2021-2026,PHASE4,drug,2,30.0,OTHER,RECRUITING,RANDOMIZED,True,NONE,0.0,False,False,PARALLEL,False,active,True,,,,,True,True,False,False,False,0,False,NO,False,False
NCT03970837,2019.0,2016-2020,PHASE3,drug,12,1764.0,INDUSTRY,TERMINATED,RANDOMIZED,True,DOUBLE,2.0,True,True,PARALLEL,True,placebo/sham,True,1763.0,1425.0,0.19171866137266025,True,True,True,True,True,False,1,True,YES,True,True
NCT01870128,2009.0,<=2015,PHASE3,drug,3,60.0,OTHER,COMPLETED,RANDOMIZED,True,NONE,0.0,False,False,PARALLEL,False,active,True,,,,,True,True,True,False,False,0,False,,False,True
NCT03131973,2017.0,2016-2020,PHASE1,drug,2,26.0,INDUSTRY,COMPLETED,NON_RANDOMIZED,False,NONE,0.0,False,False,SEQUENTIAL,False,none/single-group,False,,,,,False,False,False,False,False,0,False,,False,False
NCT00908089,2003.0,<=2015,PHASE4,drug,2,100.0,OTHER,UNKNOWN,RANDOMIZED,True,QUADRUPLE,4.0,True,True,PARALLEL,True,placebo/sham,True,,,,,True,True,False,False,True,4,True,,False,True
NCT04608344,2020.0,2016-2020,PHASE1,drug,2,27.0,INDUSTRY,COMPLETED,RANDOMIZED,True,NONE,0.0,False,False,CROSSOVER,False,none/single-group,False,27.0,25.0,0.07407407407407407,True,False,False,False,True,False,0,False,YES,True,False
NCT07221565,2025.0,2021-2026,PHASE1;PHASE2,both,2,120.0,INDUSTRY,ENROLLING_BY_INVITATION,RANDOMIZED,True,QUADRUPLE,4.0,True,True,PARALLEL,True,placebo/sham,True,,,,,False,True,False,False,False,0,False,YES,True,True
NCT00844714,2009.0,<=2015,NA,drug,1,20.0,OTHER,COMPLETED,NA,False,NONE,0.0,False,False,SINGLE_GROUP,False,none/single-group,False,20.0,20.0,0.0,True,False,True,False,True,False,1,True,,False,False
NCT02065700,2014.0,<=2015,PHASE2,drug,2,739.0,INDUSTRY,COMPLETED,NON_RANDOMIZED,False,NONE,0.0,False,False,PARALLEL,True,none/single-group,False,739.0,242.0,0.6725304465493911,False,False,True,False,True,True,3,True,YES,True,True
NCT01846975,2013.0,<=2015,PHASE4,drug,1,49.0,OTHER,COMPLETED,NA,False,NONE,0.0,False,False,SINGLE_GROUP,False,none/single-group,False,,,,,True,True,False,False,False,1,True,,False,True
NCT00950989,2009.0,<=2015,PHASE2,drug,4,252.0,INDUSTRY,COMPLETED,RANDOMIZED,True,DOUBLE,2.0,True,True,PARALLEL,True,placebo/sham,True,252.0,242.0,0.03968253968253965,True,False,True,True,True,False,0,False,,False,
NCT07593911,2026.0,2021-2026,NA,drug,1,75.0,OTHER,NOT_YET_RECRUITING,NA,False,NONE,0.0,False,False,SEQUENTIAL,True,none/single-group,False,,,,,False,True,False,False,False,0,False,NO,False,False
NCT00420199,2007.0,<=2015,PHASE3,drug,2,50.0,INDUSTRY,COMPLETED,RANDOMIZED,True,DOUBLE,2.0,True,True,PARALLEL,False,placebo/sham,True,50.0,49.0,0.020000000000000018,True,True,True,False,True,False,1,True,,False,False
NCT00807846,2009.0,<=2015,PHASE4,drug,2,201.0,INDUSTRY,COMPLETED,RANDOMIZED,True,TRIPLE,3.0,True,True,PARALLEL,True,none/single-group,False,198.0,182.0,0.08080808080808077,True,True,True,False,True,False,0,False,,False,True
NCT00667758,2008.0,<=2015,PHASE2,drug,2,104.0,OTHER,COMPLETED,RANDOMIZED,True,QUADRUPLE,4.0,True,True,PARALLEL,True,placebo/sham,True,,,,,False,True,False,False,False,1,True,,False,True
NCT03311854,2018.0,2016-2020,PHASE2,drug,1,14.0,INDUSTRY,COMPLETED,NA,False,NONE,0.0,False,False,SINGLE_GROUP,False,none/single-group,False,14.0,14.0,0.0,True,False,True,False,True,False,2,True,,False,True
NCT04344405,2019.0,2016-2020,PHASE3,drug,2,40.0,OTHER,COMPLETED,RANDOMIZED,True,TRIPLE,3.0,True,True,PARALLEL,False,active,True,,,,,True,True,False,False,False,0,False,UNDECIDED,False,
NCT00718588,2008.0,<=2015,PHASE1,drug,0,66.0,INDUSTRY,TERMINATED,RANDOMIZED,True,DOUBLE,2.0,True,True,PARALLEL,True,none/single-group,False,,,,,False,True,False,False,False,0,False,,False,
NCT01072058,2008.0,<=2015,PHASE4,drug,1,100.0,OTHER,UNKNOWN,NA,False,NONE,0.0,False,False,SINGLE_GROUP,True,none/single-group,False,,,,,True,False,False,False,False,0,False,,False,False
NCT03139136,2017.0,2016-2020,PHASE2,drug,2,121.0,INDUSTRY,COMPLETED,RANDOMIZED,True,TRIPLE,3.0,True,True,PARALLEL,True,placebo/sham,True,,,,,False,True,False,False,False,0,False,NO,False,True
NCT00380744,2005.0,<=2015,PHASE1;PHASE2,drug,5,121.0,INDUSTRY,COMPLETED,RANDOMIZED,True,QUADRUPLE,4.0,True,True,PARALLEL,True,placebo/sham,True,121.0,119.0,0.016528925619834656,True,False,True,True,True,False,1,True,,False,False
NCT01893996,2013.0,<=2015,PHASE4,drug,2,63.0,OTHER,COMPLETED,RANDOMIZED,True,QUADRUPLE,4.0,True,True,CROSSOVER,False,placebo/sham,True,,,,,True,False,False,False,False,0,False,,False,True
NCT01987479,2014.0,<=2015,PHASE3,drug,1,150.0,INDUSTRY,COMPLETED,NA,False,NONE,0.0,False,False,SINGLE_GROUP,True,none/single-group,False,150.0,133.0,0.11333333333333329,True,True,True,False,True,False,2,True,,False,True
NCT01617590,2012.0,<=2015,NA,drug,2,500.0,OTHER,UNKNOWN,RANDOMIZED,True,NONE,0.0,False,False,PARALLEL,True,active,True,,,,,False,True,False,False,False,0,False,,False,True
NCT01668641,2012.0,<=2015,PHASE2,drug,5,91.0,INDUSTRY,COMPLETED,RANDOMIZED,True,QUADRUPLE,4.0,True,True,PARALLEL,True,placebo/sham,True,,,,,False,True,True,False,False,1,True,,False,False
NCT02171143,2012.0,<=2015,PHASE1,drug,2,58.0,INDUSTRY,COMPLETED,RANDOMIZED,True,QUADRUPLE,4.0,True,True,PARALLEL,True,placebo/sham,True,,,,,False,True,False,False,False,1,True,,False,False
NCT00152386,2005.0,<=2015,PHASE3,drug,0,950.0,INDUSTRY,COMPLETED,RANDOMIZED,True,DOUBLE,2.0,True,True,PARALLEL,True,none/single-group,False,,,,,True,True,False,False,True,5,True,,False,
NCT04815148,2021.0,2021-2026,PHASE1,drug,10,72.0,INDUSTRY,UNKNOWN,RANDOMIZED,True,NONE,0.0,False,False,SEQUENTIAL,True,none/single-group,False,,,,,False,True,True,False,False,0,False,,False,
NCT06175338,2023.0,2021-2026,PHASE1,drug,2,208.0,INDUSTRY,ACTIVE_NOT_RECRUITING,RANDOMIZED,True,TRIPLE,3.0,True,True,PARALLEL,True,active,True,,,,,False,False,False,False,False,0,False,NO,False,False
NCT05700422,2023.0,2021-2026,PHASE4,drug,1,39.0,OTHER,COMPLETED,NA,False,NONE,0.0,False,False,SINGLE_GROUP,False,none/single-group,False,39.0,35.0,0.10256410256410253,True,True,True,False,True,False,1,True,NO,False,
NCT04115397,2020.0,2016-2020,PHASE4,drug,2,80.0,OTHER,UNKNOWN,RANDOMIZED,True,QUADRUPLE,4.0,True,True,PARALLEL,False,placebo/sham,True,,,,,True,True,False,False,False,0,False,NO,False,False
NCT03435601,2018.0,2016-2020,PHASE2,drug,2,24.0,OTHER,UNKNOWN,RANDOMIZED,True,QUADRUPLE,4.0,True,True,PARALLEL,False,placebo/sham,True,,,,,False,True,False,False,False,0,False,,False,False
NCT02779114,2009.0,<=2015,PHASE3,drug,3,318.0,OTHER,UNKNOWN,RANDOMIZED,True,NONE,0.0,False,False,PARALLEL,True,none/single-group,False,,,,,True,True,True,False,False,1,True,YES,True,True
NCT07137598,2025.0,2021-2026,PHASE2,drug,3,160.0,INDUSTRY,RECRUITING,RANDOMIZED,True,TRIPLE,3.0,True,True,PARALLEL,True,placebo/sham,True,,,,,False,True,True,False,False,0,False,YES,True,False
NCT01261403,2010.0,<=2015,PHASE2,drug,3,26.0,INDUSTRY,TERMINATED,RANDOMIZED,True,QUADRUPLE,4.0,True,True,PARALLEL,False,placebo/sham,True,,,,,False,True,True,False,False,0,False,,False,True
NCT02035800,2013.0,<=2015,PHASE4,drug,1,120.0,OTHER,UNKNOWN,NA,False,NONE,0.0,False,False,SINGLE_GROUP,True,none/single-group,False,,,,,True,False,False,False,False,0,False,,False,True
NCT00750880,2008.0,<=2015,PHASE3,drug,1,1681.0,INDUSTRY,COMPLETED,NON_RANDOMIZED,False,NONE,0.0,False,False,SINGLE_GROUP,True,none/single-group,False,1681.0,1466.0,0.12790005948839978,True,True,True,False,True,False,0,False,,False,
NCT00838058,2009.0,<=2015,PHASE1,drug,8,11.0,INDUSTRY,COMPLETED,RANDOMIZED,True,NONE,0.0,False,False,CROSSOVER,False,none/single-group,False,,,,,False,False,True,False,False,0,False,,False,False
NCT04909801,2021.0,2021-2026,PHASE3,drug,2,338.0,INDUSTRY,ACTIVE_NOT_RECRUITING,RANDOMIZED,True,SINGLE,1.0,True,False,PARALLEL,True,none/single-group,False,338.0,324.0,0.041420118343195256,True,True,True,False,True,False,0,False,,False,False
NCT01308255,2006.0,<=2015,PHASE4,drug,2,112.0,OTHER,COMPLETED,RANDOMIZED,True,QUADRUPLE,4.0,True,True,PARALLEL,True,placebo/sham,True,,,,,True,True,False,False,False,0,False,,False,False
NCT02885181,2016.0,2016-2020,PHASE2,drug,4,83.0,INDUSTRY,COMPLETED,RANDOMIZED,True,DOUBLE,2.0,True,True,PARALLEL,True,placebo/sham,True,83.0,79.0,0.048192771084337394,True,False,True,True,True,False,0,False,,False,False
NCT00542763,2005.0,<=2015,PHASE1,drug,0,12.0,OTHER,COMPLETED,NA,False,NONE,0.0,False,False,SINGLE_GROUP,False,none/single-group,False,,,,,False,True,False,False,False,0,False,,False,False
NCT02353780,2015.0,<=2015,PHASE4,drug,3,10.0,OTHER,TERMINATED,RANDOMIZED,True,SINGLE,1.0,True,False,PARALLEL,False,active,True,9.0,9.0,0.0,True,True,False,True,True,False,0,False,,False,False
NCT01359150,2011.0,<=2015,PHASE2,drug,2,223.0,INDUSTRY,COMPLETED,RANDOMIZED,True,DOUBLE,2.0,True,True,PARALLEL,True,placebo/sham,True,223.0,211.0,0.053811659192825156,True,False,True,False,True,False,12,True,,False,True
NCT04111341,2016.0,2016-2020,PHASE2,drug,2,30.0,OTHER,COMPLETED,RANDOMIZED,True,TRIPLE,3.0,True,True,PARALLEL,False,placebo/sham,True,,,,,False,False,False,False,False,0,False,NO,False,True
NCT04136262,2019.0,2016-2020,PHASE2;PHASE3,drug,2,300.0,OTHER,UNKNOWN,RANDOMIZED,True,QUADRUPLE,4.0,True,True,PARALLEL,True,placebo/sham,True,,,,,True,True,False,False,False,0,False,,False,True
NCT00838565,2009.0,<=2015,PHASE1,drug,2,41.0,INDUSTRY,COMPLETED,RANDOMIZED,True,DOUBLE,2.0,True,True,PARALLEL,True,placebo/sham,True,41.0,35.0,0.14634146341463417,True,False,False,False,True,False,1,True,,False,False
NCT04255134,2020.0,2016-2020,PHASE4,drug,2,18.0,OTHER,COMPLETED,RANDOMIZED,True,NONE,0.0,False,False,PARALLEL,False,active,True,,,,,True,True,False,False,False,1,True,NO,False,True
NCT02885597,2018.0,2016-2020,PHASE2;PHASE3,drug,2,120.0,OTHER,UNKNOWN,RANDOMIZED,True,QUADRUPLE,4.0,True,True,PARALLEL,True,placebo/sham,True,,,,,True,True,False,False,False,2,True,UNDECIDED,False,True
NCT04129164,2019.0,2016-2020,PHASE2,drug,4,183.0,INDUSTRY,COMPLETED,RANDOMIZED,True,QUADRUPLE,4.0,True,True,PARALLEL,True,placebo/sham,True,183.0,161.0,0.1202185792349727,True,False,True,True,True,False,0,False,NO,False,True
NCT01417052,2011.0,<=2015,PHASE1,drug,10,10.0,INDUSTRY,COMPLETED,RANDOMIZED,True,QUADRUPLE,4.0,True,True,SINGLE_GROUP,False,placebo/sham,True,,,,,False,True,True,False,False,0,False,,False,False
NCT07153276,2026.0,2021-2026,PHASE4,both,2,60.0,OTHER,RECRUITING,RANDOMIZED,True,NONE,0.0,False,False,PARALLEL,False,active,True,,,,,True,True,False,False,False,0,False,NO,False,False
NCT00996606,2009.0,<=2015,PHASE3,drug,1,58.0,INDUSTRY,COMPLETED,NA,False,NONE,0.0,False,False,SINGLE_GROUP,False,none/single-group,False,58.0,50.0,0.13793103448275867,True,True,True,False,True,False,0,False,,False,
NCT01410695,2011.0,<=2015,PHASE2;PHASE3,drug,3,324.0,INDUSTRY,TERMINATED,RANDOMIZED,True,QUADRUPLE,4.0,True,True,PARALLEL,True,active,True,,,,,True,True,True,False,False,0,False,,False,True
NCT07643038,2026.0,2021-2026,PHASE4,drug,3,204.0,OTHER,NOT_YET_RECRUITING,RANDOMIZED,True,NONE,0.0,False,False,PARALLEL,True,active,True,,,,,True,True,True,False,False,0,False,UNDECIDED,False,True
NCT01010581,2009.0,<=2015,PHASE2,drug,2,266.0,INDUSTRY,COMPLETED,RANDOMIZED,True,DOUBLE,2.0,True,True,PARALLEL,True,placebo/sham,True,,,,,False,True,False,False,False,2,True,,False,
NCT06440629,2024.0,2021-2026,PHASE4,drug,2,387.0,OTHER,ACTIVE_NOT_RECRUITING,RANDOMIZED,True,NONE,0.0,False,False,PARALLEL,True,no-intervention,True,,,,,True,True,False,False,False,0,False,YES,True,True
NCT03858725,2019.0,2016-2020,PHASE1,drug,2,36.0,INDUSTRY,COMPLETED,RANDOMIZED,True,NONE,0.0,False,False,CROSSOVER,True,none/single-group,False,,,,,False,True,False,False,False,0,False,NO,False,False
NCT01665430,2012.0,<=2015,PHASE3,drug,1,38.0,INDUSTRY,TERMINATED,NA,False,NONE,0.0,False,False,SINGLE_GROUP,False,none/single-group,False,38.0,29.0,0.23684210526315785,False,True,True,False,True,False,0,False,,False,
NCT03233230,2017.0,2016-2020,PHASE2,drug,4,390.0,INDUSTRY,COMPLETED,RANDOMIZED,True,QUADRUPLE,4.0,True,True,PARALLEL,True,placebo/sham,True,390.0,340.0,0.1282051282051282,True,False,True,True,True,False,2,True,YES,True,True
NCT07266207,2024.0,2021-2026,PHASE1,drug,5,94.0,INDUSTRY,COMPLETED,RANDOMIZED,True,QUADRUPLE,4.0,True,True,SEQUENTIAL,True,placebo/sham,True,,,,,False,True,True,False,False,0,False,NO,False,False
NCT01480388,2011.0,<=2015,PHASE2,drug,5,0.0,INDUSTRY,WITHDRAWN,RANDOMIZED,True,DOUBLE,2.0,True,True,PARALLEL,False,placebo/sham,True,,,,,False,True,True,False,False,0,False,,False,True
NCT02940561,2016.0,2016-2020,PHASE1,drug,2,48.0,INDUSTRY,UNKNOWN,RANDOMIZED,True,NONE,0.0,False,False,CROSSOVER,True,active,True,,,,,False,False,False,False,False,0,False,NO,False,True
NCT00578565,2007.0,<=2015,PHASE3,drug,1,10.0,OTHER,COMPLETED,NA,False,NONE,0.0,False,False,SINGLE_GROUP,False,none/single-group,False,10.0,7.0,0.30000000000000004,False,True,True,False,True,False,0,False,,False,False
NCT00729209,2008.0,<=2015,PHASE1,drug,3,28.0,INDUSTRY,COMPLETED,RANDOMIZED,True,QUADRUPLE,4.0,True,True,PARALLEL,False,placebo/sham,True,,,,,False,False,True,False,False,0,False,,False,False
NCT01737944,2011.0,<=2015,PHASE1;PHASE2,drug,4,38.0,INDUSTRY,COMPLETED,RANDOMIZED,True,NONE,0.0,False,False,CROSSOVER,False,none/single-group,False,36.0,36.0,0.0,True,False,True,True,True,False,0,False,,False,False
NCT00233363,2005.0,<=2015,PHASE2,drug,0,104.0,INDUSTRY,COMPLETED,RANDOMIZED,True,DOUBLE,2.0,True,True,PARALLEL,True,none/single-group,False,104.0,96.0,0.07692307692307687,True,False,True,False,True,False,0,False,,False,
NCT02281799,2015.0,<=2015,PHASE4,drug,1,0.0,OTHER,WITHDRAWN,NA,False,NONE,0.0,False,False,SINGLE_GROUP,False,none/single-group,False,,,,,True,True,False,False,False,0,False,,False,False
NCT07620392,2026.0,2021-2026,PHASE2,drug,2,120.0,INDUSTRY,RECRUITING,RANDOMIZED,True,QUADRUPLE,4.0,True,True,PARALLEL,True,none/single-group,False,,,,,False,True,False,False,False,0,False,YES,True,False
NCT00783536,2008.0,<=2015,PHASE4,drug,2,0.0,INDUSTRY,WITHDRAWN,RANDOMIZED,True,NONE,0.0,False,False,PARALLEL,False,active,True,,,,,True,True,False,False,False,0,False,,False,False
NCT00993317,2009.0,<=2015,PHASE3,drug,2,127.0,INDUSTRY,COMPLETED,RANDOMIZED,True,TRIPLE,3.0,True,True,PARALLEL,True,placebo/sham,True,127.0,81.0,0.36220472440944884,False,True,True,False,True,False,0,False,,False,False
NCT00521924,2007.0,<=2015,PHASE3,drug,2,8.0,INDUSTRY,TERMINATED,RANDOMIZED,True,NONE,0.0,False,False,PARALLEL,False,active,True,8.0,0.0,1.0,False,True,True,False,True,False,0,False,YES,True,False
NCT04638426,2020.0,2016-2020,PHASE2,drug,4,196.0,INDUSTRY,UNKNOWN,RANDOMIZED,True,QUADRUPLE,4.0,True,True,PARALLEL,True,placebo/sham,True,,,,,False,True,True,False,False,0,False,,False,
NCT07361094,2025.0,2021-2026,PHASE1,drug,1,12.0,OTHER,RECRUITING,NA,False,NONE,0.0,False,False,SINGLE_GROUP,False,none/single-group,False,,,,,False,True,False,False,False,0,False,UNDECIDED,False,False
NCT00966875,2009.0,<=2015,PHASE2,drug,9,448.0,INDUSTRY,COMPLETED,RANDOMIZED,True,QUADRUPLE,4.0,True,True,PARALLEL,True,placebo/sham,True,448.0,397.0,0.1138392857142857,True,False,True,True,True,False,2,True,,False,False
NCT03511625,2018.0,2016-2020,PHASE3,drug,2,6.0,INDUSTRY,UNKNOWN,RANDOMIZED,True,SINGLE,1.0,True,False,PARALLEL,False,active,True,,,,,True,True,False,False,False,0,False,,False,
NCT03100253,2018.0,2016-2020,PHASE4,drug,2,208.0,OTHER,TERMINATED,RANDOMIZED,True,SINGLE,1.0,True,False,PARALLEL,True,active,True,,,,,True,True,False,False,False,0,False,UNDECIDED,False,True
NCT01034137,2010.0,<=2015,PHASE3,drug,3,317.0,INDUSTRY,COMPLETED,RANDOMIZED,True,DOUBLE,2.0,True,True,PARALLEL,True,active,True,317.0,237.0,0.25236593059936907,False,True,True,True,True,False,7,True,YES,True,True
NCT00951275,2009.0,<=2015,PHASE3,drug,1,105.0,INDUSTRY,COMPLETED,NON_RANDOMIZED,False,NONE,0.0,False,False,SINGLE_GROUP,True,none/single-group,False,105.0,92.0,0.12380952380952381,True,True,True,False,True,False,0,False,,False,
NCT07706868,2025.0,2021-2026,PHASE4,drug,1,0.0,INDUSTRY,WITHDRAWN,NA,False,NONE,0.0,False,False,SINGLE_GROUP,False,none/single-group,False,,,,,True,True,False,False,False,0,False,NO,False,False
NCT00850343,2009.0,<=2015,PHASE3,drug,2,208.0,INDUSTRY,COMPLETED,RANDOMIZED,True,NONE,0.0,False,False,PARALLEL,True,none/single-group,False,208.0,132.0,0.3653846153846154,False,True,True,False,True,False,0,False,,False,False
NCT02720523,2016.0,2016-2020,PHASE2;PHASE3,drug,6,197.0,INDUSTRY,COMPLETED,RANDOMIZED,True,QUADRUPLE,4.0,True,True,PARALLEL,True,none/single-group,False,197.0,187.0,0.050761421319796995,True,True,True,True,True,False,3,True,YES,True,True
NCT01606761,2012.0,<=2015,PHASE3,drug,3,878.0,INDUSTRY,COMPLETED,RANDOMIZED,True,DOUBLE,2.0,True,True,PARALLEL,True,none/single-group,False,878.0,734.0,0.16400911161731202,True,True,True,True,True,False,1,True,,False,True
NCT00419809,2005.0,<=2015,PHASE1,drug,0,18.0,INDUSTRY,COMPLETED,RANDOMIZED,True,DOUBLE,2.0,True,True,PARALLEL,False,none/single-group,False,,,,,False,True,False,False,False,0,False,,False,
NCT02538341,2016.0,2016-2020,PHASE2,drug,2,617.0,OTHER,COMPLETED,RANDOMIZED,True,QUADRUPLE,4.0,True,True,PARALLEL,True,placebo/sham,True,617.0,514.0,0.16693679092382496,True,False,False,False,True,False,1,True,YES,True,True
NCT05166304,2024.0,2021-2026,PHASE1;PHASE2,drug,2,60.0,OTHER,COMPLETED,RANDOMIZED,True,DOUBLE,2.0,True,True,PARALLEL,True,placebo/sham,True,,,,,False,True,False,False,False,0,False,UNDECIDED,False,False
NCT02000336,2014.0,<=2015,PHASE3,drug,3,395.0,OTHER,COMPLETED,RANDOMIZED,True,DOUBLE,2.0,True,True,PARALLEL,True,placebo/sham,True,,,,,True,True,True,False,False,1,True,,False,True
NCT02731560,2010.0,<=2015,PHASE4,drug,1,74.0,OTHER_GOV,COMPLETED,NA,False,NONE,0.0,False,False,SINGLE_GROUP,False,none/single-group,False,,,,,True,True,False,False,False,0,False,NO,False,False
NCT03025308,2017.0,2016-2020,PHASE3,drug,4,2731.0,INDUSTRY,COMPLETED,RANDOMIZED,True,NONE,0.0,False,False,PARALLEL,True,none/single-group,False,,,,,True,True,True,False,False,4,True,NO,False,True
NCT00476996,2007.0,<=2015,PHASE3,drug,3,836.0,INDUSTRY,TERMINATED,RANDOMIZED,True,DOUBLE,2.0,True,True,PARALLEL,True,placebo/sham,True,836.0,664.0,0.20574162679425834,False,True,True,True,True,False,2,True,,False,True
NCT00619905,2003.0,<=2015,PHASE1;PHASE2,drug,2,53.0,INDUSTRY,COMPLETED,RANDOMIZED,True,DOUBLE,2.0,True,True,PARALLEL,True,placebo/sham,True,,,,,False,True,False,False,False,1,True,,False,False
NCT00546533,2003.0,<=2015,PHASE4,drug,0,40.0,INDUSTRY,COMPLETED,NON_RANDOMIZED,False,NONE,0.0,False,False,SINGLE_GROUP,False,none/single-group,False,,,,,True,True,False,False,False,0,False,,False,
NCT00425321,2006.0,<=2015,PHASE2,drug,4,259.0,INDUSTRY,COMPLETED,RANDOMIZED,True,TRIPLE,3.0,True,True,PARALLEL,True,placebo/sham,True,,,,,False,True,True,False,False,0,False,,False,True
NCT03172325,2015.0,<=2015,PHASE3,drug,2,136.0,INDUSTRY,COMPLETED,RANDOMIZED,True,QUADRUPLE,4.0,True,True,PARALLEL,True,active,True,136.0,128.0,0.05882352941176472,True,True,True,False,True,True,0,False,NO,False,False
NCT04911127,2021.0,2021-2026,PHASE1,drug,3,67.0,OTHER,COMPLETED,RANDOMIZED,True,QUADRUPLE,4.0,True,True,PARALLEL,True,placebo/sham,True,,,,,False,True,True,False,False,0,False,NO,False,False
NCT00157872,2004.0,<=2015,PHASE4,drug,0,150.0,INDUSTRY,COMPLETED,RANDOMIZED,True,DOUBLE,2.0,True,True,PARALLEL,True,none/single-group,False,,,,,True,True,False,False,False,0,False,,False,
NCT05016297,2022.0,2021-2026,PHASE2,drug,2,87.0,OTHER,COMPLETED,RANDOMIZED,True,NONE,0.0,False,False,CROSSOVER,True,active,True,,,,,False,True,False,False,False,1,True,YES,True,
NCT04246762,2021.0,2021-2026,PHASE1,drug,1,17.0,INDUSTRY,COMPLETED,NA,False,NONE,0.0,False,False,SINGLE_GROUP,False,none/single-group,False,17.0,16.0,0.05882352941176472,True,False,True,False,True,False,0,False,,False,False
NCT00094341,2004.0,<=2015,PHASE4,drug,0,215.0,INDUSTRY,COMPLETED,RANDOMIZED,True,NONE,0.0,False,False,CROSSOVER,True,none/single-group,False,,,,,True,True,False,False,False,0,False,,False,
NCT00965653,2009.0,<=2015,PHASE1,drug,2,29.0,INDUSTRY,COMPLETED,RANDOMIZED,True,NONE,0.0,False,False,PARALLEL,False,active,True,,,,,False,True,False,False,False,0,False,,False,
NCT01878318,2013.0,<=2015,PHASE4,drug,1,0.0,INDUSTRY,WITHDRAWN,NA,False,NONE,0.0,False,False,SINGLE_GROUP,False,none/single-group,False,,,,,True,True,False,False,False,0,False,,False,
NCT01893151,2012.0,<=2015,PHASE4,drug,2,200.0,INDUSTRY,UNKNOWN,RANDOMIZED,True,QUADRUPLE,4.0,True,True,PARALLEL,True,placebo/sham,True,,,,,True,True,False,False,False,0,False,,False,True
NCT02433340,2015.0,<=2015,PHASE2,drug,1,158.0,INDUSTRY,COMPLETED,NA,False,NONE,0.0,False,False,SINGLE_GROUP,True,none/single-group,False,158.0,150.0,0.05063291139240511,True,False,True,False,True,False,2,True,,False,True
NCT07094880,2015.0,<=2015,PHASE4,drug,2,45.0,OTHER,COMPLETED,RANDOMIZED,True,NONE,0.0,False,False,PARALLEL,False,active,True,,,,,True,True,False,False,False,0,False,UNDECIDED,False,False
NCT01587989,2012.0,<=2015,PHASE3,drug,2,77.0,INDUSTRY,COMPLETED,RANDOMIZED,True,DOUBLE,2.0,True,True,PARALLEL,False,active,True,77.0,65.0,0.1558441558441559,True,True,True,False,True,False,0,False,,False,
NCT02927522,2018.0,2016-2020,PHASE3,drug,2,550.0,OTHER,UNKNOWN,RANDOMIZED,True,QUADRUPLE,4.0,True,True,PARALLEL,True,placebo/sham,True,,,,,True,False,False,False,False,0,False,,False,
NCT01717859,2014.0,<=2015,PHASE4,drug,1,74.0,OTHER,COMPLETED,NA,False,NONE,0.0,False,False,SINGLE_GROUP,False,none/single-group,False,54.0,44.0,0.18518518518518523,True,True,False,False,True,False,4,True,,False,False
NCT00144560,2005.0,<=2015,NA,drug,0,31.0,INDUSTRY,COMPLETED,RANDOMIZED,True,NONE,0.0,False,False,SINGLE_GROUP,True,none/single-group,False,,,,,False,True,False,False,False,0,False,,False,
NCT02072200,2013.0,<=2015,PHASE4,drug,1,147.0,INDUSTRY,COMPLETED,NA,False,NONE,0.0,False,False,SINGLE_GROUP,True,none/single-group,False,147.0,145.0,0.013605442176870763,True,True,True,False,True,False,0,False,,False,False
NCT07704580,2026.0,2021-2026,PHASE1;PHASE2,drug,6,140.0,INDUSTRY,RECRUITING,RANDOMIZED,True,NONE,0.0,False,False,SEQUENTIAL,True,active,True,,,,,False,True,True,False,False,0,False,YES,True,False
NCT00369473,2006.0,<=2015,PHASE2,drug,2,690.0,INDUSTRY,COMPLETED,RANDOMIZED,True,TRIPLE,3.0,True,True,PARALLEL,True,none/single-group,False,,,,,False,True,False,False,False,0,False,,False,
NCT01223911,2011.0,<=2015,PHASE2,drug,2,34.0,INDUSTRY,COMPLETED,RANDOMIZED,True,DOUBLE,2.0,True,True,PARALLEL,False,placebo/sham,True,,,,,False,True,False,False,True,0,False,,False,False
NCT06528431,2024.0,2021-2026,PHASE4,drug,3,180.0,OTHER,RECRUITING,RANDOMIZED,True,NONE,0.0,False,False,SINGLE_GROUP,True,no-intervention,True,,,,,True,True,True,False,False,0,False,,False,False
NCT04569890,2020.0,2016-2020,NA,drug,2,100.0,OTHER,UNKNOWN,RANDOMIZED,True,DOUBLE,2.0,True,True,PARALLEL,True,active,True,,,,,False,True,False,False,True,0,False,UNDECIDED,False,False
NCT00706797,2008.0,<=2015,PHASE4,drug,2,141.0,INDUSTRY,TERMINATED,RANDOMIZED,True,NONE,0.0,False,False,PARALLEL,True,active,True,141.0,1.0,0.9929078014184397,False,True,True,False,True,False,2,True,,False,False
NCT00089921,2004.0,<=2015,PHASE2,drug,4,302.0,INDUSTRY,COMPLETED,RANDOMIZED,True,DOUBLE,2.0,True,True,PARALLEL,True,placebo/sham,True,,,,,False,True,True,False,False,0,False,,False,
NCT00160602,2005.0,<=2015,PHASE3,drug,0,590.0,INDUSTRY,COMPLETED,RANDOMIZED,True,DOUBLE,2.0,True,True,PARALLEL,True,none/single-group,False,,,,,True,True,False,False,True,4,True,,False,
NCT05638854,2022.0,2021-2026,PHASE1,drug,2,72.0,INDUSTRY,RECRUITING,RANDOMIZED,True,QUADRUPLE,4.0,True,True,SEQUENTIAL,True,none/single-group,False,,,,,False,True,False,False,False,0,False,,False,False
NCT01369589,2010.0,<=2015,PHASE1;PHASE2,drug,2,24.0,INDUSTRY,COMPLETED,RANDOMIZED,True,DOUBLE,2.0,True,True,CROSSOVER,False,none/single-group,False,,,,,False,True,False,False,False,0,False,,False,False
NCT01185353,2010.0,<=2015,PHASE2,drug,6,301.0,INDUSTRY,COMPLETED,RANDOMIZED,True,QUADRUPLE,4.0,True,True,PARALLEL,True,placebo/sham,True,301.0,276.0,0.0830564784053156,True,False,True,True,True,False,6,True,,False,False
NCT01850979,2010.0,<=2015,PHASE4,drug,2,24.0,OTHER,COMPLETED,RANDOMIZED,True,DOUBLE,2.0,True,True,PARALLEL,False,placebo/sham,True,,,,,True,True,False,False,False,1,True,,False,False
NCT04485325,2019.0,2016-2020,PHASE4,drug,2,92.0,OTHER,COMPLETED,RANDOMIZED,True,NONE,0.0,False,False,PARALLEL,False,active,True,,,,,True,True,False,False,False,0,False,,False,False
NCT00713544,2008.0,<=2015,PHASE2,drug,6,373.0,INDUSTRY,COMPLETED,RANDOMIZED,True,QUADRUPLE,4.0,True,True,PARALLEL,True,placebo/sham,True,373.0,322.0,0.13672922252010722,True,False,True,True,True,False,1,True,,False,False
NCT01221636,2010.0,<=2015,PHASE1,drug,2,0.0,INDUSTRY,WITHDRAWN,RANDOMIZED,True,NONE,0.0,False,False,PARALLEL,False,none/single-group,False,,,,,False,False,False,False,False,0,False,,False,False
NCT04968912,2021.0,2021-2026,PHASE2,drug,3,163.0,INDUSTRY,COMPLETED,RANDOMIZED,True,DOUBLE,2.0,True,True,PARALLEL,True,placebo/sham,True,,,,,False,False,True,False,False,2,True,YES,True,True
NCT06887127,2025.0,2021-2026,PHASE3,drug,1,350.0,INDUSTRY,RECRUITING,NA,False,NONE,0.0,False,False,SINGLE_GROUP,True,none/single-group,False,,,,,True,True,False,False,False,0,False,NO,False,False
NCT05153200,2022.0,2021-2026,PHASE4,drug,2,40.0,OTHER,UNKNOWN,RANDOMIZED,True,SINGLE,1.0,True,False,PARALLEL,False,active,True,,,,,True,True,False,False,False,0,False,NO,False,False
NCT03090672,2017.0,2016-2020,NA,both,3,300.0,OTHER,UNKNOWN,NON_RANDOMIZED,False,NONE,0.0,False,False,PARALLEL,True,none/single-group,False,,,,,False,True,True,False,True,0,False,UNDECIDED,False,True
NCT02371096,,,PHASE1,drug,2,,INDUSTRY,UNKNOWN,,False,,,False,False,,,active,True,,,,,False,False,False,False,False,0,False,,False,False
NCT05053165,2022.0,2021-2026,PHASE1,drug,3,31.0,INDUSTRY,COMPLETED,RANDOMIZED,True,QUADRUPLE,4.0,True,True,SEQUENTIAL,True,none/single-group,False,,,,,False,True,True,False,False,0,False,,False,True
NCT05047341,2021.0,2021-2026,PHASE1,drug,1,6.0,INDUSTRY,COMPLETED,NA,False,NONE,0.0,False,False,SINGLE_GROUP,False,none/single-group,False,,,,,False,False,False,False,False,0,False,UNDECIDED,False,
NCT01033656,2005.0,<=2015,PHASE2,drug,2,23.0,OTHER,COMPLETED,RANDOMIZED,True,NONE,0.0,False,False,PARALLEL,False,active,True,,,,,False,True,False,False,False,1,True,NO,False,False
NCT00154336,2004.0,<=2015,PHASE2,drug,2,50.0,INDUSTRY,COMPLETED,RANDOMIZED,True,QUADRUPLE,4.0,True,True,PARALLEL,True,placebo/sham,True,,,,,False,True,False,False,False,0,False,,False,
NCT02640612,2016.0,2016-2020,PHASE3,drug,1,430.0,INDUSTRY,COMPLETED,NA,False,NONE,0.0,False,False,SINGLE_GROUP,True,none/single-group,False,430.0,388.0,0.0976744186046512,True,True,True,False,True,False,3,True,,False,
NCT00144573,2005.0,<=2015,NA,drug,0,14.0,INDUSTRY,COMPLETED,NON_RANDOMIZED,False,NONE,0.0,False,False,SINGLE_GROUP,False,none/single-group,False,,,,,False,True,False,False,False,0,False,,False,
NCT02765074,2016.0,2016-2020,PHASE4,drug,1,60.0,OTHER,COMPLETED,NA,False,NONE,0.0,False,False,SINGLE_GROUP,False,none/single-group,False,,,,,True,True,False,False,False,0,False,NO,False,False
NCT05814159,2022.0,2021-2026,PHASE3,drug,2,15.0,INDUSTRY,ACTIVE_NOT_RECRUITING,RANDOMIZED,True,QUADRUPLE,4.0,True,True,PARALLEL,False,placebo/sham,True,,,,,True,True,False,False,False,0,False,NO,False,True
NCT00405275,2007.0,<=2015,NA,drug,2,353.0,FED,COMPLETED,RANDOMIZED,True,QUADRUPLE,4.0,True,True,PARALLEL,True,active,True,353.0,311.0,0.11898016997167138,True,False,True,False,True,True,3,True,,False,True
NCT03001219,2016.0,2016-2020,PHASE2,drug,6,109.0,INDUSTRY,TERMINATED,RANDOMIZED,True,DOUBLE,2.0,True,True,PARALLEL,True,placebo/sham,True,109.0,100.0,0.08256880733944949,True,False,True,True,True,False,0,False,,False,
NCT03364088,2016.0,2016-2020,NA,both,4,402.0,OTHER,COMPLETED,RANDOMIZED,True,NONE,0.0,False,False,PARALLEL,True,active,True,,,,,False,True,True,False,False,1,True,,False,
NCT00637780,2010.0,<=2015,PHASE4,drug,1,2.0,INDUSTRY,TERMINATED,NA,False,NONE,0.0,False,False,SINGLE_GROUP,False,none/single-group,False,2.0,2.0,0.0,True,True,True,False,True,False,0,False,,False,False
NCT04835623,2021.0,2021-2026,PHASE4,drug,1,50.0,OTHER,COMPLETED,NA,False,NONE,0.0,False,False,SINGLE_GROUP,False,none/single-group,False,,,,,True,True,False,False,False,0,False,NO,False,False
NCT06329401,2024.0,2021-2026,PHASE2,drug,3,375.0,INDUSTRY,ACTIVE_NOT_RECRUITING,RANDOMIZED,True,QUADRUPLE,4.0,True,True,PARALLEL,True,placebo/sham,True,,,,,False,True,True,False,True,1,True,NO,False,True
NCT00146640,2004.0,<=2015,PHASE3,drug,2,288.0,INDUSTRY,COMPLETED,RANDOMIZED,True,DOUBLE,2.0,True,True,PARALLEL,True,active,True,288.0,251.0,0.1284722222222222,True,True,True,False,True,True,0,False,,False,
NCT03028467,2017.0,2016-2020,PHASE1;PHASE2,drug,4,15.0,INDUSTRY,COMPLETED,RANDOMIZED,True,QUADRUPLE,4.0,True,True,PARALLEL,False,placebo/sham,True,15.0,15.0,0.0,True,False,True,True,True,False,0,False,YES,True,False
NCT00660647,2007.0,<=2015,PHASE3,drug,2,180.0,OTHER,COMPLETED,RANDOMIZED,True,DOUBLE,2.0,True,True,PARALLEL,True,placebo/sham,True,,,,,True,True,False,False,False,9,True,,False,True
NCT00689728,2008.0,<=2015,PHASE2,drug,3,100.0,INDUSTRY,COMPLETED,RANDOMIZED,True,TRIPLE,3.0,True,True,PARALLEL,True,placebo/sham,True,100.0,87.0,0.13,True,False,True,True,True,False,1,True,,False,False
NCT00856544,2009.0,<=2015,PHASE3,drug,4,795.0,INDUSTRY,COMPLETED,RANDOMIZED,True,QUADRUPLE,4.0,True,True,PARALLEL,True,placebo/sham,True,795.0,651.0,0.18113207547169807,True,True,True,True,True,False,27,True,,False,True
NCT01582880,2012.0,<=2015,PHASE1;PHASE2,drug,1,1.0,OTHER,COMPLETED,NA,False,NONE,0.0,False,False,SINGLE_GROUP,False,none/single-group,False,1.0,1.0,0.0,True,False,True,False,True,False,0,False,NO,False,False
NCT01219933,2011.0,<=2015,PHASE4,drug,1,68.0,INDUSTRY,COMPLETED,NON_RANDOMIZED,False,NONE,0.0,False,False,SINGLE_GROUP,False,none/single-group,False,68.0,30.0,0.5588235294117647,False,True,True,False,True,False,0,False,,False,
NCT00121043,,,PHASE4,both,0,,INDUSTRY,COMPLETED,RANDOMIZED,True,NONE,0.0,False,False,CROSSOVER,,none/single-group,False,,,,,True,True,False,False,False,0,False,,False,
NCT02557100,2015.0,<=2015,PHASE4,drug,3,80.0,INDUSTRY,COMPLETED,RANDOMIZED,True,SINGLE,1.0,True,False,PARALLEL,False,active,True,80.0,76.0,0.050000000000000044,True,True,False,True,True,False,1,True,,False,False
NCT02805010,2016.0,2016-2020,PHASE1,drug,2,22.0,INDUSTRY,UNKNOWN,RANDOMIZED,True,QUADRUPLE,4.0,True,True,PARALLEL,False,placebo/sham,True,,,,,False,True,False,False,False,0,False,NO,False,False
NCT01851707,2013.0,<=2015,PHASE2,drug,4,322.0,INDUSTRY,COMPLETED,RANDOMIZED,True,DOUBLE,2.0,True,True,PARALLEL,True,placebo/sham,True,,,,,False,True,True,False,False,0,False,,False,True
NCT03619876,2019.0,2016-2020,PHASE4,drug,2,11.0,OTHER,TERMINATED,RANDOMIZED,True,NONE,0.0,False,False,PARALLEL,False,active,True,10.0,5.0,0.5,False,True,True,False,True,False,0,False,,False,False
NCT02148640,2014.0,<=2015,PHASE4,drug,2,482.0,OTHER,COMPLETED,RANDOMIZED,True,QUADRUPLE,4.0,True,True,PARALLEL,True,active,True,,,,,True,True,False,False,False,3,True,,False,False
NCT00451971,2002.0,<=2015,PHASE4,drug,0,249.0,INDUSTRY,COMPLETED,RANDOMIZED,True,SINGLE,1.0,True,False,SINGLE_GROUP,True,none/single-group,False,,,,,True,True,False,False,False,1,True,,False,
NCT01679951,2012.0,<=2015,PHASE2,drug,4,272.0,INDUSTRY,TERMINATED,RANDOMIZED,True,DOUBLE,2.0,True,True,PARALLEL,True,placebo/sham,True,,,,,False,True,True,False,False,0,False,,False,True
NCT03817424,2018.0,2016-2020,PHASE1,drug,4,31.0,INDUSTRY,COMPLETED,RANDOMIZED,True,TRIPLE,3.0,True,True,SEQUENTIAL,True,placebo/sham,True,,,,,False,True,True,False,False,0,False,NO,False,False
NCT01414101,2011.0,<=2015,PHASE2,drug,3,51.0,INDUSTRY,COMPLETED,RANDOMIZED,True,QUADRUPLE,4.0,True,True,PARALLEL,True,none/single-group,False,,,,,False,True,True,False,False,1,True,,False,False
NCT07115745,2025.0,2021-2026,PHASE1,drug,1,125.0,INDUSTRY,RECRUITING,NA,False,NONE,0.0,False,False,SINGLE_GROUP,True,none/single-group,False,,,,,False,True,False,False,False,0,False,YES,True,True
NCT06115967,2023.0,2021-2026,PHASE1,drug,9,40.0,INDUSTRY,COMPLETED,RANDOMIZED,True,TRIPLE,3.0,True,True,SEQUENTIAL,True,placebo/sham,True,,,,,False,True,True,False,False,0,False,YES,True,False
NCT02701985,2016.0,2016-2020,PHASE2,drug,2,75.0,INDUSTRY,COMPLETED,RANDOMIZED,True,DOUBLE,2.0,True,True,PARALLEL,True,placebo/sham,True,75.0,66.0,0.12,True,False,True,False,True,False,1,True,,False,
NCT01132118,2010.0,<=2015,PHASE3,drug,2,30.0,OTHER,COMPLETED,RANDOMIZED,True,QUADRUPLE,4.0,True,True,CROSSOVER,False,none/single-group,False,30.0,24.0,0.19999999999999996,True,True,True,False,True,False,1,True,,False,True
NCT02123264,2014.0,<=2015,PHASE3,drug,2,28.0,OTHER,TERMINATED,RANDOMIZED,True,SINGLE,1.0,True,False,PARALLEL,False,active,True,,,,,True,False,False,False,False,0,False,,False,True
NCT01204138,2010.0,<=2015,PHASE2,drug,2,0.0,OTHER,WITHDRAWN,RANDOMIZED,True,DOUBLE,2.0,True,True,CROSSOVER,False,placebo/sham,True,,,,,False,True,False,False,False,0,False,,False,
NCT01184001,2010.0,<=2015,PHASE1,drug,2,16.0,INDUSTRY,COMPLETED,RANDOMIZED,True,NONE,0.0,False,False,CROSSOVER,False,none/single-group,False,,,,,False,False,False,False,False,0,False,,False,False
NCT00502853,2007.0,<=2015,PHASE4,drug,1,10.0,INDUSTRY,COMPLETED,NA,False,NONE,0.0,False,False,SINGLE_GROUP,False,none/single-group,False,10.0,10.0,0.0,True,True,True,False,True,False,0,False,,False,
NCT02706873,2016.0,2016-2020,PHASE3,drug,4,1002.0,INDUSTRY,COMPLETED,RANDOMIZED,True,QUADRUPLE,4.0,True,True,PARALLEL,True,active,True,1002.0,855.0,0.1467065868263473,True,True,True,True,True,False,13,True,YES,True,True
NCT00369928,2006.0,<=2015,PHASE2,drug,3,254.0,INDUSTRY,COMPLETED,RANDOMIZED,True,DOUBLE,2.0,True,True,PARALLEL,True,placebo/sham,True,256.0,212.0,0.171875,True,False,True,True,True,False,0,False,,False,False
NCT00424346,2006.0,<=2015,PHASE2,drug,4,274.0,INDUSTRY,COMPLETED,RANDOMIZED,True,QUADRUPLE,4.0,True,True,PARALLEL,True,placebo/sham,True,274.0,246.0,0.1021897810218978,True,False,True,True,True,False,1,True,,False,
NCT04157010,2013.0,<=2015,PHASE4,drug,2,20.0,OTHER,COMPLETED,RANDOMIZED,True,NONE,0.0,False,False,PARALLEL,False,none/single-group,False,,,,,True,True,False,False,False,0,False,,False,True
NCT02541955,2017.0,2016-2020,PHASE4,drug,2,40.0,OTHER,COMPLETED,RANDOMIZED,True,NONE,0.0,False,False,PARALLEL,False,active,True,,,,,True,False,False,False,False,0,False,,False,False
NCT01117129,2010.0,<=2015,PHASE4,drug,2,2.0,INDUSTRY,TERMINATED,RANDOMIZED,True,DOUBLE,2.0,True,True,PARALLEL,False,placebo/sham,True,,,,,True,True,False,False,False,0,False,,False,
NCT01382940,2011.0,<=2015,PHASE4,drug,1,351.0,INDUSTRY,COMPLETED,NA,False,NONE,0.0,False,False,SINGLE_GROUP,True,none/single-group,False,351.0,278.0,0.20797720797720798,False,True,True,False,True,False,0,False,,False,
NCT06209879,2024.0,2021-2026,PHASE4,drug,1,40.0,OTHER,UNKNOWN,NA,False,NONE,0.0,False,False,SINGLE_GROUP,False,none/single-group,False,,,,,True,True,False,False,False,0,False,,False,
NCT02010216,2010.0,<=2015,PHASE4,drug,1,23.0,INDUSTRY,COMPLETED,NA,False,NONE,0.0,False,False,SINGLE_GROUP,False,none/single-group,False,23.0,23.0,0.0,True,True,True,False,True,False,0,False,,False,
NCT00286689,2006.0,<=2015,NA,both,0,0.0,OTHER,WITHDRAWN,NON_RANDOMIZED,False,NONE,0.0,False,False,SINGLE_GROUP,False,none/single-group,False,,,,,False,True,False,False,False,0,False,,False,
NCT02254655,2013.0,<=2015,PHASE2,drug,2,119.0,OTHER,COMPLETED,RANDOMIZED,True,SINGLE,1.0,True,False,PARALLEL,True,placebo/sham,True,,,,,False,False,False,False,False,1,True,,False,True
NCT00308282,2006.0,<=2015,PHASE2,drug,2,136.0,INDUSTRY,COMPLETED,RANDOMIZED,True,TRIPLE,3.0,True,True,PARALLEL,True,placebo/sham,True,136.0,126.0,0.07352941176470584,True,False,True,False,True,False,1,True,YES,True,False
NCT00871767,2009.0,<=2015,PHASE1,drug,2,24.0,INDUSTRY,COMPLETED,RANDOMIZED,True,NONE,0.0,False,False,CROSSOVER,False,none/single-group,False,,,,,False,False,False,False,False,0,False,,False,False
NCT04757571,2021.0,2021-2026,PHASE1;PHASE2,drug,2,0.0,OTHER,WITHDRAWN,RANDOMIZED,True,DOUBLE,2.0,True,True,PARALLEL,False,placebo/sham,True,,,,,False,True,False,False,False,0,False,YES,True,True
NCT02097745,2004.0,<=2015,PHASE3,drug,1,341.0,INDUSTRY,COMPLETED,NA,False,NONE,0.0,False,False,SINGLE_GROUP,True,none/single-group,False,335.0,157.0,0.5313432835820895,False,True,True,False,True,False,1,True,,False,
NCT04333771,2020.0,2016-2020,PHASE3,drug,3,566.0,INDUSTRY,COMPLETED,RANDOMIZED,True,DOUBLE,2.0,True,True,PARALLEL,True,placebo/sham,True,,,,,True,True,True,False,False,1,True,UNDECIDED,False,True
NCT03257852,2017.0,2016-2020,PHASE2,drug,2,66.0,INDUSTRY,COMPLETED,RANDOMIZED,True,QUADRUPLE,4.0,True,True,PARALLEL,True,placebo/sham,True,,,,,False,True,False,False,False,1,True,YES,True,False
NCT05576597,2022.0,2021-2026,PHASE2,drug,1,30.0,OTHER,COMPLETED,NA,False,NONE,0.0,False,False,SINGLE_GROUP,False,none/single-group,False,,,,,False,True,False,False,False,0,False,,False,True
NCT01223365,2010.0,<=2015,PHASE3,drug,1,330.0,INDUSTRY,COMPLETED,NA,False,NONE,0.0,False,False,SINGLE_GROUP,True,none/single-group,False,330.0,291.0,0.11818181818181817,True,True,True,False,True,False,0,False,,False,False
NCT02293590,2013.0,<=2015,PHASE2,drug,2,43.0,OTHER,COMPLETED,RANDOMIZED,True,NONE,0.0,False,False,PARALLEL,False,active,True,,,,,False,True,False,False,False,0,False,,False,False
NCT02053727,2014.0,<=2015,NA,drug,2,0.0,OTHER,WITHDRAWN,RANDOMIZED,True,QUADRUPLE,4.0,True,True,CROSSOVER,False,placebo/sham,True,,,,,False,True,False,False,False,0,False,,False,False
NCT00144651,2001.0,<=2015,PHASE2,drug,1,135.0,INDUSTRY,COMPLETED,NON_RANDOMIZED,False,NONE,0.0,False,False,SINGLE_GROUP,True,none/single-group,False,,,,,False,True,False,False,False,0,False,,False,False
NCT04819269,2021.0,2021-2026,PHASE3,drug,2,203.0,INDUSTRY,COMPLETED,RANDOMIZED,True,DOUBLE,2.0,True,True,PARALLEL,True,placebo/sham,True,,,,,True,True,False,False,False,0,False,,False,
NCT01294397,2011.0,<=2015,PHASE1,drug,1,19.0,INDUSTRY,TERMINATED,NA,False,NONE,0.0,False,False,SINGLE_GROUP,False,none/single-group,False,19.0,17.0,0.10526315789473684,True,False,True,False,True,False,0,False,,False,
NCT01245361,2007.0,<=2015,NA,drug,2,30.0,OTHER,COMPLETED,RANDOMIZED,True,DOUBLE,2.0,True,True,PARALLEL,True,placebo/sham,True,,,,,False,True,False,False,False,0,False,,False,False
NCT00361634,2006.0,<=2015,PHASE1,drug,1,14.0,INDUSTRY,COMPLETED,NON_RANDOMIZED,False,NONE,0.0,False,False,SINGLE_GROUP,False,none/single-group,False,14.0,12.0,0.1428571428571429,True,False,True,False,True,False,0,False,,False,
NCT02017639,2014.0,<=2015,PHASE1,drug,1,19.0,INDUSTRY,COMPLETED,NON_RANDOMIZED,False,NONE,0.0,False,False,SINGLE_GROUP,False,none/single-group,False,,,,,False,False,False,False,False,1,True,,False,True
NCT03589833,2019.0,2016-2020,PHASE4,drug,4,504.0,OTHER,COMPLETED,RANDOMIZED,True,QUADRUPLE,4.0,True,True,PARALLEL,True,placebo/sham,True,,,,,True,True,True,False,False,1,True,UNDECIDED,False,True
NCT00106535,2005.0,<=2015,PHASE3,drug,3,1196.0,INDUSTRY,COMPLETED,RANDOMIZED,True,DOUBLE,2.0,True,True,PARALLEL,True,placebo/sham,True,1196.0,906.0,0.24247491638795982,False,True,True,True,True,False,8,True,,False,
NCT01185301,2010.0,<=2015,PHASE3,drug,4,395.0,INDUSTRY,COMPLETED,RANDOMIZED,True,DOUBLE,2.0,True,True,PARALLEL,True,active,True,395.0,358.0,0.09367088607594942,True,True,True,True,True,False,3,True,,False,False
NCT02504268,2015.0,<=2015,PHASE3,drug,4,994.0,INDUSTRY,COMPLETED,RANDOMIZED,True,QUADRUPLE,4.0,True,True,PARALLEL,True,placebo/sham,True,994.0,822.0,0.17303822937625757,True,True,True,True,True,False,4,True,,False,False
NCT01659242,2012.0,<=2015,PHASE4,drug,2,1.0,OTHER,TERMINATED,RANDOMIZED,True,SINGLE,1.0,True,False,PARALLEL,False,active,True,,,,,True,True,False,False,False,0,False,,False,False
NCT04068246,2019.0,2016-2020,PHASE1;PHASE2,drug,2,120.0,OTHER,COMPLETED,RANDOMIZED,True,DOUBLE,2.0,True,True,PARALLEL,True,placebo/sham,True,,,,,False,True,False,False,False,0,False,YES,True,True
NCT06570798,2025.0,2021-2026,PHASE2,drug,10,220.0,INDUSTRY,RECRUITING,NON_RANDOMIZED,False,NONE,0.0,False,False,SEQUENTIAL,True,none/single-group,False,,,,,False,True,True,False,False,1,True,YES,True,False
NCT04572841,2020.0,2016-2020,PHASE2,drug,2,84.0,INDUSTRY,COMPLETED,RANDOMIZED,True,QUADRUPLE,4.0,True,True,PARALLEL,True,placebo/sham,True,84.0,79.0,0.059523809523809534,True,False,True,False,True,False,0,False,YES,True,True
NCT01426347,2009.0,<=2015,NA,drug,2,139.0,OTHER,COMPLETED,RANDOMIZED,True,TRIPLE,3.0,True,True,PARALLEL,True,placebo/sham,True,83.0,73.0,0.12048192771084343,True,False,True,False,True,False,0,False,,False,False
NCT02760407,2016.0,2016-2020,PHASE3,drug,4,1648.0,INDUSTRY,COMPLETED,RANDOMIZED,True,DOUBLE,2.0,True,True,PARALLEL,True,placebo/sham,True,1648.0,1483.0,0.10012135922330101,True,True,True,True,True,False,3,True,,False,True
NCT01384422,2011.0,<=2015,PHASE2,drug,3,36.0,INDUSTRY,COMPLETED,RANDOMIZED,True,QUADRUPLE,4.0,True,True,PARALLEL,False,placebo/sham,True,,,,,False,True,True,False,False,2,True,,False,False
NCT05428488,2022.0,2021-2026,PHASE3,drug,2,220.0,OTHER,RECRUITING,RANDOMIZED,True,NONE,0.0,False,False,SEQUENTIAL,True,active,True,,,,,True,True,False,False,False,0,False,UNDECIDED,False,False
NCT00205478,2005.0,<=2015,PHASE2,drug,0,300.0,INDUSTRY,COMPLETED,RANDOMIZED,True,DOUBLE,2.0,True,True,PARALLEL,True,none/single-group,False,,,,,False,True,False,False,False,1,True,,False,
NCT05000216,2021.0,2021-2026,PHASE2,drug,43,258.0,NIH,TERMINATED,RANDOMIZED,True,NONE,0.0,False,False,PARALLEL,True,none/single-group,False,148.0,73.0,0.5067567567567568,False,False,False,True,True,False,1,True,YES,True,True
NCT00927927,2009.0,<=2015,PHASE1,drug,15,65.0,INDUSTRY,COMPLETED,RANDOMIZED,True,DOUBLE,2.0,True,True,SINGLE_GROUP,True,none/single-group,False,65.0,61.0,0.06153846153846154,True,False,True,True,True,False,0,False,,False,False
NCT01754805,2010.0,<=2015,PHASE1,drug,1,15.0,INDUSTRY,COMPLETED,NA,False,NONE,0.0,False,False,SINGLE_GROUP,False,none/single-group,False,,,,,False,False,False,False,False,1,True,NO,False,False
NCT07596680,2026.0,2021-2026,EARLY_PHASE1,drug,1,30.0,INDUSTRY,NOT_YET_RECRUITING,NA,False,NONE,0.0,False,False,SINGLE_GROUP,True,none/single-group,False,,,,,False,True,False,False,False,0,False,NO,False,False
NCT02151409,2008.0,<=2015,PHASE1,drug,3,60.0,INDUSTRY,COMPLETED,RANDOMIZED,True,DOUBLE,2.0,True,True,PARALLEL,True,placebo/sham,True,,,,,False,True,True,False,True,0,False,,False,False
NCT05363917,2022.0,2021-2026,PHASE2,drug,2,150.0,INDUSTRY,UNKNOWN,RANDOMIZED,True,DOUBLE,2.0,True,True,PARALLEL,True,active,True,,,,,False,True,False,False,False,0,False,,False,False
NCT02862574,2016.0,2016-2020,PHASE2,drug,4,15.0,INDUSTRY,TERMINATED,RANDOMIZED,True,DOUBLE,2.0,True,True,PARALLEL,False,placebo/sham,True,15.0,6.0,0.6,False,False,True,True,True,False,0,False,,False,True
NCT00578305,2007.0,<=2015,PHASE3,drug,3,185.0,INDUSTRY,COMPLETED,RANDOMIZED,True,DOUBLE,2.0,True,True,PARALLEL,True,placebo/sham,True,185.0,164.0,0.11351351351351346,True,True,True,True,True,False,1,True,,False,
NCT00279747,2000.0,<=2015,PHASE3,drug,0,226.0,INDUSTRY,COMPLETED,RANDOMIZED,True,DOUBLE,2.0,True,True,PARALLEL,True,none/single-group,False,,,,,True,True,False,False,False,0,False,,False,
NCT06503224,2024.0,2021-2026,NA,drug,1,18.0,OTHER,RECRUITING,NA,False,NONE,0.0,False,False,SEQUENTIAL,False,none/single-group,False,,,,,False,True,False,False,False,0,False,YES,True,True
NCT03813199,2019.0,2016-2020,PHASE2,drug,3,60.0,INDUSTRY,COMPLETED,RANDOMIZED,True,QUADRUPLE,4.0,True,True,PARALLEL,True,placebo/sham,True,60.0,43.0,0.2833333333333333,False,False,True,True,True,False,1,True,NO,False,
NCT07148414,2025.0,2021-2026,PHASE2,drug,7,285.0,INDUSTRY,ACTIVE_NOT_RECRUITING,RANDOMIZED,True,QUADRUPLE,4.0,True,True,PARALLEL,True,placebo/sham,True,,,,,False,True,True,False,False,0,False,NO,False,True
NCT00462072,2007.0,<=2015,PHASE4,drug,0,31.0,OTHER,COMPLETED,NA,False,NONE,0.0,False,False,SINGLE_GROUP,False,none/single-group,False,31.0,31.0,0.0,True,True,True,False,True,False,0,False,,False,False
NCT03357471,2017.0,2016-2020,PHASE3,drug,2,70.0,INDUSTRY,COMPLETED,NON_RANDOMIZED,False,NONE,0.0,False,False,PARALLEL,False,none/single-group,False,67.0,65.0,0.02985074626865669,True,True,True,False,True,False,1,True,,False,False
NCT00144586,2005.0,<=2015,PHASE3,drug,1,42.0,INDUSTRY,COMPLETED,NON_RANDOMIZED,False,NONE,0.0,False,False,SINGLE_GROUP,False,none/single-group,False,,,,,True,True,False,False,False,0,False,,False,
NCT00565409,2008.0,<=2015,PHASE4,drug,3,834.0,INDUSTRY,COMPLETED,RANDOMIZED,True,TRIPLE,3.0,True,True,PARALLEL,True,placebo/sham,True,834.0,756.0,0.09352517985611508,True,True,True,True,True,False,5,True,,False,False
NCT04169100,2011.0,<=2015,PHASE4,drug,1,25.0,OTHER,UNKNOWN,NA,False,NONE,0.0,False,False,SINGLE_GROUP,False,none/single-group,False,,,,,True,False,False,False,False,0,False,YES,True,False
NCT01116141,2010.0,<=2015,PHASE2,drug,5,250.0,INDUSTRY,COMPLETED,RANDOMIZED,True,TRIPLE,3.0,True,True,PARALLEL,True,active,True,,,,,False,True,True,False,False,0,False,,False,True
NCT00686868,2008.0,<=2015,PHASE1,drug,6,35.0,INDUSTRY,COMPLETED,RANDOMIZED,True,SINGLE,1.0,True,False,PARALLEL,True,placebo/sham,True,,,,,False,True,True,False,False,1,True,,False,
NCT02969044,2016.0,2016-2020,PHASE2,drug,2,70.0,INDUSTRY,COMPLETED,RANDOMIZED,True,QUADRUPLE,4.0,True,True,PARALLEL,True,placebo/sham,True,70.0,59.0,0.15714285714285714,True,False,True,False,True,False,3,True,,False,False
NCT04035668,2019.0,2016-2020,PHASE2,drug,3,73.0,INDUSTRY,TERMINATED,RANDOMIZED,True,TRIPLE,3.0,True,True,PARALLEL,True,placebo/sham,True,73.0,55.0,0.2465753424657534,False,False,False,True,True,False,1,True,YES,True,True
NCT03840538,2018.0,2016-2020,PHASE1;PHASE2,drug,2,32.0,OTHER,COMPLETED,RANDOMIZED,True,DOUBLE,2.0,True,True,PARALLEL,False,placebo/sham,True,,,,,False,False,False,False,False,1,True,,False,False
NCT00579878,2001.0,<=2015,PHASE3,drug,3,69.0,OTHER,COMPLETED,RANDOMIZED,True,QUADRUPLE,4.0,True,True,PARALLEL,False,active,True,69.0,49.0,0.28985507246376807,False,True,True,True,True,False,0,False,,False,True
NCT05848258,2023.0,2021-2026,PHASE2,drug,6,164.0,INDUSTRY,COMPLETED,RANDOMIZED,True,DOUBLE,2.0,True,True,PARALLEL,True,placebo/sham,True,,,,,False,True,True,False,False,0,False,YES,True,True
NCT02837146,2015.0,<=2015,PHASE3,drug,1,45.0,OTHER,UNKNOWN,NA,False,NONE,0.0,False,False,SINGLE_GROUP,False,none/single-group,False,,,,,True,True,False,False,False,0,False,NO,False,True
NCT03414502,2007.0,<=2015,PHASE3,drug,16,400.0,OTHER,RECRUITING,NON_RANDOMIZED,False,NONE,0.0,False,False,PARALLEL,True,active,True,,,,,True,True,True,False,False,0,False,NO,False,False
NCT02046603,2014.0,<=2015,PHASE3,drug,2,162.0,INDUSTRY,COMPLETED,NON_RANDOMIZED,False,NONE,0.0,False,False,PARALLEL,True,none/single-group,False,162.0,72.0,0.5555555555555556,False,True,True,False,True,False,3,True,,False,
NCT00946686,2002.0,<=2015,PHASE1,drug,2,52.0,INDUSTRY,COMPLETED,RANDOMIZED,True,NONE,0.0,False,False,PARALLEL,True,active,True,,,,,False,True,False,False,False,0,False,,False,
NCT01856309,2013.0,<=2015,PHASE3,drug,2,1820.0,INDUSTRY,COMPLETED,RANDOMIZED,True,DOUBLE,2.0,True,True,PARALLEL,True,none/single-group,False,1820.0,29.0,0.9840659340659341,False,True,True,False,True,False,1,True,,False,True
NCT06590090,2026.0,2021-2026,PHASE2,drug,2,108.0,INDUSTRY,NOT_YET_RECRUITING,RANDOMIZED,True,TRIPLE,3.0,True,True,PARALLEL,True,none/single-group,False,,,,,False,True,False,False,False,0,False,UNDECIDED,False,
NCT04186871,2020.0,2016-2020,PHASE2,drug,6,119.0,INDUSTRY,COMPLETED,RANDOMIZED,True,QUADRUPLE,4.0,True,True,PARALLEL,True,placebo/sham,True,119.0,105.0,0.11764705882352944,True,False,True,True,True,False,1,True,,False,True
NCT05313061,2021.0,2021-2026,PHASE3,drug,2,40.0,OTHER,UNKNOWN,RANDOMIZED,True,SINGLE,1.0,True,False,PARALLEL,False,active,True,,,,,True,True,False,False,False,0,False,NO,False,True
NCT04286789,2021.0,2021-2026,PHASE1,drug,4,17.0,INDUSTRY,COMPLETED,RANDOMIZED,True,DOUBLE,2.0,True,True,SEQUENTIAL,False,placebo/sham,True,,,,,False,True,True,False,False,0,False,,False,False
NCT01759030,2012.0,<=2015,PHASE3,drug,2,181.0,INDUSTRY,COMPLETED,RANDOMIZED,True,DOUBLE,2.0,True,True,PARALLEL,True,active,True,,,,,True,True,False,False,False,0,False,,False,False
NCT00418717,2007.0,<=2015,PHASE3,drug,1,42.0,INDUSTRY,COMPLETED,NON_RANDOMIZED,False,NONE,0.0,False,False,SINGLE_GROUP,False,none/single-group,False,42.0,41.0,0.023809523809523836,True,True,True,False,True,False,0,False,,False,False
NCT00395577,2006.0,<=2015,PHASE2,drug,0,120.0,INDUSTRY,COMPLETED,RANDOMIZED,True,DOUBLE,2.0,True,True,PARALLEL,True,none/single-group,False,,,,,False,True,False,False,False,1,True,,False,
NCT01864265,2013.0,<=2015,PHASE3,drug,2,156.0,OTHER,COMPLETED,RANDOMIZED,True,TRIPLE,3.0,True,True,PARALLEL,True,placebo/sham,True,,,,,True,True,False,False,False,1,True,,False,True
NCT06087406,2023.0,2021-2026,PHASE1,drug,2,33.0,INDUSTRY,TERMINATED,RANDOMIZED,True,TRIPLE,3.0,True,True,PARALLEL,True,placebo/sham,True,,,,,False,True,False,False,False,0,False,,False,False
NCT01830985,2013.0,<=2015,PHASE2;PHASE3,drug,1,39.0,INDUSTRY,COMPLETED,NA,False,NONE,0.0,False,False,SINGLE_GROUP,False,none/single-group,False,,,,,True,True,False,False,False,0,False,,False,True
NCT04391894,2020.0,2016-2020,PHASE2,drug,5,718.0,INDUSTRY,COMPLETED,RANDOMIZED,True,TRIPLE,3.0,True,True,PARALLEL,True,placebo/sham,True,558.0,544.0,0.02508960573476704,True,False,True,True,True,False,0,False,YES,True,False
NCT07534332,2026.0,2021-2026,PHASE2,drug,2,20.0,OTHER,NOT_YET_RECRUITING,RANDOMIZED,True,QUADRUPLE,4.0,True,True,PARALLEL,False,placebo/sham,True,,,,,False,False,False,False,False,0,False,UNDECIDED,False,False
NCT07115641,2025.0,2021-2026,NA,drug,2,240.0,OTHER,NOT_YET_RECRUITING,RANDOMIZED,True,NONE,0.0,False,False,PARALLEL,True,none/single-group,False,,,,,False,True,False,False,False,0,False,NO,False,False
NCT01023256,2009.0,<=2015,PHASE1;PHASE2,drug,3,96.0,INDUSTRY,COMPLETED,RANDOMIZED,True,DOUBLE,2.0,True,True,SINGLE_GROUP,True,none/single-group,False,98.0,85.0,0.13265306122448983,True,False,True,True,True,True,0,False,,False,True
NCT02760368,2016.0,2016-2020,PHASE3,drug,3,428.0,INDUSTRY,COMPLETED,RANDOMIZED,True,DOUBLE,2.0,True,True,PARALLEL,True,placebo/sham,True,428.0,396.0,0.07476635514018692,True,True,True,True,True,False,2,True,,False,True
NCT00695188,2008.0,<=2015,PHASE4,drug,2,19.0,OTHER,COMPLETED,RANDOMIZED,True,DOUBLE,2.0,True,True,PARALLEL,False,active,True,19.0,19.0,0.0,True,True,True,False,True,False,1,True,,False,True
NCT01202760,2011.0,<=2015,PHASE3,drug,3,1004.0,INDUSTRY,COMPLETED,RANDOMIZED,True,TRIPLE,3.0,True,True,PARALLEL,True,placebo/sham,True,1004.0,870.0,0.13346613545816732,True,True,True,True,True,False,0,False,,False,True
NCT07245992,2026.0,2021-2026,PHASE1,drug,1,42.0,INDUSTRY,RECRUITING,NA,False,NONE,0.0,False,False,SEQUENTIAL,True,none/single-group,False,,,,,False,True,False,False,False,0,False,NO,False,False
NCT05694130,2023.0,2021-2026,PHASE2;PHASE3,drug,2,110.0,OTHER,UNKNOWN,RANDOMIZED,True,NONE,0.0,False,False,PARALLEL,True,placebo/sham,True,,,,,True,True,False,False,False,0,False,UNDECIDED,False,False
NCT00038298,2002.0,<=2015,PHASE2,drug,4,53.0,INDUSTRY,COMPLETED,RANDOMIZED,True,DOUBLE,2.0,True,True,PARALLEL,True,placebo/sham,True,,,,,False,True,True,False,False,0,False,,False,
NCT00141830,2005.0,<=2015,PHASE2,drug,0,159.0,INDUSTRY,COMPLETED,RANDOMIZED,True,DOUBLE,2.0,True,True,PARALLEL,True,none/single-group,False,,,,,False,True,False,False,False,1,True,,False,
NCT02293902,2014.0,<=2015,PHASE3,drug,4,243.0,INDUSTRY,COMPLETED,RANDOMIZED,True,QUADRUPLE,4.0,True,True,PARALLEL,True,placebo/sham,True,243.0,215.0,0.1152263374485597,True,True,True,True,True,False,2,True,,False,False
NCT00234936,2003.0,<=2015,PHASE3,drug,0,200.0,INDUSTRY,COMPLETED,NON_RANDOMIZED,False,NONE,0.0,False,False,SINGLE_GROUP,True,none/single-group,False,,,,,True,True,False,False,False,0,False,,False,
NCT01197534,2010.0,<=2015,PHASE3,drug,3,913.0,INDUSTRY,COMPLETED,RANDOMIZED,True,QUADRUPLE,4.0,True,True,PARALLEL,True,placebo/sham,True,908.0,471.0,0.4812775330396476,False,True,True,True,True,False,0,False,,False,True
NCT03781375,2000.0,<=2015,PHASE3,drug,2,25.0,INDUSTRY,TERMINATED,RANDOMIZED,True,QUADRUPLE,4.0,True,True,PARALLEL,False,placebo/sham,True,25.0,12.0,0.52,False,True,True,False,True,False,0,False,,False,False
NCT00848354,2009.0,<=2015,PHASE4,drug,2,429.0,INDUSTRY,COMPLETED,RANDOMIZED,True,NONE,0.0,False,False,PARALLEL,True,active,True,424.0,398.0,0.061320754716981174,True,True,True,False,True,False,5,True,,False,False
NCT02029599,2014.0,<=2015,PHASE2,drug,3,240.0,INDUSTRY,COMPLETED,RANDOMIZED,True,QUADRUPLE,4.0,True,True,PARALLEL,True,placebo/sham,True,,,,,False,True,True,False,False,0,False,,False,True
NCT06972446,2025.0,2021-2026,PHASE2,drug,6,180.0,INDUSTRY,RECRUITING,RANDOMIZED,True,DOUBLE,2.0,True,True,PARALLEL,True,placebo/sham,True,,,,,False,True,True,False,False,0,False,YES,True,True
NCT01578850,2012.0,<=2015,PHASE4,drug,2,491.0,INDUSTRY,COMPLETED,RANDOMIZED,True,DOUBLE,2.0,True,True,PARALLEL,True,placebo/sham,True,489.0,452.0,0.07566462167689159,True,True,True,False,True,False,3,True,,False,False
NCT00634933,2008.0,<=2015,PHASE2,drug,3,222.0,INDUSTRY,TERMINATED,RANDOMIZED,True,QUADRUPLE,4.0,True,True,PARALLEL,True,placebo/sham,True,222.0,175.0,0.21171171171171166,False,False,True,True,True,False,0,False,,False,False
NCT01758198,2013.0,<=2015,PHASE4,drug,2,405.0,INDUSTRY,COMPLETED,RANDOMIZED,True,QUADRUPLE,4.0,True,True,PARALLEL,True,placebo/sham,True,,,,,True,True,False,False,False,0,False,,False,False
NCT00427934,2007.0,<=2015,PHASE2,drug,2,128.0,INDUSTRY,TERMINATED,RANDOMIZED,True,DOUBLE,2.0,True,True,PARALLEL,True,placebo/sham,True,128.0,89.0,0.3046875,False,False,True,False,True,False,1,True,,False,False
NCT01894516,2013.0,<=2015,PHASE2,drug,4,287.0,INDUSTRY,COMPLETED,RANDOMIZED,True,QUADRUPLE,4.0,True,True,PARALLEL,True,placebo/sham,True,283.0,265.0,0.06360424028268552,True,False,True,True,True,False,4,True,,False,True
NCT03780959,1997.0,<=2015,PHASE2;PHASE3,drug,2,69.0,INDUSTRY,COMPLETED,RANDOMIZED,True,TRIPLE,3.0,True,True,PARALLEL,False,placebo/sham,True,69.0,64.0,0.07246376811594202,True,True,True,False,True,False,0,False,,False,False
NCT00679510,2004.0,<=2015,PHASE2;PHASE3,drug,2,50.0,OTHER,COMPLETED,RANDOMIZED,True,DOUBLE,2.0,True,True,PARALLEL,False,placebo/sham,True,,,,,True,True,False,False,True,0,False,NO,False,True
NCT02717988,2015.0,<=2015,PHASE1,drug,7,48.0,INDUSTRY,COMPLETED,RANDOMIZED,True,DOUBLE,2.0,True,True,PARALLEL,True,placebo/sham,True,,,,,False,False,True,False,False,0,False,,False,False
NCT05279417,2022.0,2021-2026,PHASE2,drug,3,251.0,INDUSTRY,COMPLETED,RANDOMIZED,True,QUADRUPLE,4.0,True,True,PARALLEL,True,placebo/sham,True,,,,,False,True,True,False,False,0,False,,False,True
NCT07276581,2025.0,2021-2026,PHASE2,drug,4,320.0,INDUSTRY,RECRUITING,RANDOMIZED,True,QUADRUPLE,4.0,True,True,PARALLEL,True,placebo/sham,True,,,,,False,True,True,False,False,0,False,YES,True,True
NCT00570934,1995.0,<=2015,PHASE3,drug,4,24.0,OTHER,COMPLETED,RANDOMIZED,True,QUADRUPLE,4.0,True,True,CROSSOVER,False,none/single-group,False,,,,,True,True,True,False,False,1,True,NO,False,False
NCT00446784,2007.0,<=2015,PHASE1,drug,0,20.0,INDUSTRY,COMPLETED,RANDOMIZED,True,DOUBLE,2.0,True,True,PARALLEL,False,none/single-group,False,,,,,False,True,False,False,False,0,False,,False,
NCT00810199,2009.0,<=2015,PHASE3,drug,2,556.0,INDUSTRY,COMPLETED,RANDOMIZED,True,QUADRUPLE,4.0,True,True,PARALLEL,True,placebo/sham,True,556.0,415.0,0.25359712230215825,False,True,True,False,True,True,2,True,,False,
NCT04204603,2018.0,2016-2020,PHASE2,drug,4,122.0,INDUSTRY,COMPLETED,RANDOMIZED,True,DOUBLE,2.0,True,True,PARALLEL,True,placebo/sham,True,,,,,False,True,True,False,False,0,False,UNDECIDED,False,
NCT00503425,2005.0,<=2015,PHASE3,drug,1,215.0,INDUSTRY,COMPLETED,NA,False,NONE,0.0,False,False,SINGLE_GROUP,True,none/single-group,False,215.0,161.0,0.25116279069767444,False,True,True,False,True,False,0,False,,False,
NCT00447759,2007.0,<=2015,PHASE4,drug,2,7297.0,OTHER,COMPLETED,RANDOMIZED,True,NONE,0.0,False,False,PARALLEL,True,active,True,,,,,True,True,False,False,False,3,True,YES,True,True
NCT02855658,2014.0,<=2015,PHASE2,drug,2,90.0,OTHER,UNKNOWN,RANDOMIZED,True,QUADRUPLE,4.0,True,True,CROSSOVER,True,placebo/sham,True,,,,,False,True,False,False,True,0,False,UNDECIDED,False,True
NCT06567470,2025.0,2021-2026,PHASE2,drug,4,88.0,INDUSTRY,RECRUITING,RANDOMIZED,True,QUADRUPLE,4.0,True,True,PARALLEL,True,placebo/sham,True,,,,,False,True,True,False,False,0,False,,False,False
NCT00886769,2009.0,<=2015,PHASE3,drug,2,84.0,INDUSTRY,TERMINATED,RANDOMIZED,True,QUADRUPLE,4.0,True,True,PARALLEL,False,placebo/sham,True,84.0,41.0,0.5119047619047619,False,True,True,False,True,False,4,True,,False,
NCT01390545,2011.0,<=2015,PHASE2,drug,4,300.0,INDUSTRY,TERMINATED,RANDOMIZED,True,DOUBLE,2.0,True,True,PARALLEL,True,placebo/sham,True,,,,,False,True,True,False,False,0,False,,False,
NCT02693210,2001.0,<=2015,PHASE2,drug,4,161.0,INDUSTRY,COMPLETED,RANDOMIZED,True,TRIPLE,3.0,True,True,PARALLEL,True,active,True,,,,,False,True,True,False,False,0,False,,False,
NCT00001954,1999.0,<=2015,PHASE2,drug,0,28.0,NIH,COMPLETED,,False,,,False,False,,False,none/single-group,False,,,,,False,True,False,False,False,0,False,,False,
NCT07423533,2026.0,2021-2026,PHASE2,drug,5,450.0,INDUSTRY,RECRUITING,RANDOMIZED,True,QUADRUPLE,4.0,True,True,PARALLEL,True,placebo/sham,True,,,,,False,True,True,False,False,0,False,,False,False
NCT04066803,2018.0,2016-2020,PHASE4,drug,2,160.0,OTHER,UNKNOWN,RANDOMIZED,True,NONE,0.0,False,False,PARALLEL,True,active,True,,,,,True,True,False,False,True,0,False,NO,False,True
NCT00717236,2008.0,<=2015,PHASE3,drug,2,1648.0,INDUSTRY,COMPLETED,RANDOMIZED,True,QUADRUPLE,4.0,True,True,PARALLEL,True,placebo/sham,True,1063.0,955.0,0.1015992474129821,True,True,True,False,True,False,4,True,,False,False
NCT02553018,2015.0,<=2015,PHASE3,drug,2,278.0,INDUSTRY,COMPLETED,RANDOMIZED,True,NONE,0.0,False,False,PARALLEL,True,active,True,,,,,True,False,False,False,False,1,True,,False,False
NCT01709760,2012.0,<=2015,PHASE3,drug,2,91.0,INDUSTRY,UNKNOWN,RANDOMIZED,True,DOUBLE,2.0,True,True,PARALLEL,False,active,True,,,,,True,True,False,False,False,0,False,,False,True
NCT06902519,2025.0,2021-2026,PHASE1,drug,6,75.0,INDUSTRY,RECRUITING,RANDOMIZED,True,DOUBLE,2.0,True,True,PARALLEL,True,placebo/sham,True,,,,,False,True,True,False,False,0,False,NO,False,False
NCT05800327,2022.0,2021-2026,PHASE3,drug,3,261.0,INDUSTRY,ACTIVE_NOT_RECRUITING,RANDOMIZED,True,QUADRUPLE,4.0,True,True,PARALLEL,True,none/single-group,False,,,,,True,True,True,False,True,0,False,,False,False
NCT00303563,2006.0,<=2015,PHASE2,drug,4,204.0,INDUSTRY,COMPLETED,RANDOMIZED,True,DOUBLE,2.0,True,True,PARALLEL,True,placebo/sham,True,,,,,False,True,True,False,False,0,False,,False,
NCT04991753,2021.0,2021-2026,PHASE2,drug,2,53.0,INDUSTRY,COMPLETED,RANDOMIZED,True,DOUBLE,2.0,True,True,PARALLEL,True,placebo/sham,True,53.0,52.0,0.018867924528301883,True,False,True,False,True,False,2,True,YES,True,True
NCT07163221,2025.0,2021-2026,NA,both,3,60.0,INDUSTRY,RECRUITING,RANDOMIZED,True,QUADRUPLE,4.0,True,True,PARALLEL,True,placebo/sham,True,,,,,False,True,True,False,False,0,False,,False,
NCT07052565,2025.0,2021-2026,NA,drug,1,18.0,OTHER_GOV,RECRUITING,NA,False,NONE,0.0,False,False,SEQUENTIAL,False,none/single-group,False,,,,,False,True,False,False,False,0,False,,False,True
NCT02105129,2014.0,<=2015,PHASE1,drug,2,118.0,INDUSTRY,COMPLETED,RANDOMIZED,True,TRIPLE,3.0,True,True,PARALLEL,True,placebo/sham,True,,,,,False,True,False,False,False,0,False,,False,True
NCT01725230,2012.0,<=2015,PHASE1,drug,2,42.0,INDUSTRY,COMPLETED,NON_RANDOMIZED,False,NONE,0.0,False,False,CROSSOVER,True,none/single-group,False,,,,,False,False,False,False,False,0,False,,False,
NCT06231745,2024.0,2021-2026,PHASE3,drug,2,100.0,OTHER,COMPLETED,RANDOMIZED,True,DOUBLE,2.0,True,True,PARALLEL,True,active,True,,,,,True,True,False,False,False,1,True,,False,
NCT01484964,2011.0,<=2015,PHASE1,drug,3,24.0,INDUSTRY,COMPLETED,RANDOMIZED,True,NONE,0.0,False,False,CROSSOVER,False,none/single-group,False,,,,,False,False,True,False,False,0,False,,False,False
NCT00848120,2008.0,<=2015,PHASE3,drug,1,29.0,INDUSTRY,COMPLETED,NON_RANDOMIZED,False,NONE,0.0,False,False,SINGLE_GROUP,False,none/single-group,False,29.0,28.0,0.03448275862068961,True,True,True,False,True,False,0,False,,False,
NCT01379573,2011.0,<=2015,PHASE2,drug,1,74.0,OTHER,COMPLETED,NA,False,NONE,0.0,False,False,SINGLE_GROUP,True,none/single-group,False,74.0,63.0,0.14864864864864868,True,False,False,False,True,False,2,True,,False,True
NCT00814866,2008.0,<=2015,NA,drug,1,28.0,OTHER,COMPLETED,NA,False,NONE,0.0,False,False,SINGLE_GROUP,False,none/single-group,False,,,,,False,False,False,False,False,0,False,UNDECIDED,False,True
NCT00487825,2007.0,<=2015,PHASE2,drug,2,78.0,INDUSTRY,COMPLETED,RANDOMIZED,True,QUADRUPLE,4.0,True,True,PARALLEL,True,active,True,78.0,67.0,0.14102564102564108,True,False,True,False,True,False,0,False,,False,False
NCT01450982,2011.0,<=2015,PHASE1,drug,1,20.0,INDUSTRY,COMPLETED,NON_RANDOMIZED,False,NONE,0.0,False,False,SINGLE_GROUP,False,none/single-group,False,,,,,False,True,False,False,False,0,False,,False,False
NCT01351805,2010.0,<=2015,NA,drug,4,25871.0,OTHER,COMPLETED,RANDOMIZED,True,TRIPLE,3.0,True,True,FACTORIAL,True,placebo/sham,True,25871.0,25871.0,0.0,True,False,False,True,True,True,0,False,,False,True
NCT07182656,2025.0,2021-2026,PHASE1,drug,4,70.0,OTHER,RECRUITING,RANDOMIZED,True,TRIPLE,3.0,True,True,PARALLEL,True,placebo/sham,True,,,,,False,True,True,False,False,0,False,,False,
NCT01059448,2010.0,<=2015,PHASE2,drug,4,211.0,INDUSTRY,TERMINATED,NA,False,NONE,0.0,False,False,SINGLE_GROUP,True,none/single-group,False,211.0,0.0,1.0,False,False,True,True,True,False,0,False,,False,
NCT05274243,2022.0,2021-2026,PHASE2,drug,2,32.0,OTHER,COMPLETED,RANDOMIZED,True,QUADRUPLE,4.0,True,True,PARALLEL,False,placebo/sham,True,32.0,30.0,0.0625,True,False,True,False,True,False,0,False,YES,True,
NCT03403140,2016.0,2016-2020,PHASE3,drug,1,141.0,INDUSTRY,UNKNOWN,NA,False,NONE,0.0,False,False,SINGLE_GROUP,True,none/single-group,False,,,,,True,True,False,False,False,0,False,UNDECIDED,False,True
NCT01783015,2013.0,<=2015,PHASE4,drug,4,16.0,INDUSTRY,TERMINATED,RANDOMIZED,True,DOUBLE,2.0,True,True,PARALLEL,False,placebo/sham,True,16.0,11.0,0.3125,False,True,True,True,True,False,0,False,,False,False
NCT00236028,,,PHASE3,drug,0,607.0,INDUSTRY,COMPLETED,RANDOMIZED,True,DOUBLE,2.0,True,True,PARALLEL,True,none/single-group,False,,,,,True,True,False,False,True,1,True,,False,
NCT05121298,2021.0,2021-2026,PHASE3,drug,1,155.0,OTHER,UNKNOWN,NON_RANDOMIZED,False,NONE,0.0,False,False,SINGLE_GROUP,True,none/single-group,False,,,,,True,True,False,False,False,1,True,,False,True
NCT01710358,2012.0,<=2015,PHASE3,drug,3,1307.0,INDUSTRY,COMPLETED,RANDOMIZED,True,QUADRUPLE,4.0,True,True,PARALLEL,True,placebo/sham,True,1307.0,1204.0,0.0788064269319051,True,True,True,True,True,False,15,True,YES,True,True
NCT07582185,2026.0,2021-2026,PHASE4,drug,2,122.0,OTHER,NOT_YET_RECRUITING,RANDOMIZED,True,DOUBLE,2.0,True,True,PARALLEL,True,active,True,,,,,True,True,False,False,False,0,False,,False,False
NCT05533372,2022.0,2021-2026,PHASE1,drug,3,75.0,INDUSTRY,RECRUITING,RANDOMIZED,True,TRIPLE,3.0,True,True,SEQUENTIAL,True,none/single-group,False,,,,,False,True,True,False,False,0,False,,False,
NCT01764997,2013.0,<=2015,PHASE3,drug,5,776.0,INDUSTRY,TERMINATED,RANDOMIZED,True,QUADRUPLE,4.0,True,True,PARALLEL,True,active,True,776.0,738.0,0.0489690721649485,True,True,True,True,True,False,0,False,,False,True
NCT03023592,2017.0,2016-2020,PHASE1;PHASE2,drug,1,30.0,OTHER,UNKNOWN,NA,False,NONE,0.0,False,False,SINGLE_GROUP,False,none/single-group,False,,,,,False,True,False,False,False,0,False,NO,False,True
NCT01329991,2011.0,<=2015,PHASE1,drug,5,26.0,INDUSTRY,COMPLETED,RANDOMIZED,True,QUADRUPLE,4.0,True,True,SINGLE_GROUP,False,placebo/sham,True,,,,,False,True,True,False,False,0,False,,False,False
NCT00740948,2008.0,<=2015,PHASE2;PHASE3,drug,2,122.0,OTHER,COMPLETED,RANDOMIZED,True,QUADRUPLE,4.0,True,True,PARALLEL,True,placebo/sham,True,,,,,True,True,False,False,False,4,True,,False,True
NCT01961271,2013.0,<=2015,PHASE4,drug,1,114.0,INDUSTRY,COMPLETED,NA,False,NONE,0.0,False,False,SINGLE_GROUP,True,none/single-group,False,114.0,64.0,0.4385964912280702,False,True,True,False,True,False,1,True,,False,False
NCT05383677,2022.0,2021-2026,PHASE2,drug,2,30.0,OTHER,UNKNOWN,RANDOMIZED,True,QUADRUPLE,4.0,True,True,PARALLEL,False,placebo/sham,True,,,,,False,True,False,False,False,0,False,,False,
NCT01262118,2011.0,<=2015,PHASE1,drug,2,69.0,INDUSTRY,COMPLETED,NON_RANDOMIZED,False,NONE,0.0,False,False,SINGLE_GROUP,True,no-intervention,True,69.0,69.0,0.0,True,False,False,False,True,False,10,True,,False,False
NCT01126541,2006.0,<=2015,PHASE3,drug,2,224.0,INDUSTRY,COMPLETED,RANDOMIZED,True,NONE,0.0,False,False,PARALLEL,True,none/single-group,False,224.0,176.0,0.2142857142857143,False,True,True,False,True,False,6,True,,False,
NCT07200596,2025.0,2021-2026,PHASE1,drug,2,16.0,INDUSTRY,COMPLETED,RANDOMIZED,True,QUADRUPLE,4.0,True,True,PARALLEL,False,placebo/sham,True,,,,,False,True,False,False,False,0,False,UNDECIDED,False,
NCT01256736,2010.0,<=2015,PHASE3,drug,1,89.0,INDUSTRY,COMPLETED,NON_RANDOMIZED,False,NONE,0.0,False,False,SINGLE_GROUP,False,none/single-group,False,,,,,True,True,False,False,False,1,True,,False,True
NCT03329885,2017.0,2016-2020,PHASE1;PHASE2,drug,3,38.0,INDUSTRY,TERMINATED,RANDOMIZED,True,QUADRUPLE,4.0,True,True,PARALLEL,False,none/single-group,False,38.0,36.0,0.052631578947368474,True,False,True,True,True,False,0,False,,False,
NCT01206907,2010.0,<=2015,PHASE3,drug,0,0.0,INDUSTRY,WITHDRAWN,NA,False,NONE,0.0,False,False,SINGLE_GROUP,False,none/single-group,False,,,,,True,True,False,False,False,0,False,,False,True
NCT00658047,2008.0,<=2015,PHASE2,drug,4,201.0,INDUSTRY,COMPLETED,RANDOMIZED,True,QUADRUPLE,4.0,True,True,PARALLEL,True,active,True,,,,,False,True,True,False,False,1,True,,False,True
NCT06628206,2024.0,2021-2026,PHASE1,drug,2,48.0,INDUSTRY,RECRUITING,RANDOMIZED,True,TRIPLE,3.0,True,True,PARALLEL,True,none/single-group,False,,,,,False,True,False,False,False,0,False,NO,False,True
NCT01590966,2012.0,<=2015,PHASE3,drug,1,41.0,OTHER,COMPLETED,NA,False,NONE,0.0,False,False,SINGLE_GROUP,False,none/single-group,False,,,,,True,True,False,False,False,1,True,,False,False
NCT02257957,2014.0,<=2015,PHASE3,drug,2,30.0,OTHER,COMPLETED,RANDOMIZED,True,NONE,0.0,False,False,PARALLEL,False,active,True,30.0,30.0,0.0,True,True,True,False,True,False,1,True,,False,True
NCT01569074,2012.0,<=2015,PHASE2,drug,5,163.0,INDUSTRY,TERMINATED,RANDOMIZED,True,QUADRUPLE,4.0,True,True,PARALLEL,True,placebo/sham,True,163.0,119.0,0.26993865030674846,False,False,True,True,True,False,1,True,,False,True
NCT01270035,2011.0,<=2015,PHASE4,drug,1,40.0,OTHER,UNKNOWN,NA,False,NONE,0.0,False,False,SINGLE_GROUP,False,none/single-group,False,,,,,True,True,False,False,False,0,False,,False,
NCT04535427,2021.0,2021-2026,PHASE2,drug,3,144.0,OTHER,UNKNOWN,RANDOMIZED,True,SINGLE,1.0,True,False,PARALLEL,True,placebo/sham,True,,,,,False,True,True,False,False,0,False,,False,
NCT07138898,2025.0,2021-2026,PHASE2,drug,2,80.0,OTHER,RECRUITING,RANDOMIZED,True,SINGLE,1.0,True,False,PARALLEL,True,active,True,,,,,False,True,False,False,False,0,False,YES,True,False
NCT06794008,2024.0,2021-2026,PHASE2,drug,1,50.0,OTHER,RECRUITING,NA,False,NONE,0.0,False,False,SINGLE_GROUP,True,none/single-group,False,,,,,False,True,False,False,False,0,False,,False,True
NCT07192666,2025.0,2021-2026,EARLY_PHASE1,drug,1,12.0,INDUSTRY,NOT_YET_RECRUITING,NA,False,NONE,0.0,False,False,SINGLE_GROUP,False,none/single-group,False,,,,,False,True,False,False,False,0,False,NO,False,
NCT05604885,2022.0,2021-2026,PHASE2,drug,4,125.0,INDUSTRY,COMPLETED,RANDOMIZED,True,TRIPLE,3.0,True,True,PARALLEL,True,placebo/sham,True,,,,,False,True,True,False,False,0,False,NO,False,True
NCT06915701,2026.0,2021-2026,PHASE2;PHASE3,drug,2,46.0,OTHER,RECRUITING,RANDOMIZED,True,DOUBLE,2.0,True,True,PARALLEL,False,placebo/sham,True,,,,,True,True,False,False,False,0,False,NO,False,True
NCT02886728,2016.0,2016-2020,PHASE3,drug,4,1252.0,INDUSTRY,COMPLETED,RANDOMIZED,True,DOUBLE,2.0,True,True,PARALLEL,True,active,True,1252.0,1025.0,0.18130990415335468,True,True,True,True,True,True,8,True,NO,False,True
NCT06741969,2024.0,2021-2026,PHASE3,drug,2,655.0,INDUSTRY,ACTIVE_NOT_RECRUITING,RANDOMIZED,True,QUADRUPLE,4.0,True,True,PARALLEL,True,placebo/sham,True,,,,,True,True,False,False,False,0,False,YES,True,True
NCT00124982,2005.0,<=2015,PHASE3,drug,3,1286.0,INDUSTRY,COMPLETED,NON_RANDOMIZED,False,NONE,0.0,False,False,PARALLEL,True,none/single-group,False,1046.0,860.0,0.17782026768642445,True,True,True,True,True,False,4,True,,False,
NCT02057250,2014.0,<=2015,PHASE3,both,4,217.0,INDUSTRY,COMPLETED,RANDOMIZED,True,NONE,0.0,False,False,PARALLEL,True,none/single-group,False,217.0,201.0,0.07373271889400923,True,True,True,True,True,False,1,True,,False,True
NCT07176390,2025.0,2021-2026,PHASE2,drug,4,182.0,INDUSTRY,ACTIVE_NOT_RECRUITING,RANDOMIZED,True,QUADRUPLE,4.0,True,True,PARALLEL,True,placebo/sham,True,,,,,False,True,True,False,False,0,False,YES,True,True
NCT00525213,2007.0,<=2015,PHASE2,drug,4,224.0,INDUSTRY,COMPLETED,RANDOMIZED,True,DOUBLE,2.0,True,True,PARALLEL,True,placebo/sham,True,,,,,False,True,True,False,False,0,False,,False,False
NCT01063803,2010.0,<=2015,PHASE2,drug,2,266.0,INDUSTRY,COMPLETED,NON_RANDOMIZED,False,NONE,0.0,False,False,PARALLEL,True,none/single-group,False,,,,,False,True,False,False,False,0,False,,False,False
NCT03540615,2018.0,2016-2020,PHASE1,drug,2,64.0,INDUSTRY,COMPLETED,RANDOMIZED,True,QUADRUPLE,4.0,True,True,SEQUENTIAL,True,placebo/sham,True,,,,,False,False,False,False,False,0,False,,False,False
NCT00094562,2004.0,<=2015,PHASE2,drug,0,25.0,OTHER,COMPLETED,RANDOMIZED,True,DOUBLE,2.0,True,True,PARALLEL,False,none/single-group,False,,,,,False,True,False,False,False,0,False,,False,True
NCT03426995,2018.0,2016-2020,PHASE1,drug,8,48.0,INDUSTRY,TERMINATED,RANDOMIZED,True,DOUBLE,2.0,True,True,CROSSOVER,True,placebo/sham,True,7.0,6.0,0.1428571428571429,True,False,True,True,True,False,1,True,YES,True,False
NCT01973569,2013.0,<=2015,NA,drug,3,679.0,INDUSTRY,COMPLETED,RANDOMIZED,True,QUADRUPLE,4.0,True,True,PARALLEL,True,placebo/sham,True,679.0,607.0,0.10603829160530187,True,False,True,True,True,False,2,True,YES,True,False
NCT03649061,2018.0,2016-2020,PHASE4,drug,2,276.0,OTHER,COMPLETED,RANDOMIZED,True,NONE,0.0,False,False,PARALLEL,True,active,True,110.0,92.0,0.1636363636363637,True,True,True,False,True,True,1,True,NO,False,True
NCT01955603,2013.0,<=2015,PHASE1,drug,3,24.0,INDUSTRY,COMPLETED,RANDOMIZED,True,DOUBLE,2.0,True,True,PARALLEL,False,none/single-group,False,,,,,False,True,True,False,False,0,False,,False,False
NCT06916806,2025.0,2021-2026,PHASE1,drug,2,72.0,INDUSTRY,RECRUITING,NON_RANDOMIZED,False,NONE,0.0,False,False,SEQUENTIAL,True,none/single-group,False,,,,,False,True,False,False,False,0,False,YES,True,True
NCT05090410,2021.0,2021-2026,PHASE3,drug,2,400.0,OTHER,UNKNOWN,RANDOMIZED,True,NONE,0.0,False,False,PARALLEL,True,active,True,,,,,True,True,False,False,False,2,True,NO,False,True
NCT00650767,2008.0,<=2015,PHASE2,drug,4,201.0,INDUSTRY,COMPLETED,RANDOMIZED,True,QUADRUPLE,4.0,True,True,PARALLEL,True,placebo/sham,True,201.0,162.0,0.19402985074626866,True,False,True,True,True,False,0,False,,False,True
NCT00279760,,,PHASE1;PHASE2,drug,0,210.0,INDUSTRY,COMPLETED,RANDOMIZED,True,DOUBLE,2.0,True,True,PARALLEL,True,none/single-group,False,,,,,False,True,False,False,False,0,False,,False,
NCT02833350,2016.0,2016-2020,PHASE2,drug,7,578.0,INDUSTRY,COMPLETED,RANDOMIZED,True,DOUBLE,2.0,True,True,PARALLEL,True,placebo/sham,True,578.0,541.0,0.06401384083044981,True,False,True,True,True,False,0,False,,False,
NCT01940926,2012.0,<=2015,EARLY_PHASE1,drug,1,50.0,OTHER,UNKNOWN,NA,False,NONE,0.0,False,False,SINGLE_GROUP,True,none/single-group,False,,,,,False,False,False,False,False,1,True,NO,False,True
NCT04273334,2019.0,2016-2020,PHASE1,drug,1,90.0,OTHER,UNKNOWN,NA,False,NONE,0.0,False,False,SINGLE_GROUP,True,none/single-group,False,,,,,False,False,False,False,False,0,False,NO,False,
NCT01164579,2010.0,<=2015,PHASE2,drug,3,109.0,INDUSTRY,COMPLETED,RANDOMIZED,True,QUADRUPLE,4.0,True,True,PARALLEL,True,active,True,109.0,76.0,0.3027522935779816,False,False,True,True,True,False,14,True,,False,True
NCT00239382,2004.0,<=2015,PHASE3,drug,0,150.0,INDUSTRY,COMPLETED,RANDOMIZED,True,NONE,0.0,False,False,PARALLEL,True,none/single-group,False,,,,,True,True,False,False,False,0,False,,False,
NCT00539760,2007.0,<=2015,PHASE1,drug,6,45.0,INDUSTRY,COMPLETED,RANDOMIZED,True,SINGLE,1.0,True,False,PARALLEL,True,placebo/sham,True,,,,,False,True,True,False,False,0,False,,False,False
NCT00768053,2008.0,<=2015,PHASE4,drug,1,108.0,INDUSTRY,COMPLETED,NA,False,NONE,0.0,False,False,SINGLE_GROUP,True,none/single-group,False,108.0,97.0,0.10185185185185186,True,True,True,False,True,False,3,True,,False,False
NCT06025578,2023.0,2021-2026,PHASE3,drug,3,1057.0,INDUSTRY,ACTIVE_NOT_RECRUITING,RANDOMIZED,True,QUADRUPLE,4.0,True,True,PARALLEL,True,placebo/sham,True,,,,,True,True,True,False,False,0,False,YES,True,True
NCT00034203,2002.0,<=2015,PHASE2,drug,0,,INDUSTRY,COMPLETED,RANDOMIZED,True,DOUBLE,2.0,True,True,,,none/single-group,False,,,,,False,True,False,False,False,0,False,,False,
NCT02219347,2014.0,<=2015,NA,drug,1,74.0,OTHER,COMPLETED,NA,False,NONE,0.0,False,False,SINGLE_GROUP,True,none/single-group,False,,,,,False,False,False,False,False,1,True,NO,False,False
NCT07675226,2026.0,2021-2026,PHASE1,drug,2,48.0,INDUSTRY,NOT_YET_RECRUITING,RANDOMIZED,True,NONE,0.0,False,False,CROSSOVER,True,none/single-group,False,,,,,False,False,False,False,False,0,False,NO,False,False
NCT07469865,2021.0,2021-2026,NA,drug,6,46.0,OTHER,COMPLETED,RANDOMIZED,True,DOUBLE,2.0,True,True,CROSSOVER,True,none/single-group,False,,,,,False,True,True,False,False,0,False,NO,False,False
NCT02052375,2012.0,<=2015,PHASE1,drug,4,24.0,INDUSTRY,COMPLETED,RANDOMIZED,True,QUADRUPLE,4.0,True,True,PARALLEL,False,none/single-group,False,,,,,False,False,True,False,False,0,False,,False,False
NCT03813771,2019.0,2016-2020,PHASE4,drug,3,106.0,OTHER,UNKNOWN,RANDOMIZED,True,NONE,0.0,False,False,PARALLEL,True,active,True,,,,,True,True,True,False,False,0,False,UNDECIDED,False,True
NCT00504777,2007.0,<=2015,PHASE4,drug,1,36.0,INDUSTRY,COMPLETED,NON_RANDOMIZED,False,NONE,0.0,False,False,SINGLE_GROUP,False,none/single-group,False,36.0,35.0,0.02777777777777779,True,True,True,False,True,False,0,False,,False,
NCT07412704,2026.0,2021-2026,PHASE1;PHASE2,drug,10,84.0,INDUSTRY,NOT_YET_RECRUITING,NON_RANDOMIZED,False,NONE,0.0,False,False,SEQUENTIAL,True,none/single-group,False,,,,,False,True,True,False,False,0,False,YES,True,False
NCT04870203,2021.0,2021-2026,PHASE3,drug,4,160.0,OTHER,ACTIVE_NOT_RECRUITING,RANDOMIZED,True,TRIPLE,3.0,True,True,PARALLEL,True,placebo/sham,True,,,,,True,True,True,False,False,0,False,NO,False,True
NCT00455208,2007.0,<=2015,PHASE1;PHASE2,drug,0,20.0,INDUSTRY,UNKNOWN,NON_RANDOMIZED,False,NONE,0.0,False,False,SINGLE_GROUP,False,none/single-group,False,,,,,False,True,False,False,False,0,False,,False,True
NCT04004429,2019.0,2016-2020,PHASE2,drug,3,105.0,INDUSTRY,COMPLETED,RANDOMIZED,True,TRIPLE,3.0,True,True,PARALLEL,True,placebo/sham,True,105.0,99.0,0.05714285714285716,True,False,True,True,True,False,0,False,NO,False,True
NCT07636057,2026.0,2021-2026,PHASE4,drug,2,100.0,OTHER,NOT_YET_RECRUITING,RANDOMIZED,True,NONE,0.0,False,False,PARALLEL,True,none/single-group,False,,,,,True,True,False,False,False,0,False,,False,
NCT00550446,2007.0,<=2015,PHASE2,drug,7,386.0,INDUSTRY,COMPLETED,RANDOMIZED,True,QUADRUPLE,4.0,True,True,PARALLEL,True,placebo/sham,True,386.0,340.0,0.11917098445595853,True,False,True,True,True,False,17,True,,False,False
NCT00282412,2002.0,<=2015,PHASE1,drug,1,4.0,OTHER,TERMINATED,NA,False,NONE,0.0,False,False,SINGLE_GROUP,False,none/single-group,False,4.0,2.0,0.5,False,False,True,False,True,False,0,False,NO,False,True
NCT00797342,2008.0,<=2015,PHASE1,drug,3,27.0,INDUSTRY,COMPLETED,RANDOMIZED,True,DOUBLE,2.0,True,True,CROSSOVER,False,none/single-group,False,,,,,False,False,True,False,False,0,False,,False,False
NCT05545020,2022.0,2021-2026,PHASE2;PHASE3,drug,2,60.0,OTHER,COMPLETED,RANDOMIZED,True,NONE,0.0,False,False,PARALLEL,False,active,True,,,,,True,True,False,False,False,1,True,NO,False,
NCT01185288,2010.0,<=2015,PHASE4,drug,2,309.0,INDUSTRY,COMPLETED,RANDOMIZED,True,DOUBLE,2.0,True,True,PARALLEL,True,active,True,309.0,274.0,0.11326860841423947,True,True,True,False,True,False,6,True,,False,False
NCT01063062,2010.0,<=2015,PHASE3,drug,1,107.0,INDUSTRY,COMPLETED,NON_RANDOMIZED,False,NONE,0.0,False,False,SINGLE_GROUP,True,none/single-group,False,107.0,87.0,0.1869158878504673,True,True,True,False,True,False,0,False,,False,
NCT06929039,2024.0,2021-2026,PHASE1,drug,3,300.0,INDUSTRY,COMPLETED,RANDOMIZED,True,NONE,0.0,False,False,PARALLEL,True,active,True,,,,,False,True,True,False,False,0,False,,False,True
NCT03492658,2018.0,2016-2020,PHASE4,drug,2,46.0,OTHER,COMPLETED,RANDOMIZED,True,NONE,0.0,False,False,PARALLEL,False,active,True,,,,,True,True,False,False,False,0,False,YES,True,True
NCT01146652,2010.0,<=2015,PHASE3,drug,2,2023.0,INDUSTRY,COMPLETED,NON_RANDOMIZED,False,NONE,0.0,False,False,PARALLEL,True,none/single-group,False,2023.0,1027.0,0.4923381117152743,False,True,True,False,True,False,5,True,YES,True,True
NCT00132769,2005.0,<=2015,PHASE2,drug,2,106.0,INDUSTRY,COMPLETED,RANDOMIZED,True,DOUBLE,2.0,True,True,PARALLEL,True,placebo/sham,True,106.0,84.0,0.2075471698113207,False,False,True,False,True,False,0,False,,False,False
NCT01941095,2013.0,<=2015,PHASE3,drug,1,100.0,INDUSTRY,COMPLETED,NA,False,NONE,0.0,False,False,SINGLE_GROUP,True,none/single-group,False,97.0,41.0,0.5773195876288659,False,True,True,False,True,False,2,True,,False,
NCT02433184,2011.0,<=2015,PHASE4,drug,2,120.0,OTHER,COMPLETED,RANDOMIZED,True,NONE,0.0,False,False,PARALLEL,True,active,True,,,,,True,True,False,False,False,2,True,,False,False
NCT00782600,2008.0,<=2015,PHASE1,drug,4,16.0,INDUSTRY,COMPLETED,RANDOMIZED,True,NONE,0.0,False,False,CROSSOVER,False,none/single-group,False,,,,,False,True,True,False,False,0,False,,False,False
NCT02638948,2016.0,2016-2020,PHASE2,drug,3,508.0,INDUSTRY,COMPLETED,RANDOMIZED,True,QUADRUPLE,4.0,True,True,PARALLEL,True,placebo/sham,True,247.0,212.0,0.1417004048582996,True,False,True,True,True,False,1,True,,False,True
NCT00669942,2005.0,<=2015,PHASE1;PHASE2,drug,12,104.0,INDUSTRY,COMPLETED,RANDOMIZED,True,DOUBLE,2.0,True,True,PARALLEL,True,placebo/sham,True,32.0,32.0,0.0,True,False,False,True,True,False,1,True,,False,False
NCT00595413,2007.0,<=2015,PHASE2,drug,4,311.0,INDUSTRY,COMPLETED,RANDOMIZED,True,DOUBLE,2.0,True,True,PARALLEL,True,placebo/sham,True,311.0,287.0,0.07717041800643087,True,False,True,True,True,False,1,True,,False,False
NCT00785928,2008.0,<=2015,PHASE2,drug,7,158.0,INDUSTRY,COMPLETED,RANDOMIZED,True,QUADRUPLE,4.0,True,True,PARALLEL,True,none/single-group,False,158.0,142.0,0.10126582278481011,True,False,True,True,True,False,1,True,,False,False
NCT00650078,2008.0,<=2015,PHASE3,drug,2,350.0,INDUSTRY,COMPLETED,RANDOMIZED,True,DOUBLE,2.0,True,True,PARALLEL,True,placebo/sham,True,350.0,323.0,0.07714285714285718,True,True,True,False,True,False,2,True,,False,False
NCT02434757,2014.0,<=2015,NA,drug,1,10.0,OTHER,UNKNOWN,RANDOMIZED,True,NONE,0.0,False,False,SINGLE_GROUP,False,none/single-group,False,,,,,False,True,False,False,False,0,False,,False,True
NCT03086343,2017.0,2016-2020,PHASE3,drug,4,657.0,INDUSTRY,COMPLETED,RANDOMIZED,True,QUADRUPLE,4.0,True,True,PARALLEL,True,active,True,656.0,594.0,0.09451219512195119,True,True,True,True,True,False,8,True,YES,True,True
NCT01724931,2013.0,<=2015,PHASE2,drug,3,175.0,INDUSTRY,COMPLETED,RANDOMIZED,True,QUADRUPLE,4.0,True,True,PARALLEL,True,placebo/sham,True,,,,,False,True,True,False,True,0,False,,False,False
NCT00583557,2005.0,<=2015,PHASE2,drug,1,155.0,INDUSTRY,TERMINATED,NA,False,NONE,0.0,False,False,SINGLE_GROUP,True,none/single-group,False,155.0,85.0,0.4516129032258065,False,False,True,False,True,False,0,False,,False,True
NCT02706847,2016.0,2016-2020,PHASE3,drug,4,499.0,INDUSTRY,COMPLETED,RANDOMIZED,True,QUADRUPLE,4.0,True,True,PARALLEL,True,placebo/sham,True,499.0,457.0,0.08416833667334667,True,True,True,True,True,False,13,True,YES,True,True
NCT00162201,2003.0,<=2015,PHASE1,drug,1,16.0,INDUSTRY,COMPLETED,NON_RANDOMIZED,False,NONE,0.0,False,False,SINGLE_GROUP,False,none/single-group,False,,,,,False,True,False,False,False,0,False,,False,
NCT01901185,2013.0,<=2015,PHASE3,drug,1,77.0,INDUSTRY,COMPLETED,NA,False,NONE,0.0,False,False,SINGLE_GROUP,False,none/single-group,False,77.0,75.0,0.025974025974025983,True,True,True,False,True,False,0,False,,False,False
NCT03155347,2017.0,2016-2020,PHASE3,drug,3,340.0,INDUSTRY,COMPLETED,RANDOMIZED,True,DOUBLE,2.0,True,True,PARALLEL,True,active,True,,,,,True,True,True,False,False,1,True,NO,False,False
NCT00763139,2009.0,<=2015,NA,drug,2,34.0,OTHER,COMPLETED,RANDOMIZED,True,TRIPLE,3.0,True,True,CROSSOVER,True,none/single-group,False,34.0,26.0,0.23529411764705888,False,False,False,False,True,True,1,True,,False,True
NCT00055133,2002.0,<=2015,PHASE2,drug,0,50.0,INDUSTRY,COMPLETED,NON_RANDOMIZED,False,NONE,0.0,False,False,SINGLE_GROUP,True,none/single-group,False,,,,,False,True,False,False,False,0,False,,False,
NCT03082573,2017.0,2016-2020,PHASE4,drug,2,30.0,OTHER,UNKNOWN,RANDOMIZED,True,NONE,0.0,False,False,CROSSOVER,False,active,True,,,,,True,True,False,False,False,0,False,UNDECIDED,False,False
NCT02151474,2014.0,<=2015,PHASE2,drug,4,3.0,INDUSTRY,TERMINATED,RANDOMIZED,True,DOUBLE,2.0,True,True,PARALLEL,False,none/single-group,False,,,,,False,True,True,False,False,0,False,,False,False
NCT00299546,2006.0,<=2015,PHASE3,drug,3,461.0,INDUSTRY,COMPLETED,RANDOMIZED,True,QUADRUPLE,4.0,True,True,PARALLEL,True,placebo/sham,True,461.0,183.0,0.6030368763557483,False,True,True,True,True,False,4,True,,False,True
NCT07258849,2025.0,2021-2026,PHASE1,drug,5,141.0,INDUSTRY,RECRUITING,RANDOMIZED,True,NONE,0.0,False,False,PARALLEL,True,placebo/sham,True,,,,,False,False,True,False,False,0,False,NO,False,False
NCT02005757,2013.0,<=2015,PHASE2,drug,2,60.0,INDUSTRY,UNKNOWN,RANDOMIZED,True,NONE,0.0,False,False,PARALLEL,True,active,True,,,,,False,True,False,False,False,0,False,,False,True
NCT03332719,2016.0,2016-2020,PHASE3,drug,2,168.0,INDUSTRY,COMPLETED,RANDOMIZED,True,SINGLE,1.0,True,False,PARALLEL,True,active,True,,,,,True,True,False,False,False,1,True,UNDECIDED,False,True
NCT03478111,2018.0,2016-2020,PHASE3,drug,2,390.0,INDUSTRY,COMPLETED,RANDOMIZED,True,QUADRUPLE,4.0,True,True,PARALLEL,True,active,True,,,,,True,True,False,False,False,2,True,NO,False,False
NCT03784261,2018.0,2016-2020,PHASE2,drug,3,90.0,OTHER,UNKNOWN,RANDOMIZED,True,SINGLE,1.0,True,False,PARALLEL,True,active,True,,,,,False,True,True,False,False,0,False,NO,False,True
NCT03868072,2019.0,2016-2020,PHASE1,drug,2,40.0,INDUSTRY,COMPLETED,RANDOMIZED,True,NONE,0.0,False,False,CROSSOVER,True,none/single-group,False,,,,,False,True,False,False,False,0,False,NO,False,
NCT05715736,2023.0,2021-2026,PHASE1,drug,2,31.0,OTHER,COMPLETED,RANDOMIZED,True,QUADRUPLE,4.0,True,True,SEQUENTIAL,True,placebo/sham,True,,,,,False,True,False,False,False,0,False,NO,False,False
NCT02837978,2015.0,<=2015,PHASE4,drug,2,150.0,OTHER,COMPLETED,NON_RANDOMIZED,False,NONE,0.0,False,False,PARALLEL,True,active,True,,,,,True,True,False,False,False,0,False,NO,False,False
NCT00902486,2009.0,<=2015,PHASE2,drug,4,127.0,INDUSTRY,COMPLETED,RANDOMIZED,True,DOUBLE,2.0,True,True,PARALLEL,True,placebo/sham,True,127.0,115.0,0.09448818897637801,True,False,True,True,True,False,3,True,,False,False
NCT02393378,2015.0,<=2015,PHASE2,drug,2,7.0,INDUSTRY,TERMINATED,RANDOMIZED,True,NONE,0.0,False,False,PARALLEL,False,active,True,7.0,7.0,0.0,True,False,True,False,True,False,0,False,,False,False
NCT02705989,2016.0,2016-2020,PHASE1,drug,4,439.0,INDUSTRY,COMPLETED,RANDOMIZED,True,QUADRUPLE,4.0,True,True,PARALLEL,True,placebo/sham,True,,,,,False,True,True,False,False,0,False,,False,False
NCT02097524,2014.0,<=2015,PHASE1,drug,4,105.0,INDUSTRY,COMPLETED,RANDOMIZED,True,NONE,0.0,False,False,PARALLEL,True,active,True,,,,,False,False,True,False,False,2,True,,False,True
NCT00550355,2007.0,<=2015,PHASE1,drug,4,78.0,INDUSTRY,COMPLETED,RANDOMIZED,True,DOUBLE,2.0,True,True,PARALLEL,True,placebo/sham,True,,,,,False,True,True,False,False,0,False,,False,False
NCT01143805,2010.0,<=2015,PHASE1,drug,2,12.0,INDUSTRY,COMPLETED,RANDOMIZED,True,NONE,0.0,False,False,CROSSOVER,False,none/single-group,False,,,,,False,False,False,False,False,0,False,,False,False
NCT05516979,2022.0,2021-2026,PHASE2,drug,2,127.0,INDUSTRY,COMPLETED,RANDOMIZED,True,TRIPLE,3.0,True,True,PARALLEL,True,placebo/sham,True,,,,,False,True,False,False,False,0,False,NO,False,False
NCT03718611,2018.0,2016-2020,PHASE1,drug,2,36.0,INDUSTRY,COMPLETED,RANDOMIZED,True,NONE,0.0,False,False,CROSSOVER,True,none/single-group,False,,,,,False,False,False,False,False,0,False,NO,False,False
NCT01276262,2011.0,<=2015,PHASE1,drug,2,22.0,INDUSTRY,COMPLETED,NON_RANDOMIZED,False,SINGLE,1.0,True,False,CROSSOVER,False,placebo/sham,True,,,,,False,False,False,False,False,0,False,,False,
NCT00144508,2003.0,<=2015,PHASE3,drug,2,306.0,INDUSTRY,COMPLETED,RANDOMIZED,True,NONE,0.0,False,False,PARALLEL,True,none/single-group,False,,,,,True,True,False,False,False,0,False,,False,False
NCT03436576,2018.0,2016-2020,PHASE3,drug,2,20.0,OTHER,UNKNOWN,RANDOMIZED,True,TRIPLE,3.0,True,True,PARALLEL,False,active,True,,,,,True,True,False,False,False,0,False,NO,False,False
NCT00631358,2008.0,<=2015,PHASE4,drug,2,97.0,INDUSTRY,COMPLETED,NON_RANDOMIZED,False,NONE,0.0,False,False,PARALLEL,False,placebo/sham,True,97.0,89.0,0.08247422680412375,True,True,True,False,True,False,0,False,,False,False
NCT05622175,2023.0,2021-2026,PHASE1,drug,1,0.0,INDUSTRY,WITHDRAWN,NA,False,NONE,0.0,False,False,SEQUENTIAL,False,none/single-group,False,,,,,False,True,False,False,False,0,False,,False,True
NCT00291915,2004.0,<=2015,PHASE4,drug,0,80.0,OTHER,UNKNOWN,RANDOMIZED,True,NONE,0.0,False,False,PARALLEL,False,none/single-group,False,,,,,True,True,False,False,False,0,False,,False,
NCT03239080,2017.0,2016-2020,PHASE2,drug,2,110.0,OTHER,COMPLETED,RANDOMIZED,True,QUADRUPLE,4.0,True,True,PARALLEL,True,placebo/sham,True,,,,,False,True,False,False,False,1,True,,False,True
NCT01225393,2010.0,<=2015,PHASE2,drug,3,211.0,INDUSTRY,COMPLETED,RANDOMIZED,True,DOUBLE,2.0,True,True,PARALLEL,True,placebo/sham,True,,,,,False,True,True,False,False,1,True,,False,
NCT00412256,2004.0,<=2015,PHASE3,drug,0,60.0,OTHER,COMPLETED,RANDOMIZED,True,DOUBLE,2.0,True,True,PARALLEL,False,none/single-group,False,,,,,True,True,False,False,False,0,False,,False,
NCT01089023,2010.0,<=2015,PHASE4,drug,1,95.0,INDUSTRY,COMPLETED,NON_RANDOMIZED,False,NONE,0.0,False,False,SINGLE_GROUP,False,none/single-group,False,95.0,88.0,0.0736842105263158,True,True,True,False,True,False,0,False,,False,
NCT01147341,2010.0,<=2015,PHASE4,drug,2,37.0,INDIV,COMPLETED,RANDOMIZED,True,TRIPLE,3.0,True,True,PARALLEL,False,placebo/sham,True,37.0,34.0,0.08108108108108103,True,True,True,False,True,True,0,False,,False,False
NCT02499315,2015.0,<=2015,PHASE1,drug,2,32.0,INDUSTRY,TERMINATED,RANDOMIZED,True,TRIPLE,3.0,True,True,PARALLEL,True,placebo/sham,True,,,,,False,True,False,False,False,0,False,,False,False
NCT00207714,2003.0,<=2015,PHASE2,drug,3,172.0,INDUSTRY,COMPLETED,RANDOMIZED,True,DOUBLE,2.0,True,True,PARALLEL,True,placebo/sham,True,172.0,128.0,0.2558139534883721,False,False,True,True,True,False,1,True,,False,False
NCT06625242,2024.0,2021-2026,PHASE4,drug,1,118.0,INDUSTRY,COMPLETED,NA,False,NONE,0.0,False,False,SINGLE_GROUP,True,none/single-group,False,,,,,True,True,False,False,False,0,False,YES,True,False
NCT00973479,2009.0,<=2015,PHASE3,drug,2,592.0,INDUSTRY,COMPLETED,RANDOMIZED,True,QUADRUPLE,4.0,True,True,PARALLEL,True,placebo/sham,True,592.0,486.0,0.17905405405405406,True,True,True,False,True,False,7,True,,False,True
NCT05502731,2022.0,2021-2026,PHASE4,drug,2,40.0,OTHER,UNKNOWN,RANDOMIZED,True,NONE,0.0,False,False,PARALLEL,False,active,True,,,,,True,True,False,False,False,0,False,YES,True,False
NCT01197755,2010.0,<=2015,PHASE3,drug,3,323.0,INDUSTRY,COMPLETED,RANDOMIZED,True,QUADRUPLE,4.0,True,True,PARALLEL,True,placebo/sham,True,322.0,187.0,0.4192546583850931,False,True,True,True,True,False,0,False,,False,True
NCT00559585,2008.0,<=2015,PHASE3,drug,2,2492.0,INDUSTRY,COMPLETED,RANDOMIZED,True,DOUBLE,2.0,True,True,PARALLEL,True,active,True,1457.0,1369.0,0.06039807824296495,True,True,True,False,True,False,3,True,,False,False
NCT01885078,2013.0,<=2015,PHASE3,drug,4,2877.0,INDUSTRY,COMPLETED,RANDOMIZED,True,QUADRUPLE,4.0,True,True,PARALLEL,True,none/single-group,False,2877.0,415.0,0.8557525199860967,False,True,True,True,True,False,9,True,YES,True,True
NCT02328027,2014.0,<=2015,PHASE1;PHASE2,drug,1,16.0,INDUSTRY,TERMINATED,NA,False,NONE,0.0,False,False,SINGLE_GROUP,False,none/single-group,False,16.0,15.0,0.0625,True,False,False,False,True,False,0,False,NO,False,True
NCT03755466,2018.0,2016-2020,PHASE2,drug,3,90.0,OTHER,UNKNOWN,NON_RANDOMIZED,False,SINGLE,1.0,True,False,PARALLEL,True,active,True,,,,,False,True,True,False,False,0,False,NO,False,True
NCT01224418,2008.0,<=2015,PHASE4,drug,1,50.0,INDUSTRY,COMPLETED,NA,False,NONE,0.0,False,False,SINGLE_GROUP,False,none/single-group,False,,,,,True,True,False,False,False,0,False,,False,False
NCT00517543,2007.0,<=2015,PHASE1,drug,0,36.0,INDUSTRY,COMPLETED,RANDOMIZED,True,NONE,0.0,False,False,CROSSOVER,True,none/single-group,False,,,,,False,True,False,False,False,0,False,,False,
NCT00696059,2004.0,<=2015,PHASE4,drug,1,52.0,OTHER,COMPLETED,NA,False,NONE,0.0,False,False,SINGLE_GROUP,False,none/single-group,False,,,,,True,True,False,False,False,1,True,,False,False
NCT01890473,2013.0,<=2015,PHASE1,drug,2,356.0,INDUSTRY,COMPLETED,RANDOMIZED,True,NONE,0.0,False,False,PARALLEL,True,none/single-group,False,224.0,222.0,0.008928571428571397,True,False,True,False,True,False,0,False,,False,False
NCT02196558,2014.0,<=2015,PHASE1;PHASE2,drug,3,53.0,INDUSTRY,COMPLETED,NON_RANDOMIZED,False,NONE,0.0,False,False,PARALLEL,True,none/single-group,False,37.0,32.0,0.1351351351351351,True,False,True,True,True,False,1,True,,False,False
NCT00394589,2006.0,<=2015,PHASE3,drug,3,43.0,INDUSTRY,TERMINATED,RANDOMIZED,True,QUADRUPLE,4.0,True,True,PARALLEL,False,active,True,43.0,25.0,0.41860465116279066,False,True,True,True,True,False,0,False,YES,True,False
NCT00580229,2007.0,<=2015,PHASE2;PHASE3,drug,1,50.0,OTHER,COMPLETED,NA,False,NONE,0.0,False,False,SINGLE_GROUP,False,none/single-group,False,50.0,50.0,0.0,True,True,True,False,True,False,0,False,NO,False,False
NCT06395155,2023.0,2021-2026,PHASE1,drug,6,54.0,INDUSTRY,COMPLETED,RANDOMIZED,True,NONE,0.0,False,False,CROSSOVER,True,none/single-group,False,,,,,False,True,True,False,False,0,False,,False,False
NCT02109289,2014.0,<=2015,PHASE4,drug,1,5.0,OTHER,TERMINATED,NA,False,NONE,0.0,False,False,SINGLE_GROUP,False,none/single-group,False,,,,,True,True,False,False,False,0,False,NO,False,False
NCT05214690,2020.0,2016-2020,PHASE1,drug,2,37.0,INDUSTRY,COMPLETED,RANDOMIZED,True,NONE,0.0,False,False,CROSSOVER,True,none/single-group,False,,,,,False,True,False,False,False,0,False,,False,
NCT01593332,2010.0,<=2015,PHASE4,drug,2,44.0,OTHER,COMPLETED,NON_RANDOMIZED,False,NONE,0.0,False,False,PARALLEL,False,active,True,,,,,True,True,False,False,False,0,False,,False,True
NCT00296257,2006.0,<=2015,PHASE2,drug,0,312.0,INDUSTRY,TERMINATED,RANDOMIZED,True,DOUBLE,2.0,True,True,PARALLEL,True,none/single-group,False,,,,,False,True,False,False,False,0,False,,False,True
NCT04163016,2020.0,2016-2020,PHASE1,drug,1,22.0,INDUSTRY,COMPLETED,NA,False,NONE,0.0,False,False,SINGLE_GROUP,False,none/single-group,False,22.0,21.0,0.045454545454545414,True,False,False,False,True,False,1,True,NO,False,False
NCT00006055,2000.0,<=2015,NA,both,0,10.0,OTHER,UNKNOWN,,False,,,False,False,,False,none/single-group,False,,,,,False,True,False,False,False,0,False,,False,
NCT01484561,2012.0,<=2015,PHASE1,drug,2,148.0,INDUSTRY,COMPLETED,RANDOMIZED,True,QUADRUPLE,4.0,True,True,PARALLEL,True,placebo/sham,True,148.0,133.0,0.10135135135135132,True,False,False,False,True,False,9,True,,False,True
NCT02547493,2016.0,2016-2020,NA,drug,2,80.0,OTHER,COMPLETED,RANDOMIZED,True,NONE,0.0,False,False,PARALLEL,True,active,True,,,,,False,False,False,False,False,0,False,,False,True
NCT06641128,2024.0,2021-2026,PHASE4,drug,2,44.0,OTHER,NOT_YET_RECRUITING,RANDOMIZED,True,QUADRUPLE,4.0,True,True,PARALLEL,False,placebo/sham,True,,,,,True,True,False,False,False,0,False,NO,False,False
NCT01426789,2011.0,<=2015,PHASE2,drug,2,100.0,INDUSTRY,COMPLETED,RANDOMIZED,True,TRIPLE,3.0,True,True,PARALLEL,True,placebo/sham,True,100.0,90.0,0.09999999999999998,True,False,True,False,True,False,1,True,,False,
NCT01711814,2012.0,<=2015,PHASE2,drug,1,611.0,INDUSTRY,COMPLETED,NA,False,NONE,0.0,False,False,SINGLE_GROUP,True,none/single-group,False,,,,,False,True,False,False,False,1,True,YES,True,False
NCT05516758,2022.0,2021-2026,PHASE2,drug,7,491.0,INDUSTRY,TERMINATED,RANDOMIZED,True,DOUBLE,2.0,True,True,PARALLEL,True,none/single-group,False,491.0,327.0,0.3340122199592668,False,False,True,True,True,False,0,False,YES,True,False
NCT02418273,2019.0,2016-2020,PHASE1;PHASE2,drug,2,0.0,OTHER,WITHDRAWN,RANDOMIZED,True,NONE,0.0,False,False,PARALLEL,False,no-intervention,True,,,,,False,True,False,False,False,0,False,,False,True
NCT02652273,2016.0,2016-2020,PHASE4,drug,1,25.0,OTHER,UNKNOWN,NA,False,NONE,0.0,False,False,SINGLE_GROUP,False,none/single-group,False,,,,,True,True,False,False,False,0,False,,False,False
NCT02379091,2014.0,<=2015,PHASE2,drug,4,108.0,INDUSTRY,COMPLETED,RANDOMIZED,True,QUADRUPLE,4.0,True,True,PARALLEL,True,placebo/sham,True,108.0,65.0,0.39814814814814814,False,False,True,True,True,False,1,True,,False,False
NCT00094900,2004.0,<=2015,PHASE2,drug,1,11.0,NIH,COMPLETED,NA,False,NONE,0.0,False,False,SINGLE_GROUP,False,none/single-group,False,11.0,10.0,0.09090909090909094,True,False,True,False,True,False,1,True,,False,
NCT02683421,2016.0,2016-2020,PHASE1,drug,4,18.0,INDUSTRY,COMPLETED,NON_RANDOMIZED,False,NONE,0.0,False,False,SINGLE_GROUP,False,none/single-group,False,18.0,18.0,0.0,True,False,False,True,True,False,0,False,NO,False,False
NCT00852839,2009.0,<=2015,PHASE2,drug,2,140.0,INDUSTRY,COMPLETED,RANDOMIZED,True,QUADRUPLE,4.0,True,True,PARALLEL,True,placebo/sham,True,,,,,False,True,False,False,False,0,False,,False,False
NCT04793646,2021.0,2021-2026,NA,drug,2,60.0,OTHER,COMPLETED,RANDOMIZED,True,QUADRUPLE,4.0,True,True,PARALLEL,True,placebo/sham,True,,,,,False,True,False,False,False,1,True,NO,False,False
NCT02748785,2015.0,<=2015,PHASE4,drug,4,277.0,OTHER,COMPLETED,RANDOMIZED,True,NONE,0.0,False,False,PARALLEL,True,none/single-group,False,277.0,228.0,0.17689530685920574,True,True,True,True,True,False,1,True,,False,True
NCT02404558,2015.0,<=2015,PHASE1,drug,2,30.0,INDUSTRY,COMPLETED,RANDOMIZED,True,NONE,0.0,False,False,PARALLEL,True,active,True,,,,,False,True,False,False,False,1,True,,False,False
NCT01393132,2011.0,<=2015,PHASE2,drug,2,9.0,OTHER,COMPLETED,RANDOMIZED,True,TRIPLE,3.0,True,True,PARALLEL,False,placebo/sham,True,9.0,9.0,0.0,True,False,True,False,True,False,1,True,,False,False
NCT00241982,2005.0,<=2015,PHASE2,drug,0,22.0,OTHER,COMPLETED,RANDOMIZED,True,DOUBLE,2.0,True,True,PARALLEL,False,none/single-group,False,,,,,False,True,False,False,False,0,False,,False,False
NCT01008852,2009.0,<=2015,PHASE2,drug,5,210.0,INDUSTRY,COMPLETED,RANDOMIZED,True,QUADRUPLE,4.0,True,True,PARALLEL,True,placebo/sham,True,,,,,False,True,True,False,False,0,False,,False,True
NCT01781702,2010.0,<=2015,PHASE3,drug,2,120.0,INDUSTRY,COMPLETED,RANDOMIZED,True,DOUBLE,2.0,True,True,SINGLE_GROUP,True,active,True,,,,,True,False,False,False,False,1,True,,False,True
NCT00913432,2007.0,<=2015,PHASE2,drug,2,20.0,INDUSTRY,COMPLETED,RANDOMIZED,True,NONE,0.0,False,False,PARALLEL,False,none/single-group,False,,,,,False,True,False,False,False,0,False,,False,True
NCT00001614,1997.0,<=2015,PHASE1,drug,0,13.0,NIH,COMPLETED,,False,,,False,False,,False,none/single-group,False,,,,,False,True,False,False,False,0,False,,False,
NCT00001598,1997.0,<=2015,PHASE2,drug,0,28.0,NIH,COMPLETED,,False,,,False,False,,False,none/single-group,False,,,,,False,True,False,False,False,0,False,,False,
NCT00396812,2006.0,<=2015,PHASE1;PHASE2,drug,1,4.0,NIH,TERMINATED,NA,False,NONE,0.0,False,False,SINGLE_GROUP,False,none/single-group,False,4.0,3.0,0.25,False,False,True,False,True,False,0,False,,False,
NCT04888585,2021.0,2021-2026,PHASE2,drug,5,473.0,INDUSTRY,TERMINATED,RANDOMIZED,True,QUADRUPLE,4.0,True,True,PARALLEL,True,none/single-group,False,473.0,445.0,0.059196617336152224,True,False,True,True,True,False,0,False,YES,True,True
NCT02121210,2014.0,<=2015,PHASE3,drug,2,132.0,INDUSTRY,COMPLETED,RANDOMIZED,True,NONE,0.0,False,False,PARALLEL,True,none/single-group,False,132.0,116.0,0.12121212121212122,True,True,True,False,True,False,1,True,,False,True
NCT02858492,2016.0,2016-2020,PHASE2,drug,2,52.0,INDUSTRY,COMPLETED,RANDOMIZED,True,DOUBLE,2.0,True,True,PARALLEL,True,none/single-group,False,51.0,44.0,0.13725490196078427,True,False,True,False,True,False,0,False,YES,True,False
NCT02214888,2003.0,<=2015,PHASE2,drug,3,170.0,INDUSTRY,TERMINATED,RANDOMIZED,True,DOUBLE,2.0,True,True,PARALLEL,True,placebo/sham,True,,,,,False,True,True,False,False,0,False,,False,
NCT02251210,2001.0,<=2015,PHASE2,drug,4,404.0,INDUSTRY,COMPLETED,RANDOMIZED,True,DOUBLE,2.0,True,True,PARALLEL,True,placebo/sham,True,,,,,False,True,True,False,False,0,False,,False,
NCT05214677,2020.0,2016-2020,PHASE1,drug,2,38.0,INDUSTRY,COMPLETED,RANDOMIZED,True,NONE,0.0,False,False,CROSSOVER,True,none/single-group,False,,,,,False,True,False,False,False,0,False,,False,
NCT06991114,2025.0,2021-2026,PHASE2,drug,1,90.0,INDUSTRY,RECRUITING,NA,False,NONE,0.0,False,False,SINGLE_GROUP,True,none/single-group,False,,,,,False,True,False,False,False,0,False,UNDECIDED,False,
NCT01961505,2011.0,<=2015,NA,drug,2,70.0,OTHER,COMPLETED,RANDOMIZED,True,DOUBLE,2.0,True,True,PARALLEL,True,placebo/sham,True,,,,,False,True,False,False,False,0,False,NO,False,False
NCT00628095,2008.0,<=2015,PHASE2,drug,2,100.0,INDUSTRY,COMPLETED,RANDOMIZED,True,QUADRUPLE,4.0,True,True,PARALLEL,True,placebo/sham,True,100.0,86.0,0.14,True,False,True,False,True,False,1,True,YES,True,False
NCT00269867,1997.0,<=2015,PHASE3,drug,5,428.0,INDUSTRY,COMPLETED,RANDOMIZED,True,DOUBLE,2.0,True,True,PARALLEL,True,placebo/sham,True,,,,,True,True,True,False,True,1,True,,False,False
NCT00524160,2001.0,<=2015,PHASE4,drug,0,264.0,INDUSTRY,COMPLETED,NON_RANDOMIZED,False,NONE,0.0,False,False,SINGLE_GROUP,True,none/single-group,False,,,,,True,True,False,False,True,0,False,,False,
NCT01370902,2011.0,<=2015,PHASE1,drug,3,92.0,INDUSTRY,COMPLETED,RANDOMIZED,True,DOUBLE,2.0,True,True,PARALLEL,True,none/single-group,False,,,,,False,True,True,False,False,0,False,,False,False
NCT06028438,2023.0,2021-2026,PHASE2,drug,2,103.0,INDUSTRY,COMPLETED,RANDOMIZED,True,DOUBLE,2.0,True,True,PARALLEL,True,active,True,103.0,81.0,0.21359223300970875,False,False,True,False,True,False,1,True,YES,True,True
NCT01198509,2010.0,<=2015,NA,drug,3,178.0,OTHER,COMPLETED,RANDOMIZED,True,SINGLE,1.0,True,False,PARALLEL,True,active,True,178.0,177.0,0.005617977528089901,True,False,False,True,True,True,0,False,,False,True
NCT03334851,2017.0,2016-2020,PHASE1,drug,14,74.0,INDUSTRY,COMPLETED,RANDOMIZED,True,QUADRUPLE,4.0,True,True,SEQUENTIAL,True,none/single-group,False,73.0,66.0,0.09589041095890416,True,False,False,True,True,False,1,True,NO,False,False
NCT04842981,2021.0,2021-2026,PHASE1;PHASE2,drug,1,3.0,OTHER,TERMINATED,NA,False,NONE,0.0,False,False,SINGLE_GROUP,False,none/single-group,False,,,,,False,False,False,False,False,1,True,NO,False,False
NCT01357447,2011.0,<=2015,PHASE1,drug,2,0.0,OTHER,WITHDRAWN,RANDOMIZED,True,DOUBLE,2.0,True,True,CROSSOVER,False,placebo/sham,True,,,,,False,False,False,False,False,0,False,,False,False
NCT01871961,2012.0,<=2015,PHASE1,drug,1,105.0,INDUSTRY,COMPLETED,NA,False,NONE,0.0,False,False,SINGLE_GROUP,True,none/single-group,False,,,,,False,True,False,False,False,0,False,,False,
NCT06640309,2023.0,2021-2026,PHASE2,drug,2,70.0,OTHER,RECRUITING,RANDOMIZED,True,NONE,0.0,False,False,PARALLEL,True,active,True,,,,,False,True,False,False,False,0,False,NO,False,
NCT00537667,2001.0,<=2015,PHASE2,drug,2,22.0,INDUSTRY,TERMINATED,RANDOMIZED,True,NONE,0.0,False,False,PARALLEL,False,active,True,,,,,False,True,False,False,False,0,False,,False,
NCT02150473,2014.0,<=2015,PHASE3,drug,2,21.0,OTHER,TERMINATED,RANDOMIZED,True,DOUBLE,2.0,True,True,PARALLEL,False,placebo/sham,True,,,,,True,True,False,False,False,0,False,,False,False
NCT05245448,2022.0,2021-2026,NA,drug,2,240.0,OTHER,UNKNOWN,RANDOMIZED,True,QUADRUPLE,4.0,True,True,PARALLEL,True,placebo/sham,True,,,,,False,True,False,False,False,0,False,,False,
NCT07473154,2026.0,2021-2026,PHASE1;PHASE2,drug,2,16.0,INDUSTRY,RECRUITING,NON_RANDOMIZED,False,NONE,0.0,False,False,SEQUENTIAL,False,none/single-group,False,,,,,False,True,False,False,False,0,False,NO,False,True
NCT03247686,2017.0,2016-2020,PHASE2,drug,2,28.0,INDUSTRY,COMPLETED,RANDOMIZED,True,QUADRUPLE,4.0,True,True,PARALLEL,False,placebo/sham,True,28.0,25.0,0.1071428571428571,True,False,True,False,True,False,1,True,NO,False,False
NCT05353829,2022.0,2021-2026,PHASE4,drug,2,212.0,OTHER_GOV,ACTIVE_NOT_RECRUITING,RANDOMIZED,True,NONE,0.0,False,False,PARALLEL,True,active,True,,,,,True,True,False,False,False,0,False,NO,False,False
NCT07497282,2026.0,2021-2026,PHASE2,drug,2,70.0,OTHER,NOT_YET_RECRUITING,RANDOMIZED,True,NONE,0.0,False,False,PARALLEL,True,active,True,,,,,False,True,False,False,False,0,False,NO,False,False
NCT01399697,2011.0,<=2015,PHASE4,drug,2,261.0,INDUSTRY,COMPLETED,RANDOMIZED,True,DOUBLE,2.0,True,True,PARALLEL,True,active,True,261.0,213.0,0.1839080459770115,True,True,True,False,True,False,0,False,,False,
NCT04413617,2020.0,2016-2020,PHASE2,drug,5,460.0,INDUSTRY,COMPLETED,RANDOMIZED,True,QUADRUPLE,4.0,True,True,PARALLEL,True,none/single-group,False,460.0,430.0,0.06521739130434778,True,False,True,True,True,False,0,False,YES,True,False
NCT02305849,2014.0,<=2015,PHASE3,drug,3,519.0,INDUSTRY,COMPLETED,RANDOMIZED,True,QUADRUPLE,4.0,True,True,PARALLEL,True,placebo/sham,True,519.0,427.0,0.17726396917148357,True,True,True,True,True,False,5,True,YES,True,True
NCT00531817,2007.0,<=2015,PHASE3,drug,2,619.0,INDUSTRY,COMPLETED,RANDOMIZED,True,DOUBLE,2.0,True,True,PARALLEL,True,placebo/sham,True,619.0,526.0,0.15024232633279488,True,True,True,False,True,False,2,True,,False,
NCT00815906,2008.0,<=2015,PHASE1,drug,4,20.0,INDUSTRY,COMPLETED,NON_RANDOMIZED,False,NONE,0.0,False,False,SINGLE_GROUP,False,none/single-group,False,,,,,False,True,True,False,False,0,False,,False,False
NCT06297213,2026.0,2021-2026,PHASE1,drug,1,36.0,INDUSTRY,NOT_YET_RECRUITING,NA,False,NONE,0.0,False,False,SINGLE_GROUP,True,none/single-group,False,,,,,False,True,False,False,False,0,False,,False,True
NCT02504671,2015.0,<=2015,PHASE2,drug,6,222.0,INDUSTRY,COMPLETED,RANDOMIZED,True,DOUBLE,2.0,True,True,PARALLEL,True,placebo/sham,True,222.0,150.0,0.32432432432432434,False,False,True,True,True,False,0,False,YES,True,False
NCT00413452,2006.0,<=2015,PHASE3,drug,1,224.0,INDUSTRY,COMPLETED,NON_RANDOMIZED,False,NONE,0.0,False,False,SINGLE_GROUP,True,none/single-group,False,,,,,True,True,False,False,False,0,False,,False,
NCT03830203,2018.0,2016-2020,PHASE3,drug,2,621.0,INDUSTRY,COMPLETED,RANDOMIZED,True,QUADRUPLE,4.0,True,True,PARALLEL,True,active,True,,,,,True,True,False,False,False,3,True,NO,False,False
NCT04885829,2021.0,2021-2026,PHASE1,drug,2,300.0,OTHER,COMPLETED,RANDOMIZED,True,QUADRUPLE,4.0,True,True,CROSSOVER,True,active,True,,,,,False,True,False,False,False,0,False,NO,False,
NCT02960490,2016.0,2016-2020,PHASE2,drug,4,66.0,INDUSTRY,COMPLETED,RANDOMIZED,True,TRIPLE,3.0,True,True,PARALLEL,True,none/single-group,False,66.0,55.0,0.16666666666666663,True,False,True,True,True,False,0,False,,False,False
NCT00576433,2007.0,<=2015,PHASE4,drug,1,60.0,INDUSTRY,COMPLETED,NON_RANDOMIZED,False,NONE,0.0,False,False,SINGLE_GROUP,False,none/single-group,False,,,,,True,True,False,False,False,0,False,,False,
NCT00747214,2004.0,<=2015,PHASE2,drug,2,59.0,INDUSTRY,COMPLETED,RANDOMIZED,True,SINGLE,1.0,True,False,PARALLEL,True,placebo/sham,True,59.0,48.0,0.18644067796610164,True,False,True,False,True,False,0,False,,False,False
NCT00071812,2003.0,<=2015,PHASE2,drug,4,283.0,INDUSTRY,COMPLETED,RANDOMIZED,True,DOUBLE,2.0,True,True,PARALLEL,True,placebo/sham,True,283.0,248.0,0.12367491166077738,True,False,True,True,True,False,1,True,,False,True
NCT04247815,2020.0,2016-2020,PHASE2,drug,2,25.0,INDUSTRY,COMPLETED,RANDOMIZED,True,QUADRUPLE,4.0,True,True,PARALLEL,False,placebo/sham,True,19.0,16.0,0.1578947368421053,True,False,True,False,True,False,0,False,,False,False
NCT07185139,2025.0,2021-2026,EARLY_PHASE1,drug,1,12.0,INDUSTRY,NOT_YET_RECRUITING,NA,False,NONE,0.0,False,False,SINGLE_GROUP,False,none/single-group,False,,,,,False,True,False,False,False,0,False,NO,False,
NCT01244958,2010.0,<=2015,PHASE3,drug,2,156.0,OTHER,COMPLETED,RANDOMIZED,True,DOUBLE,2.0,True,True,PARALLEL,True,placebo/sham,True,,,,,True,True,False,False,False,2,True,,False,True
NCT00870467,2009.0,<=2015,PHASE3,drug,6,334.0,INDUSTRY,COMPLETED,RANDOMIZED,True,QUADRUPLE,4.0,True,True,PARALLEL,True,placebo/sham,True,334.0,306.0,0.08383233532934131,True,True,True,True,True,False,2,True,,False,
NCT02157012,2014.0,<=2015,PHASE4,drug,1,100.0,OTHER,UNKNOWN,NA,False,NONE,0.0,False,False,SINGLE_GROUP,True,none/single-group,False,,,,,True,True,False,False,False,0,False,,False,True
NCT01862224,2013.0,<=2015,PHASE2,drug,2,21.0,INDUSTRY,TERMINATED,RANDOMIZED,True,TRIPLE,3.0,True,True,PARALLEL,False,placebo/sham,True,,,,,False,True,False,False,False,0,False,,False,True
NCT00254293,2006.0,<=2015,PHASE1;PHASE2,drug,6,87.0,INDUSTRY,COMPLETED,RANDOMIZED,True,DOUBLE,2.0,True,True,PARALLEL,True,placebo/sham,True,68.0,63.0,0.07352941176470584,True,False,True,True,True,False,1,True,,False,
NCT00965757,2009.0,<=2015,PHASE3,drug,2,253.0,INDUSTRY,COMPLETED,RANDOMIZED,True,QUADRUPLE,4.0,True,True,PARALLEL,True,placebo/sham,True,253.0,218.0,0.13833992094861658,True,True,True,False,True,False,0,False,,False,
NCT07349420,2025.0,2021-2026,PHASE1;PHASE2,drug,6,48.0,OTHER,COMPLETED,NON_RANDOMIZED,False,NONE,0.0,False,False,SEQUENTIAL,False,none/single-group,False,,,,,False,True,True,False,False,0,False,NO,False,False
NCT04947137,2021.0,2021-2026,PHASE2,drug,2,134.0,INDUSTRY,COMPLETED,NON_RANDOMIZED,False,NONE,0.0,False,False,PARALLEL,True,none/single-group,False,134.0,134.0,0.0,True,False,False,False,True,False,0,False,NO,False,
NCT00460928,2007.0,<=2015,EARLY_PHASE1,drug,1,20.0,OTHER,COMPLETED,NA,False,NONE,0.0,False,False,SINGLE_GROUP,False,none/single-group,False,,,,,False,False,False,False,False,1,True,,False,False
NCT02636907,2016.0,2016-2020,PHASE2,drug,1,77.0,INDUSTRY,COMPLETED,NA,False,NONE,0.0,False,False,SINGLE_GROUP,True,none/single-group,False,77.0,73.0,0.051948051948051965,True,False,True,False,True,False,1,True,,False,
NCT00320450,2005.0,<=2015,PHASE2,drug,0,78.0,INDUSTRY,COMPLETED,RANDOMIZED,True,DOUBLE,2.0,True,True,PARALLEL,True,none/single-group,False,,,,,False,True,False,False,False,0,False,,False,False
NCT00717808,2008.0,<=2015,PHASE1,drug,2,0.0,OTHER,WITHDRAWN,RANDOMIZED,True,QUADRUPLE,4.0,True,True,CROSSOVER,False,placebo/sham,True,,,,,False,True,False,False,False,0,False,,False,False
NCT00440492,2006.0,<=2015,PHASE1,drug,0,,INDUSTRY,COMPLETED,NON_RANDOMIZED,False,NONE,0.0,False,False,CROSSOVER,,none/single-group,False,,,,,False,True,False,False,False,0,False,,False,
NCT03606876,2018.0,2016-2020,PHASE1,drug,3,138.0,INDUSTRY,COMPLETED,RANDOMIZED,True,QUADRUPLE,4.0,True,True,PARALLEL,True,active,True,,,,,False,True,True,False,False,2,True,NO,False,False
NCT06548607,2024.0,2021-2026,EARLY_PHASE1,drug,1,20.0,INDUSTRY,RECRUITING,NA,False,NONE,0.0,False,False,SINGLE_GROUP,False,none/single-group,False,,,,,False,True,False,False,False,0,False,NO,False,False
NCT05306353,2023.0,2021-2026,PHASE2,drug,3,2.0,NIH,TERMINATED,RANDOMIZED,True,DOUBLE,2.0,True,True,PARALLEL,False,placebo/sham,True,0.0,0.0,,,False,True,True,True,False,0,False,YES,True,True
NCT03265132,2017.0,2016-2020,PHASE3,drug,2,13.0,INDUSTRY,TERMINATED,RANDOMIZED,True,QUADRUPLE,4.0,True,True,PARALLEL,False,placebo/sham,True,12.0,6.0,0.5,False,True,True,False,True,False,0,False,NO,False,True
NCT06647069,2025.0,2021-2026,PHASE1,drug,1,62.0,INDUSTRY,RECRUITING,NON_RANDOMIZED,False,NONE,0.0,False,False,SEQUENTIAL,True,none/single-group,False,,,,,False,True,False,False,False,0,False,YES,True,True
NCT00302952,2007.0,<=2015,PHASE2,drug,2,64.0,NIH,TERMINATED,RANDOMIZED,True,DOUBLE,2.0,True,True,PARALLEL,True,placebo/sham,True,64.0,56.0,0.125,True,False,True,False,True,True,0,False,YES,True,True
NCT06048224,2020.0,2016-2020,PHASE3,drug,2,669.0,INDUSTRY,COMPLETED,RANDOMIZED,True,QUADRUPLE,4.0,True,True,PARALLEL,True,active,True,,,,,True,True,False,False,False,0,False,,False,
NCT00845832,2009.0,<=2015,PHASE2,drug,2,24.0,INDUSTRY,TERMINATED,RANDOMIZED,True,DOUBLE,2.0,True,True,PARALLEL,False,active,True,24.0,20.0,0.16666666666666663,True,False,True,False,True,False,0,False,,False,
NCT02006706,2006.0,<=2015,PHASE3,drug,1,15.0,INDUSTRY,COMPLETED,NA,False,NONE,0.0,False,False,SINGLE_GROUP,False,none/single-group,False,15.0,14.0,0.06666666666666665,True,True,True,False,True,False,0,False,,False,
NCT02665910,2016.0,2016-2020,PHASE1,drug,2,48.0,INDUSTRY,UNKNOWN,RANDOMIZED,True,QUADRUPLE,4.0,True,True,PARALLEL,True,placebo/sham,True,,,,,False,True,False,False,False,0,False,UNDECIDED,False,False
NCT01765478,2013.0,<=2015,PHASE1,drug,11,62.0,INDUSTRY,COMPLETED,RANDOMIZED,True,DOUBLE,2.0,True,True,PARALLEL,True,none/single-group,False,,,,,False,True,True,False,False,1,True,,False,False
NCT00810836,2008.0,<=2015,PHASE2,drug,3,153.0,INDUSTRY,COMPLETED,RANDOMIZED,True,QUADRUPLE,4.0,True,True,PARALLEL,True,placebo/sham,True,,,,,False,True,True,False,False,0,False,,False,False
NCT00111410,,,PHASE4,drug,0,,INDUSTRY,COMPLETED,RANDOMIZED,True,DOUBLE,2.0,True,True,PARALLEL,,none/single-group,False,,,,,True,True,False,False,False,0,False,,False,
NCT00035334,2001.0,<=2015,PHASE2;PHASE3,drug,0,150.0,INDUSTRY,COMPLETED,RANDOMIZED,True,DOUBLE,2.0,True,True,PARALLEL,True,none/single-group,False,,,,,True,True,False,False,False,1,True,,False,
NCT00579644,2001.0,<=2015,PHASE3,drug,2,91.0,OTHER,COMPLETED,RANDOMIZED,True,QUADRUPLE,4.0,True,True,PARALLEL,False,active,True,,,,,True,True,False,False,False,0,False,,False,True
NCT02535832,2015.0,<=2015,PHASE1,drug,2,16.0,OTHER,COMPLETED,RANDOMIZED,True,DOUBLE,2.0,True,True,PARALLEL,False,placebo/sham,True,,,,,False,True,False,False,False,0,False,UNDECIDED,False,True
NCT01245790,2010.0,<=2015,PHASE1,drug,5,24.0,INDUSTRY,COMPLETED,NON_RANDOMIZED,False,NONE,0.0,False,False,PARALLEL,False,none/single-group,False,,,,,False,False,True,False,False,1,True,,False,False
NCT01143337,2010.0,<=2015,PHASE2,drug,2,112.0,INDUSTRY,COMPLETED,RANDOMIZED,True,QUADRUPLE,4.0,True,True,PARALLEL,True,placebo/sham,True,112.0,79.0,0.2946428571428571,False,False,True,False,True,False,0,False,,False,False
NCT00691028,2005.0,<=2015,PHASE3,drug,3,327.0,INDUSTRY,COMPLETED,RANDOMIZED,True,QUADRUPLE,4.0,True,True,PARALLEL,True,none/single-group,False,327.0,307.0,0.061162079510703404,True,True,True,True,True,False,1,True,,False,False
NCT01198002,2010.0,<=2015,PHASE3,drug,3,1041.0,INDUSTRY,TERMINATED,RANDOMIZED,True,DOUBLE,2.0,True,True,PARALLEL,True,placebo/sham,True,1041.0,223.0,0.7857829010566763,False,True,True,True,True,False,1,True,,False,True
NCT01500278,2011.0,<=2015,PHASE4,drug,4,915.0,INDUSTRY,COMPLETED,RANDOMIZED,True,SINGLE,1.0,True,False,PARALLEL,True,active,True,915.0,854.0,0.06666666666666665,True,True,True,True,True,True,2,True,,False,False
NCT01613079,2012.0,<=2015,PHASE2;PHASE3,drug,3,201.0,OTHER,COMPLETED,RANDOMIZED,True,NONE,0.0,False,False,PARALLEL,True,placebo/sham,True,,,,,True,True,True,False,False,2,True,,False,True
NCT04046146,2019.0,2016-2020,PHASE1,both,1,2.0,OTHER,COMPLETED,NA,False,NONE,0.0,False,False,SINGLE_GROUP,False,none/single-group,False,,,,,False,False,False,False,False,1,True,YES,True,False
NCT02151851,2014.0,<=2015,PHASE3,drug,2,430.0,INDUSTRY,COMPLETED,RANDOMIZED,True,TRIPLE,3.0,True,True,PARALLEL,True,placebo/sham,True,430.0,224.0,0.4790697674418605,False,True,True,False,True,False,0,False,,False,True
NCT02744196,2015.0,<=2015,PHASE3,drug,2,159.0,INDUSTRY,COMPLETED,RANDOMIZED,True,TRIPLE,3.0,True,True,PARALLEL,True,placebo/sham,True,,,,,True,True,False,False,False,0,False,UNDECIDED,False,False
NCT05090124,2022.0,2021-2026,NA,drug,2,46.0,OTHER,COMPLETED,RANDOMIZED,True,SINGLE,1.0,True,False,PARALLEL,True,placebo/sham,True,,,,,False,False,False,False,False,0,False,NO,False,False
NCT06245408,2024.0,2021-2026,PHASE3,drug,3,434.0,INDUSTRY,ACTIVE_NOT_RECRUITING,RANDOMIZED,True,QUADRUPLE,4.0,True,True,PARALLEL,True,placebo/sham,True,,,,,True,True,True,False,False,0,False,YES,True,True
NCT01469013,2011.0,<=2015,PHASE2,drug,5,145.0,INDUSTRY,COMPLETED,RANDOMIZED,True,QUADRUPLE,4.0,True,True,PARALLEL,True,placebo/sham,True,145.0,142.0,0.020689655172413834,True,False,True,True,True,False,5,True,YES,True,False
NCT00543166,2003.0,<=2015,PHASE4,drug,1,107.0,OTHER,UNKNOWN,RANDOMIZED,True,TRIPLE,3.0,True,True,CROSSOVER,True,placebo/sham,True,,,,,True,True,False,False,True,1,True,,False,True
NCT01374971,2011.0,<=2015,PHASE3,both,1,12.0,OTHER,COMPLETED,NA,False,NONE,0.0,False,False,SINGLE_GROUP,False,none/single-group,False,12.0,11.0,0.08333333333333337,True,True,False,False,True,False,0,False,,False,False
NCT07624994,2026.0,2021-2026,PHASE2,drug,2,80.0,OTHER,NOT_YET_RECRUITING,NON_RANDOMIZED,False,NONE,0.0,False,False,PARALLEL,True,none/single-group,False,,,,,False,False,False,False,False,0,False,UNDECIDED,False,True
NCT00367965,2004.0,<=2015,PHASE3,drug,2,153.0,INDUSTRY,COMPLETED,RANDOMIZED,True,TRIPLE,3.0,True,True,PARALLEL,True,placebo/sham,True,,,,,True,True,False,False,False,1,True,,False,False
NCT00144534,2004.0,<=2015,PHASE3,drug,1,115.0,INDUSTRY,COMPLETED,NON_RANDOMIZED,False,NONE,0.0,False,False,SINGLE_GROUP,True,none/single-group,False,,,,,True,True,False,False,False,0,False,,False,
NCT00426218,2006.0,<=2015,PHASE1;PHASE2,drug,1,26.0,INDUSTRY,COMPLETED,NON_RANDOMIZED,False,NONE,0.0,False,False,PARALLEL,False,none/single-group,False,,,,,False,True,False,False,False,1,True,,False,
NCT01393639,2011.0,<=2015,PHASE2,drug,7,323.0,INDUSTRY,COMPLETED,RANDOMIZED,True,DOUBLE,2.0,True,True,PARALLEL,True,placebo/sham,True,323.0,296.0,0.08359133126934981,True,False,True,True,True,False,1,True,YES,True,True
NCT00527904,2007.0,<=2015,PHASE3,drug,1,239.0,INDUSTRY,COMPLETED,NON_RANDOMIZED,False,NONE,0.0,False,False,SINGLE_GROUP,True,none/single-group,False,239.0,143.0,0.40167364016736407,False,True,True,False,True,False,1,True,,False,True
NCT01215942,2011.0,<=2015,PHASE3,drug,2,1086.0,INDUSTRY,TERMINATED,RANDOMIZED,True,NONE,0.0,False,False,PARALLEL,True,none/single-group,False,1086.0,0.0,1.0,False,True,True,False,True,False,0,False,,False,True
NCT00264147,2006.0,<=2015,PHASE2,drug,7,761.0,INDUSTRY,COMPLETED,RANDOMIZED,True,DOUBLE,2.0,True,True,PARALLEL,True,placebo/sham,True,761.0,375.0,0.507227332457293,False,False,True,True,True,True,1,True,,False,
NCT04752371,2021.0,2021-2026,PHASE1,drug,2,5.0,INDUSTRY,TERMINATED,NON_RANDOMIZED,False,NONE,0.0,False,False,SEQUENTIAL,False,none/single-group,False,,,,,False,True,False,False,False,0,False,NO,False,
NCT02236481,2013.0,<=2015,PHASE4,drug,2,41.0,OTHER,TERMINATED,RANDOMIZED,True,NONE,0.0,False,False,PARALLEL,False,active,True,,,,,True,True,False,False,False,1,True,,False,False
NCT03226444,2017.0,2016-2020,PHASE1;PHASE2,drug,3,204.0,INDUSTRY,COMPLETED,RANDOMIZED,True,TRIPLE,3.0,True,True,PARALLEL,True,placebo/sham,True,,,,,False,True,True,False,False,0,False,NO,False,False
NCT06913907,2025.0,2021-2026,PHASE4,drug,1,100.0,OTHER,RECRUITING,NA,False,NONE,0.0,False,False,SINGLE_GROUP,True,none/single-group,False,,,,,True,True,False,False,False,0,False,NO,False,
NCT00077870,2004.0,<=2015,PHASE1;PHASE2,drug,0,237.0,INDUSTRY,COMPLETED,,False,,,False,False,,True,none/single-group,False,,,,,False,True,False,False,True,0,False,,False,
NCT00095342,,,PHASE2,drug,0,390.0,INDUSTRY,COMPLETED,RANDOMIZED,True,DOUBLE,2.0,True,True,PARALLEL,True,none/single-group,False,,,,,False,True,False,False,False,0,False,,False,
NCT06800157,2023.0,2021-2026,PHASE2,drug,3,72.0,INDUSTRY,COMPLETED,RANDOMIZED,True,QUADRUPLE,4.0,True,True,PARALLEL,True,placebo/sham,True,,,,,False,True,True,False,False,0,False,,False,True
NCT07040930,2025.0,2021-2026,PHASE1,drug,2,30.0,INDUSTRY,RECRUITING,RANDOMIZED,True,QUADRUPLE,4.0,True,True,PARALLEL,True,none/single-group,False,,,,,False,True,False,False,False,0,False,,False,False
NCT01619176,2012.0,<=2015,NA,both,2,10.0,OTHER_GOV,COMPLETED,NON_RANDOMIZED,False,NONE,0.0,False,False,SINGLE_GROUP,False,active,True,10.0,10.0,0.0,True,False,False,False,True,True,0,False,,False,False
NCT00277251,2003.0,<=2015,PHASE2;PHASE3,drug,0,20.0,OTHER,COMPLETED,RANDOMIZED,True,DOUBLE,2.0,True,True,FACTORIAL,False,none/single-group,False,,,,,True,True,False,False,False,0,False,,False,
NCT00004420,1994.0,<=2015,NA,drug,0,50.0,FED,COMPLETED,RANDOMIZED,True,DOUBLE,2.0,True,True,CROSSOVER,True,none/single-group,False,,,,,False,True,False,False,False,0,False,,False,
NCT06385093,2024.0,2021-2026,PHASE4,drug,2,314.0,OTHER,UNKNOWN,RANDOMIZED,True,NONE,0.0,False,False,PARALLEL,True,active,True,,,,,True,True,False,False,False,0,False,,False,True
NCT01163747,2010.0,<=2015,PHASE4,drug,2,91.0,INDUSTRY,COMPLETED,RANDOMIZED,True,NONE,0.0,False,False,PARALLEL,False,active,True,91.0,74.0,0.18681318681318682,True,True,True,False,True,True,0,False,,False,
NCT00256919,2005.0,<=2015,PHASE2,drug,0,51.0,INDUSTRY,COMPLETED,RANDOMIZED,True,DOUBLE,2.0,True,True,PARALLEL,True,none/single-group,False,,,,,False,True,False,False,False,1,True,,False,False
NCT05626348,2021.0,2021-2026,PHASE4,drug,3,400.0,OTHER,RECRUITING,NON_RANDOMIZED,False,NONE,0.0,False,False,PARALLEL,True,none/single-group,False,,,,,True,True,True,False,False,0,False,,False,False
NCT00234845,2003.0,<=2015,PHASE3,drug,0,148.0,INDUSTRY,COMPLETED,RANDOMIZED,True,DOUBLE,2.0,True,True,PARALLEL,True,none/single-group,False,,,,,True,True,False,False,False,1,True,,False,False
NCT00380601,2006.0,<=2015,PHASE3,drug,1,20.0,INDUSTRY,COMPLETED,NON_RANDOMIZED,False,NONE,0.0,False,False,SINGLE_GROUP,False,none/single-group,False,,,,,True,True,False,False,False,0,False,,False,
NCT04885751,2021.0,2021-2026,PHASE4,drug,2,50.0,OTHER,UNKNOWN,RANDOMIZED,True,NONE,0.0,False,False,PARALLEL,False,active,True,,,,,True,False,False,False,False,0,False,YES,True,False
NCT07335952,2024.0,2021-2026,PHASE2,drug,3,179.0,OTHER,COMPLETED,RANDOMIZED,True,QUADRUPLE,4.0,True,True,PARALLEL,True,no-intervention,True,,,,,False,True,True,False,False,0,False,YES,True,True
NCT05844735,2023.0,2021-2026,PHASE1,drug,4,60.0,INDUSTRY,COMPLETED,RANDOMIZED,True,TRIPLE,3.0,True,True,PARALLEL,True,placebo/sham,True,,,,,False,True,True,False,False,0,False,YES,True,False
NCT01017367,2008.0,<=2015,PHASE2,drug,2,70.0,INDUSTRY,COMPLETED,RANDOMIZED,True,DOUBLE,2.0,True,True,PARALLEL,True,placebo/sham,True,,,,,False,True,False,False,False,1,True,,False,True
NCT01101932,2010.0,<=2015,PHASE1,drug,3,58.0,INDUSTRY,COMPLETED,RANDOMIZED,True,DOUBLE,2.0,True,True,SINGLE_GROUP,True,placebo/sham,True,,,,,False,False,True,False,False,0,False,,False,False
NCT03733067,2023.0,2021-2026,PHASE1;PHASE2,drug,2,0.0,NIH,WITHDRAWN,RANDOMIZED,True,TRIPLE,3.0,True,True,PARALLEL,False,placebo/sham,True,,,,,False,True,False,False,False,0,False,NO,False,
NCT00808210,2009.0,<=2015,PHASE2,drug,2,28.0,INDUSTRY,TERMINATED,NA,False,DOUBLE,2.0,True,True,PARALLEL,False,active,True,28.0,10.0,0.6428571428571428,False,False,True,False,True,False,0,False,YES,True,
NCT07089381,2025.0,2021-2026,NA,drug,2,118.0,OTHER,RECRUITING,RANDOMIZED,True,NONE,0.0,False,False,PARALLEL,True,active,True,,,,,False,False,False,False,True,0,False,UNDECIDED,False,True
NCT04909931,2021.0,2021-2026,NA,drug,2,60.0,OTHER_GOV,COMPLETED,RANDOMIZED,True,DOUBLE,2.0,True,True,SEQUENTIAL,True,none/single-group,False,,,,,False,True,False,False,False,0,False,UNDECIDED,False,True
NCT02031471,2014.0,<=2015,PHASE3,drug,1,57.0,INDUSTRY,COMPLETED,NA,False,NONE,0.0,False,False,SINGLE_GROUP,False,none/single-group,False,57.0,46.0,0.19298245614035092,True,True,True,False,True,False,2,True,,False,
NCT01754935,2013.0,<=2015,PHASE2,drug,4,43.0,INDUSTRY,COMPLETED,RANDOMIZED,True,QUADRUPLE,4.0,True,True,PARALLEL,False,placebo/sham,True,,,,,False,True,True,False,False,1,True,,False,False
NCT03241108,2017.0,2016-2020,PHASE2,drug,2,90.0,INDUSTRY,COMPLETED,RANDOMIZED,True,TRIPLE,3.0,True,True,PARALLEL,True,placebo/sham,True,,,,,False,True,False,False,False,0,False,,False,
NCT00092742,2003.0,<=2015,PHASE3,drug,0,4086.0,INDUSTRY,COMPLETED,RANDOMIZED,True,DOUBLE,2.0,True,True,PARALLEL,True,none/single-group,False,,,,,True,True,False,False,False,0,False,,False,
NCT06306339,2024.0,2021-2026,PHASE2,drug,3,60.0,INDUSTRY,UNKNOWN,RANDOMIZED,True,DOUBLE,2.0,True,True,PARALLEL,True,placebo/sham,True,,,,,False,True,True,False,False,0,False,NO,False,True
NCT03189017,2017.0,2016-2020,PHASE1,drug,2,64.0,INDUSTRY,COMPLETED,RANDOMIZED,True,QUADRUPLE,4.0,True,True,PARALLEL,True,placebo/sham,True,,,,,False,True,False,False,False,0,False,NO,False,True
NCT05247216,2021.0,2021-2026,PHASE2,drug,4,140.0,INDUSTRY,COMPLETED,RANDOMIZED,True,TRIPLE,3.0,True,True,PARALLEL,True,placebo/sham,True,,,,,False,True,True,False,False,0,False,NO,False,False
NCT00113308,2005.0,<=2015,PHASE3,drug,0,2208.0,INDUSTRY,COMPLETED,RANDOMIZED,True,DOUBLE,2.0,True,True,SINGLE_GROUP,True,none/single-group,False,,,,,True,True,False,False,False,0,False,,False,False
NCT00393146,2006.0,<=2015,PHASE2,drug,0,57.0,INDUSTRY,COMPLETED,RANDOMIZED,True,DOUBLE,2.0,True,True,CROSSOVER,True,none/single-group,False,,,,,False,True,False,False,False,1,True,,False,False
NCT00369187,2006.0,<=2015,PHASE4,drug,0,15.0,INDUSTRY,COMPLETED,NON_RANDOMIZED,False,NONE,0.0,False,False,CROSSOVER,False,none/single-group,False,,,,,True,True,False,False,False,0,False,,False,
NCT05790356,2023.0,2021-2026,NA,drug,2,30.0,OTHER,RECRUITING,RANDOMIZED,True,DOUBLE,2.0,True,True,PARALLEL,True,placebo/sham,True,,,,,False,True,False,False,False,0,False,,False,False
NCT02368093,2010.0,<=2015,NA,drug,2,48.0,OTHER,COMPLETED,RANDOMIZED,True,QUADRUPLE,4.0,True,True,PARALLEL,True,placebo/sham,True,48.0,48.0,0.0,True,False,True,False,True,False,0,False,,False,False
NCT00520572,2007.0,<=2015,PHASE2,drug,6,385.0,INDUSTRY,COMPLETED,RANDOMIZED,True,DOUBLE,2.0,True,True,PARALLEL,True,placebo/sham,True,385.0,316.0,0.17922077922077917,True,False,True,True,True,False,1,True,,False,
NCT00420927,2006.0,<=2015,PHASE4,drug,5,1032.0,INDUSTRY,COMPLETED,RANDOMIZED,True,DOUBLE,2.0,True,True,PARALLEL,True,none/single-group,False,1032.0,926.0,0.1027131782945736,True,True,True,True,True,False,6,True,,False,False
NCT00316771,2005.0,<=2015,PHASE2,drug,6,374.0,INDUSTRY,COMPLETED,RANDOMIZED,True,DOUBLE,2.0,True,True,PARALLEL,True,placebo/sham,True,,,,,False,True,True,False,False,0,False,,False,
NCT00000401,1999.0,<=2015,PHASE2,drug,2,110.0,OTHER,COMPLETED,RANDOMIZED,True,NONE,0.0,False,False,PARALLEL,True,none/single-group,False,,,,,False,True,False,False,True,0,False,,False,True
NCT06361186,2017.0,2016-2020,PHASE1,drug,2,134.0,INDUSTRY,COMPLETED,RANDOMIZED,True,DOUBLE,2.0,True,True,PARALLEL,True,placebo/sham,True,,,,,False,True,False,False,False,1,True,NO,False,
NCT00427804,2007.0,<=2015,NA,drug,1,9.0,FED,COMPLETED,NON_RANDOMIZED,False,NONE,0.0,False,False,SINGLE_GROUP,False,none/single-group,False,9.0,9.0,0.0,True,False,True,False,True,True,0,False,,False,False
NCT07621809,2026.0,2021-2026,PHASE3,drug,2,570.0,INDUSTRY,RECRUITING,RANDOMIZED,True,TRIPLE,3.0,True,True,PARALLEL,True,placebo/sham,True,,,,,True,True,False,False,False,0,False,YES,True,
NCT00749645,2006.0,<=2015,PHASE2,drug,2,60.0,OTHER,COMPLETED,RANDOMIZED,True,QUADRUPLE,4.0,True,True,PARALLEL,True,placebo/sham,True,,,,,False,True,False,False,True,0,False,YES,True,True
NCT02955212,2018.0,2016-2020,PHASE3,drug,2,338.0,INDUSTRY,COMPLETED,RANDOMIZED,True,QUADRUPLE,4.0,True,True,PARALLEL,True,placebo/sham,True,338.0,310.0,0.08284023668639051,True,True,True,False,True,False,0,False,YES,True,True
NCT00780793,2008.0,<=2015,PHASE4,drug,2,250.0,OTHER,COMPLETED,RANDOMIZED,True,SINGLE,1.0,True,False,PARALLEL,True,active,True,,,,,True,True,False,False,False,1,True,,False,True
NCT01774877,2013.0,<=2015,NA,drug,2,304.0,OTHER,COMPLETED,RANDOMIZED,True,TRIPLE,3.0,True,True,PARALLEL,True,active,True,,,,,False,True,False,False,False,2,True,,False,True
NCT01326962,2011.0,<=2015,PHASE3,drug,1,28.0,INDUSTRY,COMPLETED,NA,False,NONE,0.0,False,False,SINGLE_GROUP,False,none/single-group,False,28.0,21.0,0.25,False,True,True,False,True,False,1,True,,False,
NCT02722694,2016.0,2016-2020,PHASE3,drug,2,360.0,INDUSTRY,UNKNOWN,RANDOMIZED,True,QUADRUPLE,4.0,True,True,PARALLEL,True,placebo/sham,True,,,,,True,True,False,False,False,0,False,NO,False,False
NCT05505409,2022.0,2021-2026,PHASE4,drug,2,120.0,OTHER,UNKNOWN,RANDOMIZED,True,NONE,0.0,False,False,PARALLEL,True,active,True,,,,,True,True,False,False,False,0,False,,False,False
NCT01975610,2013.0,<=2015,PHASE2,drug,2,47.0,INDUSTRY,COMPLETED,RANDOMIZED,True,QUADRUPLE,4.0,True,True,PARALLEL,False,placebo/sham,True,,,,,False,True,False,False,False,1,True,,False,False
NCT00482417,2002.0,<=2015,PHASE2,drug,0,11.0,INDUSTRY,COMPLETED,RANDOMIZED,True,DOUBLE,2.0,True,True,PARALLEL,False,none/single-group,False,,,,,False,True,False,False,False,0,False,,False,
NCT00678782,2005.0,<=2015,PHASE2,drug,0,31.0,OTHER,COMPLETED,RANDOMIZED,True,SINGLE,1.0,True,False,CROSSOVER,False,none/single-group,False,,,,,False,True,False,False,False,2,True,,False,True
NCT00025818,2001.0,<=2015,PHASE3,drug,0,290.0,INDUSTRY,COMPLETED,RANDOMIZED,True,DOUBLE,2.0,True,True,PARALLEL,True,none/single-group,False,,,,,True,True,False,False,False,0,False,,False,
NCT02265705,2014.0,<=2015,PHASE3,drug,2,290.0,INDUSTRY,COMPLETED,RANDOMIZED,True,DOUBLE,2.0,True,True,PARALLEL,True,placebo/sham,True,290.0,269.0,0.07241379310344831,True,True,True,False,True,False,4,True,YES,True,False
NCT00282308,2006.0,<=2015,PHASE2,drug,2,103.0,INDUSTRY,COMPLETED,RANDOMIZED,True,NONE,0.0,False,False,PARALLEL,True,active,True,103.0,93.0,0.09708737864077666,True,False,True,False,True,False,1,True,,False,
NCT00106574,2005.0,<=2015,PHASE3,drug,2,1220.0,INDUSTRY,COMPLETED,RANDOMIZED,True,DOUBLE,2.0,True,True,PARALLEL,True,placebo/sham,True,,,,,True,True,False,False,False,4,True,,False,
NCT02291029,2014.0,<=2015,PHASE2,drug,6,69.0,INDUSTRY,COMPLETED,RANDOMIZED,True,TRIPLE,3.0,True,True,PARALLEL,True,placebo/sham,True,69.0,67.0,0.02898550724637683,True,False,True,True,True,False,1,True,,False,False
NCT00001862,1999.0,<=2015,PHASE2,drug,0,15.0,NIH,COMPLETED,,False,,,False,False,,False,none/single-group,False,,,,,False,True,False,False,False,0,False,,False,
NCT03823391,2019.0,2016-2020,PHASE2,drug,2,48.0,INDUSTRY,COMPLETED,RANDOMIZED,True,QUADRUPLE,4.0,True,True,PARALLEL,False,none/single-group,False,48.0,48.0,0.0,True,False,True,False,True,False,1,True,YES,True,True
NCT00280917,2006.0,<=2015,PHASE2,drug,0,254.0,INDUSTRY,COMPLETED,NA,False,TRIPLE,3.0,True,True,PARALLEL,True,none/single-group,False,254.0,238.0,0.06299212598425197,True,False,True,False,True,False,0,False,,False,
NCT00603512,2008.0,<=2015,PHASE2,drug,5,140.0,INDUSTRY,COMPLETED,RANDOMIZED,True,QUADRUPLE,4.0,True,True,PARALLEL,True,placebo/sham,True,140.0,116.0,0.17142857142857137,True,False,True,True,True,False,13,True,,False,True
NCT01224041,2009.0,<=2015,PHASE4,drug,1,78.0,INDUSTRY,COMPLETED,NA,False,NONE,0.0,False,False,SINGLE_GROUP,False,none/single-group,False,,,,,True,True,False,False,False,0,False,UNDECIDED,False,False
NCT02666443,2016.0,2016-2020,NA,drug,3,306.0,OTHER,UNKNOWN,RANDOMIZED,True,QUADRUPLE,4.0,True,True,PARALLEL,True,placebo/sham,True,,,,,False,True,True,False,False,0,False,UNDECIDED,False,False
NCT01635686,2012.0,<=2015,PHASE1,drug,2,38.0,INDUSTRY,UNKNOWN,RANDOMIZED,True,DOUBLE,2.0,True,True,,True,active,True,,,,,False,False,False,False,False,0,False,,False,
NCT00034853,2000.0,<=2015,PHASE3,drug,0,180.0,INDUSTRY,COMPLETED,,False,,,False,False,PARALLEL,True,none/single-group,False,,,,,True,True,False,False,False,0,False,,False,
NCT06456489,2024.0,2021-2026,PHASE3,drug,2,268.0,OTHER,UNKNOWN,RANDOMIZED,True,SINGLE,1.0,True,False,PARALLEL,True,placebo/sham,True,,,,,True,True,False,False,False,0,False,UNDECIDED,False,
NCT01197521,2010.0,<=2015,PHASE3,drug,3,923.0,INDUSTRY,COMPLETED,RANDOMIZED,True,QUADRUPLE,4.0,True,True,PARALLEL,True,placebo/sham,True,918.0,559.0,0.39106753812636164,False,True,True,True,True,False,1,True,,False,True
NCT00291928,2005.0,<=2015,PHASE2,drug,2,201.0,INDUSTRY,COMPLETED,RANDOMIZED,True,DOUBLE,2.0,True,True,PARALLEL,True,placebo/sham,True,,,,,False,True,False,False,False,2,True,,False,False
NCT00831922,2004.0,<=2015,PHASE2,drug,2,43.0,INDUSTRY,COMPLETED,RANDOMIZED,True,NONE,0.0,False,False,PARALLEL,False,none/single-group,False,,,,,False,True,False,False,True,0,False,,False,False
NCT05805891,2023.0,2021-2026,NA,drug,1,20.0,OTHER,UNKNOWN,NA,False,NONE,0.0,False,False,SINGLE_GROUP,False,none/single-group,False,,,,,False,True,False,False,False,0,False,UNDECIDED,False,
NCT02889796,2016.0,2016-2020,PHASE3,drug,6,1759.0,INDUSTRY,COMPLETED,RANDOMIZED,True,DOUBLE,2.0,True,True,PARALLEL,True,placebo/sham,True,1759.0,1517.0,0.13757816941444,True,True,True,True,True,True,10,True,NO,False,True
NCT01990157,2013.0,<=2015,PHASE1;PHASE2,drug,1,18.0,INDUSTRY,COMPLETED,NA,False,NONE,0.0,False,False,SINGLE_GROUP,False,none/single-group,False,,,,,False,True,False,False,False,0,False,,False,False
NCT00837434,2009.0,<=2015,PHASE4,drug,2,63.0,NIH,COMPLETED,RANDOMIZED,True,SINGLE,1.0,True,False,PARALLEL,False,none/single-group,False,63.0,53.0,0.15873015873015872,True,True,True,False,True,True,0,False,YES,True,True
NCT00406419,2006.0,<=2015,PHASE3,drug,3,1015.0,INDUSTRY,TERMINATED,RANDOMIZED,True,DOUBLE,2.0,True,True,PARALLEL,True,placebo/sham,True,1015.0,0.0,1.0,False,True,True,True,True,False,2,True,YES,True,
NCT00281294,2005.0,<=2015,PHASE2,drug,0,40.0,INDUSTRY,TERMINATED,RANDOMIZED,True,NONE,0.0,False,False,SINGLE_GROUP,False,none/single-group,False,,,,,False,True,False,False,False,1,True,,False,
NCT00443950,2006.0,<=2015,PHASE3,drug,0,150.0,INDUSTRY,COMPLETED,RANDOMIZED,True,DOUBLE,2.0,True,True,PARALLEL,True,none/single-group,False,,,,,True,True,False,False,False,0,False,,False,
NCT01207453,2011.0,<=2015,PHASE4,drug,2,49.0,OTHER,COMPLETED,RANDOMIZED,True,QUADRUPLE,4.0,True,True,CROSSOVER,False,none/single-group,False,41.0,38.0,0.07317073170731703,True,True,True,False,True,False,1,True,,False,True
NCT00555230,2007.0,<=2015,PHASE2,drug,2,150.0,OTHER,COMPLETED,RANDOMIZED,True,QUADRUPLE,4.0,True,True,PARALLEL,True,placebo/sham,True,,,,,False,True,False,False,False,0,False,,False,False
NCT03608761,2017.0,2016-2020,PHASE4,drug,3,21.0,OTHER,COMPLETED,RANDOMIZED,True,SINGLE,1.0,True,False,CROSSOVER,False,none/single-group,False,,,,,True,True,True,False,False,0,False,NO,False,True
NCT05379322,2023.0,2021-2026,PHASE3,drug,3,0.0,OTHER_GOV,WITHDRAWN,RANDOMIZED,True,NONE,0.0,False,False,PARALLEL,False,none/single-group,False,,,,,True,True,True,False,False,0,False,NO,False,True
NCT01554696,2012.0,<=2015,PHASE2,drug,5,379.0,INDUSTRY,COMPLETED,RANDOMIZED,True,QUADRUPLE,4.0,True,True,PARALLEL,True,placebo/sham,True,,,,,False,True,True,False,False,1,True,NO,False,True
NCT07516769,2024.0,2021-2026,PHASE3,drug,2,46.0,OTHER,RECRUITING,RANDOMIZED,True,NONE,0.0,False,False,PARALLEL,False,active,True,,,,,True,True,False,False,False,0,False,NO,False,True
NCT00234897,2004.0,<=2015,PHASE4,drug,0,1938.0,INDUSTRY,COMPLETED,RANDOMIZED,True,DOUBLE,2.0,True,True,PARALLEL,True,none/single-group,False,,,,,True,True,False,False,False,0,False,,False,False
NCT00048932,2002.0,<=2015,PHASE3,drug,3,1795.0,INDUSTRY,COMPLETED,RANDOMIZED,True,DOUBLE,2.0,True,True,PARALLEL,True,placebo/sham,True,1441.0,1231.0,0.14573213046495492,True,True,True,True,True,False,1,True,,False,
NCT00293826,2006.0,<=2015,PHASE2,drug,4,813.0,INDUSTRY,COMPLETED,RANDOMIZED,True,TRIPLE,3.0,True,True,PARALLEL,True,placebo/sham,True,,,,,False,True,True,False,False,1,True,,False,
NCT06312020,2024.0,2021-2026,PHASE2,drug,8,209.0,INDUSTRY,TERMINATED,RANDOMIZED,True,QUADRUPLE,4.0,True,True,PARALLEL,True,placebo/sham,True,,,,,False,True,True,False,False,0,False,YES,True,
NCT00264537,2005.0,<=2015,PHASE3,drug,4,637.0,INDUSTRY,COMPLETED,RANDOMIZED,True,QUADRUPLE,4.0,True,True,PARALLEL,True,none/single-group,False,637.0,419.0,0.34222919937205654,False,True,True,True,True,False,5,True,,False,True
NCT04196868,2020.0,2016-2020,PHASE2,drug,2,128.0,OTHER,COMPLETED,RANDOMIZED,True,SINGLE,1.0,True,False,PARALLEL,True,placebo/sham,True,,,,,False,True,False,False,False,0,False,,False,False
NCT01208506,2010.0,<=2015,PHASE1,drug,8,64.0,INDUSTRY,COMPLETED,RANDOMIZED,True,DOUBLE,2.0,True,True,SINGLE_GROUP,True,none/single-group,False,,,,,False,True,True,False,True,0,False,,False,False
NCT03852355,2019.0,2016-2020,NA,drug,2,60.0,OTHER,COMPLETED,RANDOMIZED,True,SINGLE,1.0,True,False,PARALLEL,True,active,True,,,,,False,True,False,False,False,0,False,UNDECIDED,False,
NCT00233558,2005.0,<=2015,PHASE4,drug,0,160.0,INDUSTRY,TERMINATED,RANDOMIZED,True,NONE,0.0,False,False,PARALLEL,True,none/single-group,False,,,,,True,True,False,False,False,0,False,,False,
NCT02030028,2014.0,<=2015,NA,drug,1,18.0,OTHER,COMPLETED,NA,False,NONE,0.0,False,False,SINGLE_GROUP,False,none/single-group,False,18.0,13.0,0.2777777777777778,False,False,True,False,True,False,0,False,,False,False
NCT06946641,2025.0,2021-2026,PHASE1,drug,4,102.0,INDUSTRY,RECRUITING,RANDOMIZED,True,QUADRUPLE,4.0,True,True,PARALLEL,True,none/single-group,False,,,,,False,True,True,False,False,0,False,,False,False
NCT06041269,2023.0,2021-2026,PHASE2,drug,4,420.0,INDUSTRY,ACTIVE_NOT_RECRUITING,RANDOMIZED,True,QUADRUPLE,4.0,True,True,PARALLEL,True,placebo/sham,True,,,,,False,True,True,False,False,0,False,YES,True,False
NCT07639177,2026.0,2021-2026,PHASE2,drug,2,40.0,OTHER,NOT_YET_RECRUITING,RANDOMIZED,True,TRIPLE,3.0,True,True,PARALLEL,False,placebo/sham,True,,,,,False,True,False,False,False,0,False,,False,False
NCT03315494,2016.0,2016-2020,PHASE1,drug,4,24.0,INDUSTRY,COMPLETED,RANDOMIZED,True,DOUBLE,2.0,True,True,PARALLEL,False,placebo/sham,True,,,,,False,True,True,False,False,0,False,,False,False
NCT01404585,2011.0,<=2015,PHASE2,drug,3,123.0,INDUSTRY,COMPLETED,RANDOMIZED,True,QUADRUPLE,4.0,True,True,PARALLEL,True,placebo/sham,True,,,,,False,True,True,False,False,0,False,,False,True
NCT00202852,2005.0,<=2015,PHASE3,drug,2,143.0,INDUSTRY,COMPLETED,RANDOMIZED,True,DOUBLE,2.0,True,True,PARALLEL,True,placebo/sham,True,,,,,True,True,False,False,False,1,True,,False,False
NCT00095173,2003.0,<=2015,PHASE3,drug,3,214.0,INDUSTRY,COMPLETED,RANDOMIZED,True,DOUBLE,2.0,True,True,SINGLE_GROUP,True,placebo/sham,True,190.0,170.0,0.10526315789473684,True,True,True,True,True,False,8,True,,False,
NCT00716248,2007.0,<=2015,PHASE4,drug,2,40.0,OTHER,UNKNOWN,RANDOMIZED,True,NONE,0.0,False,False,PARALLEL,False,active,True,,,,,True,False,False,False,False,0,False,,False,
NCT00458146,2007.0,<=2015,PHASE2,drug,2,100.0,INDUSTRY,COMPLETED,RANDOMIZED,True,QUADRUPLE,4.0,True,True,PARALLEL,True,placebo/sham,True,,,,,False,True,False,False,False,0,False,,False,False
NCT01787149,2013.0,<=2015,PHASE3,drug,2,98.0,INDUSTRY,UNKNOWN,RANDOMIZED,True,DOUBLE,2.0,True,True,PARALLEL,False,placebo/sham,True,,,,,True,True,False,False,False,0,False,,False,True
NCT01640054,2012.0,<=2015,PHASE2,drug,1,115.0,INDUSTRY,TERMINATED,NA,False,NONE,0.0,False,False,SINGLE_GROUP,True,none/single-group,False,115.0,109.0,0.05217391304347829,True,False,True,False,True,False,1,True,,False,True
NCT02585258,2016.0,2016-2020,PHASE4,drug,2,451.0,OTHER,COMPLETED,RANDOMIZED,True,QUADRUPLE,4.0,True,True,PARALLEL,True,placebo/sham,True,451.0,278.0,0.38359201773835916,False,True,True,False,True,True,1,True,YES,True,False
NCT04194827,2020.0,2016-2020,PHASE4,drug,2,267.0,OTHER,UNKNOWN,RANDOMIZED,True,SINGLE,1.0,True,False,PARALLEL,True,active,True,,,,,True,True,False,False,False,0,False,YES,True,True
NCT00363350,2006.0,<=2015,PHASE1;PHASE2,drug,0,30.0,OTHER,COMPLETED,RANDOMIZED,True,QUADRUPLE,4.0,True,True,SINGLE_GROUP,False,none/single-group,False,,,,,False,True,False,False,False,1,True,,False,
NCT01636557,2012.0,<=2015,PHASE1,drug,1,12.0,INDUSTRY,COMPLETED,NA,False,NONE,0.0,False,False,SINGLE_GROUP,False,none/single-group,False,,,,,False,False,False,False,False,0,False,,False,False
NCT01895309,2013.0,<=2015,PHASE3,drug,2,596.0,INDUSTRY,COMPLETED,RANDOMIZED,True,QUADRUPLE,4.0,True,True,PARALLEL,True,active,True,596.0,505.0,0.15268456375838924,True,True,True,False,True,False,5,True,,False,True
NCT01309854,2011.0,<=2015,PHASE1,drug,2,15.0,INDUSTRY,COMPLETED,NON_RANDOMIZED,False,NONE,0.0,False,False,CROSSOVER,False,none/single-group,False,,,,,False,False,False,False,False,0,False,,False,
NCT04117165,2021.0,2021-2026,NA,drug,2,0.0,OTHER,WITHDRAWN,RANDOMIZED,True,SINGLE,1.0,True,False,PARALLEL,False,active,True,,,,,False,False,False,False,False,0,False,NO,False,False
NCT03578900,2013.0,<=2015,PHASE4,drug,5,289.0,OTHER,COMPLETED,RANDOMIZED,True,DOUBLE,2.0,True,True,CROSSOVER,True,active,True,,,,,True,True,True,False,False,0,False,,False,True
NCT01059864,2010.0,<=2015,PHASE2,drug,2,111.0,INDUSTRY,COMPLETED,RANDOMIZED,True,QUADRUPLE,4.0,True,True,PARALLEL,True,none/single-group,False,111.0,98.0,0.11711711711711714,True,False,True,False,True,False,12,True,,False,True
NCT03278470,2017.0,2016-2020,PHASE1,drug,7,57.0,INDUSTRY,COMPLETED,RANDOMIZED,True,QUADRUPLE,4.0,True,True,SEQUENTIAL,True,none/single-group,False,,,,,False,False,True,False,False,0,False,,False,True
NCT00752154,2010.0,<=2015,EARLY_PHASE1,drug,0,40.0,OTHER,COMPLETED,RANDOMIZED,True,DOUBLE,2.0,True,True,CROSSOVER,True,none/single-group,False,,,,,False,True,False,False,False,0,False,,False,False
NCT00422227,2007.0,<=2015,PHASE4,drug,2,300.0,INDUSTRY,COMPLETED,RANDOMIZED,True,NONE,0.0,False,False,PARALLEL,True,active,True,300.0,281.0,0.06333333333333335,True,True,True,False,True,False,2,True,,False,False
NCT01162421,2010.0,<=2015,PHASE4,drug,2,77.0,INDUSTRY,COMPLETED,RANDOMIZED,True,NONE,0.0,False,False,PARALLEL,False,active,True,77.0,56.0,0.2727272727272727,False,True,True,False,True,False,0,False,,False,
NCT04539964,2021.0,2021-2026,PHASE3,both,2,243.0,INDUSTRY,ACTIVE_NOT_RECRUITING,RANDOMIZED,True,QUADRUPLE,4.0,True,True,PARALLEL,True,placebo/sham,True,242.0,236.0,0.024793388429752095,True,True,True,False,True,False,2,True,NO,False,True
NCT00141102,2005.0,<=2015,PHASE4,drug,2,4484.0,INDUSTRY,COMPLETED,RANDOMIZED,True,TRIPLE,3.0,True,True,PARALLEL,True,active,True,4484.0,3351.0,0.25267618198037467,False,True,True,False,True,False,2,True,,False,True
NCT00010387,1999.0,<=2015,PHASE2,drug,0,32.0,OTHER,COMPLETED,NA,False,,,False,False,SINGLE_GROUP,False,none/single-group,False,,,,,False,True,False,False,False,0,False,,False,
NCT03737708,2019.0,2016-2020,PHASE4,drug,2,21.0,INDUSTRY,COMPLETED,RANDOMIZED,True,NONE,0.0,False,False,PARALLEL,False,active,True,,,,,True,True,False,False,False,0,False,NO,False,False
NCT03060005,2017.0,2016-2020,NA,drug,4,80.0,OTHER,UNKNOWN,NON_RANDOMIZED,False,NONE,0.0,False,False,PARALLEL,True,none/single-group,False,,,,,False,True,True,False,False,0,False,,False,False
NCT00379600,2004.0,<=2015,PHASE2,drug,0,96.0,INDUSTRY,COMPLETED,RANDOMIZED,True,DOUBLE,2.0,True,True,PARALLEL,True,none/single-group,False,,,,,False,True,False,False,False,0,False,YES,True,False
NCT00523328,2007.0,<=2015,PHASE2,drug,1,72.0,INDUSTRY,TERMINATED,NA,False,NONE,0.0,False,False,SINGLE_GROUP,True,none/single-group,False,,,,,False,True,False,False,False,0,False,,False,True
NCT02270632,2014.0,<=2015,PHASE2,drug,3,27.0,INDUSTRY,TERMINATED,RANDOMIZED,True,TRIPLE,3.0,True,True,PARALLEL,False,placebo/sham,True,,,,,False,True,True,False,False,0,False,,False,False
NCT00814307,2009.0,<=2015,PHASE3,drug,4,611.0,INDUSTRY,COMPLETED,RANDOMIZED,True,QUADRUPLE,4.0,True,True,PARALLEL,True,placebo/sham,True,611.0,555.0,0.09165302782324058,True,True,True,True,True,False,22,True,,False,True
NCT04985812,2021.0,2021-2026,PHASE1,drug,2,44.0,INDUSTRY,COMPLETED,RANDOMIZED,True,TRIPLE,3.0,True,True,PARALLEL,True,placebo/sham,True,,,,,False,True,False,False,False,1,True,YES,True,False
NCT07207954,2025.0,2021-2026,PHASE1,drug,3,176.0,INDUSTRY,RECRUITING,RANDOMIZED,True,TRIPLE,3.0,True,True,PARALLEL,True,none/single-group,False,,,,,False,True,True,False,False,0,False,NO,False,False
NCT04056039,2018.0,2016-2020,PHASE2,drug,2,60.0,OTHER,COMPLETED,RANDOMIZED,True,DOUBLE,2.0,True,True,PARALLEL,True,active,True,,,,,False,False,False,False,False,0,False,,False,True
NCT06073093,2023.0,2021-2026,PHASE2,drug,5,264.0,INDUSTRY,COMPLETED,RANDOMIZED,True,TRIPLE,3.0,True,True,PARALLEL,True,placebo/sham,True,,,,,False,True,True,False,False,0,False,YES,True,True
NCT02882087,2015.0,<=2015,PHASE2,drug,2,60.0,INDUSTRY,TERMINATED,RANDOMIZED,True,QUADRUPLE,4.0,True,True,PARALLEL,True,none/single-group,False,,,,,False,True,False,False,False,0,False,UNDECIDED,False,False
NCT01123655,2009.0,<=2015,PHASE1,drug,3,22.0,FED,COMPLETED,RANDOMIZED,True,QUADRUPLE,4.0,True,True,PARALLEL,False,none/single-group,False,22.0,19.0,0.13636363636363635,True,False,True,True,True,False,0,False,,False,True
NCT00319917,2006.0,<=2015,PHASE4,drug,2,123.0,INDUSTRY,COMPLETED,RANDOMIZED,True,QUADRUPLE,4.0,True,True,PARALLEL,True,placebo/sham,True,,,,,True,True,False,False,False,0,False,,False,
NCT04577781,2020.0,2016-2020,PHASE2,drug,2,28.0,INDUSTRY,COMPLETED,RANDOMIZED,True,QUADRUPLE,4.0,True,True,PARALLEL,False,placebo/sham,True,28.0,23.0,0.1785714285714286,True,False,True,False,True,False,0,False,NO,False,True
NCT00791999,2008.0,<=2015,PHASE2;PHASE3,drug,4,316.0,INDUSTRY,COMPLETED,RANDOMIZED,True,QUADRUPLE,4.0,True,True,PARALLEL,True,placebo/sham,True,316.0,207.0,0.34493670886075944,False,True,True,True,True,False,1,True,,False,False
NCT02423538,2015.0,<=2015,PHASE1,drug,2,64.0,INDUSTRY,UNKNOWN,RANDOMIZED,True,QUADRUPLE,4.0,True,True,PARALLEL,True,placebo/sham,True,,,,,False,True,False,False,False,0,False,,False,False
NCT00761514,2006.0,<=2015,PHASE4,drug,1,14.0,INDUSTRY,TERMINATED,NON_RANDOMIZED,False,NONE,0.0,False,False,SINGLE_GROUP,False,none/single-group,False,14.0,7.0,0.5,False,True,True,False,True,False,0,False,,False,False
NCT00663702,2008.0,<=2015,PHASE3,drug,1,123.0,INDUSTRY,COMPLETED,NON_RANDOMIZED,False,NONE,0.0,False,False,SINGLE_GROUP,True,none/single-group,False,123.0,95.0,0.22764227642276424,False,True,True,False,True,False,1,True,,False,False
NCT07533955,2026.0,2021-2026,PHASE1,drug,2,36.0,INDUSTRY,RECRUITING,RANDOMIZED,True,DOUBLE,2.0,True,True,SEQUENTIAL,True,none/single-group,False,,,,,False,False,False,False,False,0,False,NO,False,False
NCT02373202,2015.0,<=2015,PHASE3,drug,4,91.0,INDUSTRY,COMPLETED,RANDOMIZED,True,QUADRUPLE,4.0,True,True,PARALLEL,False,none/single-group,False,91.0,79.0,0.13186813186813184,True,True,True,True,True,False,0,False,,False,False
NCT06020144,2023.0,2021-2026,PHASE3,drug,2,459.0,INDUSTRY,ACTIVE_NOT_RECRUITING,RANDOMIZED,True,TRIPLE,3.0,True,True,PARALLEL,True,active,True,,,,,True,True,False,False,False,0,False,NO,False,False
NCT02321930,2016.0,2016-2020,PHASE4,drug,1,37.0,OTHER,COMPLETED,NA,False,NONE,0.0,False,False,SINGLE_GROUP,False,none/single-group,False,25.0,24.0,0.040000000000000036,True,True,True,False,True,False,3,True,,False,False
NCT01951170,2013.0,<=2015,PHASE3,drug,1,52.0,INDUSTRY,COMPLETED,NA,False,NONE,0.0,False,False,SINGLE_GROUP,False,none/single-group,False,52.0,51.0,0.019230769230769273,True,True,True,False,True,False,3,True,,False,
NCT00818064,2008.0,<=2015,PHASE1,drug,8,32.0,INDUSTRY,COMPLETED,RANDOMIZED,True,DOUBLE,2.0,True,True,SINGLE_GROUP,True,none/single-group,False,,,,,False,True,True,False,True,0,False,,False,False
NCT00550043,2007.0,<=2015,PHASE2,drug,5,50.0,INDUSTRY,COMPLETED,RANDOMIZED,True,TRIPLE,3.0,True,True,PARALLEL,True,placebo/sham,True,50.0,43.0,0.14,True,False,True,True,True,False,0,False,,False,False
NCT04049448,2019.0,2016-2020,PHASE2,drug,1,40.0,INDUSTRY,COMPLETED,NA,False,NONE,0.0,False,False,SINGLE_GROUP,False,none/single-group,False,,,,,False,True,False,False,False,0,False,NO,False,False
NCT07409103,2026.0,2021-2026,PHASE2,drug,4,180.0,INDUSTRY,RECRUITING,RANDOMIZED,True,TRIPLE,3.0,True,True,PARALLEL,True,placebo/sham,True,,,,,False,True,True,False,False,0,False,NO,False,False
NCT06649136,2024.0,2021-2026,PHASE4,drug,2,182.0,OTHER,RECRUITING,RANDOMIZED,True,SINGLE,1.0,True,False,PARALLEL,True,active,True,,,,,True,True,False,False,False,0,False,NO,False,False
NCT01197144,2010.0,<=2015,NA,drug,3,70.0,OTHER,COMPLETED,RANDOMIZED,True,TRIPLE,3.0,True,True,PARALLEL,True,placebo/sham,True,,,,,False,False,True,False,False,1,True,,False,False
NCT00661661,2008.0,<=2015,PHASE3,drug,1,487.0,INDUSTRY,COMPLETED,NA,False,NONE,0.0,False,False,SINGLE_GROUP,True,none/single-group,False,487.0,308.0,0.36755646817248455,False,True,True,False,True,False,17,True,,False,False
NCT02087696,2014.0,<=2015,PHASE4,drug,2,122.0,OTHER,UNKNOWN,NON_RANDOMIZED,False,NONE,0.0,False,False,SINGLE_GROUP,True,none/single-group,False,,,,,True,True,False,False,False,0,False,,False,False
NCT01194414,2010.0,<=2015,PHASE3,drug,4,1262.0,INDUSTRY,COMPLETED,RANDOMIZED,True,TRIPLE,3.0,True,True,PARALLEL,True,none/single-group,False,1262.0,1136.0,0.09984152139461178,True,True,True,True,True,False,1,True,,False,
NCT02112019,2014.0,<=2015,NA,both,3,50.0,OTHER,UNKNOWN,RANDOMIZED,True,SINGLE,1.0,True,False,PARALLEL,True,active,True,,,,,False,False,True,False,False,0,False,,False,True
NCT03938701,2024.0,2021-2026,PHASE2,both,4,36.0,OTHER,RECRUITING,NON_RANDOMIZED,False,NONE,0.0,False,False,SINGLE_GROUP,False,none/single-group,False,,,,,False,True,True,False,False,1,True,NO,False,False
NCT02332590,2015.0,<=2015,PHASE3,drug,2,369.0,INDUSTRY,COMPLETED,RANDOMIZED,True,QUADRUPLE,4.0,True,True,PARALLEL,True,active,True,369.0,321.0,0.13008130081300817,True,True,True,False,True,False,13,True,YES,True,True
NCT01332994,2011.0,<=2015,PHASE3,drug,2,519.0,INDUSTRY,COMPLETED,NON_RANDOMIZED,False,NONE,0.0,False,False,PARALLEL,True,none/single-group,False,519.0,448.0,0.1368015414258189,True,True,True,False,True,False,0,False,,False,
NCT00551707,2007.0,<=2015,PHASE2,drug,5,51.0,INDUSTRY,COMPLETED,RANDOMIZED,True,TRIPLE,3.0,True,True,PARALLEL,True,placebo/sham,True,51.0,37.0,0.27450980392156865,False,False,True,True,True,False,0,False,,False,True
NCT01000441,2009.0,<=2015,PHASE4,drug,2,300.0,OTHER,COMPLETED,RANDOMIZED,True,NONE,0.0,False,False,PARALLEL,True,active,True,,,,,True,True,False,False,True,3,True,,False,False
NCT01768572,2013.0,<=2015,PHASE3,drug,3,202.0,INDUSTRY,COMPLETED,RANDOMIZED,True,QUADRUPLE,4.0,True,True,PARALLEL,True,active,True,202.0,175.0,0.13366336633663367,True,True,True,True,True,False,3,True,,False,True
NCT00831649,2004.0,<=2015,PHASE2,drug,1,,INDUSTRY,TERMINATED,NA,False,NONE,0.0,False,False,SINGLE_GROUP,,none/single-group,False,,,,,False,True,False,False,False,0,False,,False,
NCT04227366,2019.0,2016-2020,PHASE3,drug,2,154.0,INDUSTRY,COMPLETED,RANDOMIZED,True,DOUBLE,2.0,True,True,PARALLEL,True,placebo/sham,True,,,,,True,True,False,False,False,0,False,,False,False
NCT01034397,2010.0,<=2015,PHASE4,drug,2,54.0,INDUSTRY,COMPLETED,RANDOMIZED,True,DOUBLE,2.0,True,True,PARALLEL,False,placebo/sham,True,54.0,45.0,0.16666666666666663,True,True,True,False,True,False,0,False,,False,
NCT01645280,2012.0,<=2015,PHASE2,drug,5,274.0,INDUSTRY,COMPLETED,RANDOMIZED,True,TRIPLE,3.0,True,True,PARALLEL,True,placebo/sham,True,273.0,244.0,0.10622710622710618,True,False,True,True,True,False,1,True,,False,True
NCT07234773,2026.0,2021-2026,PHASE1,drug,5,24.0,INDUSTRY,RECRUITING,NON_RANDOMIZED,False,NONE,0.0,False,False,SEQUENTIAL,False,none/single-group,False,,,,,False,True,True,False,False,0,False,NO,False,True
NCT02047604,2013.0,<=2015,PHASE2,drug,6,41.0,INDUSTRY,COMPLETED,RANDOMIZED,True,TRIPLE,3.0,True,True,PARALLEL,False,placebo/sham,True,41.0,39.0,0.04878048780487809,True,False,True,True,True,False,0,False,,False,True
NCT00767325,2008.0,<=2015,PHASE3,drug,1,104.0,INDUSTRY,COMPLETED,NON_RANDOMIZED,False,NONE,0.0,False,False,SINGLE_GROUP,True,none/single-group,False,104.0,89.0,0.14423076923076927,True,True,False,False,True,False,3,True,,False,False
NCT01353859,2011.0,<=2015,PHASE3,drug,1,39.0,INDUSTRY,COMPLETED,NON_RANDOMIZED,False,NONE,0.0,False,False,SINGLE_GROUP,False,none/single-group,False,39.0,35.0,0.10256410256410253,True,True,True,False,True,False,0,False,,False,
NCT06475495,2024.0,2021-2026,PHASE1;PHASE2,drug,2,13.0,OTHER,ACTIVE_NOT_RECRUITING,RANDOMIZED,True,NONE,0.0,False,False,PARALLEL,False,active,True,,,,,False,True,False,False,False,0,False,NO,False,False
NCT01213017,2010.0,<=2015,PHASE3,drug,1,20.0,OTHER,COMPLETED,NA,False,NONE,0.0,False,False,SINGLE_GROUP,False,none/single-group,False,,,,,True,True,False,False,False,0,False,NO,False,False
NCT02046616,2014.0,<=2015,PHASE3,drug,1,133.0,INDUSTRY,COMPLETED,NA,False,NONE,0.0,False,False,SINGLE_GROUP,True,none/single-group,False,133.0,114.0,0.1428571428571429,True,True,True,False,True,False,4,True,,False,
NCT00928317,2009.0,<=2015,PHASE2,drug,4,13.0,INDUSTRY,TERMINATED,RANDOMIZED,True,DOUBLE,2.0,True,True,PARALLEL,False,placebo/sham,True,,,,,False,True,True,False,False,0,False,,False,True
NCT04018599,2019.0,2016-2020,PHASE1,drug,2,216.0,INDUSTRY,COMPLETED,RANDOMIZED,True,NONE,0.0,False,False,PARALLEL,True,none/single-group,False,,,,,False,False,False,False,False,1,True,UNDECIDED,False,False
NCT00235859,2003.0,<=2015,PHASE3,drug,0,128.0,INDUSTRY,COMPLETED,RANDOMIZED,True,DOUBLE,2.0,True,True,PARALLEL,True,none/single-group,False,,,,,True,True,False,False,False,1,True,,False,False
NCT02746380,2016.0,2016-2020,PHASE3,drug,2,383.0,INDUSTRY,COMPLETED,RANDOMIZED,True,DOUBLE,2.0,True,True,PARALLEL,True,active,True,,,,,True,True,False,False,False,0,False,,False,
NCT04928066,2020.0,2016-2020,PHASE4,drug,2,100.0,OTHER,COMPLETED,NON_RANDOMIZED,False,NONE,0.0,False,False,PARALLEL,True,none/single-group,False,,,,,True,True,False,False,False,0,False,NO,False,False
NCT03781310,2018.0,2016-2020,PHASE4,drug,2,80.0,OTHER_GOV,UNKNOWN,RANDOMIZED,True,QUADRUPLE,4.0,True,True,PARALLEL,False,active,True,,,,,True,True,False,False,False,0,False,NO,False,False
NCT00299104,2006.0,<=2015,PHASE3,drug,3,755.0,INDUSTRY,COMPLETED,RANDOMIZED,True,DOUBLE,2.0,True,True,PARALLEL,True,placebo/sham,True,755.0,219.0,0.7099337748344371,False,True,True,True,True,False,3,True,,False,
NCT02176876,2014.0,<=2015,PHASE1,drug,2,18.0,INDUSTRY,COMPLETED,RANDOMIZED,True,QUADRUPLE,4.0,True,True,PARALLEL,False,placebo/sham,True,,,,,False,True,False,False,False,1,True,,False,False
NCT00533897,2007.0,<=2015,PHASE3,drug,2,270.0,INDUSTRY,COMPLETED,RANDOMIZED,True,DOUBLE,2.0,True,True,PARALLEL,True,placebo/sham,True,167.0,157.0,0.05988023952095811,True,True,True,False,True,False,1,True,,False,False
NCT07013110,2025.0,2021-2026,PHASE2,drug,2,124.0,OTHER,RECRUITING,RANDOMIZED,True,TRIPLE,3.0,True,True,PARALLEL,True,placebo/sham,True,,,,,False,True,False,False,False,0,False,NO,False,True
NCT00249041,2005.0,<=2015,PHASE3,drug,1,447.0,INDUSTRY,COMPLETED,NA,False,NONE,0.0,False,False,SINGLE_GROUP,True,none/single-group,False,,,,,True,True,False,False,True,0,False,,False,
NCT04078191,2021.0,2021-2026,PHASE2,drug,1,20.0,INDUSTRY,TERMINATED,NA,False,NONE,0.0,False,False,SINGLE_GROUP,False,none/single-group,False,20.0,20.0,0.0,True,False,False,False,True,False,0,False,,False,False
NCT06104124,2024.0,2021-2026,PHASE3,drug,3,651.0,INDUSTRY,ACTIVE_NOT_RECRUITING,RANDOMIZED,True,QUADRUPLE,4.0,True,True,PARALLEL,True,placebo/sham,True,,,,,True,True,True,False,False,0,False,YES,True,True
NCT00851318,2009.0,<=2015,PHASE3,drug,2,285.0,INDUSTRY,COMPLETED,RANDOMIZED,True,NONE,0.0,False,False,PARALLEL,True,none/single-group,False,285.0,210.0,0.26315789473684215,False,True,True,False,True,False,0,False,,False,False
NCT03163966,2017.0,2016-2020,PHASE2,drug,4,248.0,INDUSTRY,COMPLETED,RANDOMIZED,True,QUADRUPLE,4.0,True,True,PARALLEL,True,none/single-group,False,,,,,False,True,True,False,False,0,False,,False,True
NCT00299130,2005.0,<=2015,PHASE3,drug,3,511.0,INDUSTRY,COMPLETED,RANDOMIZED,True,DOUBLE,2.0,True,True,PARALLEL,True,active,True,511.0,365.0,0.2857142857142857,False,True,True,True,True,True,1,True,,False,
NCT02019472,2014.0,<=2015,PHASE3,drug,3,559.0,INDUSTRY,COMPLETED,RANDOMIZED,True,QUADRUPLE,4.0,True,True,PARALLEL,True,none/single-group,False,559.0,428.0,0.23434704830053665,False,True,True,True,True,False,1,True,,False,True
NCT01389388,2013.0,<=2015,NA,drug,1,114.0,OTHER,COMPLETED,NON_RANDOMIZED,False,NONE,0.0,False,False,SINGLE_GROUP,True,none/single-group,False,,,,,False,False,False,False,False,5,True,,False,False
NCT04985435,2021.0,2021-2026,PHASE4,drug,3,100.0,OTHER,RECRUITING,RANDOMIZED,True,NONE,0.0,False,False,PARALLEL,True,active,True,,,,,True,True,True,False,False,0,False,NO,False,False
NCT01044498,2009.0,<=2015,PHASE3,drug,2,46.0,INDUSTRY,COMPLETED,RANDOMIZED,True,NONE,0.0,False,False,PARALLEL,False,none/single-group,False,46.0,41.0,0.10869565217391308,True,True,True,False,True,False,1,True,,False,
NCT00485589,2007.0,<=2015,PHASE3,drug,3,613.0,INDUSTRY,TERMINATED,RANDOMIZED,True,DOUBLE,2.0,True,True,PARALLEL,True,placebo/sham,True,613.0,548.0,0.10603588907014683,True,True,True,True,True,False,1,True,YES,True,
NCT04605978,2021.0,2021-2026,PHASE2,drug,2,48.0,OTHER,COMPLETED,RANDOMIZED,True,QUADRUPLE,4.0,True,True,PARALLEL,False,placebo/sham,True,48.0,43.0,0.10416666666666663,True,False,True,False,True,False,0,False,YES,True,True
NCT00006292,2000.0,<=2015,PHASE2,drug,0,60.0,NIH,COMPLETED,,False,,,False,False,,True,none/single-group,False,,,,,False,True,False,False,False,0,False,,False,
NCT07408024,2025.0,2021-2026,PHASE2,drug,2,24.0,INDUSTRY,RECRUITING,RANDOMIZED,True,QUADRUPLE,4.0,True,True,SEQUENTIAL,False,placebo/sham,True,,,,,False,True,False,False,False,0,False,NO,False,False
NCT01851070,2013.0,<=2015,PHASE2,drug,2,48.0,INDUSTRY,COMPLETED,RANDOMIZED,True,TRIPLE,3.0,True,True,PARALLEL,False,placebo/sham,True,,,,,False,True,False,False,False,0,False,,False,True
NCT05246293,2022.0,2021-2026,PHASE2,drug,1,60.0,OTHER_GOV,UNKNOWN,NA,False,NONE,0.0,False,False,SINGLE_GROUP,True,none/single-group,False,,,,,False,True,False,False,False,0,False,YES,True,False
NCT01328522,2011.0,<=2015,PHASE1,drug,2,32.0,INDUSTRY,COMPLETED,RANDOMIZED,True,SINGLE,1.0,True,False,PARALLEL,True,none/single-group,False,,,,,False,True,False,False,False,0,False,,False,False
NCT03173040,2018.0,2016-2020,PHASE2;PHASE3,drug,2,100.0,OTHER,UNKNOWN,RANDOMIZED,True,QUADRUPLE,4.0,True,True,PARALLEL,True,placebo/sham,True,,,,,True,True,False,False,False,1,True,UNDECIDED,False,True
NCT01369745,2011.0,<=2015,PHASE2,drug,5,294.0,INDUSTRY,COMPLETED,RANDOMIZED,True,QUADRUPLE,4.0,True,True,PARALLEL,True,placebo/sham,True,258.0,198.0,0.2325581395348837,False,False,True,True,True,False,0,False,,False,True
NCT01962337,2013.0,<=2015,PHASE1,drug,3,66.0,INDUSTRY,TERMINATED,RANDOMIZED,True,QUADRUPLE,4.0,True,True,PARALLEL,True,none/single-group,False,,,,,False,True,True,False,False,0,False,,False,False
NCT00542789,2007.0,<=2015,PHASE3,drug,2,343.0,INDUSTRY,COMPLETED,RANDOMIZED,True,QUADRUPLE,4.0,True,True,PARALLEL,True,placebo/sham,True,343.0,224.0,0.34693877551020413,False,True,False,False,True,False,1,True,,False,False
NCT00036153,2002.0,<=2015,PHASE3,drug,0,210.0,INDUSTRY,COMPLETED,RANDOMIZED,True,DOUBLE,2.0,True,True,PARALLEL,True,none/single-group,False,,,,,True,True,False,False,False,0,False,,False,
NCT02759731,2016.0,2016-2020,PHASE1;PHASE2,drug,1,24.0,NIH,COMPLETED,NA,False,NONE,0.0,False,False,SEQUENTIAL,False,none/single-group,False,24.0,16.0,0.33333333333333337,False,False,True,False,True,False,0,False,YES,True,False
NCT04687930,2020.0,2016-2020,PHASE4,drug,2,104.0,OTHER,COMPLETED,RANDOMIZED,True,SINGLE,1.0,True,False,PARALLEL,True,active,True,,,,,True,True,False,False,False,1,True,,False,True
NCT05447520,2021.0,2021-2026,PHASE2,drug,2,92.0,OTHER,COMPLETED,RANDOMIZED,True,DOUBLE,2.0,True,True,PARALLEL,True,placebo/sham,True,,,,,False,False,False,False,False,0,False,,False,
NCT01984268,2014.0,<=2015,PHASE2,drug,2,15.0,OTHER,TERMINATED,RANDOMIZED,True,SINGLE,1.0,True,False,PARALLEL,False,none/single-group,False,15.0,0.0,1.0,False,False,True,False,True,False,0,False,,False,True
NCT06301373,2024.0,2021-2026,NA,drug,2,130.0,OTHER,RECRUITING,RANDOMIZED,True,NONE,0.0,False,False,PARALLEL,True,active,True,,,,,False,True,False,False,False,0,False,,False,
NCT00134693,2005.0,<=2015,PHASE2,drug,0,77.0,INDUSTRY,COMPLETED,RANDOMIZED,True,DOUBLE,2.0,True,True,PARALLEL,True,none/single-group,False,,,,,False,True,False,False,False,0,False,,False,True
NCT00236678,2004.0,<=2015,PHASE2,drug,0,29.0,INDUSTRY,TERMINATED,RANDOMIZED,True,DOUBLE,2.0,True,True,PARALLEL,False,none/single-group,False,,,,,False,True,False,False,False,0,False,,False,True
NCT01408602,2011.0,<=2015,PHASE2,drug,3,300.0,INDUSTRY,UNKNOWN,RANDOMIZED,True,QUADRUPLE,4.0,True,True,PARALLEL,True,placebo/sham,True,,,,,False,True,True,False,False,0,False,,False,False
NCT02760433,2017.0,2016-2020,PHASE3,drug,3,368.0,INDUSTRY,COMPLETED,RANDOMIZED,True,DOUBLE,2.0,True,True,PARALLEL,True,placebo/sham,True,368.0,318.0,0.13586956521739135,True,True,True,True,True,False,2,True,,False,True
NCT02800811,2015.0,<=2015,PHASE1,drug,13,64.0,INDUSTRY,COMPLETED,RANDOMIZED,True,TRIPLE,3.0,True,True,PARALLEL,True,placebo/sham,True,,,,,False,True,True,False,False,0,False,UNDECIDED,False,True
NCT04909255,2021.0,2021-2026,PHASE4,drug,2,50.0,OTHER,UNKNOWN,RANDOMIZED,True,NONE,0.0,False,False,PARALLEL,False,active,True,,,,,True,True,False,False,False,0,False,,False,
NCT02983227,2016.0,2016-2020,PHASE2,drug,2,496.0,INDUSTRY,COMPLETED,,False,NONE,0.0,False,False,PARALLEL,True,none/single-group,False,496.0,423.0,0.14717741935483875,True,False,True,False,True,False,0,False,,False,
NCT00346216,2006.0,<=2015,PHASE4,drug,3,24081.0,INDUSTRY,COMPLETED,RANDOMIZED,True,TRIPLE,3.0,True,True,PARALLEL,True,active,True,24081.0,16865.0,0.29965532992815913,False,True,True,True,True,False,9,True,,False,True
NCT05594680,2022.0,2021-2026,PHASE3,drug,2,70.0,OTHER,UNKNOWN,RANDOMIZED,True,TRIPLE,3.0,True,True,PARALLEL,False,placebo/sham,True,,,,,True,True,False,False,False,1,True,,False,
NCT00043732,,,PHASE2,drug,0,120.0,INDUSTRY,COMPLETED,RANDOMIZED,True,DOUBLE,2.0,True,True,PARALLEL,True,none/single-group,False,,,,,False,True,False,False,False,0,False,,False,
NCT00779220,2008.0,<=2015,PHASE2,drug,4,152.0,INDUSTRY,TERMINATED,RANDOMIZED,True,QUADRUPLE,4.0,True,True,PARALLEL,True,placebo/sham,True,,,,,False,True,True,False,False,1,True,,False,False
NCT01506661,2012.0,<=2015,PHASE1,drug,2,20.0,OTHER,COMPLETED,NON_RANDOMIZED,False,NONE,0.0,False,False,PARALLEL,False,active,True,,,,,False,False,False,False,False,0,False,NO,False,True
NCT07045896,2026.0,2021-2026,NA,drug,1,40.0,OTHER,RECRUITING,NA,False,NONE,0.0,False,False,SINGLE_GROUP,True,none/single-group,False,,,,,False,True,False,False,False,0,False,NO,False,False
NCT05849727,2023.0,2021-2026,PHASE2,drug,2,195.0,INDUSTRY,TERMINATED,RANDOMIZED,True,QUADRUPLE,4.0,True,True,PARALLEL,True,placebo/sham,True,,,,,False,True,False,False,False,0,False,,False,
NCT05092984,2022.0,2021-2026,PHASE3,drug,2,154.0,OTHER,RECRUITING,RANDOMIZED,True,DOUBLE,2.0,True,True,PARALLEL,True,placebo/sham,True,,,,,True,True,False,False,False,0,False,NO,False,False
NCT00195494,2004.0,<=2015,PHASE4,drug,4,542.0,INDUSTRY,COMPLETED,RANDOMIZED,True,TRIPLE,3.0,True,True,PARALLEL,True,active,True,542.0,410.0,0.24354243542435428,False,True,True,True,True,False,4,True,,False,False
NCT00109408,2005.0,<=2015,PHASE3,drug,2,673.0,INDUSTRY,COMPLETED,RANDOMIZED,True,DOUBLE,2.0,True,True,PARALLEL,True,active,True,,,,,True,True,False,False,False,5,True,,False,
NCT01394913,2013.0,<=2015,PHASE3,drug,2,0.0,INDUSTRY,WITHDRAWN,RANDOMIZED,True,TRIPLE,3.0,True,True,PARALLEL,False,active,True,,,,,True,True,False,False,False,0,False,,False,True
NCT06581562,2024.0,2021-2026,PHASE1,drug,4,30.0,OTHER,RECRUITING,NON_RANDOMIZED,False,NONE,0.0,False,False,SINGLE_GROUP,True,none/single-group,False,,,,,False,True,True,False,False,0,False,UNDECIDED,False,True
NCT01941940,2013.0,<=2015,PHASE3,drug,1,227.0,INDUSTRY,COMPLETED,NA,False,NONE,0.0,False,False,SINGLE_GROUP,True,none/single-group,False,227.0,194.0,0.14537444933920707,True,True,True,False,True,False,2,True,,False,
NCT05363891,2023.0,2021-2026,PHASE2,drug,3,243.0,INDUSTRY,COMPLETED,RANDOMIZED,True,QUADRUPLE,4.0,True,True,PARALLEL,True,placebo/sham,True,,,,,False,True,True,False,False,0,False,,False,False
NCT06213259,2024.0,2021-2026,PHASE1,drug,4,73.0,INDUSTRY,COMPLETED,RANDOMIZED,True,DOUBLE,2.0,True,True,PARALLEL,True,placebo/sham,True,,,,,False,True,True,False,False,0,False,,False,
NCT06946199,2025.0,2021-2026,PHASE1,drug,1,28.0,OTHER,RECRUITING,NA,False,NONE,0.0,False,False,SINGLE_GROUP,False,none/single-group,False,,,,,False,True,False,False,False,0,False,NO,False,True
NCT07041099,2025.0,2021-2026,PHASE1,drug,2,36.0,INDUSTRY,RECRUITING,NON_RANDOMIZED,False,NONE,0.0,False,False,SEQUENTIAL,True,none/single-group,False,,,,,False,True,False,False,False,0,False,,False,False
NCT06994143,2025.0,2021-2026,PHASE1,drug,2,37.0,INDUSTRY,RECRUITING,NON_RANDOMIZED,False,NONE,0.0,False,False,SEQUENTIAL,True,none/single-group,False,,,,,False,True,False,False,False,0,False,,False,False
NCT05792527,2023.0,2021-2026,PHASE3,drug,2,46.0,OTHER,UNKNOWN,RANDOMIZED,True,NONE,0.0,False,False,PARALLEL,False,active,True,,,,,True,True,False,False,False,0,False,,False,
NCT07290946,2025.0,2021-2026,PHASE2,drug,2,100.0,OTHER,NOT_YET_RECRUITING,RANDOMIZED,True,QUADRUPLE,4.0,True,True,PARALLEL,True,placebo/sham,True,,,,,False,True,False,False,False,0,False,NO,False,True
NCT01468077,2011.0,<=2015,PHASE2,drug,2,47.0,INDUSTRY,COMPLETED,RANDOMIZED,True,NONE,0.0,False,False,PARALLEL,False,none/single-group,False,47.0,40.0,0.14893617021276595,True,False,True,False,True,False,0,False,,False,
NCT05925647,2022.0,2021-2026,PHASE1;PHASE2,drug,2,15.0,OTHER,COMPLETED,RANDOMIZED,True,QUADRUPLE,4.0,True,True,PARALLEL,False,placebo/sham,True,,,,,False,True,False,False,True,0,False,NO,False,True
NCT02512575,2015.0,<=2015,PHASE1,drug,3,72.0,INDUSTRY,COMPLETED,RANDOMIZED,True,SINGLE,1.0,True,False,PARALLEL,True,placebo/sham,True,72.0,72.0,0.0,True,False,False,True,True,False,1,True,,False,False
NCT02965599,2016.0,2016-2020,PHASE2,drug,2,3.0,INDUSTRY,TERMINATED,RANDOMIZED,True,TRIPLE,3.0,True,True,PARALLEL,False,placebo/sham,True,3.0,2.0,0.33333333333333337,False,False,True,False,True,False,0,False,,False,False
NCT06883695,2025.0,2021-2026,PHASE1,drug,2,40.0,INDUSTRY,COMPLETED,RANDOMIZED,True,QUADRUPLE,4.0,True,True,PARALLEL,True,placebo/sham,True,,,,,False,True,False,False,False,0,False,UNDECIDED,False,
NCT02566967,2015.0,<=2015,PHASE3,drug,1,20.0,OTHER,COMPLETED,NA,False,NONE,0.0,False,False,SINGLE_GROUP,False,none/single-group,False,,,,,True,True,False,False,False,0,False,,False,False
NCT00700986,2008.0,<=2015,PHASE1,drug,2,12.0,INDUSTRY,COMPLETED,RANDOMIZED,True,DOUBLE,2.0,True,True,CROSSOVER,False,placebo/sham,True,,,,,False,False,False,False,False,0,False,,False,False
NCT01511003,2011.0,<=2015,PHASE4,drug,1,128.0,INDUSTRY,COMPLETED,NA,False,NONE,0.0,False,False,SINGLE_GROUP,True,none/single-group,False,,,,,True,True,False,False,False,0,False,,False,False
NCT02456844,2015.0,<=2015,PHASE1,drug,2,24.0,INDUSTRY,COMPLETED,NON_RANDOMIZED,False,NONE,0.0,False,False,CROSSOVER,False,none/single-group,False,,,,,False,False,False,False,False,0,False,,False,False
NCT06931041,2024.0,2021-2026,PHASE3,drug,2,25.0,OTHER,ACTIVE_NOT_RECRUITING,RANDOMIZED,True,SINGLE,1.0,True,False,PARALLEL,False,placebo/sham,True,,,,,True,True,False,False,False,0,False,UNDECIDED,False,True
NCT01709578,2012.0,<=2015,PHASE3,drug,3,546.0,INDUSTRY,COMPLETED,RANDOMIZED,True,QUADRUPLE,4.0,True,True,PARALLEL,True,placebo/sham,True,546.0,359.0,0.3424908424908425,False,True,True,True,True,True,9,True,,False,True
NCT00791921,2008.0,<=2015,PHASE3,drug,2,230.0,INDUSTRY,COMPLETED,RANDOMIZED,True,QUADRUPLE,4.0,True,True,PARALLEL,True,placebo/sham,True,230.0,100.0,0.5652173913043479,False,True,True,False,True,False,1,True,,False,False
NCT01001832,2009.0,<=2015,PHASE2;PHASE3,drug,2,118.0,INDUSTRY,COMPLETED,RANDOMIZED,True,QUADRUPLE,4.0,True,True,PARALLEL,True,active,True,118.0,113.0,0.0423728813559322,True,True,True,False,True,False,1,True,,False,False
NCT06003283,2024.0,2021-2026,PHASE4,drug,2,134.0,OTHER,RECRUITING,RANDOMIZED,True,NONE,0.0,False,False,PARALLEL,True,active,True,,,,,True,True,False,False,False,1,True,NO,False,False
NCT01988506,2014.0,<=2015,PHASE2,drug,1,81.0,OTHER,COMPLETED,NA,False,NONE,0.0,False,False,SINGLE_GROUP,True,none/single-group,False,,,,,False,True,False,False,False,1,True,NO,False,True
NCT01881308,2013.0,<=2015,PHASE4,drug,5,320.0,OTHER,COMPLETED,RANDOMIZED,True,NONE,0.0,False,False,PARALLEL,True,active,True,,,,,True,True,True,False,False,4,True,YES,True,False
NCT00042406,2002.0,<=2015,PHASE2;PHASE3,drug,3,83.0,INDUSTRY,TERMINATED,RANDOMIZED,True,QUADRUPLE,4.0,True,True,PARALLEL,False,placebo/sham,True,,,,,True,True,True,False,False,0,False,,False,True
NCT00344448,2006.0,<=2015,PHASE2,drug,2,10.0,NIH,TERMINATED,RANDOMIZED,True,DOUBLE,2.0,True,True,PARALLEL,False,placebo/sham,True,10.0,9.0,0.09999999999999998,True,False,True,False,True,False,0,False,,False,True
NCT03980483,2019.0,2016-2020,PHASE3,drug,6,1537.0,INDUSTRY,COMPLETED,RANDOMIZED,True,DOUBLE,2.0,True,True,PARALLEL,True,placebo/sham,True,1537.0,1305.0,0.15094339622641506,True,True,True,True,True,False,0,False,YES,True,True
NCT00511329,2007.0,<=2015,PHASE2;PHASE3,drug,1,10.0,OTHER,TERMINATED,NA,False,NONE,0.0,False,False,SINGLE_GROUP,False,none/single-group,False,0.0,0.0,,,True,True,False,True,False,0,False,,False,False
NCT00424294,2006.0,<=2015,PHASE2,drug,3,70.0,INDUSTRY,TERMINATED,RANDOMIZED,True,DOUBLE,2.0,True,True,PARALLEL,True,active,True,70.0,47.0,0.3285714285714286,False,False,True,True,True,False,0,False,,False,True
NCT01604343,2012.0,<=2015,PHASE3,drug,3,1670.0,INDUSTRY,COMPLETED,RANDOMIZED,True,DOUBLE,2.0,True,True,PARALLEL,True,none/single-group,False,1670.0,1409.0,0.15628742514970062,True,True,True,True,True,False,1,True,,False,True
NCT05133297,2022.0,2021-2026,PHASE2,drug,4,101.0,INDUSTRY,COMPLETED,RANDOMIZED,True,TRIPLE,3.0,True,True,PARALLEL,True,active,True,,,,,False,True,True,False,False,0,False,NO,False,
NCT02614716,2015.0,<=2015,PHASE1,drug,2,32.0,INDUSTRY,COMPLETED,RANDOMIZED,True,DOUBLE,2.0,True,True,PARALLEL,True,placebo/sham,True,,,,,False,False,False,False,False,0,False,,False,False
NCT06594822,2023.0,2021-2026,PHASE3,drug,2,88.0,OTHER,COMPLETED,RANDOMIZED,True,NONE,0.0,False,False,PARALLEL,False,active,True,,,,,True,True,False,False,False,0,False,NO,False,False
NCT07452445,2026.0,2021-2026,PHASE4,drug,1,100.0,OTHER,NOT_YET_RECRUITING,NA,False,NONE,0.0,False,False,SINGLE_GROUP,True,none/single-group,False,,,,,True,True,False,False,False,0,False,NO,False,False
NCT04170504,2019.0,2016-2020,PHASE2;PHASE3,drug,2,204.0,OTHER,COMPLETED,RANDOMIZED,True,QUADRUPLE,4.0,True,True,PARALLEL,True,placebo/sham,True,,,,,True,True,False,False,False,0,False,,False,
NCT00000435,1999.0,<=2015,PHASE2,drug,2,160.0,NIH,COMPLETED,RANDOMIZED,True,DOUBLE,2.0,True,True,PARALLEL,True,placebo/sham,True,,,,,False,True,False,False,False,1,True,,False,
NCT00847613,2009.0,<=2015,PHASE3,drug,4,800.0,INDUSTRY,COMPLETED,RANDOMIZED,True,QUADRUPLE,4.0,True,True,PARALLEL,True,placebo/sham,True,800.0,0.0,1.0,False,True,True,True,True,False,26,True,,False,True
NCT00370435,2005.0,<=2015,PHASE2,drug,0,6.0,INDUSTRY,COMPLETED,NON_RANDOMIZED,False,NONE,0.0,False,False,SINGLE_GROUP,False,none/single-group,False,,,,,False,True,False,False,False,0,False,,False,
NCT00246064,2001.0,<=2015,PHASE4,drug,0,210.0,INDUSTRY,COMPLETED,NON_RANDOMIZED,False,NONE,0.0,False,False,SINGLE_GROUP,True,none/single-group,False,,,,,True,True,False,False,True,0,False,,False,
NCT00106548,,,PHASE3,drug,3,623.0,INDUSTRY,COMPLETED,RANDOMIZED,True,DOUBLE,2.0,True,True,PARALLEL,True,placebo/sham,True,,,,,True,True,True,False,False,4,True,,False,
NCT04177173,2017.0,2016-2020,PHASE4,drug,2,100.0,OTHER,COMPLETED,RANDOMIZED,True,NONE,0.0,False,False,PARALLEL,True,active,True,,,,,True,True,False,False,True,0,False,NO,False,True
NCT00896168,2007.0,<=2015,PHASE4,drug,2,234.0,INDUSTRY,COMPLETED,NON_RANDOMIZED,False,NONE,0.0,False,False,PARALLEL,True,none/single-group,False,234.0,201.0,0.14102564102564108,True,True,True,False,True,False,0,False,,False,False
NCT03535402,2018.0,2016-2020,PHASE3,drug,1,20.0,INDIV,UNKNOWN,NA,False,NONE,0.0,False,False,SINGLE_GROUP,False,none/single-group,False,,,,,True,True,False,False,False,0,False,NO,False,False
NCT03355872,2016.0,2016-2020,PHASE1;PHASE2,drug,2,194.0,INDUSTRY,COMPLETED,RANDOMIZED,True,DOUBLE,2.0,True,True,PARALLEL,True,active,True,,,,,False,True,False,False,False,0,False,NO,False,
NCT07151157,2025.0,2021-2026,NA,drug,1,3.0,OTHER,ACTIVE_NOT_RECRUITING,NA,False,NONE,0.0,False,False,SINGLE_GROUP,False,none/single-group,False,,,,,False,True,False,False,False,0,False,NO,False,False
NCT02150070,2011.0,<=2015,PHASE1,drug,6,32.0,INDUSTRY,COMPLETED,RANDOMIZED,True,DOUBLE,2.0,True,True,PARALLEL,True,placebo/sham,True,,,,,False,False,True,False,False,0,False,,False,False
NCT01711359,2012.0,<=2015,PHASE3,drug,3,588.0,INDUSTRY,COMPLETED,RANDOMIZED,True,QUADRUPLE,4.0,True,True,PARALLEL,True,active,True,588.0,470.0,0.20068027210884354,False,True,True,True,True,False,10,True,YES,True,True
NCT01909427,2013.0,<=2015,PHASE2,drug,5,257.0,INDUSTRY,COMPLETED,RANDOMIZED,True,TRIPLE,3.0,True,True,PARALLEL,True,placebo/sham,True,,,,,False,True,True,False,False,0,False,,False,True
NCT02147587,2014.0,<=2015,PHASE2,drug,2,112.0,INDUSTRY,COMPLETED,RANDOMIZED,True,DOUBLE,2.0,True,True,PARALLEL,True,placebo/sham,True,112.0,96.0,0.1428571428571429,True,False,True,False,True,False,9,True,,False,True
NCT01390441,2011.0,<=2015,PHASE1,drug,5,100.0,INDUSTRY,TERMINATED,RANDOMIZED,True,QUADRUPLE,4.0,True,True,PARALLEL,True,active,True,100.0,64.0,0.36,False,False,True,True,True,False,0,False,,False,False
NCT04130178,2019.0,2016-2020,NA,drug,2,48.0,OTHER,COMPLETED,RANDOMIZED,True,DOUBLE,2.0,True,True,SINGLE_GROUP,True,placebo/sham,True,,,,,False,True,False,False,False,0,False,,False,False
NCT03667131,2017.0,2016-2020,PHASE2,drug,2,59.0,OTHER,COMPLETED,RANDOMIZED,True,QUADRUPLE,4.0,True,True,PARALLEL,True,none/single-group,False,,,,,False,False,False,False,False,1,True,YES,True,True
NCT05973370,2023.0,2021-2026,PHASE2,drug,2,60.0,OTHER,COMPLETED,RANDOMIZED,True,DOUBLE,2.0,True,True,PARALLEL,True,placebo/sham,True,,,,,False,True,False,False,False,0,False,,False,
NCT00532012,2007.0,<=2015,PHASE1,drug,0,10.0,INDUSTRY,COMPLETED,RANDOMIZED,True,NONE,0.0,False,False,CROSSOVER,False,none/single-group,False,,,,,False,False,False,False,False,0,False,,False,False
NCT06998628,2025.0,2021-2026,PHASE2,drug,2,50.0,OTHER,RECRUITING,RANDOMIZED,True,DOUBLE,2.0,True,True,PARALLEL,True,active,True,,,,,False,True,False,False,False,0,False,NO,False,False
NCT02683564,2016.0,2016-2020,PHASE3,drug,2,548.0,INDUSTRY,UNKNOWN,RANDOMIZED,True,QUADRUPLE,4.0,True,True,PARALLEL,True,active,True,,,,,True,True,False,False,False,0,False,,False,False
NCT01404429,2011.0,<=2015,PHASE4,drug,2,100.0,OTHER,COMPLETED,RANDOMIZED,True,SINGLE,1.0,True,False,PARALLEL,True,active,True,100.0,84.0,0.16000000000000003,True,True,True,False,True,False,1,True,,False,False
NCT01565408,2012.0,<=2015,PHASE1,drug,2,32.0,INDUSTRY,COMPLETED,RANDOMIZED,True,DOUBLE,2.0,True,True,PARALLEL,True,placebo/sham,True,,,,,False,True,False,False,True,0,False,,False,False
NCT04222920,2020.0,2016-2020,PHASE4,drug,2,78.0,OTHER,COMPLETED,RANDOMIZED,True,SINGLE,1.0,True,False,PARALLEL,False,active,True,,,,,True,True,False,False,False,0,False,YES,True,True
NCT00244556,2003.0,<=2015,PHASE4,drug,0,300.0,INDUSTRY,COMPLETED,RANDOMIZED,True,DOUBLE,2.0,True,True,PARALLEL,True,none/single-group,False,,,,,True,True,False,False,False,0,False,,False,
NCT02780323,2015.0,<=2015,PHASE4,drug,2,119.0,INDUSTRY,COMPLETED,RANDOMIZED,True,DOUBLE,2.0,True,True,PARALLEL,True,active,True,,,,,True,True,False,False,False,0,False,NO,False,False
NCT01010503,2009.0,<=2015,PHASE4,drug,1,32.0,INDUSTRY,COMPLETED,NA,False,NONE,0.0,False,False,SINGLE_GROUP,False,none/single-group,False,32.0,30.0,0.0625,True,True,True,False,True,False,0,False,,False,
NCT00989235,2007.0,<=2015,PHASE3,drug,2,108.0,INDUSTRY,COMPLETED,RANDOMIZED,True,DOUBLE,2.0,True,True,PARALLEL,True,active,True,108.0,99.0,0.08333333333333337,True,True,True,False,True,False,1,True,,False,False
NCT06277635,2024.0,2021-2026,NA,drug,2,72.0,OTHER,UNKNOWN,RANDOMIZED,True,DOUBLE,2.0,True,True,PARALLEL,True,placebo/sham,True,,,,,False,True,False,False,False,0,False,YES,True,False
NCT01855789,2013.0,<=2015,PHASE3,drug,3,718.0,INDUSTRY,COMPLETED,RANDOMIZED,True,DOUBLE,2.0,True,True,PARALLEL,True,active,True,718.0,602.0,0.1615598885793872,True,True,True,True,True,False,1,True,,False,
NCT00170872,2004.0,<=2015,PHASE3,drug,0,135.0,INDUSTRY,COMPLETED,NON_RANDOMIZED,False,NONE,0.0,False,False,SINGLE_GROUP,True,none/single-group,False,,,,,True,True,False,False,False,0,False,,False,
NCT00209859,1998.0,<=2015,PHASE4,drug,0,160.0,OTHER,COMPLETED,RANDOMIZED,True,DOUBLE,2.0,True,True,PARALLEL,True,none/single-group,False,,,,,True,True,False,False,False,6,True,,False,
NCT02680067,2015.0,<=2015,PHASE1,both,2,23.0,OTHER,COMPLETED,NON_RANDOMIZED,False,NONE,0.0,False,False,SINGLE_GROUP,False,none/single-group,False,,,,,False,False,False,False,False,1,True,YES,True,False
NCT03326999,2017.0,2016-2020,PHASE4,drug,2,60.0,OTHER,COMPLETED,RANDOMIZED,True,QUADRUPLE,4.0,True,True,PARALLEL,False,placebo/sham,True,60.0,60.0,0.0,True,True,True,False,True,False,0,False,NO,False,False
NCT00597818,2007.0,<=2015,PHASE2,drug,4,121.0,INDUSTRY,COMPLETED,RANDOMIZED,True,QUADRUPLE,4.0,True,True,PARALLEL,True,placebo/sham,True,121.0,58.0,0.5206611570247934,False,False,True,True,True,False,0,False,NO,False,False
NCT00162266,2000.0,<=2015,PHASE2,drug,4,524.0,INDUSTRY,COMPLETED,RANDOMIZED,True,QUADRUPLE,4.0,True,True,PARALLEL,True,none/single-group,False,339.0,235.0,0.30678466076696165,False,False,True,True,True,False,1,True,,False,
NCT01597739,2012.0,<=2015,PHASE2,drug,2,96.0,INDUSTRY,COMPLETED,RANDOMIZED,True,DOUBLE,2.0,True,True,PARALLEL,True,placebo/sham,True,,,,,False,True,False,False,False,1,True,,False,True
NCT02115750,2014.0,<=2015,PHASE3,drug,2,647.0,INDUSTRY,COMPLETED,RANDOMIZED,True,QUADRUPLE,4.0,True,True,PARALLEL,True,active,True,647.0,613.0,0.05255023183925811,True,True,True,False,True,False,0,False,,False,True
NCT00976599,2009.0,<=2015,PHASE2,drug,2,29.0,INDUSTRY,COMPLETED,RANDOMIZED,True,QUADRUPLE,4.0,True,True,PARALLEL,False,placebo/sham,True,29.0,29.0,0.0,True,False,False,False,True,False,12,True,,False,False
NCT01999192,2013.0,<=2015,PHASE2,drug,4,321.0,INDUSTRY,TERMINATED,RANDOMIZED,True,QUADRUPLE,4.0,True,True,PARALLEL,True,placebo/sham,True,321.0,284.0,0.11526479750778817,True,False,True,True,True,False,1,True,NO,False,True
NCT02132234,2013.0,<=2015,PHASE4,drug,2,100.0,OTHER,UNKNOWN,RANDOMIZED,True,TRIPLE,3.0,True,True,CROSSOVER,True,placebo/sham,True,,,,,True,True,False,False,False,0,False,,False,
NCT00147966,2008.0,<=2015,PHASE2,drug,1,24.0,OTHER,COMPLETED,NON_RANDOMIZED,False,NONE,0.0,False,False,SINGLE_GROUP,False,none/single-group,False,24.0,24.0,0.0,True,False,False,False,True,False,1,True,,False,False
NCT00037700,2001.0,<=2015,PHASE2,drug,0,,INDUSTRY,COMPLETED,RANDOMIZED,True,DOUBLE,2.0,True,True,PARALLEL,,none/single-group,False,,,,,False,True,False,False,False,0,False,,False,
NCT03736044,2013.0,<=2015,NA,drug,2,48.0,OTHER,COMPLETED,NON_RANDOMIZED,False,NONE,0.0,False,False,PARALLEL,True,no-intervention,True,,,,,False,False,False,False,False,0,False,NO,False,True
NCT00543465,2004.0,<=2015,PHASE2,drug,0,49.0,INDUSTRY,TERMINATED,RANDOMIZED,True,DOUBLE,2.0,True,True,PARALLEL,False,none/single-group,False,,,,,False,True,False,False,False,0,False,,False,
NCT02865434,2017.0,2016-2020,PHASE1;PHASE2,both,11,39.0,INDUSTRY,COMPLETED,NON_RANDOMIZED,False,NONE,0.0,False,False,PARALLEL,False,none/single-group,False,39.0,39.0,0.0,True,False,False,True,True,False,0,False,NO,False,False
NCT01927757,2013.0,<=2015,PHASE4,drug,1,90.0,INDUSTRY,TERMINATED,NA,False,NONE,0.0,False,False,SINGLE_GROUP,False,none/single-group,False,90.0,67.0,0.25555555555555554,False,True,True,False,True,False,0,False,,False,False
NCT04421313,2020.0,2016-2020,NA,drug,2,87.0,OTHER,UNKNOWN,RANDOMIZED,True,DOUBLE,2.0,True,True,PARALLEL,True,placebo/sham,True,,,,,False,True,False,False,False,0,False,,False,False
NCT07607964,2026.0,2021-2026,PHASE1,drug,5,30.0,INDUSTRY,RECRUITING,NON_RANDOMIZED,False,NONE,0.0,False,False,SEQUENTIAL,True,none/single-group,False,,,,,False,False,True,False,False,0,False,NO,False,False
NCT00049751,2002.0,<=2015,PHASE3,drug,0,3000.0,INDUSTRY,COMPLETED,NON_RANDOMIZED,False,NONE,0.0,False,False,SINGLE_GROUP,True,none/single-group,False,,,,,True,True,False,False,False,1,True,,False,
NCT00554853,2007.0,<=2015,PHASE3,drug,2,143.0,OTHER,COMPLETED,RANDOMIZED,True,TRIPLE,3.0,True,True,CROSSOVER,True,none/single-group,False,143.0,120.0,0.16083916083916083,True,True,True,False,True,False,1,True,,False,False
NCT07212322,2026.0,2021-2026,NA,drug,1,24.0,OTHER,NOT_YET_RECRUITING,NA,False,NONE,0.0,False,False,SINGLE_GROUP,False,none/single-group,False,,,,,False,True,False,False,False,0,False,NO,False,
NCT03546335,2018.0,2016-2020,PHASE1,drug,4,10.0,OTHER,SUSPENDED,NON_RANDOMIZED,False,NONE,0.0,False,False,PARALLEL,False,none/single-group,False,,,,,False,False,True,False,False,0,False,NO,False,True
NCT01398475,2011.0,<=2015,PHASE1,drug,4,15.0,INDUSTRY,COMPLETED,RANDOMIZED,True,NONE,0.0,False,False,CROSSOVER,False,none/single-group,False,15.0,15.0,0.0,True,False,True,True,True,False,0,False,,False,False
NCT01285310,2010.0,<=2015,PHASE2,drug,3,237.0,INDUSTRY,TERMINATED,RANDOMIZED,True,QUADRUPLE,4.0,True,True,PARALLEL,True,placebo/sham,True,237.0,198.0,0.16455696202531644,True,False,True,True,True,False,1,True,,False,True
NCT00913458,2009.0,<=2015,PHASE4,drug,1,306.0,INDUSTRY,COMPLETED,RANDOMIZED,True,QUADRUPLE,4.0,True,True,PARALLEL,True,none/single-group,False,306.0,194.0,0.36601307189542487,False,True,True,False,True,False,6,True,,False,False
NCT05946941,2023.0,2021-2026,PHASE3,drug,3,774.0,INDUSTRY,ACTIVE_NOT_RECRUITING,RANDOMIZED,True,QUADRUPLE,4.0,True,True,PARALLEL,True,placebo/sham,True,,,,,True,True,True,False,False,0,False,YES,True,True
NCT05251870,2021.0,2021-2026,PHASE1;PHASE2,drug,4,18.0,OTHER,UNKNOWN,NON_RANDOMIZED,False,NONE,0.0,False,False,SEQUENTIAL,False,none/single-group,False,,,,,False,True,True,False,False,1,True,UNDECIDED,False,True
NCT00854685,2009.0,<=2015,PHASE2,drug,6,27.0,INDUSTRY,COMPLETED,RANDOMIZED,True,DOUBLE,2.0,True,True,FACTORIAL,False,placebo/sham,True,,,,,False,True,True,False,False,0,False,,False,True
NCT00746512,2008.0,<=2015,PHASE1,drug,4,45.0,INDUSTRY,COMPLETED,RANDOMIZED,True,DOUBLE,2.0,True,True,PARALLEL,True,placebo/sham,True,45.0,45.0,0.0,True,False,True,True,True,True,0,False,,False,
NCT02629159,2015.0,<=2015,PHASE3,drug,3,1629.0,INDUSTRY,ACTIVE_NOT_RECRUITING,RANDOMIZED,True,QUADRUPLE,4.0,True,True,PARALLEL,True,placebo/sham,True,1629.0,1483.0,0.08962553713934929,True,True,True,True,True,False,21,True,YES,True,True
NCT04115020,2020.0,2016-2020,PHASE2,drug,2,0.0,OTHER,WITHDRAWN,RANDOMIZED,True,QUADRUPLE,4.0,True,True,CROSSOVER,False,none/single-group,False,,,,,False,True,False,False,False,0,False,YES,True,False
NCT00760968,2007.0,<=2015,PHASE2,drug,2,224.0,INDUSTRY,COMPLETED,RANDOMIZED,True,QUADRUPLE,4.0,True,True,PARALLEL,True,active,True,,,,,False,True,False,False,False,0,False,,False,False
NCT00396747,2003.0,<=2015,PHASE4,drug,3,45.0,OTHER,COMPLETED,RANDOMIZED,True,SINGLE,1.0,True,False,PARALLEL,False,active,True,,,,,True,True,True,False,False,1,True,,False,True
NCT00132418,2000.0,<=2015,PHASE4,drug,2,564.0,INDUSTRY,COMPLETED,RANDOMIZED,True,DOUBLE,2.0,True,True,PARALLEL,True,placebo/sham,True,,,,,True,True,False,False,True,0,False,,False,
NCT07160231,2025.0,2021-2026,PHASE4,drug,4,200.0,OTHER,RECRUITING,RANDOMIZED,True,NONE,0.0,False,False,PARALLEL,True,active,True,,,,,True,True,True,False,False,0,False,NO,False,True
NCT01451203,2011.0,<=2015,PHASE3,drug,2,319.0,INDUSTRY,COMPLETED,RANDOMIZED,True,QUADRUPLE,4.0,True,True,PARALLEL,True,placebo/sham,True,319.0,184.0,0.4231974921630094,False,True,True,False,True,False,2,True,YES,True,False
NCT00216177,2005.0,<=2015,PHASE4,drug,0,112.0,OTHER,UNKNOWN,RANDOMIZED,True,NONE,0.0,False,False,PARALLEL,True,none/single-group,False,,,,,True,True,False,False,False,0,False,,False,True
NCT02387762,2015.0,<=2015,PHASE2,drug,2,31.0,INDUSTRY,COMPLETED,RANDOMIZED,True,QUADRUPLE,4.0,True,True,PARALLEL,False,placebo/sham,True,31.0,30.0,0.032258064516129004,True,False,True,False,True,False,0,False,,False,True
NCT01184092,2010.0,<=2015,PHASE1,drug,6,24.0,INDUSTRY,COMPLETED,RANDOMIZED,True,NONE,0.0,False,False,CROSSOVER,False,none/single-group,False,,,,,False,False,True,False,False,0,False,,False,False
NCT01000610,2008.0,<=2015,PHASE4,drug,1,18.0,INDUSTRY,COMPLETED,NA,False,NONE,0.0,False,False,SINGLE_GROUP,False,none/single-group,False,18.0,12.0,0.33333333333333337,False,True,True,False,True,False,0,False,,False,
NCT04464642,2019.0,2016-2020,PHASE4,drug,2,110.0,OTHER,UNKNOWN,RANDOMIZED,True,NONE,0.0,False,False,PARALLEL,True,none/single-group,False,,,,,True,True,False,False,False,1,True,NO,False,True
NCT01741493,2012.0,<=2015,PHASE1,drug,4,67.0,INDUSTRY,COMPLETED,RANDOMIZED,True,TRIPLE,3.0,True,True,SINGLE_GROUP,True,placebo/sham,True,,,,,False,False,True,False,True,1,True,,False,False
NCT02296424,2014.0,<=2015,PHASE3,drug,2,182.0,INDUSTRY,COMPLETED,NON_RANDOMIZED,False,NONE,0.0,False,False,PARALLEL,True,none/single-group,False,182.0,126.0,0.3076923076923077,False,True,True,False,True,False,1,True,UNDECIDED,False,True
NCT01166555,2010.0,<=2015,PHASE1,drug,1,10.0,INDUSTRY,COMPLETED,NON_RANDOMIZED,False,NONE,0.0,False,False,SINGLE_GROUP,False,none/single-group,False,,,,,False,False,False,False,False,1,True,,False,False
NCT02706951,2016.0,2016-2020,PHASE3,drug,4,648.0,INDUSTRY,COMPLETED,RANDOMIZED,True,QUADRUPLE,4.0,True,True,PARALLEL,True,none/single-group,False,648.0,609.0,0.06018518518518523,True,True,True,True,True,False,14,True,YES,True,True
NCT00721123,2005.0,<=2015,PHASE3,drug,1,538.0,INDUSTRY,COMPLETED,NA,False,NONE,0.0,False,False,SINGLE_GROUP,True,none/single-group,False,538.0,355.0,0.3401486988847584,False,True,True,False,True,False,0,False,,False,
NCT02840175,2017.0,2016-2020,PHASE3,drug,2,62.0,OTHER,COMPLETED,RANDOMIZED,True,NONE,0.0,False,False,FACTORIAL,False,active,True,,,,,True,True,False,False,False,0,False,NO,False,False
NCT02944799,2015.0,<=2015,PHASE2,drug,2,69.0,OTHER,COMPLETED,RANDOMIZED,True,QUADRUPLE,4.0,True,True,PARALLEL,True,placebo/sham,True,,,,,False,True,False,False,False,0,False,UNDECIDED,False,True
NCT00317538,2003.0,<=2015,PHASE3,drug,0,28.0,INDUSTRY,COMPLETED,RANDOMIZED,True,NONE,0.0,False,False,CROSSOVER,False,none/single-group,False,,,,,True,True,False,False,False,0,False,,False,
NCT02495129,2015.0,<=2015,PHASE1;PHASE2,drug,2,0.0,INDUSTRY,WITHDRAWN,RANDOMIZED,True,TRIPLE,3.0,True,True,PARALLEL,False,none/single-group,False,,,,,False,True,False,False,False,0,False,,False,
NCT06544642,2024.0,2021-2026,PHASE1,drug,4,116.0,INDUSTRY,TERMINATED,RANDOMIZED,True,DOUBLE,2.0,True,True,SEQUENTIAL,True,none/single-group,False,,,,,False,False,True,False,False,0,False,NO,False,False
NCT01601028,2011.0,<=2015,PHASE3,drug,2,39.0,OTHER,COMPLETED,RANDOMIZED,True,QUADRUPLE,4.0,True,True,PARALLEL,False,placebo/sham,True,,,,,True,True,False,False,False,1,True,,False,True
NCT01793519,2013.0,<=2015,PHASE4,drug,2,290.0,OTHER,UNKNOWN,RANDOMIZED,True,QUADRUPLE,4.0,True,True,PARALLEL,True,placebo/sham,True,,,,,True,True,False,False,False,1,True,UNDECIDED,False,True
NCT00430495,2006.0,<=2015,PHASE2,drug,4,256.0,INDUSTRY,COMPLETED,RANDOMIZED,True,QUADRUPLE,4.0,True,True,PARALLEL,True,placebo/sham,True,256.0,218.0,0.1484375,True,False,True,True,True,False,1,True,,False,False
NCT02960438,2016.0,2016-2020,PHASE2,drug,4,273.0,INDUSTRY,COMPLETED,RANDOMIZED,True,TRIPLE,3.0,True,True,PARALLEL,True,placebo/sham,True,194.0,169.0,0.12886597938144329,True,False,True,True,True,False,1,True,,False,
NCT05942911,2023.0,2021-2026,PHASE2,drug,4,20.0,INDUSTRY,TERMINATED,RANDOMIZED,True,DOUBLE,2.0,True,True,PARALLEL,False,placebo/sham,True,,,,,False,True,True,False,False,0,False,,False,
NCT02137226,2015.0,<=2015,PHASE3,drug,2,645.0,INDUSTRY,COMPLETED,RANDOMIZED,True,DOUBLE,2.0,True,True,PARALLEL,True,active,True,645.0,609.0,0.05581395348837215,True,True,True,False,True,False,6,True,,False,
NCT00979771,2010.0,<=2015,PHASE2,drug,2,0.0,INDUSTRY,WITHDRAWN,RANDOMIZED,True,TRIPLE,3.0,True,True,PARALLEL,False,placebo/sham,True,,,,,False,True,False,False,False,0,False,,False,False
NCT05380934,2022.0,2021-2026,PHASE1,drug,8,63.0,INDUSTRY,COMPLETED,RANDOMIZED,True,QUADRUPLE,4.0,True,True,PARALLEL,True,placebo/sham,True,,,,,False,True,True,False,False,0,False,,False,
NCT03755258,2017.0,2016-2020,PHASE1,drug,4,128.0,INDUSTRY,UNKNOWN,RANDOMIZED,True,QUADRUPLE,4.0,True,True,PARALLEL,True,placebo/sham,True,,,,,False,True,True,False,False,0,False,,False,False
NCT03232580,2017.0,2016-2020,PHASE2,drug,1,5.0,INDUSTRY,TERMINATED,NA,False,NONE,0.0,False,False,SINGLE_GROUP,False,none/single-group,False,5.0,5.0,0.0,True,False,False,False,True,False,0,False,YES,True,True
NCT02792699,2016.0,2016-2020,PHASE3,drug,3,311.0,INDUSTRY,COMPLETED,RANDOMIZED,True,QUADRUPLE,4.0,True,True,PARALLEL,True,active,True,311.0,282.0,0.09324758842443726,True,True,True,True,True,False,1,True,YES,True,True
NCT05305066,2023.0,2021-2026,NA,drug,4,75.0,OTHER,RECRUITING,RANDOMIZED,True,NONE,0.0,False,False,PARALLEL,True,active,True,,,,,False,False,True,False,False,0,False,YES,True,False
NCT03905525,2019.0,2016-2020,PHASE2,drug,8,273.0,INDUSTRY,COMPLETED,RANDOMIZED,True,QUADRUPLE,4.0,True,True,PARALLEL,True,placebo/sham,True,273.0,255.0,0.06593406593406592,True,False,True,True,True,False,1,True,YES,True,True
NCT00422383,2006.0,<=2015,PHASE3,drug,3,378.0,INDUSTRY,COMPLETED,RANDOMIZED,True,DOUBLE,2.0,True,True,PARALLEL,True,none/single-group,False,378.0,340.0,0.10052910052910058,True,True,True,True,True,False,1,True,,False,
NCT03505008,2018.0,2016-2020,PHASE4,drug,3,300.0,OTHER,COMPLETED,RANDOMIZED,True,NONE,0.0,False,False,PARALLEL,True,none/single-group,False,291.0,239.0,0.1786941580756014,True,True,True,True,True,False,2,True,,False,True
NCT00280644,2004.0,<=2015,PHASE4,drug,0,60.0,INDUSTRY,COMPLETED,NON_RANDOMIZED,False,NONE,0.0,False,False,SINGLE_GROUP,False,none/single-group,False,,,,,True,True,False,False,False,0,False,,False,False
NCT02342977,2014.0,<=2015,PHASE2,drug,2,0.0,OTHER,WITHDRAWN,RANDOMIZED,True,TRIPLE,3.0,True,True,SINGLE_GROUP,False,placebo/sham,True,,,,,False,True,False,False,False,0,False,,False,True
NCT05437419,2022.0,2021-2026,PHASE1,drug,4,32.0,INDUSTRY,COMPLETED,RANDOMIZED,True,QUADRUPLE,4.0,True,True,SEQUENTIAL,True,none/single-group,False,32.0,32.0,0.0,True,False,True,True,True,False,1,True,YES,True,False
NCT03227419,2018.0,2016-2020,PHASE4,drug,2,224.0,OTHER,UNKNOWN,RANDOMIZED,True,NONE,0.0,False,False,PARALLEL,True,none/single-group,False,,,,,True,True,False,False,False,1,True,NO,False,False
NCT01636817,2012.0,<=2015,PHASE2,drug,4,239.0,INDUSTRY,TERMINATED,RANDOMIZED,True,DOUBLE,2.0,True,True,PARALLEL,True,placebo/sham,True,,,,,False,True,True,False,False,0,False,,False,False
NCT02001987,2014.0,<=2015,PHASE3,drug,1,139.0,INDUSTRY,COMPLETED,NA,False,NONE,0.0,False,False,SINGLE_GROUP,True,none/single-group,False,139.0,116.0,0.16546762589928055,True,True,True,False,True,False,2,True,,False,
NCT04269993,2022.0,2021-2026,PHASE2,drug,2,3.0,OTHER,TERMINATED,RANDOMIZED,True,DOUBLE,2.0,True,True,CROSSOVER,False,none/single-group,False,3.0,3.0,0.0,True,False,False,False,True,False,0,False,NO,False,False
NCT05172817,2021.0,2021-2026,PHASE2;PHASE3,drug,2,200.0,OTHER,UNKNOWN,RANDOMIZED,True,QUADRUPLE,4.0,True,True,PARALLEL,True,active,True,,,,,True,True,False,False,False,0,False,NO,False,True
NCT00439062,2006.0,<=2015,PHASE4,drug,0,100.0,OTHER,COMPLETED,RANDOMIZED,True,DOUBLE,2.0,True,True,PARALLEL,True,none/single-group,False,,,,,True,True,False,False,False,1,True,,False,
NCT01225991,2010.0,<=2015,PHASE4,drug,1,18.0,OTHER,COMPLETED,NA,False,NONE,0.0,False,False,SINGLE_GROUP,False,none/single-group,False,18.0,12.0,0.33333333333333337,False,True,True,False,True,False,0,False,,False,True
NCT00292422,2005.0,<=2015,PHASE2,drug,0,50.0,INDUSTRY,COMPLETED,RANDOMIZED,True,QUADRUPLE,4.0,True,True,,True,none/single-group,False,,,,,False,True,False,False,False,0,False,,False,
NCT04361513,2020.0,2016-2020,PHASE4,drug,2,64.0,OTHER,COMPLETED,RANDOMIZED,True,SINGLE,1.0,True,False,PARALLEL,False,active,True,,,,,True,True,False,False,False,0,False,,False,False
NCT03896594,2018.0,2016-2020,PHASE1,drug,3,36.0,INDUSTRY,UNKNOWN,RANDOMIZED,True,QUADRUPLE,4.0,True,True,SEQUENTIAL,True,none/single-group,False,,,,,False,False,True,False,False,0,False,,False,True
NCT00392951,2006.0,<=2015,PHASE1;PHASE2,drug,1,30.0,OTHER,COMPLETED,NA,False,NONE,0.0,False,False,SINGLE_GROUP,False,none/single-group,False,30.0,30.0,0.0,True,False,True,False,True,True,0,False,,False,False
NCT00687193,2009.0,<=2015,PHASE2,drug,6,318.0,INDUSTRY,COMPLETED,RANDOMIZED,True,QUADRUPLE,4.0,True,True,PARALLEL,True,placebo/sham,True,317.0,299.0,0.056782334384858024,True,False,True,True,True,False,15,True,,False,True
NCT00279734,2004.0,<=2015,PHASE1,drug,4,80.0,INDUSTRY,COMPLETED,RANDOMIZED,True,NONE,0.0,False,False,PARALLEL,True,active,True,,,,,False,True,True,False,False,1,True,,False,
NCT00144547,2004.0,<=2015,PHASE3,drug,1,241.0,INDUSTRY,COMPLETED,NON_RANDOMIZED,False,NONE,0.0,False,False,SINGLE_GROUP,True,none/single-group,False,,,,,True,True,False,False,False,0,False,,False,False
NCT07227428,2025.0,2021-2026,PHASE4,drug,3,206.0,OTHER,NOT_YET_RECRUITING,RANDOMIZED,True,SINGLE,1.0,True,False,PARALLEL,True,placebo/sham,True,,,,,True,True,True,False,False,0,False,UNDECIDED,False,False
NCT00048568,2002.0,<=2015,PHASE3,drug,3,1250.0,INDUSTRY,COMPLETED,RANDOMIZED,True,DOUBLE,2.0,True,True,PARALLEL,True,active,True,652.0,575.0,0.11809815950920244,True,True,True,True,True,True,2,True,,False,
NCT02795299,2018.0,2016-2020,PHASE2,drug,4,0.0,INDUSTRY,WITHDRAWN,RANDOMIZED,True,TRIPLE,3.0,True,True,PARALLEL,False,placebo/sham,True,,,,,False,True,True,False,True,0,False,,False,True
NCT01664598,2012.0,<=2015,PHASE3,drug,1,49.0,INDUSTRY,COMPLETED,NA,False,NONE,0.0,False,False,SINGLE_GROUP,False,none/single-group,False,49.0,43.0,0.12244897959183676,True,True,True,False,True,False,0,False,,False,
NCT00506896,2004.0,<=2015,PHASE2,drug,1,60.0,OTHER,COMPLETED,RANDOMIZED,True,DOUBLE,2.0,True,True,PARALLEL,True,active,True,,,,,False,True,False,False,False,0,False,,False,True
NCT04120831,2019.0,2016-2020,PHASE2,drug,2,20.0,OTHER,UNKNOWN,RANDOMIZED,True,SINGLE,1.0,True,False,PARALLEL,False,active,True,,,,,False,True,False,False,False,0,False,NO,False,True
NCT00074438,2003.0,<=2015,PHASE2,drug,9,465.0,INDUSTRY,COMPLETED,RANDOMIZED,True,DOUBLE,2.0,True,True,PARALLEL,True,placebo/sham,True,,,,,False,True,True,False,False,1,True,,False,
NCT00111423,2002.0,<=2015,PHASE2,drug,0,216.0,INDUSTRY,COMPLETED,RANDOMIZED,True,DOUBLE,2.0,True,True,PARALLEL,True,none/single-group,False,,,,,False,True,False,False,False,0,False,,False,
NCT01770106,2012.0,<=2015,PHASE4,drug,2,40.0,OTHER,COMPLETED,RANDOMIZED,True,NONE,0.0,False,False,PARALLEL,False,active,True,,,,,True,True,False,False,False,1,True,,False,True
NCT06410833,2024.0,2021-2026,PHASE4,drug,1,15.0,OTHER,RECRUITING,NA,False,NONE,0.0,False,False,SEQUENTIAL,False,none/single-group,False,,,,,True,True,False,False,False,0,False,,False,
NCT01651936,2012.0,<=2015,PHASE2,drug,3,56.0,INDUSTRY,TERMINATED,RANDOMIZED,True,DOUBLE,2.0,True,True,PARALLEL,True,placebo/sham,True,56.0,4.0,0.9285714285714286,False,False,True,True,True,False,0,False,YES,True,False
NCT00266227,2006.0,<=2015,PHASE3,drug,2,559.0,INDUSTRY,COMPLETED,RANDOMIZED,True,DOUBLE,2.0,True,True,PARALLEL,True,placebo/sham,True,559.0,482.0,0.1377459749552773,True,True,True,False,True,False,0,False,,False,
NCT07236801,2025.0,2021-2026,PHASE1,drug,1,18.0,INDUSTRY,RECRUITING,NA,False,NONE,0.0,False,False,SINGLE_GROUP,False,none/single-group,False,,,,,False,True,False,False,False,0,False,,False,False
NCT01007435,2009.0,<=2015,PHASE3,drug,4,1162.0,INDUSTRY,COMPLETED,RANDOMIZED,True,DOUBLE,2.0,True,True,PARALLEL,True,active,True,1162.0,920.0,0.20826161790017217,False,True,True,True,True,False,2,True,,False,
NCT00882024,2009.0,<=2015,PHASE2,drug,3,250.0,INDUSTRY,COMPLETED,RANDOMIZED,True,QUADRUPLE,4.0,True,True,PARALLEL,True,placebo/sham,True,,,,,False,True,True,False,False,0,False,,False,True
NCT02818361,2012.0,<=2015,NA,drug,2,70.0,OTHER,COMPLETED,RANDOMIZED,True,DOUBLE,2.0,True,True,PARALLEL,True,placebo/sham,True,,,,,False,True,False,False,False,1,True,NO,False,False
NCT01248780,2010.0,<=2015,PHASE3,drug,2,264.0,INDUSTRY,COMPLETED,RANDOMIZED,True,QUADRUPLE,4.0,True,True,PARALLEL,True,none/single-group,False,264.0,240.0,0.09090909090909094,True,True,True,False,True,False,0,False,,False,False
NCT02213315,2014.0,<=2015,PHASE1,drug,3,39.0,INDUSTRY,COMPLETED,RANDOMIZED,True,DOUBLE,2.0,True,True,,True,placebo/sham,True,,,,,False,True,True,False,False,0,False,,False,False
NCT06549296,2024.0,2021-2026,EARLY_PHASE1,drug,1,12.0,INDUSTRY,SUSPENDED,NA,False,NONE,0.0,False,False,SINGLE_GROUP,False,none/single-group,False,,,,,False,True,False,False,False,0,False,NO,False,False
NCT02486939,2015.0,<=2015,PHASE3,drug,1,359.0,INDUSTRY,COMPLETED,NA,False,NONE,0.0,False,False,SINGLE_GROUP,True,none/single-group,False,359.0,356.0,0.00835654596100277,True,True,True,False,True,False,0,False,,False,True
NCT01569152,2012.0,<=2015,PHASE2,drug,3,82.0,INDUSTRY,TERMINATED,RANDOMIZED,True,DOUBLE,2.0,True,True,PARALLEL,True,placebo/sham,True,82.0,29.0,0.6463414634146342,False,False,True,True,True,False,0,False,YES,True,False
NCT05404724,2022.0,2021-2026,PHASE1,drug,1,14.0,INDUSTRY,COMPLETED,NA,False,NONE,0.0,False,False,SINGLE_GROUP,False,none/single-group,False,,,,,False,False,False,False,False,0,False,UNDECIDED,False,
NCT01676701,2012.0,<=2015,PHASE3,drug,2,8.0,INDUSTRY,TERMINATED,RANDOMIZED,True,NONE,0.0,False,False,PARALLEL,False,none/single-group,False,8.0,0.0,1.0,False,True,True,False,True,False,0,False,,False,False
NCT02986139,2016.0,2016-2020,PHASE3,drug,2,111.0,INDUSTRY,COMPLETED,RANDOMIZED,True,QUADRUPLE,4.0,True,True,CROSSOVER,True,none/single-group,False,111.0,106.0,0.04504504504504503,True,True,False,False,True,False,0,False,,False,False
NCT02884635,2016.0,2016-2020,PHASE2,drug,2,72.0,INDUSTRY,COMPLETED,RANDOMIZED,True,DOUBLE,2.0,True,True,PARALLEL,True,placebo/sham,True,,,,,False,True,False,False,False,0,False,YES,True,True
NCT05671497,2022.0,2021-2026,PHASE2;PHASE3,drug,2,70.0,OTHER,COMPLETED,RANDOMIZED,True,NONE,0.0,False,False,PARALLEL,False,active,True,,,,,True,True,False,False,False,0,False,,False,True
NCT00095498,2004.0,<=2015,PHASE2,drug,3,227.0,INDUSTRY,COMPLETED,RANDOMIZED,True,DOUBLE,2.0,True,True,PARALLEL,True,placebo/sham,True,227.0,116.0,0.4889867841409692,False,False,True,True,True,False,0,False,,False,
NCT00001599,1997.0,<=2015,PHASE2,drug,0,28.0,NIH,COMPLETED,,False,,,False,False,,False,none/single-group,False,,,,,False,True,False,False,False,0,False,,False,
NCT00505089,2007.0,<=2015,PHASE1;PHASE2,drug,4,11.0,INDUSTRY,TERMINATED,RANDOMIZED,True,NONE,0.0,False,False,PARALLEL,False,none/single-group,False,,,,,False,True,True,False,False,0,False,,False,False
NCT02720120,2005.0,<=2015,PHASE1;PHASE2,drug,8,175.0,INDUSTRY,TERMINATED,RANDOMIZED,True,DOUBLE,2.0,True,True,PARALLEL,True,placebo/sham,True,,,,,False,True,True,False,False,0,False,,False,
NCT00443430,2007.0,<=2015,PHASE4,drug,2,85.0,OTHER,COMPLETED,RANDOMIZED,True,TRIPLE,3.0,True,True,PARALLEL,False,active,True,85.0,77.0,0.09411764705882353,True,True,True,False,True,False,4,True,,False,True
NCT01362153,2007.0,<=2015,PHASE1,drug,2,49.0,INDUSTRY,COMPLETED,RANDOMIZED,True,NONE,0.0,False,False,SINGLE_GROUP,True,none/single-group,False,,,,,False,True,False,False,False,2,True,,False,False
NCT01955733,2013.0,<=2015,PHASE3,drug,1,91.0,INDUSTRY,TERMINATED,NA,False,NONE,0.0,False,False,SINGLE_GROUP,False,none/single-group,False,91.0,90.0,0.01098901098901095,True,True,True,False,True,False,0,False,,False,
NCT02467504,2015.0,<=2015,PHASE2,drug,2,47.0,OTHER,COMPLETED,RANDOMIZED,True,QUADRUPLE,4.0,True,True,PARALLEL,False,placebo/sham,True,47.0,40.0,0.14893617021276595,True,False,True,False,True,False,1,True,,False,True
NCT02643823,2016.0,2016-2020,PHASE1,drug,2,40.0,INDUSTRY,UNKNOWN,RANDOMIZED,True,NONE,0.0,False,False,PARALLEL,True,active,True,,,,,False,True,False,False,False,0,False,UNDECIDED,False,True
NCT02027298,2013.0,<=2015,PHASE2,drug,1,0.0,OTHER,WITHDRAWN,NA,False,NONE,0.0,False,False,SINGLE_GROUP,False,none/single-group,False,,,,,False,True,False,False,False,0,False,,False,False
NCT00048581,2002.0,<=2015,PHASE3,drug,3,738.0,INDUSTRY,COMPLETED,RANDOMIZED,True,DOUBLE,2.0,True,True,PARALLEL,True,placebo/sham,True,391.0,322.0,0.17647058823529416,True,True,True,True,True,False,1,True,,False,
NCT01181050,2010.0,<=2015,PHASE2,drug,2,63.0,INDUSTRY,COMPLETED,RANDOMIZED,True,DOUBLE,2.0,True,True,PARALLEL,True,placebo/sham,True,63.0,63.0,0.0,True,False,True,False,True,False,0,False,,False,False
NCT01245452,2010.0,<=2015,NA,drug,2,30.0,OTHER,COMPLETED,RANDOMIZED,True,DOUBLE,2.0,True,True,PARALLEL,True,active,True,,,,,False,True,False,False,False,0,False,,False,False
NCT06859294,2025.0,2021-2026,PHASE2,drug,1,35.0,INDUSTRY,TERMINATED,NA,False,NONE,0.0,False,False,SINGLE_GROUP,False,none/single-group,False,,,,,False,True,False,False,False,0,False,YES,True,False
NCT01554917,2012.0,<=2015,PHASE4,drug,1,1759.0,INDUSTRY,COMPLETED,NA,False,NONE,0.0,False,False,SINGLE_GROUP,True,none/single-group,False,,,,,True,True,False,False,False,1,True,NO,False,False
NCT03008590,2018.0,2016-2020,PHASE2,drug,2,29.0,FED,COMPLETED,RANDOMIZED,True,DOUBLE,2.0,True,True,CROSSOVER,False,none/single-group,False,29.0,23.0,0.2068965517241379,False,False,True,False,True,False,1,True,YES,True,True
NCT06671054,2024.0,2021-2026,PHASE2,drug,4,240.0,INDUSTRY,RECRUITING,RANDOMIZED,True,TRIPLE,3.0,True,True,PARALLEL,True,none/single-group,False,,,,,False,True,True,False,False,0,False,NO,False,False
NCT07377773,2026.0,2021-2026,PHASE2,drug,4,180.0,INDUSTRY,NOT_YET_RECRUITING,RANDOMIZED,True,QUADRUPLE,4.0,True,True,PARALLEL,True,placebo/sham,True,,,,,False,True,True,False,False,0,False,NO,False,False
NCT05264025,2022.0,2021-2026,PHASE1;PHASE2,drug,2,80.0,OTHER,RECRUITING,RANDOMIZED,True,TRIPLE,3.0,True,True,PARALLEL,True,placebo/sham,True,,,,,False,True,False,False,False,0,False,YES,True,
NCT06503237,2023.0,2021-2026,NA,drug,1,18.0,OTHER,RECRUITING,NA,False,NONE,0.0,False,False,SEQUENTIAL,False,none/single-group,False,,,,,False,True,False,False,False,0,False,NO,False,True
NCT07554820,2025.0,2021-2026,PHASE4,drug,2,120.0,OTHER,RECRUITING,NON_RANDOMIZED,False,NONE,0.0,False,False,PARALLEL,True,active,True,,,,,True,True,False,False,False,0,False,YES,True,True
NCT02628028,2016.0,2016-2020,PHASE2,drug,8,286.0,INDUSTRY,TERMINATED,RANDOMIZED,True,TRIPLE,3.0,True,True,PARALLEL,True,placebo/sham,True,286.0,224.0,0.21678321678321677,False,False,True,True,True,False,1,True,YES,True,False
NCT02357069,2015.0,<=2015,PHASE3,drug,2,372.0,INDUSTRY,UNKNOWN,RANDOMIZED,True,DOUBLE,2.0,True,True,PARALLEL,True,active,True,,,,,True,True,False,False,False,1,True,,False,
NCT00162292,2005.0,<=2015,PHASE1,drug,0,33.0,INDUSTRY,COMPLETED,RANDOMIZED,True,DOUBLE,2.0,True,True,PARALLEL,True,none/single-group,False,,,,,False,True,False,False,False,0,False,,False,
NCT02534896,2015.0,<=2015,PHASE3,drug,3,150.0,INDUSTRY,TERMINATED,RANDOMIZED,True,TRIPLE,3.0,True,True,PARALLEL,True,active,True,150.0,144.0,0.040000000000000036,True,True,True,True,True,False,0,False,,False,False
NCT00813241,2009.0,<=2015,PHASE1,drug,4,16.0,INDUSTRY,COMPLETED,RANDOMIZED,True,NONE,0.0,False,False,CROSSOVER,False,active,True,,,,,False,False,True,False,False,0,False,,False,False
NCT05961592,2023.0,2021-2026,PHASE1,drug,3,73.0,INDUSTRY,RECRUITING,RANDOMIZED,True,NONE,0.0,False,False,SINGLE_GROUP,True,none/single-group,False,,,,,False,True,True,False,False,0,False,,False,True
NCT04086745,2020.0,2016-2020,PHASE4,drug,3,1050.0,INDUSTRY,COMPLETED,RANDOMIZED,True,NONE,0.0,False,False,PARALLEL,True,active,True,1050.0,444.0,0.5771428571428572,False,True,True,True,True,False,0,False,YES,True,True
NCT01004432,2009.0,<=2015,PHASE3,drug,5,433.0,INDUSTRY,COMPLETED,RANDOMIZED,True,QUADRUPLE,4.0,True,True,CROSSOVER,True,none/single-group,False,433.0,350.0,0.19168591224018472,True,True,True,True,True,False,2,True,,False,True
NCT02659150,2016.0,2016-2020,PHASE4,drug,1,16.0,OTHER,TERMINATED,NA,False,NONE,0.0,False,False,SINGLE_GROUP,False,none/single-group,False,16.0,11.0,0.3125,False,True,True,False,True,False,0,False,NO,False,False
NCT01424033,2011.0,<=2015,PHASE2;PHASE3,drug,1,5.0,OTHER,TERMINATED,NA,False,NONE,0.0,False,False,SINGLE_GROUP,False,none/single-group,False,5.0,0.0,1.0,False,True,True,False,True,False,0,False,,False,True
NCT02320630,2015.0,<=2015,NA,drug,3,240.0,OTHER,UNKNOWN,RANDOMIZED,True,NONE,0.0,False,False,PARALLEL,True,none/single-group,False,,,,,False,True,True,False,False,3,True,,False,True
NCT02187055,2014.0,<=2015,PHASE4,drug,3,1152.0,INDUSTRY,COMPLETED,RANDOMIZED,True,QUADRUPLE,4.0,True,True,PARALLEL,True,active,True,1146.0,930.0,0.18848167539267013,True,True,True,True,True,False,19,True,,False,True
NCT00034060,2002.0,<=2015,PHASE2,drug,0,36.0,NIH,COMPLETED,,False,,,False,False,,False,none/single-group,False,,,,,False,True,False,False,False,1,True,,False,
NCT02832180,2016.0,2016-2020,PHASE1,drug,2,25.0,INDUSTRY,COMPLETED,NON_RANDOMIZED,False,NONE,0.0,False,False,PARALLEL,False,none/single-group,False,,,,,False,True,False,False,False,0,False,,False,False
NCT03926195,2019.0,2016-2020,PHASE2,drug,2,109.0,INDUSTRY,COMPLETED,RANDOMIZED,True,DOUBLE,2.0,True,True,PARALLEL,True,placebo/sham,True,109.0,107.0,0.01834862385321101,True,False,True,False,True,False,2,True,NO,False,True
NCT03522415,2018.0,2016-2020,PHASE3,drug,2,275.0,INDUSTRY,COMPLETED,RANDOMIZED,True,QUADRUPLE,4.0,True,True,PARALLEL,True,placebo/sham,True,,,,,True,True,False,False,False,1,True,UNDECIDED,False,
NCT03193957,2017.0,2016-2020,PHASE2,both,1,50.0,INDUSTRY,COMPLETED,NA,False,NONE,0.0,False,False,SINGLE_GROUP,True,none/single-group,False,,,,,False,False,False,False,False,1,True,,False,
NCT04649697,2020.0,2016-2020,PHASE3,drug,3,39.0,OTHER,UNKNOWN,RANDOMIZED,True,QUADRUPLE,4.0,True,True,PARALLEL,False,active,True,,,,,True,True,True,False,False,0,False,,False,True
NCT00858780,2009.0,<=2015,PHASE4,drug,3,91.0,INDUSTRY,COMPLETED,RANDOMIZED,True,QUADRUPLE,4.0,True,True,PARALLEL,False,placebo/sham,True,91.0,73.0,0.19780219780219777,True,True,True,True,True,False,1,True,,False,False
NCT07315503,2027.0,2021-2026,EARLY_PHASE1,drug,2,0.0,OTHER,WITHDRAWN,RANDOMIZED,True,NONE,0.0,False,False,PARALLEL,False,none/single-group,False,,,,,False,True,False,False,False,0,False,UNDECIDED,False,False
NCT01236118,2010.0,<=2015,PHASE1,drug,3,28.0,INDUSTRY,COMPLETED,NON_RANDOMIZED,False,NONE,0.0,False,False,PARALLEL,False,none/single-group,False,28.0,22.0,0.2142857142857143,False,False,True,True,True,False,0,False,,False,False
NCT01264770,2011.0,<=2015,PHASE2,drug,5,644.0,INDUSTRY,TERMINATED,RANDOMIZED,True,QUADRUPLE,4.0,True,True,PARALLEL,True,placebo/sham,True,265.0,201.0,0.2415094339622641,False,False,True,True,True,False,1,True,,False,True
NCT00391924,2000.0,<=2015,PHASE2,drug,0,120.0,OTHER,COMPLETED,RANDOMIZED,True,DOUBLE,2.0,True,True,PARALLEL,True,none/single-group,False,,,,,False,True,False,False,True,1,True,,False,
NCT00000395,1996.0,<=2015,PHASE2,drug,2,40.0,OTHER,COMPLETED,RANDOMIZED,True,DOUBLE,2.0,True,True,CROSSOVER,False,none/single-group,False,,,,,False,False,False,False,True,0,False,,False,
NCT02982083,2015.0,<=2015,NA,drug,2,34.0,OTHER,COMPLETED,RANDOMIZED,True,DOUBLE,2.0,True,True,PARALLEL,True,placebo/sham,True,,,,,False,True,False,False,False,1,True,,False,True
NCT05198310,2021.0,2021-2026,PHASE2,drug,9,145.0,INDUSTRY,COMPLETED,RANDOMIZED,True,QUADRUPLE,4.0,True,True,SEQUENTIAL,True,placebo/sham,True,145.0,136.0,0.06206896551724139,True,False,True,True,True,False,0,False,NO,False,True
NCT02831855,2016.0,2016-2020,PHASE4,drug,2,694.0,INDUSTRY,COMPLETED,RANDOMIZED,True,QUADRUPLE,4.0,True,True,PARALLEL,True,placebo/sham,True,694.0,623.0,0.10230547550432278,True,True,True,False,True,False,9,True,YES,True,True
NCT00889863,2009.0,<=2015,PHASE3,drug,2,177.0,INDUSTRY,COMPLETED,RANDOMIZED,True,QUADRUPLE,4.0,True,True,PARALLEL,True,placebo/sham,True,177.0,100.0,0.4350282485875706,False,True,True,False,True,False,4,True,,False,
NCT07281456,2025.0,2021-2026,PHASE2,drug,1,60.0,NIH,RECRUITING,NA,False,NONE,0.0,False,False,SINGLE_GROUP,True,none/single-group,False,,,,,False,True,False,False,False,0,False,YES,True,
NCT01626573,2012.0,<=2015,PHASE2,drug,12,106.0,INDUSTRY,COMPLETED,RANDOMIZED,True,TRIPLE,3.0,True,True,PARALLEL,True,placebo/sham,True,,,,,False,True,True,False,False,0,False,,False,False
NCT04077567,2019.0,2016-2020,PHASE3,drug,2,401.0,INDUSTRY,COMPLETED,NON_RANDOMIZED,False,NONE,0.0,False,False,PARALLEL,True,none/single-group,False,,,,,True,True,False,False,True,0,False,,False,
NCT00928512,2009.0,<=2015,PHASE2,drug,5,237.0,INDUSTRY,COMPLETED,RANDOMIZED,True,TRIPLE,3.0,True,True,PARALLEL,True,placebo/sham,True,237.0,174.0,0.26582278481012656,False,False,True,True,True,False,2,True,,False,False
NCT05197530,2021.0,2021-2026,PHASE1,both,2,40.0,OTHER,RECRUITING,NON_RANDOMIZED,False,NONE,0.0,False,False,SINGLE_GROUP,True,none/single-group,False,,,,,False,False,False,False,False,0,False,,False,False
NCT01009879,2009.0,<=2015,PHASE4,drug,1,0.0,OTHER,WITHDRAWN,NA,False,NONE,0.0,False,False,SINGLE_GROUP,False,none/single-group,False,,,,,True,False,False,False,False,0,False,,False,False
NCT01211834,2009.0,<=2015,PHASE3,drug,2,90.0,INDUSTRY,COMPLETED,RANDOMIZED,True,QUADRUPLE,4.0,True,True,PARALLEL,False,placebo/sham,True,,,,,True,True,False,False,False,1,True,,False,True
NCT02691949,2016.0,2016-2020,PHASE2,drug,2,54.0,OTHER,UNKNOWN,RANDOMIZED,True,NONE,0.0,False,False,PARALLEL,True,none/single-group,False,,,,,False,True,False,False,True,0,False,NO,False,False
NCT01303874,2006.0,<=2015,PHASE4,drug,2,112.0,OTHER,COMPLETED,RANDOMIZED,True,QUADRUPLE,4.0,True,True,PARALLEL,True,placebo/sham,True,,,,,True,True,False,False,False,0,False,,False,False
NCT02996500,2016.0,2016-2020,PHASE2,drug,6,269.0,INDUSTRY,COMPLETED,RANDOMIZED,True,TRIPLE,3.0,True,True,PARALLEL,True,placebo/sham,True,269.0,237.0,0.1189591078066915,True,False,True,True,True,False,0,False,YES,True,True
NCT01287858,2010.0,<=2015,PHASE1,drug,2,88.0,INDUSTRY,COMPLETED,RANDOMIZED,True,QUADRUPLE,4.0,True,True,PARALLEL,True,placebo/sham,True,,,,,False,True,False,False,False,0,False,,False,False
NCT05117593,2021.0,2021-2026,PHASE1,drug,2,32.0,OTHER,COMPLETED,RANDOMIZED,True,QUADRUPLE,4.0,True,True,SEQUENTIAL,True,placebo/sham,True,,,,,False,False,False,False,False,0,False,NO,False,False
NCT05460832,2022.0,2021-2026,PHASE2,drug,4,248.0,INDUSTRY,COMPLETED,RANDOMIZED,True,QUADRUPLE,4.0,True,True,PARALLEL,True,placebo/sham,True,248.0,229.0,0.0766129032258065,True,False,True,True,True,False,0,False,NO,False,False
NCT00162279,2000.0,<=2015,PHASE2,drug,0,141.0,INDUSTRY,COMPLETED,RANDOMIZED,True,DOUBLE,2.0,True,True,SINGLE_GROUP,True,none/single-group,False,,,,,False,True,False,False,False,0,False,,False,
NCT02089087,2013.0,<=2015,PHASE1,drug,3,75.0,INDUSTRY,COMPLETED,RANDOMIZED,True,DOUBLE,2.0,True,True,PARALLEL,True,placebo/sham,True,,,,,False,True,True,False,False,1,True,,False,False
NCT02309359,2015.0,<=2015,PHASE2,drug,5,345.0,INDUSTRY,COMPLETED,RANDOMIZED,True,QUADRUPLE,4.0,True,True,PARALLEL,True,placebo/sham,True,345.0,293.0,0.1507246376811594,True,False,True,True,True,False,0,False,,False,True
NCT00042068,2002.0,<=2015,PHASE3,drug,0,1000.0,INDUSTRY,COMPLETED,RANDOMIZED,True,DOUBLE,2.0,True,True,PARALLEL,True,none/single-group,False,,,,,True,False,False,False,False,0,False,,False,
NCT00480272,2007.0,<=2015,PHASE4,drug,2,251.0,OTHER,COMPLETED,RANDOMIZED,True,QUADRUPLE,4.0,True,True,PARALLEL,True,placebo/sham,True,,,,,True,True,False,False,False,0,False,NO,False,True
NCT00580840,2007.0,<=2015,PHASE4,drug,3,333.0,INDUSTRY,COMPLETED,RANDOMIZED,True,DOUBLE,2.0,True,True,PARALLEL,True,placebo/sham,True,333.0,209.0,0.3723723723723724,False,True,True,True,True,False,1,True,,False,False
NCT01021735,2010.0,<=2015,PHASE4,drug,2,302.0,OTHER,COMPLETED,RANDOMIZED,True,NONE,0.0,False,False,PARALLEL,True,active,True,,,,,True,True,False,False,False,1,True,,False,True
NCT01027728,2009.0,<=2015,PHASE1;PHASE2,drug,1,24.0,INDUSTRY,COMPLETED,RANDOMIZED,True,TRIPLE,3.0,True,True,SINGLE_GROUP,False,none/single-group,False,,,,,False,True,False,False,False,0,False,,False,True
NCT01905735,2013.0,<=2015,PHASE2,drug,2,60.0,OTHER,UNKNOWN,RANDOMIZED,True,DOUBLE,2.0,True,True,PARALLEL,True,placebo/sham,True,,,,,False,True,False,False,False,0,False,,False,True
NCT04144101,2007.0,<=2015,PHASE4,drug,2,40.0,OTHER,COMPLETED,RANDOMIZED,True,NONE,0.0,False,False,PARALLEL,False,none/single-group,False,,,,,True,False,False,False,False,0,False,NO,False,True
NCT03714022,2018.0,2016-2020,PHASE1,drug,2,140.0,INDUSTRY,COMPLETED,RANDOMIZED,True,NONE,0.0,False,False,PARALLEL,True,active,True,140.0,133.0,0.050000000000000044,True,False,True,False,True,False,0,False,,False,False
NCT04971980,2021.0,2021-2026,PHASE1;PHASE2,drug,1,9.0,INDUSTRY,ACTIVE_NOT_RECRUITING,NA,False,NONE,0.0,False,False,SEQUENTIAL,False,none/single-group,False,,,,,False,True,False,False,False,0,False,NO,False,False
NCT02102594,2014.0,<=2015,PHASE2,drug,1,11.0,OTHER,TERMINATED,NA,False,NONE,0.0,False,False,SINGLE_GROUP,False,none/single-group,False,,,,,False,True,False,False,False,0,False,,False,False
NCT03156023,2017.0,2016-2020,PHASE1,drug,2,34.0,INDUSTRY,COMPLETED,RANDOMIZED,True,QUADRUPLE,4.0,True,True,PARALLEL,True,placebo/sham,True,34.0,28.0,0.17647058823529416,True,False,True,False,True,False,0,False,YES,True,
NCT06857227,2025.0,2021-2026,PHASE1,drug,2,54.0,INDUSTRY,RECRUITING,RANDOMIZED,True,NONE,0.0,False,False,PARALLEL,True,placebo/sham,True,,,,,False,True,False,False,False,0,False,,False,False
NCT00595517,2007.0,<=2015,PHASE3,drug,1,395.0,INDUSTRY,COMPLETED,NON_RANDOMIZED,False,NONE,0.0,False,False,SINGLE_GROUP,True,none/single-group,False,130.0,111.0,0.1461538461538462,True,True,False,False,True,False,1,True,,False,False
NCT01662063,2012.0,<=2015,PHASE3,drug,2,218.0,INDUSTRY,COMPLETED,NON_RANDOMIZED,False,NONE,0.0,False,False,PARALLEL,True,none/single-group,False,218.0,183.0,0.16055045871559637,True,True,True,False,True,False,1,True,,False,
NCT04079374,2018.0,2016-2020,PHASE3,drug,2,160.0,INDUSTRY,UNKNOWN,RANDOMIZED,True,NONE,0.0,False,False,PARALLEL,True,active,True,,,,,True,True,False,False,False,0,False,,False,False
NCT00853385,2009.0,<=2015,PHASE3,drug,5,717.0,INDUSTRY,COMPLETED,RANDOMIZED,True,QUADRUPLE,4.0,True,True,PARALLEL,True,placebo/sham,True,717.0,556.0,0.22454672245467222,False,True,True,True,True,False,26,True,,False,True
NCT04512001,2020.0,2016-2020,PHASE3,drug,2,604.0,INDUSTRY,COMPLETED,RANDOMIZED,True,QUADRUPLE,4.0,True,True,PARALLEL,True,active,True,604.0,543.0,0.10099337748344372,True,True,True,False,True,False,1,True,NO,False,False
NCT03275025,2017.0,2016-2020,PHASE2,drug,4,116.0,INDUSTRY,COMPLETED,RANDOMIZED,True,DOUBLE,2.0,True,True,PARALLEL,True,placebo/sham,True,,,,,False,True,True,False,False,0,False,NO,False,True
NCT01638013,2012.0,<=2015,PHASE3,drug,3,843.0,INDUSTRY,COMPLETED,NON_RANDOMIZED,False,NONE,0.0,False,False,SINGLE_GROUP,True,none/single-group,False,843.0,513.0,0.39145907473309605,False,True,True,True,True,False,2,True,YES,True,True
NCT02780388,2016.0,2016-2020,PHASE1,drug,5,57.0,INDUSTRY,COMPLETED,RANDOMIZED,True,TRIPLE,3.0,True,True,PARALLEL,True,placebo/sham,True,57.0,54.0,0.052631578947368474,True,False,True,True,True,True,0,False,,False,False
NCT02304354,2015.0,<=2015,PHASE3,drug,1,70.0,OTHER,COMPLETED,NA,False,NONE,0.0,False,False,SINGLE_GROUP,False,none/single-group,False,,,,,True,True,False,False,False,0,False,,False,False
NCT02405780,2015.0,<=2015,PHASE3,drug,2,645.0,INDUSTRY,COMPLETED,RANDOMIZED,True,NONE,0.0,False,False,PARALLEL,True,active,True,645.0,572.0,0.11317829457364337,True,True,True,False,True,False,2,True,,False,False
NCT07433335,2026.0,2021-2026,PHASE1,drug,1,27.0,INDUSTRY,RECRUITING,NA,False,NONE,0.0,False,False,SINGLE_GROUP,False,none/single-group,False,,,,,False,True,False,False,False,0,False,NO,False,True
NCT05217472,2020.0,2016-2020,PHASE2,drug,2,0.0,INDUSTRY,WITHDRAWN,RANDOMIZED,True,QUADRUPLE,4.0,True,True,PARALLEL,False,placebo/sham,True,,,,,False,True,False,False,False,0,False,YES,True,True
NCT07004725,2025.0,2021-2026,PHASE2,drug,2,60.0,OTHER,NOT_YET_RECRUITING,RANDOMIZED,True,QUADRUPLE,4.0,True,True,PARALLEL,True,placebo/sham,True,,,,,False,True,False,False,False,0,False,,False,True
NCT03669367,2019.0,2016-2020,PHASE4,drug,2,70.0,OTHER,COMPLETED,RANDOMIZED,True,NONE,0.0,False,False,PARALLEL,False,active,True,,,,,True,True,False,False,False,1,True,UNDECIDED,False,False
NCT01090570,2010.0,<=2015,PHASE1,drug,6,0.0,INDUSTRY,WITHDRAWN,RANDOMIZED,True,TRIPLE,3.0,True,True,PARALLEL,False,placebo/sham,True,,,,,False,True,True,False,False,0,False,,False,False
NCT00279461,2009.0,<=2015,PHASE2,drug,2,0.0,OTHER,WITHDRAWN,RANDOMIZED,True,QUADRUPLE,4.0,True,True,PARALLEL,False,placebo/sham,True,,,,,False,True,False,False,False,0,False,,False,False
NCT01715831,2013.0,<=2015,PHASE4,drug,1,26.0,INDUSTRY,COMPLETED,NA,False,NONE,0.0,False,False,SINGLE_GROUP,False,none/single-group,False,26.0,25.0,0.038461538461538436,True,True,True,False,True,False,0,False,,False,
NCT02762123,2016.0,2016-2020,PHASE1,drug,2,28.0,INDUSTRY,COMPLETED,NON_RANDOMIZED,False,NONE,0.0,False,False,PARALLEL,False,none/single-group,False,,,,,False,False,False,False,False,0,False,,False,False
NCT03660059,2018.0,2016-2020,PHASE3,drug,3,385.0,INDUSTRY,COMPLETED,RANDOMIZED,True,QUADRUPLE,4.0,True,True,PARALLEL,True,placebo/sham,True,,,,,True,True,True,False,False,1,True,YES,True,False
NCT04916756,2020.0,2016-2020,PHASE1;PHASE2,drug,1,11.0,OTHER,COMPLETED,NA,False,NONE,0.0,False,False,SINGLE_GROUP,False,none/single-group,False,,,,,False,True,False,False,False,0,False,YES,True,
NCT00244153,2004.0,<=2015,PHASE1;PHASE2,drug,0,120.0,OTHER,UNKNOWN,RANDOMIZED,True,DOUBLE,2.0,True,True,PARALLEL,True,none/single-group,False,,,,,False,True,False,False,False,0,False,,False,
NCT03770702,2018.0,2016-2020,PHASE3,drug,3,45.0,OTHER,RECRUITING,RANDOMIZED,True,NONE,0.0,False,False,PARALLEL,False,active,True,,,,,True,True,True,False,False,0,False,UNDECIDED,False,True
NCT01610791,2010.0,<=2015,PHASE3,drug,1,121.0,INDUSTRY,COMPLETED,NON_RANDOMIZED,False,NONE,0.0,False,False,SINGLE_GROUP,True,none/single-group,False,121.0,100.0,0.17355371900826444,True,True,True,False,True,False,0,False,,False,
NCT01264211,2010.0,<=2015,PHASE2,drug,2,40.0,INDUSTRY,COMPLETED,RANDOMIZED,True,QUADRUPLE,4.0,True,True,PARALLEL,False,placebo/sham,True,,,,,False,True,False,False,False,1,True,,False,True
NCT01295151,2011.0,<=2015,PHASE4,drug,3,122.0,OTHER,COMPLETED,RANDOMIZED,True,NONE,0.0,False,False,PARALLEL,True,active,True,,,,,True,True,True,False,False,3,True,,False,True
NCT07611747,2026.0,2021-2026,PHASE4,drug,2,1944.0,OTHER,RECRUITING,RANDOMIZED,True,NONE,0.0,False,False,PARALLEL,True,active,True,,,,,True,False,False,False,False,0,False,NO,False,False
NCT05869955,2023.0,2021-2026,PHASE1,drug,1,270.0,INDUSTRY,RECRUITING,NA,False,NONE,0.0,False,False,SINGLE_GROUP,True,none/single-group,False,,,,,False,True,False,False,False,0,False,YES,True,True
NCT06103773,2023.0,2021-2026,PHASE1,drug,12,122.0,INDUSTRY,UNKNOWN,RANDOMIZED,True,DOUBLE,2.0,True,True,PARALLEL,True,none/single-group,False,,,,,False,True,True,False,False,0,False,,False,False
NCT04981145,2022.0,2021-2026,PHASE4,drug,2,78.0,OTHER,RECRUITING,RANDOMIZED,True,NONE,0.0,False,False,PARALLEL,False,active,True,,,,,True,True,False,False,False,1,True,NO,False,False
NCT00141934,2005.0,<=2015,PHASE2,drug,0,232.0,INDUSTRY,COMPLETED,RANDOMIZED,True,DOUBLE,2.0,True,True,PARALLEL,True,none/single-group,False,,,,,False,True,False,False,False,0,False,,False,
NCT00145730,2002.0,<=2015,PHASE4,drug,0,1000.0,OTHER,COMPLETED,RANDOMIZED,True,DOUBLE,2.0,True,True,PARALLEL,True,none/single-group,False,,,,,True,False,False,False,True,1,True,,False,
NCT01253226,2009.0,<=2015,PHASE1,drug,6,32.0,INDUSTRY,COMPLETED,RANDOMIZED,True,DOUBLE,2.0,True,True,PARALLEL,True,placebo/sham,True,32.0,27.0,0.15625,True,False,True,True,True,False,0,False,,False,False
NCT02843659,2016.0,2016-2020,PHASE2,drug,3,45.0,INDUSTRY,TERMINATED,RANDOMIZED,True,DOUBLE,2.0,True,True,PARALLEL,False,placebo/sham,True,18.0,3.0,0.8333333333333334,False,False,True,True,True,False,0,False,,False,True
NCT00959036,2009.0,<=2015,PHASE1;PHASE2,drug,6,252.0,INDUSTRY,COMPLETED,RANDOMIZED,True,QUADRUPLE,4.0,True,True,PARALLEL,True,placebo/sham,True,,,,,False,True,True,False,False,0,False,,False,True
NCT07245732,2026.0,2021-2026,PHASE4,drug,2,220.0,OTHER,RECRUITING,RANDOMIZED,True,NONE,0.0,False,False,PARALLEL,True,none/single-group,False,,,,,True,True,False,False,False,0,False,UNDECIDED,False,True
NCT06031415,2023.0,2021-2026,PHASE1,drug,2,55.0,INDUSTRY,TERMINATED,RANDOMIZED,True,DOUBLE,2.0,True,True,SEQUENTIAL,True,none/single-group,False,,,,,False,True,False,False,False,0,False,NO,False,False
NCT06565273,2024.0,2021-2026,PHASE2,drug,1,40.0,OTHER,ACTIVE_NOT_RECRUITING,NA,False,NONE,0.0,False,False,SINGLE_GROUP,False,none/single-group,False,,,,,False,False,False,False,False,0,False,NO,False,False
NCT01061736,2010.0,<=2015,PHASE2;PHASE3,drug,10,1675.0,INDUSTRY,COMPLETED,RANDOMIZED,True,TRIPLE,3.0,True,True,PARALLEL,True,placebo/sham,True,1675.0,1290.0,0.22985074626865676,False,True,True,True,True,True,9,True,,False,True
NCT01915537,2013.0,<=2015,NA,drug,2,170.0,INDIV,UNKNOWN,NON_RANDOMIZED,False,NONE,0.0,False,False,PARALLEL,True,active,True,,,,,False,True,False,False,False,0,False,,False,True
NCT03682705,2018.0,2016-2020,PHASE2,drug,6,242.0,INDUSTRY,COMPLETED,RANDOMIZED,True,QUADRUPLE,4.0,True,True,PARALLEL,True,placebo/sham,True,242.0,220.0,0.09090909090909094,True,False,True,True,True,False,1,True,YES,True,True
NCT00887770,2009.0,<=2015,PHASE1,drug,4,64.0,INDUSTRY,COMPLETED,RANDOMIZED,True,TRIPLE,3.0,True,True,CROSSOVER,True,placebo/sham,True,,,,,False,False,True,False,False,0,False,,False,False
NCT00115219,2005.0,<=2015,PHASE4,drug,0,200.0,INDUSTRY,COMPLETED,RANDOMIZED,True,DOUBLE,2.0,True,True,CROSSOVER,True,none/single-group,False,,,,,True,True,False,False,True,0,False,,False,
NCT05393050,2022.0,2021-2026,PHASE4,drug,2,120.0,OTHER,UNKNOWN,RANDOMIZED,True,QUADRUPLE,4.0,True,True,PARALLEL,True,placebo/sham,True,,,,,True,True,False,False,False,0,False,NO,False,False
NCT00654368,2008.0,<=2015,PHASE4,drug,2,258.0,INDUSTRY,COMPLETED,RANDOMIZED,True,NONE,0.0,False,False,PARALLEL,True,active,True,258.0,125.0,0.5155038759689923,False,True,True,False,True,False,1,True,,False,False
NCT02202395,2014.0,<=2015,PHASE1;PHASE2,drug,4,120.0,INDUSTRY,COMPLETED,RANDOMIZED,True,QUADRUPLE,4.0,True,True,PARALLEL,True,placebo/sham,True,,,,,False,True,True,False,False,0,False,,False,True
NCT02867306,2016.0,2016-2020,PHASE1,drug,1,10.0,INDUSTRY,COMPLETED,NA,False,NONE,0.0,False,False,SINGLE_GROUP,False,none/single-group,False,,,,,False,True,False,False,False,0,False,NO,False,False
NCT02466581,2015.0,<=2015,PHASE4,drug,2,25.0,OTHER,UNKNOWN,RANDOMIZED,True,SINGLE,1.0,True,False,PARALLEL,False,active,True,,,,,True,True,False,False,False,1,True,NO,False,True
NCT05480878,2022.0,2021-2026,PHASE3,drug,3,90.0,OTHER,COMPLETED,RANDOMIZED,True,NONE,0.0,False,False,PARALLEL,False,placebo/sham,True,,,,,True,True,True,False,False,0,False,UNDECIDED,False,
NCT01119859,2010.0,<=2015,PHASE4,drug,2,326.0,INDUSTRY,COMPLETED,RANDOMIZED,True,DOUBLE,2.0,True,True,PARALLEL,True,active,True,326.0,272.0,0.16564417177914115,True,True,True,False,True,False,4,True,,False,
NCT04192617,2014.0,<=2015,PHASE2,drug,3,156.0,INDUSTRY,COMPLETED,RANDOMIZED,True,QUADRUPLE,4.0,True,True,PARALLEL,True,placebo/sham,True,,,,,False,True,True,False,False,1,True,,False,False
NCT00771251,2008.0,<=2015,PHASE3,drug,3,311.0,INDUSTRY,COMPLETED,RANDOMIZED,True,TRIPLE,3.0,True,True,PARALLEL,True,none/single-group,False,,,,,True,True,True,False,True,0,False,,False,False
NCT02275299,2013.0,<=2015,PHASE4,drug,2,240.0,INDUSTRY,UNKNOWN,RANDOMIZED,True,DOUBLE,2.0,True,True,PARALLEL,True,active,True,,,,,True,True,False,False,False,0,False,,False,
NCT03656627,2019.0,2016-2020,PHASE1,drug,2,7.0,OTHER,TERMINATED,NON_RANDOMIZED,False,NONE,0.0,False,False,PARALLEL,False,none/single-group,False,,,,,False,True,False,False,False,0,False,NO,False,True
NCT00502840,2007.0,<=2015,PHASE3,drug,1,193.0,INDUSTRY,COMPLETED,NA,False,NONE,0.0,False,False,SINGLE_GROUP,True,none/single-group,False,193.0,93.0,0.5181347150259068,False,True,True,False,True,False,1,True,,False,
NCT05451615,2022.0,2021-2026,PHASE3,drug,2,90.0,OTHER,UNKNOWN,RANDOMIZED,True,NONE,0.0,False,False,SINGLE_GROUP,False,none/single-group,False,,,,,True,True,False,False,False,0,False,NO,False,
NCT06574594,2024.0,2021-2026,NA,drug,2,110.0,OTHER,RECRUITING,RANDOMIZED,True,NONE,0.0,False,False,PARALLEL,True,active,True,,,,,False,False,False,False,False,0,False,NO,False,True
NCT04057118,2019.0,2016-2020,PHASE2,drug,4,163.0,INDUSTRY,COMPLETED,RANDOMIZED,True,DOUBLE,2.0,True,True,PARALLEL,True,placebo/sham,True,163.0,150.0,0.07975460122699385,True,False,True,True,True,False,0,False,NO,False,False
NCT02015520,2012.0,<=2015,PHASE2,drug,4,143.0,INDUSTRY,COMPLETED,RANDOMIZED,True,QUADRUPLE,4.0,True,True,PARALLEL,True,none/single-group,False,143.0,123.0,0.1398601398601399,True,False,True,True,True,False,0,False,,False,False
NCT02076659,2011.0,<=2015,PHASE1,drug,1,36.0,INDUSTRY,COMPLETED,NA,False,NONE,0.0,False,False,SINGLE_GROUP,True,none/single-group,False,,,,,False,True,False,False,False,0,False,,False,True
NCT07008846,2025.0,2021-2026,PHASE3,drug,1,96.0,OTHER,ACTIVE_NOT_RECRUITING,NA,False,NONE,0.0,False,False,SINGLE_GROUP,False,none/single-group,False,,,,,True,False,False,False,False,0,False,UNDECIDED,False,True
NCT01231321,2007.0,<=2015,PHASE3,drug,1,100.0,INDUSTRY,COMPLETED,NON_RANDOMIZED,False,NONE,0.0,False,False,SINGLE_GROUP,True,none/single-group,False,100.0,95.0,0.050000000000000044,True,True,True,False,True,False,0,False,,False,True
NCT01008982,2009.0,<=2015,PHASE2,drug,1,15.0,OTHER,COMPLETED,NON_RANDOMIZED,False,NONE,0.0,False,False,SINGLE_GROUP,False,none/single-group,False,,,,,False,True,False,False,False,1,True,,False,True
NCT05985915,2023.0,2021-2026,PHASE3,drug,2,612.0,INDUSTRY,ACTIVE_NOT_RECRUITING,RANDOMIZED,True,QUADRUPLE,4.0,True,True,PARALLEL,True,none/single-group,False,,,,,True,True,False,False,False,0,False,YES,True,True
NCT02843789,2013.0,<=2015,PHASE4,drug,1,109.0,OTHER,COMPLETED,NA,False,NONE,0.0,False,False,SINGLE_GROUP,True,none/single-group,False,,,,,True,True,False,False,False,1,True,NO,False,False
NCT04378621,2020.0,2016-2020,NA,drug,2,212.0,OTHER_GOV,UNKNOWN,NON_RANDOMIZED,False,NONE,0.0,False,False,PARALLEL,True,none/single-group,False,,,,,False,True,False,False,False,1,True,,False,False
NCT00298272,2006.0,<=2015,PHASE2,drug,2,54.0,INDUSTRY,TERMINATED,RANDOMIZED,True,TRIPLE,3.0,True,True,PARALLEL,True,none/single-group,False,54.0,46.0,0.14814814814814814,True,False,True,False,True,True,0,False,,False,False
NCT02682823,2016.0,2016-2020,PHASE4,both,5,91.0,INDUSTRY,COMPLETED,NON_RANDOMIZED,False,NONE,0.0,False,False,PARALLEL,False,none/single-group,False,91.0,87.0,0.04395604395604391,True,True,False,True,True,False,1,True,,False,
NCT00450658,2007.0,<=2015,PHASE3,drug,2,627.0,INDUSTRY,COMPLETED,RANDOMIZED,True,QUADRUPLE,4.0,True,True,PARALLEL,True,active,True,627.0,394.0,0.37161084529505584,False,True,False,False,True,False,1,True,,False,True
NCT00580294,2007.0,<=2015,NA,drug,1,12.0,OTHER,COMPLETED,NA,False,NONE,0.0,False,False,SINGLE_GROUP,False,none/single-group,False,12.0,12.0,0.0,True,False,True,False,True,True,0,False,,False,False
NCT02011334,2014.0,<=2015,PHASE3,drug,1,285.0,INDUSTRY,COMPLETED,NON_RANDOMIZED,False,NONE,0.0,False,False,SINGLE_GROUP,True,none/single-group,False,,,,,True,True,False,False,False,3,True,,False,
NCT00605735,2008.0,<=2015,PHASE2,drug,2,121.0,INDUSTRY,COMPLETED,RANDOMIZED,True,DOUBLE,2.0,True,True,PARALLEL,True,placebo/sham,True,,,,,False,True,False,False,False,0,False,,False,True
NCT00001731,1997.0,<=2015,PHASE2,drug,0,30.0,NIH,COMPLETED,,False,,,False,False,,False,none/single-group,False,,,,,False,True,False,False,False,0,False,,False,
NCT02764515,2015.0,<=2015,PHASE4,drug,2,428.0,OTHER,UNKNOWN,RANDOMIZED,True,TRIPLE,3.0,True,True,PARALLEL,True,active,True,,,,,True,True,False,False,False,0,False,NO,False,True
NCT01793259,2012.0,<=2015,PHASE3,drug,2,120.0,INDUSTRY,COMPLETED,RANDOMIZED,True,NONE,0.0,False,False,CROSSOVER,True,none/single-group,False,,,,,True,True,False,False,False,1,True,,False,False
NCT01149057,2010.0,<=2015,PHASE4,drug,1,145.0,INDUSTRY,COMPLETED,NON_RANDOMIZED,False,NONE,0.0,False,False,SINGLE_GROUP,True,none/single-group,False,145.0,88.0,0.3931034482758621,False,True,True,False,True,False,0,False,,False,
NCT01548768,2011.0,<=2015,PHASE4,drug,3,149.0,OTHER,COMPLETED,NON_RANDOMIZED,False,NONE,0.0,False,False,PARALLEL,True,active,True,149.0,141.0,0.05369127516778527,True,True,False,True,True,True,0,False,NO,False,True
NCT00508768,,,PHASE1,drug,0,16.0,INDUSTRY,COMPLETED,RANDOMIZED,True,DOUBLE,2.0,True,True,PARALLEL,False,none/single-group,False,,,,,False,True,False,False,False,0,False,,False,
NCT03241446,2017.0,2016-2020,PHASE1,drug,3,0.0,INDUSTRY,WITHDRAWN,NON_RANDOMIZED,False,NONE,0.0,False,False,SEQUENTIAL,False,none/single-group,False,,,,,False,False,True,False,False,0,False,NO,False,False
NCT04928586,2019.0,2016-2020,PHASE4,drug,2,200.0,OTHER,UNKNOWN,NON_RANDOMIZED,False,NONE,0.0,False,False,PARALLEL,True,active,True,,,,,True,True,False,False,False,0,False,,False,False
NCT00977106,2009.0,<=2015,PHASE3,drug,3,103.0,INDUSTRY,COMPLETED,RANDOMIZED,True,DOUBLE,2.0,True,True,PARALLEL,True,placebo/sham,True,103.0,82.0,0.2038834951456311,False,True,True,True,True,False,0,False,,False,
NCT03160001,2017.0,2016-2020,PHASE1;PHASE2,drug,2,110.0,OTHER,COMPLETED,RANDOMIZED,True,DOUBLE,2.0,True,True,PARALLEL,True,placebo/sham,True,,,,,False,False,False,False,False,0,False,NO,False,True
NCT00556894,2008.0,<=2015,PHASE2,drug,3,253.0,INDUSTRY,COMPLETED,RANDOMIZED,True,QUADRUPLE,4.0,True,True,PARALLEL,True,placebo/sham,True,253.0,199.0,0.2134387351778656,False,False,False,True,True,False,0,False,,False,False
NCT00367211,2006.0,<=2015,PHASE3,drug,0,400.0,INDUSTRY,COMPLETED,RANDOMIZED,True,DOUBLE,2.0,True,True,PARALLEL,True,none/single-group,False,,,,,True,False,False,False,False,0,False,,False,
NCT01416493,2011.0,<=2015,PHASE1;PHASE2,drug,1,6.0,INDUSTRY,COMPLETED,NON_RANDOMIZED,False,NONE,0.0,False,False,SINGLE_GROUP,False,none/single-group,False,,,,,False,True,False,False,False,0,False,,False,True
NCT02079532,2006.0,<=2015,PHASE3,drug,1,302.0,INDUSTRY,COMPLETED,NA,False,NONE,0.0,False,False,SINGLE_GROUP,True,none/single-group,False,302.0,273.0,0.09602649006622521,True,True,True,False,True,False,0,False,,False,
NCT00929864,2009.0,<=2015,PHASE3,drug,2,869.0,INDUSTRY,COMPLETED,RANDOMIZED,True,SINGLE,1.0,True,False,PARALLEL,True,active,True,646.0,497.0,0.2306501547987616,False,True,True,False,True,False,9,True,,False,False
NCT00062465,2003.0,<=2015,PHASE2,drug,0,157.0,NIH,COMPLETED,,False,,,False,False,,True,none/single-group,False,,,,,False,True,False,False,False,0,False,,False,
NCT01362673,2011.0,<=2015,PHASE1,drug,2,27.0,INDUSTRY,COMPLETED,RANDOMIZED,True,DOUBLE,2.0,True,True,CROSSOVER,False,none/single-group,False,,,,,False,True,False,False,False,0,False,,False,False
NCT00345748,2006.0,<=2015,PHASE2,drug,3,194.0,INDUSTRY,COMPLETED,RANDOMIZED,True,DOUBLE,2.0,True,True,PARALLEL,True,placebo/sham,True,,,,,False,True,True,False,False,0,False,,False,False
NCT01548001,2012.0,<=2015,PHASE4,drug,3,910.0,INDUSTRY,UNKNOWN,RANDOMIZED,True,QUADRUPLE,4.0,True,True,PARALLEL,True,active,True,,,,,True,True,True,False,False,1,True,UNDECIDED,False,False
NCT00938587,2009.0,<=2015,PHASE2,drug,4,86.0,INDUSTRY,COMPLETED,RANDOMIZED,True,QUADRUPLE,4.0,True,True,PARALLEL,True,placebo/sham,True,86.0,79.0,0.08139534883720934,True,False,True,True,True,False,0,False,YES,True,False
NCT00637793,2008.0,<=2015,PHASE2,drug,4,24.0,INDUSTRY,COMPLETED,RANDOMIZED,True,DOUBLE,2.0,True,True,CROSSOVER,False,placebo/sham,True,,,,,False,True,True,False,False,0,False,,False,False
NCT01936181,2013.0,<=2015,PHASE3,drug,4,584.0,INDUSTRY,COMPLETED,RANDOMIZED,True,QUADRUPLE,4.0,True,True,PARALLEL,True,active,True,584.0,452.0,0.226027397260274,False,True,True,True,True,False,4,True,,False,True
NCT01772316,2012.0,<=2015,PHASE3,drug,1,47.0,INDUSTRY,COMPLETED,NA,False,NONE,0.0,False,False,SINGLE_GROUP,False,none/single-group,False,47.0,40.0,0.14893617021276595,True,True,True,False,True,False,0,False,,False,True
NCT07008196,2025.0,2021-2026,PHASE4,drug,1,30.0,OTHER,NOT_YET_RECRUITING,NA,False,NONE,0.0,False,False,SINGLE_GROUP,False,none/single-group,False,,,,,True,True,False,False,False,0,False,NO,False,False
NCT02808871,2017.0,2016-2020,PHASE2,drug,2,123.0,OTHER,COMPLETED,RANDOMIZED,True,TRIPLE,3.0,True,True,PARALLEL,True,placebo/sham,True,123.0,103.0,0.16260162601626016,True,False,True,False,True,False,2,True,NO,False,True
NCT01875991,2013.0,<=2015,PHASE4,drug,2,217.0,INDUSTRY,COMPLETED,RANDOMIZED,True,NONE,0.0,False,False,CROSSOVER,True,none/single-group,False,217.0,204.0,0.05990783410138245,True,True,True,False,True,False,0,False,,False,False
NCT07121777,2025.0,2021-2026,NA,drug,1,18.0,OTHER_GOV,RECRUITING,NA,False,NONE,0.0,False,False,SINGLE_GROUP,False,none/single-group,False,,,,,False,True,False,False,False,0,False,,False,True
NCT06309030,2024.0,2021-2026,NA,drug,2,72.0,OTHER,NOT_YET_RECRUITING,RANDOMIZED,True,QUADRUPLE,4.0,True,True,PARALLEL,True,placebo/sham,True,,,,,False,True,False,False,False,0,False,,False,False
NCT00851240,2009.0,<=2015,PHASE1,drug,2,24.0,INDUSTRY,COMPLETED,RANDOMIZED,True,QUADRUPLE,4.0,True,True,PARALLEL,False,placebo/sham,True,,,,,False,True,False,False,False,0,False,,False,
NCT00264550,2005.0,<=2015,PHASE3,drug,4,444.0,INDUSTRY,COMPLETED,RANDOMIZED,True,QUADRUPLE,4.0,True,True,PARALLEL,True,placebo/sham,True,444.0,313.0,0.29504504504504503,False,True,True,True,True,False,8,True,,False,True
NCT07671222,2026.0,2021-2026,PHASE2,drug,2,38.0,OTHER,NOT_YET_RECRUITING,RANDOMIZED,True,TRIPLE,3.0,True,True,PARALLEL,False,active,True,,,,,False,True,False,False,False,0,False,NO,False,False
NCT06055023,2023.0,2021-2026,PHASE1,drug,2,69.0,INDUSTRY,COMPLETED,RANDOMIZED,True,QUADRUPLE,4.0,True,True,SEQUENTIAL,True,placebo/sham,True,,,,,False,False,False,False,False,0,False,NO,False,True
NCT00642629,2005.0,<=2015,PHASE2,drug,2,35.0,INDUSTRY,COMPLETED,RANDOMIZED,True,QUADRUPLE,4.0,True,True,PARALLEL,False,placebo/sham,True,,,,,False,True,False,False,False,1,True,,False,False
NCT04704492,2012.0,<=2015,PHASE1,drug,1,8.0,INDUSTRY,COMPLETED,NA,False,NONE,0.0,False,False,SINGLE_GROUP,False,none/single-group,False,,,,,False,True,False,False,False,0,False,,False,False
NCT03823378,2019.0,2016-2020,PHASE2,drug,6,97.0,INDUSTRY,TERMINATED,RANDOMIZED,True,QUADRUPLE,4.0,True,True,PARALLEL,True,none/single-group,False,97.0,14.0,0.8556701030927836,False,False,True,True,True,False,0,False,YES,True,True
NCT01317797,2011.0,<=2015,PHASE1,drug,3,24.0,INDUSTRY,COMPLETED,RANDOMIZED,True,QUADRUPLE,4.0,True,True,SINGLE_GROUP,False,placebo/sham,True,24.0,22.0,0.08333333333333337,True,False,True,True,True,False,1,True,,False,False
NCT02565810,2015.0,<=2015,PHASE2,drug,1,49.0,INDUSTRY,COMPLETED,NA,False,NONE,0.0,False,False,SINGLE_GROUP,False,none/single-group,False,49.0,48.0,0.020408163265306145,True,False,False,False,True,False,1,True,,False,False
NCT02892370,2016.0,2016-2020,PHASE1,drug,2,14.0,INDUSTRY,UNKNOWN,RANDOMIZED,True,NONE,0.0,False,False,CROSSOVER,False,none/single-group,False,,,,,False,True,False,False,False,0,False,UNDECIDED,False,False
NCT05238896,2022.0,2021-2026,PHASE4,drug,2,5.0,OTHER,TERMINATED,RANDOMIZED,True,QUADRUPLE,4.0,True,True,PARALLEL,False,placebo/sham,True,,,,,True,True,False,False,False,0,False,YES,True,False
NCT00221000,2003.0,<=2015,PHASE2,both,0,86.0,INDUSTRY,COMPLETED,RANDOMIZED,True,QUADRUPLE,4.0,True,True,PARALLEL,True,none/single-group,False,,,,,False,True,False,False,False,0,False,,False,False
NCT06656169,2021.0,2021-2026,PHASE1;PHASE2,drug,2,25.0,OTHER_GOV,COMPLETED,RANDOMIZED,True,QUADRUPLE,4.0,True,True,PARALLEL,False,placebo/sham,True,,,,,False,True,False,False,True,0,False,NO,False,True
NCT03120949,2017.0,2016-2020,PHASE3,drug,2,2106.0,INDUSTRY,COMPLETED,RANDOMIZED,True,NONE,0.0,False,False,PARALLEL,True,none/single-group,False,2105.0,1674.0,0.204750593824228,False,True,True,False,True,False,1,True,,False,True
NCT07252271,2025.0,2021-2026,PHASE4,drug,2,112.0,OTHER,NOT_YET_RECRUITING,RANDOMIZED,True,QUADRUPLE,4.0,True,True,PARALLEL,True,placebo/sham,True,,,,,True,True,False,False,False,0,False,,False,
NCT00012506,,,PHASE3,drug,0,,NIH,UNKNOWN,,False,,,False,False,,,none/single-group,False,,,,,True,True,False,False,False,0,False,,False,
NCT04311567,2020.0,2016-2020,PHASE4,drug,2,3.0,OTHER_GOV,TERMINATED,RANDOMIZED,True,SINGLE,1.0,True,False,PARALLEL,False,active,True,,,,,True,True,False,False,False,0,False,,False,True
NCT03434106,2018.0,2016-2020,NA,drug,4,60.0,OTHER,UNKNOWN,NON_RANDOMIZED,False,NONE,0.0,False,False,PARALLEL,True,none/single-group,False,,,,,False,True,True,False,False,0,False,,False,False
NCT01023100,2010.0,<=2015,PHASE1,drug,1,5.0,INDUSTRY,COMPLETED,NON_RANDOMIZED,False,NONE,0.0,False,False,SINGLE_GROUP,False,none/single-group,False,,,,,False,False,False,False,False,0,False,,False,False
NCT00548834,2003.0,<=2015,PHASE3,drug,0,220.0,INDUSTRY,COMPLETED,RANDOMIZED,True,QUADRUPLE,4.0,True,True,PARALLEL,True,none/single-group,False,,,,,True,True,False,False,True,0,False,,False,False
NCT04585711,2026.0,2021-2026,PHASE1,drug,1,0.0,OTHER,WITHDRAWN,NA,False,NONE,0.0,False,False,SINGLE_GROUP,False,none/single-group,False,,,,,False,False,False,False,False,0,False,NO,False,True
NCT07649265,2026.0,2021-2026,PHASE1,drug,2,63.0,INDUSTRY,NOT_YET_RECRUITING,NON_RANDOMIZED,False,NONE,0.0,False,False,SEQUENTIAL,True,none/single-group,False,,,,,False,True,False,False,False,0,False,YES,True,True
NCT00468546,2003.0,<=2015,PHASE3,drug,2,520.0,INDUSTRY,COMPLETED,RANDOMIZED,True,DOUBLE,2.0,True,True,PARALLEL,True,placebo/sham,True,516.0,364.0,0.2945736434108527,False,True,True,False,True,False,2,True,,False,
NCT02149121,2014.0,<=2015,PHASE3,drug,3,384.0,INDUSTRY,COMPLETED,RANDOMIZED,True,QUADRUPLE,4.0,True,True,PARALLEL,True,active,True,372.0,330.0,0.11290322580645162,True,True,True,True,True,False,3,True,,False,True
NCT00078806,2001.0,<=2015,PHASE3,drug,4,19.0,INDUSTRY,TERMINATED,RANDOMIZED,True,DOUBLE,2.0,True,True,PARALLEL,False,placebo/sham,True,19.0,9.0,0.5263157894736843,False,True,True,True,True,False,0,False,,False,
NCT01211249,2010.0,<=2015,PHASE2,drug,4,30.0,INDUSTRY,COMPLETED,RANDOMIZED,True,QUADRUPLE,4.0,True,True,PARALLEL,False,placebo/sham,True,,,,,False,True,True,False,False,1,True,,False,True
NCT01724268,2012.0,<=2015,PHASE3,drug,2,80.0,INDUSTRY,UNKNOWN,RANDOMIZED,True,NONE,0.0,False,False,PARALLEL,False,active,True,,,,,True,True,False,False,False,0,False,,False,True
NCT02880670,2016.0,2016-2020,PHASE1,drug,1,9.0,INDUSTRY,COMPLETED,NA,False,NONE,0.0,False,False,SINGLE_GROUP,False,none/single-group,False,,,,,False,True,False,False,False,0,False,UNDECIDED,False,False
NCT02264301,2014.0,<=2015,NA,drug,2,150.0,OTHER,UNKNOWN,RANDOMIZED,True,SINGLE,1.0,True,False,PARALLEL,True,active,True,,,,,False,True,False,False,False,0,False,,False,True
NCT01277991,2011.0,<=2015,PHASE1,drug,2,30.0,INDUSTRY,COMPLETED,RANDOMIZED,True,NONE,0.0,False,False,CROSSOVER,True,none/single-group,False,,,,,False,False,False,False,False,0,False,,False,False
NCT01618968,2012.0,<=2015,PHASE2,drug,4,49.0,INDUSTRY,COMPLETED,RANDOMIZED,True,NONE,0.0,False,False,CROSSOVER,False,none/single-group,False,49.0,47.0,0.04081632653061229,True,False,True,True,True,False,1,True,,False,False
NCT00563849,2003.0,<=2015,PHASE4,drug,0,74.0,INDUSTRY,COMPLETED,NA,False,NONE,0.0,False,False,SINGLE_GROUP,False,none/single-group,False,,,,,True,True,False,False,False,0,False,,False,False
NCT00613106,2007.0,<=2015,PHASE3,drug,2,179.0,INDUSTRY,COMPLETED,RANDOMIZED,True,QUADRUPLE,4.0,True,True,PARALLEL,True,active,True,179.0,150.0,0.16201117318435754,True,True,False,False,True,False,0,False,,False,True
NCT01873443,2013.0,<=2015,PHASE1,drug,1,87.0,INDUSTRY,COMPLETED,NA,False,NONE,0.0,False,False,SINGLE_GROUP,True,none/single-group,False,,,,,False,True,False,False,False,1,True,,False,False
NCT00902369,2009.0,<=2015,PHASE2,drug,3,130.0,INDUSTRY,COMPLETED,RANDOMIZED,True,QUADRUPLE,4.0,True,True,PARALLEL,True,placebo/sham,True,,,,,False,True,True,False,False,1,True,,False,
NCT02049138,2014.0,<=2015,PHASE2,drug,1,493.0,INDUSTRY,COMPLETED,NA,False,NONE,0.0,False,False,SINGLE_GROUP,True,none/single-group,False,493.0,223.0,0.5476673427991887,False,False,True,False,True,False,3,True,YES,True,False
NCT00576706,2007.0,<=2015,PHASE3,drug,2,396.0,INDUSTRY,COMPLETED,RANDOMIZED,True,QUADRUPLE,4.0,True,True,PARALLEL,True,active,True,,,,,True,False,False,False,False,0,False,,False,
NCT01026519,2008.0,<=2015,PHASE1,drug,4,32.0,INDUSTRY,COMPLETED,RANDOMIZED,True,QUADRUPLE,4.0,True,True,PARALLEL,True,placebo/sham,True,,,,,False,True,True,False,False,0,False,,False,
NCT00037648,2000.0,<=2015,PHASE2,drug,2,86.0,INDUSTRY,COMPLETED,RANDOMIZED,True,DOUBLE,2.0,True,True,PARALLEL,True,placebo/sham,True,,,,,False,True,False,False,False,0,False,,False,
NCT00934648,2007.0,<=2015,PHASE4,drug,1,15.0,INDUSTRY,COMPLETED,NON_RANDOMIZED,False,NONE,0.0,False,False,SINGLE_GROUP,False,none/single-group,False,15.0,6.0,0.6,False,True,True,False,True,False,0,False,,False,
NCT00413660,2007.0,<=2015,PHASE2,drug,7,509.0,INDUSTRY,COMPLETED,RANDOMIZED,True,QUADRUPLE,4.0,True,True,PARALLEL,True,placebo/sham,True,509.0,450.0,0.11591355599214148,True,False,True,True,True,False,15,True,,False,False
NCT04514614,2020.0,2016-2020,EARLY_PHASE1,drug,1,100.0,OTHER,UNKNOWN,NA,False,NONE,0.0,False,False,SINGLE_GROUP,True,none/single-group,False,,,,,False,False,False,False,False,2,True,,False,False
NCT04634253,2021.0,2021-2026,PHASE2,drug,3,98.0,INDUSTRY,COMPLETED,RANDOMIZED,True,DOUBLE,2.0,True,True,PARALLEL,True,placebo/sham,True,98.0,91.0,0.0714285714285714,True,False,True,True,True,False,2,True,YES,True,False
NCT06753565,2024.0,2021-2026,PHASE2,drug,2,60.0,OTHER,RECRUITING,RANDOMIZED,True,QUADRUPLE,4.0,True,True,PARALLEL,True,placebo/sham,True,,,,,False,True,False,False,False,0,False,UNDECIDED,False,False
NCT07632846,2026.0,2021-2026,PHASE2,drug,2,50.0,OTHER,RECRUITING,RANDOMIZED,True,QUADRUPLE,4.0,True,True,PARALLEL,True,none/single-group,False,,,,,False,True,False,False,False,0,False,UNDECIDED,False,False
NCT03890302,2019.0,2016-2020,PHASE1,drug,5,31.0,INDUSTRY,COMPLETED,RANDOMIZED,True,DOUBLE,2.0,True,True,SEQUENTIAL,True,none/single-group,False,,,,,False,True,True,False,False,0,False,NO,False,False
NCT00411424,2007.0,<=2015,PHASE1;PHASE2,drug,2,54.0,INDUSTRY,COMPLETED,RANDOMIZED,True,QUADRUPLE,4.0,True,True,PARALLEL,True,placebo/sham,True,,,,,False,True,False,False,False,0,False,,False,False
NCT00432484,2005.0,<=2015,PHASE2,drug,1,70.0,OTHER,COMPLETED,RANDOMIZED,True,QUADRUPLE,4.0,True,True,PARALLEL,True,placebo/sham,True,,,,,False,True,False,False,False,1,True,,False,False
NCT01313520,2011.0,<=2015,PHASE2,drug,2,61.0,INDUSTRY,COMPLETED,RANDOMIZED,True,TRIPLE,3.0,True,True,PARALLEL,True,placebo/sham,True,61.0,61.0,0.0,True,False,True,False,True,False,2,True,YES,True,False
NCT07684157,2026.0,2021-2026,PHASE2,drug,1,32.0,INDUSTRY,NOT_YET_RECRUITING,NON_RANDOMIZED,False,NONE,0.0,False,False,PARALLEL,False,none/single-group,False,,,,,False,True,False,False,False,0,False,UNDECIDED,False,False
NCT06917742,2025.0,2021-2026,PHASE1,drug,4,64.0,INDUSTRY,RECRUITING,NON_RANDOMIZED,False,NONE,0.0,False,False,SEQUENTIAL,True,none/single-group,False,,,,,False,True,True,False,False,0,False,NO,False,True
NCT02092467,2014.0,<=2015,PHASE4,drug,3,4372.0,INDUSTRY,COMPLETED,RANDOMIZED,True,NONE,0.0,False,False,PARALLEL,True,active,True,4372.0,3111.0,0.2884263494967978,False,True,True,True,True,False,13,True,YES,True,True
NCT01612377,2012.0,<=2015,PHASE2,drug,3,18.0,INDUSTRY,TERMINATED,RANDOMIZED,True,QUADRUPLE,4.0,True,True,PARALLEL,False,active,True,,,,,False,True,True,False,False,0,False,,False,False
NCT03215407,2017.0,2016-2020,PHASE4,drug,2,60.0,OTHER,UNKNOWN,RANDOMIZED,True,DOUBLE,2.0,True,True,PARALLEL,False,active,True,,,,,True,True,False,False,False,0,False,,False,
NCT01347983,2011.0,<=2015,PHASE3,drug,0,72.0,INDUSTRY,COMPLETED,NON_RANDOMIZED,False,NONE,0.0,False,False,SINGLE_GROUP,False,none/single-group,False,,,,,True,True,False,False,False,0,False,,False,False
NCT00195663,2000.0,<=2015,PHASE3,drug,3,799.0,INDUSTRY,COMPLETED,RANDOMIZED,True,DOUBLE,2.0,True,True,PARALLEL,True,none/single-group,False,799.0,526.0,0.34167709637046306,False,True,True,True,True,False,12,True,,False,False
NCT02908490,2017.0,2016-2020,PHASE2,drug,2,25.0,OTHER,TERMINATED,RANDOMIZED,True,DOUBLE,2.0,True,True,CROSSOVER,False,placebo/sham,True,25.0,21.0,0.16000000000000003,True,False,False,False,True,False,0,False,YES,True,False
NCT01217814,2010.0,<=2015,PHASE2,drug,3,16.0,INDUSTRY,TERMINATED,RANDOMIZED,True,TRIPLE,3.0,True,True,PARALLEL,False,placebo/sham,True,16.0,13.0,0.1875,True,False,True,True,True,False,0,False,,False,True
NCT05858788,2023.0,2021-2026,PHASE1,drug,1,10.0,INDUSTRY,COMPLETED,NA,False,NONE,0.0,False,False,SEQUENTIAL,False,none/single-group,False,,,,,False,True,False,False,False,0,False,YES,True,False
NCT05606107,2022.0,2021-2026,PHASE4,drug,2,230.0,OTHER,UNKNOWN,RANDOMIZED,True,NONE,0.0,False,False,PARALLEL,True,active,True,,,,,True,True,False,False,False,0,False,,False,
NCT06945666,2025.0,2021-2026,PHASE4,drug,1,200.0,OTHER,NOT_YET_RECRUITING,NA,False,NONE,0.0,False,False,SINGLE_GROUP,True,none/single-group,False,,,,,True,True,False,False,False,0,False,NO,False,False
NCT00445770,2006.0,<=2015,PHASE3,drug,3,550.0,INDUSTRY,COMPLETED,RANDOMIZED,True,TRIPLE,3.0,True,True,PARALLEL,True,active,True,550.0,431.0,0.2163636363636363,False,True,True,True,True,False,2,True,,False,False
NCT00101829,2004.0,<=2015,PHASE1,drug,1,12.0,NIH,COMPLETED,NA,False,NONE,0.0,False,False,SINGLE_GROUP,False,none/single-group,False,,,,,False,True,False,False,True,0,False,,False,True
NCT03605251,2018.0,2016-2020,PHASE2,drug,3,91.0,INDUSTRY,COMPLETED,RANDOMIZED,True,QUADRUPLE,4.0,True,True,PARALLEL,True,placebo/sham,True,,,,,False,True,True,False,False,1,True,UNDECIDED,False,False
NCT02930343,2016.0,2016-2020,PHASE3,drug,2,136.0,OTHER_GOV,TERMINATED,RANDOMIZED,True,NONE,0.0,False,False,PARALLEL,True,active,True,136.0,120.0,0.11764705882352944,True,True,True,False,True,False,1,True,NO,False,False
NCT05660655,2022.0,2021-2026,PHASE4,drug,2,94.0,OTHER,COMPLETED,RANDOMIZED,True,NONE,0.0,False,False,PARALLEL,False,active,True,,,,,True,True,False,False,True,1,True,NO,False,True
NCT00984815,2009.0,<=2015,PHASE3,drug,1,86.0,INDUSTRY,COMPLETED,NON_RANDOMIZED,False,NONE,0.0,False,False,SINGLE_GROUP,False,none/single-group,False,86.0,56.0,0.34883720930232553,False,True,True,False,True,False,1,True,,False,False
NCT00542022,2004.0,<=2015,PHASE2,drug,0,149.0,INDUSTRY,COMPLETED,RANDOMIZED,True,DOUBLE,2.0,True,True,PARALLEL,True,none/single-group,False,,,,,False,True,False,False,False,0,False,,False,
NCT02164214,2011.0,<=2015,PHASE3,drug,2,60.0,OTHER,COMPLETED,NON_RANDOMIZED,False,NONE,0.0,False,False,PARALLEL,False,active,True,,,,,True,True,False,False,False,1,True,,False,False
NCT01355354,2011.0,<=2015,PHASE1,drug,2,21.0,INDUSTRY,COMPLETED,NON_RANDOMIZED,False,NONE,0.0,False,False,SINGLE_GROUP,False,none/single-group,False,,,,,False,False,False,False,False,1,True,,False,
NCT01336218,2011.0,<=2015,PHASE1,drug,2,15.0,INDUSTRY,COMPLETED,NON_RANDOMIZED,False,NONE,0.0,False,False,CROSSOVER,False,none/single-group,False,,,,,False,False,False,False,False,0,False,,False,
NCT01430507,2011.0,<=2015,PHASE2,drug,4,406.0,INDUSTRY,COMPLETED,RANDOMIZED,True,DOUBLE,2.0,True,True,PARALLEL,True,placebo/sham,True,,,,,False,True,True,False,False,0,False,,False,False
NCT01717846,2012.0,<=2015,PHASE4,drug,2,0.0,OTHER,WITHDRAWN,NON_RANDOMIZED,False,NONE,0.0,False,False,PARALLEL,False,none/single-group,False,,,,,True,True,False,False,False,0,False,,False,False
NCT01283971,2011.0,<=2015,PHASE4,drug,2,96.0,INDUSTRY,TERMINATED,RANDOMIZED,True,NONE,0.0,False,False,PARALLEL,False,active,True,96.0,69.0,0.28125,False,True,True,False,True,False,0,False,,False,
NCT03417778,2018.0,2016-2020,PHASE1,drug,3,20.0,INDUSTRY,COMPLETED,NON_RANDOMIZED,False,NONE,0.0,False,False,PARALLEL,False,none/single-group,False,20.0,20.0,0.0,True,False,True,True,True,True,0,False,NO,False,False
NCT01721044,2013.0,<=2015,PHASE3,drug,3,527.0,INDUSTRY,COMPLETED,RANDOMIZED,True,QUADRUPLE,4.0,True,True,PARALLEL,True,placebo/sham,True,527.0,459.0,0.12903225806451613,True,True,True,True,True,False,9,True,YES,True,True
NCT03254966,2017.0,2016-2020,PHASE2,drug,5,194.0,INDUSTRY,COMPLETED,RANDOMIZED,True,QUADRUPLE,4.0,True,True,PARALLEL,True,placebo/sham,True,,,,,False,True,True,False,False,0,False,UNDECIDED,False,
NCT01154647,2010.0,<=2015,NA,drug,2,70.0,OTHER,UNKNOWN,RANDOMIZED,True,TRIPLE,3.0,True,True,CROSSOVER,True,placebo/sham,True,,,,,False,False,False,False,False,1,True,,False,False
NCT00544154,2002.0,<=2015,PHASE3,drug,0,247.0,INDUSTRY,COMPLETED,RANDOMIZED,True,DOUBLE,2.0,True,True,PARALLEL,True,none/single-group,False,,,,,True,True,False,False,True,0,False,,False,False
NCT02370550,2015.0,<=2015,PHASE4,drug,2,240.0,OTHER,UNKNOWN,RANDOMIZED,True,QUADRUPLE,4.0,True,True,PARALLEL,True,placebo/sham,True,,,,,True,True,False,False,False,0,False,,False,True
NCT02551575,2014.0,<=2015,PHASE2;PHASE3,drug,3,468.0,OTHER,UNKNOWN,RANDOMIZED,True,DOUBLE,2.0,True,True,PARALLEL,True,active,True,,,,,True,True,True,False,False,1,True,,False,True
NCT02330445,2015.0,<=2015,PHASE1;PHASE2,drug,2,13.0,INDUSTRY,COMPLETED,NON_RANDOMIZED,False,NONE,0.0,False,False,PARALLEL,False,none/single-group,False,,,,,False,True,False,False,False,0,False,NO,False,True
NCT02092961,2011.0,<=2015,PHASE2,drug,3,198.0,INDUSTRY,TERMINATED,RANDOMIZED,True,QUADRUPLE,4.0,True,True,PARALLEL,True,placebo/sham,True,90.0,39.0,0.5666666666666667,False,False,True,True,True,False,0,False,,False,True
NCT02067910,2014.0,<=2015,PHASE3,drug,2,80.0,OTHER,COMPLETED,RANDOMIZED,True,QUADRUPLE,4.0,True,True,PARALLEL,False,placebo/sham,True,,,,,True,True,False,False,False,2,True,,False,True
NCT00443651,2007.0,<=2015,PHASE3,drug,2,578.0,INDUSTRY,COMPLETED,NON_RANDOMIZED,False,NONE,0.0,False,False,PARALLEL,True,none/single-group,False,577.0,424.0,0.2651646447140381,False,True,True,False,True,False,1,True,,False,
NCT06126042,2023.0,2021-2026,PHASE1,drug,3,330.0,INDUSTRY,UNKNOWN,RANDOMIZED,True,DOUBLE,2.0,True,True,PARALLEL,True,active,True,,,,,False,False,True,False,False,0,False,UNDECIDED,False,False
NCT03976245,2020.0,2016-2020,PHASE4,drug,2,144.0,OTHER,RECRUITING,RANDOMIZED,True,NONE,0.0,False,False,PARALLEL,True,active,True,,,,,True,True,False,False,False,0,False,NO,False,False
NCT00504595,2007.0,<=2015,PHASE2,drug,2,80.0,INDUSTRY,COMPLETED,RANDOMIZED,True,QUADRUPLE,4.0,True,True,PARALLEL,True,placebo/sham,True,80.0,77.0,0.03749999999999998,True,False,True,False,True,False,0,False,,False,False
NCT00147498,2005.0,<=2015,PHASE2,drug,4,264.0,INDUSTRY,COMPLETED,RANDOMIZED,True,QUADRUPLE,4.0,True,True,PARALLEL,True,placebo/sham,True,264.0,218.0,0.1742424242424242,True,False,True,True,True,False,13,True,,False,False
NCT02698657,2016.0,2016-2020,PHASE1,drug,2,30.0,INDUSTRY,COMPLETED,RANDOMIZED,True,DOUBLE,2.0,True,True,SINGLE_GROUP,True,placebo/sham,True,,,,,False,False,False,False,False,0,False,NO,False,True
NCT01172639,2009.0,<=2015,PHASE4,drug,5,400.0,OTHER,COMPLETED,RANDOMIZED,True,NONE,0.0,False,False,PARALLEL,True,none/single-group,False,379.0,322.0,0.1503957783641161,True,True,True,True,True,True,6,True,UNDECIDED,False,True
NCT02644499,2015.0,<=2015,PHASE4,drug,2,186.0,OTHER_GOV,COMPLETED,RANDOMIZED,True,NONE,0.0,False,False,PARALLEL,True,active,True,,,,,True,True,False,False,False,0,False,NO,False,False
NCT05069714,2021.0,2021-2026,PHASE3,drug,2,184.0,OTHER,COMPLETED,RANDOMIZED,True,DOUBLE,2.0,True,True,PARALLEL,True,active,True,,,,,True,True,False,False,True,1,True,UNDECIDED,False,False
NCT00365001,,,PHASE1,drug,2,23.0,INDUSTRY,COMPLETED,RANDOMIZED,True,NONE,0.0,False,False,PARALLEL,False,active,True,,,,,False,True,False,False,False,1,True,,False,
NCT01655381,2012.0,<=2015,PHASE3,drug,1,15.0,INDUSTRY,COMPLETED,NA,False,NONE,0.0,False,False,SINGLE_GROUP,False,none/single-group,False,15.0,12.0,0.19999999999999996,True,True,True,False,True,False,0,False,,False,
NCT02319642,2014.0,<=2015,PHASE3,drug,1,347.0,INDUSTRY,COMPLETED,NA,False,NONE,0.0,False,False,SINGLE_GROUP,True,none/single-group,False,346.0,336.0,0.028901734104046284,True,True,True,False,True,False,0,False,,False,True
NCT00105976,2005.0,<=2015,PHASE2,drug,0,260.0,INDUSTRY,COMPLETED,RANDOMIZED,True,DOUBLE,2.0,True,True,PARALLEL,True,none/single-group,False,,,,,False,True,False,False,False,0,False,,False,
NCT00072982,2006.0,<=2015,PHASE3,drug,3,156.0,NIH,UNKNOWN,RANDOMIZED,True,TRIPLE,3.0,True,True,PARALLEL,True,active,True,,,,,True,True,True,False,False,0,False,,False,True
NCT06716476,2022.0,2021-2026,PHASE4,drug,2,100.0,OTHER,COMPLETED,RANDOMIZED,True,SINGLE,1.0,True,False,PARALLEL,True,active,True,,,,,True,True,False,False,False,1,True,UNDECIDED,False,False
NCT01638715,2012.0,<=2015,PHASE4,drug,4,115.0,OTHER,COMPLETED,RANDOMIZED,True,NONE,0.0,False,False,PARALLEL,True,none/single-group,False,,,,,True,True,True,False,False,1,True,,False,False
NCT00326339,2006.0,<=2015,PHASE2,drug,4,189.0,INDUSTRY,COMPLETED,RANDOMIZED,True,QUADRUPLE,4.0,True,True,PARALLEL,True,placebo/sham,True,,,,,False,True,True,False,False,0,False,,False,True
NCT00753454,2008.0,<=2015,PHASE3,drug,1,168.0,INDUSTRY,COMPLETED,NA,False,NONE,0.0,False,False,SINGLE_GROUP,True,none/single-group,False,168.0,154.0,0.08333333333333337,True,True,True,False,True,False,0,False,,False,False
NCT00664521,2008.0,<=2015,PHASE2,drug,2,27.0,INDUSTRY,COMPLETED,RANDOMIZED,True,QUADRUPLE,4.0,True,True,PARALLEL,False,placebo/sham,True,27.0,20.0,0.2592592592592593,False,False,True,False,True,True,0,False,,False,
NCT00808509,2009.0,<=2015,PHASE4,drug,2,33.0,INDUSTRY,COMPLETED,RANDOMIZED,True,NONE,0.0,False,False,PARALLEL,False,active,True,33.0,26.0,0.21212121212121215,False,True,False,False,True,False,1,True,,False,False
NCT07087938,2028.0,2021-2026,PHASE1;PHASE2,drug,2,25.0,OTHER,SUSPENDED,RANDOMIZED,True,SINGLE,1.0,True,False,PARALLEL,False,active,True,,,,,False,True,False,False,False,0,False,NO,False,False
NCT00611455,2008.0,<=2015,PHASE3,drug,2,265.0,INDUSTRY,TERMINATED,RANDOMIZED,True,DOUBLE,2.0,True,True,PARALLEL,True,placebo/sham,True,265.0,238.0,0.10188679245283017,True,True,True,False,True,False,0,False,,False,False
NCT01934101,2013.0,<=2015,PHASE1,drug,2,64.0,INDUSTRY,TERMINATED,RANDOMIZED,True,QUADRUPLE,4.0,True,True,PARALLEL,True,placebo/sham,True,,,,,False,True,False,False,False,0,False,,False,True
NCT01316770,2011.0,<=2015,PHASE2,drug,2,14.0,NIH,TERMINATED,RANDOMIZED,True,DOUBLE,2.0,True,True,SINGLE_GROUP,False,placebo/sham,True,18.0,18.0,0.0,True,False,True,False,True,False,0,False,,False,True
NCT02715908,2016.0,2016-2020,PHASE3,drug,1,148.0,INDUSTRY,COMPLETED,NA,False,NONE,0.0,False,False,SINGLE_GROUP,True,none/single-group,False,,,,,True,True,False,False,False,1,True,UNDECIDED,False,False
NCT01600521,2004.0,<=2015,NA,drug,3,1748.0,OTHER,COMPLETED,RANDOMIZED,True,TRIPLE,3.0,True,True,PARALLEL,True,active,True,,,,,False,True,True,False,False,1,True,,False,True
NCT01120366,2009.0,<=2015,PHASE4,drug,2,233.0,NETWORK,COMPLETED,RANDOMIZED,True,NONE,0.0,False,False,PARALLEL,True,active,True,,,,,True,True,False,False,False,3,True,,False,True
NCT02242474,2015.0,<=2015,PHASE4,drug,2,660.0,OTHER,UNKNOWN,RANDOMIZED,True,NONE,0.0,False,False,PARALLEL,True,active,True,,,,,True,True,False,False,False,0,False,,False,True
NCT00650455,2003.0,<=2015,PHASE4,drug,3,489.0,INDUSTRY,COMPLETED,,False,DOUBLE,2.0,True,True,PARALLEL,True,placebo/sham,True,,,,,True,True,True,False,False,0,False,,False,False
NCT04541589,2021.0,2021-2026,PHASE2,drug,2,206.0,INDUSTRY,COMPLETED,NON_RANDOMIZED,False,QUADRUPLE,4.0,True,True,PARALLEL,True,none/single-group,False,206.0,180.0,0.12621359223300976,True,False,True,False,True,False,0,False,YES,True,True
NCT04740814,2021.0,2021-2026,PHASE1,drug,1,33.0,INDUSTRY,COMPLETED,NA,False,NONE,0.0,False,False,SINGLE_GROUP,True,none/single-group,False,33.0,23.0,0.303030303030303,False,False,False,False,True,False,0,False,NO,False,False
NCT00424502,2007.0,<=2015,PHASE4,drug,1,20.0,INDUSTRY,COMPLETED,NA,False,NONE,0.0,False,False,SINGLE_GROUP,False,none/single-group,False,20.0,20.0,0.0,True,True,True,False,True,False,0,False,,False,
NCT00259610,2004.0,<=2015,PHASE4,drug,4,755.0,OTHER,COMPLETED,RANDOMIZED,True,QUADRUPLE,4.0,True,True,FACTORIAL,True,active,True,755.0,517.0,0.31523178807947017,False,True,True,True,True,True,4,True,,False,True
NCT00996203,2009.0,<=2015,PHASE4,drug,1,201.0,INDUSTRY,COMPLETED,NON_RANDOMIZED,False,NONE,0.0,False,False,SINGLE_GROUP,True,none/single-group,False,201.0,194.0,0.03482587064676612,True,True,True,False,True,False,0,False,,False,
NCT02760316,2016.0,2016-2020,PHASE1,drug,9,64.0,INDUSTRY,COMPLETED,RANDOMIZED,True,SINGLE,1.0,True,False,PARALLEL,True,active,True,,,,,False,True,True,False,False,1,True,,False,False
NCT01907230,2013.0,<=2015,PHASE4,drug,2,115.0,OTHER_GOV,UNKNOWN,RANDOMIZED,True,NONE,0.0,False,False,PARALLEL,True,no-intervention,True,,,,,True,False,False,False,False,0,False,,False,False
NCT01232569,2011.0,<=2015,PHASE3,drug,2,656.0,INDUSTRY,COMPLETED,RANDOMIZED,True,DOUBLE,2.0,True,True,PARALLEL,True,placebo/sham,True,656.0,619.0,0.05640243902439024,True,True,True,False,True,False,1,True,,False,
NCT02878161,2016.0,2016-2020,PHASE4,drug,3,240.0,OTHER,UNKNOWN,NON_RANDOMIZED,False,NONE,0.0,False,False,PARALLEL,True,none/single-group,False,,,,,True,False,True,False,False,0,False,NO,False,False
NCT03863405,2019.0,2016-2020,PHASE2,drug,2,60.0,OTHER,UNKNOWN,RANDOMIZED,True,SINGLE,1.0,True,False,PARALLEL,True,active,True,,,,,False,True,False,False,False,0,False,NO,False,False
NCT01251120,2011.0,<=2015,PHASE4,drug,2,2.0,INDUSTRY,TERMINATED,RANDOMIZED,True,NONE,0.0,False,False,PARALLEL,False,active,True,2.0,1.0,0.5,False,True,True,False,True,False,0,False,,False,
NCT00888745,2009.0,<=2015,PHASE1,drug,2,65.0,INDUSTRY,COMPLETED,RANDOMIZED,True,DOUBLE,2.0,True,True,PARALLEL,True,placebo/sham,True,,,,,False,True,False,False,False,1,True,,False,
NCT03699293,2018.0,2016-2020,PHASE4,drug,2,8.0,OTHER,TERMINATED,RANDOMIZED,True,NONE,0.0,False,False,CROSSOVER,False,active,True,8.0,6.0,0.25,False,True,False,False,True,False,0,False,NO,False,False
NCT02093026,2002.0,<=2015,PHASE2,drug,1,465.0,INDUSTRY,COMPLETED,NA,False,NONE,0.0,False,False,SINGLE_GROUP,True,none/single-group,False,465.0,272.0,0.4150537634408602,False,False,True,False,True,False,0,False,,False,
NCT03449758,2018.0,2016-2020,PHASE4,drug,1,84.0,INDUSTRY,COMPLETED,NA,False,NONE,0.0,False,False,SINGLE_GROUP,False,none/single-group,False,84.0,65.0,0.22619047619047616,False,True,True,False,True,False,0,False,YES,True,False
NCT02209779,2001.0,<=2015,PHASE2,drug,5,167.0,INDUSTRY,COMPLETED,RANDOMIZED,True,DOUBLE,2.0,True,True,PARALLEL,True,active,True,,,,,False,True,True,False,False,0,False,,False,
NCT00001677,1998.0,<=2015,PHASE2,drug,0,40.0,NIH,COMPLETED,,False,,,False,False,,False,none/single-group,False,,,,,False,True,False,False,False,0,False,,False,
NCT06146972,2021.0,2021-2026,PHASE4,drug,2,117.0,OTHER,UNKNOWN,RANDOMIZED,True,NONE,0.0,False,False,PARALLEL,True,none/single-group,False,,,,,True,True,False,False,False,0,False,,False,
NCT01486017,2011.0,<=2015,PHASE1,drug,3,30.0,INDUSTRY,COMPLETED,RANDOMIZED,True,NONE,0.0,False,False,CROSSOVER,True,none/single-group,False,,,,,False,False,True,False,False,0,False,,False,False
NCT03701789,2018.0,2016-2020,PHASE3,drug,1,15.0,OTHER,UNKNOWN,NA,False,NONE,0.0,False,False,SINGLE_GROUP,False,none/single-group,False,,,,,True,False,False,False,False,1,True,NO,False,
NCT01851278,2013.0,<=2015,NA,drug,2,60.0,OTHER,UNKNOWN,RANDOMIZED,True,DOUBLE,2.0,True,True,PARALLEL,True,active,True,,,,,False,True,False,False,True,0,False,,False,True
NCT01590459,2012.0,<=2015,PHASE2,drug,5,359.0,INDUSTRY,COMPLETED,RANDOMIZED,True,QUADRUPLE,4.0,True,True,PARALLEL,True,placebo/sham,True,,,,,False,True,True,False,False,0,False,,False,True
NCT04230213,2020.0,2016-2020,PHASE3,drug,2,455.0,INDUSTRY,COMPLETED,RANDOMIZED,True,NONE,0.0,False,False,PARALLEL,True,active,True,445.0,427.0,0.04044943820224722,True,True,True,False,True,False,1,True,YES,True,False
NCT06189495,2023.0,2021-2026,PHASE2,drug,2,30.0,INDUSTRY,RECRUITING,RANDOMIZED,True,QUADRUPLE,4.0,True,True,PARALLEL,False,placebo/sham,True,,,,,False,False,False,False,False,0,False,,False,False
NCT00647270,2007.0,<=2015,PHASE3,drug,3,420.0,INDUSTRY,COMPLETED,RANDOMIZED,True,QUADRUPLE,4.0,True,True,PARALLEL,True,placebo/sham,True,420.0,376.0,0.10476190476190472,True,True,True,True,True,False,1,True,,False,False
NCT00603525,2008.0,<=2015,PHASE3,drug,2,169.0,INDUSTRY,TERMINATED,RANDOMIZED,True,DOUBLE,2.0,True,True,PARALLEL,True,placebo/sham,True,169.0,130.0,0.23076923076923073,False,True,True,False,True,False,0,False,,False,False
NCT01270087,2005.0,<=2015,PHASE4,drug,1,14.0,OTHER,COMPLETED,NA,False,NONE,0.0,False,False,SINGLE_GROUP,False,none/single-group,False,,,,,True,True,False,False,False,0,False,,False,True
NCT05827497,2023.0,2021-2026,PHASE4,drug,2,132.0,OTHER,UNKNOWN,RANDOMIZED,True,NONE,0.0,False,False,PARALLEL,True,active,True,,,,,True,True,False,False,False,0,False,NO,False,False
NCT02897011,2016.0,2016-2020,NA,drug,2,318.0,OTHER,UNKNOWN,RANDOMIZED,True,SINGLE,1.0,True,False,PARALLEL,True,placebo/sham,True,,,,,False,True,False,False,False,2,True,UNDECIDED,False,True
NCT01547091,2013.0,<=2015,PHASE1;PHASE2,drug,3,200.0,INDUSTRY,UNKNOWN,NON_RANDOMIZED,False,NONE,0.0,False,False,SINGLE_GROUP,True,active,True,,,,,False,True,True,False,False,0,False,,False,False
NCT00727987,2008.0,<=2015,PHASE3,drug,3,269.0,INDUSTRY,COMPLETED,RANDOMIZED,True,TRIPLE,3.0,True,True,PARALLEL,True,placebo/sham,True,,,,,True,True,True,False,False,1,True,,False,False
NCT00502996,2006.0,<=2015,PHASE3,drug,1,246.0,INDUSTRY,COMPLETED,NA,False,NONE,0.0,False,False,SINGLE_GROUP,True,none/single-group,False,232.0,188.0,0.18965517241379315,True,True,True,False,True,False,0,False,,False,
NCT03625089,2018.0,2016-2020,NA,drug,2,0.0,OTHER,WITHDRAWN,RANDOMIZED,True,NONE,0.0,False,False,PARALLEL,False,active,True,,,,,False,False,False,False,False,0,False,NO,False,False
NCT01077531,2010.0,<=2015,PHASE1,drug,2,12.0,INDUSTRY,TERMINATED,RANDOMIZED,True,SINGLE,1.0,True,False,PARALLEL,False,placebo/sham,True,,,,,False,True,False,False,False,0,False,YES,True,False
NCT01039688,2010.0,<=2015,PHASE3,drug,3,956.0,INDUSTRY,COMPLETED,RANDOMIZED,True,QUADRUPLE,4.0,True,True,PARALLEL,True,active,True,956.0,658.0,0.3117154811715481,False,True,True,True,True,False,25,True,,False,True
NCT00588393,2006.0,<=2015,PHASE2,drug,0,75.0,OTHER,COMPLETED,NON_RANDOMIZED,False,NONE,0.0,False,False,SINGLE_GROUP,True,none/single-group,False,,,,,False,False,False,False,False,1,True,,False,
NCT01285752,2011.0,<=2015,PHASE2,drug,3,240.0,INDUSTRY,COMPLETED,RANDOMIZED,True,DOUBLE,2.0,True,True,PARALLEL,True,active,True,,,,,False,True,True,False,False,0,False,,False,
NCT00361335,2006.0,<=2015,PHASE3,drug,5,643.0,INDUSTRY,COMPLETED,RANDOMIZED,True,QUADRUPLE,4.0,True,True,PARALLEL,True,placebo/sham,True,643.0,522.0,0.18818040435458783,True,True,True,True,True,False,5,True,,False,True
NCT01197066,2010.0,<=2015,PHASE3,drug,1,110.0,INDUSTRY,COMPLETED,NA,False,NONE,0.0,False,False,SINGLE_GROUP,True,none/single-group,False,,,,,True,True,False,False,False,0,False,,False,False
NCT06747949,2025.0,2021-2026,PHASE3,drug,1,844.0,INDUSTRY,RECRUITING,NA,False,NONE,0.0,False,False,SINGLE_GROUP,True,none/single-group,False,,,,,True,True,False,False,False,0,False,YES,True,False
NCT05540938,2023.0,2021-2026,PHASE4,drug,2,340.0,OTHER,RECRUITING,RANDOMIZED,True,TRIPLE,3.0,True,True,PARALLEL,True,active,True,,,,,True,True,False,False,False,1,True,NO,False,
NCT01566201,2011.0,<=2015,NA,drug,2,80.0,OTHER,COMPLETED,RANDOMIZED,True,TRIPLE,3.0,True,True,CROSSOVER,True,placebo/sham,True,,,,,False,True,False,False,False,1,True,,False,True
NCT01357759,2013.0,<=2015,PHASE1,drug,2,20.0,INDUSTRY,COMPLETED,RANDOMIZED,True,TRIPLE,3.0,True,True,SINGLE_GROUP,False,placebo/sham,True,,,,,False,True,False,False,False,0,False,,False,False
NCT07100873,2025.0,2021-2026,PHASE1,drug,5,25.0,INDUSTRY,RECRUITING,RANDOMIZED,True,SINGLE,1.0,True,False,PARALLEL,False,none/single-group,False,,,,,False,True,True,False,False,0,False,NO,False,False
NCT01734993,2012.0,<=2015,PHASE3,drug,1,11.0,INDUSTRY,COMPLETED,NA,False,NONE,0.0,False,False,SINGLE_GROUP,False,none/single-group,False,11.0,9.0,0.18181818181818177,True,True,True,False,True,False,0,False,,False,
NCT01254331,2011.0,<=2015,PHASE3,drug,1,51.0,INDUSTRY,COMPLETED,NON_RANDOMIZED,False,NONE,0.0,False,False,SINGLE_GROUP,False,none/single-group,False,51.0,46.0,0.0980392156862745,True,True,True,False,True,False,0,False,,False,
NCT02770794,2016.0,2016-2020,PHASE4,drug,1,211.0,OTHER,COMPLETED,NA,False,NONE,0.0,False,False,SINGLE_GROUP,True,none/single-group,False,,,,,True,True,False,False,False,0,False,NO,False,True
NCT00523692,2007.0,<=2015,PHASE4,drug,2,20.0,OTHER,UNKNOWN,RANDOMIZED,True,SINGLE,1.0,True,False,PARALLEL,False,active,True,,,,,True,True,False,False,False,0,False,,False,False
NCT03394131,2017.0,2016-2020,NA,drug,3,90.0,OTHER,UNKNOWN,RANDOMIZED,True,QUADRUPLE,4.0,True,True,PARALLEL,True,placebo/sham,True,,,,,False,True,True,False,False,0,False,YES,True,
NCT01253291,2010.0,<=2015,PHASE1,drug,2,26.0,INDUSTRY,COMPLETED,NON_RANDOMIZED,False,NONE,0.0,False,False,SINGLE_GROUP,False,none/single-group,False,26.0,18.0,0.3076923076923077,False,False,True,False,True,False,0,False,NO,False,False
NCT00720798,2005.0,<=2015,PHASE3,drug,1,2067.0,INDUSTRY,COMPLETED,NA,False,NONE,0.0,False,False,SINGLE_GROUP,True,none/single-group,False,2067.0,1311.0,0.3657474600870827,False,True,True,False,True,False,1,True,,False,
NCT01313208,2011.0,<=2015,PHASE4,drug,2,210.0,INDUSTRY,COMPLETED,RANDOMIZED,True,TRIPLE,3.0,True,True,PARALLEL,True,placebo/sham,True,210.0,199.0,0.05238095238095242,True,True,True,False,True,False,0,False,,False,False
NCT03728478,2019.0,2016-2020,PHASE3,drug,2,260.0,OTHER,RECRUITING,RANDOMIZED,True,NONE,0.0,False,False,PARALLEL,True,no-intervention,True,,,,,True,True,False,False,False,2,True,NO,False,False
NCT01602302,2012.0,<=2015,PHASE4,drug,1,40.0,OTHER,TERMINATED,NA,False,NONE,0.0,False,False,SINGLE_GROUP,False,none/single-group,False,,,,,True,True,False,False,False,0,False,,False,True
NCT07237659,2026.0,2021-2026,PHASE1,drug,1,24.0,INDUSTRY,RECRUITING,NA,False,NONE,0.0,False,False,SINGLE_GROUP,False,none/single-group,False,,,,,False,True,False,False,False,0,False,NO,False,True
NCT05605665,2022.0,2021-2026,PHASE1;PHASE2,drug,3,30.0,OTHER,COMPLETED,RANDOMIZED,True,NONE,0.0,False,False,PARALLEL,False,active,True,,,,,False,True,True,False,False,0,False,,False,
NCT00048321,2002.0,<=2015,PHASE2,drug,0,160.0,INDUSTRY,COMPLETED,RANDOMIZED,True,DOUBLE,2.0,True,True,,True,none/single-group,False,,,,,False,True,False,False,False,1,True,,False,
NCT00673920,2008.0,<=2015,PHASE3,drug,8,314.0,INDUSTRY,TERMINATED,RANDOMIZED,True,DOUBLE,2.0,True,True,PARALLEL,True,placebo/sham,True,314.0,300.0,0.04458598726114649,True,True,True,True,True,False,1,True,YES,True,
NCT02167139,2014.0,<=2015,PHASE3,drug,2,544.0,INDUSTRY,COMPLETED,RANDOMIZED,True,QUADRUPLE,4.0,True,True,PARALLEL,True,active,True,544.0,508.0,0.06617647058823528,True,True,True,False,True,False,5,True,NO,False,True
NCT04496960,2021.0,2021-2026,PHASE1;PHASE2,drug,2,23.0,NIH,ACTIVE_NOT_RECRUITING,RANDOMIZED,True,TRIPLE,3.0,True,True,PARALLEL,False,placebo/sham,True,12.0,11.0,0.08333333333333337,True,False,True,False,True,False,0,False,YES,True,
NCT00497614,2006.0,<=2015,NA,drug,1,8.0,OTHER,COMPLETED,NON_RANDOMIZED,False,NONE,0.0,False,False,SINGLE_GROUP,False,none/single-group,False,,,,,False,True,False,False,False,0,False,,False,False
NCT01661140,2012.0,<=2015,PHASE4,drug,2,427.0,INDUSTRY,TERMINATED,RANDOMIZED,True,DOUBLE,2.0,True,True,PARALLEL,True,active,True,427.0,351.0,0.17798594847775173,True,True,True,False,True,False,0,False,,False,
NCT04350216,2020.0,2016-2020,PHASE4,drug,1,20.0,OTHER,UNKNOWN,NA,False,NONE,0.0,False,False,SINGLE_GROUP,False,none/single-group,False,,,,,True,True,False,False,False,0,False,NO,False,False
NCT01214733,2010.0,<=2015,PHASE3,drug,1,30.0,INDUSTRY,COMPLETED,NON_RANDOMIZED,False,NONE,0.0,False,False,SINGLE_GROUP,False,none/single-group,False,,,,,True,True,False,False,False,0,False,,False,
NCT00422942,2006.0,<=2015,PHASE2,drug,1,3.0,INDUSTRY,TERMINATED,NON_RANDOMIZED,False,NONE,0.0,False,False,SINGLE_GROUP,False,none/single-group,False,3.0,0.0,1.0,False,False,True,False,True,False,0,False,,False,
NCT07233655,2026.0,2021-2026,PHASE2,drug,2,30.0,INDUSTRY,ACTIVE_NOT_RECRUITING,RANDOMIZED,True,QUADRUPLE,4.0,True,True,PARALLEL,False,placebo/sham,True,,,,,False,True,False,False,False,0,False,UNDECIDED,False,
NCT05005806,2021.0,2021-2026,PHASE2;PHASE3,drug,2,100.0,OTHER,COMPLETED,RANDOMIZED,True,TRIPLE,3.0,True,True,PARALLEL,True,placebo/sham,True,,,,,True,True,False,False,False,0,False,,False,
NCT03895879,2020.0,2016-2020,PHASE4,drug,3,98.0,OTHER,UNKNOWN,RANDOMIZED,True,SINGLE,1.0,True,False,SEQUENTIAL,False,active,True,,,,,True,True,True,False,False,0,False,YES,True,True
NCT02247375,2000.0,<=2015,PHASE1,drug,3,26.0,INDUSTRY,COMPLETED,RANDOMIZED,True,DOUBLE,2.0,True,True,PARALLEL,False,placebo/sham,True,,,,,False,True,True,False,False,0,False,,False,
NCT01730456,2012.0,<=2015,PHASE3,drug,1,13.0,INDUSTRY,COMPLETED,NA,False,NONE,0.0,False,False,SINGLE_GROUP,False,none/single-group,False,,,,,True,True,False,False,False,0,False,,False,
NCT00887341,2009.0,<=2015,PHASE2,drug,2,76.0,INDUSTRY,COMPLETED,RANDOMIZED,True,NONE,0.0,False,False,PARALLEL,True,active,True,76.0,71.0,0.06578947368421051,True,False,True,False,True,False,0,False,,False,
NCT00883896,2009.0,<=2015,PHASE2,drug,5,195.0,INDUSTRY,COMPLETED,RANDOMIZED,True,QUADRUPLE,4.0,True,True,PARALLEL,True,placebo/sham,True,195.0,181.0,0.07179487179487176,True,False,True,True,True,False,0,False,YES,True,False
NCT05003310,2021.0,2021-2026,NA,both,7,28.0,INDUSTRY,RECRUITING,RANDOMIZED,True,QUADRUPLE,4.0,True,True,SEQUENTIAL,False,placebo/sham,True,,,,,False,True,True,False,False,0,False,,False,True
NCT02097264,2014.0,<=2015,PHASE2,drug,2,0.0,INDUSTRY,WITHDRAWN,RANDOMIZED,True,DOUBLE,2.0,True,True,PARALLEL,False,active,True,,,,,False,True,False,False,False,0,False,,False,False
NCT00963703,2007.0,<=2015,NA,drug,1,15.0,OTHER,COMPLETED,NA,False,NONE,0.0,False,False,SINGLE_GROUP,False,none/single-group,False,,,,,False,True,False,False,False,0,False,,False,True
NCT00688103,2005.0,<=2015,PHASE4,drug,2,151.0,NETWORK,COMPLETED,RANDOMIZED,True,NONE,0.0,False,False,PARALLEL,True,active,True,151.0,108.0,0.2847682119205298,False,True,True,False,True,True,0,False,,False,True
NCT00356473,2003.0,<=2015,PHASE4,drug,2,20.0,OTHER,COMPLETED,RANDOMIZED,True,QUADRUPLE,4.0,True,True,PARALLEL,False,placebo/sham,True,,,,,True,True,False,False,False,1,True,,False,False
NCT00674635,2008.0,<=2015,PHASE2,drug,2,135.0,INDUSTRY,COMPLETED,RANDOMIZED,True,QUADRUPLE,4.0,True,True,PARALLEL,True,placebo/sham,True,,,,,False,True,False,False,False,1,True,YES,True,False
NCT01765374,2011.0,<=2015,PHASE4,both,1,30.0,OTHER,COMPLETED,NA,False,NONE,0.0,False,False,SINGLE_GROUP,False,none/single-group,False,,,,,True,True,False,False,True,0,False,,False,False
NCT04238143,2020.0,2016-2020,NA,both,3,100.0,INDUSTRY,RECRUITING,NON_RANDOMIZED,False,NONE,0.0,False,False,PARALLEL,True,none/single-group,False,,,,,False,True,True,False,True,0,False,NO,False,True
NCT03915964,2019.0,2016-2020,PHASE4,drug,3,2659.0,INDUSTRY,COMPLETED,RANDOMIZED,True,NONE,0.0,False,False,PARALLEL,True,active,True,2659.0,1276.0,0.5201203459947349,False,True,True,True,True,False,0,False,YES,True,True
NCT02519387,2013.0,<=2015,PHASE4,drug,1,78.0,INDUSTRY,COMPLETED,NA,False,NONE,0.0,False,False,SINGLE_GROUP,False,none/single-group,False,78.0,56.0,0.28205128205128205,False,True,True,False,True,False,0,False,,False,False
NCT00920608,2009.0,<=2015,PHASE1,drug,1,12.0,INDUSTRY,WITHDRAWN,NON_RANDOMIZED,False,NONE,0.0,False,False,SINGLE_GROUP,False,none/single-group,False,,,,,False,False,False,False,False,0,False,,False,False
NCT00777816,2009.0,<=2015,PHASE2,drug,2,18.0,INDUSTRY,SUSPENDED,RANDOMIZED,True,DOUBLE,2.0,True,True,SINGLE_GROUP,False,placebo/sham,True,,,,,False,True,False,False,False,0,False,,False,False
NCT02638259,2015.0,<=2015,PHASE3,drug,2,376.0,INDUSTRY,COMPLETED,RANDOMIZED,True,TRIPLE,3.0,True,True,PARALLEL,True,active,True,376.0,353.0,0.061170212765957466,True,True,True,False,True,False,3,True,YES,True,True
NCT03262740,2017.0,2016-2020,PHASE1,drug,1,58.0,INDUSTRY,COMPLETED,NA,False,NONE,0.0,False,False,SINGLE_GROUP,True,none/single-group,False,,,,,False,True,False,False,False,0,False,,False,False
NCT03455842,2018.0,2016-2020,PHASE2,drug,3,105.0,INDUSTRY,COMPLETED,RANDOMIZED,True,QUADRUPLE,4.0,True,True,PARALLEL,True,placebo/sham,True,,,,,False,True,True,False,False,0,False,NO,False,
NCT05432960,2023.0,2021-2026,PHASE3,drug,2,0.0,INDUSTRY,WITHDRAWN,RANDOMIZED,True,DOUBLE,2.0,True,True,PARALLEL,False,placebo/sham,True,,,,,True,True,False,False,False,0,False,,False,False
NCT00000429,1996.0,<=2015,PHASE2,drug,0,192.0,OTHER,COMPLETED,RANDOMIZED,True,DOUBLE,2.0,True,True,,True,none/single-group,False,,,,,False,True,False,False,False,1,True,,False,
NCT00123149,,,PHASE2,drug,0,0.0,INDUSTRY,WITHDRAWN,NON_RANDOMIZED,False,NONE,0.0,False,False,SINGLE_GROUP,False,none/single-group,False,,,,,False,True,False,False,False,0,False,,False,
NCT01649804,2012.0,<=2015,PHASE3,drug,1,12.0,INDUSTRY,COMPLETED,NA,False,NONE,0.0,False,False,SINGLE_GROUP,False,none/single-group,False,12.0,4.0,0.6666666666666667,False,True,True,False,True,False,0,False,,False,
NCT02468791,2013.0,<=2015,PHASE3,drug,2,709.0,INDUSTRY,COMPLETED,RANDOMIZED,True,DOUBLE,2.0,True,True,PARALLEL,True,active,True,,,,,True,True,False,False,False,0,False,,False,
NCT03410056,2018.0,2016-2020,PHASE1;PHASE2,drug,7,36.0,INDUSTRY,TERMINATED,RANDOMIZED,True,DOUBLE,2.0,True,True,SEQUENTIAL,False,placebo/sham,True,36.0,21.0,0.41666666666666663,False,False,True,True,True,False,0,False,YES,True,False
NCT02281552,2014.0,<=2015,PHASE3,drug,2,209.0,INDUSTRY,COMPLETED,RANDOMIZED,True,DOUBLE,2.0,True,True,PARALLEL,True,active,True,209.0,195.0,0.06698564593301437,True,True,True,False,True,False,5,True,YES,True,True
NCT07062523,2024.0,2021-2026,PHASE1;PHASE2,drug,2,60.0,OTHER,RECRUITING,NON_RANDOMIZED,False,NONE,0.0,False,False,PARALLEL,True,none/single-group,False,,,,,False,False,False,False,False,0,False,,False,
NCT00246168,,,PHASE4,drug,0,277.0,INDUSTRY,COMPLETED,RANDOMIZED,True,DOUBLE,2.0,True,True,PARALLEL,True,none/single-group,False,,,,,True,True,False,False,False,0,False,,False,
NCT04834557,2021.0,2021-2026,PHASE2,drug,3,90.0,OTHER,COMPLETED,RANDOMIZED,True,NONE,0.0,False,False,PARALLEL,True,placebo/sham,True,,,,,False,True,True,False,False,1,True,,False,
NCT01583959,2012.0,<=2015,PHASE4,drug,2,100.0,OTHER,COMPLETED,RANDOMIZED,True,QUADRUPLE,4.0,True,True,PARALLEL,True,active,True,,,,,True,True,False,False,False,1,True,,False,False
NCT05165771,2022.0,2021-2026,PHASE2,drug,4,0.0,INDUSTRY,WITHDRAWN,RANDOMIZED,True,DOUBLE,2.0,True,True,PARALLEL,False,placebo/sham,True,,,,,False,True,True,False,False,0,False,NO,False,True
NCT01565655,2012.0,<=2015,PHASE2,drug,5,289.0,INDUSTRY,COMPLETED,RANDOMIZED,True,TRIPLE,3.0,True,True,PARALLEL,True,placebo/sham,True,,,,,False,True,True,False,False,2,True,NO,False,True
NCT00655824,2008.0,<=2015,PHASE2,drug,1,124.0,INDUSTRY,TERMINATED,NA,False,NONE,0.0,False,False,SINGLE_GROUP,True,none/single-group,False,92.0,8.0,0.9130434782608696,False,False,True,False,True,False,0,False,,False,False
NCT01245439,2011.0,<=2015,PHASE3,drug,1,65.0,INDUSTRY,COMPLETED,NA,False,NONE,0.0,False,False,SINGLE_GROUP,False,none/single-group,False,65.0,65.0,0.0,True,True,True,False,True,False,0,False,,False,
NCT02675426,2015.0,<=2015,PHASE3,drug,4,661.0,INDUSTRY,COMPLETED,RANDOMIZED,True,QUADRUPLE,4.0,True,True,PARALLEL,True,none/single-group,False,661.0,622.0,0.059001512859304106,True,True,True,True,True,False,14,True,YES,True,True
NCT03368235,2018.0,2016-2020,PHASE2,drug,2,21.0,INDUSTRY,COMPLETED,RANDOMIZED,True,TRIPLE,3.0,True,True,PARALLEL,False,active,True,21.0,21.0,0.0,True,False,True,False,True,False,0,False,NO,False,False
NCT00535782,2007.0,<=2015,PHASE3,drug,2,132.0,INDUSTRY,COMPLETED,RANDOMIZED,True,DOUBLE,2.0,True,True,PARALLEL,True,placebo/sham,True,132.0,124.0,0.06060606060606055,True,True,True,False,True,False,1,True,,False,
NCT05508815,2023.0,2021-2026,EARLY_PHASE1,drug,2,150.0,OTHER,UNKNOWN,RANDOMIZED,True,NONE,0.0,False,False,PARALLEL,True,active,True,,,,,False,True,False,False,False,1,True,NO,False,
NCT00764725,2002.0,<=2015,PHASE4,drug,2,487.0,OTHER,COMPLETED,RANDOMIZED,True,NONE,0.0,False,False,PARALLEL,True,active,True,,,,,True,True,False,False,False,18,True,,False,False
NCT01721057,2012.0,<=2015,PHASE3,drug,3,684.0,INDUSTRY,COMPLETED,RANDOMIZED,True,QUADRUPLE,4.0,True,True,PARALLEL,True,placebo/sham,True,684.0,614.0,0.10233918128654973,True,True,True,True,True,False,13,True,YES,True,True
NCT00095147,2005.0,<=2015,PHASE3,drug,5,431.0,INDUSTRY,COMPLETED,RANDOMIZED,True,QUADRUPLE,4.0,True,True,PARALLEL,True,placebo/sham,True,431.0,406.0,0.058004640371229654,True,True,True,True,True,False,1,True,,False,
NCT00754559,2008.0,<=2015,PHASE3,drug,1,286.0,INDUSTRY,COMPLETED,NA,False,NONE,0.0,False,False,SINGLE_GROUP,True,none/single-group,False,286.0,239.0,0.16433566433566438,True,True,True,False,True,False,0,False,,False,
NCT01960855,2013.0,<=2015,PHASE2,drug,5,276.0,INDUSTRY,COMPLETED,RANDOMIZED,True,QUADRUPLE,4.0,True,True,PARALLEL,True,placebo/sham,True,276.0,243.0,0.11956521739130432,True,False,True,True,True,False,4,True,UNDECIDED,False,False
NCT01576549,2012.0,<=2015,PHASE2,drug,1,2.0,INDUSTRY,TERMINATED,NA,False,NONE,0.0,False,False,SINGLE_GROUP,False,none/single-group,False,2.0,0.0,1.0,False,False,True,False,True,False,0,False,,False,False
NCT00122382,2005.0,<=2015,PHASE3,drug,2,1052.0,INDUSTRY,COMPLETED,RANDOMIZED,True,DOUBLE,2.0,True,True,PARALLEL,True,active,True,511.0,459.0,0.10176125244618395,True,True,True,False,True,False,4,True,,False,False
NCT02626026,2016.0,2016-2020,PHASE1,drug,6,42.0,INDUSTRY,COMPLETED,RANDOMIZED,True,QUADRUPLE,4.0,True,True,PARALLEL,True,placebo/sham,True,42.0,41.0,0.023809523809523836,True,False,True,True,True,False,0,False,,False,True
NCT05756179,2023.0,2021-2026,PHASE3,drug,2,80.0,OTHER,RECRUITING,RANDOMIZED,True,NONE,0.0,False,False,PARALLEL,False,active,True,,,,,True,True,False,False,False,0,False,NO,False,False
NCT00665626,2008.0,<=2015,PHASE2,drug,2,219.0,INDUSTRY,COMPLETED,RANDOMIZED,True,QUADRUPLE,4.0,True,True,PARALLEL,True,placebo/sham,True,219.0,187.0,0.1461187214611872,True,False,True,False,True,False,0,False,NO,False,True
NCT00243412,2005.0,<=2015,PHASE2,drug,2,42.0,INDUSTRY,COMPLETED,RANDOMIZED,True,DOUBLE,2.0,True,True,PARALLEL,False,none/single-group,False,42.0,21.0,0.5,False,False,True,False,True,False,0,False,,False,
NCT07564154,2026.0,2021-2026,PHASE1,drug,2,27.0,INDUSTRY,NOT_YET_RECRUITING,NON_RANDOMIZED,False,NONE,0.0,False,False,SEQUENTIAL,False,none/single-group,False,,,,,False,True,False,False,False,0,False,NO,False,True
NCT02799472,2016.0,2016-2020,PHASE2,drug,2,39.0,INDUSTRY,COMPLETED,RANDOMIZED,True,QUADRUPLE,4.0,True,True,PARALLEL,False,placebo/sham,True,39.0,30.0,0.23076923076923073,False,False,True,False,True,False,0,False,YES,True,False
NCT03337815,2017.0,2016-2020,PHASE2;PHASE3,drug,2,264.0,OTHER,UNKNOWN,RANDOMIZED,True,DOUBLE,2.0,True,True,PARALLEL,True,active,True,,,,,True,True,False,False,False,0,False,NO,False,True
NCT01038674,2010.0,<=2015,PHASE1,drug,2,16.0,INDUSTRY,COMPLETED,RANDOMIZED,True,DOUBLE,2.0,True,True,PARALLEL,False,placebo/sham,True,,,,,False,True,False,False,True,0,False,,False,False
NCT00083759,2004.0,<=2015,PHASE2,drug,2,299.0,INDUSTRY,TERMINATED,RANDOMIZED,True,DOUBLE,2.0,True,True,PARALLEL,True,placebo/sham,True,299.0,132.0,0.5585284280936456,False,False,True,False,True,False,0,False,,False,
NCT00773461,2008.0,<=2015,PHASE3,drug,2,209.0,INDUSTRY,COMPLETED,RANDOMIZED,True,DOUBLE,2.0,True,True,PARALLEL,True,placebo/sham,True,209.0,200.0,0.0430622009569378,True,True,True,False,True,False,0,False,,False,
NCT02631538,2016.0,2016-2020,PHASE2,drug,4,86.0,INDUSTRY,COMPLETED,RANDOMIZED,True,DOUBLE,2.0,True,True,PARALLEL,True,placebo/sham,True,86.0,62.0,0.2790697674418605,False,False,True,True,True,False,2,True,YES,True,True
NCT00901550,2008.0,<=2015,NA,drug,2,40.0,OTHER,COMPLETED,RANDOMIZED,True,NONE,0.0,False,False,SINGLE_GROUP,True,active,True,,,,,False,True,False,False,False,0,False,,False,False
NCT04333147,2020.0,2016-2020,PHASE3,drug,2,2916.0,INDUSTRY,TERMINATED,RANDOMIZED,True,DOUBLE,2.0,True,True,PARALLEL,True,none/single-group,False,2915.0,0.0,1.0,False,True,True,False,True,False,1,True,YES,True,True
NCT02460393,2015.0,<=2015,PHASE1,drug,2,72.0,INDUSTRY,COMPLETED,RANDOMIZED,True,DOUBLE,2.0,True,True,PARALLEL,True,placebo/sham,True,,,,,False,True,False,False,False,0,False,,False,False
NCT01751776,2012.0,<=2015,PHASE1,drug,8,107.0,INDUSTRY,COMPLETED,RANDOMIZED,True,DOUBLE,2.0,True,True,PARALLEL,True,placebo/sham,True,107.0,99.0,0.07476635514018692,True,False,True,True,True,False,1,True,,False,
NCT00433875,2002.0,<=2015,PHASE2,drug,0,180.0,INDUSTRY,COMPLETED,RANDOMIZED,True,DOUBLE,2.0,True,True,PARALLEL,True,none/single-group,False,,,,,False,True,False,False,False,0,False,,False,
NCT00754572,2009.0,<=2015,PHASE3,drug,1,418.0,INDUSTRY,COMPLETED,NON_RANDOMIZED,False,NONE,0.0,False,False,SINGLE_GROUP,True,none/single-group,False,418.0,347.0,0.1698564593301436,True,True,True,False,True,False,0,False,,False,
NCT01649999,2012.0,<=2015,PHASE2,drug,5,281.0,INDUSTRY,COMPLETED,RANDOMIZED,True,QUADRUPLE,4.0,True,True,PARALLEL,True,placebo/sham,True,,,,,False,True,True,False,False,2,True,YES,True,False
NCT01888874,2013.0,<=2015,PHASE2,drug,7,599.0,INDUSTRY,COMPLETED,RANDOMIZED,True,QUADRUPLE,4.0,True,True,PARALLEL,True,placebo/sham,True,594.0,557.0,0.062289562289562284,True,False,True,True,True,False,4,True,,False,True
NCT00847886,2009.0,<=2015,PHASE1,drug,2,15.0,INDUSTRY,COMPLETED,RANDOMIZED,True,TRIPLE,3.0,True,True,PARALLEL,False,placebo/sham,True,16.0,15.0,0.0625,True,False,True,False,True,False,0,False,,False,False
NCT06215638,2023.0,2021-2026,NA,drug,1,30.0,OTHER,UNKNOWN,NA,False,NONE,0.0,False,False,SINGLE_GROUP,True,none/single-group,False,,,,,False,True,False,False,False,0,False,NO,False,True
NCT06978647,2025.0,2021-2026,PHASE1,drug,1,12.0,INDUSTRY,RECRUITING,NA,False,NONE,0.0,False,False,SINGLE_GROUP,False,none/single-group,False,,,,,False,True,False,False,False,0,False,,False,False
NCT06754462,2025.0,2021-2026,PHASE2,drug,3,120.0,INDUSTRY,ACTIVE_NOT_RECRUITING,RANDOMIZED,True,DOUBLE,2.0,True,True,PARALLEL,True,placebo/sham,True,,,,,False,True,True,False,False,0,False,NO,False,True
NCT01311622,2011.0,<=2015,PHASE1,drug,2,15.0,INDUSTRY,COMPLETED,NON_RANDOMIZED,False,NONE,0.0,False,False,CROSSOVER,False,none/single-group,False,,,,,False,False,False,False,False,0,False,,False,
NCT00117091,,,PHASE3,drug,0,,INDUSTRY,COMPLETED,NON_RANDOMIZED,False,NONE,0.0,False,False,SINGLE_GROUP,,none/single-group,False,,,,,True,True,False,False,False,0,False,,False,
NCT02874092,2016.0,2016-2020,PHASE4,drug,2,9.0,OTHER,COMPLETED,NON_RANDOMIZED,False,NONE,0.0,False,False,PARALLEL,False,active,True,9.0,9.0,0.0,True,True,True,False,True,False,0,False,,False,True
NCT01352858,2012.0,<=2015,PHASE1,drug,2,14.0,OTHER,COMPLETED,RANDOMIZED,True,NONE,0.0,False,False,PARALLEL,False,placebo/sham,True,,,,,False,False,False,False,False,1,True,,False,True
NCT00110903,,,PHASE3,drug,0,,INDUSTRY,COMPLETED,NON_RANDOMIZED,False,NONE,0.0,False,False,SINGLE_GROUP,,none/single-group,False,,,,,True,True,False,False,True,0,False,,False,
NCT01689532,2012.0,<=2015,PHASE3,drug,2,122.0,INDUSTRY,COMPLETED,RANDOMIZED,True,TRIPLE,3.0,True,True,PARALLEL,True,none/single-group,False,122.0,99.0,0.1885245901639344,True,True,True,False,True,False,1,True,,False,True
NCT05665985,2020.0,2016-2020,PHASE1;PHASE2,drug,2,30.0,OTHER,COMPLETED,RANDOMIZED,True,DOUBLE,2.0,True,True,PARALLEL,False,placebo/sham,True,,,,,False,True,False,False,False,0,False,NO,False,True
NCT00484289,2006.0,<=2015,PHASE3,drug,3,217.0,INDUSTRY,COMPLETED,NON_RANDOMIZED,False,NONE,0.0,False,False,SINGLE_GROUP,True,none/single-group,False,217.0,162.0,0.2534562211981567,False,True,True,True,True,False,1,True,,False,False
NCT04700280,2021.0,2021-2026,PHASE2,drug,2,31.0,INDUSTRY,TERMINATED,RANDOMIZED,True,QUADRUPLE,4.0,True,True,PARALLEL,False,placebo/sham,True,31.0,17.0,0.4516129032258065,False,False,True,False,True,False,0,False,NO,False,True
NCT01647451,2012.0,<=2015,PHASE2,drug,2,62.0,INDUSTRY,COMPLETED,RANDOMIZED,True,DOUBLE,2.0,True,True,PARALLEL,True,placebo/sham,True,,,,,False,True,False,False,True,0,False,,False,False
NCT06687551,2025.0,2021-2026,PHASE4,drug,2,308.0,OTHER,NOT_YET_RECRUITING,RANDOMIZED,True,SINGLE,1.0,True,False,PARALLEL,True,active,True,,,,,True,True,False,False,False,0,False,,False,True
NCT06724952,2024.0,2021-2026,PHASE4,drug,2,44.0,OTHER,NOT_YET_RECRUITING,RANDOMIZED,True,QUADRUPLE,4.0,True,True,PARALLEL,False,placebo/sham,True,,,,,True,True,False,False,True,0,False,NO,False,True
NCT04163991,2019.0,2016-2020,PHASE2,drug,5,78.0,INDUSTRY,COMPLETED,RANDOMIZED,True,QUADRUPLE,4.0,True,True,PARALLEL,True,placebo/sham,True,78.0,65.0,0.16666666666666663,True,False,True,True,True,False,1,True,NO,False,True
NCT03912428,2019.0,2016-2020,PHASE1,drug,4,31.0,NIH,TERMINATED,NON_RANDOMIZED,False,NONE,0.0,False,False,PARALLEL,True,none/single-group,False,2.0,2.0,0.0,True,False,False,True,True,False,1,True,YES,True,
NCT03052322,2017.0,2016-2020,PHASE3,drug,2,288.0,INDUSTRY,COMPLETED,RANDOMIZED,True,DOUBLE,2.0,True,True,PARALLEL,True,active,True,288.0,235.0,0.1840277777777778,True,True,True,False,True,False,1,True,,False,True
NCT07171983,2026.0,2021-2026,PHASE1,drug,4,46.0,INDUSTRY,RECRUITING,RANDOMIZED,True,DOUBLE,2.0,True,True,PARALLEL,True,placebo/sham,True,,,,,False,True,True,False,False,0,False,YES,True,False
NCT07455578,2026.0,2021-2026,PHASE1,drug,1,24.0,INDUSTRY,RECRUITING,NA,False,NONE,0.0,False,False,SINGLE_GROUP,False,none/single-group,False,,,,,False,True,False,False,False,0,False,NO,False,False
NCT03938636,2019.0,2016-2020,PHASE2,drug,3,116.0,INDUSTRY,COMPLETED,NON_RANDOMIZED,False,NONE,0.0,False,False,PARALLEL,True,none/single-group,False,116.0,110.0,0.051724137931034475,True,False,False,True,True,False,0,False,NO,False,
NCT01405118,2011.0,<=2015,PHASE1,drug,1,24.0,INDUSTRY,COMPLETED,NON_RANDOMIZED,False,NONE,0.0,False,False,SINGLE_GROUP,False,none/single-group,False,,,,,False,False,False,False,False,1,True,,False,False
NCT01208181,2010.0,<=2015,PHASE3,drug,4,1404.0,INDUSTRY,COMPLETED,RANDOMIZED,True,TRIPLE,3.0,True,True,PARALLEL,True,placebo/sham,True,1404.0,1228.0,0.1253561253561254,True,True,True,True,True,True,0,False,NO,False,False
NCT01563978,2012.0,<=2015,PHASE2,drug,2,266.0,INDUSTRY,COMPLETED,RANDOMIZED,True,QUADRUPLE,4.0,True,True,PARALLEL,True,placebo/sham,True,135.0,129.0,0.0444444444444444,True,False,True,False,True,False,0,False,,False,True
NCT01101555,2010.0,<=2015,PHASE1,drug,7,28.0,INDUSTRY,COMPLETED,RANDOMIZED,True,SINGLE,1.0,True,False,SINGLE_GROUP,False,none/single-group,False,,,,,False,True,True,False,False,0,False,NO,False,False
NCT07627893,2026.0,2021-2026,PHASE2;PHASE3,drug,2,132.0,OTHER,NOT_YET_RECRUITING,RANDOMIZED,True,QUADRUPLE,4.0,True,True,PARALLEL,True,placebo/sham,True,,,,,True,True,False,False,False,0,False,NO,False,False
NCT05374785,2022.0,2021-2026,PHASE2,drug,4,106.0,INDUSTRY,COMPLETED,RANDOMIZED,True,DOUBLE,2.0,True,True,PARALLEL,True,placebo/sham,True,,,,,False,True,True,False,False,1,True,,False,False
NCT00959439,2002.0,<=2015,PHASE1,drug,2,34.0,INDUSTRY,COMPLETED,RANDOMIZED,True,NONE,0.0,False,False,CROSSOVER,True,active,True,,,,,False,True,False,False,False,0,False,,False,
NCT03061838,2016.0,2016-2020,PHASE1,drug,2,8.0,INDUSTRY,TERMINATED,RANDOMIZED,True,DOUBLE,2.0,True,True,PARALLEL,False,active,True,,,,,False,True,False,False,False,0,False,NO,False,False
NCT00462345,2007.0,<=2015,PHASE4,drug,1,40.0,INDUSTRY,COMPLETED,NON_RANDOMIZED,False,NONE,0.0,False,False,SINGLE_GROUP,False,none/single-group,False,40.0,37.0,0.07499999999999996,True,True,True,False,True,False,1,True,,False,
NCT03882008,2019.0,2016-2020,PHASE4,drug,1,25.0,OTHER,COMPLETED,NA,False,NONE,0.0,False,False,SINGLE_GROUP,False,none/single-group,False,25.0,23.0,0.07999999999999996,True,True,False,False,True,False,0,False,,False,False
NCT03194204,2019.0,2016-2020,NA,drug,2,160.0,OTHER,COMPLETED,RANDOMIZED,True,NONE,0.0,False,False,PARALLEL,True,active,True,,,,,False,True,False,False,True,1,True,NO,False,False
NCT01557374,2012.0,<=2015,PHASE4,drug,2,232.0,OTHER,COMPLETED,RANDOMIZED,True,SINGLE,1.0,True,False,PARALLEL,True,active,True,,,,,True,True,False,False,False,0,False,UNDECIDED,False,False
NCT06906549,2025.0,2021-2026,PHASE4,drug,2,260.0,OTHER,RECRUITING,RANDOMIZED,True,TRIPLE,3.0,True,True,PARALLEL,True,active,True,,,,,True,True,False,False,False,0,False,,False,False
NCT01253265,2010.0,<=2015,PHASE1,drug,5,32.0,INDUSTRY,COMPLETED,RANDOMIZED,True,QUADRUPLE,4.0,True,True,FACTORIAL,True,placebo/sham,True,32.0,30.0,0.0625,True,False,True,True,True,False,0,False,,False,False
NCT00076206,2003.0,<=2015,PHASE2,drug,4,,INDUSTRY,TERMINATED,RANDOMIZED,True,DOUBLE,2.0,True,True,PARALLEL,,placebo/sham,True,,,,,False,True,True,False,False,0,False,,False,
NCT05874622,2023.0,2021-2026,PHASE1,drug,6,30.0,INDUSTRY,COMPLETED,RANDOMIZED,True,DOUBLE,2.0,True,True,PARALLEL,True,none/single-group,False,,,,,False,True,True,False,False,0,False,,False,
NCT00771420,2008.0,<=2015,PHASE1,drug,7,38.0,INDUSTRY,COMPLETED,RANDOMIZED,True,DOUBLE,2.0,True,True,PARALLEL,True,placebo/sham,True,,,,,False,True,True,False,False,1,True,,False,True
NCT06801119,2025.0,2021-2026,PHASE1,drug,1,30.0,INDUSTRY,RECRUITING,NA,False,NONE,0.0,False,False,SINGLE_GROUP,True,none/single-group,False,,,,,False,True,False,False,False,0,False,NO,False,False
NCT02543931,2015.0,<=2015,PHASE1,drug,3,3.0,OTHER,TERMINATED,RANDOMIZED,True,QUADRUPLE,4.0,True,True,PARALLEL,False,placebo/sham,True,,,,,False,True,True,False,False,0,False,,False,True
NCT03306589,2017.0,2016-2020,PHASE1,drug,2,12.0,INDUSTRY,COMPLETED,RANDOMIZED,True,NONE,0.0,False,False,PARALLEL,False,none/single-group,False,12.0,12.0,0.0,True,False,False,False,True,False,0,False,,False,False
NCT01009242,2009.0,<=2015,PHASE1;PHASE2,drug,3,40.0,INDUSTRY,COMPLETED,RANDOMIZED,True,DOUBLE,2.0,True,True,PARALLEL,False,none/single-group,False,,,,,False,False,True,False,False,0,False,,False,True
NCT02219191,2014.0,<=2015,NA,drug,2,150.0,OTHER,UNKNOWN,RANDOMIZED,True,SINGLE,1.0,True,False,PARALLEL,True,active,True,,,,,False,True,False,False,False,0,False,,False,True
NCT03254589,2017.0,2016-2020,PHASE4,drug,4,124.0,OTHER,COMPLETED,RANDOMIZED,True,SINGLE,1.0,True,False,PARALLEL,True,active,True,,,,,True,True,True,False,False,2,True,,False,False
NCT00810277,2008.0,<=2015,PHASE3,drug,1,14.0,INDUSTRY,COMPLETED,NA,False,NONE,0.0,False,False,SINGLE_GROUP,False,none/single-group,False,14.0,13.0,0.0714285714285714,True,True,True,False,True,False,0,False,,False,
NCT01242917,2010.0,<=2015,PHASE2,drug,3,159.0,INDUSTRY,COMPLETED,RANDOMIZED,True,QUADRUPLE,4.0,True,True,PARALLEL,True,placebo/sham,True,,,,,False,True,True,False,False,0,False,,False,True
NCT01272908,2006.0,<=2015,PHASE3,drug,1,120.0,INDUSTRY,COMPLETED,NA,False,NONE,0.0,False,False,SINGLE_GROUP,True,none/single-group,False,120.0,112.0,0.06666666666666665,True,True,True,False,True,False,0,False,,False,
NCT03953703,2021.0,2021-2026,PHASE2,drug,2,15.0,OTHER,COMPLETED,RANDOMIZED,True,SINGLE,1.0,True,False,CROSSOVER,False,none/single-group,False,,,,,False,True,False,False,False,0,False,,False,True
NCT00234234,2006.0,<=2015,PHASE4,drug,0,200.0,OTHER,COMPLETED,NON_RANDOMIZED,False,NONE,0.0,False,False,SINGLE_GROUP,True,none/single-group,False,,,,,True,True,False,False,False,4,True,,False,
NCT04927000,2021.0,2021-2026,PHASE4,drug,2,170.0,OTHER,UNKNOWN,RANDOMIZED,True,DOUBLE,2.0,True,True,PARALLEL,True,no-intervention,True,,,,,True,True,False,False,False,0,False,,False,
NCT07118241,2025.0,2021-2026,PHASE2,drug,2,80.0,INDUSTRY,RECRUITING,RANDOMIZED,True,QUADRUPLE,4.0,True,True,PARALLEL,True,placebo/sham,True,,,,,False,True,False,False,False,0,False,UNDECIDED,False,True
NCT07709312,2026.0,2021-2026,PHASE2;PHASE3,drug,2,50.0,OTHER,NOT_YET_RECRUITING,RANDOMIZED,True,NONE,0.0,False,False,PARALLEL,False,no-intervention,True,,,,,True,True,False,False,False,0,False,,False,
NCT06596772,2024.0,2021-2026,PHASE3,drug,2,458.0,INDUSTRY,RECRUITING,RANDOMIZED,True,QUADRUPLE,4.0,True,True,PARALLEL,True,active,True,,,,,True,True,False,False,False,0,False,UNDECIDED,False,False
NCT02873936,2016.0,2016-2020,PHASE3,drug,3,449.0,INDUSTRY,COMPLETED,RANDOMIZED,True,DOUBLE,2.0,True,True,PARALLEL,True,placebo/sham,True,449.0,381.0,0.15144766146993316,True,True,True,True,True,True,6,True,NO,False,True
NCT07632872,2026.0,2021-2026,PHASE2,drug,2,60.0,OTHER,RECRUITING,RANDOMIZED,True,QUADRUPLE,4.0,True,True,PARALLEL,True,none/single-group,False,,,,,False,True,False,False,False,0,False,UNDECIDED,False,False
NCT02451748,2015.0,<=2015,PHASE4,drug,2,32.0,OTHER,COMPLETED,NON_RANDOMIZED,False,NONE,0.0,False,False,SEQUENTIAL,False,none/single-group,False,27.0,5.0,0.8148148148148149,False,True,False,False,True,True,0,False,,False,False
NCT00555542,2006.0,<=2015,PHASE2,drug,1,10.0,OTHER,COMPLETED,NA,False,NONE,0.0,False,False,SINGLE_GROUP,False,none/single-group,False,,,,,False,True,False,False,False,0,False,,False,False
NCT00712114,2008.0,<=2015,PHASE1;PHASE2,drug,3,14.0,INDUSTRY,COMPLETED,RANDOMIZED,True,NONE,0.0,False,False,SINGLE_GROUP,False,none/single-group,False,,,,,False,True,True,False,False,0,False,,False,False
NCT01750931,2013.0,<=2015,NA,drug,2,28.0,INDUSTRY,COMPLETED,RANDOMIZED,True,NONE,0.0,False,False,CROSSOVER,False,none/single-group,False,28.0,28.0,0.0,True,False,True,False,True,False,0,False,,False,False
NCT03324412,2017.0,2016-2020,PHASE2;PHASE3,drug,2,216.0,OTHER,UNKNOWN,RANDOMIZED,True,DOUBLE,2.0,True,True,PARALLEL,True,active,True,,,,,True,True,False,False,False,0,False,NO,False,True
NCT00805467,2008.0,<=2015,PHASE2,drug,4,624.0,INDUSTRY,TERMINATED,NON_RANDOMIZED,False,NONE,0.0,False,False,SINGLE_GROUP,True,none/single-group,False,624.0,250.0,0.5993589743589743,False,False,True,True,True,False,0,False,,False,True
NCT05246280,2022.0,2021-2026,PHASE3,drug,1,169.0,INDUSTRY,TERMINATED,NA,False,NONE,0.0,False,False,SINGLE_GROUP,True,none/single-group,False,169.0,169.0,0.0,True,True,False,False,True,False,0,False,NO,False,
NCT02066389,2014.0,<=2015,PHASE2,drug,6,300.0,INDUSTRY,COMPLETED,RANDOMIZED,True,QUADRUPLE,4.0,True,True,PARALLEL,True,placebo/sham,True,300.0,273.0,0.08999999999999997,True,False,True,True,True,False,4,True,UNDECIDED,False,False
NCT00547521,2007.0,<=2015,PHASE3,drug,2,119.0,INDUSTRY,COMPLETED,NON_RANDOMIZED,False,NONE,0.0,False,False,PARALLEL,True,none/single-group,False,100.0,95.0,0.050000000000000044,True,True,True,False,True,False,1,True,,False,False
NCT00960440,2009.0,<=2015,PHASE3,drug,4,399.0,INDUSTRY,COMPLETED,RANDOMIZED,True,QUADRUPLE,4.0,True,True,PARALLEL,True,placebo/sham,True,399.0,311.0,0.22055137844611528,False,True,True,True,True,False,24,True,,False,True
NCT01682512,2012.0,<=2015,PHASE3,drug,5,294.0,INDUSTRY,TERMINATED,RANDOMIZED,True,DOUBLE,2.0,True,True,PARALLEL,True,active,True,293.0,132.0,0.5494880546075085,False,True,True,True,True,False,0,False,,False,
NCT01235507,2011.0,<=2015,PHASE3,drug,1,71.0,INDUSTRY,COMPLETED,NON_RANDOMIZED,False,NONE,0.0,False,False,SINGLE_GROUP,False,none/single-group,False,71.0,69.0,0.028169014084507005,True,True,True,False,True,False,0,False,,False,
NCT01400516,2011.0,<=2015,PHASE4,drug,2,26.0,OTHER,COMPLETED,RANDOMIZED,True,NONE,0.0,False,False,PARALLEL,False,none/single-group,False,26.0,24.0,0.07692307692307687,True,True,True,False,True,False,1,True,,False,True
NCT00596206,2007.0,<=2015,PHASE3,drug,2,124.0,INDUSTRY,COMPLETED,RANDOMIZED,True,DOUBLE,2.0,True,True,PARALLEL,True,active,True,,,,,True,True,False,False,False,1,True,,False,
NCT04779892,2020.0,2016-2020,PHASE1,drug,2,90.0,INDUSTRY,COMPLETED,RANDOMIZED,True,DOUBLE,2.0,True,True,PARALLEL,True,active,True,,,,,False,False,False,False,False,1,True,,False,False
NCT07526350,2026.0,2021-2026,EARLY_PHASE1,drug,1,15.0,OTHER,RECRUITING,NA,False,NONE,0.0,False,False,SINGLE_GROUP,False,none/single-group,False,,,,,False,True,False,False,False,0,False,NO,False,True
NCT02322528,2014.0,<=2015,NA,drug,1,10.0,OTHER,COMPLETED,NA,False,NONE,0.0,False,False,SINGLE_GROUP,False,none/single-group,False,10.0,10.0,0.0,True,False,False,False,True,False,0,False,,False,False
NCT06108518,2024.0,2021-2026,EARLY_PHASE1,drug,2,70.0,OTHER,UNKNOWN,RANDOMIZED,True,DOUBLE,2.0,True,True,PARALLEL,True,placebo/sham,True,,,,,False,False,False,False,False,0,False,,False,
NCT02480946,2015.0,<=2015,PHASE1,drug,4,105.0,INDUSTRY,COMPLETED,RANDOMIZED,True,DOUBLE,2.0,True,True,PARALLEL,True,none/single-group,False,,,,,False,True,True,False,False,0,False,NO,False,True
NCT01140828,2009.0,<=2015,PHASE3,drug,2,112.0,OTHER,COMPLETED,RANDOMIZED,True,QUADRUPLE,4.0,True,True,PARALLEL,True,placebo/sham,True,,,,,True,True,False,False,False,0,False,,False,False
NCT01716312,2014.0,<=2015,PHASE1,drug,2,17.0,NIH,COMPLETED,RANDOMIZED,True,QUADRUPLE,4.0,True,True,CROSSOVER,False,placebo/sham,True,,,,,False,True,False,False,False,1,True,,False,
NCT01299961,2011.0,<=2015,PHASE3,drug,1,25.0,OTHER,COMPLETED,NON_RANDOMIZED,False,NONE,0.0,False,False,SINGLE_GROUP,False,none/single-group,False,25.0,19.0,0.24,False,True,False,False,True,False,1,True,,False,False
NCT05678335,2023.0,2021-2026,PHASE2;PHASE3,drug,2,54.0,OTHER,UNKNOWN,RANDOMIZED,True,NONE,0.0,False,False,PARALLEL,False,placebo/sham,True,,,,,True,True,False,False,False,0,False,UNDECIDED,False,False
NCT02762838,2016.0,2016-2020,PHASE3,drug,2,426.0,INDUSTRY,COMPLETED,RANDOMIZED,True,TRIPLE,3.0,True,True,PARALLEL,True,active,True,,,,,True,True,False,False,False,1,True,UNDECIDED,False,False
NCT01942174,2013.0,<=2015,PHASE3,drug,2,276.0,OTHER,COMPLETED,RANDOMIZED,True,NONE,0.0,False,False,PARALLEL,True,none/single-group,False,,,,,True,True,False,False,False,1,True,,False,True
NCT00409838,2007.0,<=2015,PHASE3,drug,3,113.0,INDUSTRY,COMPLETED,RANDOMIZED,True,DOUBLE,2.0,True,True,PARALLEL,True,placebo/sham,True,113.0,105.0,0.07079646017699115,True,True,True,True,True,False,0,False,,False,False
NCT01282255,2011.0,<=2015,PHASE2,drug,2,67.0,INDUSTRY,COMPLETED,RANDOMIZED,True,DOUBLE,2.0,True,True,PARALLEL,True,placebo/sham,True,,,,,False,True,False,False,True,0,False,,False,False
NCT01202773,2011.0,<=2015,PHASE3,drug,3,456.0,INDUSTRY,TERMINATED,RANDOMIZED,True,TRIPLE,3.0,True,True,PARALLEL,True,placebo/sham,True,456.0,301.0,0.3399122807017544,False,True,True,True,True,False,1,True,,False,True
NCT02647762,2017.0,2016-2020,PHASE3,drug,4,244.0,INDUSTRY,TERMINATED,RANDOMIZED,True,QUADRUPLE,4.0,True,True,PARALLEL,True,placebo/sham,True,,,,,True,True,True,False,False,0,False,,False,False
NCT02334748,2014.0,<=2015,PHASE3,drug,1,31.0,INDUSTRY,COMPLETED,NA,False,NONE,0.0,False,False,SINGLE_GROUP,False,none/single-group,False,31.0,23.0,0.25806451612903225,False,True,True,False,True,False,0,False,UNDECIDED,False,False
NCT06099535,2021.0,2021-2026,PHASE2,drug,4,156.0,INDUSTRY,COMPLETED,RANDOMIZED,True,DOUBLE,2.0,True,True,PARALLEL,True,placebo/sham,True,,,,,False,True,True,False,False,0,False,,False,
NCT01395251,2012.0,<=2015,PHASE2;PHASE3,drug,1,130.0,OTHER,COMPLETED,NA,False,SINGLE,1.0,True,False,SINGLE_GROUP,True,none/single-group,False,,,,,True,False,False,False,False,1,True,,False,True
NCT02308163,2014.0,<=2015,PHASE3,drug,4,509.0,INDUSTRY,COMPLETED,RANDOMIZED,True,QUADRUPLE,4.0,True,True,PARALLEL,True,placebo/sham,True,509.0,399.0,0.21611001964636545,False,True,True,True,True,False,4,True,YES,True,True
NCT01101919,2010.0,<=2015,PHASE1,drug,1,12.0,INDUSTRY,COMPLETED,NON_RANDOMIZED,False,NONE,0.0,False,False,SINGLE_GROUP,False,none/single-group,False,,,,,False,True,False,False,False,1,True,,False,False
NCT00883753,2009.0,<=2015,PHASE3,drug,1,934.0,INDUSTRY,COMPLETED,NON_RANDOMIZED,False,NONE,0.0,False,False,SINGLE_GROUP,True,none/single-group,False,934.0,827.0,0.11456102783725908,True,True,True,False,True,False,0,False,,False,
NCT00948610,2008.0,<=2015,NA,drug,2,20.0,OTHER,COMPLETED,RANDOMIZED,True,DOUBLE,2.0,True,True,PARALLEL,False,placebo/sham,True,20.0,18.0,0.09999999999999998,True,False,False,False,True,False,0,False,,False,True
NCT07236762,2025.0,2021-2026,PHASE1,drug,1,18.0,INDUSTRY,RECRUITING,NA,False,NONE,0.0,False,False,SINGLE_GROUP,False,none/single-group,False,,,,,False,True,False,False,False,0,False,,False,False
NCT00796705,2008.0,<=2015,PHASE4,drug,2,13.0,NIH,TERMINATED,RANDOMIZED,True,DOUBLE,2.0,True,True,PARALLEL,False,none/single-group,False,13.0,13.0,0.0,True,True,True,False,True,False,0,False,,False,True
NCT04472481,2019.0,2016-2020,PHASE4,drug,1,20.0,OTHER,COMPLETED,NA,False,NONE,0.0,False,False,SINGLE_GROUP,False,none/single-group,False,,,,,True,True,False,False,False,1,True,NO,False,False
NCT01636843,2012.0,<=2015,PHASE2,drug,4,298.0,INDUSTRY,TERMINATED,RANDOMIZED,True,DOUBLE,2.0,True,True,PARALLEL,True,none/single-group,False,,,,,False,True,True,False,False,0,False,,False,False
NCT03085940,2017.0,2016-2020,NA,drug,2,37.0,OTHER,COMPLETED,RANDOMIZED,True,DOUBLE,2.0,True,True,PARALLEL,True,placebo/sham,True,,,,,False,True,False,False,False,0,False,,False,
NCT01694264,2012.0,<=2015,PHASE3,drug,2,43.0,OTHER,TERMINATED,RANDOMIZED,True,DOUBLE,2.0,True,True,PARALLEL,False,placebo/sham,True,,,,,True,False,False,False,False,0,False,,False,False
NCT01749787,2012.0,<=2015,PHASE1,drug,7,61.0,INDUSTRY,COMPLETED,RANDOMIZED,True,QUADRUPLE,4.0,True,True,PARALLEL,True,placebo/sham,True,,,,,False,True,True,False,False,0,False,,False,True
NCT07100938,2025.0,2021-2026,PHASE2,drug,2,49.0,INDUSTRY,TERMINATED,RANDOMIZED,True,DOUBLE,2.0,True,True,PARALLEL,False,placebo/sham,True,,,,,False,True,False,False,False,0,False,YES,True,False
NCT06805448,2025.0,2021-2026,PHASE1;PHASE2,drug,2,40.0,OTHER,RECRUITING,RANDOMIZED,True,QUADRUPLE,4.0,True,True,PARALLEL,False,placebo/sham,True,,,,,False,True,False,False,False,0,False,YES,True,True
NCT01160666,2010.0,<=2015,PHASE2,drug,1,20.0,OTHER,COMPLETED,NA,False,NONE,0.0,False,False,SINGLE_GROUP,False,none/single-group,False,,,,,False,True,False,False,False,2,True,,False,False
NCT02784106,2016.0,2016-2020,PHASE2,drug,4,65.0,INDUSTRY,COMPLETED,RANDOMIZED,True,DOUBLE,2.0,True,True,PARALLEL,True,placebo/sham,True,65.0,51.0,0.2153846153846154,False,False,True,True,True,False,0,False,,False,True
NCT01745055,2005.0,<=2015,PHASE1,drug,1,12.0,INDUSTRY,COMPLETED,NON_RANDOMIZED,False,NONE,0.0,False,False,SINGLE_GROUP,False,none/single-group,False,12.0,12.0,0.0,True,False,False,False,True,False,0,False,,False,False
NCT00413699,2007.0,<=2015,PHASE3,drug,2,4488.0,INDUSTRY,COMPLETED,NON_RANDOMIZED,False,NONE,0.0,False,False,PARALLEL,True,none/single-group,False,4481.0,2137.0,0.5230975228743584,False,True,True,False,True,False,24,True,,False,True
NCT04134728,2019.0,2016-2020,PHASE3,drug,6,550.0,INDUSTRY,COMPLETED,RANDOMIZED,True,TRIPLE,3.0,True,True,PARALLEL,True,placebo/sham,True,549.0,494.0,0.10018214936247727,True,True,True,True,True,False,1,True,YES,True,True
NCT06733935,2024.0,2021-2026,PHASE1;PHASE2,drug,1,240.0,INDUSTRY,RECRUITING,NA,False,NONE,0.0,False,False,SINGLE_GROUP,True,none/single-group,False,,,,,False,True,False,False,False,0,False,NO,False,True
NCT02997605,2017.0,2016-2020,PHASE4,drug,2,102.0,OTHER,COMPLETED,RANDOMIZED,True,TRIPLE,3.0,True,True,PARALLEL,True,active,True,,,,,True,False,False,False,True,0,False,NO,False,False
NCT00771329,2008.0,<=2015,PHASE1,drug,2,53.0,INDUSTRY,COMPLETED,RANDOMIZED,True,QUADRUPLE,4.0,True,True,PARALLEL,True,placebo/sham,True,,,,,False,True,False,False,False,1,True,,False,True
NCT01242514,2011.0,<=2015,PHASE3,drug,3,1917.0,INDUSTRY,TERMINATED,NON_RANDOMIZED,False,QUADRUPLE,4.0,True,True,PARALLEL,True,none/single-group,False,1912.0,0.0,1.0,False,True,True,True,True,False,0,False,,False,False
NCT00250445,2003.0,<=2015,PHASE3,drug,0,23498.0,INDUSTRY,COMPLETED,RANDOMIZED,True,DOUBLE,2.0,True,True,PARALLEL,True,none/single-group,False,,,,,True,True,False,False,False,0,False,,False,
NCT01652937,2012.0,<=2015,PHASE2,drug,4,0.0,INDUSTRY,WITHDRAWN,RANDOMIZED,True,QUADRUPLE,4.0,True,True,PARALLEL,False,placebo/sham,True,,,,,False,True,True,False,False,0,False,,False,True
NCT00641225,2008.0,<=2015,PHASE1,drug,1,60.0,INDUSTRY,COMPLETED,NA,False,NONE,0.0,False,False,SINGLE_GROUP,True,none/single-group,False,,,,,False,True,False,False,False,1,True,,False,False
NCT03855007,2016.0,2016-2020,PHASE4,drug,1,400.0,OTHER,COMPLETED,NA,False,NONE,0.0,False,False,SINGLE_GROUP,True,none/single-group,False,,,,,True,True,False,False,False,0,False,NO,False,False
NCT01962415,2014.0,<=2015,PHASE2,drug,2,100.0,OTHER,RECRUITING,NON_RANDOMIZED,False,NONE,0.0,False,False,PARALLEL,True,none/single-group,False,,,,,False,True,False,False,True,1,True,NO,False,True
NCT00891020,2009.0,<=2015,PHASE3,drug,3,886.0,INDUSTRY,COMPLETED,RANDOMIZED,True,NONE,0.0,False,False,PARALLEL,True,none/single-group,False,886.0,731.0,0.17494356659142207,True,True,True,True,True,False,1,True,,False,
NCT07357649,2026.0,2021-2026,PHASE4,drug,2,100.0,OTHER,NOT_YET_RECRUITING,NON_RANDOMIZED,False,NONE,0.0,False,False,PARALLEL,True,no-intervention,True,,,,,True,True,False,False,False,0,False,NO,False,False
NCT01948388,2013.0,<=2015,PHASE4,drug,2,20.0,INDIV,COMPLETED,RANDOMIZED,True,NONE,0.0,False,False,PARALLEL,False,active,True,20.0,17.0,0.15000000000000002,True,True,True,False,True,False,0,False,,False,True
NCT03593837,2018.0,2016-2020,PHASE2;PHASE3,drug,2,100.0,OTHER,UNKNOWN,RANDOMIZED,True,QUADRUPLE,4.0,True,True,PARALLEL,True,placebo/sham,True,,,,,True,True,False,False,False,1,True,UNDECIDED,False,True
NCT05392127,2022.0,2021-2026,PHASE1,drug,1,24.0,INDUSTRY,COMPLETED,NA,False,NONE,0.0,False,False,SINGLE_GROUP,False,none/single-group,False,,,,,False,False,False,False,False,1,True,UNDECIDED,False,
NCT00195702,2000.0,<=2015,PHASE3,drug,6,619.0,INDUSTRY,COMPLETED,RANDOMIZED,True,DOUBLE,2.0,True,True,PARALLEL,True,placebo/sham,True,619.0,467.0,0.24555735056542816,False,True,True,True,True,False,7,True,,False,True
NCT00903383,2009.0,<=2015,PHASE2,drug,4,208.0,INDUSTRY,COMPLETED,RANDOMIZED,True,QUADRUPLE,4.0,True,True,PARALLEL,True,placebo/sham,True,208.0,187.0,0.10096153846153844,True,False,True,True,True,False,0,False,,False,False
NCT01746680,2012.0,<=2015,PHASE4,drug,1,111.0,INDUSTRY,COMPLETED,NA,False,NONE,0.0,False,False,SINGLE_GROUP,True,none/single-group,False,,,,,True,True,False,False,False,0,False,,False,True
NCT00106522,2005.0,<=2015,PHASE3,drug,3,499.0,INDUSTRY,COMPLETED,RANDOMIZED,True,DOUBLE,2.0,True,True,PARALLEL,True,placebo/sham,True,,,,,True,True,True,False,False,5,True,,False,
NCT06159452,2010.0,<=2015,PHASE1,drug,7,53.0,INDUSTRY,COMPLETED,RANDOMIZED,True,DOUBLE,2.0,True,True,PARALLEL,True,active,True,,,,,False,True,True,False,False,0,False,,False,True
NCT01359943,2011.0,<=2015,PHASE2,drug,3,221.0,INDUSTRY,COMPLETED,RANDOMIZED,True,DOUBLE,2.0,True,True,PARALLEL,True,placebo/sham,True,221.0,215.0,0.02714932126696834,True,False,True,True,True,False,1,True,,False,False
NCT05116228,2015.0,<=2015,PHASE4,drug,2,21.0,OTHER,TERMINATED,RANDOMIZED,True,DOUBLE,2.0,True,True,PARALLEL,False,active,True,,,,,True,True,False,False,False,0,False,NO,False,False
NCT01966718,2013.0,<=2015,PHASE4,drug,1,8.0,OTHER,COMPLETED,NA,False,NONE,0.0,False,False,SINGLE_GROUP,False,none/single-group,False,8.0,8.0,0.0,True,True,True,False,True,False,0,False,,False,False
NCT01491815,2012.0,<=2015,PHASE4,drug,4,812.0,OTHER,UNKNOWN,RANDOMIZED,True,SINGLE,1.0,True,False,PARALLEL,True,active,True,,,,,True,True,True,False,False,9,True,NO,False,True
NCT01331837,2011.0,<=2015,PHASE4,drug,2,3080.0,INDUSTRY,COMPLETED,RANDOMIZED,True,NONE,0.0,False,False,PARALLEL,True,active,True,3080.0,2957.0,0.039935064935064934,True,True,True,False,True,False,1,True,,False,
NCT01067430,2010.0,<=2015,PHASE4,drug,2,0.0,OTHER,WITHDRAWN,RANDOMIZED,True,NONE,0.0,False,False,CROSSOVER,False,active,True,,,,,True,True,False,False,False,0,False,,False,False
NCT00665925,2008.0,<=2015,PHASE2,drug,3,457.0,INDUSTRY,COMPLETED,RANDOMIZED,True,QUADRUPLE,4.0,True,True,PARALLEL,True,placebo/sham,True,457.0,378.0,0.17286652078774623,True,False,True,True,True,False,1,True,NO,False,True
NCT02056184,2013.0,<=2015,PHASE4,drug,2,183.0,OTHER,COMPLETED,RANDOMIZED,True,SINGLE,1.0,True,False,PARALLEL,True,active,True,,,,,True,True,False,False,False,0,False,,False,True
NCT00718718,2008.0,<=2015,PHASE2,drug,7,187.0,INDUSTRY,COMPLETED,RANDOMIZED,True,TRIPLE,3.0,True,True,CROSSOVER,True,none/single-group,False,187.0,177.0,0.053475935828877,True,False,True,True,True,False,1,True,,False,True
NCT00554606,2007.0,<=2015,PHASE2,drug,1,115.0,INDUSTRY,COMPLETED,NA,False,NONE,0.0,False,False,SINGLE_GROUP,True,none/single-group,False,115.0,30.0,0.7391304347826086,False,False,True,False,True,False,0,False,,False,False
NCT00652925,2002.0,<=2015,PHASE3,drug,3,225.0,INDUSTRY,COMPLETED,RANDOMIZED,True,QUADRUPLE,4.0,True,True,PARALLEL,True,active,True,,,,,True,True,True,False,False,0,False,,False,True
NCT00346294,2006.0,<=2015,PHASE4,drug,1,115.0,INDUSTRY,COMPLETED,NON_RANDOMIZED,False,NONE,0.0,False,False,SINGLE_GROUP,True,none/single-group,False,,,,,True,True,False,False,False,0,False,,False,
NCT07276958,2026.0,2021-2026,PHASE1,drug,6,63.0,INDUSTRY,RECRUITING,RANDOMIZED,True,SINGLE,1.0,True,False,PARALLEL,True,placebo/sham,True,,,,,False,False,True,False,False,0,False,NO,False,False
NCT00252668,2004.0,<=2015,PHASE4,drug,0,300.0,INDUSTRY,COMPLETED,RANDOMIZED,True,NONE,0.0,False,False,PARALLEL,True,none/single-group,False,,,,,True,True,False,False,False,0,False,,False,
NCT02373813,2015.0,<=2015,PHASE3,drug,4,371.0,INDUSTRY,COMPLETED,RANDOMIZED,True,QUADRUPLE,4.0,True,True,PARALLEL,True,none/single-group,False,371.0,255.0,0.31266846361185985,False,True,True,True,True,False,1,True,YES,True,False
NCT01287533,2010.0,<=2015,PHASE4,drug,2,167.0,OTHER,COMPLETED,RANDOMIZED,True,QUADRUPLE,4.0,True,True,PARALLEL,True,placebo/sham,True,,,,,True,False,False,False,False,1,True,,False,True
NCT00439881,2006.0,<=2015,PHASE1,drug,0,16.0,INDUSTRY,COMPLETED,NON_RANDOMIZED,False,NONE,0.0,False,False,SINGLE_GROUP,False,none/single-group,False,,,,,False,False,False,False,False,0,False,,False,False
NCT03865888,2018.0,2016-2020,PHASE3,drug,2,60.0,OTHER,COMPLETED,RANDOMIZED,True,SINGLE,1.0,True,False,PARALLEL,False,active,True,,,,,True,True,False,False,False,1,True,NO,False,
NCT02374021,2016.0,2016-2020,PHASE4,drug,2,159.0,OTHER,COMPLETED,RANDOMIZED,True,SINGLE,1.0,True,False,PARALLEL,True,active,True,159.0,115.0,0.2767295597484277,False,True,True,False,True,False,2,True,,False,True
NCT00711074,2008.0,<=2015,PHASE1,drug,1,4.0,INDUSTRY,COMPLETED,NA,False,NONE,0.0,False,False,SINGLE_GROUP,False,none/single-group,False,,,,,False,False,False,False,False,0,False,,False,False
NCT00124449,2005.0,<=2015,PHASE2,drug,2,56.0,INDUSTRY,COMPLETED,RANDOMIZED,True,DOUBLE,2.0,True,True,PARALLEL,True,placebo/sham,True,56.0,39.0,0.3035714285714286,False,False,False,False,True,False,0,False,,False,False
NCT00760864,2004.0,<=2015,PHASE2,drug,4,432.0,INDUSTRY,COMPLETED,RANDOMIZED,True,QUADRUPLE,4.0,True,True,PARALLEL,True,active,True,,,,,False,True,True,False,False,0,False,,False,False
NCT05698563,2023.0,2021-2026,NA,drug,2,3.0,OTHER,TERMINATED,NON_RANDOMIZED,False,SINGLE,1.0,True,False,PARALLEL,False,none/single-group,False,,,,,False,False,False,False,False,0,False,,False,True
NCT00014794,2001.0,<=2015,PHASE1,drug,0,10.0,NIH,COMPLETED,,False,,,False,False,,False,none/single-group,False,,,,,False,True,False,False,False,0,False,,False,
NCT00450216,2007.0,<=2015,PHASE3,drug,2,906.0,INDUSTRY,COMPLETED,RANDOMIZED,True,QUADRUPLE,4.0,True,True,PARALLEL,True,active,True,906.0,603.0,0.3344370860927153,False,True,False,False,True,False,1,True,,False,True
NCT00029042,2002.0,<=2015,PHASE2,drug,0,48.0,NIH,TERMINATED,,False,,,False,False,,False,none/single-group,False,,,,,False,True,False,False,False,0,False,,False,
NCT05080218,2021.0,2021-2026,PHASE4,drug,9,841.0,OTHER,COMPLETED,RANDOMIZED,True,NONE,0.0,False,False,PARALLEL,True,no-intervention,True,,,,,True,False,True,False,False,0,False,YES,True,False
NCT03084419,2018.0,2016-2020,PHASE2,drug,1,30.0,OTHER,UNKNOWN,NA,False,NONE,0.0,False,False,SINGLE_GROUP,False,none/single-group,False,,,,,False,True,False,False,False,0,False,NO,False,True
NCT01373151,2011.0,<=2015,PHASE2,drug,7,418.0,INDUSTRY,COMPLETED,RANDOMIZED,True,QUADRUPLE,4.0,True,True,PARALLEL,True,placebo/sham,True,418.0,399.0,0.045454545454545414,True,False,True,True,True,False,1,True,,False,True
NCT04037111,2019.0,2016-2020,NA,both,3,90.0,OTHER,UNKNOWN,RANDOMIZED,True,TRIPLE,3.0,True,True,PARALLEL,True,placebo/sham,True,,,,,False,False,True,False,False,0,False,NO,False,
NCT04559412,2021.0,2021-2026,PHASE1,both,1,11.0,INDUSTRY,UNKNOWN,NA,False,NONE,0.0,False,False,SINGLE_GROUP,False,none/single-group,False,,,,,False,True,False,False,False,0,False,,False,
NCT03100942,2017.0,2016-2020,PHASE2,drug,4,152.0,INDUSTRY,COMPLETED,RANDOMIZED,True,DOUBLE,2.0,True,True,PARALLEL,True,placebo/sham,True,152.0,120.0,0.21052631578947367,False,False,True,True,True,False,1,True,NO,False,False
NCT00484237,2007.0,<=2015,PHASE3,drug,0,80.0,INDUSTRY,COMPLETED,RANDOMIZED,True,DOUBLE,2.0,True,True,PARALLEL,False,none/single-group,False,,,,,True,True,False,False,False,0,False,,False,
NCT00138983,2000.0,<=2015,PHASE3,drug,0,200.0,OTHER,COMPLETED,RANDOMIZED,True,DOUBLE,2.0,True,True,PARALLEL,True,none/single-group,False,,,,,True,False,False,False,True,2,True,,False,
NCT00273533,2004.0,<=2015,PHASE2;PHASE3,drug,0,13.0,OTHER,COMPLETED,RANDOMIZED,True,DOUBLE,2.0,True,True,CROSSOVER,False,none/single-group,False,,,,,True,True,False,False,False,1,True,,False,
NCT00144521,2004.0,<=2015,PHASE3,drug,2,127.0,INDUSTRY,COMPLETED,RANDOMIZED,True,QUADRUPLE,4.0,True,True,PARALLEL,True,active,True,,,,,True,True,False,False,False,0,False,,False,False
NCT00383188,2006.0,<=2015,PHASE2,drug,5,305.0,INDUSTRY,COMPLETED,RANDOMIZED,True,QUADRUPLE,4.0,True,True,PARALLEL,True,placebo/sham,True,302.0,226.0,0.2516556291390728,False,False,True,True,True,False,0,False,YES,True,False
NCT04884880,2021.0,2021-2026,NA,drug,2,180.0,OTHER,UNKNOWN,RANDOMIZED,True,DOUBLE,2.0,True,True,PARALLEL,True,placebo/sham,True,,,,,False,True,False,False,False,0,False,NO,False,False
NCT04692493,2021.0,2021-2026,PHASE3,drug,2,924.0,OTHER,RECRUITING,RANDOMIZED,True,NONE,0.0,False,False,PARALLEL,True,active,True,,,,,True,True,False,False,False,0,False,NO,False,True
NCT00399282,2006.0,<=2015,PHASE1,drug,0,75.0,OTHER,COMPLETED,RANDOMIZED,True,DOUBLE,2.0,True,True,FACTORIAL,True,none/single-group,False,,,,,False,True,False,False,False,0,False,,False,True
NCT03770923,2018.0,2016-2020,PHASE3,drug,3,75.0,OTHER,RECRUITING,RANDOMIZED,True,NONE,0.0,False,False,PARALLEL,False,active,True,,,,,True,True,True,False,False,1,True,UNDECIDED,False,True
NCT02211469,2014.0,<=2015,PHASE1,drug,4,41.0,INDUSTRY,COMPLETED,RANDOMIZED,True,TRIPLE,3.0,True,True,PARALLEL,True,none/single-group,False,,,,,False,True,True,False,False,0,False,,False,False
NCT03816345,2019.0,2016-2020,PHASE1,both,11,300.0,NIH,RECRUITING,NA,False,NONE,0.0,False,False,PARALLEL,True,none/single-group,False,,,,,False,True,True,False,False,1,True,YES,True,False
NCT07404865,2026.0,2021-2026,PHASE3,drug,2,250.0,INDUSTRY,RECRUITING,RANDOMIZED,True,QUADRUPLE,4.0,True,True,PARALLEL,True,placebo/sham,True,,,,,True,True,False,False,False,0,False,NO,False,True
NCT01142726,2010.0,<=2015,PHASE3,drug,3,511.0,INDUSTRY,COMPLETED,RANDOMIZED,True,DOUBLE,2.0,True,True,PARALLEL,True,active,True,351.0,290.0,0.1737891737891738,True,True,True,True,True,False,7,True,,False,False
NCT01034306,2010.0,<=2015,PHASE2,drug,2,79.0,INDUSTRY,COMPLETED,RANDOMIZED,True,QUADRUPLE,4.0,True,True,PARALLEL,True,placebo/sham,True,79.0,71.0,0.10126582278481011,True,False,True,False,True,False,0,False,,False,False
NCT02573012,2016.0,2016-2020,PHASE4,drug,2,314.0,INDUSTRY,COMPLETED,RANDOMIZED,True,DOUBLE,2.0,True,True,PARALLEL,True,none/single-group,False,259.0,229.0,0.11583011583011582,True,True,True,False,True,False,1,True,,False,
NCT01611688,2012.0,<=2015,PHASE1,drug,2,36.0,INDUSTRY,COMPLETED,RANDOMIZED,True,DOUBLE,2.0,True,True,PARALLEL,True,placebo/sham,True,,,,,False,True,False,False,False,0,False,,False,False
NCT01668966,2013.0,<=2015,PHASE3,drug,1,23.0,INDUSTRY,COMPLETED,NA,False,NONE,0.0,False,False,SINGLE_GROUP,False,none/single-group,False,23.0,19.0,0.17391304347826086,True,True,True,False,True,False,0,False,,False,
NCT00379990,2006.0,<=2015,PHASE2,drug,3,48.0,INDUSTRY,COMPLETED,RANDOMIZED,True,TRIPLE,3.0,True,True,PARALLEL,False,placebo/sham,True,,,,,False,True,True,False,False,1,True,,False,False
NCT00941707,2010.0,<=2015,PHASE2,drug,2,86.0,INDUSTRY,TERMINATED,RANDOMIZED,True,QUADRUPLE,4.0,True,True,PARALLEL,True,placebo/sham,True,,,,,False,True,False,False,False,0,False,,False,True
NCT02586246,2011.0,<=2015,PHASE3,drug,2,86.0,INDUSTRY,COMPLETED,NON_RANDOMIZED,False,NONE,0.0,False,False,PARALLEL,False,none/single-group,False,,,,,True,True,False,False,False,0,False,,False,False
NCT01844895,2013.0,<=2015,PHASE3,drug,1,120.0,INDUSTRY,COMPLETED,NA,False,NONE,0.0,False,False,SINGLE_GROUP,True,none/single-group,False,120.0,117.0,0.025000000000000022,True,True,True,False,True,False,0,False,,False,False
NCT00036374,2001.0,<=2015,PHASE3,drug,0,123.0,INDUSTRY,COMPLETED,RANDOMIZED,True,DOUBLE,2.0,True,True,PARALLEL,True,none/single-group,False,,,,,True,True,False,False,True,2,True,,False,
NCT00036387,,,PHASE3,drug,0,347.0,INDUSTRY,COMPLETED,RANDOMIZED,True,DOUBLE,2.0,True,True,PARALLEL,True,none/single-group,False,,,,,True,True,False,False,True,0,False,,False,
NCT04988087,2021.0,2021-2026,PHASE2,drug,4,30.0,INDUSTRY,TERMINATED,RANDOMIZED,True,TRIPLE,3.0,True,True,PARALLEL,False,placebo/sham,True,30.0,5.0,0.8333333333333334,False,False,True,True,True,False,2,True,YES,True,False
NCT02110446,2014.0,<=2015,PHASE2,drug,2,60.0,OTHER,UNKNOWN,RANDOMIZED,True,QUADRUPLE,4.0,True,True,CROSSOVER,True,placebo/sham,True,,,,,False,True,False,False,False,0,False,UNDECIDED,False,True
NCT00545454,2007.0,<=2015,PHASE2,drug,3,79.0,INDUSTRY,COMPLETED,RANDOMIZED,True,DOUBLE,2.0,True,True,PARALLEL,True,placebo/sham,True,,,,,False,True,True,False,False,0,False,,False,True
NCT02481180,2015.0,<=2015,PHASE1,drug,2,36.0,INDUSTRY,TERMINATED,RANDOMIZED,True,NONE,0.0,False,False,PARALLEL,True,active,True,,,,,False,True,False,False,False,1,True,,False,False
NCT00393471,2000.0,<=2015,PHASE3,drug,0,615.0,INDUSTRY,COMPLETED,RANDOMIZED,True,DOUBLE,2.0,True,True,PARALLEL,True,none/single-group,False,,,,,True,True,False,False,False,2,True,,False,
NCT01442545,2011.0,<=2015,PHASE1,drug,1,21.0,INDUSTRY,COMPLETED,NON_RANDOMIZED,False,NONE,0.0,False,False,SINGLE_GROUP,False,none/single-group,False,,,,,False,True,False,False,False,0,False,,False,False
NCT01052194,2010.0,<=2015,PHASE2,drug,5,206.0,INDUSTRY,COMPLETED,RANDOMIZED,True,DOUBLE,2.0,True,True,PARALLEL,True,placebo/sham,True,,,,,False,True,True,False,False,0,False,,False,True
NCT06361199,2021.0,2021-2026,PHASE1,drug,2,22.0,INDUSTRY,COMPLETED,RANDOMIZED,True,DOUBLE,2.0,True,True,PARALLEL,False,placebo/sham,True,,,,,False,True,False,False,False,1,True,NO,False,
NCT01258712,2010.0,<=2015,PHASE3,drug,2,86.0,INDUSTRY,COMPLETED,RANDOMIZED,True,QUADRUPLE,4.0,True,True,PARALLEL,False,placebo/sham,True,,,,,True,True,False,False,False,0,False,,False,False
NCT03652961,2019.0,2016-2020,PHASE4,drug,1,25.0,OTHER,COMPLETED,NA,False,NONE,0.0,False,False,SINGLE_GROUP,False,none/single-group,False,25.0,21.0,0.16000000000000003,True,True,True,False,True,False,0,False,NO,False,False
NCT00099554,2004.0,<=2015,PHASE4,drug,0,200.0,INDUSTRY,COMPLETED,NON_RANDOMIZED,False,NONE,0.0,False,False,SINGLE_GROUP,True,none/single-group,False,,,,,True,True,False,False,True,0,False,,False,
NCT05803135,2023.0,2021-2026,PHASE4,drug,2,138.0,OTHER,UNKNOWN,RANDOMIZED,True,TRIPLE,3.0,True,True,PARALLEL,True,placebo/sham,True,,,,,True,True,False,False,False,0,False,NO,False,True
NCT05814627,2023.0,2021-2026,PHASE3,drug,2,487.0,INDUSTRY,ACTIVE_NOT_RECRUITING,RANDOMIZED,True,QUADRUPLE,4.0,True,True,PARALLEL,True,none/single-group,False,,,,,True,True,False,False,False,1,True,YES,True,False
NCT05955066,2023.0,2021-2026,PHASE4,drug,2,60.0,OTHER,RECRUITING,RANDOMIZED,True,QUADRUPLE,4.0,True,True,PARALLEL,False,placebo/sham,True,,,,,True,True,False,False,False,0,False,YES,True,False
NCT02714634,2016.0,2016-2020,PHASE4,drug,2,286.0,OTHER,RECRUITING,RANDOMIZED,True,NONE,0.0,False,False,PARALLEL,True,active,True,,,,,True,True,False,False,False,0,False,NO,False,False
NCT02602704,2015.0,<=2015,PHASE4,drug,2,114.0,OTHER,COMPLETED,RANDOMIZED,True,NONE,0.0,False,False,PARALLEL,True,active,True,,,,,True,False,False,False,False,2,True,NO,False,False
NCT06276998,2023.0,2021-2026,PHASE3,drug,2,430.0,INDUSTRY,ACTIVE_NOT_RECRUITING,RANDOMIZED,True,QUADRUPLE,4.0,True,True,PARALLEL,True,placebo/sham,True,,,,,True,True,False,False,False,0,False,,False,False
NCT02723760,2015.0,<=2015,EARLY_PHASE1,drug,1,4.0,OTHER,COMPLETED,NA,False,NONE,0.0,False,False,SINGLE_GROUP,False,none/single-group,False,,,,,False,False,False,False,False,0,False,YES,True,True
