nct,lead_sponsor_name,sponsor_class,sponsor_industry,sponsor_category
NCT05561699,Shanghai Zhongshan Hospital,OTHER,False,hospital
NCT03322267,National Taiwan University Hospital,OTHER,False,academic
NCT07070479,Ming-Yuan Chen,OTHER,False,individual
NCT07193186,Fudan University,OTHER,False,academic
NCT01098955,M.D. Anderson Cancer Center,OTHER,False,hospital
NCT03572829,Chinese Academy of Medical Sciences,OTHER,False,academic
NCT07192068,UNICANCER,OTHER,False,research_nonprofit
NCT06078657,The First Affiliated Hospital of Zhengzhou University,OTHER,False,academic
NCT07554521,BeOne Medicines,INDUSTRY,True,industry
NCT00005638,Memorial Sloan Kettering Cancer Center,OTHER,False,hospital
NCT03269344,Henry Ford Health System,OTHER,False,hospital
NCT03040999,Merck Sharp & Dohme LLC,INDUSTRY,True,industry
NCT00095836,Massachusetts General Hospital,OTHER,False,hospital
NCT00513383,Massachusetts General Hospital,OTHER,False,hospital
NCT01969578,European Organisation for Research and Treatment of Cancer - EORTC,NETWORK,False,network
NCT00169182,Groupe Oncologie Radiotherapie Tete et Cou,OTHER,False,research_nonprofit
NCT03998696,"Bangabandhu Sheikh Mujib Medical University, Dhaka, Bangladesh",OTHER,False,academic
NCT06898437,Peking Union Medical College Hospital,OTHER,False,academic
NCT06177301,Fudan University,OTHER,False,academic
NCT04857164,Yuankai Shi,OTHER,False,individual
NCT01038154,Hospital Donostia,OTHER,False,hospital
NCT01927328,Nottingham University Hospitals NHS Trust,OTHER,False,government
NCT07519655,Pfizer,INDUSTRY,True,industry
NCT04831320,Washington University School of Medicine,OTHER,False,academic
NCT07151040,One-carbon Therapeutics AB,INDUSTRY,True,industry
NCT00215644,"Merck KGaA, Darmstadt, Germany",INDUSTRY,True,industry
NCT01288625,Sun Pharmaceutical Industries Limited,INDUSTRY,True,industry
NCT02072720,"Amsterdam UMC, location VUmc",OTHER,False,hospital
NCT03529279,Sun Yat-sen University,OTHER,False,academic
NCT02784288,University of Michigan Rogel Cancer Center,OTHER,False,academic
NCT02258659,University of Chicago,OTHER,False,academic
NCT00392704,"SCRI Development Innovations, LLC",OTHER,True,industry
NCT00313599,"University of California, San Francisco",OTHER,False,academic
NCT02973386,Sun Yat-sen University,OTHER,False,academic
NCT07679997,Sun Yat-Sen Memorial Hospital of Sun Yat-Sen University,OTHER,False,academic
NCT04929392,City of Hope Medical Center,OTHER,False,hospital
NCT02812524,Providence Health & Services,OTHER,False,hospital
NCT06007729,Hansoh BioMedical R&D Company,INDUSTRY,True,industry
NCT01705340,National Cancer Institute (NCI),NIH,False,government
NCT07274852,"Sichuan Baili Pharmaceutical Co., Ltd.",INDUSTRY,True,industry
NCT00185835,Stanford University,OTHER,False,academic
NCT06780111,Merck Sharp & Dohme LLC,INDUSTRY,True,industry
NCT03515538,"EpicentRx, Inc.",INDUSTRY,True,industry
NCT03528876,University of Saskatchewan,OTHER,False,academic
NCT03811015,National Cancer Institute (NCI),NIH,False,government
NCT05747625,Eben Rosenthal,OTHER,False,individual
NCT00656513,Radiation Therapy Oncology Group,NETWORK,False,network
NCT04015661,Fuzhou General Hospital,OTHER,False,hospital
NCT05514275,Zhejiang Cancer Hospital,OTHER,False,hospital
NCT03684707,Ain Shams University,OTHER,False,academic
NCT06084897,"Cancer Institute and Hospital, Chinese Academy of Medical Sciences",OTHER,False,hospital
NCT07142421,First Affiliated Hospital of Zhejiang University,OTHER,False,academic
NCT07328841,Ming-Yuan Chen,OTHER,False,individual
NCT03952585,National Cancer Institute (NCI),NIH,False,government
NCT04900623,"Jonathan Schoenfeld, MD, MPH",OTHER,False,other
NCT07700667,"Sichuan Kelun-Biotech Biopharmaceutical Co., Ltd.",INDUSTRY,True,industry
NCT00158691,Groupe Oncologie Radiotherapie Tete et Cou,OTHER,False,research_nonprofit
NCT04548440,Sun Yat-Sen University Cancer Center,OTHER,False,academic
NCT06469008,"Sichuan Baili Pharmaceutical Co., Ltd.",INDUSTRY,True,industry
NCT03940001,Zhejiang Cancer Hospital,OTHER,False,hospital
NCT06699212,"Rakuten Medical, Inc.",INDUSTRY,True,industry
NCT02636088,Gabriella Alexandersson von Döbeln,OTHER,False,other
NCT02567383,Shin Kong Wu Ho-Su Memorial Hospital,OTHER,False,hospital
NCT04759911,M.D. Anderson Cancer Center,OTHER,False,hospital
NCT01111058,University of Chicago,OTHER,False,academic
NCT04193293,SecuraBio,INDUSTRY,True,industry
NCT00520091,UNC Lineberger Comprehensive Cancer Center,OTHER,False,hospital
NCT01104922,"David A. Clump, MD, PhD",OTHER,False,other
NCT07258979,"MediLink Therapeutics (Suzhou) Co., Ltd.",INDUSTRY,True,industry
NCT02643056,Southern Europe New Drug Organization,OTHER,False,other
NCT07405086,OHSU Knight Cancer Institute,OTHER,False,research_nonprofit
NCT05999630,Vanderbilt University Medical Center,OTHER,False,academic
NCT02965001,"Rigshospitalet, Denmark",OTHER,False,hospital
NCT03045484,Sun Yat-sen University,OTHER,False,academic
NCT06441266,Wake Forest University Health Sciences,OTHER,False,academic
NCT03386357,University of Erlangen-Nürnberg Medical School,OTHER,False,academic
NCT02331875,Innate Pharma,INDUSTRY,True,industry
NCT05780372,Sun Yat-sen University,OTHER,False,academic
NCT05432193,"POINT Biopharma, a wholly owned subsidiary of Eli Lilly and Company",INDUSTRY,True,industry
NCT04278092,Medical University of Vienna,OTHER,False,academic
NCT06063941,Xijing Hospital of Digestive Diseases,OTHER,False,hospital
NCT01520701,Centre Francois Baclesse,OTHER,False,hospital
NCT03907826,Sun Yat-sen University,OTHER,False,academic
NCT02606916,Sun Yat-sen University,OTHER,False,academic
NCT07020117,"Aktis Oncology, Inc.",INDUSTRY,True,industry
NCT00565721,GE Healthcare,INDUSTRY,True,industry
NCT05909904,BeiGene,INDUSTRY,True,industry
NCT03002623,National Cancer Institute (NCI),NIH,False,government
NCT01212627,Angela Taber MD,OTHER,False,other
NCT05898373,Peking Union Medical College,OTHER,False,academic
NCT00003087,Memorial Sloan Kettering Cancer Center,OTHER,False,hospital
NCT04344795,Tempest Therapeutics,INDUSTRY,True,industry
NCT00226239,University of Pittsburgh,OTHER,False,academic
NCT05351762,Xijing Hospital,OTHER,False,hospital
NCT00004901,Robert H. Lurie Cancer Center,OTHER,False,hospital
NCT00078494,National Institutes of Health Clinical Center (CC),NIH,False,government
NCT03020823,"SynCore Biotechnology Co., Ltd.",INDUSTRY,True,industry
NCT00239304,AstraZeneca,INDUSTRY,True,industry
NCT01208051,National Cancer Institute (NCI),NIH,False,government
NCT05522985,Tianjin Medical University Cancer Institute and Hospital,OTHER,False,academic
NCT02460419,Sun Yat-sen University,OTHER,False,academic
NCT02319044,AstraZeneca,INDUSTRY,True,industry
NCT02444949,"China Three Gorges University, Yichang, China",OTHER,False,academic
NCT00999700,Gruppo Oncologico del Nord-Ovest,OTHER,False,research_nonprofit
NCT07214987,Massachusetts General Hospital,OTHER,False,hospital
NCT00578071,Brian Czito,OTHER,False,individual
NCT02628496,Washington University School of Medicine,OTHER,False,academic
NCT05427396,"Shanghai Junshi Bioscience Co., Ltd.",OTHER,True,industry
NCT01133678,University of Chicago,OTHER,False,academic
NCT06239220,Glenn J. Hanna,OTHER,False,other
NCT04140500,Hoffmann-La Roche,INDUSTRY,True,industry
NCT00006051,UNICANCER,OTHER,False,research_nonprofit
NCT00045006,Memorial Sloan Kettering Cancer Center,OTHER,False,hospital
NCT03207867,Novartis Pharmaceuticals,INDUSTRY,True,industry
NCT07367516,"Chia Tai Tianqing Pharmaceutical Group Co., Ltd.",INDUSTRY,True,industry
NCT04938609,Providence Health & Services,OTHER,False,hospital
NCT00176800,University of Michigan Rogel Cancer Center,OTHER,False,academic
NCT02393820,UNICANCER,OTHER,False,research_nonprofit
NCT07335380,NYU Langone Health,OTHER,False,hospital
NCT03957590,BeiGene,INDUSTRY,True,industry
NCT07324018,West China Hospital,OTHER,False,hospital
NCT04643379,Washington University School of Medicine,OTHER,False,academic
NCT04580485,Incyte Corporation,INDUSTRY,True,industry
NCT05820711,"University of Wisconsin, Madison",OTHER,False,academic
NCT06781112,Weiwei Zhang,OTHER,False,individual
NCT01534585,Taizhou Hospital,OTHER,False,hospital
NCT03003637,The Netherlands Cancer Institute,OTHER,False,research_nonprofit
NCT05499065,University Medical Center Groningen,OTHER,False,academic
NCT03427411,National Cancer Institute (NCI),NIH,False,government
NCT04096638,invoX Pharma Limited,INDUSTRY,True,industry
NCT02331134,"University of Colorado, Denver",OTHER,False,academic
NCT03386721,Hoffmann-La Roche,INDUSTRY,True,industry
NCT03795610,"Assuntina G. Sacco, MD",OTHER,False,other
NCT03022409,AstraZeneca,INDUSTRY,True,industry
NCT03871387,Yonsei University,OTHER,False,academic
NCT00629226,National Cancer Institute (NCI),NIH,False,government
NCT06234748,University of Michigan Rogel Cancer Center,OTHER,False,academic
NCT01688700,Zhejiang Cancer Hospital,OTHER,False,hospital
NCT06545331,Exelixis,INDUSTRY,True,industry
NCT04453813,Sun Yat-sen University,OTHER,False,academic
NCT01964144,Yonsei University,OTHER,False,academic
NCT01064921,Ohio State University Comprehensive Cancer Center,OTHER,False,academic
NCT04615806,Fujian Medical University Union Hospital,OTHER,False,academic
NCT04043104,MeiraGTx UK II Ltd,INDUSTRY,True,industry
NCT04892875,Jennifer Choe,OTHER,False,individual
NCT05777707,Beijing Friendship Hospital,OTHER,False,hospital
NCT05237960,University of Arizona,OTHER,False,academic
NCT05800574,Fox Chase Cancer Center,OTHER,False,hospital
NCT01816984,University of Chicago,OTHER,False,academic
NCT03503136,Sun Yat-sen University,OTHER,False,academic
NCT02834247,"Calithera Biosciences, Inc",INDUSTRY,True,industry
NCT00144976,Institut Claudius Regaud,OTHER,False,research_nonprofit
NCT07572864,West China Hospital,OTHER,False,hospital
NCT04936841,"University of Wisconsin, Madison",OTHER,False,academic
NCT02570893,Zhejiang Cancer Hospital,OTHER,False,hospital
NCT03070366,Groupe Oncologie Radiotherapie Tete et Cou,OTHER,False,research_nonprofit
NCT02998385,Groupe Oncologie Radiotherapie Tete et Cou,OTHER,False,research_nonprofit
NCT07108855,University Medical Center Groningen,OTHER,False,academic
NCT02291055,"Advaxis, Inc.",INDUSTRY,True,industry
NCT04995120,Fudan University,OTHER,False,academic
NCT07244835,Degron Therapeutics Co.,INDUSTRY,True,industry
NCT06741982,West China Hospital,OTHER,False,hospital
NCT00588640,Memorial Sloan Kettering Cancer Center,OTHER,False,hospital
NCT04554680,"National University Hospital, Singapore",OTHER,False,academic
NCT03476681,"Precision Biologics, Inc",INDUSTRY,True,industry
NCT00766480,University of Toyama,OTHER,False,academic
NCT06011291,"CSPC ZhongQi Pharmaceutical Technology Co., Ltd.",INDUSTRY,True,industry
NCT00332280,Auron Healthcare GmbH,INDUSTRY,True,industry
NCT04731467,Famewave Ltd.,INDUSTRY,True,industry
NCT04106843,M.D. Anderson Cancer Center,OTHER,False,hospital
NCT07565389,"National University Hospital, Singapore",OTHER,False,academic
NCT00057512,Erimos Pharmaceuticals,INDUSTRY,True,industry
NCT04799054,Ascendis Pharma Oncology Division A/S,INDUSTRY,True,industry
NCT01488318,"Julie E. Bauman, MD, MPH",OTHER,False,other
NCT01720407,Nantes University Hospital,OTHER,False,academic
NCT04984733,University of Southampton,OTHER,False,academic
NCT01496313,Sanofi,INDUSTRY,True,industry
NCT03843671,National Baromedical Services,OTHER,False,individual
NCT04046250,"Tosk, Inc.",INDUSTRY,True,industry
NCT04871204,Fredrik Klevebro,OTHER,False,individual
NCT04757363,Memorial Sloan Kettering Cancer Center,OTHER,False,hospital
NCT07172256,Yale University,OTHER,False,academic
NCT06052839,Dan Zandberg,OTHER,False,individual
NCT00077051,University of Miami,OTHER,False,academic
NCT07638436,Sun Yat-sen University,OTHER,False,academic
NCT00012168,NYU Langone Health,OTHER,False,hospital
NCT06248411,"Kyowa Kirin Co., Ltd.",INDUSTRY,True,industry
NCT05044728,Sichuan Cancer Hospital and Research Institute,OTHER,False,hospital
NCT05199584,"Endeavor Biomedicines, Inc.",INDUSTRY,True,industry
NCT06491134,Hebei Medical University Fourth Hospital,OTHER,False,academic
NCT04807140,Sun Yat-Sen Memorial Hospital of Sun Yat-Sen University,OTHER,False,academic
NCT03639168,Fudan University,OTHER,False,academic
NCT03076372,Merrimack Pharmaceuticals,INDUSTRY,True,industry
NCT00923481,National Cancer Institute (NCI),NIH,False,government
NCT00265941,Radiation Therapy Oncology Group,NETWORK,False,network
NCT04821765,"Cancer Institute and Hospital, Chinese Academy of Medical Sciences",OTHER,False,hospital
NCT03575598,"University Health Network, Toronto",OTHER,False,academic
NCT05517330,West China Hospital,OTHER,False,hospital
NCT03000257,AbbVie,INDUSTRY,True,industry
NCT05582265,Sun Yat-Sen Memorial Hospital of Sun Yat-Sen University,OTHER,False,academic
NCT02630264,"Guangzhou Double Bioproducts Co., Ltd",INDUSTRY,True,industry
NCT01285635,University of Michigan Rogel Cancer Center,OTHER,False,academic
NCT04125693,Bayer,INDUSTRY,True,industry
NCT01907997,Yonsei University,OTHER,False,academic
NCT00003103,Memorial Sloan Kettering Cancer Center,OTHER,False,hospital
NCT03729297,Radboud University Medical Center,OTHER,False,academic
NCT02057107,Heath Skinner,OTHER,False,individual
NCT01036412,M.D. Anderson Cancer Center,OTHER,False,hospital
NCT03602079,Klus Pharma Inc.,INDUSTRY,True,industry
NCT07686926,Tianjin Medical University Cancer Institute and Hospital,OTHER,False,academic
NCT02110992,University of Cincinnati,OTHER,False,academic
NCT06055257,Sunnybrook Health Sciences Centre,OTHER,False,hospital
NCT00057850,National Cancer Institute (NCI),NIH,False,government
NCT07332221,Henan Cancer Hospital,OTHER_GOV,False,government
NCT06999187,Dren Bio,INDUSTRY,True,industry
NCT00014118,Eastern Cooperative Oncology Group,NETWORK,False,network
NCT04943445,Latin American Cooperative Oncology Group,OTHER,False,research_nonprofit
NCT02555644,Eli Lilly and Company,INDUSTRY,True,industry
NCT05166577,"Viracta Therapeutics, Inc.",INDUSTRY,True,industry
NCT01317589,Maastricht University Medical Center,OTHER,False,academic
NCT06639191,Karolinska University Hospital,OTHER,False,academic
NCT07358806,Oscotec Inc.,INDUSTRY,True,industry
NCT03349710,Bristol-Myers Squibb,INDUSTRY,True,industry
NCT05286060,Yonsei University,OTHER,False,academic
NCT07114601,Eli Lilly and Company,INDUSTRY,True,industry
NCT00238147,University of Washington,OTHER,False,academic
NCT00003867,Montefiore Medical Center,OTHER,False,hospital
NCT04440917,Shanghai Ninth People's Hospital Affiliated to Shanghai Jiao Tong University,OTHER,False,academic
NCT00534729,King Faisal Specialist Hospital & Research Center,OTHER,False,hospital
NCT00735826,Dartmouth-Hitchcock Medical Center,OTHER,False,hospital
NCT00705627,Sun Yat-sen University,OTHER,False,academic
NCT04136912,UNC Lineberger Comprehensive Cancer Center,OTHER,False,hospital
NCT03355560,Trisha Wise-Draper,OTHER,False,individual
NCT01832857,Cornerstone Pharmaceuticals,INDUSTRY,True,industry
NCT04553510,Sun Yat-Sen Memorial Hospital of Sun Yat-Sen University,OTHER,False,academic
NCT04844073,Takeda,INDUSTRY,True,industry
NCT00622674,"Masonic Cancer Center, University of Minnesota",OTHER,False,academic
NCT00337532,Bristol-Myers Squibb,INDUSTRY,True,industry
NCT00720304,Case Comprehensive Cancer Center,OTHER,False,hospital
NCT04931823,"Conjupro Biotherapeutics, Inc.",INDUSTRY,True,industry
NCT03222440,Tianjin Medical University Cancer Institute and Hospital,OTHER,False,academic
NCT00675233,Roswell Park Cancer Institute,OTHER,False,research_nonprofit
NCT05669664,National Cancer Institute (NCI),NIH,False,government
NCT01413113,University of Washington,OTHER,False,academic
NCT00124527,Eisai Inc.,INDUSTRY,True,industry
NCT00368329,Stanford University,OTHER,False,academic
NCT00115739,University of Michigan Rogel Cancer Center,OTHER,False,academic
NCT05143970,Institut Paoli-Calmettes,OTHER,False,research_nonprofit
NCT00330382,National Cancer Institute (NCI),NIH,False,government
NCT05790200,"Union Hospital, Tongji Medical College, Huazhong University of Science and Technology",OTHER,False,academic
NCT05786716,Cancer Research UK,OTHER,False,research_nonprofit
NCT03468218,Emory University,OTHER,False,academic
NCT03423264,University of Chicago,OTHER,False,academic
NCT00816634,Samsung Medical Center,OTHER,False,hospital
NCT04390945,The First Affiliated Hospital of Henan University of Science and Technology,OTHER,False,academic
NCT02544737,Hangzhou Cancer Hospital,OTHER,False,hospital
NCT06385730,Shanghai Chest Hospital,OTHER,False,hospital
NCT07685938,UNC Lineberger Comprehensive Cancer Center,OTHER,False,hospital
NCT06510660,Fujian Medical University Union Hospital,OTHER,False,academic
NCT03666221,Fujian Cancer Hospital,OTHER_GOV,False,government
NCT07071103,Chuangzhen Chen,OTHER,False,individual
NCT03837808,Sun Yat-sen University,OTHER,False,academic
NCT01140178,Roswell Park Cancer Institute,OTHER,False,research_nonprofit
NCT00036790,"University of Wisconsin, Madison",OTHER,False,academic
NCT06087614,"Rajiv Gandhi Cancer Institute & Research Center, India",OTHER,False,research_nonprofit
NCT03194373,University of Michigan Rogel Cancer Center,OTHER,False,academic
NCT03791905,Mian XI,OTHER,False,other
NCT00242749,AstraZeneca,INDUSTRY,True,industry
NCT00603759,Tehran University of Medical Sciences,OTHER,False,academic
NCT05423197,Stanford University,OTHER,False,academic
NCT07677475,Dongguan People's Hospital,OTHER_GOV,False,government
NCT00935961,Memorial Sloan Kettering Cancer Center,OTHER,False,hospital
NCT07662746,Shanghai Ninth People's Hospital Affiliated to Shanghai Jiao Tong University,OTHER,False,academic
NCT03964753,Hebei Medical University Fourth Hospital,OTHER,False,academic
NCT06894459,Beijing Tongren Hospital,OTHER,False,hospital
NCT07110558,Sun Yat-sen University,OTHER,False,academic
NCT03727061,Roswell Park Cancer Institute,OTHER,False,research_nonprofit
NCT01326468,Sidney Kimmel Comprehensive Cancer Center at Thomas Jefferson University,OTHER,False,academic
NCT07441681,NRG Oncology,OTHER,False,research_nonprofit
NCT03360890,University of Chicago,OTHER,False,academic
NCT02776163,Shanghai Ninth People's Hospital Affiliated to Shanghai Jiao Tong University,OTHER,False,academic
NCT00304278,Southern Illinois University,OTHER,False,academic
NCT02901483,PharmaEngine,INDUSTRY,True,industry
NCT07554768,Chen Chunyan,OTHER,False,individual
NCT06505551,SCG Cell Therapy Pte. Ltd.,INDUSTRY,True,industry
NCT01973725,Yuhong Li,OTHER,False,individual
NCT00273546,Sanofi,INDUSTRY,True,industry
NCT03215095,Memorial Sloan Kettering Cancer Center,OTHER,False,hospital
NCT07540390,Sun Yat-sen University,OTHER,False,academic
NCT03498378,Kathryn Gold,OTHER,False,individual
NCT04882462,The First Affiliated Hospital of Soochow University,OTHER,False,academic
NCT00437372,Sidney Kimmel Comprehensive Cancer Center at Thomas Jefferson University,OTHER,False,academic
NCT06648096,Fundació Institut de Recerca de l'Hospital de la Santa Creu i Sant Pau,OTHER,False,hospital
NCT04509726,Xinqiao Hospital of Chongqing,OTHER,False,hospital
NCT03639467,Chinese Academy of Medical Sciences,OTHER,False,academic
NCT01747512,AHS Cancer Control Alberta,OTHER,False,other
NCT02270814,Washington University School of Medicine,OTHER,False,academic
NCT07524413,Sun Yat-sen University,OTHER,False,academic
NCT03099356,University of Michigan Rogel Cancer Center,OTHER,False,academic
NCT00833261,University of Texas Southwestern Medical Center,OTHER,False,academic
NCT00372320,National Institute of Dental and Craniofacial Research (NIDCR),NIH,False,government
NCT06232863,"Zhuhai Beihai Biotech Co., Ltd",INDUSTRY,True,industry
NCT03110926,University of Rochester,OTHER,False,academic
NCT07434206,South Egypt Cancer Institute,OTHER,False,research_nonprofit
NCT00004164,Dana-Farber Cancer Institute,OTHER,False,hospital
NCT03917043,Ascentage Pharma Group Inc.,INDUSTRY,True,industry
NCT04018872,Dallas VA Medical Center,FED,False,government
NCT04161391,"Turning Point Therapeutics, Inc.",INDUSTRY,True,industry
NCT00003237,Eastern Cooperative Oncology Group,NETWORK,False,network
NCT02344810,Eastern Cooperative Oncology Group,NETWORK,False,network
NCT00581360,University of Pittsburgh,OTHER,False,academic
NCT07672236,OncoZenge AB,INDUSTRY,True,industry
NCT06109207,West China Hospital,OTHER,False,hospital
NCT07632339,Shanghai Ninth People's Hospital Affiliated to Shanghai Jiao Tong University,OTHER,False,academic
NCT04539600,Sun Yat-sen University,OTHER,False,academic
NCT07361133,"National Cancer Institute, Egypt",OTHER,False,government
NCT01175980,National Cancer Institute (NCI),NIH,False,government
NCT05352321,Sun Yat-sen University,OTHER,False,academic
NCT06392971,First Affiliated Hospital of Chengdu Medical College,OTHER,False,academic
NCT01443065,UNICANCER,OTHER,False,research_nonprofit
NCT04925284,Exelixis,INDUSTRY,True,industry
NCT03817567,Sinocelltech Ltd.,INDUSTRY,True,industry
NCT00023790,Case Comprehensive Cancer Center,OTHER,False,hospital
NCT02585973,UNC Lineberger Comprehensive Cancer Center,OTHER,False,hospital
NCT00270166,"Johnson & Johnson Pharmaceutical Research & Development, L.L.C.",INDUSTRY,True,industry
NCT03002064,Sun Yat-sen University,OTHER,False,academic
NCT03070262,The First Affiliated Hospital of Henan University of Science and Technology,OTHER,False,academic
NCT00410826,University of Washington,OTHER,False,academic
NCT00140556,"David M. Brizel, MD",OTHER,False,other
NCT00002964,Roswell Park Cancer Institute,OTHER,False,research_nonprofit
NCT01728623,"Eisai Co., Ltd.",INDUSTRY,True,industry
NCT01602315,Novartis Pharmaceuticals,INDUSTRY,True,industry
NCT03116152,Innovent Biologics (Suzhou) Co. Ltd.,INDUSTRY,True,industry
NCT00075738,GERCOR - Multidisciplinary Oncology Cooperative Group,OTHER,False,network
NCT05896787,The First Affiliated Hospital of Zhengzhou University,OTHER,False,academic
NCT04742959,"TransThera Sciences (Nanjing), Inc.",INDUSTRY,True,industry
NCT03714867,Augusta University,OTHER,False,academic
NCT02177552,"Rigshospitalet, Denmark",OTHER,False,hospital
NCT07431281,AstraZeneca,INDUSTRY,True,industry
NCT06237881,M.D. Anderson Cancer Center,OTHER,False,hospital
NCT07303283,Kai Hu,OTHER,False,individual
NCT02897375,Emory University,OTHER,False,academic
NCT02627807,Sun Yat-sen University,OTHER,False,academic
NCT05290194,"Fifth Affiliated Hospital, Sun Yat-Sen University",OTHER,False,academic
NCT00666926,"Verastem, Inc.",INDUSTRY,True,industry
NCT03283605,Centre hospitalier de l'Université de Montréal (CHUM),OTHER,False,academic
NCT00006472,Medstar Health Research Institute,OTHER,False,research_nonprofit
NCT01913639,Memorial Sloan Kettering Cancer Center,OTHER,False,hospital
NCT05491512,Memorial Sloan Kettering Cancer Center,OTHER,False,hospital
NCT00551759,Eastern Cooperative Oncology Group,NETWORK,False,network
NCT00493025,Sidney Kimmel Comprehensive Cancer Center at Johns Hopkins,OTHER,False,hospital
NCT05688020,Assaf-Harofeh Medical Center,OTHER_GOV,False,government
NCT06876038,"University of Massachusetts, Boston",OTHER,False,academic
NCT03181035,Sunnybrook Health Sciences Centre,OTHER,False,hospital
NCT00019825,National Cancer Institute (NCI),NIH,False,government
NCT02016417,Cancer Hospital of Guangxi Medical University,OTHER,False,academic
NCT05831930,Sichuan Cancer Hospital and Research Institute,OTHER,False,hospital
NCT04491942,National Cancer Institute (NCI),NIH,False,government
NCT02390739,National Cancer Institute (NCI),NIH,False,government
NCT03077243,UNC Lineberger Comprehensive Cancer Center,OTHER,False,hospital
NCT07509099,Ji Dongmei,OTHER,False,individual
NCT05325866,Amgen,INDUSTRY,True,industry
NCT00379262,Hong Kong Nasopharyngeal Cancer Study Group Limited,OTHER,False,network
NCT04568200,Peking Union Medical College Hospital,OTHER,False,academic
NCT03170960,Exelixis,INDUSTRY,True,industry
NCT03236935,The Methodist Hospital Research Institute,OTHER,False,hospital
NCT02508389,"Galera Therapeutics, Inc.",INDUSTRY,True,industry
NCT05535023,M.D. Anderson Cancer Center,OTHER,False,hospital
NCT06695845,Jazz Pharmaceuticals,INDUSTRY,True,industry
NCT07602842,"InduPro, Inc.",INDUSTRY,True,industry
NCT03684785,"Exicure, Inc.",INDUSTRY,True,industry
NCT03025958,Zhejiang Cancer Hospital,OTHER,False,hospital
NCT05983432,SystImmune Inc.,INDUSTRY,True,industry
NCT03713372,Sinocelltech Ltd.,INDUSTRY,True,industry
NCT03440437,invoX Pharma Limited,INDUSTRY,True,industry
NCT05234606,Silverback Therapeutics,INDUSTRY,True,industry
NCT04221516,"Nanfang Hospital, Southern Medical University",OTHER,False,academic
NCT06414902,M.D. Anderson Cancer Center,OTHER,False,hospital
NCT05001347,I-Mab Biopharma US Limited,INDUSTRY,True,industry
NCT02084732,"Instituto Nacional de Cancerologia, Columbia",OTHER_GOV,False,government
NCT01678105,Ontario Clinical Oncology Group (OCOG),OTHER,False,research_nonprofit
NCT00308880,Taichung Veterans General Hospital,OTHER,False,hospital
NCT01009346,Sidney Kimmel Comprehensive Cancer Center at Johns Hopkins,OTHER,False,hospital
NCT07503808,IDEAYA Biosciences,INDUSTRY,True,industry
NCT02946021,Tactile Medical,INDUSTRY,True,industry
NCT06961084,Thomas Hope,OTHER,False,individual
NCT01268579,Memorial Sloan Kettering Cancer Center,OTHER,False,hospital
NCT00099021,National Cancer Institute (NCI),NIH,False,government
NCT01326559,Hong Kong Nasopharyngeal Cancer Study Group Limited,OTHER,False,network
NCT03735628,Bayer,INDUSTRY,True,industry
NCT03784066,Universitaire Ziekenhuizen KU Leuven,OTHER,False,academic
NCT05294900,Yonsei University,OTHER,False,academic
NCT00400205,Emory University,OTHER,False,academic
NCT03165994,"Apexigen America, Inc.",INDUSTRY,True,industry
NCT05331131,Northwell Health,OTHER,False,hospital
NCT01653327,Dartmouth-Hitchcock Medical Center,OTHER,False,hospital
NCT00040807,Eastern Cooperative Oncology Group,NETWORK,False,network
NCT07038629,Tianjin Medical University Cancer Institute and Hospital,OTHER,False,academic
NCT05698238,"Mabpro, a.s.",INDUSTRY,True,industry
NCT03246958,Dana-Farber Cancer Institute,OTHER,False,hospital
NCT02628665,The First Affiliated Hospital of Henan University of Science and Technology,OTHER,False,academic
NCT06295731,"Inhibrx Biosciences, Inc",INDUSTRY,True,industry
NCT02253602,Academisch Medisch Centrum - Universiteit van Amsterdam (AMC-UvA),OTHER,False,academic
NCT02085460,"Otsuka Pharmaceutical Co., Ltd.",INDUSTRY,True,industry
NCT01804205,Pedro Rotava,OTHER_GOV,False,government
NCT02707588,Groupe Oncologie Radiotherapie Tete et Cou,OTHER,False,research_nonprofit
NCT01837446,Isfahan University of Medical Sciences,OTHER,False,academic
NCT01183559,Fox Chase Cancer Center,OTHER,False,hospital
NCT00011778,National Cancer Institute (NCI),NIH,False,government
NCT05945823,"Taiho Oncology, Inc.",INDUSTRY,True,industry
NCT07223424,Diwakar Davar,OTHER,False,individual
NCT00957424,Roswell Park Cancer Institute,OTHER,False,research_nonprofit
NCT03755739,Second Affiliated Hospital of Guangzhou Medical University,OTHER,False,academic
NCT04052204,Pfizer,INDUSTRY,True,industry
NCT04989387,Incyte Corporation,INDUSTRY,True,industry
NCT06446180,The General Hospital of Western Theater Command,OTHER,False,hospital
NCT00509665,Medical University of South Carolina,OTHER,False,academic
NCT00816816,Fudan University,OTHER,False,academic
NCT03539172,Shanghai Ninth People's Hospital Affiliated to Shanghai Jiao Tong University,OTHER,False,academic
NCT03748134,Innovent Biologics (Suzhou) Co. Ltd.,INDUSTRY,True,industry
NCT00139230,Dana-Farber Cancer Institute,OTHER,False,hospital
NCT04164238,First Affiliated Hospital of Zhejiang University,OTHER,False,academic
NCT00933387,"National Health Research Institutes, Taiwan",OTHER,False,research_nonprofit
NCT00791141,"Heinrich-Heine University, Duesseldorf",OTHER,False,academic
NCT05798793,"Hospital of Stomatology, Wuhan University",OTHER,False,academic
NCT04572100,University of Chicago,OTHER,False,academic
NCT01291095,All India Institute of Medical Sciences,OTHER,False,research_nonprofit
NCT00030576,"University Health Network, Toronto",OTHER,False,academic
NCT00004233,SWOG Cancer Research Network,NETWORK,False,network
NCT02358863,Georgetown University,OTHER,False,academic
NCT04872582,XIANG YANQUN,OTHER,False,other
NCT05838729,"Coordination Pharmaceuticals, Inc.",INDUSTRY,True,industry
NCT04943900,Bristol-Myers Squibb,INDUSTRY,True,industry
NCT00731380,"University Health Network, Toronto",OTHER,False,academic
NCT04180215,Hookipa Biotech GmbH,INDUSTRY,True,industry
NCT01233843,Groupe Oncologie Radiotherapie Tete et Cou,OTHER,False,research_nonprofit
NCT03020329,Sun Yat-sen University,OTHER,False,academic
NCT02421640,Sun Yat-sen University,OTHER,False,academic
NCT05055726,Aziende Chimiche Riunite Angelini Francesco S.p.A,INDUSTRY,True,industry
NCT01553851,Washington University School of Medicine,OTHER,False,academic
NCT03925896,Sun Yat-sen University,OTHER,False,academic
NCT04177797,Sichuan Cancer Hospital and Research Institute,OTHER,False,hospital
NCT07121595,University of Michigan Rogel Cancer Center,OTHER,False,academic
NCT02576431,Bayer,INDUSTRY,True,industry
NCT03975270,Shengyu Zhou,UNKNOWN,False,individual
NCT05982197,University of Baghdad,OTHER,False,academic
NCT00904345,University of Michigan Rogel Cancer Center,OTHER,False,academic
NCT05979961,Sun Yat-sen University,OTHER,False,academic
NCT01613768,University of Washington,OTHER,False,academic
NCT04883645,Medical University of South Carolina,OTHER,False,academic
NCT00003327,Theradex,INDUSTRY,True,industry
NCT00077545,National Cancer Institute (NCI),NIH,False,government
NCT06087068,"Cancer Institute and Hospital, Chinese Academy of Medical Sciences",OTHER,False,hospital
NCT06469944,Merck Sharp & Dohme LLC,INDUSTRY,True,industry
NCT06378177,Lyvgen Biopharma Holdings Limited,INDUSTRY,True,industry
NCT04602013,Sichuan Cancer Hospital and Research Institute,OTHER,False,hospital
NCT06540443,MegaPro Biomedical Co. Ltd.,INDUSTRY,True,industry
NCT01034683,Taian Cancer Hospital,OTHER,False,hospital
NCT01987375,Eben Rosenthal,OTHER,False,individual
NCT05586009,Tanta University,OTHER,False,academic
NCT00169221,Groupe Oncologie Radiotherapie Tete et Cou,OTHER,False,research_nonprofit
NCT03492827,Peking University Third Hospital,OTHER,False,academic
NCT05516589,West China Hospital,OTHER,False,hospital
NCT06557889,Institut Claudius Regaud,OTHER,False,research_nonprofit
NCT01591135,Fudan University,OTHER,False,academic
NCT06532279,NRG Oncology,OTHER,False,research_nonprofit
NCT05341206,Chang Gung Memorial Hospital,OTHER,False,hospital
NCT02107235,"Traws Pharma, Inc.",INDUSTRY,True,industry
NCT00025298,European Organisation for Research and Treatment of Cancer - EORTC,NETWORK,False,network
NCT04782856,Virginia Commonwealth University,OTHER,False,academic
NCT04083599,Genmab,INDUSTRY,True,industry
NCT00268346,Case Comprehensive Cancer Center,OTHER,False,hospital
NCT07683507,Feng Liu,OTHER,False,individual
NCT03623646,Institut Claudius Regaud,OTHER,False,research_nonprofit
NCT06987123,Sun Yat-sen University,OTHER,False,academic
NCT02537925,Changjie Huang,OTHER,False,individual
NCT01684098,Endocyte,INDUSTRY,True,industry
NCT06474468,"Shanghai Hengrui Pharmaceutical Co., Ltd.",INDUSTRY,True,industry
NCT01871311,Georgetown University,OTHER,False,academic
NCT06906887,Medical College of Wisconsin,OTHER,False,academic
NCT06508229,Harbin Medical University,OTHER,False,academic
NCT06863831,"Cancer Institute and Hospital, Chinese Academy of Medical Sciences",OTHER,False,hospital
NCT02478138,"University Health Network, Toronto",OTHER,False,academic
NCT07026981,Qiubai Li,OTHER,False,individual
NCT00098345,"Genzyme, a Sanofi Company",INDUSTRY,True,industry
NCT00281840,Case Comprehensive Cancer Center,OTHER,False,hospital
NCT02489201,"Suzhou Zelgen Biopharmaceuticals Co.,Ltd",INDUSTRY,True,industry
NCT01612351,UNC Lineberger Comprehensive Cancer Center,OTHER,False,hospital
NCT02264678,AstraZeneca,INDUSTRY,True,industry
NCT05977907,Sidney Kimmel Comprehensive Cancer Center at Johns Hopkins,OTHER,False,hospital
NCT03745690,Jonsson Comprehensive Cancer Center,OTHER,False,hospital
NCT07312578,Peking University,OTHER,False,academic
NCT07138989,Sun Yat-sen University,OTHER,False,academic
NCT01249352,Eurofarma Laboratorios S.A.,INDUSTRY,True,industry
NCT02524275,University of Nebraska,OTHER,False,academic
NCT02665702,Fudan University,OTHER,False,academic
NCT05304468,Sun Yat-sen University,OTHER,False,academic
NCT04704154,Bayer,INDUSTRY,True,industry
NCT06498752,"Cancer Institute and Hospital, Chinese Academy of Medical Sciences",OTHER,False,hospital
NCT00370890,Chinese University of Hong Kong,OTHER,False,academic
NCT03292757,Oxford University Hospitals NHS Trust,OTHER,False,government
NCT05253053,"TransThera Sciences (Nanjing), Inc.",INDUSTRY,True,industry
NCT05576272,"Qilu Pharmaceutical Co., Ltd.",INDUSTRY,True,industry
NCT02285530,Shanghai Jiao Tong University School of Medicine,OTHER,False,academic
NCT06876844,Shanghai Ninth People's Hospital Affiliated to Shanghai Jiao Tong University,OTHER,False,academic
NCT02633800,Daiichi Sankyo,INDUSTRY,True,industry
NCT02538510,University of Washington,OTHER,False,academic
NCT01463605,Chinese Academy of Medical Sciences,OTHER,False,academic
NCT04414540,Trisha Wise-Draper,OTHER,False,individual
NCT00094003,"NS Pharma, Inc.",INDUSTRY,True,industry
NCT04847466,National Cancer Institute (NCI),NIH,False,government
NCT01059643,Eli Lilly and Company,INDUSTRY,True,industry
NCT02819752,Royal Marsden NHS Foundation Trust,OTHER,False,government
NCT00003592,Eastern Cooperative Oncology Group,NETWORK,False,network
NCT03389477,Washington University School of Medicine,OTHER,False,academic
NCT00446446,Amgen,INDUSTRY,True,industry
NCT03829007,Radboud University Medical Center,OTHER,False,academic
NCT07339488,Chuangzhen Chen,OTHER,False,individual
NCT04156698,Eye & ENT Hospital of Fudan University,OTHER,False,academic
NCT05268614,University of Florida,OTHER,False,academic
NCT03254927,Celldex Therapeutics,INDUSTRY,True,industry
NCT01126008,Samsung Medical Center,OTHER,False,hospital
NCT04503967,Shanghai Zhongshan Hospital,OTHER,False,hospital
NCT01175460,Zhejiang Cancer Hospital,OTHER,False,hospital
NCT07217028,Vanderbilt-Ingram Cancer Center,OTHER,False,hospital
NCT04199104,Merck Sharp & Dohme LLC,INDUSTRY,True,industry
NCT03179956,Fox Chase Cancer Center,OTHER,False,hospital
NCT00937417,SWOG Cancer Research Network,NETWORK,False,network
NCT06118333,"Sichuan Baili Pharmaceutical Co., Ltd.",INDUSTRY,True,industry
NCT03037385,Hoffmann-La Roche,INDUSTRY,True,industry
NCT07667400,National Cancer Institute (NCI),NIH,False,government
NCT05294640,"University of California, San Francisco",OTHER,False,academic
NCT01874860,University of Louisville,OTHER,False,academic
NCT00239200,University of Michigan Rogel Cancer Center,OTHER,False,academic
NCT01612546,City of Hope Medical Center,OTHER,False,hospital
NCT02105636,Bristol-Myers Squibb,INDUSTRY,True,industry
NCT06357858,Case Comprehensive Cancer Center,OTHER,False,hospital
NCT07162506,Tianjin Medical University Cancer Institute and Hospital,OTHER,False,academic
NCT04292990,"Jiarong Chen, MD",OTHER,False,other
NCT00453336,University of Miami,OTHER,False,academic
NCT02826746,Ajou University School of Medicine,OTHER,False,academic
NCT06860971,"Chia Tai Tianqing Pharmaceutical Group Co., Ltd.",INDUSTRY,True,industry
NCT00061958,National Cancer Institute (NCI),NIH,False,government
NCT05717764,"CSPC Zhongnuo Pharmaceutical (Shijiazhuang) Co., Ltd.",INDUSTRY,True,industry
NCT02315066,Pfizer,INDUSTRY,True,industry
NCT00005952,Duke University,OTHER,False,academic
NCT04675333,ALX Oncology Inc.,INDUSTRY,True,industry
NCT01166542,Oncolytics Biotech,INDUSTRY,True,industry
NCT04930432,"Betta Pharmaceuticals Co., Ltd.",INDUSTRY,True,industry
NCT03212404,"Checkpoint Therapeutics, Inc.",INDUSTRY,True,industry
NCT04470024,Providence Health & Services,OTHER,False,hospital
NCT04552769,Stanford University,OTHER,False,academic
NCT06331845,Fujian Cancer Hospital,OTHER_GOV,False,government
NCT06259721,Jiangxi Provincial Cancer Hospital,OTHER,False,hospital
NCT07235566,Fudan University,OTHER,False,academic
NCT05142904,Rijnstate Hospital,OTHER,False,hospital
NCT00002625,National Cancer Institute (NCI),NIH,False,government
NCT06039631,Fudan University,OTHER,False,academic
NCT06251050,West China Hospital,OTHER,False,hospital
NCT00319839,"University of California, Irvine",OTHER,False,academic
NCT00176254,Susanne Arnold,OTHER,False,individual
NCT02363400,"National Health Research Institutes, Taiwan",OTHER,False,research_nonprofit
NCT06095167,Fujian Cancer Hospital,OTHER_GOV,False,government
NCT04280081,Eli Lilly and Company,INDUSTRY,True,industry
NCT01089998,Lantheus Biosciences Ltd.,INDUSTRY,True,industry
NCT03183115,E-DA Hospital,OTHER,False,hospital
NCT02252926,Hvidovre University Hospital,OTHER,False,academic
NCT06974734,Pfizer,INDUSTRY,True,industry
NCT02605967,Novartis Pharmaceuticals,INDUSTRY,True,industry
NCT06420908,Hebei Medical University Fourth Hospital,OTHER,False,academic
NCT00020787,Jonsson Comprehensive Cancer Center,OTHER,False,hospital
NCT01247246,SciClone Pharmaceuticals,INDUSTRY,True,industry
NCT05678348,Washington University School of Medicine,OTHER,False,academic
NCT02397486,Ain Shams University,OTHER,False,academic
NCT01177956,"Merck KGaA, Darmstadt, Germany",INDUSTRY,True,industry
NCT04506138,Zhejiang Cancer Hospital,OTHER,False,hospital
NCT04440943,Celldex Therapeutics,INDUSTRY,True,industry
NCT03161548,"Taipei Veterans General Hospital, Taiwan",OTHER_GOV,False,government
NCT02495896,University of Southern California,OTHER,False,academic
NCT00971841,Bristol-Myers Squibb,INDUSTRY,True,industry
NCT00002555,European Organisation for Research and Treatment of Cancer - EORTC,NETWORK,False,network
NCT00047112,Federation Francophone de Cancerologie Digestive,OTHER,False,other
NCT07658508,Alexandria University,OTHER,False,academic
NCT00095641,SWOG Cancer Research Network,NETWORK,False,network
NCT05772208,Fudan University,OTHER,False,academic
NCT01746043,M.D. Anderson Cancer Center,OTHER,False,hospital
NCT00401401,Genmab,INDUSTRY,True,industry
NCT02924909,"Instituto Nacional de Cancer, Brazil",OTHER_GOV,False,government
NCT00454779,Amgen,INDUSTRY,True,industry
NCT06208826,Tianjin Medical University Cancer Institute and Hospital,OTHER,False,academic
NCT01341886,Mashhad University of Medical Sciences,OTHER,False,academic
NCT01998347,Shantou University Medical College,OTHER,False,academic
NCT07026474,Universität des Saarlandes,OTHER,False,academic
NCT03361228,Incyte Corporation,INDUSTRY,True,industry
NCT00720083,Radiation Therapy Oncology Group,NETWORK,False,network
NCT03469011,AHS Cancer Control Alberta,OTHER,False,other
NCT00100789,SWOG Cancer Research Network,NETWORK,False,network
NCT01566435,Washington University School of Medicine,OTHER,False,academic
NCT07459296,First Affiliated Hospital of Guangxi Medical University,OTHER,False,academic
NCT01366144,National Cancer Institute (NCI),NIH,False,government
NCT01813136,Centre Leon Berard,OTHER,False,hospital
NCT00006038,Memorial Sloan Kettering Cancer Center,OTHER,False,hospital
NCT02069158,Cristiana Sessa,OTHER,False,individual
NCT06184841,Peking University Cancer Hospital & Institute,OTHER,False,academic
NCT01238185,"Institute of Head and Neck Studies and Education, United Kingdom",OTHER,False,research_nonprofit
NCT03656965,Kuwait Cancer Control Center,OTHER,False,hospital
NCT04323202,Case Comprehensive Cancer Center,OTHER,False,hospital
NCT03195699,"Tvardi Therapeutics, Incorporated",INDUSTRY,True,industry
NCT02921984,Shanghai Ninth People's Hospital Affiliated to Shanghai Jiao Tong University,OTHER,False,academic
NCT07530549,"Cancer Institute and Hospital, Chinese Academy of Medical Sciences",OTHER,False,hospital
NCT05830240,Shanghai Yunying Medical Technology,INDUSTRY,True,industry
NCT05551117,MacroGenics,INDUSTRY,True,industry
NCT07497607,Sara Medek,OTHER,False,individual
NCT03008278,National Cancer Institute (NCI),NIH,False,government
NCT04683939,BioNTech SE,INDUSTRY,True,industry
NCT04034225,"Sensei Biotherapeutics, Inc.",INDUSTRY,True,industry
NCT07699185,Tongji Hospital,OTHER,False,hospital
NCT06970353,Fudan University,OTHER,False,academic
NCT06753747,West China Hospital,OTHER,False,hospital
NCT01709292,M.D. Anderson Cancer Center,OTHER,False,hospital
NCT05752149,Erasmus Medical Center,OTHER,False,hospital
NCT03381183,H. Lee Moffitt Cancer Center and Research Institute,OTHER,False,hospital
NCT01928524,Per Pfeiffer,OTHER,False,individual
NCT05955105,Innolake Biopharm,INDUSTRY,True,industry
NCT05869227,XIANG YANQUN,OTHER,False,other
NCT04811027,Immutep S.A.S.,INDUSTRY,True,industry
NCT03601975,"Chia Tai Tianqing Pharmaceutical Group Co., Ltd.",INDUSTRY,True,industry
NCT00577057,"Hospital Authority, Hong Kong",OTHER_GOV,False,government
NCT05980598,Ascendis Pharma A/S,INDUSTRY,True,industry
NCT00786552,University Hospital Schleswig-Holstein,OTHER,False,academic
NCT00048529,Tularik,INDUSTRY,True,industry
NCT07692997,"Nanfang Hospital, Southern Medical University",OTHER,False,academic
NCT00942734,M.D. Anderson Cancer Center,OTHER,False,hospital
NCT03611712,PhytoHealth Corporation,INDUSTRY,True,industry
NCT00957853,M.D. Anderson Cancer Center,OTHER,False,hospital
NCT02308072,"University College, London",OTHER,False,academic
NCT00272181,"Sesen Bio, Inc.",INDUSTRY,True,industry
NCT00756444,Amgen,INDUSTRY,True,industry
NCT05524168,Sun Yat-sen University,OTHER,False,academic
NCT04576091,National Cancer Institute (NCI),NIH,False,government
NCT01065844,University of Iowa,OTHER,False,academic
NCT01720563,PhytoHealth Corporation,INDUSTRY,True,industry
NCT04473716,Shanghai Jiao Tong University School of Medicine,OTHER,False,academic
NCT01855854,"Betta Pharmaceuticals Co., Ltd.",INDUSTRY,True,industry
NCT07659678,Washington University School of Medicine,OTHER,False,academic
NCT00534001,Roswell Park Cancer Institute,OTHER,False,research_nonprofit
NCT00258297,University of Rochester,OTHER,False,academic
NCT03336606,Providence Health & Services,OTHER,False,hospital
NCT05240911,"Second Affiliated Hospital, School of Medicine, Zhejiang University",OTHER,False,academic
NCT01626209,Novartis Pharmaceuticals,INDUSTRY,True,industry
NCT00887107,Leiden University Medical Center,OTHER,False,academic
NCT00425750,Vanderbilt-Ingram Cancer Center,OTHER,False,hospital
NCT02325401,University of Cincinnati,OTHER,False,academic
NCT05247476,Zhongshan Hospital Xiamen University,OTHER,False,academic
NCT00005035,Ohio State University Comprehensive Cancer Center,OTHER,False,academic
NCT03200691,Hangzhou Cancer Hospital,OTHER,False,hospital
NCT06668961,"Sichuan Baili Pharmaceutical Co., Ltd.",INDUSTRY,True,industry
NCT00003888,European Organisation for Research and Treatment of Cancer - EORTC,NETWORK,False,network
NCT02684253,Memorial Sloan Kettering Cancer Center,OTHER,False,hospital
NCT03821935,AbbVie,INDUSTRY,True,industry
NCT04851132,Chinese Academy of Medical Sciences,OTHER,False,academic
NCT04261179,Anna Cruceta,OTHER,False,individual
NCT00030862,Memorial Sloan Kettering Cancer Center,OTHER,False,hospital
NCT00357149,Sanofi,INDUSTRY,True,industry
NCT03185403,"University Hospital, Lille",OTHER,False,academic
NCT03629756,"Arcus Biosciences, Inc.",INDUSTRY,True,industry
NCT03469557,BeiGene,INDUSTRY,True,industry
NCT07246330,Tianjin Medical University Cancer Institute and Hospital,OTHER,False,academic
NCT01438554,Sidney Kimmel Comprehensive Cancer Center at Johns Hopkins,OTHER,False,hospital
NCT06277050,Jiangxi Provincial Cancer Hospital,OTHER,False,hospital
NCT00894413,Sidney Kimmel Comprehensive Cancer Center at Johns Hopkins,OTHER,False,hospital
NCT04389177,Tianjin Medical University Cancer Institute and Hospital,OTHER,False,academic
NCT03251417,Peking University,OTHER,False,academic
NCT05277051,GlaxoSmithKline,INDUSTRY,True,industry
NCT03277352,Incyte Biosciences International Sàrl,INDUSTRY,True,industry
NCT03548467,Nykode Therapeutics ASA,INDUSTRY,True,industry
NCT05122221,"Corregene Biotechnology Co., Ltd",INDUSTRY,True,industry
NCT07682376,Harbin Medical University,OTHER,False,academic
NCT00076310,M.D. Anderson Cancer Center,OTHER,False,hospital
NCT01291823,Zhejiang Cancer Hospital,OTHER,False,hospital
NCT00563927,"Hospital Authority, Hong Kong",OTHER_GOV,False,government
NCT03427827,Sun Yat-sen University,OTHER,False,academic
NCT04601402,Genome & Company,INDUSTRY,True,industry
NCT03641547,University of Oxford,OTHER,False,academic
NCT05099549,"NKGen Biotech, Inc.",INDUSTRY,True,industry
NCT00002043,Jacobus Pharmaceutical,INDUSTRY,True,industry
NCT04774952,"Revolution Medicines, Inc.",INDUSTRY,True,industry
NCT01267305,Shanghai Zhongshan Hospital,OTHER,False,hospital
NCT00107341,Alliance for Clinical Trials in Oncology,OTHER,False,research_nonprofit
NCT00384124,Brooke Army Medical Center,FED,False,government
NCT01469598,Samsung Medical Center,OTHER,False,hospital
NCT01218048,Robert Ferris,OTHER,False,individual
NCT04624113,Washington University School of Medicine,OTHER,False,academic
NCT04984018,The First Affiliated Hospital of Zhengzhou University,OTHER,False,academic
NCT04106362,Jonsson Comprehensive Cancer Center,OTHER,False,hospital
NCT05505877,"Shanghai Gopherwood Biotech Co., Ltd.",INDUSTRY,True,industry
NCT00813072,PharmaEngine,INDUSTRY,True,industry
NCT03274414,Memorial Sloan Kettering Cancer Center,OTHER,False,hospital
NCT04116047,University of Birmingham,OTHER,False,academic
NCT01795768,Royal Marsden NHS Foundation Trust,OTHER,False,government
NCT06509997,Lei Liu,OTHER,False,individual
NCT00525200,Daniela Kandioler,OTHER,False,individual
NCT01226914,Medical University of South Carolina,OTHER,False,academic
NCT05101798,Icahn School of Medicine at Mount Sinai,OTHER,False,academic
NCT04369937,Dan Zandberg,OTHER,False,individual
NCT02649361,"Chia Tai Tianqing Pharmaceutical Group Co., Ltd.",INDUSTRY,True,industry
NCT07274670,Udayana University,OTHER,False,academic
NCT05865132,AIPING ZHOU,OTHER,False,other
NCT03991104,Zhejiang Provincial People's Hospital,OTHER,False,hospital
NCT02241499,Lund University Hospital,OTHER,False,academic
NCT02776137,Shanghai Ninth People's Hospital Affiliated to Shanghai Jiao Tong University,OTHER,False,academic
NCT02644408,The First Affiliated Hospital of Henan University of Science and Technology,OTHER,False,academic
NCT00908024,Bristol-Myers Squibb,INDUSTRY,True,industry
NCT05783622,Janux Therapeutics,INDUSTRY,True,industry
NCT02268695,Groupe Oncologie Radiotherapie Tete et Cou,OTHER,False,research_nonprofit
NCT07172802,"GI Innovation, Inc.",INDUSTRY,True,industry
NCT00409565,National Cancer Institute (NCI),NIH,False,government
NCT03247712,Providence Health & Services,OTHER,False,hospital
NCT04210115,Merck Sharp & Dohme LLC,INDUSTRY,True,industry
NCT04557020,Jiangxi Provincial Cancer Hospital,OTHER,False,hospital
NCT02805166,"CSPC Baike (Shandong) Biopharmaceutical Co., Ltd.",INDUSTRY,True,industry
NCT04357873,UNICANCER,OTHER,False,research_nonprofit
NCT04636632,Sun Yat-sen University,OTHER,False,academic
NCT01465815,OHSU Knight Cancer Institute,OTHER,False,research_nonprofit
NCT05784688,"TiumBio Co., Ltd.",INDUSTRY,True,industry
NCT03509012,AstraZeneca,INDUSTRY,True,industry
NCT04431648,Sunnybrook Health Sciences Centre,OTHER,False,hospital
NCT07216833,Case Comprehensive Cancer Center,OTHER,False,hospital
NCT04665921,Seagen Inc.,INDUSTRY,True,industry
NCT07205731,"University Hospital, Clermont-Ferrand",OTHER,False,academic
NCT02320734,Academisch Medisch Centrum - Universiteit van Amsterdam (AMC-UvA),OTHER,False,academic
NCT01969877,Lund University Hospital,OTHER,False,academic
NCT00130689,Dana-Farber Cancer Institute,OTHER,False,hospital
NCT05902988,"Volastra Therapeutics, Inc.",INDUSTRY,True,industry
NCT01612286,Zhejiang Cancer Hospital,OTHER,False,hospital
NCT01185171,University of Chicago,OTHER,False,academic
NCT03193931,AIO-Studien-gGmbH,OTHER,False,other
NCT00381641,National Cancer Institute (NCI),NIH,False,government
NCT07036185,"Shanghai Bao Pharmaceuticals Co., Ltd.",INDUSTRY,True,industry
NCT01711658,Radiation Therapy Oncology Group,NETWORK,False,network
NCT01797900,Chinese Academy of Medical Sciences,OTHER,False,academic
NCT03159585,Zhujiang Hospital,OTHER,False,hospital
NCT03642990,"Donna Hammond, PhD",OTHER,False,other
NCT02075112,Emory University,OTHER,False,academic
NCT04389632,"Seagen, a wholly owned subsidiary of Pfizer",INDUSTRY,True,industry
NCT07115043,AstraZeneca,INDUSTRY,True,industry
NCT01231399,City of Hope Medical Center,OTHER,False,hospital
NCT00293579,Ohio State University Comprehensive Cancer Center,OTHER,False,academic
NCT06388135,"Yang Jianjun, PhD",OTHER,False,other
NCT05910827,Hummingbird Bioscience,INDUSTRY,True,industry
NCT00668811,Medstar Health Research Institute,OTHER,False,research_nonprofit
NCT06851247,Sun Yat-sen University,OTHER,False,academic
NCT04242199,Incyte Corporation,INDUSTRY,True,industry
NCT01118065,Leiden University Medical Center,OTHER,False,academic
NCT04844385,Sun Yat-sen University,OTHER,False,academic
NCT04842162,"Gustave Roussy, Cancer Campus, Grand Paris",OTHER,False,hospital
NCT06790966,PDS Biotechnology Corp.,INDUSTRY,True,industry
NCT03733210,Andrei Iagaru,OTHER,False,individual
NCT03689712,"Galera Therapeutics, Inc.",INDUSTRY,True,industry
NCT07248670,Chongqing University Cancer Hospital,OTHER,False,academic
NCT02869321,"Central Hospital, Nancy, France",OTHER,False,hospital
NCT00167908,Washington University School of Medicine,OTHER,False,academic
NCT05323058,Cairo University,OTHER,False,academic
NCT01703455,"Fondazione IRCCS Istituto Nazionale dei Tumori, Milano",OTHER,False,research_nonprofit
NCT06861894,Zhigang Li,OTHER,False,individual
NCT01498289,SWOG Cancer Research Network,NETWORK,False,network
NCT07179315,University of Chicago,OTHER,False,academic
NCT00592501,Massachusetts General Hospital,OTHER,False,hospital
NCT01195922,National Institute of Dental and Craniofacial Research (NIDCR),NIH,False,government
NCT04213404,National Taiwan University Hospital,OTHER,False,academic
NCT00539617,"University of California, San Francisco",OTHER,False,academic
NCT01312350,Samsung Medical Center,OTHER,False,hospital
NCT01614938,Fudan University,OTHER,False,academic
NCT02735057,Centre Hospitalier Universitaire de Besancon,OTHER,False,academic
NCT02739204,China Medical University Hospital,OTHER,False,academic
NCT02745561,Hangzhou Cancer Hospital,OTHER,False,hospital
NCT05592626,"Marengo Therapeutics, Inc.",INDUSTRY,True,industry
NCT03099382,"Jiangsu HengRui Medicine Co., Ltd.",INDUSTRY,True,industry
NCT01451853,"Sound Pharmaceuticals, Incorporated",INDUSTRY,True,industry
NCT04180371,BicycleTx Limited,INDUSTRY,True,industry
NCT00611754,Sanofi,INDUSTRY,True,industry
NCT02395705,Henan Cancer Hospital,OTHER_GOV,False,government
NCT07040969,West China Hospital,OTHER,False,hospital
NCT05136196,National Cancer Institute (NCI),NIH,False,government
NCT05183958,Zhejiang Cancer Hospital,OTHER,False,hospital
NCT01305772,Neal Ready,OTHER,False,individual
NCT02942693,Shanghai Proton and Heavy Ion Center,OTHER,False,hospital
NCT00017511,Daiichi Sankyo,INDUSTRY,True,industry
NCT07407582,University of Arizona,OTHER,False,academic
NCT00416858,Federation Francophone de Cancerologie Digestive,OTHER,False,other
NCT03933449,Merck Sharp & Dohme LLC,INDUSTRY,True,industry
NCT06588335,Henan Provincial People's Hospital,OTHER,False,hospital
NCT05708950,Kineta Inc.,INDUSTRY,True,industry
NCT00442455,Grupo de Investigación Clínica en Oncología Radioterapia,OTHER,False,hospital
NCT00261703,Sanofi,INDUSTRY,True,industry
NCT02204033,Boehringer Ingelheim,INDUSTRY,True,industry
NCT03308552,Chinese Academy of Medical Sciences,OTHER,False,academic
NCT01262183,Radboud University Medical Center,OTHER,False,academic
NCT00136474,Dana-Farber Cancer Institute,OTHER,False,hospital
NCT04944914,Sun Yat-sen University,OTHER,False,academic
NCT03480672,University of Leipzig,OTHER,False,academic
NCT05996484,"Nanfang Hospital, Southern Medical University",OTHER,False,academic
NCT07264075,Groupe Oncologie Radiotherapie Tete et Cou,OTHER,False,research_nonprofit
NCT00934739,"National Health Research Institutes, Taiwan",OTHER,False,research_nonprofit
NCT03144661,Incyte Corporation,INDUSTRY,True,industry
NCT00412776,"Sesen Bio, Inc.",INDUSTRY,True,industry
NCT00094055,Pfizer,INDUSTRY,True,industry
NCT03600831,Huai'an First People's Hospital,OTHER,False,hospital
NCT04144517,"Mural Oncology, Inc",INDUSTRY,True,industry
NCT06475300,"Sichuan Baili Pharmaceutical Co., Ltd.",INDUSTRY,True,industry
NCT00337129,National Cancer Institute (NCI),NIH,False,government
NCT00003809,Eastern Cooperative Oncology Group,NETWORK,False,network
NCT06178211,Shanghai Chest Hospital,OTHER,False,hospital
NCT03753919,Grupo Espanol de Tumores Neuroendocrinos,OTHER,False,research_nonprofit
NCT00815295,Duke University,OTHER,False,academic
NCT05187182,Washington University School of Medicine,OTHER,False,academic
NCT04430738,"Seagen, a wholly owned subsidiary of Pfizer",INDUSTRY,True,industry
NCT07285044,Mayo Clinic,OTHER,False,hospital
NCT04458909,National Cancer Institute (NCI),NIH,False,government
NCT01896479,Exelixis,INDUSTRY,True,industry
NCT06569459,The First Affiliated Hospital with Nanjing Medical University,OTHER,False,academic
NCT04650633,"Jiangsu HengRui Medicine Co., Ltd.",INDUSTRY,True,industry
NCT04269369,Jessa Hospital,OTHER,False,hospital
NCT00251381,Trial Form Support S.L.,OTHER,True,industry
NCT03196869,Guiyang Medical University,OTHER,False,academic
NCT03829722,University of Michigan Rogel Cancer Center,OTHER,False,academic
NCT01795976,Fiona Thistlethwaite,OTHER,False,individual
NCT03321539,Sun Yat-sen University,OTHER,False,academic
NCT05877430,"CJ Bioscience, Inc.",INDUSTRY,True,industry
NCT03356223,Centre Leon Berard,OTHER,False,hospital
NCT05020925,"Jiangsu HengRui Medicine Co., Ltd.",INDUSTRY,True,industry
NCT05757479,Sun Yat-sen University,OTHER,False,academic
NCT02061631,Sanofi,INDUSTRY,True,industry
NCT05914116,DualityBio Inc.,INDUSTRY,True,industry
NCT06601309,Fujian Medical University Union Hospital,OTHER,False,academic
NCT04939480,"University Hospital, Essen",OTHER,False,academic
NCT06329869,National Taiwan University Hospital,OTHER,False,academic
NCT04585750,"PMV Pharmaceuticals, Inc",INDUSTRY,True,industry
NCT07152678,National Taiwan University Hospital,OTHER,False,academic
NCT00665392,GERCOR - Multidisciplinary Oncology Cooperative Group,OTHER,False,network
NCT06026878,"Air Force Military Medical University, China",OTHER,False,government
NCT06463834,Fujian Cancer Hospital,OTHER_GOV,False,government
NCT03121716,"Jiangsu HengRui Medicine Co., Ltd.",INDUSTRY,True,industry
NCT01333696,Fudan University,OTHER,False,academic
NCT07432087,"Yue He, MD",OTHER,False,other
NCT06516133,Sun Yat-sen University,OTHER,False,academic
NCT05552651,Tao Jiang,OTHER,False,individual
NCT06173986,Shanghai Chest Hospital,OTHER,False,hospital
NCT01716416,Washington University School of Medicine,OTHER,False,academic
NCT03121313,Chang Gung Memorial Hospital,OTHER,False,hospital
NCT02777385,Dan Zandberg,OTHER,False,individual
NCT05977322,Novartis Pharmaceuticals,INDUSTRY,True,industry
NCT00323076,AHS Cancer Control Alberta,OTHER,False,other
NCT07524894,David Palma,OTHER,False,individual
NCT02011594,Zhejiang University,OTHER,False,academic
NCT00002922,Eastern Cooperative Oncology Group,NETWORK,False,network
NCT04807673,Tianjin Medical University Cancer Institute and Hospital,OTHER,False,academic
NCT05107674,"Nurix Therapeutics, Inc.",INDUSTRY,True,industry
NCT06092957,Sun Yat-sen University,OTHER,False,academic
NCT00054977,Galectin Therapeutics Inc.,INDUSTRY,True,industry
NCT03228667,"ImmunityBio, Inc.",INDUSTRY,True,industry
NCT03157128,Eli Lilly and Company,INDUSTRY,True,industry
NCT03474497,"Megan Daly, MD",OTHER,False,other
NCT05626309,Jie Li,OTHER,False,individual
NCT00093665,Aichi Cancer Center,OTHER,False,hospital
NCT03131206,Dana-Farber Cancer Institute,OTHER,False,hospital
NCT00209690,Hokkaido Gastrointestinal Cancer Study Group,OTHER,False,network
NCT05500508,"Aminex Therapeutics, Inc.",INDUSTRY,True,industry
NCT00891878,Alliance for Clinical Trials in Oncology,OTHER,False,research_nonprofit
NCT06831149,Matthew Spector,OTHER,False,individual
NCT07635420,Region Skane,OTHER,False,government
NCT00006799,Wake Forest University Health Sciences,OTHER,False,academic
NCT03470259,University Medical Center Groningen,OTHER,False,academic
NCT00003076,University of Michigan Rogel Cancer Center,OTHER,False,academic
NCT06530524,Sir Mortimer B. Davis - Jewish General Hospital,OTHER,False,hospital
NCT01345682,Boehringer Ingelheim,INDUSTRY,True,industry
NCT05658016,"Tosk, Inc.",INDUSTRY,True,industry
NCT07665190,Tianjin Medical University Cancer Institute and Hospital,OTHER,False,academic
NCT07629817,Henan Cancer Hospital,OTHER_GOV,False,government
NCT04000529,Novartis Pharmaceuticals,INDUSTRY,True,industry
NCT05189730,Sichuan Cancer Hospital and Research Institute,OTHER,False,hospital
NCT01392235,"Jiangsu HengRui Medicine Co., Ltd.",INDUSTRY,True,industry
NCT00055770,National Cancer Institute (NCI),NIH,False,government
NCT04866381,Tianjin Medical University Cancer Institute and Hospital,OTHER,False,academic
NCT05845307,M.D. Anderson Cancer Center,OTHER,False,hospital
NCT03558035,Chinese Academy of Medical Sciences,OTHER,False,academic
NCT02952586,Pfizer,INDUSTRY,True,industry
NCT06444815,KaliVir Immunotherapeutics,INDUSTRY,True,industry
NCT04766359,The Affiliated Nanjing Drum Tower Hospital of Nanjing University Medical School,OTHER,False,academic
NCT01817023,Chinese Academy of Medical Sciences,OTHER,False,academic
NCT04916002,Regeneron Pharmaceuticals,INDUSTRY,True,industry
NCT03565003,"Jacobio Pharmaceuticals Co., Ltd.",INDUSTRY,True,industry
NCT00542308,Genmab,INDUSTRY,True,industry
NCT04659369,"Taizhou Mabtech Pharmaceutical Co.,Ltd",INDUSTRY,True,industry
NCT01474642,Samsung Medical Center,OTHER,False,hospital
NCT02639858,Samyang Biopharmaceuticals Corporation,INDUSTRY,True,industry
NCT04143984,Shanghai Proton and Heavy Ion Center,OTHER,False,hospital
NCT07519486,Sichuan University,OTHER,False,academic
NCT03734926,"Guangdong Zhongsheng Pharmaceutical Co., Ltd.",INDUSTRY,True,industry
NCT06848439,Jiangsu Cancer Institute & Hospital,OTHER,False,hospital
NCT01771991,Sanford Health,OTHER,False,hospital
NCT01491139,"University College, London",OTHER,False,academic
NCT00003427,Memorial Sloan Kettering Cancer Center,OTHER,False,hospital
NCT02216916,Yonsei University,OTHER,False,academic
NCT00002711,Memorial Sloan Kettering Cancer Center,OTHER,False,hospital
NCT05322135,M.D. Anderson Cancer Center,OTHER,False,hospital
NCT04595981,University of Alabama at Birmingham,OTHER,False,academic
NCT00519077,University of Chicago,OTHER,False,academic
NCT01434394,Shanghai Jiao Tong University School of Medicine,OTHER,False,academic
NCT00003223,SWOG Cancer Research Network,NETWORK,False,network
NCT00064259,National Cancer Institute (NCI),NIH,False,government
NCT00639769,Vanderbilt-Ingram Cancer Center,OTHER,False,hospital
NCT00002883,UNICANCER,OTHER,False,research_nonprofit
NCT03183752,Hospital Universitário Clementino Fraga Filho,OTHER,False,academic
NCT06959511,M.D. Anderson Cancer Center,OTHER,False,hospital
NCT05152147,Jazz Pharmaceuticals,INDUSTRY,True,industry
NCT04309136,Fudan University,OTHER,False,academic
NCT00008047,GERCOR - Multidisciplinary Oncology Cooperative Group,OTHER,False,network
NCT03771820,"NanoCarrier Co., Ltd.",INDUSTRY,True,industry
NCT00006994,SWOG Cancer Research Network,NETWORK,False,network
NCT01128387,"University of Wisconsin, Madison",OTHER,False,academic
NCT05626829,Jian Guan,OTHER,False,individual
NCT00953420,Baylor College of Medicine,OTHER,False,academic
NCT00233636,AstraZeneca,INDUSTRY,True,industry
NCT01178944,Roswell Park Cancer Institute,OTHER,False,research_nonprofit
NCT03792347,"Hecheng Li M.D., Ph.D",OTHER,False,other
NCT01808417,Dana-Farber Cancer Institute,OTHER,False,hospital
NCT00038038,M.D. Anderson Cancer Center,OTHER,False,hospital
NCT06699498,The First Affiliated Hospital with Nanjing Medical University,OTHER,False,academic
NCT00413322,Valerio Therapeutics,INDUSTRY,True,industry
NCT05965154,Second Affiliated Hospital of Guangzhou Medical University,OTHER,False,academic
NCT01807546,"Traws Pharma, Inc.",INDUSTRY,True,industry
NCT03894891,Dana-Farber Cancer Institute,OTHER,False,hospital
NCT06811844,The First Affiliated Hospital of Xiamen University,OTHER,False,academic
NCT01898494,ECOG-ACRIN Cancer Research Group,NETWORK,False,network
NCT06445114,Zachary Zumsteg,OTHER,False,individual
NCT01347424,Sun Yat-sen University,OTHER,False,academic
NCT00077103,Case Comprehensive Cancer Center,OTHER,False,hospital
NCT05484375,Affiliated Cancer Hospital & Institute of Guangzhou Medical University,OTHER,False,academic
NCT00259402,Sanofi,INDUSTRY,True,industry
NCT00130936,AHS Cancer Control Alberta,OTHER,False,other
NCT04514484,National Cancer Institute (NCI),NIH,False,government
NCT02313012,Celgene,INDUSTRY,True,industry
NCT04465487,Regeneron Pharmaceuticals,INDUSTRY,True,industry
NCT03130270,"Guilin Medical University, China",OTHER,False,academic
NCT01330446,M.D. Anderson Cancer Center,OTHER,False,hospital
NCT05070247,Takeda,INDUSTRY,True,industry
NCT06479811,National Cancer Institute (NCI),NIH,False,government
NCT06914011,Asan Medical Center,OTHER,False,hospital
NCT04507035,Sun Yat-sen University,OTHER,False,academic
NCT06446726,Sichuan University,OTHER,False,academic
NCT02350517,Yuhong Li,OTHER,False,individual
NCT07049185,Peking University Cancer Hospital & Institute,OTHER,False,academic
NCT06108479,Dragonfly Therapeutics,INDUSTRY,True,industry
NCT00753038,Oncolytics Biotech,INDUSTRY,True,industry
NCT02241876,"University of Campinas, Brazil",OTHER,False,academic
NCT05520814,Sichuan Cancer Hospital and Research Institute,OTHER,False,hospital
NCT00329589,Sidney Kimmel Comprehensive Cancer Center at Thomas Jefferson University,OTHER,False,academic
NCT00365508,Fox Chase Cancer Center,OTHER,False,hospital
NCT05226871,Pfizer,INDUSTRY,True,industry
NCT05668962,Massachusetts General Hospital,OTHER,False,hospital
NCT05659186,West China Hospital,OTHER,False,hospital
NCT03591666,Shanghai Ninth People's Hospital Affiliated to Shanghai Jiao Tong University,OTHER,False,academic
NCT02309437,Affiliated Cancer Hospital & Institute of Guangzhou Medical University,OTHER,False,academic
NCT02058017,"National University Hospital, Singapore",OTHER,False,academic
NCT00915850,Wakayama Medical University,OTHER,False,academic
NCT01706939,Icahn School of Medicine at Mount Sinai,OTHER,False,academic
NCT06061146,Tianjin Medical University Cancer Institute and Hospital,OTHER,False,academic
NCT00510640,"University Hospital, Bordeaux",OTHER,False,academic
NCT01425736,Wei Guo,OTHER,False,individual
NCT05582590,NexImmune Inc.,INDUSTRY,True,industry
NCT06468644,Fujian Cancer Hospital,OTHER_GOV,False,government
NCT01467115,Drexel University College of Medicine,OTHER,False,academic
NCT03881488,Compass Therapeutics,INDUSTRY,True,industry
NCT05990231,"Second Affiliated Hospital, School of Medicine, Zhejiang University",OTHER,False,academic
NCT01891123,Sun Yat-sen University,OTHER,False,academic
NCT01608022,Yonsei University,OTHER,False,academic
NCT04648020,Monopar Therapeutics,INDUSTRY,True,industry
NCT07682675,UNICANCER,OTHER,False,research_nonprofit
NCT03601507,University of Arizona,OTHER,False,academic
NCT03092934,Eli Lilly and Company,INDUSTRY,True,industry
NCT03132038,UNICANCER,OTHER,False,research_nonprofit
NCT06452602,Tianjin Medical University Cancer Institute and Hospital,OTHER,False,academic
NCT02298595,"Julie E. Bauman, MD, MPH",OTHER,False,other
NCT00623558,Seoul National University Hospital,OTHER,False,academic
NCT06086457,"Cancer Institute and Hospital, Chinese Academy of Medical Sciences",OTHER,False,hospital
NCT07282483,West China Hospital,OTHER,False,hospital
NCT07327216,Affiliated Hospital of Guangdong Medical University,OTHER,False,academic
NCT00882583,Sidney Kimmel Comprehensive Cancer Center at Johns Hopkins,OTHER,False,hospital
NCT05541016,Mayo Clinic,OTHER,False,hospital
NCT04272333,Presage Biosciences,INDUSTRY,True,industry
NCT04958044,Michael Patrick Achiam,OTHER,False,individual
NCT00162708,"Gustave Roussy, Cancer Campus, Grand Paris",OTHER,False,hospital
NCT05993858,"Union Hospital, Tongji Medical College, Huazhong University of Science and Technology",OTHER,False,academic
NCT06903871,Hebei Medical University Fourth Hospital,OTHER,False,academic
NCT07328854,Ming-Yuan Chen,OTHER,False,individual
NCT00183898,University of Southern California,OTHER,False,academic
NCT03276988,"Genexine, Inc.",INDUSTRY,True,industry
NCT02607982,Hangzhou Cancer Hospital,OTHER,False,hospital
NCT07601737,"Shanghai General Hospital, Shanghai Jiao Tong University School of Medicine",OTHER,False,academic
NCT00190554,Japan Clinical Oncology Group,OTHER,False,research_nonprofit
NCT01963715,"ImmunoGen, Inc.",INDUSTRY,True,industry
NCT03245489,Medical University of South Carolina,OTHER,False,academic
NCT00910117,Fudan University,OTHER,False,academic
NCT05005403,AbbVie,INDUSTRY,True,industry
NCT01258192,Zhejiang Cancer Hospital,OTHER,False,hospital
NCT00002901,City of Hope Medical Center,OTHER,False,hospital
NCT02646319,Mayo Clinic,OTHER,False,hospital
NCT04176419,Case Comprehensive Cancer Center,OTHER,False,hospital
NCT06110195,University of Chicago,OTHER,False,academic
NCT07387900,Cairo University,OTHER,False,academic
NCT06022757,Evopoint Biosciences Inc.,INDUSTRY,True,industry
NCT03254511,Mashhad University of Medical Sciences,OTHER,False,academic
NCT04758650,Universitair Ziekenhuis Brussel,OTHER,False,academic
NCT00738751,H. Lee Moffitt Cancer Center and Research Institute,OTHER,False,hospital
NCT01737450,Centre Leon Berard,OTHER,False,hospital
NCT06482034,Mansoura University,OTHER,False,academic
NCT07105592,Fudan University,OTHER,False,academic
NCT00589186,"National Cancer Centre, Singapore",OTHER,False,hospital
NCT05340491,Sun Yat-sen University,OTHER,False,academic
NCT06007924,Memorial Sloan Kettering Cancer Center,OTHER,False,hospital
NCT03822897,Canadian Cancer Trials Group,NETWORK,False,network
NCT06646588,Hebei Medical University Fourth Hospital,OTHER,False,academic
NCT05945875,Vanderbilt-Ingram Cancer Center,OTHER,False,hospital
NCT00527982,M.D. Anderson Cancer Center,OTHER,False,hospital
NCT05054439,"Sichuan Baili Pharmaceutical Co., Ltd.",INDUSTRY,True,industry
NCT02650401,Hoffmann-La Roche,INDUSTRY,True,industry
NCT02277548,Abramson Cancer Center at Penn Medicine,OTHER,False,hospital
NCT00003580,University of Tennessee,OTHER,False,academic
NCT03347838,"University of Colorado, Denver",OTHER,False,academic
NCT04704453,Institut Claudius Regaud,OTHER,False,research_nonprofit
NCT04502641,Sun Yat-sen University,OTHER,False,academic
NCT02456701,Celldex Therapeutics,INDUSTRY,True,industry
NCT04533750,National Cancer Institute (NCI),NIH,False,government
NCT05183048,University of Alabama at Birmingham,OTHER,False,academic
NCT05189184,The First Affiliated Hospital of Zhengzhou University,OTHER,False,academic
NCT00465725,Poniard Pharmaceuticals,INDUSTRY,True,industry
NCT05581004,"Genentech, Inc.",INDUSTRY,True,industry
NCT00387127,GlaxoSmithKline,INDUSTRY,True,industry
NCT02575404,Providence Health & Services,OTHER,False,hospital
NCT04296747,Peking Union Medical College Hospital,OTHER,False,academic
NCT03646461,"University of California, San Diego",OTHER,False,academic
NCT01412229,UNC Lineberger Comprehensive Cancer Center,OTHER,False,hospital
NCT03065062,Dana-Farber Cancer Institute,OTHER,False,hospital
NCT00718770,"University of Colorado, Denver",OTHER,False,academic
NCT05956587,"Sichuan Baili Pharmaceutical Co., Ltd.",INDUSTRY,True,industry
NCT02048020,Jonsson Comprehensive Cancer Center,OTHER,False,hospital
NCT04124198,Christian von Buchwald,OTHER,False,other
NCT04949256,Merck Sharp & Dohme LLC,INDUSTRY,True,industry
NCT01044433,Abramson Cancer Center at Penn Medicine,OTHER,False,hospital
NCT05813626,Zhejiang Cancer Hospital,OTHER,False,hospital
NCT03906526,Celgene,INDUSTRY,True,industry
NCT07010120,West China Hospital,OTHER,False,hospital
NCT01604772,National Cancer Institute (NCI),NIH,False,government
NCT03246685,"HiberCell, Inc.",INDUSTRY,True,industry
NCT05312710,"Aveta Biomics, Inc.",INDUSTRY,True,industry
NCT04879849,Takeda,INDUSTRY,True,industry
NCT05768282,E-DA Hospital,OTHER,False,hospital
NCT03246854,"National Health Research Institutes, Taiwan",OTHER,False,research_nonprofit
NCT00113581,"Merck KGaA, Darmstadt, Germany",INDUSTRY,True,industry
NCT00002515,Memorial Sloan Kettering Cancer Center,OTHER,False,hospital
NCT01099358,Eli Lilly and Company,INDUSTRY,True,industry
NCT05011227,Eye & ENT Hospital of Fudan University,OTHER,False,academic
NCT01077999,Academisch Medisch Centrum - Universiteit van Amsterdam (AMC-UvA),OTHER,False,academic
NCT06943521,"Tanabe Pharma America, Inc.",INDUSTRY,True,industry
NCT01460888,The Christie NHS Foundation Trust,OTHER,False,government
NCT07010393,Fujian Medical University,OTHER,False,academic
NCT05674305,Fudan University,OTHER,False,academic
NCT04383210,Elevation Oncology,INDUSTRY,True,industry
NCT00402779,M.D. Anderson Cancer Center,OTHER,False,hospital
NCT04574947,"Saint Petersburg State University, Russia",OTHER,False,academic
NCT05233436,Pfizer,INDUSTRY,True,industry
NCT03574792,Roswell Park Cancer Institute,OTHER,False,research_nonprofit
NCT03574051,First Affiliated Hospital of Harbin Medical University,OTHER,False,academic
NCT01726452,Cancer Trials Ireland,NETWORK,False,network
NCT00007982,Herbert Irving Comprehensive Cancer Center,OTHER,False,hospital
NCT01255800,"University of Colorado, Denver",OTHER,False,academic
NCT05252884,Centro de Excelencia en Enfermedades de Cabeza y Cuello,OTHER,False,other
NCT05249426,Boehringer Ingelheim,INDUSTRY,True,industry
NCT06843889,"Nanfang Hospital, Southern Medical University",OTHER,False,academic
NCT00371566,GlaxoSmithKline,INDUSTRY,True,industry
NCT07590024,"Cancer Institute and Hospital, Chinese Academy of Medical Sciences",OTHER,False,hospital
NCT02328261,"Betta Pharmaceuticals Co., Ltd.",INDUSTRY,True,industry
NCT01015664,University of Tennessee Cancer Institute,OTHER,False,academic
NCT06861712,Sun Yat-sen University,OTHER,False,academic
NCT05013697,Henan Cancer Hospital,OTHER_GOV,False,government
NCT00573989,Wake Forest University Health Sciences,OTHER,False,academic
NCT05891769,Andrei Iagaru,OTHER,False,individual
NCT02661152,Danish Head and Neck Cancer Group,NETWORK,False,network
NCT01047007,Merck Sharp & Dohme LLC,INDUSTRY,True,industry
NCT04171141,Pfizer,INDUSTRY,True,industry
NCT06627270,Case Comprehensive Cancer Center,OTHER,False,hospital
NCT04215978,BeiGene,INDUSTRY,True,industry
NCT00169247,Groupe Oncologie Radiotherapie Tete et Cou,OTHER,False,research_nonprofit
NCT05551767,City Clinical Oncology Hospital No 1,OTHER_GOV,False,government
NCT04927416,National Institute of Diabetes and Digestive and Kidney Diseases (NIDDK),NIH,False,government
NCT04699994,Keio University,OTHER,False,academic
NCT00115895,University of Helsinki,OTHER,False,academic
NCT04795713,"Molecular Templates, Inc.",INDUSTRY,True,industry
NCT00003582,University of Miami,OTHER,False,academic
NCT00052611,Dana-Farber Cancer Institute,OTHER,False,hospital
NCT07090317,Shanghai Ninth People's Hospital Affiliated to Shanghai Jiao Tong University,OTHER,False,academic
NCT05342792,Sun Yat-sen University,OTHER,False,academic
NCT03932266,Jiangsu Cancer Institute & Hospital,OTHER,False,hospital
NCT00865982,"Charite University, Berlin, Germany",OTHER,False,academic
NCT07182149,"Normunity AccelCo, Inc.",INDUSTRY,True,industry
NCT00537095,"Genzyme, a Sanofi Company",INDUSTRY,True,industry
NCT03619824,Sun Yat-sen University,OTHER,False,academic
NCT03114280,Centre Antoine Lacassagne,OTHER,False,hospital
NCT00002747,European Institute of Oncology,OTHER,False,research_nonprofit
NCT03544723,"MultiVir, Inc.",INDUSTRY,True,industry
NCT04830267,Chongqing University Cancer Hospital,OTHER,False,academic
NCT00978549,Cambridge University Hospitals NHS Foundation Trust,OTHER,False,government
NCT03652077,Incyte Corporation,INDUSTRY,True,industry
NCT01370876,"Nang Kuang Pharmaceutical Co., Ltd.",INDUSTRY,True,industry
NCT06130007,Xuekui Liu,OTHER,False,individual
NCT00003576,"National Cancer Centre, Singapore",OTHER,False,hospital
NCT05587543,Fudan University,OTHER,False,academic
NCT07241039,AbbVie,INDUSTRY,True,industry
NCT06285097,Pfizer,INDUSTRY,True,industry
NCT00086996,SWOG Cancer Research Network,NETWORK,False,network
NCT00032123,SWOG Cancer Research Network,NETWORK,False,network
NCT00413075,Valerio Therapeutics,INDUSTRY,True,industry
NCT05884320,M.D. Anderson Cancer Center,OTHER,False,hospital
NCT06285591,West China Hospital,OTHER,False,hospital
NCT01016769,Memorial Sloan Kettering Cancer Center,OTHER,False,hospital
NCT00772681,Sanofi,INDUSTRY,True,industry
NCT00609284,Groupe Oncologie Radiotherapie Tete et Cou,OTHER,False,research_nonprofit
NCT00003548,NYU Langone Health,OTHER,False,hospital
NCT01711541,National Cancer Institute (NCI),NIH,False,government
NCT03021993,Medical University of South Carolina,OTHER,False,academic
NCT00001442,National Cancer Institute (NCI),NIH,False,government
NCT04105543,"University of Wisconsin, Madison",OTHER,False,academic
NCT04325828,Janssen Pharmaceutical K.K.,INDUSTRY,True,industry
NCT04139057,Xinqiao Hospital of Chongqing,OTHER,False,hospital
NCT05814666,Flamingo Therapeutics NV,INDUSTRY,True,industry
NCT02138929,M.D. Anderson Cancer Center,OTHER,False,hospital
NCT01762514,Sun Yat-sen University,OTHER,False,academic
NCT06697782,The First Affiliated Hospital of Zhengzhou University,OTHER,False,academic
NCT02786641,Sun Yat-sen University,OTHER,False,academic
NCT02874651,Sun Yat-sen University,OTHER,False,academic
NCT05807880,Sun Yat-sen University,OTHER,False,academic
NCT04999761,"Taiho Pharmaceutical Co., Ltd.",INDUSTRY,True,industry
NCT00045669,"University Health Network, Toronto",OTHER,False,academic
NCT02861690,Sun Yat-sen University,OTHER,False,academic
NCT07613723,Zelluna Immunotherapy AS,INDUSTRY,True,industry
NCT05075980,Mayo Clinic,OTHER,False,hospital
NCT04925544,Stanford University,OTHER,False,academic
NCT04063683,Henan Cancer Hospital,OTHER_GOV,False,government
NCT01158287,Cancer Trials Ireland,NETWORK,False,network
NCT04144140,Eisai Inc.,INDUSTRY,True,industry
NCT03484416,Ewha Womans University Mokdong Hospital,OTHER,False,academic
NCT06725368,Centre Paul Strauss,OTHER,False,hospital
NCT07216105,Fate Therapeutics,INDUSTRY,True,industry
NCT02429089,Cliniques universitaires Saint-Luc- Université Catholique de Louvain,OTHER,False,academic
NCT05180851,Shanghai Fengxian District Central Hospital,OTHER,False,hospital
NCT01137123,Sun Yat-sen University,OTHER,False,academic
NCT00058006,Northwestern University,OTHER,False,academic
NCT01646853,"Simcere Pharmaceutical Co., Ltd",OTHER,True,industry
NCT02013154,"Leap Therapeutics, Inc.",INDUSTRY,True,industry
NCT01186601,Lantheus Biosciences Ltd.,INDUSTRY,True,industry
NCT06380816,Cancer Research UK,OTHER,False,research_nonprofit
NCT00206219,AstraZeneca,INDUSTRY,True,industry
NCT02520453,Samsung Medical Center,OTHER,False,hospital
NCT05303259,Sun Yat-Sen Memorial Hospital of Sun Yat-Sen University,OTHER,False,academic
NCT05198531,"Chia Tai Tianqing Pharmaceutical Group Co., Ltd.",INDUSTRY,True,industry
NCT07189871,"Radiopharm Theranostics, Ltd",INDUSTRY,True,industry
NCT02274012,Columbia University,OTHER,False,academic
NCT06138028,Qingdao Central Hospital,OTHER,False,hospital
NCT00466856,Vanderbilt-Ingram Cancer Center,OTHER,False,hospital
NCT07444723,National Institute of Diabetes and Digestive and Kidney Diseases (NIDDK),NIH,False,government
NCT07625930,McGill University Health Centre/Research Institute of the McGill University Health Centre,OTHER,False,academic
NCT02969473,Zhu Yujia,OTHER,False,individual
NCT02610556,Sun Yat-sen University,OTHER,False,academic
NCT02402348,West Virginia University,OTHER,False,academic
NCT05023863,Ain Shams University,OTHER,False,academic
NCT00347256,University of Tennessee,OTHER,False,academic
NCT06688175,The First Affiliated Hospital of Xiamen University,OTHER,False,academic
NCT00985192,Translational Oncology Research International,OTHER,False,other
NCT02643303,Ludwig Institute for Cancer Research,OTHER,False,research_nonprofit
NCT06323369,Sun Yat-Sen Memorial Hospital of Sun Yat-Sen University,OTHER,False,academic
NCT04837677,Prelude Therapeutics,INDUSTRY,True,industry
NCT04913337,"NGM Biopharmaceuticals, Inc",INDUSTRY,True,industry
NCT05639972,Christian Hinrichs,OTHER,False,individual
NCT00485485,M.D. Anderson Cancer Center,OTHER,False,hospital
NCT07528495,All India Institute of Medical Sciences,OTHER,False,research_nonprofit
NCT07704658,Rigel Pharmaceuticals,INDUSTRY,True,industry
NCT00397384,National Cancer Institute (NCI),NIH,False,government
NCT02721576,Shandong Cancer Hospital and Institute,OTHER,False,hospital
NCT05980702,Sun Yat-Sen Memorial Hospital of Sun Yat-Sen University,OTHER,False,academic
NCT02143388,Zhao Chong,OTHER,False,individual
NCT05620134,Salubris Biotherapeutics Inc,INDUSTRY,True,industry
NCT07400094,National Medical Research Radiological Centre of the Ministry of Health of Russia,OTHER,False,government
NCT00496535,GenVec,INDUSTRY,True,industry
NCT00405405,Sidney Kimmel Comprehensive Cancer Center at Thomas Jefferson University,OTHER,False,academic
NCT03985670,Henan Cancer Hospital,OTHER_GOV,False,government
NCT03647358,Memorial Sloan Kettering Cancer Center,OTHER,False,hospital
NCT05864144,"Sensei Biotherapeutics, Inc.",INDUSTRY,True,industry
NCT06794372,John O. Prior,OTHER,False,other
NCT00462735,Johnny Kao,OTHER,False,individual
NCT01400620,Izun Pharma Ltd,INDUSTRY,True,industry
NCT07428148,NYU Langone Health,OTHER,False,hospital
NCT06102395,Beijing Tongren Hospital,OTHER,False,hospital
NCT00031681,National Cancer Institute (NCI),NIH,False,government
NCT00264433,"Adherex Technologies, Inc.",INDUSTRY,True,industry
NCT04398056,Sun Yat-sen University,OTHER,False,academic
NCT01847326,University of Chicago,OTHER,False,academic
NCT02037048,Case Comprehensive Cancer Center,OTHER,False,hospital
NCT00003443,Memorial Sloan Kettering Cancer Center,OTHER,False,hospital
NCT03096184,Shanghai Ninth People's Hospital Affiliated to Shanghai Jiao Tong University,OTHER,False,academic
NCT00702481,"National Cancer Centre, Singapore",OTHER,False,hospital
NCT03843515,"Amsterdam UMC, location VUmc",OTHER,False,hospital
NCT03817658,The First Affiliated Hospital of Zhengzhou University,OTHER,False,academic
NCT03693612,GlaxoSmithKline,INDUSTRY,True,industry
NCT03764553,Academisch Medisch Centrum - Universiteit van Amsterdam (AMC-UvA),OTHER,False,academic
NCT05616468,The Affiliated Hospital of Xuzhou Medical University,OTHER,False,academic
NCT00536952,Northwestern University,OTHER,False,academic
NCT01606566,PCI Biotech AS,INDUSTRY,True,industry
NCT01748942,OHSU Knight Cancer Institute,OTHER,False,research_nonprofit
NCT01161498,BioVex Limited,INDUSTRY,True,industry
NCT02926573,Washington University School of Medicine,OTHER,False,academic
NCT02247830,University of Brasilia,OTHER,False,academic
NCT03210389,Sun Yat-sen University,OTHER,False,academic
NCT07019181,The First Affiliated Hospital of Xiamen University,OTHER,False,academic
NCT01243619,Dana-Farber Cancer Institute,OTHER,False,hospital
NCT03044743,Yang Yang,OTHER,False,individual
NCT05316688,University of Washington,OTHER,False,academic
NCT03552406,"ISU Abxis Co., Ltd.",INDUSTRY,True,industry
NCT06549816,"Seagen, a wholly owned subsidiary of Pfizer",INDUSTRY,True,industry
NCT03765918,Merck Sharp & Dohme LLC,INDUSTRY,True,industry
NCT07016737,Ye jinjun,OTHER,False,other
NCT01185158,University of Chicago,OTHER,False,academic
NCT06993844,Ensem Therapeutics,INDUSTRY,True,industry
NCT04821843,"Cancer Institute and Hospital, Chinese Academy of Medical Sciences",OTHER,False,hospital
NCT05865548,Banaras Hindu University,OTHER,False,academic
NCT04672980,Rubius Therapeutics,INDUSTRY,True,industry
NCT01365130,howard safran,OTHER,False,other
NCT00096707,Threshold Pharmaceuticals,INDUSTRY,True,industry
NCT02908477,Mayo Clinic,OTHER,False,hospital
NCT05578820,Gene Surgery LLC,INDUSTRY,True,industry
NCT06235203,Eye & ENT Hospital of Fudan University,OTHER,False,academic
NCT00690872,"National Cancer Centre, Singapore",OTHER,False,hospital
NCT04917770,West China Hospital,OTHER,False,hospital
NCT07433283,Sichuan Enray Pharmaceutical Sciences Company,OTHER,True,industry
NCT01522820,Roswell Park Cancer Institute,OTHER,False,research_nonprofit
NCT03199586,"Novita Pharmaceuticals, Inc.",INDUSTRY,True,industry
NCT05194982,"Sichuan Baili Pharmaceutical Co., Ltd.",INDUSTRY,True,industry
NCT00804830,Region Skane,OTHER,False,government
NCT04456322,Sun Yat-sen University,OTHER,False,academic
NCT02290145,Shanghai Jiao Tong University School of Medicine,OTHER,False,academic
NCT01437449,Stanford University,OTHER,False,academic
NCT03585673,Sung Yong Oh,OTHER,False,individual
NCT03958890,Shanghai Henlius Biotech,INDUSTRY,True,industry
NCT05265819,Nabil Mahmoud Ismail Abdel-Aal,OTHER,False,other
NCT07589205,"Innovent Biopharmaceutical Technology (Hangzhou) Co., LTD.",INDUSTRY,True,industry
NCT03719690,"Kura Oncology, Inc.",INDUSTRY,True,industry
NCT03854227,Pfizer,INDUSTRY,True,industry
NCT00637637,Oncology Institute of Southern Switzerland,OTHER,False,research_nonprofit
NCT02657551,Dana-Farber Cancer Institute,OTHER,False,hospital
NCT01181401,"Charite University, Berlin, Germany",OTHER,False,academic
NCT00671437,Washington University School of Medicine,OTHER,False,academic
NCT05126719,Shanghai Miracogen Inc.,INDUSTRY,True,industry
NCT05520619,Sun Yat-sen University,OTHER,False,academic
NCT01024101,Bristol-Myers Squibb,INDUSTRY,True,industry
NCT01066741,Centre Leon Berard,OTHER,False,hospital
NCT03854838,Sun Yat-sen University,OTHER,False,academic
NCT02645864,Peking University,OTHER,False,academic
NCT05383482,Laekna Limited,INDUSTRY,True,industry
NCT06323239,Sun Yat-sen University,OTHER,False,academic
NCT03051269,"Rigshospitalet, Denmark",OTHER,False,hospital
NCT03899792,Eli Lilly and Company,INDUSTRY,True,industry
NCT04534855,Sun Yat-sen University,OTHER,False,academic
NCT00978081,Abramson Cancer Center at Penn Medicine,OTHER,False,hospital
NCT05626569,Sun Yat-sen University,OTHER,False,academic
NCT01150318,Assistance Publique - Hôpitaux de Paris,OTHER,False,government
NCT03620123,AIO-Studien-gGmbH,OTHER,False,other
NCT00630149,Sun Yat-sen University,OTHER,False,academic
NCT06492460,Sun Yat-sen University,OTHER,False,academic
NCT02797964,Sierra Oncology LLC - a GSK company,INDUSTRY,True,industry
NCT06687876,"Amsterdam UMC, location VUmc",OTHER,False,hospital
NCT03590054,Rahul Aggarwal,OTHER,False,individual
NCT07136519,Affiliated Hospital of Guangdong Medical University,OTHER,False,academic
NCT07035249,West China Hospital,OTHER,False,hospital
NCT00069953,Radiation Therapy Oncology Group,NETWORK,False,network
NCT01645748,Chonnam National University Hospital,OTHER,False,academic
NCT00756951,SciClone Pharmaceuticals,INDUSTRY,True,industry
NCT00507767,National Cancer Institute (NCI),NIH,False,government
NCT03691714,Trisha Wise-Draper,OTHER,False,individual
NCT06971965,"National Cancer Center, Korea",OTHER_GOV,False,government
NCT06544655,Bristol-Myers Squibb,INDUSTRY,True,industry
NCT03068936,"Nanfang Hospital, Southern Medical University",OTHER,False,academic
NCT00176566,University of Medicine and Dentistry of New Jersey,OTHER,False,academic
NCT03565445,"Astellas Pharma Global Development, Inc.",INDUSTRY,True,industry
NCT02611245,Chinese Academy of Sciences,OTHER_GOV,False,government
NCT00037518,Amgen,INDUSTRY,True,industry
NCT00003055,Memorial Sloan Kettering Cancer Center,OTHER,False,hospital
NCT01252628,Cascadian Therapeutics Inc.,INDUSTRY,True,industry
NCT00820417,Harrison Clinical Research,INDUSTRY,True,industry
NCT05480384,Brown University,OTHER,False,academic
NCT01058408,Dana-Farber Cancer Institute,OTHER,False,hospital
NCT05182944,The First Affiliated Hospital of Zhengzhou University,OTHER,False,academic
NCT02676791,Technische Universität Dresden,OTHER,False,academic
NCT06231680,Henan Cancer Hospital,OTHER_GOV,False,government
NCT00002897,European Institute of Oncology,OTHER,False,research_nonprofit
NCT05068102,Boehringer Ingelheim,INDUSTRY,True,industry
NCT04704661,National Cancer Institute (NCI),NIH,False,government
NCT04772989,"Arcus Biosciences, Inc.",INDUSTRY,True,industry
NCT07158164,"Rutgers, The State University of New Jersey",OTHER,False,academic
NCT05984342,Affiliated Cancer Hospital of Shantou University Medical College,OTHER,False,academic
NCT03818542,AbbVie,INDUSTRY,True,industry
NCT01249443,AIDS Malignancy Consortium,NETWORK,False,network
NCT02007200,National Cancer Institute (NCI),NIH,False,government
NCT03234842,University of Florida,OTHER,False,academic
NCT07310758,The Netherlands Cancer Institute,OTHER,False,research_nonprofit
NCT05596890,Guangdong Provincial People's Hospital,OTHER,False,hospital
NCT07491783,Sichuan Enray Pharmaceutical Sciences Company,OTHER,True,industry
NCT01312493,UNC Lineberger Comprehensive Cancer Center,OTHER,False,hospital
NCT05814744,"National Cancer Institute, Egypt",OTHER,False,government
NCT04920344,"Rutgers, The State University of New Jersey",OTHER,False,academic
NCT04188951,Henry Ford Health System,OTHER,False,hospital
NCT04813705,Taizhou Hospital,OTHER,False,hospital
NCT06086925,Mitchell Machtay,OTHER,False,individual
NCT04183166,Transgene,INDUSTRY,True,industry
NCT05491616,Erasmus Medical Center,OTHER,False,hospital
NCT05664906,Chinese University of Hong Kong,OTHER,False,academic
NCT02775370,Shanghai Ninth People's Hospital Affiliated to Shanghai Jiao Tong University,OTHER,False,academic
NCT06995508,Roswell Park Cancer Institute,OTHER,False,research_nonprofit
NCT00402545,Dana-Farber Cancer Institute,OTHER,False,hospital
NCT00005814,Memorial Sloan Kettering Cancer Center,OTHER,False,hospital
NCT00936858,Dana-Farber Cancer Institute,OTHER,False,hospital
NCT00737438,Memorial Sloan Kettering Cancer Center,OTHER,False,hospital
NCT06992427,Alliance for Clinical Trials in Oncology,OTHER,False,research_nonprofit
NCT01124500,Memorial Sloan Kettering Cancer Center,OTHER,False,hospital
NCT03491709,Dragonboat Biopharmaceutical Company Limited,INDUSTRY,True,industry
NCT04298684,Centre Hospitalier Universitaire de la Guadeloupe,OTHER,False,academic
NCT01806272,Wei LUO,OTHER,False,other
NCT00165191,Dana-Farber Cancer Institute,OTHER,False,hospital
NCT04217057,Washington University School of Medicine,OTHER,False,academic
NCT05400122,David Wald,OTHER,False,individual
NCT07331428,Fujian Cancer Hospital,OTHER_GOV,False,government
NCT07333274,Shandong Cancer Hospital and Institute,OTHER,False,hospital
NCT04607642,"BioMimetix JV, LLC",INDUSTRY,True,industry
NCT01009203,New Mexico Cancer Research Alliance,OTHER,False,research_nonprofit
NCT03342911,Sidney Kimmel Comprehensive Cancer Center at Thomas Jefferson University,OTHER,False,academic
NCT00004094,National Cancer Institute (NCI),NIH,False,government
NCT01313390,"University College, London",OTHER,False,academic
NCT02385617,"St. James's Hospital, Ireland",OTHER,False,hospital
NCT02327078,Incyte Corporation,INDUSTRY,True,industry
NCT03700476,Sun Yat-sen University,OTHER,False,academic
NCT02207530,AstraZeneca,INDUSTRY,True,industry
NCT00939627,National Cancer Institute (NCI),NIH,False,government
NCT00183872,University of Southern California,OTHER,False,academic
NCT00017173,SWOG Cancer Research Network,NETWORK,False,network
NCT00911820,Dana-Farber Cancer Institute,OTHER,False,hospital
NCT00855881,Mackay Memorial Hospital,OTHER,False,hospital
NCT01627379,AIO-Studien-gGmbH,OTHER,False,other
NCT03301454,Centre Oscar Lambret,OTHER,False,hospital
NCT00201747,Ohio State University Comprehensive Cancer Center,OTHER,False,academic
NCT04338399,"Adlai Nortye Biopharma Co., Ltd.",INDUSTRY,True,industry
NCT05594914,The First Affiliated Hospital of University of South China,OTHER,False,academic
NCT03578575,China Medical University Hospital,OTHER,False,academic
NCT06198465,Xijing Hospital,OTHER,False,hospital
NCT04625543,Qilu Hospital of Shandong University,OTHER,False,academic
NCT06576973,"Second Affiliated Hospital, School of Medicine, Zhejiang University",OTHER,False,academic
NCT05433597,Sun Yat-sen University,OTHER,False,academic
NCT04074967,Dan Zandberg,OTHER,False,individual
NCT01013597,"University of Wisconsin, Madison",OTHER,False,academic
NCT00515216,Vanderbilt University,OTHER,False,academic
NCT02706691,University of Chicago,OTHER,False,academic
NCT00002999,SWOG Cancer Research Network,NETWORK,False,network
NCT05494190,Eye & ENT Hospital of Fudan University,OTHER,False,academic
NCT00193141,"SCRI Development Innovations, LLC",OTHER,True,industry
NCT04030455,M.D. Anderson Cancer Center,OTHER,False,hospital
NCT03700905,Universitätsklinikum Hamburg-Eppendorf,OTHER,False,academic
NCT06143748,Sun Yat-sen University,OTHER,False,academic
NCT06256588,GlaxoSmithKline,INDUSTRY,True,industry
NCT03887442,Grupo Español de Tratamiento de Tumores de Cabeza y Cuello,OTHER,False,research_nonprofit
NCT01129206,Ohio State University Comprehensive Cancer Center,OTHER,False,academic
NCT03934294,China Medical University Hospital,OTHER,False,academic
NCT00049283,National Cancer Institute (NCI),NIH,False,government
NCT03778008,Second Affiliated Hospital of Nanchang University,OTHER,False,academic
NCT00003326,Theradex,INDUSTRY,True,industry
NCT00566800,Kansas City Veteran Affairs Medical Center,FED,False,government
NCT04375384,Wake Forest University Health Sciences,OTHER,False,academic
NCT03989830,Sun Yan,OTHER,False,individual
NCT06789172,Epkin,INDUSTRY,True,industry
NCT01271439,Sun Yat-sen University,OTHER,False,academic
NCT06856213,Grupo Español de Tratamiento de Tumores de Cabeza y Cuello,OTHER,False,research_nonprofit
NCT06902376,UNC Lineberger Comprehensive Cancer Center,OTHER,False,hospital
NCT01265147,Daping Hospital and the Research Institute of Surgery of the Third Military Medical University,OTHER,False,government
NCT03556228,"VM Oncology, LLC",INDUSTRY,True,industry
NCT00011999,Radiation Therapy Oncology Group,NETWORK,False,network
NCT05668949,M.D. Anderson Cancer Center,OTHER,False,hospital
NCT01321554,Eisai Inc.,INDUSTRY,True,industry
NCT02769520,"Assuntina G. Sacco, MD",OTHER,False,other
NCT02244463,Dana-Farber Cancer Institute,OTHER,False,hospital
NCT01246960,Eli Lilly and Company,INDUSTRY,True,industry
NCT06914687,Fudan University,OTHER,False,academic
NCT02216669,Maastricht Radiation Oncology,OTHER,False,individual
NCT02069730,"University Health Network, Toronto",OTHER,False,academic
NCT03665285,"NextCure, Inc.",INDUSTRY,True,industry
NCT04327999,Vanderbilt-Ingram Cancer Center,OTHER,False,hospital
NCT02303197,Tianjin Medical University Cancer Institute and Hospital,OTHER,False,academic
NCT03153982,"University of California, San Francisco",OTHER,False,academic
NCT06638931,Instituto do Cancer do Estado de São Paulo,OTHER,False,research_nonprofit
NCT03510390,"Insel Gruppe AG, University Hospital Bern",OTHER,False,academic
NCT02120911,Academisch Medisch Centrum - Universiteit van Amsterdam (AMC-UvA),OTHER,False,academic
NCT07067268,Fudan University,OTHER,False,academic
NCT00101348,National Cancer Institute (NCI),NIH,False,government
NCT06989671,"CSPC Megalith Biopharmaceutical Co.,Ltd.",INDUSTRY,True,industry
NCT03630120,H. Lee Moffitt Cancer Center and Research Institute,OTHER,False,hospital
NCT02277197,James J Lee,OTHER,False,other
NCT04061980,Providence Health & Services,OTHER,False,hospital
NCT04777994,Calico Life Sciences LLC,INDUSTRY,True,industry
NCT04818099,Sun Yat-Sen Memorial Hospital of Sun Yat-Sen University,OTHER,False,academic
NCT02686008,Yale University,OTHER,False,academic
NCT02137096,University of Florida,OTHER,False,academic
NCT02381535,National Cancer Institute (NCI),NIH,False,government
NCT02548715,University of Alberta,OTHER,False,academic
NCT00815308,Shandong Cancer Hospital and Institute,OTHER,False,hospital
NCT01502410,National Cancer Institute (NCI),NIH,False,government
NCT03758781,H. Lee Moffitt Cancer Center and Research Institute,OTHER,False,hospital
NCT06147037,AstraZeneca,INDUSTRY,True,industry
NCT01256203,Pinnacle Biologics Inc.,INDUSTRY,True,industry
NCT06477692,University of Texas Southwestern Medical Center,OTHER,False,academic
NCT00158678,Groupe Oncologie Radiotherapie Tete et Cou,OTHER,False,research_nonprofit
NCT07233850,"Shenyang Sunshine Pharmaceutical Co., LTD.",INDUSTRY,True,industry
NCT03340896,Groupe Oncologie Radiotherapie Tete et Cou,OTHER,False,research_nonprofit
NCT04485013,"Tizona Therapeutics, Inc",INDUSTRY,True,industry
NCT00470184,Roswell Park Cancer Institute,OTHER,False,research_nonprofit
NCT03198130,Regeneron Pharmaceuticals,INDUSTRY,True,industry
NCT01075399,Siemens Molecular Imaging,INDUSTRY,True,industry
NCT04850235,Sun Yat-sen University,OTHER,False,academic
NCT05213312,Shanghai Zhongshan Hospital,OTHER,False,hospital
NCT05358548,"Rutgers, The State University of New Jersey",OTHER,False,academic
NCT06211335,"University of California, Davis",OTHER,False,academic
NCT00608205,Case Comprehensive Cancer Center,OTHER,False,hospital
NCT02764593,"RTOG Foundation, Inc.",OTHER,False,research_nonprofit
NCT01794845,University of Miami,OTHER,False,academic
NCT04220528,Fujian Cancer Hospital,OTHER_GOV,False,government
NCT05075122,Martin-Luther-Universität Halle-Wittenberg,OTHER,False,academic
NCT03740100,M.D. Anderson Cancer Center,OTHER,False,hospital
NCT04106492,"Shasqi, Inc.",INDUSTRY,True,industry
NCT03153280,Cancer Trials Ireland,NETWORK,False,network
NCT06494189,West China Hospital,OTHER,False,hospital
NCT04895709,Bristol-Myers Squibb,INDUSTRY,True,industry
NCT07145931,Sun Yat-sen University,OTHER,False,academic
NCT01225016,University of Alabama at Birmingham,OTHER,False,academic
NCT02741570,Bristol-Myers Squibb,INDUSTRY,True,industry
NCT04858269,Wake Forest University Health Sciences,OTHER,False,academic
NCT01336049,Peking University,OTHER,False,academic
NCT00494182,M.D. Anderson Cancer Center,OTHER,False,hospital
NCT06150664,Compass Therapeutics,INDUSTRY,True,industry
NCT02135042,NRG Oncology,OTHER,False,research_nonprofit
NCT01451632,Merrimack Pharmaceuticals,INDUSTRY,True,industry
NCT05229601,HiFiBiO Therapeutics,INDUSTRY,True,industry
NCT05252078,Jiangxi Provincial Cancer Hospital,OTHER,False,hospital
NCT04291209,Sunnybrook Health Sciences Centre,OTHER,False,hospital
NCT05783921,"Chia Tai Tianqing Pharmaceutical Group Co., Ltd.",INDUSTRY,True,industry
NCT02158234,H. Lee Moffitt Cancer Center and Research Institute,OTHER,False,hospital
NCT06734598,National Taiwan University Hospital,OTHER,False,academic
NCT02318901,Western Regional Medical Center,OTHER,False,hospital
NCT05245682,Emory University,OTHER,False,academic
NCT02683655,Huai'an First People's Hospital,OTHER,False,hospital
NCT01950689,The Christie NHS Foundation Trust,OTHER,False,government
NCT06997068,Mayo Clinic,OTHER,False,hospital
NCT00524121,Roswell Park Cancer Institute,OTHER,False,research_nonprofit
NCT01911598,"Genentech, Inc.",INDUSTRY,True,industry
NCT05654077,The Affiliated Hospital of Xuzhou Medical University,OTHER,False,academic
NCT01171924,"Curis, Inc.",INDUSTRY,True,industry
NCT01375088,Mashhad University of Medical Sciences,OTHER,False,academic
NCT07538206,Tang-Du Hospital,OTHER,False,hospital
NCT02318277,Incyte Corporation,INDUSTRY,True,industry
NCT00002506,Hoag Memorial Hospital Presbyterian,OTHER,False,hospital
NCT00896350,University of Texas Southwestern Medical Center,OTHER,False,academic
NCT00004062,Lucille P. Markey Cancer Center at University of Kentucky,OTHER,False,academic
NCT03934827,Imperial College London,OTHER,False,academic
NCT07447050,"University of California, Irvine",OTHER,False,academic
NCT01348217,Centre Georges Francois Leclerc,OTHER,False,hospital
NCT05628610,Fujian Cancer Hospital,OTHER_GOV,False,government
NCT00009880,Radiation Therapy Oncology Group,NETWORK,False,network
NCT02627274,Hoffmann-La Roche,INDUSTRY,True,industry
NCT00526149,European Organisation for Research and Treatment of Cancer - EORTC,NETWORK,False,network
NCT03194061,Barretos Cancer Hospital,OTHER,False,hospital
NCT00017056,Memorial Sloan Kettering Cancer Center,OTHER,False,hospital
NCT00642239,"Shandong Luye Pharmaceutical Co., Ltd.",INDUSTRY,True,industry
NCT01353625,Celgene,INDUSTRY,True,industry
NCT00547157,Amgen,INDUSTRY,True,industry
NCT04464967,"NKGen Biotech, Inc.",INDUSTRY,True,industry
NCT00666978,"Lisa Sanderson Cox, PhD",OTHER,False,other
NCT02920216,Institut de Cancérologie de Lorraine,OTHER,False,research_nonprofit
NCT01787006,University Hospital Schleswig-Holstein,OTHER,False,academic
NCT01334177,University of Washington,OTHER,False,academic
NCT05937438,Anhui Provincial Hospital,OTHER_GOV,False,government
NCT01405846,Papworth Hospital NHS Foundation Trust,OTHER_GOV,False,government
NCT05927844,Fujian Cancer Hospital,OTHER_GOV,False,government
NCT01372111,Coastal Carolina Radiation Oncology,OTHER,False,other
NCT04319471,Fujian Cancer Hospital,OTHER_GOV,False,government
NCT00098527,National Cancer Institute (NCI),NIH,False,government
NCT01333852,Lucas Vieira dos Santos,OTHER,False,other
NCT01728480,Roswell Park Cancer Institute,OTHER,False,research_nonprofit
NCT02389751,M.D. Anderson Cancer Center,OTHER,False,hospital
NCT00020189,National Cancer Institute (NCI),NIH,False,government
NCT04212598,Wuhan University,OTHER,False,academic
NCT07149220,Ohio State University Comprehensive Cancer Center,OTHER,False,academic
NCT00002659,Matrix Pharmaceutical,INDUSTRY,True,industry
NCT05949424,University Medical Center Groningen,OTHER,False,academic
NCT07030257,Tasca Therapeutics,INDUSTRY,True,industry
NCT02993991,"University Health Network, Toronto",OTHER,False,academic
NCT04415853,"Sunshine Lake Pharma Co., Ltd.",INDUSTRY,True,industry
NCT07028918,Qilu Hospital of Shandong University,OTHER,False,academic
NCT04525066,Ayhman Al Afif,OTHER,False,individual
NCT05319730,Merck Sharp & Dohme LLC,INDUSTRY,True,industry
NCT01585428,National Cancer Institute (NCI),NIH,False,government
NCT00701857,University of Arizona,OTHER,False,academic
NCT06692270,Fujian Cancer Hospital,OTHER_GOV,False,government
NCT00268372,SWOG Cancer Research Network,NETWORK,False,network
NCT05172245,National Cancer Institute (NCI),NIH,False,government
NCT05527470,Wei Jiang,OTHER,False,individual
NCT02499328,AstraZeneca,INDUSTRY,True,industry
NCT05787535,HRYZ Biotech Co.,INDUSTRY,True,industry
NCT00002476,Cancer Research UK,OTHER,False,research_nonprofit
NCT04895735,Mayo Clinic,OTHER,False,hospital
NCT05272696,Guangdong Provincial People's Hospital,OTHER,False,hospital
NCT00352105,David Adelstein,OTHER,False,individual
NCT02325986,Sun Yat-sen University,OTHER,False,academic
NCT05211232,Sun Yat-sen University,OTHER,False,academic
NCT05214495,Basma Morsy,OTHER,False,individual
NCT00045526,National Cancer Institute (NCI),NIH,False,government
NCT00646659,European Organisation for Research and Treatment of Cancer - EORTC,NETWORK,False,network
NCT02278198,"University of Colorado, Denver",OTHER,False,academic
NCT00703638,"Masonic Cancer Center, University of Minnesota",OTHER,False,academic
NCT04060342,"GB006, Inc., a wholly owned subsidiary of Gossamer Bio, Inc.",INDUSTRY,True,industry
NCT06437522,"Sichuan Baili Pharmaceutical Co., Ltd.",INDUSTRY,True,industry
NCT06190639,Zhejiang Cancer Hospital,OTHER,False,hospital
NCT05821751,Fondazione del Piemonte per l'Oncologia,OTHER,False,research_nonprofit
NCT00003192,University of Chicago,OTHER,False,academic
NCT03576417,Groupe Oncologie Radiotherapie Tete et Cou,OTHER,False,research_nonprofit
NCT00697905,"Ministry of Health, Malaysia",OTHER_GOV,False,government
NCT01831726,Novartis Pharmaceuticals,INDUSTRY,True,industry
NCT00540332,Swedish Orphan Biovitrum,INDUSTRY,True,industry
NCT03558724,University Medical Center Groningen,OTHER,False,academic
NCT04481256,Academisch Medisch Centrum - Universiteit van Amsterdam (AMC-UvA),OTHER,False,academic
NCT00971932,"Merck KGaA, Darmstadt, Germany",INDUSTRY,True,industry
NCT03274011,Fudan University,OTHER,False,academic
NCT03422536,University of Arizona,OTHER,False,academic
NCT02274155,Providence Health & Services,OTHER,False,hospital
NCT02418247,"National Cancer Center, Korea",OTHER_GOV,False,government
NCT00002839,European Organisation for Research and Treatment of Cancer - EORTC,NETWORK,False,network
NCT01870791,"University Hospitals, Leicester",OTHER,False,academic
NCT04045496,"Jacobio Pharmaceuticals Co., Ltd.",INDUSTRY,True,industry
NCT00490061,Quynh-Thu Le,OTHER,False,individual
NCT00595933,University of Oklahoma,OTHER,False,academic
NCT03342937,Duke University,OTHER,False,academic
NCT04379596,AstraZeneca,INDUSTRY,True,industry
NCT03737968,Yonsei University,OTHER,False,academic
NCT02944708,Shanghai Proton and Heavy Ion Center,OTHER,False,hospital
NCT04996758,Sun Yat-sen University,OTHER,False,academic
NCT00971867,Bristol-Myers Squibb,INDUSTRY,True,industry
NCT05044117,Sun Yat-sen University,OTHER,False,academic
NCT07046221,Fujian Cancer Hospital,OTHER_GOV,False,government
NCT02262455,Santa Maria Biotherapeutics,INDUSTRY,True,industry
NCT00916097,Sanofi,INDUSTRY,True,industry
NCT01561014,Wake Forest University Health Sciences,OTHER,False,academic
NCT00589667,Memorial Sloan Kettering Cancer Center,OTHER,False,hospital
NCT00367718,Johns Hopkins University,OTHER,False,academic
NCT07518485,Centre Hospitalier Universitaire Vaudois,OTHER,False,academic
NCT05244798,Sichuan Cancer Hospital and Research Institute,OTHER,False,hospital
NCT05121948,"HiberCell, Inc.",INDUSTRY,True,industry
NCT05544136,Memorial Sloan Kettering Cancer Center,OTHER,False,hospital
NCT05183126,University of Michigan Rogel Cancer Center,OTHER,False,academic
NCT03323463,Memorial Sloan Kettering Cancer Center,OTHER,False,hospital
NCT02474368,Dana-Farber Cancer Institute,OTHER,False,hospital
NCT01693718,University of Chicago,OTHER,False,academic
NCT07092514,Washington University School of Medicine,OTHER,False,academic
NCT00959387,Barretos Cancer Hospital,OTHER,False,hospital
NCT03185988,Shen Lin,OTHER,False,individual
NCT00711412,Northwestern University,OTHER,False,academic
NCT00073450,Merck Sharp & Dohme LLC,INDUSTRY,True,industry
NCT06839066,Shanghai Henlius Biotech,INDUSTRY,True,industry
NCT05783323,Children's Hospital of Philadelphia,OTHER,False,hospital
NCT00017043,Bristol-Myers Squibb,INDUSTRY,True,industry
NCT05172258,National Cancer Institute (NCI),NIH,False,government
NCT00252889,Christiana Care Health Services,OTHER,False,hospital
NCT00824811,M.D. Anderson Cancer Center,OTHER,False,hospital
NCT00859937,National Cancer Institute (NCI),NIH,False,government
NCT00906360,National Cancer Institute (NCI),NIH,False,government
NCT00817258,Fudan University,OTHER,False,academic
NCT05941507,"LigaChem Biosciences, Inc.",INDUSTRY,True,industry
NCT00702884,Tony Bekaii-Saab,OTHER,False,individual
NCT00003139,Radiation Therapy Oncology Group,NETWORK,False,network
NCT07272291,Tianjin Medical University Cancer Institute and Hospital,OTHER,False,academic
NCT03649048,London Health Sciences Centre Research Institute OR Lawson Research Institute of St. Joseph's,OTHER,False,research_nonprofit
NCT00188877,"University Health Network, Toronto",OTHER,False,academic
NCT05265962,The First Affiliated Hospital of Zhengzhou University,OTHER,False,academic
NCT05188313,Academisch Medisch Centrum - Universiteit van Amsterdam (AMC-UvA),OTHER,False,academic
NCT00006036,NCIC Clinical Trials Group,NETWORK,False,network
NCT03400709,"Hospital San Juan de Dios, Santiago",OTHER,False,hospital
NCT02537223,"University Health Network, Toronto",OTHER,False,academic
NCT00095901,Dana-Farber Cancer Institute,OTHER,False,hospital
NCT06644781,Daiichi Sankyo,INDUSTRY,True,industry
NCT03840421,Sun Yat-sen University,OTHER,False,academic
NCT03682055,Cullinan Therapeutics Inc.,INDUSTRY,True,industry
NCT00096512,National Cancer Institute (NCI),NIH,False,government
NCT03671265,Tianjin Medical University Cancer Institute and Hospital,OTHER,False,academic
NCT02289807,Sun Yat-sen University,OTHER,False,academic
NCT00924092,National Cancer Institute (NCI),NIH,False,government
NCT01712919,Jiangsu Cancer Institute & Hospital,OTHER,False,hospital
NCT06563869,The First Affiliated Hospital with Nanjing Medical University,OTHER,False,academic
NCT05074940,Trisha Wise-Draper,OTHER,False,individual
NCT02538627,Merrimack Pharmaceuticals,INDUSTRY,True,industry
NCT04453826,Sun Yat-sen University,OTHER,False,academic
NCT04640480,SN BioScience,INDUSTRY,True,industry
NCT06293898,SystImmune Inc.,INDUSTRY,True,industry
NCT03107182,University of Chicago,OTHER,False,academic
NCT04764227,Fudan University,OTHER,False,academic
NCT02989259,"Cancer Institute and Hospital, Chinese Academy of Medical Sciences",OTHER,False,hospital
NCT04675294,ALX Oncology Inc.,INDUSTRY,True,industry
NCT05969314,Tata Memorial Hospital,OTHER_GOV,False,government
NCT00383266,Washington University School of Medicine,OTHER,False,academic
NCT02976909,Yuhong Li,OTHER,False,individual
NCT02610010,Sun Yat-sen University,OTHER,False,academic
NCT03134846,University Medical Center Groningen,OTHER,False,academic
NCT01530997,UNC Lineberger Comprehensive Cancer Center,OTHER,False,hospital
NCT05758389,The Affiliated Nanjing Drum Tower Hospital of Nanjing University Medical School,OTHER,False,academic
NCT07354984,Sun Yat-sen University,OTHER,False,academic
NCT05490381,University of Washington,OTHER,False,academic
NCT03708822,Sun Yat-sen University,OTHER,False,academic
NCT05281003,Fudan University,OTHER,False,academic
NCT01370070,Chinese University of Hong Kong,OTHER,False,academic
NCT06654297,West China Hospital,OTHER,False,hospital
NCT05787587,IDEAYA Biosciences,INDUSTRY,True,industry
NCT00033657,Eastern Cooperative Oncology Group,NETWORK,False,network
NCT06336148,"Actym Therapeutics, Inc.",INDUSTRY,True,industry
NCT06194734,"Beijing Konruns Pharmaceutical Co., Ltd.",INDUSTRY,True,industry
NCT06055166,Chongqing University Cancer Hospital,OTHER,False,academic
NCT01980498,L.Molteni & C. dei F.lli Alitti-Soc. di Esercizio S.p.A.,INDUSTRY,True,industry
NCT06145308,Peking Union Medical College,OTHER,False,academic
NCT04428151,Merck Sharp & Dohme LLC,INDUSTRY,True,industry
NCT00620295,"Masonic Cancer Center, University of Minnesota",OTHER,False,academic
NCT04282109,Grupo Español de Tratamiento de Tumores de Cabeza y Cuello,OTHER,False,research_nonprofit
NCT06323460,Ohio State University Comprehensive Cancer Center,OTHER,False,academic
NCT07251062,"CSPC Megalith Biopharmaceutical Co.,Ltd.",INDUSTRY,True,industry
NCT06332755,LG Chem,INDUSTRY,True,industry
NCT00080028,Pharmacyclics LLC.,INDUSTRY,True,industry
NCT06991738,National Institute of Diabetes and Digestive and Kidney Diseases (NIDDK),NIH,False,government
NCT00002854,City of Hope Medical Center,OTHER,False,hospital
NCT07007364,Jun Jia,OTHER,False,individual
NCT06693323,"University of California, Irvine",OTHER,False,academic
NCT06964568,Fudan University,OTHER,False,academic
NCT05544929,Novartis Pharmaceuticals,INDUSTRY,True,industry
NCT00022139,Alliance for Clinical Trials in Oncology,OTHER,False,research_nonprofit
NCT00021138,Personal Improvement Computer Systems,OTHER,False,other
NCT02734537,ECOG-ACRIN Cancer Research Group,NETWORK,False,network
NCT01074021,"Biotech Pharmaceutical Co., Ltd.",OTHER,True,industry
NCT02023931,"Julie E. Bauman, MD, MPH",OTHER,False,other
NCT05904496,BeiGene,INDUSTRY,True,industry
NCT04892043,SQZ Biotechnologies,INDUSTRY,True,industry
NCT02207439,Abramson Cancer Center at Penn Medicine,OTHER,False,hospital
NCT00363831,The University of Hong Kong,OTHER,False,academic
NCT03424291,Henan Cancer Hospital,OTHER_GOV,False,government
NCT02485548,Jiangsu Cancer Institute & Hospital,OTHER,False,hospital
NCT04973306,Shanghai Zhongshan Hospital,OTHER,False,hospital
NCT05919030,Renmin Hospital of Wuhan University,OTHER,False,academic
NCT03544736,Oslo University Hospital,OTHER,False,academic
NCT01479348,National Cancer Institute (NCI),NIH,False,government
NCT03929666,Jazz Pharmaceuticals,INDUSTRY,True,industry
NCT00216138,Hoosier Cancer Research Network,OTHER,False,network
NCT00390416,Memorial Sloan Kettering Cancer Center,OTHER,False,hospital
NCT05007613,National Taiwan University Hospital,OTHER,False,academic
NCT03818997,European Organisation for Research and Treatment of Cancer - EORTC,NETWORK,False,network
NCT03238638,University of Chicago,OTHER,False,academic
NCT05807542,Shanghai Zhongshan Hospital,OTHER,False,hospital
NCT02762474,Tianjin Medical University Cancer Institute and Hospital,OTHER,False,academic
NCT06223568,National Cancer Institute (NCI),NIH,False,government
NCT04296266,Stanford University,OTHER,False,academic
NCT00003744,Dana-Farber Cancer Institute,OTHER,False,hospital
NCT02101034,Washington University School of Medicine,OTHER,False,academic
NCT03409848,AIO-Studien-gGmbH,OTHER,False,other
NCT03384511,Shandong Cancer Hospital and Institute,OTHER,False,hospital
NCT05724849,Vanderbilt University Medical Center,OTHER,False,academic
NCT05858736,"OncoC4, Inc.",INDUSTRY,True,industry
NCT05193617,Sun Yat-sen University,OTHER,False,academic
NCT05456022,Cairo University,OTHER,False,academic
NCT04747054,UNICANCER,OTHER,False,research_nonprofit
NCT03573960,Eisai Pharmaceuticals India Pvt. Ltd,INDUSTRY,True,industry
NCT05476380,Tianjin Medical University Cancer Institute and Hospital,OTHER,False,academic
NCT06760676,Anhui Provincial Hospital,OTHER_GOV,False,government
NCT04544111,Memorial Sloan Kettering Cancer Center,OTHER,False,hospital
NCT03028766,University of Birmingham,OTHER,False,academic
NCT02062632,Mayo Clinic,OTHER,False,hospital
NCT01737008,"University Health Network, Toronto",OTHER,False,academic
NCT00258310,Barbara Ann Karmanos Cancer Institute,OTHER,False,research_nonprofit
NCT02735317,Yun-fei Xia,OTHER,False,individual
NCT03317730,University of Alabama at Birmingham,OTHER,False,academic
NCT00467948,Tehran University of Medical Sciences,OTHER,False,academic
NCT03685409,Cairo University,OTHER,False,academic
NCT05879484,National Cancer Institute (NCI),NIH,False,government
NCT04843098,"Suzhou Junde Biotechnology Co., Ltd",INDUSTRY,True,industry
NCT06663059,Tang-Du Hospital,OTHER,False,hospital
NCT06403878,Sichuan University,OTHER,False,academic
NCT05182931,Olivia Newton-John Cancer Research Institute,OTHER,False,research_nonprofit
NCT05851560,National Taiwan University Hospital,OTHER,False,academic
NCT01213030,Siemens Molecular Imaging,INDUSTRY,True,industry
NCT04992988,Cancer Hospital of Guangxi Medical University,OTHER,False,academic
NCT07514767,Prof. Lars Olaf Cardell,OTHER,False,individual
NCT06440850,City of Hope Medical Center,OTHER,False,hospital
NCT03937141,"Chinook Therapeutics, Inc. (formerly Aduro)",INDUSTRY,True,industry
NCT02375581,First People's Hospital of Hangzhou,OTHER,False,hospital
NCT04992559,Sun Yat-Sen Memorial Hospital of Sun Yat-Sen University,OTHER,False,academic
NCT06247956,"Suzhou Suncadia Biopharmaceuticals Co., Ltd.",INDUSTRY,True,industry
NCT05075993,M.D. Anderson Cancer Center,OTHER,False,hospital
NCT01854749,Fudan University,OTHER,False,academic
NCT01927744,M.D. Anderson Cancer Center,OTHER,False,hospital
NCT00453323,"National Cancer Center, Korea",OTHER_GOV,False,government
NCT07453472,Dr. Shalini Gupta,OTHER,False,individual
NCT07662681,Shanghai Ninth People's Hospital Affiliated to Shanghai Jiao Tong University,OTHER,False,academic
NCT04752384,Medical College of Wisconsin,OTHER,False,academic
NCT01540136,Sun Yat-sen University,OTHER,False,academic
NCT00984282,Bayer,INDUSTRY,True,industry
NCT02381249,"St. James's Hospital, Ireland",OTHER,False,hospital
NCT03692325,Dana-Farber Cancer Institute,OTHER,False,hospital
NCT01670409,Chuangzhen Chen,OTHER,False,individual
NCT05280457,Yonsei University,OTHER,False,academic
NCT00005878,Sidney Kimmel Comprehensive Cancer Center at Johns Hopkins,OTHER,False,hospital
NCT03205501,University Medical Center Groningen,OTHER,False,academic
NCT04895345,"Chia Tai Tianqing Pharmaceutical Group Co., Ltd.",INDUSTRY,True,industry
NCT06236425,H. Lee Moffitt Cancer Center and Research Institute,OTHER,False,hospital
NCT03910634,Sun Yat-sen University,OTHER,False,academic
NCT03480971,"Matrix Biomed, Inc.",INDUSTRY,True,industry
NCT05170256,Morten Mau-Sørensen,OTHER,False,individual
NCT07129772,The University of Hong Kong,OTHER,False,academic
NCT00088907,National Cancer Institute (NCI),NIH,False,government
NCT03923842,Gruppo Oncologico del Nord-Ovest,OTHER,False,research_nonprofit
NCT00001730,National Institute of Diabetes and Digestive and Kidney Diseases (NIDDK),NIH,False,government
NCT03723967,Centre Leon Berard,OTHER,False,hospital
NCT01275183,New Mexico Cancer Research Alliance,OTHER,False,research_nonprofit
NCT04907370,Sun Yat-sen University,OTHER,False,academic
NCT04354324,Zhujiang Hospital,OTHER,False,hospital
NCT07136545,"Taipei Veterans General Hospital, Taiwan",OTHER_GOV,False,government
NCT03386838,Bristol-Myers Squibb,INDUSTRY,True,industry
NCT06056310,"EMD Serono Research & Development Institute, Inc.",INDUSTRY,True,industry
NCT02678884,"University Health Network, Toronto",OTHER,False,academic
NCT02399306,Sichuan Cancer Hospital and Research Institute,OTHER,False,hospital
NCT07317609,Shanghai Zhongshan Hospital,OTHER,False,hospital
NCT06673329,"Brian Henick, MD",OTHER,False,other
NCT00266279,University of Louisville,OTHER,False,academic
NCT02126969,Susanne Arnold,OTHER,False,individual
NCT06270082,Ikena Oncology,INDUSTRY,True,industry
NCT05673577,Fudan University,OTHER,False,academic
NCT02241083,Tampere University Hospital,OTHER,False,academic
NCT04504669,AstraZeneca,INDUSTRY,True,industry
NCT04426955,"Jiangsu HengRui Medicine Co., Ltd.",INDUSTRY,True,industry
NCT04550260,AstraZeneca,INDUSTRY,True,industry
NCT06445972,Merck Sharp & Dohme LLC,INDUSTRY,True,industry
NCT06852638,RenJi Hospital,OTHER,False,hospital
NCT00003489,Burzynski Research Institute,OTHER,False,research_nonprofit
NCT02297217,AHS Cancer Control Alberta,OTHER,False,other
NCT01437254,AHS Cancer Control Alberta,OTHER,False,other
NCT04852328,Washington University School of Medicine,OTHER,False,academic
NCT06607185,Eli Lilly and Company,INDUSTRY,True,industry
NCT04297995,Shanghai Henlius Biotech,INDUSTRY,True,industry
NCT06487702,"Rui-hua Xu, MD, PhD",OTHER,False,other
NCT02971956,Dana-Farber Cancer Institute,OTHER,False,hospital
NCT06666634,The Netherlands Cancer Institute,OTHER,False,research_nonprofit
NCT06997094,Mayo Clinic,OTHER,False,hospital
NCT00513851,Astellas Pharma Inc,INDUSTRY,True,industry
NCT06486220,Yun-fei Xia,OTHER,False,individual
NCT00084318,Radiation Therapy Oncology Group,NETWORK,False,network
NCT03799003,"Astellas Pharma Global Development, Inc.",INDUSTRY,True,industry
NCT02296684,Washington University School of Medicine,OTHER,False,academic
NCT02574663,"TG Therapeutics, Inc.",INDUSTRY,True,industry
NCT04085913,University of Missouri-Columbia,OTHER,False,academic
NCT01345084,Eurofarma Laboratorios S.A.,INDUSTRY,True,industry
NCT07062354,SWOG Cancer Research Network,NETWORK,False,network
NCT03987815,Samsung Medical Center,OTHER,False,hospital
NCT02114658,Bayer,INDUSTRY,True,industry
NCT00447330,Duke University,OTHER,False,academic
NCT05308732,"Instituto Nacional de Cancer, Brazil",OTHER_GOV,False,government
NCT02254278,NRG Oncology,OTHER,False,research_nonprofit
NCT00415298,"University of California, San Diego",OTHER,False,academic
NCT06513884,Hookipa Biotech GmbH,INDUSTRY,True,industry
NCT04892173,Johnson & Johnson Enterprise Innovation Inc.,INDUSTRY,True,industry
NCT02997332,"Gustave Roussy, Cancer Campus, Grand Paris",OTHER,False,hospital
NCT05717790,Fourth Affiliated Hospital of Guangxi Medical University,OTHER,False,academic
NCT00565448,Sanofi,INDUSTRY,True,industry
NCT01377298,National Taiwan University Hospital,OTHER,False,academic
NCT01403324,"Gustave Roussy, Cancer Campus, Grand Paris",OTHER,False,hospital
NCT01073683,Rabin Medical Center,OTHER,False,hospital
NCT00006361,Memorial Sloan Kettering Cancer Center,OTHER,False,hospital
NCT00213486,"University Hospital, Rouen",OTHER,False,academic
NCT03181100,M.D. Anderson Cancer Center,OTHER,False,hospital
NCT04152499,Klus Pharma Inc.,INDUSTRY,True,industry
NCT00002507,Yale University,OTHER,False,academic
NCT04700475,Nada Yousef,OTHER,False,individual
NCT03524326,Memorial Sloan Kettering Cancer Center,OTHER,False,hospital
NCT00335010,Erasmus Medical Center,OTHER,False,hospital
NCT00436800,Sanofi,INDUSTRY,True,industry
NCT06421376,"Cancer Institute and Hospital, Chinese Academy of Medical Sciences",OTHER,False,hospital
NCT06301165,Sun Yat-sen University,OTHER,False,academic
NCT01880359,European Organisation for Research and Treatment of Cancer - EORTC,NETWORK,False,network
NCT04229849,Henan Cancer Hospital,OTHER_GOV,False,government
NCT05913388,Providence Health & Services,OTHER,False,hospital
NCT01551641,Changzhou No.2 People's Hospital,OTHER,False,hospital
NCT05342636,Merck Sharp & Dohme LLC,INDUSTRY,True,industry
NCT00002884,Centre Hospitalier Lyon Sud,OTHER,False,hospital
NCT00667641,University of Medicine and Dentistry of New Jersey,OTHER,False,academic
NCT02789189,Sun Yat-sen University,OTHER,False,academic
NCT00003200,Dana-Farber Cancer Institute,OTHER,False,hospital
NCT03405142,Eben Rosenthal,OTHER,False,individual
NCT00006081,M.D. Anderson Cancer Center,OTHER,False,hospital
NCT01931150,Memorial Sloan Kettering Cancer Center,OTHER,False,hospital
NCT01941992,Istituto Oncologico Veneto IRCCS,OTHER,False,research_nonprofit
NCT06005324,University of Chicago,OTHER,False,academic
NCT00318890,University of Alabama at Birmingham,OTHER,False,academic
NCT04985604,"Day One Biopharmaceuticals, Inc.",INDUSTRY,True,industry
NCT01307956,University of Nebraska,OTHER,False,academic
NCT07180576,"Anna Arthur, PhD",OTHER,False,other
NCT00041171,Alliance for Clinical Trials in Oncology,OTHER,False,research_nonprofit
NCT01307267,Pfizer,INDUSTRY,True,industry
NCT06793761,Beijing Tongren Hospital,OTHER,False,hospital
NCT00681967,AstraZeneca,INDUSTRY,True,industry
NCT06694350,Zhejiang Provincial People's Hospital,OTHER,False,hospital
NCT00655876,Radiation Therapy Oncology Group,NETWORK,False,network
NCT01316757,Fox Chase Cancer Center,OTHER,False,hospital
NCT02013050,Soligenix,INDUSTRY,True,industry
NCT00054054,SWOG Cancer Research Network,NETWORK,False,network
NCT02626000,Amgen,INDUSTRY,True,industry
NCT03358472,Incyte Corporation,INDUSTRY,True,industry
NCT06580002,"University of California, Irvine",OTHER,False,academic
NCT01865201,Sun Yat-Sen Memorial Hospital of Sun Yat-Sen University,OTHER,False,academic
NCT03754933,"GeoVax, Inc.",INDUSTRY,True,industry
NCT03117257,Guiyang Medical University,OTHER,False,academic
NCT00496652,Danish Head and Neck Cancer Group,NETWORK,False,network
NCT07567742,Sun Yat-sen University,OTHER,False,academic
NCT06284226,"Beijing Kejing Biotechnology Co., Ltd.",INDUSTRY,True,industry
NCT00004048,Garden State Cancer Center at the Center for Molecular Medicine and Immunology,OTHER,False,hospital
NCT05222932,TILT Biotherapeutics Ltd.,INDUSTRY,True,industry
NCT02281006,CHU de Quebec-Universite Laval,OTHER,False,academic
NCT05549466,Sun Yat-sen University,OTHER,False,academic
NCT01598402,Radboud University Medical Center,OTHER,False,academic
NCT01469429,Ohio State University Comprehensive Cancer Center,OTHER,False,academic
NCT01284348,Merck Sharp & Dohme LLC,INDUSTRY,True,industry
NCT03668366,Fudan University,OTHER,False,academic
NCT00015964,University of Chicago,OTHER,False,academic
NCT04414566,West China Hospital,OTHER,False,hospital
NCT01469546,University of Michigan Rogel Cancer Center,OTHER,False,academic
NCT06438627,XIANG YANQUN,OTHER,False,other
NCT01843829,Lisette Nixon,OTHER_GOV,False,government
NCT03623737,National Taiwan University Hospital,OTHER,False,academic
NCT06187597,Sun Yat-sen University,OTHER,False,academic
NCT05996523,National Cancer Institute (NCI),NIH,False,government
NCT06414577,XIANG YANQUN,OTHER,False,other
NCT00499291,Eastern Cooperative Oncology Group,NETWORK,False,network
NCT00686114,Wenzhou Medical University,OTHER,False,academic
NCT06469060,Shanghai Chest Hospital,OTHER,False,hospital
NCT02605083,Effector Therapeutics,INDUSTRY,True,industry
NCT00085293,National Cancer Institute (NCI),NIH,False,government
NCT03890185,King Faisal Specialist Hospital & Research Center,OTHER,False,hospital
NCT04319757,"Acepodia Biotech, Inc.",INDUSTRY,True,industry
NCT04138212,Henan Cancer Hospital,OTHER_GOV,False,government
NCT02406170,Academisch Medisch Centrum - Universiteit van Amsterdam (AMC-UvA),OTHER,False,academic
NCT00003856,"Quintiles, Inc.",INDUSTRY,True,industry
NCT05564286,Shantou University Medical College,OTHER,False,academic
NCT00909402,Bristol-Myers Squibb,INDUSTRY,True,industry
NCT07438847,SHAOYAN LIU,OTHER,False,other
NCT07283939,Alliance for Clinical Trials in Oncology,OTHER,False,research_nonprofit
NCT03940976,Peking University,OTHER,False,academic
NCT05039801,M.D. Anderson Cancer Center,OTHER,False,hospital
NCT03529422,UNC Lineberger Comprehensive Cancer Center,OTHER,False,hospital
NCT00002670,Radiation Therapy Oncology Group,NETWORK,False,network
NCT02287311,Baylor College of Medicine,OTHER,False,academic
NCT00352118,"Masonic Cancer Center, University of Minnesota",OTHER,False,academic
NCT00003627,UNICANCER,OTHER,False,research_nonprofit
NCT00954226,M.D. Anderson Cancer Center,OTHER,False,hospital
NCT05201859,Sun Yat-sen University,OTHER,False,academic
NCT04198766,"Inhibrx Biosciences, Inc",INDUSTRY,True,industry
NCT00357617,Centre Hospitalier Universitaire Vaudois,OTHER,False,academic
NCT06940180,Glenn J. Hanna,OTHER,False,other
NCT00165464,Dana-Farber Cancer Institute,OTHER,False,hospital
NCT04291300,Radboud University Medical Center,OTHER,False,academic
NCT01932697,Mayo Clinic,OTHER,False,hospital
NCT03878979,Sidney Kimmel Comprehensive Cancer Center at Johns Hopkins,OTHER,False,hospital
NCT00884520,Siemens Molecular Imaging,INDUSTRY,True,industry
NCT07358884,"Qilu Pharmaceutical Co., Ltd.",INDUSTRY,True,industry
NCT05985655,"Exscientia AI Ltd., a wholly owned subsidiary of Recursion Pharmaceuticals, Inc.",INDUSTRY,True,industry
NCT03012581,UNICANCER,OTHER,False,research_nonprofit
NCT04405622,Sun Yat-sen University,OTHER,False,academic
NCT05706129,ITM Oncologics GmbH,INDUSTRY,True,industry
NCT00798655,Robert Ferris,OTHER,False,individual
NCT02997553,Institut de Cancérologie de Lorraine,OTHER,False,research_nonprofit
NCT00093041,Genmab,INDUSTRY,True,industry
NCT07692204,Sanofi,INDUSTRY,True,industry
NCT05907304,"Erasca, Inc.",INDUSTRY,True,industry
NCT05565417,Immunitas Therapeutics,INDUSTRY,True,industry
NCT06455410,Sun Yat-sen University,OTHER,False,academic
NCT00095927,Dana-Farber Cancer Institute,OTHER,False,hospital
NCT04672434,Symphogen A/S,INDUSTRY,True,industry
NCT00581971,University of Alabama at Birmingham,OTHER,False,academic
NCT00270790,Mohan Suntharalingam,OTHER,False,individual
NCT06062602,Presage Biosciences,INDUSTRY,True,industry
NCT02216617,Groupe Oncologie Radiotherapie Tete et Cou,OTHER,False,research_nonprofit
NCT02513238,"Rigshospitalet, Denmark",OTHER,False,hospital
NCT04722523,Memorial Sloan Kettering Cancer Center,OTHER,False,hospital
NCT01822613,Novartis Pharmaceuticals,INDUSTRY,True,industry
NCT00843635,Donald T. Weed,OTHER,False,other
NCT03618654,Sidney Kimmel Comprehensive Cancer Center at Thomas Jefferson University,OTHER,False,academic
NCT00588770,National Cancer Institute (NCI),NIH,False,government
NCT03829436,Tempest Therapeutics,INDUSTRY,True,industry
NCT04954599,Maastricht University Medical Center,OTHER,False,academic
NCT06128551,"Revolution Medicines, Inc.",INDUSTRY,True,industry
NCT00212108,"National University Hospital, Singapore",OTHER,False,academic
NCT06142318,"Nanfang Hospital, Southern Medical University",OTHER,False,academic
NCT03366415,Chaosu Hu,OTHER,False,individual
NCT00095563,National Cancer Institute (NCI),NIH,False,government
NCT01326923,Louisiana State University Health Sciences Center Shreveport,OTHER,False,academic
NCT03777813,UNICANCER,OTHER,False,research_nonprofit
NCT01063075,Eli Lilly and Company,INDUSTRY,True,industry
NCT04413214,Shanghai Jiao Tong University School of Medicine,OTHER,False,academic
NCT00002496,Radiation Therapy Oncology Group,NETWORK,False,network
NCT05996432,Vanderbilt-Ingram Cancer Center,OTHER,False,hospital
NCT00886132,"University Health Network, Toronto",OTHER,False,academic
NCT06008054,"Sichuan Baili Pharmaceutical Co., Ltd.",INDUSTRY,True,industry
NCT01245959,Sun Yat-sen University,OTHER,False,academic
NCT05003427,Peking Union Medical College Hospital,OTHER,False,academic
NCT01542931,Shanghai Jiao Tong University School of Medicine,OTHER,False,academic
NCT02624128,"National Cancer Institute, Naples",OTHER,False,government
NCT05078047,UNICANCER,OTHER,False,research_nonprofit
NCT01984892,Nina Bhardwaj,OTHER,False,individual
NCT06199271,Zhongzheng Xiang,OTHER,False,individual
NCT04999202,Bayer,INDUSTRY,True,industry
NCT02954536,Memorial Sloan Kettering Cancer Center,OTHER,False,hospital
NCT02608073,Hoffmann-La Roche,INDUSTRY,True,industry
NCT01300533,BIND Therapeutics,INDUSTRY,True,industry
NCT04119024,Anusha Kalbasi,OTHER,False,individual
NCT00116909,OSI Pharmaceuticals,INDUSTRY,True,industry
NCT04326257,Dan Zandberg,OTHER,False,individual
NCT02903914,Incyte Corporation,INDUSTRY,True,industry
NCT03416244,AIO-Studien-gGmbH,OTHER,False,other
NCT00468169,University of Chicago,OTHER,False,academic
NCT01689194,Seoul National University Hospital,OTHER,False,academic
NCT01718223,Roswell Park Cancer Institute,OTHER,False,research_nonprofit
NCT04154943,Regeneron Pharmaceuticals,INDUSTRY,True,industry
NCT01216020,Azienda USL 4 Prato,OTHER,False,other
NCT02282371,Memorial Sloan Kettering Cancer Center,OTHER,False,hospital
NCT03082534,"University of California, San Diego",OTHER,False,academic
NCT00923247,National Cancer Institute (NCI),NIH,False,government
NCT00847509,Siemens Molecular Imaging,INDUSTRY,True,industry
NCT04494009,Asan Medical Center,OTHER,False,hospital
NCT04191460,Erasmus Medical Center,OTHER,False,hospital
NCT01884259,Arbeitsgemeinschaft medikamentoese Tumortherapie,OTHER,False,other
NCT06304974,"Sichuan Baili Pharmaceutical Co., Ltd.",INDUSTRY,True,industry
NCT06297811,Sun Yat-sen University,OTHER,False,academic
NCT04870905,Affiliated Cancer Hospital & Institute of Guangzhou Medical University,OTHER,False,academic
NCT00470496,Roswell Park Cancer Institute,OTHER,False,research_nonprofit
NCT01933269,Emory University,OTHER,False,academic
NCT04204382,"Shanxi Zhendong Pharmacy Co., Ltd",INDUSTRY,True,industry
NCT01256853,Chinese University of Hong Kong,OTHER,False,academic
NCT07065630,University of Chicago,OTHER,False,academic
NCT05094336,Amgen,INDUSTRY,True,industry
NCT00243347,AstraZeneca,INDUSTRY,True,industry
NCT06636734,Emory University,OTHER,False,academic
NCT02325349,Assistance Publique - Hôpitaux de Paris,OTHER,False,government
NCT03233724,National Cancer Institute (NCI),NIH,False,government
NCT03506048,Emory University,OTHER,False,academic
NCT06422403,"National University Hospital, Singapore",OTHER,False,academic
NCT05077033,Institute of Oncology Ljubljana,OTHER,False,research_nonprofit
NCT03114319,Novartis Pharmaceuticals,INDUSTRY,True,industry
NCT00229723,AstraZeneca,INDUSTRY,True,industry
NCT00750555,Geisinger Clinic,OTHER,False,hospital
NCT00114283,National Cancer Institute (NCI),NIH,False,government
NCT06702033,Washington University School of Medicine,OTHER,False,academic
NCT06366945,Sun Yat-Sen Memorial Hospital of Sun Yat-Sen University,OTHER,False,academic
NCT04680650,Affiliated Cancer Hospital & Institute of Guangzhou Medical University,OTHER,False,academic
NCT02658214,AstraZeneca,INDUSTRY,True,industry
NCT02609503,UNC Lineberger Comprehensive Cancer Center,OTHER,False,hospital
NCT04570839,Compugen Ltd,INDUSTRY,True,industry
NCT07353671,West China Hospital,OTHER,False,hospital
NCT06647563,Shanghai Ninth People's Hospital Affiliated to Shanghai Jiao Tong University,OTHER,False,academic
NCT02844075,Yonsei University,OTHER,False,academic
NCT01540682,Abramson Cancer Center at Penn Medicine,OTHER,False,hospital
NCT00536172,University of Nebraska,OTHER,False,academic
NCT00176748,University of Michigan Rogel Cancer Center,OTHER,False,academic
NCT07584499,Sun Yat-sen University,OTHER,False,academic
NCT07371897,Sun Yat-sen University,OTHER,False,academic
NCT07039526,John Waters,OTHER,False,individual
NCT00002935,Roswell Park Cancer Institute,OTHER,False,research_nonprofit
NCT04084951,SQZ Biotechnologies,INDUSTRY,True,industry
NCT06067438,OHSU Knight Cancer Institute,OTHER,False,research_nonprofit
NCT00118248,National Cancer Institute (NCI),NIH,False,government
NCT05332002,"Rutgers, The State University of New Jersey",OTHER,False,academic
NCT05893810,Jiangxi Provincial Cancer Hospital,OTHER,False,hospital
NCT00004089,National Cancer Institute (NCI),NIH,False,government
NCT00689065,Calando Pharmaceuticals,INDUSTRY,True,industry
NCT00513435,National Cancer Institute (NCI),NIH,False,government
NCT02119728,Roswell Park Cancer Institute,OTHER,False,research_nonprofit
NCT03838601,"University Health Network, Toronto",OTHER,False,academic
NCT06281886,Sun Yat-sen University,OTHER,False,academic
NCT04215471,Shanghai Zhongshan Hospital,OTHER,False,hospital
NCT00040859,Alliance for Clinical Trials in Oncology,OTHER,False,research_nonprofit
NCT04826679,Sun Yat-sen University,OTHER,False,academic
NCT03057613,Case Comprehensive Cancer Center,OTHER,False,hospital
NCT00101582,Swedish Orphan Biovitrum,INDUSTRY,True,industry
NCT03098160,Threshold Pharmaceuticals,INDUSTRY,True,industry
NCT02434614,Wei Jiang,OTHER,False,individual
NCT00002632,Eastern Cooperative Oncology Group,NETWORK,False,network
NCT04670679,"Erasca, Inc.",INDUSTRY,True,industry
NCT07229313,Kivu Bioscience Inc.,INDUSTRY,True,industry
NCT05025813,Queensland Health,OTHER_GOV,False,government
NCT04510818,Ruijin Hospital,OTHER,False,hospital
NCT06006169,"Sichuan Baili Pharmaceutical Co., Ltd.",INDUSTRY,True,industry
NCT01418118,Oxford University Hospitals NHS Trust,OTHER,False,government
NCT00004097,National Cancer Institute (NCI),NIH,False,government
NCT07408063,"University Health Network, Toronto",OTHER,False,academic
NCT01693432,Hallym University Medical Center,OTHER,False,academic
NCT00606424,Siemens Molecular Imaging,INDUSTRY,True,industry
NCT01552434,M.D. Anderson Cancer Center,OTHER,False,hospital
NCT06484166,West China Hospital,OTHER,False,hospital
NCT04460456,Silverback Therapeutics,INDUSTRY,True,industry
NCT05097209,Wei Jiang,OTHER,False,individual
NCT00524186,Roswell Park Cancer Institute,OTHER,False,research_nonprofit
NCT01265849,CEL-SCI Corporation,INDUSTRY,True,industry
NCT02565758,AbbVie,INDUSTRY,True,industry
NCT04785820,Hoffmann-La Roche,INDUSTRY,True,industry
NCT05830097,"Coherent Biopharma (Hefei) Co., Ltd.",INDUSTRY,True,industry
NCT05069935,Fate Therapeutics,INDUSTRY,True,industry
NCT02318329,"Five Prime Therapeutics, Inc.",INDUSTRY,True,industry
NCT07617805,Beijing Biotech,INDUSTRY,True,industry
NCT06426797,Peking University People's Hospital,OTHER,False,academic
NCT07079410,Shanghai Zhongshan Hospital,OTHER,False,hospital
NCT00530088,Roswell Park Cancer Institute,OTHER,False,research_nonprofit
NCT00028405,Light Sciences LLC,INDUSTRY,True,industry
NCT00258323,Case Comprehensive Cancer Center,OTHER,False,hospital
NCT05010629,Glenn J. Hanna,OTHER,False,other
NCT02015650,Medical University Innsbruck,OTHER,False,academic
NCT06059261,Chongqing University Cancer Hospital,OTHER,False,academic
NCT01588431,The University of Texas Health Science Center at San Antonio,OTHER,False,academic
NCT01843049,Fudan University,OTHER,False,academic
NCT01608464,King Faisal Specialist Hospital & Research Center,OTHER,False,hospital
NCT03094169,Formation Biologics,INDUSTRY,True,industry
NCT03634956,Lütfiye Nuri Burat Government Hospital,OTHER_GOV,False,government
NCT04681469,Gruppo Oncologico del Nord-Ovest,OTHER,False,research_nonprofit
NCT03344068,Sun Yat-sen University,OTHER,False,academic
NCT06048926,The First Affiliated Hospital with Nanjing Medical University,OTHER,False,academic
NCT03840967,"Shadia Jalal, MD",OTHER,False,other
NCT02568267,Hoffmann-La Roche,INDUSTRY,True,industry
NCT00634595,Sun Yat-sen University,OTHER,False,academic
NCT05144698,Rapa Therapeutics LLC,INDUSTRY,True,industry
NCT06225921,West China Hospital,OTHER,False,hospital
NCT00894101,"University of California, Irvine",OTHER,False,academic
NCT01525927,Northwell Health,OTHER,False,hospital
NCT00114153,University of Virginia,OTHER,False,academic
NCT02891083,Shanghai Chest Hospital,OTHER,False,hospital
NCT01941316,Cancer Research and Biostatistics Clinical Trials Consortium,NETWORK,False,network
NCT04898374,Kuwait Cancer Control Center,OTHER,False,hospital
NCT05640817,Tanta University,OTHER,False,academic
NCT05880082,Daping Hospital and the Research Institute of Surgery of the Third Military Medical University,OTHER,False,government
NCT00109850,SWOG Cancer Research Network,NETWORK,False,network
NCT02721550,Shandong Cancer Hospital and Institute,OTHER,False,hospital
NCT03589339,Nanobiotix,INDUSTRY,True,industry
NCT05608876,QBiotics Group Limited,INDUSTRY,True,industry
NCT04031534,Centre Henri Becquerel,OTHER,False,hospital
NCT04459273,Jonsson Comprehensive Cancer Center,OTHER,False,hospital
NCT04878692,Hospices Civils de Lyon,OTHER,False,hospital
NCT07709533,Sun Yat-sen University,OTHER,False,academic
NCT01248299,Centre Oscar Lambret,OTHER,False,hospital
NCT06281860,Dr Jean Yannis PERENTES,OTHER,False,other
NCT06239194,"ModeX Therapeutics, An OPKO Health Company",INDUSTRY,True,industry
NCT06673693,Sun Yat-sen University,OTHER,False,academic
NCT03546582,"RTOG Foundation, Inc.",OTHER,False,research_nonprofit
NCT02633202,Sun Yat-sen University,OTHER,False,academic
NCT00474903,National Cancer Institute (NCI),NIH,False,government
NCT07601204,"Shanghai Chia Tai Tianqing Pharmaceutical Technology Development Co., Ltd.",INDUSTRY,True,industry
NCT06239727,Sun Yat-sen University,OTHER,False,academic
NCT04946968,"National Cancer Centre, Singapore",OTHER,False,hospital
NCT00006107,Dana-Farber Cancer Institute,OTHER,False,hospital
NCT02556762,Chuangzhen Chen,OTHER,False,individual
NCT03751566,Masaryk Memorial Cancer Institute,OTHER,False,research_nonprofit
NCT06526819,"Sumitomo Pharma America, Inc.",INDUSTRY,True,industry
NCT06162377,M.D. Anderson Cancer Center,OTHER,False,hospital
NCT05252429,Hokkaido University Hospital,OTHER,False,academic
NCT00026533,Kenneth Ain,OTHER,False,individual
NCT04140526,"OncoC4, Inc.",INDUSTRY,True,industry
NCT00953849,VA Office of Research and Development,FED,False,government
NCT05941338,Sun Yat-Sen Memorial Hospital of Sun Yat-Sen University,OTHER,False,academic
NCT00073944,BioCryst Pharmaceuticals,INDUSTRY,True,industry
NCT01617694,Yonsei University,OTHER,False,academic
NCT01605305,Fudan University,OTHER,False,academic
NCT05624099,Fujian Cancer Hospital,OTHER_GOV,False,government
NCT04249947,"Poseida Therapeutics, Inc.",INDUSTRY,True,industry
NCT05472506,Ikena Oncology,INDUSTRY,True,industry
NCT07688291,Beijing GoBroad Hospital,OTHER,False,hospital
NCT01434342,Wake Forest University Health Sciences,OTHER,False,academic
NCT00004865,Jonsson Comprehensive Cancer Center,OTHER,False,hospital
NCT00757549,Mayo Clinic,OTHER,False,hospital
NCT05647122,AstraZeneca,INDUSTRY,True,industry
NCT00021320,Fox Chase Cancer Center,OTHER,False,hospital
NCT05408871,Yale University,OTHER,False,academic
NCT04603248,Yonsei University,OTHER,False,academic
NCT01156142,Alliance for Clinical Trials in Oncology,OTHER,False,research_nonprofit
NCT07236320,Yongtao Han,OTHER,False,individual
NCT02035527,Ohio State University Comprehensive Cancer Center,OTHER,False,academic
NCT00222729,University of Pittsburgh,OTHER,False,academic
NCT05918224,West China Hospital,OTHER,False,hospital
NCT03257930,hassan harby mohamed,OTHER,False,other
NCT06988956,The First Affiliated Hospital with Nanjing Medical University,OTHER,False,academic
NCT02383966,"Merck KGaA, Darmstadt, Germany",INDUSTRY,True,industry
NCT04246697,University of Kansas Medical Center,OTHER,False,academic
NCT03625323,Immutep S.A.S.,INDUSTRY,True,industry
NCT04032704,Seagen Inc.,INDUSTRY,True,industry
NCT03435640,Nektar Therapeutics,INDUSTRY,True,industry
NCT00242762,AstraZeneca,INDUSTRY,True,industry
NCT07209189,Sidney Kimmel Comprehensive Cancer Center at Johns Hopkins,OTHER,False,hospital
NCT00003637,"National Cancer Centre, Singapore",OTHER,False,hospital
NCT01696955,National Cancer Institute (NCI),NIH,False,government
NCT00003193,Massachusetts General Hospital,OTHER,False,hospital
NCT02567422,National Cancer Institute (NCI),NIH,False,government
NCT00578201,Assistance Publique - Hôpitaux de Paris,OTHER,False,government
NCT05229315,XIANG YANQUN,OTHER,False,other
NCT02919683,Dana-Farber Cancer Institute,OTHER,False,hospital
NCT07039162,Ming-Yu Lien,OTHER,False,individual
NCT04420689,"Alume Biosciences, Inc.",INDUSTRY,True,industry
NCT01831531,Fudan University,OTHER,False,academic
NCT05077709,IO Biotech,INDUSTRY,True,industry
NCT05424432,Jiangsu Cancer Institute & Hospital,OTHER,False,hospital
NCT04116320,"Craig L Slingluff, Jr",OTHER,False,other
NCT00004246,M.D. Anderson Cancer Center,OTHER,False,hospital
NCT06307093,R-Pharm,INDUSTRY,True,industry
NCT01267240,National Cancer Institute (NCI),NIH,False,government
NCT07435415,China Medical University Hospital,OTHER,False,academic
NCT05732662,The First People's Hospital of Changzhou,OTHER,False,hospital
NCT05877872,Sun Yat-sen University,OTHER,False,academic
NCT07306663,Jiangsu Cancer Institute & Hospital,OTHER,False,hospital
NCT03838263,UNICANCER,OTHER,False,research_nonprofit
NCT00100945,Alliance for Clinical Trials in Oncology,OTHER,False,research_nonprofit
NCT07232524,"Sichuan Baili Pharmaceutical Co., Ltd.",INDUSTRY,True,industry
NCT00147862,Tata Memorial Hospital,OTHER_GOV,False,government
NCT06736379,VLP Therapeutics,INDUSTRY,True,industry
NCT00460265,Amgen,INDUSTRY,True,industry
NCT06274905,University Hospital Waterford,OTHER,False,academic
NCT05961111,Shanghai Yunying Medical Technology,INDUSTRY,True,industry
NCT03731442,Chinese Academy of Medical Sciences,OTHER,False,academic
NCT07623369,Huahui Health,INDUSTRY,True,industry
NCT04244552,"Atreca, Inc.",INDUSTRY,True,industry
NCT05267626,"Aulos Bioscience, Inc.",INDUSTRY,True,industry
NCT00394433,Dana-Farber Cancer Institute,OTHER,False,hospital
NCT03938337,University of Alabama at Birmingham,OTHER,False,academic
NCT04177875,Tongji Hospital,OTHER,False,hospital
NCT03187314,Hangzhou Cancer Hospital,OTHER,False,hospital
NCT02946918,University of Texas Southwestern Medical Center,OTHER,False,academic
NCT04189107,"Rigshospitalet, Denmark",OTHER,False,hospital
NCT00030498,National Cancer Institute (NCI),NIH,False,government
NCT01332279,Fox Chase Cancer Center,OTHER,False,hospital
NCT00295763,"Genzyme, a Sanofi Company",INDUSTRY,True,industry
NCT06016413,Sun Yat-Sen Memorial Hospital of Sun Yat-Sen University,OTHER,False,academic
NCT02393690,Academic and Community Cancer Research United,OTHER,False,research_nonprofit
NCT03502148,Privo Technologies,INDUSTRY,True,industry
NCT00011960,Radiation Therapy Oncology Group,NETWORK,False,network
NCT07678580,Tang-Du Hospital,OTHER,False,hospital
NCT05415098,Ascentage Pharma Group Inc.,INDUSTRY,True,industry
NCT00113347,M.D. Anderson Cancer Center,OTHER,False,hospital
NCT02564263,Merck Sharp & Dohme LLC,INDUSTRY,True,industry
NCT00210470,"Brooklyn ImmunoTherapeutics, LLC",INDUSTRY,True,industry
NCT05686226,Christian Hinrichs,OTHER,False,individual
NCT03109158,"NanoCarrier Co., Ltd.",INDUSTRY,True,industry
NCT06787911,Yu Wang,OTHER,False,individual
NCT01637194,Fox Chase Cancer Center,OTHER,False,hospital
NCT05714553,NuCana plc,OTHER,True,industry
NCT02375958,Novartis Pharmaceuticals,INDUSTRY,True,industry
NCT07217171,"EvolveImmune United, Inc",INDUSTRY,True,industry
NCT01302834,Radiation Therapy Oncology Group,NETWORK,False,network
NCT05317000,Barbara Burtness,OTHER,False,individual
NCT01084083,Eastern Cooperative Oncology Group,NETWORK,False,network
NCT00003264,Fox Chase Cancer Center,OTHER,False,hospital
NCT01116336,Emory University,OTHER,False,academic
NCT00004236,University of Leicester,OTHER,False,academic
NCT00003487,Burzynski Research Institute,OTHER,False,research_nonprofit
NCT03787251,The Affiliated Nanjing Drum Tower Hospital of Nanjing University Medical School,OTHER,False,academic
NCT00193128,"SCRI Development Innovations, LLC",OTHER,True,industry
NCT00004917,Radiation Therapy Oncology Group,NETWORK,False,network
NCT02446574,Chinese Academy of Medical Sciences,OTHER,False,academic
NCT05050162,NRG Oncology,OTHER,False,research_nonprofit
NCT03781986,University of Michigan Rogel Cancer Center,OTHER,False,academic
NCT06879366,October 6 University,OTHER,False,academic
NCT00596219,Memorial Sloan Kettering Cancer Center,OTHER,False,hospital
NCT01836029,Celgene,INDUSTRY,True,industry
NCT04447612,The University of Hong Kong,OTHER,False,academic
NCT03427359,The University of Hong Kong-Shenzhen Hospital,OTHER,False,academic
NCT04849377,Icahn School of Medicine at Mount Sinai,OTHER,False,academic
NCT02479178,BIND Therapeutics,INDUSTRY,True,industry
NCT04902027,"CSPC ZhongQi Pharmaceutical Technology Co., Ltd.",INDUSTRY,True,industry
NCT07437898,The Affiliated Hospital of Putian University,OTHER,False,academic
NCT03621982,ADC Therapeutics S.A.,INDUSTRY,True,industry
NCT07606638,Mayo Hospital Lahore,OTHER,False,hospital
NCT04779151,"Gustave Roussy, Cancer Campus, Grand Paris",OTHER,False,hospital
NCT07578571,"Immunome, Inc.",INDUSTRY,True,industry
NCT01264328,Grupo Español de Tratamiento de Tumores de Cabeza y Cuello,OTHER,False,research_nonprofit
NCT03027557,Peter Vestergaard,OTHER,False,individual
NCT04586088,Sun Yat-sen University,OTHER,False,academic
NCT00054457,Alliance for Clinical Trials in Oncology,OTHER,False,research_nonprofit
NCT05859711,Ain Shams University,OTHER,False,academic
NCT01668849,University of Louisville,OTHER,False,academic
NCT02433626,Critical Outcome Technologies Inc.,INDUSTRY,True,industry
NCT01882816,Memorial Sloan Kettering Cancer Center,OTHER,False,hospital
NCT07623642,GV20 Therapeutics,INDUSTRY,True,industry
NCT00193882,Trans Tasman Radiation Oncology Group,OTHER,False,research_nonprofit
NCT05355168,Anhui Provincial Hospital,OTHER_GOV,False,government
NCT07463573,"Qilu Pharmaceutical Co., Ltd.",INDUSTRY,True,industry
NCT01551589,Chengya Chou,OTHER,False,individual
NCT04512417,Zhejiang Cancer Hospital,OTHER,False,hospital
NCT00737360,"Taiho Pharmaceutical Co., Ltd.",INDUSTRY,True,industry
NCT00604318,Copenhagen University Hospital at Herlev,OTHER,False,academic
NCT04974398,Akeso,INDUSTRY,True,industry
NCT03930498,Sun Yat-sen University,OTHER,False,academic
NCT03196843,The First Affiliated Hospital of Dalian Medical University,OTHER,False,academic
NCT02041819,Zhejiang University,OTHER,False,academic
NCT02454179,Acerta Pharma BV,INDUSTRY,True,industry
NCT07320690,Shanghai Ninth People's Hospital Affiliated to Shanghai Jiao Tong University,OTHER,False,academic
NCT07290946,Christian von Buchwald,OTHER,False,other
NCT02429622,Chinese Academy of Medical Sciences,OTHER,False,academic
NCT03633110,"Genocea Biosciences, Inc.",INDUSTRY,True,industry
NCT07706985,Sun Yat-sen University,OTHER,False,academic
NCT01854203,Sun Yat-sen University,OTHER,False,academic
NCT02964455,Sun Yat-sen University,OTHER,False,academic
NCT05651022,"Indaptus Therapeutics, Inc",INDUSTRY,True,industry
NCT00101270,National Cancer Institute (NCI),NIH,False,government
NCT02924675,"University Hospital, Lille",OTHER,False,academic
NCT06090318,Rain Oncology Inc,INDUSTRY,True,industry
NCT02542215,"Sucampo Pharma Americas, LLC",INDUSTRY,True,industry
NCT05785728,DualityBio Inc.,INDUSTRY,True,industry
NCT02237924,First Affiliated Hospital of Guangxi Medical University,OTHER,False,academic
NCT00052429,Memorial Sloan Kettering Cancer Center,OTHER,False,hospital
NCT04823468,Jinsheng Hong,OTHER,False,individual
NCT01852292,Novartis Pharmaceuticals,INDUSTRY,True,industry
NCT06081582,First Affiliated Hospital of Zhejiang University,OTHER,False,academic
NCT00757172,Alliance for Clinical Trials in Oncology,OTHER,False,research_nonprofit
NCT03280264,"Kyowa Kirin Co., Ltd.",INDUSTRY,True,industry
NCT02762513,University of Michigan Rogel Cancer Center,OTHER,False,academic
NCT00397904,Memorial Sloan Kettering Cancer Center,OTHER,False,hospital
NCT06084481,AbbVie,INDUSTRY,True,industry
NCT05490719,Tianjin Medical University Cancer Institute and Hospital,OTHER,False,academic
NCT05180214,Sohag University,OTHER,False,academic
NCT05891171,"Arcus Biosciences, Inc.",INDUSTRY,True,industry
NCT03769506,"Rakuten Medical, Inc.",INDUSTRY,True,industry
NCT04776590,"Union Hospital, Tongji Medical College, Huazhong University of Science and Technology",OTHER,False,academic
NCT02637531,"Infinity Pharmaceuticals, Inc.",INDUSTRY,True,industry
NCT02031250,University of Michigan Rogel Cancer Center,OTHER,False,academic
NCT04813406,Henan Provincial People's Hospital,OTHER,False,hospital
NCT05597839,Dragonfly Therapeutics,INDUSTRY,True,industry
NCT04273061,British Columbia Cancer Agency,OTHER,False,other
NCT05527782,Hospital Universitario Doctor Peset,OTHER,False,academic
NCT04514835,The First Affiliated Hospital of Zhengzhou University,OTHER,False,academic
NCT00004261,"University Health Network, Toronto",OTHER,False,academic
NCT05386056,Peking University,OTHER,False,academic
NCT03635164,"University of Colorado, Denver",OTHER,False,academic
NCT05534594,University Medical Center Groningen,OTHER,False,academic
NCT00484601,Sidney Kimmel Comprehensive Cancer Center at Johns Hopkins,OTHER,False,hospital
NCT02025036,The First Affiliated Hospital of Henan University of Science and Technology,OTHER,False,academic
NCT03416153,University of Michigan Rogel Cancer Center,OTHER,False,academic
NCT05098119,Sun Yat-Sen Memorial Hospital of Sun Yat-Sen University,OTHER,False,academic
NCT02293356,"Biotech Pharmaceutical Co., Ltd.",OTHER,True,industry
NCT02452424,Daiichi Sankyo,INDUSTRY,True,industry
NCT00004867,Alliance for Clinical Trials in Oncology,OTHER,False,research_nonprofit
NCT00002774,Stanford University,OTHER,False,academic
NCT06828588,Vanderbilt-Ingram Cancer Center,OTHER,False,hospital
NCT01674374,Roswell Park Cancer Institute,OTHER,False,research_nonprofit
NCT02187315,Feng Jing,OTHER,False,individual
NCT06728631,Shanghai Ninth People's Hospital Affiliated to Shanghai Jiao Tong University,OTHER,False,academic
NCT05048368,"Sunshine Lake Pharma Co., Ltd.",INDUSTRY,True,industry
NCT06885814,"Nanfang Hospital, Southern Medical University",OTHER,False,academic
NCT05473156,AP Biosciences Inc.,INDUSTRY,True,industry
NCT06174012,Sun Yat-sen University,OTHER,False,academic
NCT07348211,"Jiangsu Simcere Pharmaceutical Co., Ltd.",INDUSTRY,True,industry
NCT00301028,M.D. Anderson Cancer Center,OTHER,False,hospital
NCT02472080,Assistance Publique - Hôpitaux de Paris,OTHER,False,government
NCT04222972,Hoffmann-La Roche,INDUSTRY,True,industry
NCT05461794,BeiGene,INDUSTRY,True,industry
NCT04417465,AbbVie,INDUSTRY,True,industry
NCT04641871,Symphogen A/S,INDUSTRY,True,industry
NCT00439426,Hoffmann-La Roche,INDUSTRY,True,industry
NCT03769311,"University of Wisconsin, Madison",OTHER,False,academic
NCT06546553,Pfizer,INDUSTRY,True,industry
NCT05835804,"Centre Hospitalier Universitaire, Amiens",OTHER,False,academic
NCT06806852,Boehringer Ingelheim,INDUSTRY,True,industry
NCT03993353,"University of California, San Diego",OTHER,False,academic
NCT04277858,Nader Sadeghi,OTHER,False,individual
NCT03649945,First Affiliated Hospital of Guangxi Medical University,OTHER,False,academic
NCT06709417,Shanghai Chest Hospital,OTHER,False,hospital
NCT03486730,Cancer Research UK,OTHER,False,research_nonprofit
NCT01928290,Washington University School of Medicine,OTHER,False,academic
NCT02376699,Seagen Inc.,INDUSTRY,True,industry
NCT00934518,Milton S. Hershey Medical Center,OTHER,False,hospital
NCT02216149,Heikki Joensuu,OTHER,False,individual
NCT07440290,Cancer Research UK,OTHER,False,research_nonprofit
NCT03797625,Fudan University,OTHER,False,academic
NCT00790322,Biotec Pharmacon ASA,INDUSTRY,True,industry
NCT03982537,Wake Forest University Health Sciences,OTHER,False,academic
NCT04620187,Dana-Farber Cancer Institute,OTHER,False,hospital
NCT01349933,National Cancer Institute (NCI),NIH,False,government
NCT04376866,Cancer Hospital of Guangxi Medical University,OTHER,False,academic
NCT00574860,"Endo USA Inc., a Keenova Therapeutics Company",INDUSTRY,True,industry
NCT04862650,Marcelo Bonomi,OTHER,False,individual
NCT05213884,Chongqing University Cancer Hospital,OTHER,False,academic
NCT05007106,Merck Sharp & Dohme LLC,INDUSTRY,True,industry
NCT00719550,Amgen,INDUSTRY,True,industry
NCT04649476,"Hospital of Stomatology, Wuhan University",OTHER,False,academic
NCT00997906,"National Cancer Centre, Singapore",OTHER,False,hospital
NCT06029270,National Cancer Institute (NCI),NIH,False,government
NCT07101432,M.D. Anderson Cancer Center,OTHER,False,hospital
NCT00584597,University of Oklahoma,OTHER,False,academic
NCT00138827,"St George Hospital, Australia",OTHER,False,hospital
NCT00896454,Amgen,INDUSTRY,True,industry
NCT06869473,Gruppo Oncologico del Nord-Ovest,OTHER,False,research_nonprofit
NCT00458978,National Cancer Institute (NCI),NIH,False,government
NCT01440270,Shanghai Jiao Tong University School of Medicine,OTHER,False,academic
NCT03707509,"Jiangsu HengRui Medicine Co., Ltd.",INDUSTRY,True,industry
NCT02749513,Dallas VA Medical Center,FED,False,government
NCT02608736,Barretos Cancer Hospital,OTHER,False,hospital
NCT00938470,Alliance for Clinical Trials in Oncology,OTHER,False,research_nonprofit
NCT05622474,Sun Yat-sen University,OTHER,False,academic
NCT06056336,Guo Xufeng,OTHER,False,individual
NCT00005607,Robert H. Lurie Cancer Center,OTHER,False,hospital
NCT01447927,National Cancer Institute (NCI),NIH,False,government
NCT05187091,All India Institute of Medical Sciences,OTHER,False,research_nonprofit
NCT02467738,Sidney Kimmel Comprehensive Cancer Center at Thomas Jefferson University,OTHER,False,academic
NCT02353260,Wei Guo,OTHER,False,individual
NCT02558387,Samsung Medical Center,OTHER,False,hospital
NCT01237483,Groupe Oncologie Radiotherapie Tete et Cou,OTHER,False,research_nonprofit
NCT07320963,Sun Yat-sen University,OTHER,False,academic
NCT02252042,Merck Sharp & Dohme LLC,INDUSTRY,True,industry
NCT01262859,University of Pittsburgh,OTHER,False,academic
NCT02562599,Hubei Cancer Hospital,OTHER,False,hospital
NCT03450967,Samsung Medical Center,OTHER,False,hospital
NCT03139487,Asan Medical Center,OTHER,False,hospital
NCT05904080,National Cancer Institute (NCI),NIH,False,government
NCT06383507,Zhejiang University,OTHER,False,academic
NCT00360971,Radiation Therapy Oncology Group,NETWORK,False,network
NCT00181220,Johns Hopkins University,OTHER,False,academic
NCT06308913,"University of Wisconsin, Madison",OTHER,False,academic
NCT03463889,"University of California, San Francisco",OTHER,False,academic
NCT06054178,Stanford University,OTHER,False,academic
NCT05327270,M.D. Anderson Cancer Center,OTHER,False,hospital
NCT06091930,Boehringer Ingelheim,INDUSTRY,True,industry
NCT04340258,University of Cincinnati,OTHER,False,academic
NCT07218003,Rondo Therapeutics,INDUSTRY,True,industry
NCT02581137,National Cancer Institute (NCI),NIH,False,government
NCT01040832,EMD Serono,INDUSTRY,True,industry
NCT00291707,University of Pittsburgh,OTHER,False,academic
NCT03543813,CytomX Therapeutics,INDUSTRY,True,industry
NCT05941741,Sun Yat-sen University,OTHER,False,academic
NCT00670397,Roswell Park Cancer Institute,OTHER,False,research_nonprofit
NCT05215574,"NGM Biopharmaceuticals, Inc",INDUSTRY,True,industry
NCT07272642,"Radiopharm Theranostics, Ltd",INDUSTRY,True,industry
NCT04547088,Sun Yat-sen University,OTHER,False,academic
NCT07360314,"EMD Serono Research & Development Institute, Inc.",INDUSTRY,True,industry
NCT02152995,National Cancer Institute (NCI),NIH,False,government
NCT06081673,Shanghai Ninth People's Hospital Affiliated to Shanghai Jiao Tong University,OTHER,False,academic
NCT02624999,"Mirror Biologics, Inc.",INDUSTRY,True,industry
NCT02042885,Otsuka Novel Products GmbH,INDUSTRY,True,industry
NCT06228079,Eye & ENT Hospital of Fudan University,OTHER,False,academic
NCT06657690,Sun Yat-sen University,OTHER,False,academic
NCT06172478,Daiichi Sankyo,INDUSTRY,True,industry
NCT02358031,Merck Sharp & Dohme LLC,INDUSTRY,True,industry
NCT04630353,Hookipa Biotech GmbH,INDUSTRY,True,industry
NCT00450138,Sanofi,INDUSTRY,True,industry
NCT00381706,Alliance for Clinical Trials in Oncology,OTHER,False,research_nonprofit
NCT06532799,Essen Biotech,OTHER,True,industry
NCT00374985,Johannes Gutenberg University Mainz,OTHER,False,academic
NCT05450484,University Medical Center Groningen,OTHER,False,academic
NCT04481100,Hangzhou Cancer Hospital,OTHER,False,hospital
NCT01086826,Associazione Volontari Pazienti Oncologici,OTHER,False,other
NCT05366166,UNC Lineberger Comprehensive Cancer Center,OTHER,False,hospital
NCT04284774,National Cancer Institute (NCI),NIH,False,government
NCT03234712,AbbVie,INDUSTRY,True,industry
NCT04616196,Nektar Therapeutics,INDUSTRY,True,industry
NCT06389201,Affiliated Hospital of Nantong University,OTHER,False,academic
NCT06508606,West China Hospital,OTHER,False,hospital
NCT00057785,Radiation Therapy Oncology Group,NETWORK,False,network
NCT00496236,GenVec,INDUSTRY,True,industry
NCT02545751,Hangzhou Cancer Hospital,OTHER,False,hospital
NCT02554812,Pfizer,INDUSTRY,True,industry
NCT07041788,Second Affiliated Hospital of Nanchang University,OTHER,False,academic
NCT04839471,"National Health Research Institutes, Taiwan",OTHER,False,research_nonprofit
NCT05177237,Jiangxi Provincial Cancer Hospital,OTHER,False,hospital
NCT02326779,Zhejiang University,OTHER,False,academic
NCT00003206,Eastern Cooperative Oncology Group,NETWORK,False,network
NCT03789097,Icahn School of Medicine at Mount Sinai,OTHER,False,academic
NCT02569242,"Ono Pharmaceutical Co., Ltd.",INDUSTRY,True,industry
NCT03403829,Fudan University,OTHER,False,academic
NCT07284186,"Plexium, Inc.",INDUSTRY,True,industry
NCT07481058,"Beijing Konruns Pharmaceutical Co., Ltd.",INDUSTRY,True,industry
NCT04848116,Sidney Kimmel Comprehensive Cancer Center at Johns Hopkins,OTHER,False,hospital
NCT05383170,Cytovation AS,INDUSTRY,True,industry
NCT00836277,"Weijing Sun, MD, FACP",OTHER,False,other
NCT04428333,GlaxoSmithKline,INDUSTRY,True,industry
NCT05724355,Sun Yat-sen University,OTHER,False,academic
NCT04969315,Portage Biotech,INDUSTRY,True,industry
NCT07700420,University of Texas Southwestern Medical Center,OTHER,False,academic
NCT02324335,"Innovation Pharmaceuticals, Inc.",INDUSTRY,True,industry
NCT02205463,NYU Langone Health,OTHER,False,hospital
NCT02636231,Sun Yat-sen University,OTHER,False,academic
NCT00571558,National Cancer Institute (NCI),NIH,False,government
NCT00003864,Eastern Cooperative Oncology Group,NETWORK,False,network
NCT04902872,Cybrexa Therapeutics,INDUSTRY,True,industry
NCT04644250,Wei Ren,OTHER,False,individual
NCT06022861,"Shandong Boan Biotechnology Co., Ltd",INDUSTRY,True,industry
NCT04046575,Washington University School of Medicine,OTHER,False,academic
NCT00096174,Eastern Cooperative Oncology Group,NETWORK,False,network
NCT05865002,Aurigene Discovery Technologies Limited,INDUSTRY,True,industry
NCT01173692,M.D. Anderson Cancer Center,OTHER,False,hospital
NCT01163487,Daniel T. Chang,OTHER,False,other
NCT01312311,Samsung Medical Center,OTHER,False,hospital
NCT03813836,"University College, London",OTHER,False,academic
NCT00004065,Memorial Sloan Kettering Cancer Center,OTHER,False,hospital
NCT03313804,"John L. Villano, MD, PhD",OTHER,False,other
NCT06771219,Solve Therapeutics,INDUSTRY,True,industry
NCT02582008,Wake Forest University Health Sciences,OTHER,False,academic
NCT02916511,Fudan University,OTHER,False,academic
NCT06096038,UNC Lineberger Comprehensive Cancer Center,OTHER,False,hospital
NCT00492089,National Cancer Institute (NCI),NIH,False,government
NCT00400374,Emory University,OTHER,False,academic
NCT00230191,RxKinetix,INDUSTRY,True,industry
NCT03924986,BeiGene,INDUSTRY,True,industry
NCT03126110,Incyte Biosciences International Sàrl,INDUSTRY,True,industry
NCT02369458,Washington University School of Medicine,OTHER,False,academic
NCT04073680,Petra Pharma,INDUSTRY,True,industry
NCT03888092,"Sunshine Lake Pharma Co., Ltd.",INDUSTRY,True,industry
NCT05280314,IO Biotech,INDUSTRY,True,industry
NCT07639970,Hua Pang,OTHER,False,individual
NCT04605562,Sun Yat-sen University,OTHER,False,academic
NCT01953952,Radiation Therapy Oncology Group,NETWORK,False,network
NCT04393506,Shanghai Jiao Tong University School of Medicine,OTHER,False,academic
NCT05576974,University of Texas Southwestern Medical Center,OTHER,False,academic
NCT06241599,Sun Yat-sen University,OTHER,False,academic
NCT06457503,"Coherus Oncology, Inc.",INDUSTRY,True,industry
NCT00096083,Delcath Systems Inc.,INDUSTRY,True,industry
NCT07213934,University of Cincinnati,OTHER,False,academic
NCT00103259,National Cancer Institute (NCI),NIH,False,government
NCT03518606,UNICANCER,OTHER,False,research_nonprofit
NCT05067153,University of Aarhus,OTHER,False,academic
NCT05388773,Heath Skinner,OTHER,False,individual
NCT00704730,Exelixis,INDUSTRY,True,industry
NCT04223024,Sun Yat-sen University,OTHER,False,academic
NCT05069857,Shanghai Jiao Tong University School of Medicine,OTHER,False,academic
NCT04521686,Eli Lilly and Company,INDUSTRY,True,industry
NCT03300765,"Xiayun He, MD",OTHER,False,other
NCT02603159,The First Affiliated Hospital of Henan University of Science and Technology,OTHER,False,academic
NCT00439608,Brown University,OTHER,False,academic
NCT04373642,University of Oklahoma,OTHER,False,academic
NCT02865135,Dana-Farber Cancer Institute,OTHER,False,hospital
NCT03914443,"National Cancer Center, Japan",OTHER_GOV,False,government
NCT06107686,"MediLink Therapeutics (Suzhou) Co., Ltd.",INDUSTRY,True,industry
NCT03090412,Roswell Park Cancer Institute,OTHER,False,research_nonprofit
NCT03579004,Mona Frolova,OTHER,False,individual
NCT01528163,Cliniques universitaires Saint-Luc- Université Catholique de Louvain,OTHER,False,academic
NCT00563862,"Hospital Authority, Hong Kong",OTHER_GOV,False,government
NCT00003908,SWOG Cancer Research Network,NETWORK,False,network
NCT05898256,Guangxi Medical University,OTHER,False,academic
NCT04624308,Sun Yan,OTHER,False,individual
NCT05420597,Fudan University,OTHER,False,academic
NCT00498953,European Organisation for Research and Treatment of Cancer - EORTC,NETWORK,False,network
NCT06020885,Sun Yat-sen University,OTHER,False,academic
NCT03881111,Merck Sharp & Dohme LLC,INDUSTRY,True,industry
NCT04278144,"Bolt Biotherapeutics, Inc.",INDUSTRY,True,industry
NCT01385748,Valerio Therapeutics,INDUSTRY,True,industry
NCT04834206,Affiliated Cancer Hospital & Institute of Guangzhou Medical University,OTHER,False,academic
NCT04596033,"Genocea Biosciences, Inc.",INDUSTRY,True,industry
NCT06048913,The First Affiliated Hospital with Nanjing Medical University,OTHER,False,academic
NCT00193284,"SCRI Development Innovations, LLC",OTHER,True,industry
NCT04708470,National Cancer Institute (NCI),NIH,False,government
NCT00942526,National Taiwan University Hospital,OTHER,False,academic
NCT03904225,Zhejiang Cancer Hospital,OTHER,False,hospital
NCT07589049,Sun Yat-sen University,OTHER,False,academic
NCT02985255,HealthCare Global Enterprise Ltd.,INDUSTRY,True,industry
NCT07070518,GV20 Therapeutics,INDUSTRY,True,industry
NCT02741856,Lisette Nixon,OTHER_GOV,False,government
NCT02854358,Shiraz University of Medical Sciences,OTHER,False,academic
NCT06855212,H. Lee Moffitt Cancer Center and Research Institute,OTHER,False,hospital
NCT04541355,"Hyunseok Kang, MD",OTHER,False,other
NCT07059221,"Suzhou Suncadia Biopharmaceuticals Co., Ltd.",INDUSTRY,True,industry
NCT01697800,Sidney Kimmel Comprehensive Cancer Center at Johns Hopkins,OTHER,False,hospital
NCT07088211,Shanghai Ninth People's Hospital Affiliated to Shanghai Jiao Tong University,OTHER,False,academic
NCT04521348,Fudan University,OTHER,False,academic
NCT07460765,Vanderbilt-Ingram Cancer Center,OTHER,False,hospital
NCT02403531,Mian XI,OTHER,False,other
NCT06806189,"Western University, Canada",OTHER,False,academic
NCT04221165,London Health Sciences Centre Research Institute OR Lawson Research Institute of St. Joseph's,OTHER,False,research_nonprofit
NCT03199677,Chinese Academy of Medical Sciences,OTHER,False,academic
NCT00968656,Washington University School of Medicine,OTHER,False,academic
NCT01947023,National Cancer Institute (NCI),NIH,False,government
NCT00625937,Yonsei University,OTHER,False,academic
NCT02410382,University of Arizona,OTHER,False,academic
NCT04929067,"Second Affiliated Hospital, School of Medicine, Zhejiang University",OTHER,False,academic
NCT02540928,Cancer Research UK,OTHER,False,research_nonprofit
NCT05507775,Radboud University Medical Center,OTHER,False,academic
NCT00570674,Dana-Farber Cancer Institute,OTHER,False,hospital
NCT07090499,Pfizer,INDUSTRY,True,industry
NCT03430843,BeiGene,INDUSTRY,True,industry
NCT06103617,"Nanfang Hospital, Southern Medical University",OTHER,False,academic
NCT03669718,ISA Pharmaceuticals,INDUSTRY,True,industry
NCT04093115,"Beijing Konruns Pharmaceutical Co., Ltd.",INDUSTRY,True,industry
NCT00730353,Hoosier Cancer Research Network,OTHER,False,network
NCT01472653,Institute of Oncology Ljubljana,OTHER,False,research_nonprofit
NCT00113334,M.D. Anderson Cancer Center,OTHER,False,hospital
NCT07279116,Dartmouth-Hitchcock Medical Center,OTHER,False,hospital
NCT04217512,Sherief Abd-Elsalam,OTHER,False,individual
NCT00243113,Aichi Cancer Center,OTHER,False,hospital
NCT00130143,The Dale & Frances Hughes Cancer Center,OTHER,False,hospital
NCT03712397,"National Health Research Institutes, Taiwan",OTHER,False,research_nonprofit
NCT00055913,National Cancer Institute (NCI),NIH,False,government
NCT07457528,Tianjin Medical University Cancer Institute and Hospital,OTHER,False,academic
NCT07277413,IDEAYA Biosciences,INDUSTRY,True,industry
NCT00392665,Massachusetts General Hospital,OTHER,False,hospital
NCT01183065,Memorial Sloan Kettering Cancer Center,OTHER,False,hospital
NCT00970502,Johnny Kao,OTHER,False,individual
NCT06338657,University of Southern California,OTHER,False,academic
NCT03813394,"National University Hospital, Singapore",OTHER,False,academic
NCT00006245,Memorial Sloan Kettering Cancer Center,OTHER,False,hospital
NCT05092217,Eye & ENT Hospital of Fudan University,OTHER,False,academic
NCT02813967,Zhejiang Cancer Hospital,OTHER,False,hospital
NCT07628062,"ImmunityBio, Inc.",INDUSTRY,True,industry
NCT02022293,Sun Yat-Sen Memorial Hospital of Sun Yat-Sen University,OTHER,False,academic
NCT05125055,Shanghai Jiao Tong University School of Medicine,OTHER,False,academic
NCT00654160,Mayo Clinic,OTHER,False,hospital
NCT04721223,"Jacobio Pharmaceuticals Co., Ltd.",INDUSTRY,True,industry
NCT06354218,The First Affiliated Hospital with Nanjing Medical University,OTHER,False,academic
NCT01806675,Sanjiv Sam Gambhir,OTHER,False,individual
NCT00049296,Case Comprehensive Cancer Center,OTHER,False,hospital
NCT00281866,Sidney Kimmel Comprehensive Cancer Center at Johns Hopkins,OTHER,False,hospital
NCT07252375,Fujian Cancer Hospital,OTHER_GOV,False,government
NCT00765011,Grupo Español de Tratamiento de Tumores de Cabeza y Cuello,OTHER,False,research_nonprofit
NCT06190782,Fudan University,OTHER,False,academic
NCT01830504,Hospices Civils de Lyon,OTHER,False,hospital
NCT01133665,University of Chicago,OTHER,False,academic
NCT02647125,Fudan University,OTHER,False,academic
NCT02412150,Chosun University Hospital,OTHER,False,academic
NCT04603287,"Sichuan Baili Pharmaceutical Co., Ltd.",INDUSTRY,True,industry
NCT03957096,Seagen Inc.,INDUSTRY,True,industry
NCT04555837,M.D. Anderson Cancer Center,OTHER,False,hospital
NCT03288298,Cairo University,OTHER,False,academic
NCT01269190,M.D. Anderson Cancer Center,OTHER,False,hospital
NCT03578432,University of Arizona,OTHER,False,academic
NCT01577173,"Genentech, Inc.",INDUSTRY,True,industry
NCT04155008,Montefiore Medical Center,OTHER,False,hospital
NCT01367990,"ProCertus BioPharm, Inc",INDUSTRY,True,industry
NCT02949700,Baylor College of Medicine,OTHER,False,academic
NCT03169764,"ImmunityBio, Inc.",INDUSTRY,True,industry
NCT02799095,"Mural Oncology, Inc",INDUSTRY,True,industry
NCT03101514,First Affiliated Hospital of Harbin Medical University,OTHER,False,academic
NCT06715839,RenJi Hospital,OTHER,False,hospital
NCT02907710,First Affiliated Hospital of Guangxi Medical University,OTHER,False,academic
NCT04260802,"Ocellaris Pharma, Inc.",INDUSTRY,True,industry
NCT06660017,University of Oklahoma,OTHER,False,academic
NCT05611463,Shanghai Ninth People's Hospital Affiliated to Shanghai Jiao Tong University,OTHER,False,academic
NCT01192815,Case Comprehensive Cancer Center,OTHER,False,hospital
NCT01490749,Emory University,OTHER,False,academic
NCT01937208,Zhejiang Cancer Hospital,OTHER,False,hospital
NCT00508664,ClinAssess,OTHER,False,other
NCT02183246,Boehringer Ingelheim,INDUSTRY,True,industry
NCT06065371,Henry Ford Health System,OTHER,False,hospital
NCT06009861,Peking University Hospital of Stomatology,OTHER,False,academic
NCT06003231,"Seagen, a wholly owned subsidiary of Pfizer",INDUSTRY,True,industry
NCT00089362,National Cancer Institute (NCI),NIH,False,government
NCT03701451,Wei Jiang,OTHER,False,individual
NCT06714266,Shandong Cancer Hospital and Institute,OTHER,False,hospital
NCT00091182,National Cancer Institute (NCI),NIH,False,government
NCT03319459,Fate Therapeutics,INDUSTRY,True,industry
NCT05860335,Chinese PLA General Hospital,OTHER,False,hospital
NCT07459283,"FindCure Biosciences (ZhongShan) Co., Ltd.",INDUSTRY,True,industry
NCT01479504,Guangxi Medical University,OTHER,False,academic
NCT07373990,Sun Yat-sen University,OTHER,False,academic
NCT06023875,Xuekui Liu,OTHER,False,individual
NCT03349034,Icahn School of Medicine at Mount Sinai,OTHER,False,academic
NCT03997968,"Cyteir Therapeutics, Inc.",INDUSTRY,True,industry
NCT04169074,University of Arizona,OTHER,False,academic
NCT03463161,University of Chicago,OTHER,False,academic
NCT01788982,European Organisation for Research and Treatment of Cancer - EORTC,NETWORK,False,network
NCT07086469,Sun Yat-sen University,OTHER,False,academic
NCT04234113,SOTIO Biotech AG,INDUSTRY,True,industry
NCT02269943,Celgene,INDUSTRY,True,industry
NCT05694819,National Cancer Center Hospital East,OTHER,False,hospital
NCT03012620,UNICANCER,OTHER,False,research_nonprofit
NCT07621601,Hansoh BioMedical R&D Company,INDUSTRY,True,industry
NCT04460937,National Cancer Institute (NCI),NIH,False,government
NCT02662907,M.D. Anderson Cancer Center,OTHER,False,hospital
NCT04695847,"EMD Serono Research & Development Institute, Inc.",INDUSTRY,True,industry
NCT03413436,Henan Cancer Hospital,OTHER_GOV,False,government
NCT05219578,Rubius Therapeutics,INDUSTRY,True,industry
NCT02630004,Spherium Biomed,INDUSTRY,True,industry
NCT05008237,Samsung Medical Center,OTHER,False,hospital
NCT02129933,University Medical Center Groningen,OTHER,False,academic
NCT03174275,UNC Lineberger Comprehensive Cancer Center,OTHER,False,hospital
NCT05323656,Calliditas Therapeutics Suisse SA,INDUSTRY,True,industry
NCT02829931,H. Lee Moffitt Cancer Center and Research Institute,OTHER,False,hospital
NCT06275425,Yonsei University,OTHER,False,academic
NCT01020864,Per Pfeiffer,OTHER,False,individual
NCT05886075,Shanghai Yunying Medical Technology,INDUSTRY,True,industry
NCT07325539,Sun Yat-sen University,OTHER,False,academic
NCT03969108,"University Health Network, Toronto",OTHER,False,academic
NCT06494995,Fudan University,OTHER,False,academic
NCT01444547,Chinese Academy of Medical Sciences,OTHER,False,academic
NCT03525392,Ipsen,INDUSTRY,True,industry
NCT04188665,Rowan University,OTHER,False,academic
NCT00448552,University of Miami,OTHER,False,academic
NCT07371247,The First Affiliated Hospital with Nanjing Medical University,OTHER,False,academic
NCT04780750,Assiut University,OTHER,False,academic
NCT04405154,West China Hospital,OTHER,False,hospital
NCT07086638,West China Hospital,OTHER,False,hospital
NCT00003182,"Hope Cancer Institute, Inc.",INDUSTRY,True,industry
NCT03906838,University of Florida,OTHER,False,academic
NCT00500760,Amgen,INDUSTRY,True,industry
NCT01938612,AstraZeneca,INDUSTRY,True,industry
NCT06700070,Pure Biologics S.A.,INDUSTRY,True,industry
NCT03139747,Thomas Jefferson University,OTHER,False,academic
NCT00408252,Cliniques universitaires Saint-Luc- Université Catholique de Louvain,OTHER,False,academic
NCT01975688,GW Pharmaceuticals Ltd,INDUSTRY,True,industry
NCT06165380,Li Zhang,OTHER,False,individual
NCT03612219,Wei Jiang,OTHER,False,individual
NCT02034968,Zhejiang University,OTHER,False,academic
NCT01449201,Yonsei University,OTHER,False,academic
NCT06354530,Army Medical Center of PLA,OTHER_GOV,False,government
NCT00251316,National Institute of Diabetes and Digestive and Kidney Diseases (NIDDK),NIH,False,government
NCT02735239,Ludwig Institute for Cancer Research,OTHER,False,research_nonprofit
NCT05944809,JIANYANG WANG,OTHER,False,other
NCT00967577,Weill Medical College of Cornell University,OTHER,False,academic
NCT03317327,Oslo University Hospital,OTHER,False,academic
NCT04999800,Shi Yuankai,UNKNOWN,False,individual
NCT04752215,Boehringer Ingelheim,INDUSTRY,True,industry
NCT01493154,Sidney Kimmel Comprehensive Cancer Center at Johns Hopkins,OTHER,False,hospital
NCT04229459,Baruch Brenner,OTHER,False,individual
NCT00537121,Roswell Park Cancer Institute,OTHER,False,research_nonprofit
NCT05522894,Chinese Academy of Medical Sciences,OTHER,False,academic
NCT05760196,Xiangpan Li,OTHER,False,individual
NCT04890522,Sun Yat-sen University,OTHER,False,academic
NCT05202275,Chinese Academy of Medical Sciences,OTHER,False,academic
NCT06880289,Regina Elena Cancer Institute,OTHER,False,research_nonprofit
NCT05978193,Shanghai Chest Hospital,OTHER,False,hospital
NCT01088802,Sidney Kimmel Comprehensive Cancer Center at Johns Hopkins,OTHER,False,hospital
NCT04162873,University of Utah,OTHER,False,academic
NCT00117572,University of Chicago,OTHER,False,academic
NCT00467506,Nantes University Hospital,OTHER,False,academic
NCT05952947,HRYZ Biotech Co.,INDUSTRY,True,industry
NCT04915183,National Institute on Deafness and Other Communication Disorders (NIDCD),NIH,False,government
NCT06710756,Perspective Therapeutics,INDUSTRY,True,industry
NCT02611960,Merck Sharp & Dohme LLC,INDUSTRY,True,industry
NCT07401641,Sun Yat-Sen Memorial Hospital of Sun Yat-Sen University,OTHER,False,academic
NCT00443261,University of Kansas Medical Center,OTHER,False,academic
NCT06669390,VasoDynamics Ltd,INDUSTRY,True,industry
NCT06358053,"Corregene Biotechnology Co., Ltd",INDUSTRY,True,industry
NCT06354140,Daping Hospital and the Research Institute of Surgery of the Third Military Medical University,OTHER,False,government
NCT00544362,Federation Francophone de Cancerologie Digestive,OTHER,False,other
NCT02319187,Chinese Academy of Medical Sciences,OTHER,False,academic
NCT01012362,"Masonic Cancer Center, University of Minnesota",OTHER,False,academic
NCT02205801,University of Chicago,OTHER,False,academic
NCT03654612,China International Medical Foundation,OTHER,False,research_nonprofit
NCT06095362,University Medical Center Groningen,OTHER,False,academic
NCT05803915,Peking Union Medical College Hospital,OTHER,False,academic
NCT04736810,Akeso,INDUSTRY,True,industry
NCT03746431,Fusion Pharmaceuticals Inc.,INDUSTRY,True,industry
NCT05787639,"University of California, San Diego",OTHER,False,academic
NCT03281369,Hoffmann-La Roche,INDUSTRY,True,industry
NCT06305962,"Radiopharm Theranostics, Ltd",INDUSTRY,True,industry
NCT04802876,SOLTI Breast Cancer Research Group,OTHER,False,research_nonprofit
NCT00002608,Ottawa Regional Cancer Centre,OTHER,False,hospital
NCT01536223,Zhejiang Cancer Hospital,OTHER,False,hospital
NCT01864772,Groupe Oncologie Radiotherapie Tete et Cou,OTHER,False,research_nonprofit
NCT05229614,CNAO National Center of Oncological Hadrontherapy,OTHER,False,hospital
NCT04128696,GlaxoSmithKline,INDUSTRY,True,industry
NCT00559351,"Ministry of Scientific Research and Information Technology, Poland",OTHER_GOV,False,government
NCT03673735,European Organisation for Research and Treatment of Cancer - EORTC,NETWORK,False,network
NCT03356587,Seoul National University Hospital,OTHER,False,academic
NCT06879691,"Biotech Pharmaceutical Co., Ltd.",OTHER,True,industry
NCT00021333,Fox Chase Cancer Center,OTHER,False,hospital
NCT00195078,Weill Medical College of Cornell University,OTHER,False,academic
NCT02213497,Abramson Cancer Center at Penn Medicine,OTHER,False,hospital
NCT01979211,University of Cincinnati,OTHER,False,academic
NCT01417936,Symphogen A/S,INDUSTRY,True,industry
NCT02923258,Shanghai Ninth People's Hospital Affiliated to Shanghai Jiao Tong University,OTHER,False,academic
NCT06240689,"Second Affiliated Hospital, School of Medicine, Zhejiang University",OTHER,False,academic
NCT04804696,Peking University,OTHER,False,academic
NCT01172470,University of Chicago,OTHER,False,academic
NCT04042935,"University of Colorado, Denver",OTHER,False,academic
NCT03607227,Region Skane,OTHER,False,government
NCT06912087,University of Chicago,OTHER,False,academic
NCT07266493,Shanghai Zhongshan Hospital,OTHER,False,hospital
NCT02575066,The Netherlands Cancer Institute,OTHER,False,research_nonprofit
NCT06019130,German Society for Pediatric Oncology and Hematology GPOH gGmbH,OTHER,False,research_nonprofit
NCT06458036,Children's Hospital of Philadelphia,OTHER,False,hospital
NCT03916627,Regeneron Pharmaceuticals,INDUSTRY,True,industry
NCT00098852,"University of California, San Francisco",OTHER,False,academic
NCT00599131,University of Michigan Rogel Cancer Center,OTHER,False,academic
NCT01522768,Memorial Sloan Kettering Cancer Center,OTHER,False,hospital
NCT05040425,Chang Gung Memorial Hospital,OTHER,False,hospital
NCT06681285,Hebei Medical University Fourth Hospital,OTHER,False,academic
NCT03258008,M.D. Anderson Cancer Center,OTHER,False,hospital
NCT03668730,Sun Yat-sen University,OTHER,False,academic
NCT03387904,The First Affiliated Hospital of Zhengzhou University,OTHER,False,academic
NCT01689558,Jin Feng,OTHER,False,individual
NCT00790569,Butler Hospital,OTHER,False,hospital
NCT00183807,University of Southern California,OTHER,False,academic
NCT07034118,Anhui Provincial Hospital,OTHER_GOV,False,government
NCT03494322,"University College, London",OTHER,False,academic
NCT06727565,Gilead Sciences,INDUSTRY,True,industry
NCT04718415,Sun Yat-Sen Memorial Hospital of Sun Yat-Sen University,OTHER,False,academic
NCT06084845,ECOG-ACRIN Cancer Research Group,NETWORK,False,network
NCT01620242,UNICANCER,OTHER,False,research_nonprofit
NCT05508347,Sichuan Cancer Hospital and Research Institute,OTHER,False,hospital
NCT03915132,Chinese Academy of Medical Sciences,OTHER,False,academic
NCT05108870,University of Chicago,OTHER,False,academic
NCT05299437,Carlo Chiesa,OTHER,False,individual
NCT06586242,Xijing Hospital,OTHER,False,hospital
NCT06015035,Tang-Du Hospital,OTHER,False,hospital
NCT02145143,Memorial Sloan Kettering Cancer Center,OTHER,False,hospital
NCT04977271,University of Alabama at Birmingham,OTHER,False,academic
NCT02857218,OHSU Knight Cancer Institute,OTHER,False,research_nonprofit
NCT04987996,Providence Health & Services,OTHER,False,hospital
NCT03290820,Sun Yat-sen University,OTHER,False,academic
NCT02641093,Trisha Wise-Draper,OTHER,False,individual
NCT00148122,University of Michigan Rogel Cancer Center,OTHER,False,academic
NCT00336947,Yokohama City University,OTHER,False,academic
NCT06442709,Affiliated Hospital of Nantong University,OTHER,False,academic
NCT07035626,West China Hospital,OTHER,False,hospital
NCT04225364,Guangzhou Institute of Respiratory Disease,OTHER,False,research_nonprofit
NCT06107114,Xuekui Liu,OTHER,False,individual
NCT06923761,Grey Wolf Therapeutics,OTHER,True,industry
NCT00020579,National Institutes of Health Clinical Center (CC),NIH,False,government
NCT00507429,Mateon Therapeutics,INDUSTRY,True,industry
NCT00538850,INSYS Therapeutics Inc,INDUSTRY,True,industry
NCT00230451,University of Michigan Rogel Cancer Center,OTHER,False,academic
NCT00358956,"Genzyme, a Sanofi Company",INDUSTRY,True,industry
NCT06303583,Qiu Guoqin,OTHER,False,individual
NCT04437329,Affiliated Cancer Hospital & Institute of Guangzhou Medical University,OTHER,False,academic
NCT06423235,Xintian Pharmaceutical,INDUSTRY,True,industry
NCT00851877,University of Texas Southwestern Medical Center,OTHER,False,academic
NCT04161560,"Fifth Affiliated Hospital, Sun Yat-Sen University",OTHER,False,academic
NCT07595770,Sun Yat-Sen Memorial Hospital of Sun Yat-Sen University,OTHER,False,academic
NCT05816785,"University of Wisconsin, Madison",OTHER,False,academic
NCT00095628,National Cancer Institute (NCI),NIH,False,government
NCT06349889,Sun Yat-sen University,OTHER,False,academic
NCT02068157,Roswell Park Cancer Institute,OTHER,False,research_nonprofit
NCT05343325,"Fifth Affiliated Hospital, Sun Yat-Sen University",OTHER,False,academic
NCT03682367,"University of California, Davis",OTHER,False,academic
NCT05507411,Zhejiang Cancer Hospital,OTHER,False,hospital
NCT01663259,University of Michigan Rogel Cancer Center,OTHER,False,academic
NCT07217938,"Peter MacCallum Cancer Centre, Australia",OTHER,False,hospital
NCT02567396,National Cancer Institute (NCI),NIH,False,government
NCT01087970,Eli Lilly and Company,INDUSTRY,True,industry
NCT01631552,Gilead Sciences,INDUSTRY,True,industry
NCT01830556,Karolinska University Hospital,OTHER,False,academic
NCT00100828,Sidney Kimmel Comprehensive Cancer Center at Johns Hopkins,OTHER,False,hospital
NCT02878889,Zhejiang Cancer Hospital,OTHER,False,hospital
NCT01872962,Sun Yat-sen University,OTHER,False,academic
NCT05269381,Mayo Clinic,OTHER,False,hospital
NCT05913414,Sun Yat-sen University,OTHER,False,academic
NCT07552558,Washington University School of Medicine,OTHER,False,academic
NCT03735680,"OncoNano Medicine, Inc.",INDUSTRY,True,industry
NCT00821912,Karolinska University Hospital,OTHER,False,academic
NCT00358930,"ArQule, Inc., a subsidiary of Merck Sharp & Dohme LLC, a subsidiary of Merck & Co., Inc. (Rahway, NJ USA)",INDUSTRY,True,industry
NCT01175447,Zhejiang Cancer Hospital,OTHER,False,hospital
NCT02507154,"National University Hospital, Singapore",OTHER,False,academic
NCT03906058,Sun Yat-sen University,OTHER,False,academic
NCT03267498,Sue Yom,OTHER,False,individual
NCT04584008,Peking University,OTHER,False,academic
NCT05119296,Stanford University,OTHER,False,academic
NCT03631017,Memorial Sloan Kettering Cancer Center,OTHER,False,hospital
NCT02229656,The Netherlands Cancer Institute,OTHER,False,research_nonprofit
NCT07038343,"Avenzo Therapeutics, Inc.",INDUSTRY,True,industry
NCT06998069,Brown University,OTHER,False,academic
NCT03410615,Canadian Cancer Trials Group,NETWORK,False,network
NCT06194656,Shanghai Institute Of Biological Products,INDUSTRY,True,industry
NCT03377400,Samsung Medical Center,OTHER,False,hospital
NCT00049166,National Cancer Institute (NCI),NIH,False,government
NCT07618910,Tang-Du Hospital,OTHER,False,hospital
NCT01655628,Sun Yat-sen University,OTHER,False,academic
NCT01921426,"Galera Therapeutics, Inc.",INDUSTRY,True,industry
NCT01166035,Medical University Innsbruck,OTHER,False,academic
NCT03726775,Groupe Oncologie Radiotherapie Tete et Cou,OTHER,False,research_nonprofit
NCT06304350,Tongji University,OTHER,False,academic
NCT03418480,University of Southampton,OTHER,False,academic
NCT07023731,Arvinas Inc.,INDUSTRY,True,industry
NCT00006106,National Cancer Institute (NCI),NIH,False,government
NCT03094884,Fox Chase Cancer Center,OTHER,False,hospital
NCT03189719,Merck Sharp & Dohme LLC,INDUSTRY,True,industry
NCT01927887,Massachusetts General Hospital,OTHER,False,hospital
NCT00590031,Memorial Sloan Kettering Cancer Center,OTHER,False,hospital
NCT07090707,Sun Yat-Sen Memorial Hospital of Sun Yat-Sen University,OTHER,False,academic
NCT05156060,Natalie Lockney,OTHER,False,individual
NCT01715233,Sidney Kimmel Comprehensive Cancer Center at Johns Hopkins,OTHER,False,hospital
NCT05538572,Prelude Therapeutics,INDUSTRY,True,industry
NCT04868877,Merus B.V.,INDUSTRY,True,industry
NCT00670553,Novartis Pharmaceuticals,INDUSTRY,True,industry
NCT07276399,"Janssen Research & Development, LLC",INDUSTRY,True,industry
NCT04171622,M.D. Anderson Cancer Center,OTHER,False,hospital
NCT00068497,National Cancer Institute (NCI),NIH,False,government
NCT04508829,Fudan University,OTHER,False,academic
NCT01527877,Yonsei University,OTHER,False,academic
NCT00041808,FeRx,INDUSTRY,True,industry
NCT00056004,Barbara Ann Karmanos Cancer Institute,OTHER,False,research_nonprofit
NCT01914900,"Fondazione IRCCS Istituto Nazionale dei Tumori, Milano",OTHER,False,research_nonprofit
NCT03715946,"Robert L. Ferris, MD, PhD",OTHER,False,other
NCT06778863,"Clasp Therapeutics, Inc.",INDUSTRY,True,industry
NCT05966194,"EpicentRx, Inc.",INDUSTRY,True,industry
NCT00089297,Eastern Cooperative Oncology Group,NETWORK,False,network
NCT03175939,Sun Yat-sen University,OTHER,False,academic
NCT01701349,Mateon Therapeutics,INDUSTRY,True,industry
NCT00707655,Genmab,INDUSTRY,True,industry
NCT05156970,Shanghai Ninth People's Hospital Affiliated to Shanghai Jiao Tong University,OTHER,False,academic
NCT02759575,Vinita Takiar,OTHER,False,individual
NCT03213587,Zhejiang Cancer Hospital,OTHER,False,hospital
NCT06159621,University of Pennsylvania,OTHER,False,academic
NCT00197431,Hamamatsu University,OTHER,False,academic
NCT06161545,National Cancer Institute (NCI),NIH,False,government
NCT02145637,Yonsei University,OTHER,False,academic
NCT03067610,University of Texas Southwestern Medical Center,OTHER,False,academic
NCT05815927,European Organisation for Research and Treatment of Cancer - EORTC,NETWORK,False,network
NCT06725498,Beijing Tongren Hospital,OTHER,False,hospital
NCT03420963,M.D. Anderson Cancer Center,OTHER,False,hospital
NCT04671667,National Cancer Institute (NCI),NIH,False,government
NCT03603756,Chinese Academy of Medical Sciences,OTHER,False,academic
NCT04196075,Chinese University of Hong Kong,OTHER,False,academic
NCT02279134,Zefen Xiao,UNKNOWN,False,individual
NCT04266730,UNC Lineberger Comprehensive Cancer Center,OTHER,False,hospital
NCT02465060,National Cancer Institute (NCI),NIH,False,government
NCT00779389,University of Pittsburgh,OTHER,False,academic
NCT05199649,The First Affiliated Hospital of Soochow University,OTHER,False,academic
NCT02549742,"Rigshospitalet, Denmark",OTHER,False,hospital
NCT06448026,M.D. Anderson Cancer Center,OTHER,False,hospital
NCT07667296,"Aveta Biomics, Inc.",INDUSTRY,True,industry
NCT07457346,"Second Affiliated Hospital, School of Medicine, Zhejiang University",OTHER,False,academic
NCT02857712,"Fondazione IRCCS Istituto Nazionale dei Tumori, Milano",OTHER,False,research_nonprofit
NCT05340270,Guangxi Medical University,OTHER,False,academic
NCT05468554,Medical University of Bialystok,OTHER,False,academic
NCT02871518,Sun Yat-sen University,OTHER,False,academic
NCT02460887,Sun Yat-sen University,OTHER,False,academic
NCT07000253,Academisch Medisch Centrum - Universiteit van Amsterdam (AMC-UvA),OTHER,False,academic
NCT03984357,Sun Yat-sen University,OTHER,False,academic
NCT06718205,The First Affiliated Hospital of Zhengzhou University,OTHER,False,academic
NCT06385080,"Janssen Research & Development, LLC",INDUSTRY,True,industry
NCT05704985,DEKA Biosciences,INDUSTRY,True,industry
NCT03585530,Huai'an First People's Hospital,OTHER,False,hospital
NCT00158652,Groupe Oncologie Radiotherapie Tete et Cou,OTHER,False,research_nonprofit
NCT06870487,Pfizer,INDUSTRY,True,industry
NCT03841617,National Institute of Diabetes and Digestive and Kidney Diseases (NIDDK),NIH,False,government
NCT02152137,Alliance for Clinical Trials in Oncology,OTHER,False,research_nonprofit
NCT00290719,"University of California, San Francisco",OTHER,False,academic
NCT02437916,Amgen,INDUSTRY,True,industry
NCT03058289,"Intensity Therapeutics, Inc.",INDUSTRY,True,industry
NCT05768139,Eli Lilly and Company,INDUSTRY,True,industry
NCT00697619,Sun Yat-sen University,OTHER,False,academic
NCT00425425,Technical University of Munich,OTHER,False,academic
NCT05183243,"Suzhou Genhouse Bio Co., Ltd.",OTHER,True,industry
NCT02917629,National Cancer Institute (NCI),NIH,False,government
NCT00079053,NCIC Clinical Trials Group,NETWORK,False,network
NCT06728618,Shanghai Zhongshan Hospital,OTHER,False,hospital
NCT00703976,University of Pittsburgh,OTHER,False,academic
NCT07521670,"National Cancer Centre, Singapore",OTHER,False,hospital
NCT04454489,Wake Forest University Health Sciences,OTHER,False,academic
NCT04821778,"Cancer Institute and Hospital, Chinese Academy of Medical Sciences",OTHER,False,hospital
NCT01333085,GERCOR - Multidisciplinary Oncology Cooperative Group,OTHER,False,network
NCT06598917,China Medical University Hospital,OTHER,False,academic
NCT01217060,M.D. Anderson Cancer Center,OTHER,False,hospital
NCT00393068,"SCRI Development Innovations, LLC",OTHER,True,industry
NCT04861467,Chinese Academy of Medical Sciences,OTHER,False,academic
NCT05980715,Sun Yat-Sen Memorial Hospital of Sun Yat-Sen University,OTHER,False,academic
NCT05302011,Peking Union Medical College Hospital,OTHER,False,academic
NCT00387335,National Cancer Institute (NCI),NIH,False,government
NCT01143545,National Cancer Institute (NCI),NIH,False,government
NCT01368419,"Jiangsu Simcere Pharmaceutical Co., Ltd.",INDUSTRY,True,industry
NCT04073784,Sun Yat-sen University,OTHER,False,academic
NCT00021047,National Institutes of Health Clinical Center (CC),NIH,False,government
NCT07406815,Fujian Medical University Union Hospital,OTHER,False,academic
NCT03653052,"Simon C Pacey, MD",OTHER,False,other
NCT04767295,Hunan Cancer Hospital,OTHER,False,hospital
NCT00063895,National Cancer Institute (NCI),NIH,False,government
NCT01810913,National Cancer Institute (NCI),NIH,False,government
NCT06766916,Sun Yat-Sen Memorial Hospital of Sun Yat-Sen University,OTHER,False,academic
NCT04706962,Theratechnologies,INDUSTRY,True,industry
NCT00003251,University of Illinois at Chicago,OTHER,False,academic
NCT03944915,University of Chicago,OTHER,False,academic
NCT07063212,Memorial Sloan Kettering Cancer Center,OTHER,False,hospital
NCT00256269,"University of California, Irvine",OTHER,False,academic
NCT02027831,Jules Bordet Institute,OTHER,False,research_nonprofit
NCT04398524,ISA Pharmaceuticals,INDUSTRY,True,industry
NCT05408845,NRG Oncology,OTHER,False,research_nonprofit
NCT00062348,European Organisation for Research and Treatment of Cancer - EORTC,NETWORK,False,network
NCT00698204,UConn Health,OTHER,False,hospital
NCT01694576,Jiangsu Cancer Institute & Hospital,OTHER,False,hospital
NCT00412217,Hoffmann-La Roche,INDUSTRY,True,industry
NCT00601705,Case Comprehensive Cancer Center,OTHER,False,hospital
NCT00165490,Dana-Farber Cancer Institute,OTHER,False,hospital
NCT00448240,Henry Ford Health System,OTHER,False,hospital
NCT05187338,Second Affiliated Hospital of Guangzhou Medical University,OTHER,False,academic
NCT03526835,Merus B.V.,INDUSTRY,True,industry
NCT06634030,Vanderbilt University Medical Center,OTHER,False,academic
NCT06684600,Peking University,OTHER,False,academic
NCT02586207,Sanford Health,OTHER,False,hospital
NCT02699606,"Janssen Research & Development, LLC",INDUSTRY,True,industry
NCT05369234,Covenant Health Cancer Center,OTHER,False,hospital
NCT04474470,TyrNovo Ltd.,INDUSTRY,True,industry
NCT01116843,"University Health Network, Toronto",OTHER,False,academic
NCT00003137,Alliance for Clinical Trials in Oncology,OTHER,False,research_nonprofit
NCT00196729,"Genzyme, a Sanofi Company",INDUSTRY,True,industry
NCT01874171,University of Warwick,OTHER,False,academic
NCT05866510,Peking University,OTHER,False,academic
NCT04969835,Avacta Life Sciences Ltd,INDUSTRY,True,industry
NCT00002888,Eastern Cooperative Oncology Group,NETWORK,False,network
NCT00778908,Guangxi Medical University,OTHER,False,academic
NCT02285543,Shanghai Jiao Tong University School of Medicine,OTHER,False,academic
NCT02365662,AbbVie,INDUSTRY,True,industry
NCT02369835,Stanford University,OTHER,False,academic
NCT00514943,Boehringer Ingelheim,INDUSTRY,True,industry
NCT00817583,Fudan University,OTHER,False,academic
NCT01758731,"University of Colorado, Denver",OTHER,False,academic
NCT04947241,"Fifth Affiliated Hospital, Sun Yat-Sen University",OTHER,False,academic
NCT07067450,Sichuan University,OTHER,False,academic
NCT03138070,London Health Sciences Centre Research Institute OR Lawson Research Institute of St. Joseph's,OTHER,False,research_nonprofit
NCT01283334,Emory University,OTHER,False,academic
NCT03044613,Sidney Kimmel Comprehensive Cancer Center at Johns Hopkins,OTHER,False,hospital
NCT03829501,Kymab Limited,INDUSTRY,True,industry
NCT02744729,First Affiliated Hospital of Fujian Medical University,OTHER,False,academic
NCT05469061,The First Affiliated Hospital with Nanjing Medical University,OTHER,False,academic
NCT06199895,Liu Huang,OTHER,False,individual
NCT06657222,Tubulis GmbH,INDUSTRY,True,industry
NCT03894618,"Shattuck Labs, Inc.",INDUSTRY,True,industry
NCT06521697,National Taiwan University Hospital,OTHER,False,academic
NCT07546383,The Second Affiliated Hospital of Hainan Medical University,OTHER,False,academic
NCT03691441,Universitätsklinikum Hamburg-Eppendorf,OTHER,False,academic
NCT01160302,Louisiana State University Health Sciences Center Shreveport,OTHER,False,academic
NCT00344552,Bristol-Myers Squibb,INDUSTRY,True,industry
NCT05024019,Eye & ENT Hospital of Fudan University,OTHER,False,academic
NCT00677118,Sun Yat-sen University,OTHER,False,academic
NCT03390738,The University of Hong Kong,OTHER,False,academic
NCT02334319,Emory University,OTHER,False,academic
NCT05563480,"Chia Tai Tianqing Pharmaceutical Group Co., Ltd.",INDUSTRY,True,industry
NCT06605131,Sun Yat-sen University,OTHER,False,academic
NCT02573259,Pfizer,INDUSTRY,True,industry
NCT00102635,M.D. Anderson Cancer Center,OTHER,False,hospital
NCT05047094,Alpha Tau Medical LTD.,INDUSTRY,True,industry
NCT07195734,National Cancer Institute (NCI),NIH,False,government
NCT02841748,University of Chicago,OTHER,False,academic
NCT04868162,Shanghai Miracogen Inc.,INDUSTRY,True,industry
NCT05053737,"University of Colorado, Denver",OTHER,False,academic
NCT07196384,University Medical Center Groningen,OTHER,False,academic
NCT04428047,UNICANCER,OTHER,False,research_nonprofit
NCT04220866,Merck Sharp & Dohme LLC,INDUSTRY,True,industry
NCT04682431,Ikena Oncology,INDUSTRY,True,industry
NCT06657144,"Coherus Oncology, Inc.",INDUSTRY,True,industry
NCT01046266,Hoffmann-La Roche,INDUSTRY,True,industry
NCT04272034,Incyte Corporation,INDUSTRY,True,industry
NCT00816855,Fudan University,OTHER,False,academic
NCT01172028,University of Arizona,OTHER,False,academic
NCT00314262,Emory University,OTHER,False,academic
NCT01256385,National Cancer Institute (NCI),NIH,False,government
NCT00020761,Jonsson Comprehensive Cancer Center,OTHER,False,hospital
NCT02943252,"Cancer Institute and Hospital, Chinese Academy of Medical Sciences",OTHER,False,hospital
NCT06235918,Xiang Lu,OTHER,False,individual
NCT01221753,Dana-Farber Cancer Institute,OTHER,False,hospital
NCT04688801,The Second Hospital of Shandong University,OTHER,False,academic
NCT05386550,"EMD Serono Research & Development Institute, Inc.",INDUSTRY,True,industry
NCT03339843,Jules Bordet Institute,OTHER,False,research_nonprofit
NCT02609386,"Brooklyn ImmunoTherapeutics, LLC",INDUSTRY,True,industry
NCT02503423,"Taiho Oncology, Inc.",INDUSTRY,True,industry
NCT03530033,"Bo Wang,MD",OTHER,False,other
NCT00601692,Memorial Sloan Kettering Cancer Center,OTHER,False,hospital
NCT01017185,Takara Bio Inc.,INDUSTRY,True,industry
NCT02369874,AstraZeneca,INDUSTRY,True,industry
NCT01283178,Virginia Commonwealth University,OTHER,False,academic
NCT05898828,National Cancer Institute (NCI),NIH,False,government
NCT06886347,Chen Xiaozhong,OTHER,False,individual
NCT00911092,Centre Oscar Lambret,OTHER,False,hospital
NCT06330064,Daiichi Sankyo,INDUSTRY,True,industry
NCT07064902,Sun Yat-sen University,OTHER,False,academic
NCT00700440,Sun Yat-sen University,OTHER,False,academic
NCT00305734,National Cancer Institute (NCI),NIH,False,government
NCT04146181,Sinocelltech Ltd.,INDUSTRY,True,industry
NCT05786924,Institut de Recherches Internationales Servier,OTHER,False,research_nonprofit
NCT01621880,Sun Yat-Sen Memorial Hospital of Sun Yat-Sen University,OTHER,False,academic
NCT07181473,Phrontline Biopharma,INDUSTRY,True,industry
NCT06935188,Shanghai Ninth People's Hospital Affiliated to Shanghai Jiao Tong University,OTHER,False,academic
NCT04945733,Janssen Pharmaceutical K.K.,INDUSTRY,True,industry
NCT07535567,Shanghai Ninth People's Hospital Affiliated to Shanghai Jiao Tong University,OTHER,False,academic
NCT00181168,Johns Hopkins University,OTHER,False,academic
NCT07705074,Martin Huellner,OTHER,False,individual
NCT04004871,Guangxi Medical University,OTHER,False,academic
NCT07583316,"Corregene Biotechnology Co., Ltd",INDUSTRY,True,industry
NCT04290546,Dana-Farber Cancer Institute,OTHER,False,hospital
NCT05007145,Fujian Cancer Hospital,OTHER_GOV,False,government
NCT02236936,Arbeitsgemeinschaft medikamentoese Tumortherapie,OTHER,False,other
NCT07594626,Northwestern University,OTHER,False,academic
NCT00824343,Piramal Enterprises Limited,INDUSTRY,True,industry
NCT02280811,National Cancer Institute (NCI),NIH,False,government
NCT05505539,"University of California, San Francisco",OTHER,False,academic
NCT00014404,Memorial Sloan Kettering Cancer Center,OTHER,False,hospital
NCT00382031,Genmab,INDUSTRY,True,industry
NCT03666273,Bayer,INDUSTRY,True,industry
NCT00052910,Alliance for Clinical Trials in Oncology,OTHER,False,research_nonprofit
NCT05147844,Xinqiao Hospital of Chongqing,OTHER,False,hospital
NCT02635672,"Vincerx Pharma, Inc.",INDUSTRY,True,industry
NCT05420948,University of Chicago,OTHER,False,academic
NCT04648917,The First Affiliated Hospital of Henan University of Science and Technology,OTHER,False,academic
NCT04220775,M.D. Anderson Cancer Center,OTHER,False,hospital
NCT00180921,"Gustave Roussy, Cancer Campus, Grand Paris",OTHER,False,hospital
NCT00093652,Roswell Park Cancer Institute,OTHER,False,research_nonprofit
NCT07392580,University of Miami,OTHER,False,academic
NCT02906800,Assistance Publique - Hôpitaux de Paris,OTHER,False,government
NCT04458259,Pfizer,INDUSTRY,True,industry
NCT00747799,Sun Yat-sen University,OTHER,False,academic
NCT03459729,Medical College of Wisconsin,OTHER,False,academic
NCT03047265,Sun Yat-sen University,OTHER,False,academic
NCT07040956,West China Hospital,OTHER,False,hospital
NCT01351103,Novartis Pharmaceuticals,INDUSTRY,True,industry
NCT02480114,Vanderbilt-Ingram Cancer Center,OTHER,False,hospital
NCT03454451,"Corvus Pharmaceuticals, Inc.",INDUSTRY,True,industry
NCT03939364,Skyline Biosciences,INDUSTRY,True,industry
NCT04856631,"Shanghai Junshi Bioscience Co., Ltd.",OTHER,True,industry
NCT00858663,Memorial Sloan Kettering Cancer Center,OTHER,False,hospital
NCT07452601,Tang-Du Hospital,OTHER,False,hospital
NCT03085147,Memorial Sloan Kettering Cancer Center,OTHER,False,hospital
NCT00559156,Institut du Cancer de Montpellier - Val d'Aurelle,OTHER,False,research_nonprofit
NCT04114136,Dan Zandberg,OTHER,False,individual
NCT01415674,UNICANCER,OTHER,False,research_nonprofit
NCT05341193,Sun Yat-sen University,OTHER,False,academic
NCT05495152,Henan Cancer Hospital,OTHER_GOV,False,government
NCT00120939,Pharmacyclics LLC.,INDUSTRY,True,industry
NCT00400114,"University Health Network, Toronto",OTHER,False,academic
NCT06976190,Shanghai Miracogen Inc.,INDUSTRY,True,industry
NCT06161909,Fujian Medical University Union Hospital,OTHER,False,academic
NCT04084158,Zhejiang Cancer Hospital,OTHER,False,hospital
NCT00503997,Vanderbilt-Ingram Cancer Center,OTHER,False,hospital
NCT07154108,Sichuan University,OTHER,False,academic
NCT00005876,"Astex Pharmaceuticals, Inc.",INDUSTRY,True,industry
NCT02973997,Academic and Community Cancer Research United,OTHER,False,research_nonprofit
NCT02721563,Shandong Cancer Hospital and Institute,OTHER,False,hospital
NCT01309633,"National University Hospital, Singapore",OTHER,False,academic
NCT00899054,Piramal Enterprises Limited,INDUSTRY,True,industry
NCT05969041,Myeloid Therapeutics,INDUSTRY,True,industry
NCT02990468,"BioMimetix JV, LLC",INDUSTRY,True,industry
NCT01427205,M.D. Anderson Cancer Center,OTHER,False,hospital
NCT02783300,GlaxoSmithKline,INDUSTRY,True,industry
NCT00507858,M.D. Anderson Cancer Center,OTHER,False,hospital
NCT02018276,Yonsei University,OTHER,False,academic
NCT00855764,Bristol-Myers Squibb,INDUSTRY,True,industry
NCT05538130,Pfizer,INDUSTRY,True,industry
NCT06919666,"University of Colorado, Denver",OTHER,False,academic
NCT06364826,Zhejiang Cancer Hospital,OTHER,False,hospital
NCT02552121,Seagen Inc.,INDUSTRY,True,industry
NCT04969861,Nektar Therapeutics,INDUSTRY,True,industry
NCT03307941,Jules Bordet Institute,OTHER,False,research_nonprofit
NCT06319963,Theravectys S.A.,INDUSTRY,True,industry
NCT02543645,Celldex Therapeutics,INDUSTRY,True,industry
NCT06170710,"Cancer Institute and Hospital, Chinese Academy of Medical Sciences",OTHER,False,hospital
NCT01107639,Swiss Cancer Institute,OTHER,False,research_nonprofit
NCT07517198,"Exscientia AI Ltd., a wholly owned subsidiary of Recursion Pharmaceuticals, Inc.",INDUSTRY,True,industry
NCT02001623,Seagen Inc.,INDUSTRY,True,industry
NCT05145660,Yi Junlin,OTHER,False,individual
NCT03267121,Shanghai Ninth People's Hospital Affiliated to Shanghai Jiao Tong University,OTHER,False,academic
NCT07109726,Terremoto Biosciences Inc.,INDUSTRY,True,industry
NCT03558191,"Jiangsu HengRui Medicine Co., Ltd.",INDUSTRY,True,industry
NCT03809624,"Inhibrx Biosciences, Inc",INDUSTRY,True,industry
NCT00659113,Yonsei University,OTHER,False,academic
NCT00003777,Abramson Cancer Center at Penn Medicine,OTHER,False,hospital
NCT06010212,The First Affiliated Hospital with Nanjing Medical University,OTHER,False,academic
NCT03370367,Eastern Cooperative Oncology Group,NETWORK,False,network
NCT07455019,The First Affiliated Hospital with Nanjing Medical University,OTHER,False,academic
NCT05541445,"Cancer Institute and Hospital, Chinese Academy of Medical Sciences",OTHER,False,hospital
NCT04922450,Hunan Cancer Hospital,OTHER,False,hospital
NCT06062420,GlaxoSmithKline,INDUSTRY,True,industry
NCT06010303,BeiGene,INDUSTRY,True,industry
NCT04694846,Thomas Jefferson University,OTHER,False,academic
NCT00101335,Fox Chase Cancer Center,OTHER,False,hospital
NCT05483400,University Medical Center Groningen,OTHER,False,academic
NCT01811212,National Cancer Institute (NCI),NIH,False,government
NCT03925870,"Jiangsu Alphamab Biopharmaceuticals Co., Ltd",INDUSTRY,True,industry
NCT05893888,Privo Technologies,INDUSTRY,True,industry
NCT05862168,"Weijia Fang, MD",OTHER,False,other
NCT00002631,Radiation Therapy Oncology Group,NETWORK,False,network
NCT03129061,"CellSight Technologies, Inc.",INDUSTRY,True,industry
NCT07603375,Duke University,OTHER,False,academic
NCT05964101,The First Affiliated Hospital of Guangzhou Medical University,OTHER,False,academic
NCT00721799,University of Iowa,OTHER,False,academic
NCT05027204,"CSPC ZhongQi Pharmaceutical Technology Co., Ltd.",INDUSTRY,True,industry
NCT06614686,"Shanghai Unicar-Therapy Bio-medicine Technology Co.,Ltd",INDUSTRY,True,industry
NCT01495663,"Cellectar Biosciences, Inc.",INDUSTRY,True,industry
NCT00591149,University of Kansas Medical Center,OTHER,False,academic
NCT01345669,Boehringer Ingelheim,INDUSTRY,True,industry
NCT05239143,"Poseida Therapeutics, Inc.",INDUSTRY,True,industry
NCT04227509,Seoul National University Hospital,OTHER,False,academic
NCT00895245,University of Washington,OTHER,False,academic
NCT06509009,"Cancer Institute and Hospital, Chinese Academy of Medical Sciences",OTHER,False,hospital
NCT02689401,Dana-Farber Cancer Institute,OTHER,False,hospital
NCT00423930,Memorial Sloan Kettering Cancer Center,OTHER,False,hospital
NCT05044897,"Sichuan Baili Pharmaceutical Co., Ltd.",INDUSTRY,True,industry
NCT05038813,The First Affiliated Hospital of Zhengzhou University,OTHER,False,academic
NCT00022594,European Organisation for Research and Treatment of Cancer - EORTC,NETWORK,False,network
NCT03301896,Novartis Pharmaceuticals,INDUSTRY,True,industry
NCT01761747,Dana-Farber Cancer Institute,OTHER,False,hospital
NCT00394147,Fox Chase Cancer Center,OTHER,False,hospital
NCT01041235,"Azaya Therapeutics, Inc.",INDUSTRY,True,industry
NCT00176241,Susanne Arnold,OTHER,False,individual
NCT03924466,Universitair Ziekenhuis Brussel,OTHER,False,academic
NCT05305131,"National University Hospital, Singapore",OTHER,False,academic
NCT00289003,Biotec Pharmacon ASA,INDUSTRY,True,industry
NCT00005599,Memorial Sloan Kettering Cancer Center,OTHER,False,hospital
NCT06332092,Fulgent Pharma LLC.,INDUSTRY,True,industry
NCT02048917,University of Kentucky,OTHER,False,academic
NCT06775652,Yongtao Han,OTHER,False,individual
NCT06814158,Tianjin Medical University Cancer Institute and Hospital,OTHER,False,academic
NCT02979691,Chinese Academy of Medical Sciences,OTHER,False,academic
NCT04152018,Pfizer,INDUSTRY,True,industry
NCT06713057,West China Hospital,OTHER,False,hospital
NCT00054561,Eastern Cooperative Oncology Group,NETWORK,False,network
NCT07101744,Sun Yat-sen University,OTHER,False,academic
NCT04825990,Gruppo Oncologico del Nord-Ovest,OTHER,False,research_nonprofit
NCT01184482,Georgetown University,OTHER,False,academic
NCT04831450,University of Miami,OTHER,False,academic
NCT04764643,Xijing Hospital of Digestive Diseases,OTHER,False,hospital
NCT01774851,Merrimack Pharmaceuticals,INDUSTRY,True,industry
NCT02644863,"Shenzhen Hornetcorn Bio-technology Company, LTD",INDUSTRY,True,industry
NCT07559045,Second Affiliated Hospital of Zunyi Medical University,OTHER,False,academic
NCT06270706,"Pliant Therapeutics, Inc.",INDUSTRY,True,industry
NCT05605522,3B Pharmaceuticals GmbH,INDUSTRY,True,industry
NCT04091867,"University of Colorado, Denver",OTHER,False,academic
NCT00001277,National Institute of Diabetes and Digestive and Kidney Diseases (NIDDK),NIH,False,government
NCT00215462,Dana-Farber Cancer Institute,OTHER,False,hospital
NCT07072325,West China Hospital,OTHER,False,hospital
NCT01704690,Peking University,OTHER,False,academic
NCT04151082,M.D. Anderson Cancer Center,OTHER,False,hospital
NCT00002951,University of Chicago,OTHER,False,academic
NCT04543617,Hoffmann-La Roche,INDUSTRY,True,industry
NCT01212822,Fox Chase Cancer Center,OTHER,False,hospital
NCT00927147,Boneca Corporation,INDUSTRY,True,industry
NCT00291473,Ludwig Institute for Cancer Research,OTHER,False,research_nonprofit
NCT00023959,National Cancer Institute (NCI),NIH,False,government
NCT02013453,University of Michigan Rogel Cancer Center,OTHER,False,academic
NCT06690476,Peking University,OTHER,False,academic
NCT00704639,Trans Tasman Radiation Oncology Group,OTHER,False,research_nonprofit
NCT02047201,Lithuanian University of Health Sciences,OTHER,False,academic
NCT03306121,Sun Yat-sen University,OTHER,False,academic
NCT03800953,National Taiwan University Hospital,OTHER,False,academic
NCT00016900,Memorial Sloan Kettering Cancer Center,OTHER,False,hospital
NCT06959082,"VSPharmTech Co.,Ltd.",INDUSTRY,True,industry
NCT07055841,Xiuping Ding,OTHER,False,individual
NCT06912074,Sun Yat-sen University,OTHER,False,academic
NCT05438420,"Qurient Co., Ltd.",INDUSTRY,True,industry
NCT02213133,Karyopharm Therapeutics Inc,INDUSTRY,True,industry
NCT03292250,Seoul National University Hospital,OTHER,False,academic
NCT05094804,"OncoResponse, Inc.",INDUSTRY,True,industry
NCT04683575,Qianfoshan Hospital,OTHER,False,hospital
NCT06914999,Emory University,OTHER,False,academic
NCT03833466,Peking University,OTHER,False,academic
NCT04452214,Cantargia AB,INDUSTRY,True,industry
NCT04462471,Memorial Sloan Kettering Cancer Center,OTHER,False,hospital
NCT00002932,Radiation Therapy Oncology Group,NETWORK,False,network
NCT02177838,"Rutgers, The State University of New Jersey",OTHER,False,academic
NCT00519896,University of Washington,OTHER,False,academic
NCT05286619,University of Malaya,OTHER,False,academic
NCT02251392,University of Brasilia,OTHER,False,academic
NCT07149207,Medical University of South Carolina,OTHER,False,academic
NCT02584244,"Lumicell, Inc.",INDUSTRY,True,industry
NCT01687413,Washington University School of Medicine,OTHER,False,academic
NCT06957938,Fudan University,OTHER,False,academic
NCT05768178,Cancer Research UK,OTHER,False,research_nonprofit
NCT04489888,Merck Sharp & Dohme LLC,INDUSTRY,True,industry
NCT02761291,Chang Gung Memorial Hospital,OTHER,False,hospital
NCT04164069,Anne Noonan,OTHER,False,individual
NCT04540211,Hoffmann-La Roche,INDUSTRY,True,industry
NCT00316862,Alliance for Clinical Trials in Oncology,OTHER,False,research_nonprofit
NCT02461043,Chinese Academy of Medical Sciences,OTHER,False,academic
NCT07227168,"Sutro Biopharma, Inc.",INDUSTRY,True,industry
NCT02731352,Peking Union Medical College Hospital,OTHER,False,academic
NCT03282461,Dartmouth-Hitchcock Medical Center,OTHER,False,hospital
NCT03824925,Dow University of Health Sciences,OTHER,False,academic
NCT01379339,Krzysztof Misiukiewicz,OTHER,False,individual
NCT06952621,Tang-Du Hospital,OTHER,False,hospital
NCT01520389,Merrimack Pharmaceuticals,INDUSTRY,True,industry
NCT03823131,"Chase Heaton, MD",OTHER,False,other
NCT00004161,University of Alabama at Birmingham,OTHER,False,academic
NCT00875849,Centre Antoine Lacassagne,OTHER,False,hospital
NCT05865743,Radboud University Medical Center,OTHER,False,academic
NCT00176267,Susanne Arnold,OTHER,False,individual
NCT00139243,Dana-Farber Cancer Institute,OTHER,False,hospital
NCT05459129,Hoffmann-La Roche,INDUSTRY,True,industry
NCT06186609,Affiliated Hospital of Nantong University,OTHER,False,academic
NCT00451880,Exelixis,INDUSTRY,True,industry
NCT07435324,R-Pharm,INDUSTRY,True,industry
NCT06611826,Zhejiang Cancer Hospital,OTHER,False,hospital
NCT02644122,Ezra Cohen,OTHER,False,individual
NCT00084682,National Cancer Institute (NCI),NIH,False,government
NCT06082167,Exelixis,INDUSTRY,True,industry
NCT03775525,"Genzada Pharmaceuticals USA, Inc.",INDUSTRY,True,industry
NCT01254617,National Cancer Institute (NCI),NIH,False,government
NCT02439034,Centre Oscar Lambret,OTHER,False,hospital
NCT03241173,Incyte Biosciences International Sàrl,INDUSTRY,True,industry
NCT06900218,Sun Yat-sen University,OTHER,False,academic
NCT03289962,"Genentech, Inc.",INDUSTRY,True,industry
NCT05788484,Celldex Therapeutics,INDUSTRY,True,industry
NCT02273713,Academisch Medisch Centrum - Universiteit van Amsterdam (AMC-UvA),OTHER,False,academic
NCT00625456,Jennerex Biotherapeutics,INDUSTRY,True,industry
NCT02093143,Centre Hospitalier Universitaire de Besancon,OTHER,False,academic
NCT01976741,Bayer,INDUSTRY,True,industry
NCT00318903,University of Alabama at Birmingham,OTHER,False,academic
NCT05636150,Peking Union Medical College Hospital,OTHER,False,academic
NCT00509002,M.D. Anderson Cancer Center,OTHER,False,hospital
NCT00931021,Yale University,OTHER,False,academic
NCT04058145,Massachusetts General Hospital,OTHER,False,hospital
NCT06354712,Mansoura University,OTHER,False,academic
NCT04367909,Xin-Hua Xu,OTHER,False,individual
NCT05191667,"Adlai Nortye Biopharma Co., Ltd.",INDUSTRY,True,industry
NCT03475953,Institut Bergonié,OTHER,False,research_nonprofit
NCT03592407,City of Hope Medical Center,OTHER,False,hospital
NCT06496178,Merus B.V.,INDUSTRY,True,industry
NCT01170845,Yokohama City University Medical Center,OTHER,False,academic
NCT04187352,CStone Pharmaceuticals,INDUSTRY,True,industry
NCT05061420,Sanofi,INDUSTRY,True,industry
NCT00220129,Royal Marsden NHS Foundation Trust,OTHER,False,government
NCT01403259,Fudan University,OTHER,False,academic
NCT06923826,"National University Hospital, Singapore",OTHER,False,academic
NCT06682806,Prelude Therapeutics,INDUSTRY,True,industry
NCT02551159,AstraZeneca,INDUSTRY,True,industry
NCT05785741,DualityBio Inc.,INDUSTRY,True,industry
NCT02775812,National Cancer Institute (NCI),NIH,False,government
NCT00010023,NYU Langone Health,OTHER,False,hospital
NCT03821233,Zymeworks BC Inc.,INDUSTRY,True,industry
NCT03876574,Xiangya Hospital of Central South University,OTHER,False,academic
NCT03306901,Samsung Medical Center,OTHER,False,hospital
NCT05275374,"Xynomic Pharmaceuticals, Inc.",INDUSTRY,True,industry
NCT04146402,Sinocelltech Ltd.,INDUSTRY,True,industry
NCT00721513,Wake Forest University Health Sciences,OTHER,False,academic
NCT07353723,Tang-Du Hospital,OTHER,False,hospital
NCT06519110,"Convalife (Shanghai) Co., Ltd.",INDUSTRY,True,industry
NCT04988074,Sidney Kimmel Comprehensive Cancer Center at Johns Hopkins,OTHER,False,hospital
NCT02178722,Incyte Corporation,INDUSTRY,True,industry
NCT00626639,Swedish Orphan Biovitrum,INDUSTRY,True,industry
NCT03758729,Samsung Medical Center,OTHER,False,hospital
NCT01083875,"Access Pharmaceuticals, Inc.",INDUSTRY,True,industry
NCT06939582,Xingchen Peng,OTHER,False,individual
NCT05721443,Shanghai Ninth People's Hospital Affiliated to Shanghai Jiao Tong University,OTHER,False,academic
NCT00369174,National Cancer Institute (NCI),NIH,False,government
NCT04290663,Centre Francois Baclesse,OTHER,False,hospital
NCT02277184,"Julie E. Bauman, MD, MPH",OTHER,False,other
NCT03229278,"Rutgers, The State University of New Jersey",OTHER,False,academic
NCT06597565,H. Lee Moffitt Cancer Center and Research Institute,OTHER,False,hospital
NCT04446663,First People's Hospital of Foshan,OTHER,False,hospital
NCT05751512,Shanghai Miracogen Inc.,INDUSTRY,True,industry
NCT03182959,University of Arizona,OTHER,False,academic
NCT07554456,"Sichuan Baili Pharmaceutical Co., Ltd.",INDUSTRY,True,industry
NCT00710697,Poniard Pharmaceuticals,INDUSTRY,True,industry
NCT06530914,Lei Liu,OTHER,False,individual
NCT04444869,University of Missouri-Columbia,OTHER,False,academic
NCT03674567,"RAPT Therapeutics, Inc.",INDUSTRY,True,industry
NCT04619316,"University Hospital, Essen",OTHER,False,academic
NCT05504265,"Cancer Institute and Hospital, Chinese Academy of Medical Sciences",OTHER,False,hospital
NCT02283359,H. Lee Moffitt Cancer Center and Research Institute,OTHER,False,hospital
NCT04166006,Istituto Romagnolo per lo Studio dei Tumori Dino Amadori IRST S.r.l. IRCCS,OTHER,False,research_nonprofit
NCT03919552,"Nanfang Hospital, Southern Medical University",OTHER,False,academic
NCT01116622,Dartmouth-Hitchcock Medical Center,OTHER,False,hospital
NCT04171700,pharmaand GmbH,INDUSTRY,True,industry
NCT00153881,Dartmouth-Hitchcock Medical Center,OTHER,False,hospital
NCT06158958,AbbVie,INDUSTRY,True,industry
NCT02976896,Yuhong Li,OTHER,False,individual
NCT04955886,Fujian Cancer Hospital,OTHER_GOV,False,government
NCT03946358,Centre Hospitalier Universitaire de Besancon,OTHER,False,academic
NCT03212469,"Gustave Roussy, Cancer Campus, Grand Paris",OTHER,False,hospital
NCT03074513,M.D. Anderson Cancer Center,OTHER,False,hospital
NCT04121286,"Allist Pharmaceuticals, Inc.",INDUSTRY,True,industry
NCT00003565,Alliance for Clinical Trials in Oncology,OTHER,False,research_nonprofit
NCT02196168,National Cancer Institute (NCI),NIH,False,government
NCT01995084,Academisch Medisch Centrum - Universiteit van Amsterdam (AMC-UvA),OTHER,False,academic
NCT07550972,Zhejiang Provincial People's Hospital,OTHER,False,hospital
NCT07405151,Merck Sharp & Dohme LLC,INDUSTRY,True,industry
NCT05431764,Sun Yat-sen University,OTHER,False,academic
NCT02249884,University of Brasilia,OTHER,False,academic
NCT07631884,Haihua Yuan,OTHER,False,individual
NCT03830385,Sun Yat-sen University,OTHER,False,academic
NCT03175224,Apollomics Inc.,INDUSTRY,True,industry
NCT00003430,Memorial Sloan Kettering Cancer Center,OTHER,False,hospital
NCT00881114,Georgetown University,OTHER,False,academic
NCT04157985,Dan Zandberg,OTHER,False,individual
NCT03326947,Shanghai Jiao Tong University School of Medicine,OTHER,False,academic
NCT01639911,University of Illinois at Chicago,OTHER,False,academic
NCT01045421,"Millennium Pharmaceuticals, Inc.",INDUSTRY,True,industry
NCT02868151,Panineeya Mahavidyalaya Institute of Dental Sciences & Research Centre,OTHER,False,research_nonprofit
NCT01126216,University of Erlangen-Nürnberg Medical School,OTHER,False,academic
NCT07419464,Washington University School of Medicine,OTHER,False,academic
NCT00002533,University of Miami,OTHER,False,academic
NCT02058849,David Travis Thomas,OTHER,False,individual
NCT07668154,"Sichuan Kelun-Biotech Biopharmaceutical Co., Ltd.",INDUSTRY,True,industry
NCT00566540,Ohio State University Comprehensive Cancer Center,OTHER,False,academic
NCT07346196,University of Chicago,OTHER,False,academic
NCT03811652,MedImmune LLC,INDUSTRY,True,industry
NCT02698111,"Suzhou Zelgen Biopharmaceuticals Co.,Ltd",INDUSTRY,True,industry
NCT06943820,Akeso,INDUSTRY,True,industry
NCT00993512,PCI Biotech AS,INDUSTRY,True,industry
NCT00428220,Pfizer,INDUSTRY,True,industry
NCT06676293,Chang Gung Memorial Hospital,OTHER,False,hospital
NCT07529873,Groupe Oncologie Radiotherapie Tete et Cou,OTHER,False,research_nonprofit
NCT03848286,"Sichuan Kelun-Biotech Biopharmaceutical Co., Ltd.",INDUSTRY,True,industry
NCT07213791,Eli Lilly and Company,INDUSTRY,True,industry
NCT05737563,Sun Yat-sen University,OTHER,False,academic
NCT04007744,Mayo Clinic,OTHER,False,hospital
NCT05169437,Tempus AI,INDUSTRY,True,industry
NCT02030769,Xijing Hospital of Digestive Diseases,OTHER,False,hospital
NCT02441972,Wuxi No. 4 People's Hospital,OTHER,False,hospital
NCT06791005,Second Affiliated Hospital of Xi'an Jiaotong University,OTHER,False,academic
NCT01884623,"Gustave Roussy, Cancer Campus, Grand Paris",OTHER,False,hospital
NCT05828381,Fujian Medical University Union Hospital,OTHER,False,academic
NCT01051479,Wake Forest University Health Sciences,OTHER,False,academic
NCT00447226,GlaxoSmithKline,INDUSTRY,True,industry
NCT00848783,NYU Langone Health,OTHER,False,hospital
NCT04190628,ABM Therapeutics Corporation,INDUSTRY,True,industry
NCT00054873,Chiron Corporation,INDUSTRY,True,industry
NCT04069026,Bayer,INDUSTRY,True,industry
NCT00552253,National Taiwan University Hospital,OTHER,False,academic
NCT02790853,M.D. Anderson Cancer Center,OTHER,False,hospital
NCT00735345,Arbeitsgemeinschaft medikamentoese Tumortherapie,OTHER,False,other
NCT07385001,Tang-Du Hospital,OTHER,False,hospital
NCT02875613,"Assuntina Sacco, M.D.",OTHER,False,other
NCT06112704,Hansoh BioMedical R&D Company,INDUSTRY,True,industry
NCT05800834,"Instituto Nacional de Cancer, Brazil",OTHER_GOV,False,government
NCT01835626,Sue Yom,OTHER,False,individual
NCT00732745,Case Comprehensive Cancer Center,OTHER,False,hospital
NCT05799274,"Radiopharm Theranostics, Ltd",INDUSTRY,True,industry
NCT01057277,howard safran,OTHER,False,other
NCT06676449,Fudan University,OTHER,False,academic
NCT06675214,Sun Yat-sen University,OTHER,False,academic
NCT01538381,European Organisation for Research and Treatment of Cancer - EORTC,NETWORK,False,network
NCT02869217,"University Health Network, Toronto",OTHER,False,academic
NCT00502463,Austrian South Oncology Group,NETWORK,False,network
NCT03874741,Sinocelltech Ltd.,INDUSTRY,True,industry
NCT01682031,Roswell Park Cancer Institute,OTHER,False,research_nonprofit
NCT02876510,"Immatics US, Inc.",INDUSTRY,True,industry
NCT00160030,Sanofi,INDUSTRY,True,industry
NCT02598687,Maastricht Radiation Oncology,OTHER,False,individual
NCT02753387,Rennes University Hospital,OTHER,False,academic
NCT01774760,Turku University Hospital,OTHER_GOV,False,government
NCT01445405,National Cancer Institute (NCI),NIH,False,government
NCT00079079,NCIC Clinical Trials Group,NETWORK,False,network
NCT07704372,West China Hospital,OTHER,False,hospital
NCT01100619,Exelixis,INDUSTRY,True,industry
NCT00012363,SWOG Cancer Research Network,NETWORK,False,network
NCT05965479,University of Southampton,OTHER,False,academic
NCT03149549,CytomX Therapeutics,INDUSTRY,True,industry
NCT04997902,"Kura Oncology, Inc.",INDUSTRY,True,industry
NCT02512315,Sun Yat-sen University,OTHER,False,academic
NCT01372202,Sidney Kimmel Comprehensive Cancer Center at Johns Hopkins,OTHER,False,hospital
NCT00222079,Douglas Trask,OTHER,False,individual
NCT07283991,Ruijin Hospital,OTHER,False,hospital
NCT04477759,Medical College of Wisconsin,OTHER,False,academic
NCT04333537,NRG Oncology,OTHER,False,research_nonprofit
NCT00474825,National Baromedical Services,OTHER,False,individual
NCT04137627,Indonesia University,OTHER,False,academic
NCT06643689,"Second Affiliated Hospital, School of Medicine, Zhejiang University",OTHER,False,academic
NCT07188103,Anhui Provincial Hospital,OTHER_GOV,False,government
NCT06965829,Shanghai Chest Hospital,OTHER,False,hospital
NCT04231864,Alain Algazi,OTHER,False,individual
NCT00868491,Institute of Oncology Ljubljana,OTHER,False,research_nonprofit
NCT00201396,"National Health Research Institutes, Taiwan",OTHER,False,research_nonprofit
NCT02484677,Assistance Publique Hopitaux De Marseille,OTHER,False,government
NCT02817113,"Orient Europharma Co., Ltd.",INDUSTRY,True,industry
NCT05283226,NATCO Pharma Ltd.,INDUSTRY,True,industry
NCT05800054,The First Affiliated Hospital with Nanjing Medical University,OTHER,False,academic
NCT04952493,Peking Union Medical College Hospital,OTHER,False,academic
NCT04203719,"Chia Tai Tianqing Pharmaceutical Group Co., Ltd.",INDUSTRY,True,industry
NCT00139633,The Oregon Clinic,OTHER,False,hospital
NCT06769113,Shanghai Henlius Biotech,INDUSTRY,True,industry
NCT01974284,Yale University,OTHER,False,academic
NCT06413342,Zhejiang Cancer Hospital,OTHER,False,hospital
NCT05867303,"RemeGen Co., Ltd.",INDUSTRY,True,industry
NCT05724329,Sun Yat-Sen Memorial Hospital of Sun Yat-Sen University,OTHER,False,academic
NCT05176002,Fujian Medical University Union Hospital,OTHER,False,academic
NCT00696176,University of Pittsburgh,OTHER,False,academic
NCT04865731,The University of Texas Health Science Center at San Antonio,OTHER,False,academic
NCT00299195,Memorial Sloan Kettering Cancer Center,OTHER,False,hospital
NCT02123381,Sichuan Cancer Hospital and Research Institute,OTHER,False,hospital
NCT04061278,"Second Affiliated Hospital, School of Medicine, Zhejiang University",OTHER,False,academic
NCT00083057,National Institutes of Health Clinical Center (CC),NIH,False,government
NCT06201039,"Sixth Affiliated Hospital, Sun Yat-sen University",OTHER,False,academic
NCT00004127,University of Chicago,OTHER,False,academic
NCT06464614,The First Affiliated Hospital of Henan University of Science and Technology,OTHER,False,academic
NCT07168785,Indiana University,OTHER,False,academic
NCT03708328,Hoffmann-La Roche,INDUSTRY,True,industry
NCT04252248,University Hospital Heidelberg,OTHER,False,academic
NCT00077428,National Cancer Institute (NCI),NIH,False,government
NCT00570232,University of Alabama at Birmingham,OTHER,False,academic
NCT05262491,"Sichuan Baili Pharmaceutical Co., Ltd.",INDUSTRY,True,industry
NCT01025453,Memorial Sloan Kettering Cancer Center,OTHER,False,hospital
NCT05377554,"Alume Biosciences, Inc.",INDUSTRY,True,industry
NCT06161818,Erasmus Medical Center,OTHER,False,hospital
NCT05817201,Taizhou Hospital,OTHER,False,hospital
NCT04429542,Bicara Therapeutics,INDUSTRY,True,industry
NCT05299203,West China Hospital,OTHER,False,hospital
NCT02753140,Daping Hospital and the Research Institute of Surgery of the Third Military Medical University,OTHER,False,government
NCT07248956,Eye & ENT Hospital of Fudan University,OTHER,False,academic
NCT06782555,ImmunoGenesis,INDUSTRY,True,industry
NCT02590133,Yun-fei Xia,OTHER,False,individual
NCT00215605,Exelixis,INDUSTRY,True,industry
NCT06952868,China Medical University Hospital,OTHER,False,academic
NCT05635643,"Coherus Oncology, Inc.",INDUSTRY,True,industry
NCT03762564,Institut für Klinische Krebsforschung IKF GmbH at Krankenhaus Nordwest,OTHER,False,hospital
NCT04519905,Fudan University,OTHER,False,academic
NCT04612894,Fudan University,OTHER,False,academic
NCT05983133,"Seagen, a wholly owned subsidiary of Pfizer",INDUSTRY,True,industry
NCT04447326,First Affiliated Hospital of Guangxi Medical University,OTHER,False,academic
NCT06130332,Sun Yat-Sen Memorial Hospital of Sun Yat-Sen University,OTHER,False,academic
NCT01446874,Washington University School of Medicine,OTHER,False,academic
NCT05060432,iTeos Belgium SA,INDUSTRY,True,industry
NCT02882308,Hellenic Cooperative Oncology Group,OTHER,False,research_nonprofit
NCT04396886,The University of Hong Kong,OTHER,False,academic
NCT00343083,"University of Maryland, Baltimore",OTHER,False,academic
NCT03841110,Fate Therapeutics,INDUSTRY,True,industry
NCT00006248,SWOG Cancer Research Network,NETWORK,False,network
NCT04666090,"Second Affiliated Hospital, School of Medicine, Zhejiang University",OTHER,False,academic
NCT00401323,Sanofi,INDUSTRY,True,industry
NCT06472739,Sun Yat-sen University,OTHER,False,academic
NCT05174325,The First Affiliated Hospital of Soochow University,OTHER,False,academic
NCT03342352,Incyte Corporation,INDUSTRY,True,industry
NCT00197444,Hamamatsu University,OTHER,False,academic
NCT02544880,"Donald T. Weed, MD, FACS",OTHER,False,other
NCT02614495,Hutchison Medipharma Limited,INDUSTRY,True,industry
NCT00619242,University of Chicago,OTHER,False,academic
NCT00033449,National Cancer Institute (NCI),NIH,False,government
NCT01230476,University of Malaya,OTHER,False,academic
NCT03399071,Royal Marsden NHS Foundation Trust,OTHER,False,government
NCT05162872,Sun Yat-sen University,OTHER,False,academic
NCT02859415,National Cancer Institute (NCI),NIH,False,government
NCT03237325,Soligenix,INDUSTRY,True,industry
NCT07124351,Cedars-Sinai Medical Center,OTHER,False,hospital
NCT03096054,Cancer Research UK,OTHER,False,research_nonprofit
NCT01051791,"Julie E. Bauman, MD, MPH",OTHER,False,other
NCT01333033,Alliance for Clinical Trials in Oncology,OTHER,False,research_nonprofit
NCT01633541,University of Michigan Rogel Cancer Center,OTHER,False,academic
NCT07362979,Sun Yat-sen University,OTHER,False,academic
NCT02633176,Sun Yat-sen University,OTHER,False,academic
NCT07374003,Sun Yat-sen University,OTHER,False,academic
NCT03978689,Cue Biopharma,INDUSTRY,True,industry
NCT03744208,Shi Yuankai,UNKNOWN,False,individual
NCT03532737,Kuwait Cancer Control Center,OTHER,False,hospital
NCT06152978,Fudan University,OTHER,False,academic
NCT02070432,Luzitin SA,INDUSTRY,True,industry
NCT04350190,Wei Jiang,OTHER,False,individual
NCT03946969,The First Affiliated Hospital with Nanjing Medical University,OTHER,False,academic
NCT06356688,Sun Jing,OTHER,False,individual
NCT04880811,Peking University,OTHER,False,academic
NCT01504815,The Netherlands Cancer Institute,OTHER,False,research_nonprofit
NCT03330249,Groupe Oncologie Radiotherapie Tete et Cou,OTHER,False,research_nonprofit
NCT04685395,Cairo University,OTHER,False,academic
NCT00003748,Jonsson Comprehensive Cancer Center,OTHER,False,hospital
NCT03624231,Ulrich Keilholz,OTHER,False,individual
NCT03024151,Inje University,OTHER,False,academic
NCT02254044,Boehringer Ingelheim,INDUSTRY,True,industry
NCT06814067,Fudan University,OTHER,False,academic
NCT04001413,Sidney Kimmel Comprehensive Cancer Center at Johns Hopkins,OTHER,False,hospital
NCT04421469,Fujian Cancer Hospital,OTHER_GOV,False,government
NCT06022029,"OncoNano Medicine, Inc.",INDUSTRY,True,industry
NCT04517214,Fudan University,OTHER,False,academic
NCT00255476,AstraZeneca,INDUSTRY,True,industry
NCT05606315,"Nanfang Hospital, Southern Medical University",OTHER,False,academic
NCT00544414,City of Hope Medical Center,OTHER,False,hospital
NCT07177794,Sun Yat-sen University,OTHER,False,academic
NCT03552458,"National University Hospital, Singapore",OTHER,False,academic
NCT02459457,Fudan University,OTHER,False,academic
NCT04510285,Memorial Sloan Kettering Cancer Center,OTHER,False,hospital
NCT05412875,Ohio State University Comprehensive Cancer Center,OTHER,False,academic
NCT02879227,Centre Hospitalier Universitaire de Besancon,OTHER,False,academic
NCT00037089,"Edelman, Martin, M.D.",INDIV,False,individual
NCT04278287,"Cancer Institute and Hospital, Chinese Academy of Medical Sciences",OTHER,False,hospital
NCT04254107,Seagen Inc.,INDUSTRY,True,industry
NCT02289209,Dan Zandberg,OTHER,False,individual
NCT06054477,Alentis Therapeutics AG,INDUSTRY,True,industry
NCT03161522,M.D. Anderson Cancer Center,OTHER,False,hospital
NCT01903018,Piramal Enterprises Limited,INDUSTRY,True,industry
NCT00814359,Juravinski Cancer Centre Foundation,OTHER,False,hospital
NCT07631650,Matthew Spector,OTHER,False,individual
NCT02509286,University Hospital Schleswig-Holstein,OTHER,False,academic
NCT00098631,National Cancer Institute (NCI),NIH,False,government
NCT00003328,Boehringer Ingelheim,INDUSTRY,True,industry
NCT03818061,Centre Leon Berard,OTHER,False,hospital
NCT00521521,Sanofi,INDUSTRY,True,industry
NCT07586124,"Lepu Biopharma Co., Ltd.",INDUSTRY,True,industry
NCT03485209,"Seagen, a wholly owned subsidiary of Pfizer",INDUSTRY,True,industry
NCT05727761,University of Minnesota,OTHER,False,academic
NCT01516996,The Second People's Hospital of Sichuan,OTHER,False,hospital
NCT00522795,Brown University,OTHER,False,academic
NCT02096614,Mie University,OTHER,False,academic
NCT00137813,Dana-Farber Cancer Institute,OTHER,False,hospital
NCT06554028,Henan Cancer Hospital,OTHER_GOV,False,government
NCT06123338,Memorial Sloan Kettering Cancer Center,OTHER,False,hospital
NCT04508140,Highlight Therapeutics,INDUSTRY,True,industry
NCT03695510,National Taiwan University Hospital,OTHER,False,academic
NCT02482168,"Apexigen America, Inc.",INDUSTRY,True,industry
NCT00448760,University of Miami,OTHER,False,academic
NCT06897735,"Petrov, Andrey",OTHER,False,other
NCT05861947,Aurigene Discovery Technologies Limited,INDUSTRY,True,industry
NCT04921995,Fudan University,OTHER,False,academic
NCT02113878,Dana-Farber Cancer Institute,OTHER,False,hospital
NCT02858206,Chinese Academy of Medical Sciences,OTHER,False,academic
NCT06892431,Shanghai JMT-Bio Inc.,INDUSTRY,True,industry
NCT07462377,EpiBiologics,INDUSTRY,True,industry
NCT05784597,Philogen S.p.A.,INDUSTRY,True,industry
NCT03085719,Dana-Farber Cancer Institute,OTHER,False,hospital
NCT00559949,National Cancer Institute (NCI),NIH,False,government
NCT03927495,Shanghai Chest Hospital,OTHER,False,hospital
NCT02718820,Medical University of Vienna,OTHER,False,academic
NCT02254018,Boehringer Ingelheim,INDUSTRY,True,industry
NCT02335918,Celldex Therapeutics,INDUSTRY,True,industry
NCT02205398,Novartis Pharmaceuticals,INDUSTRY,True,industry
NCT05577182,Incyte Corporation,INDUSTRY,True,industry
NCT02873819,Gliknik Inc.,INDUSTRY,True,industry
NCT00427102,Sidney Kimmel Comprehensive Cancer Center at Johns Hopkins,OTHER,False,hospital
NCT01638533,National Cancer Institute (NCI),NIH,False,government
NCT01747551,Dana-Farber Cancer Institute,OTHER,False,hospital
NCT03347123,Incyte Corporation,INDUSTRY,True,industry
NCT03107663,"ImaginAb, Inc.",INDUSTRY,True,industry
NCT06145412,Memorial Sloan Kettering Cancer Center,OTHER,False,hospital
NCT05674526,"Wugen, Inc.",INDUSTRY,True,industry
NCT02430298,Khon Kaen University,OTHER,False,academic
NCT01872923,PCI Biotech AS,INDUSTRY,True,industry
NCT02937519,Guiyang Medical University,OTHER,False,academic
NCT04351373,Mayo Clinic,OTHER,False,hospital
NCT00820248,NCIC Clinical Trials Group,NETWORK,False,network
NCT05049681,Feng Wang,OTHER,False,individual
NCT04511078,University of Alabama at Birmingham,OTHER,False,academic
NCT05259319,Centre Georges Francois Leclerc,OTHER,False,hospital
NCT06823479,The Netherlands Cancer Institute,OTHER,False,research_nonprofit
NCT00139269,Dana-Farber Cancer Institute,OTHER,False,hospital
NCT00387348,Massachusetts General Hospital,OTHER,False,hospital
NCT06905561,The Second Affiliated Hospital of Hainan Medical University,OTHER,False,academic
NCT00784303,Eisai Inc.,INDUSTRY,True,industry
NCT02586987,AstraZeneca,INDUSTRY,True,industry
NCT00928161,M.D. Anderson Cancer Center,OTHER,False,hospital
NCT04065555,Presage Biosciences,INDUSTRY,True,industry
NCT00509561,Wales Cancer Trials Unit,OTHER,False,other
NCT02573493,Washington University School of Medicine,OTHER,False,academic
NCT04651634,MitoImmune Therapeutics,INDUSTRY,True,industry
NCT04436965,Sun Yat-sen University,OTHER,False,academic
NCT02999087,Groupe Oncologie Radiotherapie Tete et Cou,OTHER,False,research_nonprofit
NCT05780294,Sun Yat-sen University,OTHER,False,academic
NCT02272699,Peking University,OTHER,False,academic
NCT00154700,National Taiwan University Hospital,OTHER,False,academic
NCT02970539,"Athenex, Inc.",INDUSTRY,True,industry
NCT03469310,Minerva A Romero Arenas,OTHER,False,other
NCT00217581,Barbara Ann Karmanos Cancer Institute,OTHER,False,research_nonprofit
NCT07381075,West China Hospital,OTHER,False,hospital
NCT00287287,Kenneth Ain,OTHER,False,individual
NCT04019548,Jules Bordet Institute,OTHER,False,research_nonprofit
NCT00004897,Northwestern University,OTHER,False,academic
NCT01616849,Sun Yat-sen University,OTHER,False,academic
NCT02301208,He Xia,OTHER,False,individual
NCT02646748,Incyte Corporation,INDUSTRY,True,industry
NCT03747562,"University Hospital, Ghent",OTHER,False,academic
NCT00005087,Radiation Therapy Oncology Group,NETWORK,False,network
NCT03678649,Zhejiang Cancer Hospital,OTHER,False,hospital
NCT00911326,Navidea Biopharmaceuticals,INDUSTRY,True,industry
NCT06034860,"Molecular Templates, Inc.",INDUSTRY,True,industry
NCT00978250,National Cancer Institute (NCI),NIH,False,government
NCT04080804,Dan Zandberg,OTHER,False,individual
NCT00627835,British Columbia Cancer Agency,OTHER,False,other
NCT07625423,West China Hospital,OTHER,False,hospital
NCT05572684,"NextCure, Inc.",INDUSTRY,True,industry
NCT00357682,University of Oxford,OTHER,False,academic
NCT04815720,Vaccinex Inc.,INDUSTRY,True,industry
NCT01709435,National Cancer Institute (NCI),NIH,False,government
NCT05773079,"Nanfang Hospital, Southern Medical University",OTHER,False,academic
NCT03736863,The First Affiliated Hospital of Zhengzhou University,OTHER,False,academic
NCT00022217,Matrix Pharmaceutical,INDUSTRY,True,industry
NCT00019513,National Institutes of Health Clinical Center (CC),NIH,False,government
NCT02012062,Fudan University,OTHER,False,academic
NCT02350712,Daiichi Sankyo,INDUSTRY,True,industry
NCT07137858,Sun Yat-Sen Memorial Hospital of Sun Yat-Sen University,OTHER,False,academic
NCT03285906,Tianjin Medical University Cancer Institute and Hospital,OTHER,False,academic
NCT04054518,Tiago Biachi,OTHER,False,individual
NCT05944237,Cancer Research UK,OTHER,False,research_nonprofit
NCT00009841,University of Pittsburgh,OTHER,False,academic
NCT00917462,Memorial Sloan Kettering Cancer Center,OTHER,False,hospital
NCT04225117,"Astellas Pharma Global Development, Inc.",INDUSTRY,True,industry
NCT06016400,Sun Yat-Sen Memorial Hospital of Sun Yat-Sen University,OTHER,False,academic
NCT03650764,Washington University School of Medicine,OTHER,False,academic
NCT04356170,Groupe Oncologie Radiotherapie Tete et Cou,OTHER,False,research_nonprofit
NCT00095875,Dana-Farber Cancer Institute,OTHER,False,hospital
NCT03891953,Novartis Pharmaceuticals,INDUSTRY,True,industry
NCT04313504,Trisha Wise-Draper,OTHER,False,individual
NCT02383927,"Kura Oncology, Inc.",INDUSTRY,True,industry
NCT04196283,AbbVie,INDUSTRY,True,industry
NCT03540953,Fauze Maluf Filho,OTHER,False,individual
NCT05238883,HiFiBiO Therapeutics,INDUSTRY,True,industry
NCT05552807,Sinocelltech Ltd.,INDUSTRY,True,industry
NCT02054442,Radboud University Medical Center,OTHER,False,academic
NCT01258868,National Cancer Institute (NCI),NIH,False,government
NCT07485296,Gruppo Oncologico del Nord-Ovest,OTHER,False,research_nonprofit
NCT07662720,Glycyx Therapeutics,INDUSTRY,True,industry
NCT01414426,University of Chicago,OTHER,False,academic
NCT04166721,Royal Marsden NHS Foundation Trust,OTHER,False,government
NCT04280822,Henan Cancer Hospital,OTHER_GOV,False,government
NCT06122493,Ruijin Hospital,OTHER,False,hospital
NCT05063552,National Cancer Institute (NCI),NIH,False,government
NCT05395910,"National University Hospital, Singapore",OTHER,False,academic
NCT06052852,"Bolt Biotherapeutics, Inc.",INDUSTRY,True,industry
NCT03634982,"Revolution Medicines, Inc.",INDUSTRY,True,industry
NCT05363605,Fusion Pharmaceuticals Inc.,INDUSTRY,True,industry
NCT02938273,The Netherlands Cancer Institute,OTHER,False,research_nonprofit
NCT00499733,Sidney Kimmel Comprehensive Cancer Center at Johns Hopkins,OTHER,False,hospital
NCT06525220,Merus B.V.,INDUSTRY,True,industry
NCT07617246,"Second Affiliated Hospital, School of Medicine, Zhejiang University",OTHER,False,academic
NCT01824823,ECOG-ACRIN Cancer Research Group,NETWORK,False,network
NCT03855384,"Chia Tai Tianqing Pharmaceutical Group Co., Ltd.",INDUSTRY,True,industry
NCT01192204,Ohio State University,OTHER,False,academic
NCT01219673,M.D. Anderson Cancer Center,OTHER,False,hospital
NCT02508246,University of Washington,OTHER,False,academic
NCT06840561,Sun Yat-Sen University Cancer Center,OTHER,False,academic
NCT07398664,West China Hospital,OTHER,False,hospital
NCT00215995,H. Lee Moffitt Cancer Center and Research Institute,OTHER,False,hospital
NCT01719926,UMC Utrecht,OTHER,False,hospital
NCT00424255,GlaxoSmithKline,INDUSTRY,True,industry
NCT05726370,Dana-Farber Cancer Institute,OTHER,False,hospital
NCT05176483,Exelixis,INDUSTRY,True,industry
NCT01435252,University of Zurich,OTHER,False,academic
NCT02052960,Glycotope GmbH,INDUSTRY,True,industry
NCT05749042,Xin-Hua Xu,OTHER,False,individual
NCT00003118,Alliance for Clinical Trials in Oncology,OTHER,False,research_nonprofit
NCT07290621,University of Chicago,OTHER,False,academic
NCT02366546,Mie University,OTHER,False,academic
NCT01831089,PharmaMar,INDUSTRY,True,industry
NCT00228488,AstraZeneca,INDUSTRY,True,industry
NCT02822482,UNICANCER,OTHER,False,research_nonprofit
NCT06373380,Memorial Sloan Kettering Cancer Center,OTHER,False,hospital
NCT03985046,Fudan University,OTHER,False,academic
NCT04209660,Memorial Sloan Kettering Cancer Center,OTHER,False,hospital
NCT00580320,Virginia Commonwealth University,OTHER,False,academic
NCT04354246,Compugen Ltd,INDUSTRY,True,industry
NCT02131155,Boehringer Ingelheim,INDUSTRY,True,industry
NCT00017498,European Organisation for Research and Treatment of Cancer - EORTC,NETWORK,False,network
NCT01783587,Dana-Farber Cancer Institute,OTHER,False,hospital
NCT02988921,"Cancer Institute and Hospital, Chinese Academy of Medical Sciences",OTHER,False,hospital
NCT00004235,Alliance for Clinical Trials in Oncology,OTHER,False,research_nonprofit
NCT05587374,Sun Yat-sen University,OTHER,False,academic
NCT01191697,Dana-Farber Cancer Institute,OTHER,False,hospital
NCT04958239,Boehringer Ingelheim,INDUSTRY,True,industry
NCT07081074,West China Hospital,OTHER,False,hospital
NCT00951379,National Cancer Institute (NCI),NIH,False,government
NCT00354523,M.D. Anderson Cancer Center,OTHER,False,hospital
NCT02812641,National Taiwan University Hospital,OTHER,False,academic
NCT06046482,M.D. Anderson Cancer Center,OTHER,False,hospital
NCT06515990,"Doma Biopharmaceutical（Suzhou）Co., Ltd.",INDUSTRY,True,industry
NCT05429866,Jules Bordet Institute,OTHER,False,research_nonprofit
NCT06703047,Fudan University,OTHER,False,academic
NCT03815903,Barretos Cancer Hospital,OTHER,False,hospital
NCT04453046,Aethlon Medical Inc.,INDUSTRY,True,industry
NCT05245760,Zhonglin Hao,OTHER,False,individual
NCT06383780,XIANG YANQUN,OTHER,False,other
NCT03126708,Peking University,OTHER,False,academic
NCT06953089,DualityBio Inc.,INDUSTRY,True,industry
NCT00072332,Memorial Sloan Kettering Cancer Center,OTHER,False,hospital
NCT00033618,National Cancer Institute (NCI),NIH,False,government
NCT00580983,University of Michigan Rogel Cancer Center,OTHER,False,academic
NCT00328458,Sidney Kimmel Comprehensive Cancer Center at Thomas Jefferson University,OTHER,False,academic
NCT07219212,Johnson & Johnson Enterprise Innovation Inc.,INDUSTRY,True,industry
NCT03735290,Mendus,INDUSTRY,True,industry
NCT06781567,HitGen Inc.,INDUSTRY,True,industry
NCT03667482,Memorial Sloan Kettering Cancer Center,OTHER,False,hospital
NCT02051751,Novartis Pharmaceuticals,INDUSTRY,True,industry
NCT07303231,Fujian Medical University Union Hospital,OTHER,False,academic
NCT02123511,Mayo Clinic,OTHER,False,hospital
NCT04207918,"Cancer Institute and Hospital, Chinese Academy of Medical Sciences",OTHER,False,hospital
NCT01800071,Cancer Research UK,OTHER,False,research_nonprofit
NCT02958111,Sun Yat-sen University,OTHER,False,academic
NCT00006481,Radiation Therapy Oncology Group,NETWORK,False,network
NCT05681039,M.D. Anderson Cancer Center,OTHER,False,hospital
NCT05322499,Zhejiang Cancer Hospital,OTHER,False,hospital
NCT07447570,"Second Affiliated Hospital, School of Medicine, Zhejiang University",OTHER,False,academic
NCT00459043,Dana-Farber Cancer Institute,OTHER,False,hospital
NCT02442739,Cedars-Sinai Medical Center,OTHER,False,hospital
NCT01528618,Sun Yat-sen University,OTHER,False,academic
NCT06465069,Eli Lilly and Company,INDUSTRY,True,industry
NCT05705492,OHSU Knight Cancer Institute,OTHER,False,research_nonprofit
NCT01695122,Instituto do Cancer do Estado de São Paulo,OTHER,False,research_nonprofit
NCT00725764,GlaxoSmithKline,INDUSTRY,True,industry
NCT04840472,Stanford University,OTHER,False,academic
NCT02729324,Yun-fei Xia,OTHER,False,individual
NCT00268671,Sanofi,INDUSTRY,True,industry
NCT06535607,AstraZeneca,INDUSTRY,True,industry
NCT00095693,National Cancer Institute (NCI),NIH,False,government
NCT04275986,Chinese Academy of Medical Sciences,OTHER,False,academic
NCT01402180,Fudan University,OTHER,False,academic
NCT07484139,UNC Lineberger Comprehensive Cancer Center,OTHER,False,hospital
NCT03150810,BeiGene,INDUSTRY,True,industry
NCT07340177,Zhejiang Provincial People's Hospital,OTHER,False,hospital
NCT04268407,Chang Gung Memorial Hospital,OTHER,False,hospital
NCT06022276,Tianjin Medical University Second Hospital,OTHER,False,academic
NCT06959641,Jochen Lorch,OTHER,False,individual
NCT00274885,GERCOR - Multidisciplinary Oncology Cooperative Group,OTHER,False,network
NCT05114707,Sun Yat-sen University,OTHER,False,academic
NCT06915727,Mayo Clinic,OTHER,False,hospital
NCT00705016,"Merck KGaA, Darmstadt, Germany",INDUSTRY,True,industry
NCT06747390,Ryan Carey,OTHER,False,individual
NCT00714649,Cliniques universitaires Saint-Luc- Université Catholique de Louvain,OTHER,False,academic
NCT00174837,Sanofi,INDUSTRY,True,industry
NCT07363031,Instituto Oncoclinicas,OTHER,False,research_nonprofit
NCT00101075,Dana-Farber Cancer Institute,OTHER,False,hospital
NCT00436293,Sanofi,INDUSTRY,True,industry
NCT03602911,West Virginia University,OTHER,False,academic
NCT06869213,Peking University Cancer Hospital & Institute,OTHER,False,academic
NCT06290505,Australasian Gastro-Intestinal Trials Group,NETWORK,False,network
NCT00389441,Pfizer,INDUSTRY,True,industry
NCT00625846,National Cancer Institute (NCI),NIH,False,government
NCT04513808,The Cleveland Clinic,OTHER,False,hospital
NCT01126060,Samsung Medical Center,OTHER,False,hospital
NCT07501650,Thomas Jefferson University,OTHER,False,academic
NCT03162224,MedImmune LLC,INDUSTRY,True,industry
NCT07555860,Sun Yat-sen University,OTHER,False,academic
NCT02033538,Zhejiang University,OTHER,False,academic
NCT06788990,Bicara Therapeutics,INDUSTRY,True,industry
NCT02760667,George Washington University,OTHER,False,academic
NCT00014456,Dartmouth-Hitchcock Medical Center,OTHER,False,hospital
NCT02999893,"Peter MacCallum Cancer Centre, Australia",OTHER,False,hospital
NCT00656227,Renovo,INDUSTRY,True,industry
NCT03652233,Vanderbilt-Ingram Cancer Center,OTHER,False,hospital
NCT04524884,Fudan University,OTHER,False,academic
NCT02112370,Seoul National University Hospital,OTHER,False,academic
NCT01020097,Abramson Cancer Center at Penn Medicine,OTHER,False,hospital
NCT06760819,Bayer,INDUSTRY,True,industry
NCT07106827,West China Hospital,OTHER,False,hospital
NCT00002520,Eastern Cooperative Oncology Group,NETWORK,False,network
NCT02415881,Eben Rosenthal,OTHER,False,individual
NCT06713421,Changhai Hospital,OTHER,False,hospital
NCT00805012,Seoul National University Hospital,OTHER,False,academic
NCT00375245,University of Chicago,OTHER,False,academic
NCT01086488,"Ministry of Health, Malaysia",OTHER_GOV,False,government
NCT06055816,Zhejiang Cancer Hospital,OTHER,False,hospital
NCT00203905,University of Chicago,OTHER,False,academic
NCT05448885,"Cancer Institute and Hospital, Chinese Academy of Medical Sciences",OTHER,False,hospital
NCT01142388,National Cancer Institute (NCI),NIH,False,government
NCT06907602,Peking Union Medical College Hospital,OTHER,False,academic
NCT02124707,UNC Lineberger Comprehensive Cancer Center,OTHER,False,hospital
NCT00557206,Minneapolis Veterans Affairs Medical Center,FED,False,government
NCT07445048,Shanghai Ninth People's Hospital Affiliated to Shanghai Jiao Tong University,OTHER,False,academic
NCT05608369,Case Comprehensive Cancer Center,OTHER,False,hospital
NCT02593929,University of Pittsburgh,OTHER,False,academic
NCT01723202,Bhavana Konda,OTHER,False,individual
NCT04548271,Sun Yat-sen University,OTHER,False,academic
NCT04875611,Maria Sklodowska-Curie National Research Institute of Oncology,OTHER,False,research_nonprofit
NCT03383094,"Loren Mell, MD",OTHER,False,other
NCT05590650,China Medical University Hospital,OTHER,False,academic
NCT02488629,"SynCore Biotechnology Co., Ltd.",INDUSTRY,True,industry
NCT07390838,"Nanjing Sanhome Pharmaceutical, Co., Ltd.",INDUSTRY,True,industry
NCT01534897,Massachusetts General Hospital,OTHER,False,hospital
NCT02188615,Chengchu Zhu,OTHER,False,individual
NCT02892201,Yale University,OTHER,False,academic
NCT01359267,University of Chicago,OTHER,False,academic
NCT03196232,George Albert Fisher,OTHER,False,individual
NCT03757754,Zhejiang Hisun Pharmaceutical Co. Ltd.,INDUSTRY,True,industry
NCT00134043,National Cancer Institute (NCI),NIH,False,government
NCT05208762,"Seagen, a wholly owned subsidiary of Pfizer",INDUSTRY,True,industry
NCT07254585,"CSPC Megalith Biopharmaceutical Co.,Ltd.",INDUSTRY,True,industry
NCT02902432,China International Medical Foundation,OTHER,False,research_nonprofit
NCT01427478,Centre Leon Berard,OTHER,False,hospital
NCT04523883,Shanghai Ninth People's Hospital Affiliated to Shanghai Jiao Tong University,OTHER,False,academic
NCT04390958,Chinese Academy of Medical Sciences,OTHER,False,academic
NCT05260671,Eye & ENT Hospital of Fudan University,OTHER,False,academic
NCT00002026,Glaxo Wellcome,INDUSTRY,True,industry
NCT05859074,Memorial Sloan Kettering Cancer Center,OTHER,False,hospital
NCT06802835,Sun Yat-sen University,OTHER,False,academic
NCT00002735,SWOG Cancer Research Network,NETWORK,False,network
NCT04136886,Sun Yat-sen University,OTHER,False,academic
NCT06912763,M.D. Anderson Cancer Center,OTHER,False,hospital
NCT02757391,M.D. Anderson Cancer Center,OTHER,False,hospital
NCT06629597,"MediLink Therapeutics (Suzhou) Co., Ltd.",INDUSTRY,True,industry
NCT06408116,University Hospital Heidelberg,OTHER,False,academic
NCT01259284,M.D. Anderson Cancer Center,OTHER,False,hospital
NCT00049140,"David M. Brizel, MD",OTHER,False,other
NCT00256308,"University of California, Irvine",OTHER,False,academic
NCT00098813,National Cancer Institute (NCI),NIH,False,government
NCT02988960,AbbVie,INDUSTRY,True,industry
NCT05057247,Glenn J. Hanna,OTHER,False,other
NCT05355701,Pfizer,INDUSTRY,True,industry
NCT01515137,University of Pittsburgh,OTHER,False,academic
NCT01624090,National Cancer Institute (NCI),NIH,False,government
NCT02649530,University of Michigan Rogel Cancer Center,OTHER,False,academic
NCT01967927,University of Arkansas,OTHER,False,academic
NCT03952065,Second Affiliated Hospital of Guangzhou Medical University,OTHER,False,academic
NCT03006887,"Eisai Co., Ltd.",INDUSTRY,True,industry
NCT01360827,"Merck KGaA, Darmstadt, Germany",INDUSTRY,True,industry
NCT02801487,Shanghai Proton and Heavy Ion Center,OTHER,False,hospital
NCT04099277,Eli Lilly and Company,INDUSTRY,True,industry
NCT01386632,Sanford Health,OTHER,False,hospital
NCT00584155,University of Oklahoma,OTHER,False,academic
NCT05073172,OHSU Knight Cancer Institute,OTHER,False,research_nonprofit
NCT04910854,Shanghai Ninth People's Hospital Affiliated to Shanghai Jiao Tong University,OTHER,False,academic
NCT03925090,Sun Yat-sen University,OTHER,False,academic
NCT05878288,"Peter MacCallum Cancer Centre, Australia",OTHER,False,hospital
NCT01141309,Memorial Sloan Kettering Cancer Center,OTHER,False,hospital
NCT01391572,Fudan University,OTHER,False,academic
NCT04150900,"University of Maryland, Baltimore",OTHER,False,academic
NCT02531906,Roswell Park Cancer Institute,OTHER,False,research_nonprofit
NCT07254962,Sir Mortimer B. Davis - Jewish General Hospital,OTHER,False,hospital
NCT06258811,Lai-ping Zhong,OTHER,False,individual
NCT05104567,Sanofi,INDUSTRY,True,industry
NCT03923998,Indrayani Hospital and Cancer Institute,OTHER,False,hospital
NCT04732494,BeiGene,INDUSTRY,True,industry
NCT06712888,Sun Yat-sen University,OTHER,False,academic
NCT03844763,Gruppo Oncologico del Nord-Ovest,OTHER,False,research_nonprofit
NCT02347332,Pierre Fabre Medicament,INDUSTRY,True,industry
NCT04589624,M.D. Anderson Cancer Center,OTHER,False,hospital
NCT04766827,Tianjin Medical University Cancer Institute and Hospital,OTHER,False,academic
NCT01895829,M.D. Anderson Cancer Center,OTHER,False,hospital
NCT07085091,ALX Oncology Inc.,INDUSTRY,True,industry
NCT06769698,Regeneron Pharmaceuticals,INDUSTRY,True,industry
NCT04801095,Wellmarker Bio,INDUSTRY,True,industry
NCT05287113,Incyte Biosciences International Sàrl,INDUSTRY,True,industry
NCT00537199,M.D. Anderson Cancer Center,OTHER,False,hospital
NCT02219711,Mirati Therapeutics Inc.,INDUSTRY,True,industry
NCT04832438,Actuate Therapeutics Inc.,INDUSTRY,True,industry
NCT00126568,National Cancer Institute (NCI),NIH,False,government
NCT02980653,TTY Biopharm,INDUSTRY,True,industry
NCT00894153,"Shenzhen SiBiono GeneTech Co.,Ltd",INDUSTRY,True,industry
NCT07156227,National Cancer Institute (NCI),NIH,False,government
NCT06444009,Lei Liu,OTHER,False,individual
NCT01986426,Lytix Biopharma AS,INDUSTRY,True,industry
NCT06064097,National Cancer Institute (NCI),NIH,False,government
NCT00199160,Jules Bordet Institute,OTHER,False,research_nonprofit
NCT00841191,"Centocor, Inc.",INDUSTRY,True,industry
NCT04508816,Fudan University,OTHER,False,academic
NCT00122460,"Merck KGaA, Darmstadt, Germany",INDUSTRY,True,industry
NCT06975410,Yuhan Corporation,INDUSTRY,True,industry
NCT07354698,Daping Hospital and the Research Institute of Surgery of the Third Military Medical University,OTHER,False,government
NCT02438995,Northwell Health,OTHER,False,hospital
NCT01721525,Memorial Sloan Kettering Cancer Center,OTHER,False,hospital
NCT00733889,Spanish Cooperative Group for the Treatment of Digestive Tumours (TTD),OTHER,False,network
NCT01081041,Eli Lilly and Company,INDUSTRY,True,industry
NCT02576665,Tocagen Inc.,INDUSTRY,True,industry
NCT05981157,"Zhongshan People's Hospital, Guangdong, China",OTHER,False,hospital
NCT02716688,Zhejiang Provincial People's Hospital,OTHER,False,hospital
NCT05973656,"Masonic Cancer Center, University of Minnesota",OTHER,False,academic
NCT03088059,European Organisation for Research and Treatment of Cancer - EORTC,NETWORK,False,network
NCT01142414,European Organisation for Research and Treatment of Cancer - EORTC,NETWORK,False,network
NCT03024489,Mahidol University,OTHER,False,academic
NCT04833257,Sun Yat-sen University,OTHER,False,academic
NCT00442507,Washington University School of Medicine,OTHER,False,academic
NCT04883281,University of Texas Southwestern Medical Center,OTHER,False,academic
NCT00281788,Duke University,OTHER,False,academic
NCT06680115,First Affiliated Hospital of Guangxi Medical University,OTHER,False,academic
NCT03578406,Xinqiao Hospital of Chongqing,OTHER,False,hospital
NCT02209701,Boehringer Ingelheim,INDUSTRY,True,industry
NCT00660218,State University of New York - Upstate Medical University,OTHER,False,academic
NCT04846309,University of Utah,OTHER,False,academic
NCT00601913,Wake Forest University Health Sciences,OTHER,False,academic
NCT07513324,Dana-Farber Cancer Institute,OTHER,False,hospital
NCT02083692,Sidney Kimmel Comprehensive Cancer Center at Thomas Jefferson University,OTHER,False,academic
NCT03433027,"Benitec Biopharma, Inc.",INDUSTRY,True,industry
NCT01415986,University of Arkansas,OTHER,False,academic
NCT06500052,"Sichuan Baili Pharmaceutical Co., Ltd.",INDUSTRY,True,industry
NCT00935675,"Gustave Roussy, Cancer Campus, Grand Paris",OTHER,False,hospital
NCT00004163,Dana-Farber Cancer Institute,OTHER,False,hospital
NCT01587820,Southern Illinois University,OTHER,False,academic
NCT00006033,H. Lee Moffitt Cancer Center and Research Institute,OTHER,False,hospital
NCT05311618,"NGM Biopharmaceuticals, Inc",INDUSTRY,True,industry
NCT05523323,Merck Sharp & Dohme LLC,INDUSTRY,True,industry
NCT02578641,Tessa Therapeutics,INDUSTRY,True,industry
NCT04731740,"Saint Petersburg State University, Russia",OTHER,False,academic
NCT00525135,"University of California, San Francisco",OTHER,False,academic
NCT06747585,Alentis Therapeutics AG,INDUSTRY,True,industry
NCT04633278,Regeneron Pharmaceuticals,INDUSTRY,True,industry
NCT00003657,Dana-Farber Cancer Institute,OTHER,False,hospital
NCT00256295,Sai-Hong Ignatius Ou,OTHER,False,individual
NCT06912711,Sun Yat-sen University,OTHER,False,academic
NCT01404156,Dr. Gordon Buduhan,OTHER,False,individual
NCT01034189,National Taiwan University Hospital,OTHER,False,academic
NCT01417390,First People's Hospital of Foshan,OTHER,False,hospital
NCT05628922,Fudan University,OTHER,False,academic
NCT02499120,Pfizer,INDUSTRY,True,industry
NCT00918281,GE Healthcare,INDUSTRY,True,industry
NCT05394415,Jiangsu Cancer Institute & Hospital,OTHER,False,hospital
NCT02584400,Maastricht Radiation Oncology,OTHER,False,individual
NCT02842125,"MultiVir, Inc.",INDUSTRY,True,industry
NCT05563766,VA Office of Research and Development,FED,False,government
NCT06238479,Eli Lilly and Company,INDUSTRY,True,industry
NCT00094081,Sanofi,INDUSTRY,True,industry
NCT00636298,Emory University,OTHER,False,academic
NCT06006650,Tang-Du Hospital,OTHER,False,hospital
NCT01064479,M.D. Anderson Cancer Center,OTHER,False,hospital
NCT00061906,Ohio State University Comprehensive Cancer Center,OTHER,False,academic
NCT04361409,China Medical University Hospital,OTHER,False,academic
NCT00759226,CONKO-Studiengruppe,OTHER,False,other
NCT00002654,Swiss Cancer Institute,OTHER,False,research_nonprofit
NCT05275946,Osaka University,OTHER,False,academic
NCT05357846,Sun Yat-sen University,OTHER,False,academic
NCT05603065,First Affiliated Hospital Xi'an Jiaotong University,OTHER,False,academic
NCT00654238,University of Pennsylvania,OTHER,False,academic
NCT06781983,Innate Pharma,INDUSTRY,True,industry
NCT00697632,Mirati Therapeutics Inc.,INDUSTRY,True,industry
NCT05595590,Tianjin Medical University Cancer Institute and Hospital,OTHER,False,academic
NCT05294172,"Sichuan Kelun-Biotech Biopharmaceutical Co., Ltd.",INDUSTRY,True,industry
NCT02128906,Christopher Wilke,OTHER,False,individual
NCT07125755,Sun Yat-sen University,OTHER,False,academic
NCT00872404,Cliniques universitaires Saint-Luc- Université Catholique de Louvain,OTHER,False,academic
NCT07435311,R-Pharm,INDUSTRY,True,industry
NCT01744340,howard safran,OTHER,False,other
NCT03690388,Exelixis,INDUSTRY,True,industry
NCT02399228,"Santalis Pharmaceuticals, Inc.",INDUSTRY,True,industry
NCT06265025,"GeneMedicine Co., Ltd.",INDUSTRY,True,industry
NCT01735409,Sun Yat-sen University,OTHER,False,academic
NCT00062387,National Cancer Institute (NCI),NIH,False,government
NCT07290010,Hebei Medical University Fourth Hospital,OTHER,False,academic
NCT05791136,The Central Hospital of Lishui City,OTHER,False,hospital
NCT00957086,"National Cancer Centre, Singapore",OTHER,False,hospital
NCT06339619,Sun Yat-Sen Memorial Hospital of Sun Yat-Sen University,OTHER,False,academic
NCT00101907,Amgen,INDUSTRY,True,industry
NCT01154920,M.D. Anderson Cancer Center,OTHER,False,hospital
NCT03215719,NYU Langone Health,OTHER,False,hospital
NCT02677597,Fudan University,OTHER,False,academic
NCT00104871,National Cancer Institute (NCI),NIH,False,government
NCT03087864,Academisch Medisch Centrum - Universiteit van Amsterdam (AMC-UvA),OTHER,False,academic
NCT00057395,Aronex Pharmaceuticals,INDUSTRY,True,industry
NCT06560645,Prelude Therapeutics,INDUSTRY,True,industry
NCT02012231,Fore Biotherapeutics,INDUSTRY,True,industry
NCT07385079,Sun Yat-sen University,OTHER,False,academic
NCT04435197,Ruijin Hospital,OTHER,False,hospital
NCT00084435,SWOG Cancer Research Network,NETWORK,False,network
NCT01838642,National Institutes of Health Clinical Center (CC),NIH,False,government
NCT05057013,Cancer Research UK,OTHER,False,research_nonprofit
NCT04529850,"Galera Therapeutics, Inc.",INDUSTRY,True,industry
NCT00047008,Radiation Therapy Oncology Group,NETWORK,False,network
NCT00982436,University of Vermont,OTHER,False,academic
NCT03829345,Royal Marsden NHS Foundation Trust,OTHER,False,government
NCT02724176,Peking University Cancer Hospital & Institute,OTHER,False,academic
NCT04713891,Keythera Pharmaceuticals (Australia) Pty Ltd,INDUSTRY,True,industry
NCT00168181,Alberta Health services,OTHER,False,hospital
NCT04126460,Shanghai Ninth People's Hospital Affiliated to Shanghai Jiao Tong University,OTHER,False,academic
NCT06601335,Akeso,INDUSTRY,True,industry
NCT00435851,"Gustave Roussy, Cancer Campus, Grand Paris",OTHER,False,hospital
NCT00409331,M.D. Anderson Cancer Center,OTHER,False,hospital
NCT03329950,Celldex Therapeutics,INDUSTRY,True,industry
NCT05526924,University of Chicago,OTHER,False,academic
NCT07711470,"Cancer Institute and Hospital, Chinese Academy of Medical Sciences",OTHER,False,hospital
NCT03093116,"Turning Point Therapeutics, Inc.",INDUSTRY,True,industry
NCT03341936,Dana-Farber Cancer Institute,OTHER,False,hospital
NCT06959108,Groupe Oncologie Radiotherapie Tete et Cou,OTHER,False,research_nonprofit
NCT01115790,Eli Lilly and Company,INDUSTRY,True,industry
NCT07650266,Memorial Sloan Kettering Cancer Center,OTHER,False,hospital
NCT02918955,"Insel Gruppe AG, University Hospital Bern",OTHER,False,academic
NCT01204099,Cascadian Therapeutics Inc.,INDUSTRY,True,industry
NCT05780307,ImmuneOnco Biopharmaceuticals (Shanghai) Inc.,OTHER,True,industry
NCT00573131,Boston Scientific Corporation,INDUSTRY,True,industry
NCT02250599,Sun Yat-sen University,OTHER,False,academic
NCT07189897,Kiranya Arnold,OTHER,False,individual
NCT00629863,North Wales Organisation for Randomised Trials in Health,OTHER,False,hospital
NCT00281736,Roswell Park Cancer Institute,OTHER,False,research_nonprofit
NCT00387530,"University of California, San Diego",OTHER,False,academic
NCT03019003,Massachusetts General Hospital,OTHER,False,hospital
NCT07218068,Wake Forest University Health Sciences,OTHER,False,academic
NCT01553032,University of Heidelberg Medical Center,OTHER,False,academic
NCT06016920,Nykode Therapeutics ASA,INDUSTRY,True,industry
NCT07340515,Man Hu,OTHER,False,individual
NCT07545083,Shanghai Zhongshan Hospital,OTHER,False,hospital
NCT06749899,Sun Yat-Sen University Cancer Center,OTHER,False,academic
NCT00005088,Radiation Therapy Oncology Group,NETWORK,False,network
NCT04854499,Gilead Sciences,INDUSTRY,True,industry
NCT05650216,Shanghai Chest Hospital,OTHER,False,hospital
NCT06762158,RenJi Hospital,OTHER,False,hospital
NCT05668858,"Sichuan Baili Pharmaceutical Co., Ltd.",INDUSTRY,True,industry
NCT00066716,Weill Medical College of Cornell University,OTHER,False,academic
NCT00019331,National Cancer Institute (NCI),NIH,False,government
NCT06097468,"University of California, San Francisco",OTHER,False,academic
NCT05576077,"Turnstone Biologics, Corp.",INDUSTRY,True,industry
NCT03081897,"Charite University, Berlin, Germany",OTHER,False,academic
NCT01164176,Yonsei University,OTHER,False,academic
NCT00268437,Alliance for Clinical Trials in Oncology,OTHER,False,research_nonprofit
NCT06446570,Seoul National University Hospital,OTHER,False,academic
NCT06509568,Zhejiang Cancer Hospital,OTHER,False,hospital
NCT02952989,Seagen Inc.,INDUSTRY,True,industry
NCT01856478,Boehringer Ingelheim,INDUSTRY,True,industry
NCT00137852,Dana-Farber Cancer Institute,OTHER,False,hospital
NCT02662348,Yi Miao,OTHER,False,individual
NCT04460352,Karolinska University Hospital,OTHER,False,academic
NCT07630168,UNC Lineberger Comprehensive Cancer Center,OTHER,False,hospital
NCT00333502,NewLink Genetics Corporation,INDUSTRY,True,industry
NCT03913182,Shanghai Chest Hospital,OTHER,False,hospital
NCT01270321,Emory University,OTHER,False,academic
NCT07217704,SOFIE,INDUSTRY,True,industry
NCT01097304,National Cancer Institute (NCI),NIH,False,government
NCT06592599,Stanford University,OTHER,False,academic
NCT03065218,Medstar Health Research Institute,OTHER,False,research_nonprofit
NCT00525915,M.D. Anderson Cancer Center,OTHER,False,hospital
NCT04286958,Hebei Medical University Fourth Hospital,OTHER,False,academic
NCT06305247,Ipsen,INDUSTRY,True,industry
NCT07388758,Sun Yat-sen University,OTHER,False,academic
NCT03511391,"University Hospital, Ghent",OTHER,False,academic
NCT00607594,National Cancer Institute (NCI),NIH,False,government
NCT02500940,Taichung Veterans General Hospital,OTHER,False,hospital
NCT03606655,University of Florida,OTHER,False,academic
NCT00410761,"Genzyme, a Sanofi Company",INDUSTRY,True,industry
NCT05536037,Thomas Jefferson University,OTHER,False,academic
NCT05312372,Institut de Recherches Internationales Servier,OTHER,False,research_nonprofit
NCT00736944,Washington University School of Medicine,OTHER,False,academic
NCT06273852,Pure Biologics S.A.,INDUSTRY,True,industry
NCT02359968,Centre Oscar Lambret,OTHER,False,hospital
NCT04006041,Jianhua Fu,OTHER,False,individual
NCT02642809,Washington University School of Medicine,OTHER,False,academic
NCT00005842,National Cancer Institute (NCI),NIH,False,government
NCT03914300,National Cancer Institute (NCI),NIH,False,government
NCT01182285,National Cancer Institute (NCI),NIH,False,government
NCT05980000,Washington University School of Medicine,OTHER,False,academic
NCT00113399,Radiation Therapy Oncology Group,NETWORK,False,network
NCT02347904,Academisch Medisch Centrum - Universiteit van Amsterdam (AMC-UvA),OTHER,False,academic
NCT02133612,Chinese Academy of Medical Sciences,OTHER,False,academic
NCT00707473,M.D. Anderson Cancer Center,OTHER,False,hospital
NCT05363709,M.D. Anderson Cancer Center,OTHER,False,hospital
NCT04005170,Mian XI,OTHER,False,other
NCT01196390,National Cancer Institute (NCI),NIH,False,government
NCT03109873,Sidney Kimmel Comprehensive Cancer Center at Thomas Jefferson University,OTHER,False,academic
NCT00094978,National Cancer Institute (NCI),NIH,False,government
NCT02748707,Tata Memorial Hospital,OTHER_GOV,False,government
NCT05241834,Eli Lilly and Company,INDUSTRY,True,industry
NCT01581970,"Masonic Cancer Center, University of Minnesota",OTHER,False,academic
NCT07631871,Haihua Yuan,OTHER,False,individual
NCT04282070,"Jiangsu HengRui Medicine Co., Ltd.",INDUSTRY,True,industry
NCT01384799,"Curis, Inc.",INDUSTRY,True,industry
NCT03783442,BeiGene,INDUSTRY,True,industry
NCT05076760,"Memgen, Inc.",INDUSTRY,True,industry
NCT05930938,Groupe Oncologie Radiotherapie Tete et Cou,OTHER,False,research_nonprofit
NCT05784012,Grupo Español de Tratamiento de Tumores de Cabeza y Cuello,OTHER,False,research_nonprofit
NCT07403136,Fudan University,OTHER,False,academic
NCT00160875,"University Health Network, Toronto",OTHER,False,academic
NCT01308320,Yonsei University,OTHER,False,academic
NCT04627961,"National University Hospital, Singapore",OTHER,False,academic
NCT04654403,The First Affiliated Hospital of Zhengzhou University,OTHER,False,academic
NCT02178072,Yale University,OTHER,False,academic
NCT03370276,H. Lee Moffitt Cancer Center and Research Institute,OTHER,False,hospital
NCT04460066,Lee's Pharmaceutical Limited,INDUSTRY,True,industry
NCT00072033,Swiss Cancer Institute,OTHER,False,research_nonprofit
NCT04238624,Memorial Sloan Kettering Cancer Center,OTHER,False,hospital
NCT07137039,The First Affiliated Hospital of Xiamen University,OTHER,False,academic
NCT05163483,Ruihua Xu,OTHER,False,individual
NCT06102447,Sichuan Cancer Hospital and Research Institute,OTHER,False,hospital
NCT00006360,Radiation Therapy Oncology Group,NETWORK,False,network
NCT06360978,Assiut University,OTHER,False,academic
NCT00060268,Roswell Park Cancer Institute,OTHER,False,research_nonprofit
NCT01915134,Zhejiang Cancer Hospital,OTHER,False,hospital
NCT05537740,Bayer,INDUSTRY,True,industry
NCT00503776,Vanderbilt-Ingram Cancer Center,OTHER,False,hospital
NCT02414048,Marius Gustav Bredell,OTHER,False,individual
NCT04644315,Hoffmann-La Roche,INDUSTRY,True,industry
NCT00060242,Case Comprehensive Cancer Center,OTHER,False,hospital
NCT00223158,Patrice Perron,OTHER,False,individual
NCT07371611,"Qunxing Li,MD",OTHER,False,other
NCT00158041,"Mt. Sinai Medical Center, Miami",OTHER,False,hospital
NCT04868045,Memorial Sloan Kettering Cancer Center,OTHER,False,hospital
NCT06251973,Memorial Sloan Kettering Cancer Center,OTHER,False,hospital
NCT06048367,Sichuan Enray Pharmaceutical Sciences Company,OTHER,True,industry
NCT04432597,National Cancer Institute (NCI),NIH,False,government
NCT02045368,"IGF Oncology, LLC",INDUSTRY,True,industry
NCT02381561,National Cancer Institute (NCI),NIH,False,government
NCT05721755,ECOG-ACRIN Cancer Research Group,NETWORK,False,network
NCT02621970,Sun Yat-sen University,OTHER,False,academic
NCT03015727,Zhejiang Cancer Hospital,OTHER,False,hospital
NCT02702388,Eisai Inc.,INDUSTRY,True,industry
NCT04426669,"Intima Bioscience, Inc.",INDUSTRY,True,industry
NCT05452408,Medical College of Wisconsin,OTHER,False,academic
NCT02521870,Dynavax Technologies Corporation,INDUSTRY,True,industry
NCT06047379,"Neonc Technologies, Inc.",INDUSTRY,True,industry
NCT02465736,Sun Yat-sen University,OTHER,False,academic
NCT01386346,Weill Medical College of Cornell University,OTHER,False,academic
NCT00193895,Trans Tasman Radiation Oncology Group,OTHER,False,research_nonprofit
NCT00005647,Case Comprehensive Cancer Center,OTHER,False,hospital
NCT06706401,Centre Leon Berard,OTHER,False,hospital
NCT00878995,"The University of Texas Medical Branch, Galveston",OTHER,False,academic
NCT06501664,"Rui-hua Xu, MD, PhD",OTHER,False,other
NCT01840332,University of Tartu,OTHER,False,academic
NCT03444701,"Eisai Co., Ltd.",INDUSTRY,True,industry
NCT00006471,M.D. Anderson Cancer Center,OTHER,False,hospital
NCT03557112,Guiyang Medical University,OTHER,False,academic
NCT07403435,"Union Hospital, Tongji Medical College, Huazhong University of Science and Technology",OTHER,False,academic
NCT00154804,National Taiwan University Hospital,OTHER,False,academic
NCT07423078,Matthew Spector,OTHER,False,individual
NCT01484847,"University Health Network, Toronto",OTHER,False,academic
NCT00768664,Pfizer,INDUSTRY,True,industry
NCT03224221,The First Affiliated Hospital of Anhui Medical University,OTHER,False,academic
NCT02080416,Sidney Kimmel Comprehensive Cancer Center at Johns Hopkins,OTHER,False,hospital
NCT03261947,"Millennium Pharmaceuticals, Inc.",INDUSTRY,True,industry
NCT07581821,Ming-Yuan Chen,OTHER,False,individual
NCT00002984,UNC Lineberger Comprehensive Cancer Center,OTHER,False,hospital
NCT03507998,Curegenix Inc.,INDUSTRY,True,industry
NCT06804850,West China Hospital,OTHER,False,hospital
NCT01726582,Medical College of Wisconsin,OTHER,False,academic
NCT02429037,"Shenzhen SiBiono GeneTech Co.,Ltd",INDUSTRY,True,industry
NCT04590963,AstraZeneca,INDUSTRY,True,industry
NCT02055963,M.D. Anderson Cancer Center,OTHER,False,hospital
NCT05827614,"Boundless Bio, Inc.",INDUSTRY,True,industry
NCT05802290,Gruppo Oncologico del Nord-Ovest,OTHER,False,research_nonprofit
NCT05364918,Affiliated Cancer Hospital & Institute of Guangzhou Medical University,OTHER,False,academic
NCT03780725,Boehringer Ingelheim,INDUSTRY,True,industry
NCT02022098,Debiopharm International SA,INDUSTRY,True,industry
NCT00090727,Novacea,INDUSTRY,True,industry
NCT01341834,"National Cancer Centre, Singapore",OTHER,False,hospital
NCT00415194,Eli Lilly and Company,INDUSTRY,True,industry
NCT06100497,Beijing Tongren Hospital,OTHER,False,hospital
NCT02794675,Case Comprehensive Cancer Center,OTHER,False,hospital
NCT05621707,Shanghai Chest Hospital,OTHER,False,hospital
NCT06746961,The First Affiliated Hospital of Zhengzhou University,OTHER,False,academic
NCT05232552,Zhejiang Cancer Hospital,OTHER,False,hospital
NCT03097939,"National Cancer Centre, Singapore",OTHER,False,hospital
NCT01220583,Radiation Therapy Oncology Group,NETWORK,False,network
NCT00861094,UNICANCER,OTHER,False,research_nonprofit
NCT01035437,Roswell Park Cancer Institute,OTHER,False,research_nonprofit
NCT06869226,Peking University Cancer Hospital & Institute,OTHER,False,academic
NCT06472713,Ming-Yuan Chen,OTHER,False,individual
NCT06494943,Fudan University,OTHER,False,academic
NCT03295955,Seoul National University Hospital,OTHER,False,academic
NCT00004257,Albany Medical College,OTHER,False,academic
NCT04665843,Hoffmann-La Roche,INDUSTRY,True,industry
NCT03942653,Manish Patel,OTHER,False,individual
NCT05433116,Universität des Saarlandes,OTHER,False,academic
NCT02979977,Yale University,OTHER,False,academic
NCT06611150,Sun Yat-sen University,OTHER,False,academic
NCT04237090,Ciusss de L'Est de l'Île de Montréal,OTHER,False,hospital
NCT06895369,Sir Run Run Shaw Hospital,OTHER,False,hospital
NCT00131638,Amgen,INDUSTRY,True,industry
NCT03180944,Shandong University,OTHER,False,academic
NCT03766178,The First Affiliated Hospital of Zhengzhou University,OTHER,False,academic
NCT01770353,Ipsen,INDUSTRY,True,industry
NCT03180476,Sichuan Cancer Hospital and Research Institute,OTHER,False,hospital
NCT04247282,National Cancer Institute (NCI),NIH,False,government
NCT07064577,West China Hospital,OTHER,False,hospital
NCT00680901,Novartis Pharmaceuticals,INDUSTRY,True,industry
NCT01790516,Georgetown University,OTHER,False,academic
NCT02223052,Celgene,INDUSTRY,True,industry
NCT05012098,National Cancer Institute (NCI),NIH,False,government
NCT02604615,The First Affiliated Hospital of Henan University of Science and Technology,OTHER,False,academic
NCT07697040,Hebei Medical University Fourth Hospital,OTHER,False,academic
NCT02994069,Susanne Arnold,OTHER,False,individual
NCT04666688,PureTech,INDUSTRY,True,industry
NCT05637268,Tianjin Medical University Cancer Institute and Hospital,OTHER,False,academic
NCT01598077,Novartis Pharmaceuticals,INDUSTRY,True,industry
NCT07701681,Sun Yat-sen University,OTHER,False,academic
NCT01993784,Peking University,OTHER,False,academic
NCT01065818,Columbia University,OTHER,False,academic
NCT00603915,"University Health Network, Toronto",OTHER,False,academic
NCT00995293,Sanofi,INDUSTRY,True,industry
NCT01108042,"Orlando Guntinas-Lichius, Prof. Dr. med.",OTHER,False,other
NCT06468670,Fujian Cancer Hospital,OTHER_GOV,False,government
NCT00238407,Swiss Cancer Institute,OTHER,False,research_nonprofit
NCT03518554,"Jacobio Pharmaceuticals Co., Ltd.",INDUSTRY,True,industry
NCT07653451,Peking University Cancer Hospital & Institute,OTHER,False,academic
NCT00248560,Barbara Ann Karmanos Cancer Institute,OTHER,False,research_nonprofit
NCT06637163,Shanghai Zhongshan Hospital,OTHER,False,hospital
NCT02128243,AIO-Studien-gGmbH,OTHER,False,other
NCT01057589,Eli Lilly and Company,INDUSTRY,True,industry
NCT05395052,Fate Therapeutics,INDUSTRY,True,industry
NCT06851663,RenJi Hospital,OTHER,False,hospital
NCT01403064,CSL Behring,INDUSTRY,True,industry
NCT03655444,Washington University School of Medicine,OTHER,False,academic
NCT04502888,"Shattuck Labs, Inc.",INDUSTRY,True,industry
NCT00423150,Merck Sharp & Dohme LLC,INDUSTRY,True,industry
NCT00354679,Memorial Sloan Kettering Cancer Center,OTHER,False,hospital
NCT03325465,University of Chicago,OTHER,False,academic
NCT01460030,"Kyowa Kirin Co., Ltd.",INDUSTRY,True,industry
NCT04430842,"Quadriga Biosciences, Inc.",INDUSTRY,True,industry
NCT00003850,National Cancer Institute (NCI),NIH,False,government
NCT06805617,Glenn J. Hanna,OTHER,False,other
NCT07465276,Dana-Farber Cancer Institute,OTHER,False,hospital
NCT05854849,Sun Yat-sen University,OTHER,False,academic
NCT06170697,"Cancer Institute and Hospital, Chinese Academy of Medical Sciences",OTHER,False,hospital
NCT06819228,Vanderbilt-Ingram Cancer Center,OTHER,False,hospital
NCT01332266,Eisai Inc.,INDUSTRY,True,industry
NCT06017895,"Nanfang Hospital, Southern Medical University",OTHER,False,academic
NCT00017212,Daiichi Sankyo,INDUSTRY,True,industry
NCT04978012,Fudan University,OTHER,False,academic
NCT03544099,"National Health Research Institutes, Taiwan",OTHER,False,research_nonprofit
NCT05410821,The First Affiliated Hospital of Xiamen University,OTHER,False,academic
NCT04814069,Shanghai Ninth People's Hospital Affiliated to Shanghai Jiao Tong University,OTHER,False,academic
NCT00901537,Loma Linda University,OTHER,False,academic
NCT07339774,West China Hospital,OTHER,False,hospital
NCT06752798,Hunan Cancer Hospital,OTHER,False,hospital
NCT00121628,Amgen,INDUSTRY,True,industry
NCT00201344,"National Health Research Institutes, Taiwan",OTHER,False,research_nonprofit
NCT04065737,Shanghai Ninth People's Hospital Affiliated to Shanghai Jiao Tong University,OTHER,False,academic
NCT07618624,Sun Yat-sen University,OTHER,False,academic
NCT00038584,M.D. Anderson Cancer Center,OTHER,False,hospital
NCT01806649,Prince of Songkla University,OTHER,False,academic
NCT07128693,The First Affiliated Hospital of Zhengzhou University,OTHER,False,academic
NCT04778956,Sun Yat-sen University,OTHER,False,academic
NCT00022373,National Cancer Institute (NCI),NIH,False,government
NCT03720340,Zhejiang Cancer Hospital,OTHER,False,hospital
NCT03172624,Memorial Sloan Kettering Cancer Center,OTHER,False,hospital
NCT05136768,"Jun-Lin Yi, MD",UNKNOWN,False,other
NCT04609566,"Seagen, a wholly owned subsidiary of Pfizer",INDUSTRY,True,industry
NCT05462717,"Revolution Medicines, Inc.",INDUSTRY,True,industry
NCT02283489,Renmiao Zhang,INDUSTRY,True,industry
NCT02457650,Shenzhen Second People's Hospital,OTHER,False,hospital
NCT04522050,"Fifth Affiliated Hospital, Sun Yat-Sen University",OTHER,False,academic
NCT03575234,Emory University,OTHER,False,academic
NCT02318771,Sidney Kimmel Comprehensive Cancer Center at Thomas Jefferson University,OTHER,False,academic
NCT02449681,Rain Oncology Inc,INDUSTRY,True,industry
NCT02281955,UNC Lineberger Comprehensive Cancer Center,OTHER,False,hospital
NCT00024089,National Cancer Institute (NCI),NIH,False,government
NCT00209716,Hokkaido Gastrointestinal Cancer Study Group,OTHER,False,network
NCT05012397,Rain Oncology Inc,INDUSTRY,True,industry
NCT03406247,"Gustave Roussy, Cancer Campus, Grand Paris",OTHER,False,hospital
NCT04072107,Sun Yat-sen University,OTHER,False,academic
NCT02739958,Mansoura University,OTHER,False,academic
NCT01772004,"EMD Serono Research & Development Institute, Inc.",INDUSTRY,True,industry
NCT02353936,Yonsei University,OTHER,False,academic
NCT02360501,Sun Yat-sen University,OTHER,False,academic
NCT07267286,Sun Yat-Sen Memorial Hospital of Sun Yat-Sen University,OTHER,False,academic
NCT02124850,Celgene,INDUSTRY,True,industry
NCT03278626,NYU Langone Health,OTHER,False,hospital
NCT06609070,Guangzhou University of Traditional Chinese Medicine,OTHER,False,academic
NCT02639065,"Shadia Jalal, MD",OTHER,False,other
NCT00041262,Medical Research Council,OTHER_GOV,False,government
NCT01732640,Sidney Kimmel Comprehensive Cancer Center at Johns Hopkins,OTHER,False,hospital
NCT05086692,"Medicenna Therapeutics, Inc.",INDUSTRY,True,industry
NCT04459715,"EMD Serono Research & Development Institute, Inc.",INDUSTRY,True,industry
NCT07070466,Massachusetts General Hospital,OTHER,False,hospital
NCT01187238,Chinese Academy of Medical Sciences,OTHER,False,academic
NCT05667298,University of Manitoba,OTHER,False,academic
NCT03924804,"China Medical University, China",OTHER,False,academic
NCT03245736,Seagen Inc.,INDUSTRY,True,industry
NCT03645928,"Iovance Biotherapeutics, Inc.",INDUSTRY,True,industry
