nct,year,epoch,phase,int_class,n_arms,n_enroll,sponsor_class,overall_status,allocation,randomized,masking,masking_ord,blinded_any,blinded_double_plus,model,power_ok,pivotal,treatment,multiarm,has_results,has_result_ref,n_derived,dmc
NCT05895630,2020.0,2016-2020,NA,other,3,57.0,OTHER,COMPLETED,RANDOMIZED,True,SINGLE,1,True,False,PARALLEL,True,False,True,True,False,False,0,False
NCT04706676,2021.0,2021-2026,NA,other,2,132.0,OTHER,ACTIVE_NOT_RECRUITING,RANDOMIZED,True,NONE,0,False,False,PARALLEL,True,False,False,False,False,False,1,True
NCT02546466,2015.0,<=2015,NA,proc_device,3,120.0,OTHER,COMPLETED,RANDOMIZED,True,TRIPLE,3,True,True,PARALLEL,True,False,True,True,False,False,2,False
NCT00410319,,,NA,other,0,,OTHER,UNKNOWN,RANDOMIZED,True,SINGLE,1,True,False,PARALLEL,,False,True,False,False,False,1,
NCT00476567,2007.0,<=2015,NA,other,2,855.0,OTHER,COMPLETED,RANDOMIZED,True,SINGLE,1,True,False,PARALLEL,True,False,False,False,False,True,9,False
NCT04715789,2020.0,2016-2020,NA,other,2,40.0,OTHER,UNKNOWN,RANDOMIZED,True,DOUBLE,2,True,True,PARALLEL,True,False,True,False,False,False,0,
NCT02224183,2015.0,<=2015,NA,other,2,120.0,OTHER,COMPLETED,RANDOMIZED,True,SINGLE,1,True,False,PARALLEL,True,False,True,False,False,False,2,True
NCT07486505,2026.0,2021-2026,NA,other,2,50.0,OTHER,NOT_YET_RECRUITING,RANDOMIZED,True,NONE,0,False,False,PARALLEL,True,False,False,False,False,False,0,False
NCT00373009,2007.0,<=2015,NA,other,4,4325.0,OTHER,COMPLETED,RANDOMIZED,True,SINGLE,1,True,False,SINGLE_GROUP,True,False,False,True,False,True,2,True
NCT03825614,2016.0,2016-2020,NA,other,3,125.0,OTHER,COMPLETED,RANDOMIZED,True,SINGLE,1,True,False,PARALLEL,True,False,False,True,False,True,0,False
NCT07700589,2026.0,2021-2026,NA,other,3,45.0,OTHER,NOT_YET_RECRUITING,RANDOMIZED,True,SINGLE,1,True,False,PARALLEL,True,False,True,True,False,False,0,False
NCT04120532,2019.0,2016-2020,NA,other,2,100.0,OTHER,UNKNOWN,RANDOMIZED,True,SINGLE,1,True,False,PARALLEL,True,False,True,False,False,False,0,
NCT02801123,2016.0,2016-2020,NA,other,8,600.0,OTHER,UNKNOWN,RANDOMIZED,True,NONE,0,False,False,PARALLEL,True,False,False,True,False,False,1,False
NCT05319691,2022.0,2021-2026,NA,other,2,140.0,OTHER,COMPLETED,RANDOMIZED,True,SINGLE,1,True,False,PARALLEL,True,False,True,False,False,False,1,False
NCT07058844,2025.0,2021-2026,NA,other,3,75.0,OTHER,COMPLETED,RANDOMIZED,True,DOUBLE,2,True,True,PARALLEL,True,False,False,True,False,False,0,False
NCT04103970,2019.0,2016-2020,NA,other,2,144.0,OTHER,COMPLETED,RANDOMIZED,True,SINGLE,1,True,False,PARALLEL,True,False,True,False,False,False,2,False
NCT07346651,2026.0,2021-2026,NA,proc_device,2,48.0,OTHER,NOT_YET_RECRUITING,RANDOMIZED,True,SINGLE,1,True,False,PARALLEL,True,False,True,False,False,False,0,True
NCT07713082,2027.0,2021-2026,NA,other,3,132.0,OTHER,NOT_YET_RECRUITING,RANDOMIZED,True,SINGLE,1,True,False,PARALLEL,True,False,True,True,False,False,0,False
NCT06153199,2024.0,2021-2026,NA,other,2,164.0,OTHER,RECRUITING,RANDOMIZED,True,SINGLE,1,True,False,PARALLEL,True,False,False,False,False,False,0,False
NCT02938169,2016.0,2016-2020,NA,other,4,60.0,OTHER,COMPLETED,RANDOMIZED,True,SINGLE,1,True,False,PARALLEL,True,False,True,True,True,True,0,True
NCT04958499,2022.0,2021-2026,NA,other,2,120.0,OTHER,COMPLETED,RANDOMIZED,True,QUADRUPLE,4,True,True,PARALLEL,True,False,True,False,False,False,1,False
NCT07481838,2025.0,2021-2026,NA,other,2,62.0,OTHER,COMPLETED,RANDOMIZED,True,SINGLE,1,True,False,PARALLEL,True,False,True,False,False,False,0,False
NCT06436131,2023.0,2021-2026,NA,other,2,20.0,OTHER,COMPLETED,RANDOMIZED,True,TRIPLE,3,True,True,PARALLEL,False,False,True,False,False,False,0,False
NCT03167086,2017.0,2016-2020,NA,other,3,263.0,OTHER,COMPLETED,RANDOMIZED,True,DOUBLE,2,True,True,PARALLEL,True,False,True,True,False,False,2,True
NCT01545986,2009.0,<=2015,NA,other,2,38.0,OTHER,COMPLETED,RANDOMIZED,True,SINGLE,1,True,False,PARALLEL,True,False,True,False,False,False,0,False
NCT07248813,2025.0,2021-2026,NA,other,2,200.0,OTHER_GOV,RECRUITING,RANDOMIZED,True,SINGLE,1,True,False,PARALLEL,True,False,True,False,False,False,0,False
NCT04690465,2021.0,2021-2026,NA,other,3,150.0,OTHER,COMPLETED,RANDOMIZED,True,DOUBLE,2,True,True,CROSSOVER,True,False,False,True,False,False,1,
NCT01303588,2011.0,<=2015,PHASE2;PHASE3,other,3,176.0,OTHER,COMPLETED,RANDOMIZED,True,NONE,0,False,False,PARALLEL,True,True,True,True,False,False,0,False
NCT04790461,2020.0,2016-2020,NA,other,4,140.0,OTHER,COMPLETED,RANDOMIZED,True,TRIPLE,3,True,True,FACTORIAL,True,False,False,True,False,False,0,False
NCT05049772,2022.0,2021-2026,NA,other,3,54.0,OTHER,COMPLETED,RANDOMIZED,True,SINGLE,1,True,False,PARALLEL,True,False,True,True,False,False,1,False
NCT02653768,2016.0,2016-2020,NA,other,2,345.0,FED,COMPLETED,RANDOMIZED,True,SINGLE,1,True,False,PARALLEL,True,False,True,False,True,True,0,False
NCT07686237,2021.0,2021-2026,NA,other,2,30.0,OTHER,COMPLETED,RANDOMIZED,True,DOUBLE,2,True,True,PARALLEL,True,False,True,False,False,False,0,False
NCT07589790,2026.0,2021-2026,NA,other,2,214.0,OTHER,RECRUITING,RANDOMIZED,True,NONE,0,False,False,PARALLEL,True,False,True,False,False,False,0,False
NCT02060617,2014.0,<=2015,NA,proc_device,2,23.0,OTHER,COMPLETED,RANDOMIZED,True,SINGLE,1,True,False,PARALLEL,False,False,True,False,False,False,0,False
NCT05807685,2023.0,2021-2026,NA,other,2,50.0,OTHER,UNKNOWN,RANDOMIZED,True,DOUBLE,2,True,True,PARALLEL,True,False,False,False,False,False,0,False
NCT07415889,2025.0,2021-2026,NA,other,2,70.0,OTHER,RECRUITING,RANDOMIZED,True,SINGLE,1,True,False,PARALLEL,True,False,True,False,False,False,0,True
NCT06944730,2022.0,2021-2026,NA,other,3,60.0,OTHER,RECRUITING,RANDOMIZED,True,DOUBLE,2,True,True,PARALLEL,True,False,True,True,False,False,0,False
NCT06915532,2024.0,2021-2026,NA,proc_device,2,22.0,OTHER,COMPLETED,RANDOMIZED,True,NONE,0,False,False,PARALLEL,False,False,True,False,False,False,0,False
NCT02148965,2014.0,<=2015,NA,other,2,639.0,OTHER,COMPLETED,RANDOMIZED,True,NONE,0,False,False,PARALLEL,True,False,False,False,False,False,3,False
NCT02996955,2016.0,2016-2020,NA,proc_device,2,240.0,OTHER,COMPLETED,RANDOMIZED,True,QUADRUPLE,4,True,True,PARALLEL,True,False,True,False,False,False,1,False
NCT03644927,2019.0,2016-2020,NA,other,2,11.0,OTHER,TERMINATED,RANDOMIZED,True,NONE,0,False,False,PARALLEL,False,False,True,False,True,False,1,True
NCT01559948,2012.0,<=2015,NA,proc_device,2,30.0,OTHER,COMPLETED,RANDOMIZED,True,DOUBLE,2,True,True,PARALLEL,True,False,True,False,True,False,0,False
NCT02391350,2015.0,<=2015,NA,proc_device,2,220.0,OTHER,COMPLETED,RANDOMIZED,True,DOUBLE,2,True,True,PARALLEL,True,False,True,False,True,False,1,True
NCT03482856,2018.0,2016-2020,NA,other,2,123.0,OTHER,COMPLETED,RANDOMIZED,True,TRIPLE,3,True,True,PARALLEL,True,False,True,False,False,False,2,
NCT00665821,2008.0,<=2015,NA,other,0,657.0,OTHER,TERMINATED,RANDOMIZED,True,DOUBLE,2,True,True,PARALLEL,True,False,False,False,False,False,0,True
NCT05233254,2022.0,2021-2026,NA,other,1,17.0,OTHER,COMPLETED,NA,False,NONE,0,False,False,SINGLE_GROUP,False,False,False,False,False,False,0,False
NCT04744883,2020.0,2016-2020,EARLY_PHASE1,drug,2,140.0,OTHER,ACTIVE_NOT_RECRUITING,RANDOMIZED,True,DOUBLE,2,True,True,PARALLEL,True,False,True,False,False,False,0,True
NCT06921694,2025.0,2021-2026,NA,other,3,88.0,OTHER,RECRUITING,RANDOMIZED,True,NONE,0,False,False,PARALLEL,True,False,True,True,False,False,0,False
NCT04544735,2020.0,2016-2020,NA,other,1,12.0,OTHER,ACTIVE_NOT_RECRUITING,NA,False,NONE,0,False,False,SINGLE_GROUP,False,False,True,False,False,False,0,False
NCT07005765,2025.0,2021-2026,NA,other,2,42.0,OTHER,COMPLETED,RANDOMIZED,True,SINGLE,1,True,False,PARALLEL,True,False,True,False,False,False,0,False
NCT02354430,2013.0,<=2015,NA,other,2,516.0,OTHER,COMPLETED,RANDOMIZED,True,NONE,0,False,False,PARALLEL,True,False,False,False,False,False,1,False
NCT07353372,2026.0,2021-2026,NA,drug,2,314.0,OTHER,NOT_YET_RECRUITING,RANDOMIZED,True,SINGLE,1,True,False,PARALLEL,True,False,True,False,False,False,0,
NCT00573612,2007.0,<=2015,NA,other,2,200.0,OTHER,COMPLETED,RANDOMIZED,True,SINGLE,1,True,False,PARALLEL,True,False,False,False,False,False,4,False
NCT02837653,2016.0,2016-2020,NA,other,2,64.0,OTHER,COMPLETED,RANDOMIZED,True,QUADRUPLE,4,True,True,PARALLEL,True,False,True,False,False,False,0,
NCT03440736,2018.0,2016-2020,PHASE4,drug,2,781.0,INDUSTRY,COMPLETED,RANDOMIZED,True,NONE,0,False,False,PARALLEL,True,True,True,False,True,False,0,False
NCT07480460,2017.0,2016-2020,NA,other,2,57.0,OTHER,COMPLETED,RANDOMIZED,True,NONE,0,False,False,PARALLEL,True,False,True,False,False,False,0,False
NCT07067619,2024.0,2021-2026,NA,other,2,100.0,OTHER,RECRUITING,RANDOMIZED,True,NONE,0,False,False,PARALLEL,True,False,False,False,False,False,0,False
NCT06784245,2025.0,2021-2026,NA,other,2,58.0,OTHER,NOT_YET_RECRUITING,RANDOMIZED,True,SINGLE,1,True,False,PARALLEL,True,False,True,False,False,False,1,False
NCT04785963,2021.0,2021-2026,NA,other,3,66.0,OTHER,COMPLETED,RANDOMIZED,True,DOUBLE,2,True,True,PARALLEL,True,False,False,True,False,False,0,True
NCT01744015,2013.0,<=2015,NA,other,2,0.0,OTHER,WITHDRAWN,RANDOMIZED,True,SINGLE,1,True,False,CROSSOVER,False,False,True,False,False,False,0,False
NCT02503475,2015.0,<=2015,NA,proc_device,3,300.0,OTHER,ACTIVE_NOT_RECRUITING,RANDOMIZED,True,DOUBLE,2,True,True,PARALLEL,True,False,True,True,False,False,3,True
NCT02247050,2014.0,<=2015,NA,other,6,45.0,OTHER,COMPLETED,RANDOMIZED,True,NONE,0,False,False,CROSSOVER,True,False,False,True,False,False,1,False
NCT03994458,2019.0,2016-2020,NA,other,2,41.0,OTHER,COMPLETED,RANDOMIZED,True,DOUBLE,2,True,True,PARALLEL,True,False,True,False,False,False,0,True
NCT07467070,2026.0,2021-2026,NA,other,2,50.0,OTHER,RECRUITING,RANDOMIZED,True,SINGLE,1,True,False,PARALLEL,True,False,True,False,False,False,0,
NCT07216417,2025.0,2021-2026,NA,other,2,40.0,OTHER,ACTIVE_NOT_RECRUITING,RANDOMIZED,True,DOUBLE,2,True,True,PARALLEL,True,False,True,False,False,False,0,False
NCT07150702,2025.0,2021-2026,NA,other,2,74.0,OTHER_GOV,RECRUITING,RANDOMIZED,True,SINGLE,1,True,False,PARALLEL,True,False,True,False,False,False,0,False
NCT06384001,2025.0,2021-2026,NA,other,2,66.0,OTHER,RECRUITING,RANDOMIZED,True,NONE,0,False,False,PARALLEL,True,False,False,False,False,False,0,False
NCT03169140,2017.0,2016-2020,NA,proc_device,4,120.0,OTHER,TERMINATED,RANDOMIZED,True,NONE,0,False,False,PARALLEL,True,False,True,True,False,False,0,False
NCT03892278,2019.0,2016-2020,NA,other,3,52.0,OTHER,UNKNOWN,RANDOMIZED,True,SINGLE,1,True,False,PARALLEL,True,False,False,True,False,False,2,True
NCT06984354,2025.0,2021-2026,NA,other,2,720.0,OTHER,RECRUITING,RANDOMIZED,True,NONE,0,False,False,PARALLEL,True,False,True,False,False,False,0,False
NCT04019119,2023.0,2021-2026,NA,other,2,48.0,OTHER,COMPLETED,RANDOMIZED,True,SINGLE,1,True,False,PARALLEL,True,False,True,False,False,False,1,False
NCT07696741,2026.0,2021-2026,NA,other,2,30.0,OTHER,NOT_YET_RECRUITING,RANDOMIZED,True,SINGLE,1,True,False,PARALLEL,True,False,False,False,False,False,0,False
NCT01893073,2013.0,<=2015,NA,other,2,48.0,OTHER,COMPLETED,RANDOMIZED,True,NONE,0,False,False,PARALLEL,True,False,True,False,False,False,1,
NCT06643923,2024.0,2021-2026,NA,other,2,34.0,OTHER_GOV,NOT_YET_RECRUITING,RANDOMIZED,True,NONE,0,False,False,PARALLEL,True,False,True,False,False,False,0,False
NCT01918189,2014.0,<=2015,NA,other,1,59.0,FED,COMPLETED,NA,False,NONE,0,False,False,SINGLE_GROUP,True,False,True,False,True,False,2,False
NCT07161232,2025.0,2021-2026,NA,other,2,72.0,OTHER,RECRUITING,RANDOMIZED,True,NONE,0,False,False,PARALLEL,True,False,True,False,False,False,0,False
NCT02476812,2015.0,<=2015,NA,other,2,200.0,OTHER,COMPLETED,RANDOMIZED,True,NONE,0,False,False,PARALLEL,True,False,True,False,True,False,0,False
NCT07277517,2025.0,2021-2026,NA,other,2,48.0,OTHER,RECRUITING,RANDOMIZED,True,SINGLE,1,True,False,PARALLEL,True,False,True,False,False,False,0,
NCT06946342,2025.0,2021-2026,NA,other,2,90.0,OTHER,ACTIVE_NOT_RECRUITING,RANDOMIZED,True,SINGLE,1,True,False,PARALLEL,True,False,True,False,False,False,0,
NCT07495475,2026.0,2021-2026,NA,other,2,50.0,OTHER,NOT_YET_RECRUITING,RANDOMIZED,True,SINGLE,1,True,False,PARALLEL,True,False,True,False,False,False,0,False
NCT04436003,2018.0,2016-2020,NA,other,2,30.0,OTHER,COMPLETED,RANDOMIZED,True,DOUBLE,2,True,True,PARALLEL,True,False,True,False,False,True,0,False
NCT05679726,2022.0,2021-2026,NA,other,2,42.0,OTHER,COMPLETED,RANDOMIZED,True,NONE,0,False,False,PARALLEL,True,False,False,False,False,False,0,False
NCT07208435,2026.0,2021-2026,NA,other,2,30.0,OTHER,NOT_YET_RECRUITING,RANDOMIZED,True,NONE,0,False,False,PARALLEL,True,False,True,False,False,False,0,False
NCT05434130,2022.0,2021-2026,PHASE2,other,2,216.0,OTHER,RECRUITING,RANDOMIZED,True,DOUBLE,2,True,True,PARALLEL,True,False,True,False,False,False,0,True
NCT06730633,2025.0,2021-2026,NA,other,2,173.0,OTHER,ACTIVE_NOT_RECRUITING,NON_RANDOMIZED,False,NONE,0,False,False,SINGLE_GROUP,True,False,True,False,False,False,0,False
NCT07292519,2026.0,2021-2026,PHASE2,drug,2,46.0,OTHER,NOT_YET_RECRUITING,RANDOMIZED,True,DOUBLE,2,True,True,PARALLEL,False,False,True,False,False,False,0,False
NCT01378793,2011.0,<=2015,NA,other,3,5.0,OTHER,TERMINATED,RANDOMIZED,True,SINGLE,1,True,False,PARALLEL,False,False,True,True,False,False,0,False
NCT07437833,2026.0,2021-2026,NA,other,1,1.0,OTHER,NOT_YET_RECRUITING,NA,False,NONE,0,False,False,SINGLE_GROUP,False,False,False,False,False,False,0,
NCT04280796,2020.0,2016-2020,NA,other,3,183.0,OTHER,COMPLETED,RANDOMIZED,True,SINGLE,1,True,False,CROSSOVER,True,False,False,True,False,False,0,True
NCT03766100,2018.0,2016-2020,NA,other,2,62.0,OTHER,COMPLETED,RANDOMIZED,True,SINGLE,1,True,False,PARALLEL,True,False,True,False,False,False,2,False
NCT00201513,2006.0,<=2015,NA,other,3,99.0,OTHER,COMPLETED,RANDOMIZED,True,SINGLE,1,True,False,PARALLEL,True,False,True,True,False,True,1,False
NCT07136480,2024.0,2021-2026,NA,proc_device,4,93.0,OTHER,COMPLETED,NON_RANDOMIZED,False,DOUBLE,2,True,True,PARALLEL,True,False,True,True,False,False,0,False
NCT06949007,2026.0,2021-2026,NA,other,2,50.0,OTHER,RECRUITING,RANDOMIZED,True,DOUBLE,2,True,True,PARALLEL,True,False,False,False,False,False,0,True
NCT04255199,2020.0,2016-2020,NA,other,2,67.0,OTHER,COMPLETED,RANDOMIZED,True,NONE,0,False,False,PARALLEL,True,False,False,False,False,True,0,False
NCT04740710,2021.0,2021-2026,PHASE1;PHASE2,other,2,29.0,OTHER,COMPLETED,RANDOMIZED,True,SINGLE,1,True,False,PARALLEL,False,False,True,False,False,False,1,False
NCT07600372,2025.0,2021-2026,NA,other,2,66.0,OTHER,COMPLETED,RANDOMIZED,True,SINGLE,1,True,False,PARALLEL,True,False,True,False,False,False,0,True
NCT04276051,2020.0,2016-2020,NA,proc_device,2,5.0,OTHER,COMPLETED,RANDOMIZED,True,NONE,0,False,False,PARALLEL,False,False,True,False,True,False,0,True
NCT06236529,2022.0,2021-2026,NA,other,3,34.0,OTHER,COMPLETED,RANDOMIZED,True,SINGLE,1,True,False,PARALLEL,True,False,True,True,False,False,1,False
NCT06069193,2023.0,2021-2026,NA,other,2,120.0,OTHER,UNKNOWN,RANDOMIZED,True,SINGLE,1,True,False,PARALLEL,True,False,True,False,False,False,0,False
NCT00600197,2008.0,<=2015,NA,other,2,170.0,OTHER,UNKNOWN,RANDOMIZED,True,NONE,0,False,False,PARALLEL,True,False,True,False,False,False,1,True
NCT05478200,2022.0,2021-2026,NA,other,2,128.0,OTHER,UNKNOWN,NON_RANDOMIZED,False,DOUBLE,2,True,True,PARALLEL,True,False,True,False,False,False,0,False
NCT07452029,2026.0,2021-2026,NA,other,2,150.0,OTHER,NOT_YET_RECRUITING,RANDOMIZED,True,NONE,0,False,False,PARALLEL,True,False,False,False,False,False,0,True
NCT01499784,2012.0,<=2015,NA,other,1,5.0,OTHER,COMPLETED,NA,False,NONE,0,False,False,SINGLE_GROUP,False,False,True,False,False,False,0,False
NCT06600074,2024.0,2021-2026,NA,other,2,36.0,OTHER,COMPLETED,RANDOMIZED,True,SINGLE,1,True,False,PARALLEL,True,False,True,False,False,False,0,False
NCT06353568,2024.0,2021-2026,NA,proc_device,2,64.0,OTHER,RECRUITING,RANDOMIZED,True,TRIPLE,3,True,True,PARALLEL,True,False,False,False,False,False,1,False
NCT07573254,2025.0,2021-2026,NA,proc_device,2,31.0,OTHER,COMPLETED,RANDOMIZED,True,SINGLE,1,True,False,PARALLEL,True,False,True,False,False,False,0,False
NCT01739140,2012.0,<=2015,NA,other,1,24.0,OTHER,COMPLETED,NA,False,NONE,0,False,False,SINGLE_GROUP,False,False,True,False,False,False,0,False
NCT05901142,2023.0,2021-2026,NA,other,1,34.0,OTHER,ACTIVE_NOT_RECRUITING,NA,False,NONE,0,False,False,SINGLE_GROUP,True,False,True,False,False,False,0,False
NCT04518891,2021.0,2021-2026,NA,proc_device,2,152.0,OTHER,UNKNOWN,RANDOMIZED,True,TRIPLE,3,True,True,PARALLEL,True,False,True,False,False,False,2,False
NCT06368076,2024.0,2021-2026,NA,other,1,20.0,OTHER,UNKNOWN,NA,False,NONE,0,False,False,SINGLE_GROUP,False,False,True,False,False,False,0,True
NCT01243554,2010.0,<=2015,NA,other,2,91.0,OTHER,COMPLETED,RANDOMIZED,True,SINGLE,1,True,False,PARALLEL,True,False,False,False,False,True,4,False
NCT07067489,2025.0,2021-2026,NA,other,2,60.0,OTHER,RECRUITING,RANDOMIZED,True,DOUBLE,2,True,True,PARALLEL,True,False,True,False,False,False,0,False
NCT03600532,2018.0,2016-2020,NA,other,3,7.0,OTHER,TERMINATED,RANDOMIZED,True,NONE,0,False,False,PARALLEL,False,False,True,True,False,False,1,False
NCT02348983,2013.0,<=2015,NA,other,1,13.0,OTHER,COMPLETED,NA,False,NONE,0,False,False,SINGLE_GROUP,False,False,True,False,False,False,1,False
NCT06017934,2024.0,2021-2026,NA,other,2,225.0,OTHER,RECRUITING,NON_RANDOMIZED,False,NONE,0,False,False,SINGLE_GROUP,True,False,False,False,False,False,0,False
NCT05199415,2021.0,2021-2026,NA,other,2,3459.0,OTHER,UNKNOWN,RANDOMIZED,True,NONE,0,False,False,PARALLEL,True,False,False,False,False,False,2,True
NCT06895317,2024.0,2021-2026,NA,other,2,86.0,OTHER,ACTIVE_NOT_RECRUITING,RANDOMIZED,True,SINGLE,1,True,False,PARALLEL,True,False,True,False,False,False,1,False
NCT03986489,2019.0,2016-2020,NA,other,2,64.0,OTHER,UNKNOWN,RANDOMIZED,True,SINGLE,1,True,False,PARALLEL,True,False,True,False,False,False,0,True
NCT03141541,2017.0,2016-2020,NA,other,2,130.0,OTHER,COMPLETED,RANDOMIZED,True,SINGLE,1,True,False,PARALLEL,True,False,True,False,False,False,0,False
NCT04399772,2020.0,2016-2020,NA,other,2,133.0,OTHER,COMPLETED,RANDOMIZED,True,TRIPLE,3,True,True,PARALLEL,True,False,True,False,False,False,1,False
NCT07507604,2026.0,2021-2026,NA,proc_device,3,73.0,OTHER,RECRUITING,RANDOMIZED,True,TRIPLE,3,True,True,PARALLEL,True,False,True,True,False,False,0,False
NCT05849064,2023.0,2021-2026,NA,other,2,50.0,OTHER,RECRUITING,RANDOMIZED,True,DOUBLE,2,True,True,PARALLEL,True,False,True,False,False,False,0,False
NCT03902847,2018.0,2016-2020,NA,other,3,45.0,OTHER,COMPLETED,RANDOMIZED,True,SINGLE,1,True,False,PARALLEL,True,False,False,True,False,False,0,False
NCT02133976,2014.0,<=2015,NA,other,4,521.0,OTHER,COMPLETED,RANDOMIZED,True,SINGLE,1,True,False,PARALLEL,True,False,True,True,False,False,4,True
NCT01775995,2013.0,<=2015,PHASE1;PHASE2,other,2,35.0,OTHER,COMPLETED,RANDOMIZED,True,NONE,0,False,False,PARALLEL,False,False,True,False,True,False,1,False
NCT05421871,2022.0,2021-2026,NA,other,2,52.0,OTHER,UNKNOWN,RANDOMIZED,True,NONE,0,False,False,PARALLEL,True,False,False,False,False,False,0,False
NCT07153653,2025.0,2021-2026,NA,other,2,84.0,OTHER,RECRUITING,RANDOMIZED,True,DOUBLE,2,True,True,PARALLEL,True,False,True,False,False,False,0,True
NCT06820073,2025.0,2021-2026,NA,other,2,32.0,OTHER,RECRUITING,RANDOMIZED,True,DOUBLE,2,True,True,CROSSOVER,True,False,True,False,False,False,0,False
NCT02514148,2015.0,<=2015,NA,other,5,86.0,OTHER,COMPLETED,RANDOMIZED,True,SINGLE,1,True,False,PARALLEL,True,False,True,True,False,False,0,True
NCT04824846,2021.0,2021-2026,NA,other,2,198.0,OTHER,COMPLETED,RANDOMIZED,True,NONE,0,False,False,PARALLEL,True,False,True,False,False,False,0,True
NCT07003802,2025.0,2021-2026,NA,other,1,152.0,OTHER,ENROLLING_BY_INVITATION,NA,False,NONE,0,False,False,SINGLE_GROUP,True,False,False,False,False,False,0,False
NCT00596076,2008.0,<=2015,PHASE3,other,1,30.0,OTHER,COMPLETED,NON_RANDOMIZED,False,NONE,0,False,False,SINGLE_GROUP,False,True,True,False,False,False,0,True
NCT01060280,2010.0,<=2015,NA,other,3,461.0,OTHER,COMPLETED,RANDOMIZED,True,DOUBLE,2,True,True,PARALLEL,True,False,True,True,False,False,1,True
NCT01632618,2007.0,<=2015,PHASE1,other,2,64.0,OTHER,COMPLETED,RANDOMIZED,True,SINGLE,1,True,False,PARALLEL,True,False,True,False,False,False,0,False
NCT06888544,2024.0,2021-2026,NA,other,2,48.0,OTHER,RECRUITING,RANDOMIZED,True,SINGLE,1,True,False,PARALLEL,True,False,True,False,False,False,0,
NCT04068922,2020.0,2016-2020,NA,other,1,63.0,OTHER,COMPLETED,NA,False,NONE,0,False,False,SINGLE_GROUP,True,False,True,False,True,False,1,False
NCT04809610,2021.0,2021-2026,NA,other,2,68.0,OTHER,UNKNOWN,RANDOMIZED,True,NONE,0,False,False,PARALLEL,True,False,True,False,False,False,1,
NCT06351774,2022.0,2021-2026,NA,other,2,13.0,OTHER,COMPLETED,RANDOMIZED,True,SINGLE,1,True,False,SEQUENTIAL,False,False,True,False,False,False,0,False
NCT03484403,2015.0,<=2015,NA,other,2,61.0,FED,COMPLETED,RANDOMIZED,True,NONE,0,False,False,PARALLEL,True,False,True,False,True,False,1,False
NCT04591249,2020.0,2016-2020,NA,other,2,16.0,OTHER,COMPLETED,RANDOMIZED,True,DOUBLE,2,True,True,PARALLEL,False,False,True,False,False,False,1,True
NCT01794988,2010.0,<=2015,NA,other,4,120.0,OTHER,UNKNOWN,RANDOMIZED,True,DOUBLE,2,True,True,FACTORIAL,True,False,True,True,False,False,0,False
NCT05846087,2023.0,2021-2026,NA,other,2,106.0,OTHER,COMPLETED,RANDOMIZED,True,SINGLE,1,True,False,PARALLEL,True,False,True,False,False,False,0,True
NCT02029131,2014.0,<=2015,NA,other,2,226.0,OTHER,COMPLETED,RANDOMIZED,True,SINGLE,1,True,False,PARALLEL,True,False,False,False,False,False,1,False
NCT04411420,2021.0,2021-2026,NA,other,2,1817.0,OTHER,COMPLETED,RANDOMIZED,True,SINGLE,1,True,False,PARALLEL,True,False,True,False,True,False,4,True
NCT07034040,2026.0,2021-2026,NA,other,2,298.0,OTHER,NOT_YET_RECRUITING,RANDOMIZED,True,SINGLE,1,True,False,PARALLEL,True,False,True,False,False,False,0,False
NCT04270617,2019.0,2016-2020,NA,other,2,200.0,OTHER,RECRUITING,RANDOMIZED,True,NONE,0,False,False,PARALLEL,True,False,True,False,False,False,0,True
NCT07321171,2024.0,2021-2026,NA,other,2,350.0,OTHER,RECRUITING,RANDOMIZED,True,TRIPLE,3,True,True,PARALLEL,True,False,True,False,False,False,0,True
NCT07443150,2017.0,2016-2020,NA,proc_device,2,40.0,OTHER,COMPLETED,RANDOMIZED,True,SINGLE,1,True,False,PARALLEL,True,False,True,False,False,False,0,
NCT06835270,2024.0,2021-2026,NA,proc_device,4,63.0,OTHER,COMPLETED,RANDOMIZED,True,SINGLE,1,True,False,PARALLEL,True,False,True,True,False,False,0,False
NCT06265506,2024.0,2021-2026,NA,other,2,200.0,OTHER,RECRUITING,RANDOMIZED,True,NONE,0,False,False,PARALLEL,True,False,True,False,False,False,1,
NCT07129356,2024.0,2021-2026,NA,other,1,66.0,OTHER,COMPLETED,NA,False,NONE,0,False,False,SINGLE_GROUP,True,False,False,False,False,False,0,True
NCT06975501,2025.0,2021-2026,NA,other,4,444.0,OTHER,ACTIVE_NOT_RECRUITING,RANDOMIZED,True,NONE,0,False,False,FACTORIAL,True,False,False,True,False,True,0,False
NCT06437314,2025.0,2021-2026,NA,other,2,65.0,OTHER,NOT_YET_RECRUITING,RANDOMIZED,True,SINGLE,1,True,False,SINGLE_GROUP,True,False,True,False,False,False,0,
NCT07258927,2025.0,2021-2026,NA,other,3,60.0,OTHER,ACTIVE_NOT_RECRUITING,RANDOMIZED,True,SINGLE,1,True,False,PARALLEL,True,False,True,True,False,False,0,False
NCT04751890,2021.0,2021-2026,NA,other,2,66.0,OTHER,COMPLETED,RANDOMIZED,True,SINGLE,1,True,False,PARALLEL,True,False,True,False,False,False,1,False
NCT05302882,2021.0,2021-2026,NA,other,2,40.0,OTHER,COMPLETED,RANDOMIZED,True,SINGLE,1,True,False,PARALLEL,True,False,False,False,False,True,1,False
NCT02399644,2011.0,<=2015,NA,other,3,180.0,OTHER_GOV,COMPLETED,RANDOMIZED,True,NONE,0,False,False,PARALLEL,True,False,True,True,False,False,1,False
NCT07126860,2024.0,2021-2026,NA,other,2,150.0,OTHER,ACTIVE_NOT_RECRUITING,RANDOMIZED,True,NONE,0,False,False,PARALLEL,True,False,False,False,False,False,0,False
NCT07396051,2026.0,2021-2026,NA,other,2,212.0,OTHER,RECRUITING,RANDOMIZED,True,SINGLE,1,True,False,PARALLEL,True,False,True,False,False,False,0,
NCT05285462,2022.0,2021-2026,NA,other,2,52.0,OTHER,COMPLETED,RANDOMIZED,True,NONE,0,False,False,PARALLEL,True,False,True,False,False,False,0,False
NCT03679130,2018.0,2016-2020,NA,other,3,220.0,OTHER,COMPLETED,RANDOMIZED,True,NONE,0,False,False,PARALLEL,True,False,False,True,False,False,8,False
NCT02624687,2015.0,<=2015,NA,other,2,27.0,OTHER,COMPLETED,RANDOMIZED,True,SINGLE,1,True,False,PARALLEL,False,False,True,False,True,False,1,False
NCT07677189,2026.0,2021-2026,NA,other,2,80.0,OTHER,NOT_YET_RECRUITING,RANDOMIZED,True,SINGLE,1,True,False,PARALLEL,True,False,True,False,False,False,0,True
NCT05271006,2022.0,2021-2026,NA,other,2,288.0,OTHER,COMPLETED,RANDOMIZED,True,DOUBLE,2,True,True,PARALLEL,True,False,False,False,False,False,1,
NCT06704412,2021.0,2021-2026,NA,other,2,40.0,OTHER_GOV,COMPLETED,RANDOMIZED,True,DOUBLE,2,True,True,PARALLEL,True,False,True,False,False,False,0,False
NCT05845086,2023.0,2021-2026,NA,other,2,112.0,OTHER,COMPLETED,RANDOMIZED,True,DOUBLE,2,True,True,PARALLEL,True,False,False,False,False,False,1,True
NCT04923334,2021.0,2021-2026,PHASE3,other,2,500.0,OTHER,ACTIVE_NOT_RECRUITING,RANDOMIZED,True,DOUBLE,2,True,True,PARALLEL,True,True,True,False,False,False,1,True
NCT00056212,2002.0,<=2015,NA,other,0,100.0,NIH,COMPLETED,RANDOMIZED,True,NONE,0,False,False,PARALLEL,True,False,True,False,False,True,0,
NCT04528693,2020.0,2016-2020,NA,other,2,49.0,OTHER,COMPLETED,RANDOMIZED,True,SINGLE,1,True,False,PARALLEL,True,False,False,False,False,False,2,False
NCT05391165,2022.0,2021-2026,NA,other,2,40.0,OTHER,COMPLETED,RANDOMIZED,True,SINGLE,1,True,False,PARALLEL,True,False,True,False,False,False,1,
NCT01653782,2009.0,<=2015,NA,other,3,159.0,OTHER,COMPLETED,RANDOMIZED,True,DOUBLE,2,True,True,FACTORIAL,True,False,False,True,True,False,1,False
NCT04226716,2020.0,2016-2020,NA,other,2,192.0,OTHER,RECRUITING,NON_RANDOMIZED,False,NONE,0,False,False,PARALLEL,True,False,False,False,False,False,0,True
NCT03466008,2017.0,2016-2020,NA,other,2,24.0,OTHER,COMPLETED,RANDOMIZED,True,NONE,0,False,False,PARALLEL,False,False,False,False,False,False,0,False
NCT01467843,2012.0,<=2015,PHASE3,other,3,342.0,OTHER,COMPLETED,RANDOMIZED,True,SINGLE,1,True,False,PARALLEL,True,True,True,True,False,False,3,False
NCT02235207,2014.0,<=2015,NA,other,2,175.0,OTHER,COMPLETED,RANDOMIZED,True,DOUBLE,2,True,True,PARALLEL,True,False,True,False,False,False,0,False
NCT02517762,2005.0,<=2015,NA,other,2,99.0,OTHER,COMPLETED,RANDOMIZED,True,NONE,0,False,False,PARALLEL,True,False,True,False,False,False,1,True
NCT05781763,2022.0,2021-2026,NA,other,2,100.0,OTHER,RECRUITING,RANDOMIZED,True,NONE,0,False,False,PARALLEL,True,False,True,False,False,False,0,False
NCT05651490,2020.0,2016-2020,NA,other,2,106.0,OTHER,UNKNOWN,RANDOMIZED,True,SINGLE,1,True,False,PARALLEL,True,False,True,False,False,False,0,False
NCT05331586,2022.0,2021-2026,NA,other,2,40.0,OTHER,UNKNOWN,RANDOMIZED,True,TRIPLE,3,True,True,PARALLEL,True,False,False,False,False,False,0,
NCT05666427,2023.0,2021-2026,NA,other,3,50.0,OTHER,UNKNOWN,RANDOMIZED,True,SINGLE,1,True,False,CROSSOVER,True,False,True,True,False,False,2,False
NCT02498197,2016.0,2016-2020,NA,other,2,80.0,OTHER_GOV,COMPLETED,RANDOMIZED,True,SINGLE,1,True,False,PARALLEL,True,False,False,False,False,False,2,False
NCT04039789,2021.0,2021-2026,NA,proc_device,2,44.0,OTHER_GOV,COMPLETED,RANDOMIZED,True,NONE,0,False,False,PARALLEL,True,False,True,False,False,False,2,False
NCT07497425,2025.0,2021-2026,NA,other,3,216.0,OTHER,RECRUITING,RANDOMIZED,True,SINGLE,1,True,False,PARALLEL,True,False,False,True,False,False,0,False
NCT03705676,2017.0,2016-2020,NA,proc_device,6,107.0,OTHER,COMPLETED,RANDOMIZED,True,SINGLE,1,True,False,CROSSOVER,True,False,False,True,False,False,0,False
NCT03483168,2018.0,2016-2020,NA,other,2,29.0,OTHER,COMPLETED,RANDOMIZED,True,SINGLE,1,True,False,PARALLEL,False,False,True,False,False,True,0,
NCT05860205,2023.0,2021-2026,NA,other,3,30.0,OTHER,UNKNOWN,RANDOMIZED,True,DOUBLE,2,True,True,PARALLEL,True,False,True,True,False,False,0,False
NCT07139483,2025.0,2021-2026,NA,proc_device,3,108.0,OTHER,RECRUITING,RANDOMIZED,True,QUADRUPLE,4,True,True,PARALLEL,True,False,True,True,False,False,0,False
NCT01769729,2012.0,<=2015,NA,other,2,30.0,OTHER,COMPLETED,RANDOMIZED,True,NONE,0,False,False,PARALLEL,True,False,True,False,False,False,0,True
NCT01950091,2013.0,<=2015,NA,other,3,606.0,INDUSTRY,COMPLETED,RANDOMIZED,True,NONE,0,False,False,FACTORIAL,True,False,False,True,False,False,1,False
NCT02308189,2014.0,<=2015,NA,other,2,32.0,OTHER,COMPLETED,RANDOMIZED,True,SINGLE,1,True,False,PARALLEL,True,False,True,False,True,False,1,True
NCT07621302,2022.0,2021-2026,NA,other,2,104.0,OTHER,COMPLETED,RANDOMIZED,True,NONE,0,False,False,PARALLEL,True,False,True,False,False,False,0,
NCT06025201,2023.0,2021-2026,NA,other,1,130.0,OTHER,RECRUITING,NA,False,NONE,0,False,False,SINGLE_GROUP,True,False,False,False,False,False,0,True
NCT07082660,2023.0,2021-2026,NA,proc_device,2,30.0,OTHER,COMPLETED,RANDOMIZED,True,SINGLE,1,True,False,PARALLEL,True,False,True,False,False,False,0,False
NCT06956664,2025.0,2021-2026,NA,other,3,42.0,OTHER,RECRUITING,RANDOMIZED,True,DOUBLE,2,True,True,PARALLEL,True,False,True,True,False,True,0,True
NCT00624533,2006.0,<=2015,PHASE2,other,2,160.0,OTHER_GOV,COMPLETED,RANDOMIZED,True,DOUBLE,2,True,True,PARALLEL,True,False,True,False,False,False,0,True
NCT07285824,2025.0,2021-2026,NA,other,1,40.0,OTHER,NOT_YET_RECRUITING,NA,False,NONE,0,False,False,SINGLE_GROUP,True,False,True,False,False,False,0,False
NCT06916533,2024.0,2021-2026,NA,other,2,136.0,OTHER,COMPLETED,RANDOMIZED,True,SINGLE,1,True,False,PARALLEL,True,False,True,False,False,False,0,False
NCT04259294,2018.0,2016-2020,NA,other,2,31.0,OTHER,COMPLETED,RANDOMIZED,True,SINGLE,1,True,False,PARALLEL,True,False,True,False,False,False,0,
NCT07065851,2025.0,2021-2026,NA,proc_device,2,30.0,OTHER,ACTIVE_NOT_RECRUITING,RANDOMIZED,True,SINGLE,1,True,False,PARALLEL,True,False,True,False,False,True,0,True
NCT02871284,2016.0,2016-2020,NA,other,3,170.0,OTHER,COMPLETED,RANDOMIZED,True,NONE,0,False,False,PARALLEL,True,False,False,True,False,False,1,False
NCT05843149,2023.0,2021-2026,NA,other,3,6.0,OTHER,TERMINATED,RANDOMIZED,True,SINGLE,1,True,False,PARALLEL,False,False,True,True,False,False,0,
NCT00526604,2008.0,<=2015,PHASE3,other,1,260.0,OTHER,TERMINATED,RANDOMIZED,True,SINGLE,1,True,False,PARALLEL,True,True,True,False,False,False,0,True
NCT04352543,2020.0,2016-2020,NA,other,1,32.0,OTHER,COMPLETED,NA,False,NONE,0,False,False,SINGLE_GROUP,True,False,True,False,False,False,1,True
NCT03520387,2018.0,2016-2020,NA,proc_device,4,16.0,FED,COMPLETED,RANDOMIZED,True,TRIPLE,3,True,True,FACTORIAL,False,False,True,True,True,False,1,True
NCT01967342,2013.0,<=2015,NA,other,3,290.0,OTHER,COMPLETED,RANDOMIZED,True,SINGLE,1,True,False,PARALLEL,True,False,True,True,True,False,8,True
NCT00070915,2000.0,<=2015,NA,proc_device,0,120.0,OTHER,COMPLETED,RANDOMIZED,True,SINGLE,1,True,False,FACTORIAL,True,False,True,False,False,False,0,
NCT05453110,2022.0,2021-2026,NA,other,3,903.0,FED,COMPLETED,RANDOMIZED,True,DOUBLE,2,True,True,PARALLEL,True,False,True,True,True,True,1,False
NCT05496699,2022.0,2021-2026,NA,other,2,30.0,OTHER,COMPLETED,RANDOMIZED,True,SINGLE,1,True,False,PARALLEL,True,False,True,False,False,False,0,False
NCT05261828,2023.0,2021-2026,NA,other,2,100.0,OTHER,COMPLETED,RANDOMIZED,True,SINGLE,1,True,False,PARALLEL,True,False,True,False,False,False,0,False
NCT03356886,2017.0,2016-2020,NA,proc_device,2,104.0,OTHER,COMPLETED,RANDOMIZED,True,SINGLE,1,True,False,PARALLEL,True,False,True,False,False,False,0,False
NCT04770480,2021.0,2021-2026,NA,other,2,267.0,FED,ACTIVE_NOT_RECRUITING,RANDOMIZED,True,DOUBLE,2,True,True,PARALLEL,True,False,True,False,False,False,0,True
NCT00728377,2007.0,<=2015,NA,other,2,488.0,OTHER,COMPLETED,RANDOMIZED,True,NONE,0,False,False,PARALLEL,True,False,False,False,False,False,3,True
NCT06872515,2025.0,2021-2026,NA,other,2,20.0,OTHER,RECRUITING,RANDOMIZED,True,NONE,0,False,False,PARALLEL,False,False,False,False,False,False,0,False
NCT04009837,2019.0,2016-2020,NA,other,2,184.0,OTHER,COMPLETED,RANDOMIZED,True,DOUBLE,2,True,True,PARALLEL,True,False,True,False,True,False,3,True
NCT06699511,2022.0,2021-2026,NA,other,2,66.0,OTHER,ACTIVE_NOT_RECRUITING,RANDOMIZED,True,SINGLE,1,True,False,PARALLEL,True,False,True,False,False,False,1,False
NCT05998434,2025.0,2021-2026,NA,other,2,104.0,OTHER,NOT_YET_RECRUITING,RANDOMIZED,True,NONE,0,False,False,PARALLEL,True,False,True,False,False,False,1,True
NCT04859309,2021.0,2021-2026,NA,proc_device,2,104.0,OTHER,UNKNOWN,RANDOMIZED,True,DOUBLE,2,True,True,PARALLEL,True,False,True,False,False,False,1,False
NCT03771716,2019.0,2016-2020,NA,other,2,151.0,OTHER,COMPLETED,RANDOMIZED,True,DOUBLE,2,True,True,PARALLEL,True,False,False,False,True,False,0,True
NCT06940596,2025.0,2021-2026,NA,other,2,235.0,OTHER,RECRUITING,RANDOMIZED,True,SINGLE,1,True,False,PARALLEL,True,False,True,False,False,False,0,True
NCT02469077,2015.0,<=2015,NA,drug,2,117.0,OTHER,COMPLETED,RANDOMIZED,True,DOUBLE,2,True,True,PARALLEL,True,False,True,False,True,False,1,False
NCT02875301,2017.0,2016-2020,PHASE3,other,3,648.0,OTHER,COMPLETED,RANDOMIZED,True,DOUBLE,2,True,True,PARALLEL,True,True,False,True,False,False,5,True
NCT07239427,2025.0,2021-2026,NA,proc_device,2,68.0,OTHER,RECRUITING,RANDOMIZED,True,TRIPLE,3,True,True,PARALLEL,True,False,True,False,False,True,0,False
NCT05259449,2022.0,2021-2026,NA,other,6,146.0,OTHER,ACTIVE_NOT_RECRUITING,RANDOMIZED,True,SINGLE,1,True,False,PARALLEL,True,False,True,True,False,False,0,False
NCT03393104,2018.0,2016-2020,NA,other,3,120.0,OTHER,COMPLETED,RANDOMIZED,True,SINGLE,1,True,False,PARALLEL,True,False,True,True,False,False,2,False
NCT00209820,2005.0,<=2015,NA,other,0,150.0,OTHER,UNKNOWN,RANDOMIZED,True,SINGLE,1,True,False,SINGLE_GROUP,True,False,True,False,False,False,1,
NCT06251414,2023.0,2021-2026,NA,other,3,45.0,OTHER,COMPLETED,RANDOMIZED,True,NONE,0,False,False,PARALLEL,True,False,True,True,False,False,1,True
NCT03572452,2018.0,2016-2020,NA,other,2,162.0,OTHER,COMPLETED,RANDOMIZED,True,DOUBLE,2,True,True,PARALLEL,True,False,True,False,False,False,0,False
NCT05437016,2022.0,2021-2026,NA,other,2,70.0,OTHER,UNKNOWN,RANDOMIZED,True,DOUBLE,2,True,True,PARALLEL,True,False,False,False,False,False,1,False
NCT05359107,2023.0,2021-2026,NA,other,2,60.0,INDUSTRY,UNKNOWN,RANDOMIZED,True,NONE,0,False,False,PARALLEL,True,False,True,False,False,True,0,True
NCT00802724,2007.0,<=2015,PHASE1,other,2,101.0,NIH,COMPLETED,RANDOMIZED,True,DOUBLE,2,True,True,PARALLEL,True,False,True,False,False,True,1,True
NCT00373867,2006.0,<=2015,NA,other,3,108.0,OTHER,COMPLETED,RANDOMIZED,True,DOUBLE,2,True,True,PARALLEL,True,False,True,True,False,True,0,True
NCT03409562,2018.0,2016-2020,NA,other,2,62.0,OTHER,COMPLETED,RANDOMIZED,True,SINGLE,1,True,False,PARALLEL,True,False,True,False,False,False,0,True
NCT03354585,2020.0,2016-2020,NA,other,3,120.0,OTHER,COMPLETED,RANDOMIZED,True,TRIPLE,3,True,True,PARALLEL,True,False,False,True,False,False,1,True
NCT05571215,2022.0,2021-2026,NA,proc_device,1,40.0,OTHER,UNKNOWN,NA,False,NONE,0,False,False,SINGLE_GROUP,True,False,True,False,False,False,1,False
NCT06621264,2024.0,2021-2026,NA,other,2,124.0,OTHER,RECRUITING,RANDOMIZED,True,SINGLE,1,True,False,PARALLEL,True,False,True,False,False,False,1,False
NCT07429682,2024.0,2021-2026,NA,other,2,216.0,OTHER,COMPLETED,RANDOMIZED,True,SINGLE,1,True,False,PARALLEL,True,False,True,False,False,False,0,False
NCT07338045,2026.0,2021-2026,NA,other,2,30.0,OTHER,RECRUITING,RANDOMIZED,True,SINGLE,1,True,False,PARALLEL,True,False,True,False,False,False,0,False
NCT05528536,2022.0,2021-2026,NA,other,3,163.0,OTHER,COMPLETED,RANDOMIZED,True,SINGLE,1,True,False,PARALLEL,True,False,True,True,False,False,0,False
NCT07573995,2026.0,2021-2026,NA,other,2,30.0,OTHER,NOT_YET_RECRUITING,RANDOMIZED,True,DOUBLE,2,True,True,PARALLEL,True,False,True,False,False,False,0,False
NCT07290361,2025.0,2021-2026,NA,other,2,17587.0,OTHER,RECRUITING,RANDOMIZED,True,NONE,0,False,False,CROSSOVER,True,False,False,False,False,False,0,False
NCT03244046,2016.0,2016-2020,NA,other,2,140.0,OTHER,UNKNOWN,RANDOMIZED,True,SINGLE,1,True,False,PARALLEL,True,False,True,False,False,False,1,False
NCT07675551,2026.0,2021-2026,NA,other,2,280.0,OTHER,RECRUITING,RANDOMIZED,True,NONE,0,False,False,PARALLEL,True,False,False,False,False,False,0,False
NCT03523793,2018.0,2016-2020,NA,other,2,1441.0,OTHER,COMPLETED,NON_RANDOMIZED,False,NONE,0,False,False,PARALLEL,True,False,False,False,False,False,0,False
NCT06400602,2024.0,2021-2026,NA,other,2,40.0,OTHER,ACTIVE_NOT_RECRUITING,RANDOMIZED,True,SINGLE,1,True,False,PARALLEL,True,False,False,False,False,False,0,False
NCT00926744,2006.0,<=2015,NA,other,3,1085.0,OTHER_GOV,UNKNOWN,RANDOMIZED,True,TRIPLE,3,True,True,PARALLEL,True,False,False,True,False,False,1,True
NCT07384637,2023.0,2021-2026,NA,other,3,129.0,OTHER,COMPLETED,RANDOMIZED,True,NONE,0,False,False,PARALLEL,True,False,False,True,False,False,0,True
NCT00761111,2007.0,<=2015,PHASE3,other,0,140.0,OTHER,UNKNOWN,RANDOMIZED,True,DOUBLE,2,True,True,SINGLE_GROUP,True,True,False,False,False,False,1,
NCT04797871,2021.0,2021-2026,NA,other,2,100.0,OTHER,COMPLETED,RANDOMIZED,True,SINGLE,1,True,False,CROSSOVER,True,False,False,False,False,False,1,False
NCT00361556,2005.0,<=2015,PHASE2,other,3,240.0,OTHER,COMPLETED,RANDOMIZED,True,DOUBLE,2,True,True,PARALLEL,True,False,False,True,False,False,0,True
NCT07391449,2027.0,2021-2026,NA,other,2,240.0,OTHER,NOT_YET_RECRUITING,RANDOMIZED,True,TRIPLE,3,True,True,PARALLEL,True,False,True,False,False,False,0,False
NCT06214884,2024.0,2021-2026,NA,other,2,86.0,OTHER,UNKNOWN,RANDOMIZED,True,SINGLE,1,True,False,PARALLEL,True,False,False,False,False,False,0,True
NCT01025752,2011.0,<=2015,NA,other,2,134.0,FED,COMPLETED,RANDOMIZED,True,NONE,0,False,False,PARALLEL,True,False,True,False,True,True,3,False
NCT04377529,2019.0,2016-2020,NA,other,2,39.0,OTHER,COMPLETED,RANDOMIZED,True,NONE,0,False,False,PARALLEL,True,False,False,False,False,False,1,False
NCT06835439,2024.0,2021-2026,NA,other,2,144.0,OTHER,COMPLETED,NON_RANDOMIZED,False,NONE,0,False,False,SEQUENTIAL,True,False,False,False,True,False,0,False
NCT06630676,2024.0,2021-2026,NA,other,2,288.0,OTHER,COMPLETED,RANDOMIZED,True,SINGLE,1,True,False,PARALLEL,True,False,False,False,False,False,0,False
NCT06821607,2025.0,2021-2026,NA,other,2,1000.0,OTHER,RECRUITING,RANDOMIZED,True,NONE,0,False,False,PARALLEL,True,False,True,False,False,False,0,True
NCT01699256,2012.0,<=2015,NA,other,2,1101.0,OTHER,COMPLETED,RANDOMIZED,True,SINGLE,1,True,False,PARALLEL,True,False,True,False,False,False,4,False
NCT00118859,2004.0,<=2015,NA,other,0,60.0,NIH,COMPLETED,RANDOMIZED,True,NONE,0,False,False,PARALLEL,True,False,True,False,False,False,0,
NCT07415941,2026.0,2021-2026,NA,proc_device,2,66.0,OTHER,RECRUITING,RANDOMIZED,True,NONE,0,False,False,PARALLEL,True,False,False,False,False,False,0,
NCT03959449,2019.0,2016-2020,NA,other,3,30.0,OTHER,COMPLETED,RANDOMIZED,True,DOUBLE,2,True,True,PARALLEL,True,False,True,True,False,False,0,
NCT05261581,2022.0,2021-2026,EARLY_PHASE1,both,2,0.0,OTHER,WITHDRAWN,NON_RANDOMIZED,False,TRIPLE,3,True,True,PARALLEL,False,False,True,False,False,False,0,False
NCT06239753,2024.0,2021-2026,NA,other,3,144.0,OTHER,RECRUITING,RANDOMIZED,True,DOUBLE,2,True,True,PARALLEL,True,False,False,True,False,False,0,False
NCT03816007,2021.0,2021-2026,NA,other,2,32.0,FED,COMPLETED,RANDOMIZED,True,SINGLE,1,True,False,PARALLEL,True,False,True,False,True,False,0,False
NCT07425964,2026.0,2021-2026,NA,other,1,100.0,OTHER,NOT_YET_RECRUITING,NA,False,NONE,0,False,False,SINGLE_GROUP,True,False,True,False,False,False,0,True
NCT07454811,2026.0,2021-2026,NA,other,2,80.0,OTHER,NOT_YET_RECRUITING,RANDOMIZED,True,NONE,0,False,False,PARALLEL,True,False,True,False,False,False,0,False
NCT04976790,2021.0,2021-2026,NA,drug,2,90.0,OTHER,UNKNOWN,RANDOMIZED,True,NONE,0,False,False,PARALLEL,True,False,True,False,False,False,0,False
NCT05022121,2022.0,2021-2026,NA,drug,2,42.0,OTHER,COMPLETED,RANDOMIZED,True,DOUBLE,2,True,True,PARALLEL,True,False,False,False,True,False,0,True
NCT00840697,2009.0,<=2015,NA,other,3,400.0,OTHER,UNKNOWN,RANDOMIZED,True,SINGLE,1,True,False,PARALLEL,True,False,True,True,False,False,1,True
NCT07380048,2024.0,2021-2026,NA,other,2,187.0,OTHER,COMPLETED,RANDOMIZED,True,NONE,0,False,False,PARALLEL,True,False,False,False,False,False,0,False
NCT00864422,2006.0,<=2015,PHASE1,other,2,20.0,OTHER,COMPLETED,RANDOMIZED,True,SINGLE,1,True,False,PARALLEL,False,False,False,False,False,False,0,False
NCT05215509,2021.0,2021-2026,NA,other,4,69.0,OTHER,COMPLETED,RANDOMIZED,True,SINGLE,1,True,False,PARALLEL,True,False,False,True,False,False,2,True
NCT02106741,2013.0,<=2015,NA,other,3,51.0,OTHER,COMPLETED,RANDOMIZED,True,SINGLE,1,True,False,PARALLEL,True,False,True,True,False,False,1,False
NCT05721027,2023.0,2021-2026,PHASE4,drug,2,132.0,OTHER,RECRUITING,RANDOMIZED,True,QUADRUPLE,4,True,True,PARALLEL,True,True,True,False,False,False,0,True
NCT05443880,2022.0,2021-2026,NA,other,3,105.0,OTHER,COMPLETED,RANDOMIZED,True,NONE,0,False,False,PARALLEL,True,False,True,True,False,False,0,True
NCT05919446,2023.0,2021-2026,NA,other,2,30.0,OTHER,UNKNOWN,RANDOMIZED,True,DOUBLE,2,True,True,PARALLEL,True,False,False,False,False,False,0,False
NCT05441722,2022.0,2021-2026,NA,other,2,48.0,OTHER,UNKNOWN,RANDOMIZED,True,SINGLE,1,True,False,PARALLEL,True,False,False,False,False,False,1,
NCT03157570,2017.0,2016-2020,NA,other,2,40.0,OTHER,COMPLETED,RANDOMIZED,True,DOUBLE,2,True,True,PARALLEL,True,False,True,False,False,False,0,
NCT07058480,2024.0,2021-2026,NA,proc_device,2,30.0,OTHER,COMPLETED,NON_RANDOMIZED,False,NONE,0,False,False,PARALLEL,True,False,True,False,False,False,0,False
NCT03273114,2017.0,2016-2020,NA,other,2,148.0,OTHER,COMPLETED,RANDOMIZED,True,DOUBLE,2,True,True,PARALLEL,True,False,True,False,False,False,1,False
NCT04076618,2020.0,2016-2020,NA,proc_device,3,150.0,OTHER,COMPLETED,RANDOMIZED,True,DOUBLE,2,True,True,PARALLEL,True,False,False,True,True,False,3,False
NCT01783704,2013.0,<=2015,NA,other,2,210.0,OTHER,COMPLETED,RANDOMIZED,True,DOUBLE,2,True,True,PARALLEL,True,False,False,False,False,False,5,True
NCT01971151,2012.0,<=2015,NA,other,3,6.0,OTHER,UNKNOWN,RANDOMIZED,True,NONE,0,False,False,SINGLE_GROUP,False,False,True,True,False,False,0,False
NCT03463824,2019.0,2016-2020,NA,other,2,154.0,OTHER,COMPLETED,RANDOMIZED,True,QUADRUPLE,4,True,True,PARALLEL,True,False,True,False,True,False,1,True
NCT03756519,2018.0,2016-2020,NA,other,2,69.0,OTHER,COMPLETED,RANDOMIZED,True,SINGLE,1,True,False,PARALLEL,True,False,True,False,False,False,0,False
NCT00796536,2009.0,<=2015,PHASE1;PHASE2,other,2,40.0,OTHER,COMPLETED,RANDOMIZED,True,NONE,0,False,False,PARALLEL,False,False,True,False,False,False,0,False
NCT05810519,2023.0,2021-2026,NA,other,2,25.0,OTHER,COMPLETED,RANDOMIZED,True,DOUBLE,2,True,True,PARALLEL,False,False,True,False,False,False,1,False
NCT06889389,2025.0,2021-2026,NA,other,3,81.0,OTHER,RECRUITING,RANDOMIZED,True,DOUBLE,2,True,True,PARALLEL,True,False,True,True,False,False,0,False
NCT00803413,2002.0,<=2015,NA,other,4,119.0,OTHER,COMPLETED,RANDOMIZED,True,DOUBLE,2,True,True,PARALLEL,True,False,False,True,True,False,0,False
NCT03707288,2018.0,2016-2020,NA,other,2,1000.0,OTHER,RECRUITING,RANDOMIZED,True,NONE,0,False,False,PARALLEL,True,False,False,False,False,False,0,False
NCT04549532,2021.0,2021-2026,NA,other,2,169.0,OTHER,COMPLETED,RANDOMIZED,True,SINGLE,1,True,False,PARALLEL,True,False,True,False,False,False,3,True
NCT05085782,2022.0,2021-2026,PHASE2,drug,2,48.0,OTHER,COMPLETED,RANDOMIZED,True,QUADRUPLE,4,True,True,PARALLEL,False,False,True,False,False,False,1,True
NCT04730700,2020.0,2016-2020,NA,proc_device,2,50.0,OTHER,RECRUITING,RANDOMIZED,True,NONE,0,False,False,PARALLEL,True,False,True,False,False,False,0,False
NCT02019498,2014.0,<=2015,NA,other,2,50.0,OTHER,TERMINATED,RANDOMIZED,True,NONE,0,False,False,PARALLEL,True,False,False,False,False,False,1,False
NCT04673773,2021.0,2021-2026,NA,other,1,100.0,OTHER,UNKNOWN,NA,False,NONE,0,False,False,SINGLE_GROUP,True,False,False,False,False,False,1,False
NCT03799952,2019.0,2016-2020,NA,other,2,62.0,OTHER,COMPLETED,RANDOMIZED,True,SINGLE,1,True,False,PARALLEL,True,False,False,False,True,False,1,False
NCT04801316,2021.0,2021-2026,NA,other,3,154.0,OTHER,TERMINATED,RANDOMIZED,True,NONE,0,False,False,PARALLEL,True,False,False,True,False,False,1,False
NCT03398174,2018.0,2016-2020,NA,other,3,30.0,OTHER,COMPLETED,RANDOMIZED,True,SINGLE,1,True,False,PARALLEL,True,False,True,True,False,False,1,
NCT06696352,2025.0,2021-2026,NA,other,2,376.0,OTHER,ACTIVE_NOT_RECRUITING,RANDOMIZED,True,SINGLE,1,True,False,PARALLEL,True,False,True,False,False,False,0,True
NCT04980612,2021.0,2021-2026,NA,other,2,52.0,OTHER,COMPLETED,RANDOMIZED,True,NONE,0,False,False,PARALLEL,True,False,False,False,True,False,0,True
NCT05582889,2022.0,2021-2026,NA,other,2,64.0,OTHER,COMPLETED,RANDOMIZED,True,SINGLE,1,True,False,CROSSOVER,True,False,False,False,True,False,1,True
NCT06106191,2024.0,2021-2026,NA,other,1,350.0,OTHER,RECRUITING,NA,False,NONE,0,False,False,SINGLE_GROUP,True,False,True,False,False,False,0,False
NCT06619418,2024.0,2021-2026,NA,proc_device,2,20.0,OTHER,RECRUITING,RANDOMIZED,True,NONE,0,False,False,PARALLEL,False,False,False,False,False,False,0,
NCT03798288,2019.0,2016-2020,NA,other,2,461.0,OTHER,COMPLETED,RANDOMIZED,True,SINGLE,1,True,False,PARALLEL,True,False,True,False,False,False,7,False
NCT05634122,2021.0,2021-2026,NA,other,2,80.0,OTHER,UNKNOWN,RANDOMIZED,True,NONE,0,False,False,PARALLEL,True,False,True,False,False,False,0,False
NCT04164225,2020.0,2016-2020,NA,other,2,60.0,OTHER,RECRUITING,RANDOMIZED,True,NONE,0,False,False,PARALLEL,True,False,False,False,False,False,1,True
NCT04142177,2022.0,2021-2026,NA,proc_device,6,2529.0,FED,RECRUITING,RANDOMIZED,True,SINGLE,1,True,False,SEQUENTIAL,True,False,True,True,False,False,1,True
NCT07535047,2026.0,2021-2026,NA,proc_device,2,40.0,OTHER,RECRUITING,RANDOMIZED,True,DOUBLE,2,True,True,PARALLEL,True,False,True,False,False,False,0,True
NCT06471920,2025.0,2021-2026,NA,other,2,434.0,OTHER,RECRUITING,RANDOMIZED,True,NONE,0,False,False,PARALLEL,True,False,True,False,False,False,1,True
NCT07334782,2026.0,2021-2026,NA,other,2,20.0,OTHER,ACTIVE_NOT_RECRUITING,RANDOMIZED,True,NONE,0,False,False,PARALLEL,False,False,True,False,False,False,0,False
NCT03031158,2017.0,2016-2020,NA,other,2,24.0,OTHER,COMPLETED,RANDOMIZED,True,TRIPLE,3,True,True,PARALLEL,False,False,True,False,False,False,0,False
NCT04916626,2021.0,2021-2026,NA,other,2,284.0,OTHER,ACTIVE_NOT_RECRUITING,RANDOMIZED,True,DOUBLE,2,True,True,PARALLEL,True,False,True,False,False,False,1,False
NCT06440551,2026.0,2021-2026,NA,other,2,48.0,OTHER,NOT_YET_RECRUITING,RANDOMIZED,True,SINGLE,1,True,False,PARALLEL,True,False,True,False,False,False,0,True
NCT05553444,2022.0,2021-2026,NA,other,1,5.0,OTHER,COMPLETED,NA,False,NONE,0,False,False,SINGLE_GROUP,False,False,True,False,False,False,0,False
NCT06443229,2023.0,2021-2026,NA,other,2,102.0,OTHER,UNKNOWN,RANDOMIZED,True,QUADRUPLE,4,True,True,PARALLEL,True,False,True,False,False,False,1,True
NCT01158339,2010.0,<=2015,NA,other,2,90.0,OTHER,COMPLETED,RANDOMIZED,True,SINGLE,1,True,False,PARALLEL,True,False,True,False,False,True,0,True
NCT03861611,2019.0,2016-2020,PHASE4,drug,3,198.0,OTHER,COMPLETED,RANDOMIZED,True,DOUBLE,2,True,True,PARALLEL,True,True,True,True,True,False,0,True
NCT07448766,2024.0,2021-2026,NA,other,3,48.0,OTHER,COMPLETED,RANDOMIZED,True,SINGLE,1,True,False,PARALLEL,True,False,True,True,False,False,0,
NCT03294148,2017.0,2016-2020,NA,other,3,151.0,OTHER,COMPLETED,RANDOMIZED,True,SINGLE,1,True,False,PARALLEL,True,False,True,True,True,False,2,False
NCT05684497,2021.0,2021-2026,NA,other,2,80.0,OTHER,COMPLETED,RANDOMIZED,True,NONE,0,False,False,PARALLEL,True,False,False,False,False,False,0,True
NCT05450263,2022.0,2021-2026,NA,other,3,0.0,OTHER,WITHDRAWN,RANDOMIZED,True,NONE,0,False,False,SEQUENTIAL,False,False,False,True,False,False,1,False
NCT07298941,2025.0,2021-2026,PHASE2,other,3,300.0,OTHER,RECRUITING,RANDOMIZED,True,SINGLE,1,True,False,SEQUENTIAL,True,False,True,True,False,False,0,True
NCT05437861,2022.0,2021-2026,NA,other,2,10.0,OTHER,UNKNOWN,RANDOMIZED,True,DOUBLE,2,True,True,PARALLEL,False,False,False,False,False,False,0,False
NCT04968821,2021.0,2021-2026,NA,other,2,60.0,OTHER,COMPLETED,RANDOMIZED,True,DOUBLE,2,True,True,PARALLEL,True,False,True,False,False,False,0,False
NCT03705741,2018.0,2016-2020,NA,other,2,120.0,OTHER_GOV,TERMINATED,RANDOMIZED,True,SINGLE,1,True,False,PARALLEL,True,False,False,False,False,False,0,False
NCT02301741,2015.0,<=2015,NA,other,2,53.0,OTHER,COMPLETED,RANDOMIZED,True,SINGLE,1,True,False,PARALLEL,True,False,False,False,False,False,1,True
NCT05136729,2022.0,2021-2026,NA,other,2,19.0,OTHER,COMPLETED,RANDOMIZED,True,SINGLE,1,True,False,PARALLEL,False,False,False,False,False,False,0,False
NCT05811624,2023.0,2021-2026,NA,other,2,252.0,OTHER,RECRUITING,RANDOMIZED,True,TRIPLE,3,True,True,PARALLEL,True,False,True,False,False,False,2,False
NCT02648373,2014.0,<=2015,NA,other,2,76.0,OTHER,COMPLETED,RANDOMIZED,True,NONE,0,False,False,PARALLEL,True,False,True,False,False,False,0,False
NCT05878145,2023.0,2021-2026,NA,other,2,57.0,OTHER,COMPLETED,RANDOMIZED,True,SINGLE,1,True,False,PARALLEL,True,False,True,False,False,False,1,False
NCT06781541,2022.0,2021-2026,NA,other,5,72.0,OTHER,ACTIVE_NOT_RECRUITING,NON_RANDOMIZED,False,SINGLE,1,True,False,PARALLEL,True,False,False,True,False,True,3,False
NCT05404399,2022.0,2021-2026,NA,other,2,60.0,OTHER_GOV,UNKNOWN,RANDOMIZED,True,NONE,0,False,False,PARALLEL,True,False,True,False,False,False,0,False
NCT03413839,2020.0,2016-2020,NA,other,2,0.0,OTHER,WITHDRAWN,RANDOMIZED,True,SINGLE,1,True,False,PARALLEL,False,False,False,False,False,False,0,False
NCT04691258,2020.0,2016-2020,NA,other,2,32.0,OTHER,COMPLETED,RANDOMIZED,True,SINGLE,1,True,False,PARALLEL,True,False,True,False,False,False,0,False
NCT03827174,2019.0,2016-2020,NA,other,2,8.0,OTHER,TERMINATED,RANDOMIZED,True,TRIPLE,3,True,True,PARALLEL,False,False,True,False,False,False,0,False
NCT02724930,2018.0,2016-2020,NA,other,2,135.0,FED,COMPLETED,RANDOMIZED,True,NONE,0,False,False,CROSSOVER,True,False,False,False,False,False,0,False
NCT06853132,2025.0,2021-2026,NA,other,2,110.0,OTHER,RECRUITING,RANDOMIZED,True,NONE,0,False,False,PARALLEL,True,False,False,False,False,False,0,True
NCT03342885,2017.0,2016-2020,NA,other,2,120.0,OTHER,UNKNOWN,RANDOMIZED,True,SINGLE,1,True,False,PARALLEL,True,False,True,False,False,False,0,False
NCT03831841,2018.0,2016-2020,NA,other,2,110.0,OTHER,COMPLETED,NON_RANDOMIZED,False,NONE,0,False,False,PARALLEL,True,False,True,False,False,False,6,False
NCT06931158,2025.0,2021-2026,NA,drug,4,340.0,OTHER,RECRUITING,RANDOMIZED,True,NONE,0,False,False,PARALLEL,True,False,True,True,False,False,1,False
NCT01705600,2012.0,<=2015,NA,other,1,100.0,OTHER,UNKNOWN,,False,SINGLE,1,True,False,PARALLEL,True,False,True,False,False,False,0,False
NCT00447668,2007.0,<=2015,PHASE2,other,3,210.0,OTHER,COMPLETED,RANDOMIZED,True,SINGLE,1,True,False,PARALLEL,True,False,True,True,False,False,2,True
NCT07167888,2026.0,2021-2026,NA,other,2,400.0,OTHER,NOT_YET_RECRUITING,RANDOMIZED,True,NONE,0,False,False,PARALLEL,True,False,False,False,False,True,0,False
NCT07182825,2025.0,2021-2026,NA,other,2,40.0,OTHER,NOT_YET_RECRUITING,NON_RANDOMIZED,False,NONE,0,False,False,PARALLEL,True,False,True,False,False,False,0,False
NCT04115670,2019.0,2016-2020,NA,other,2,50.0,OTHER,UNKNOWN,NON_RANDOMIZED,False,DOUBLE,2,True,True,CROSSOVER,True,False,True,False,False,False,0,
NCT06226298,2023.0,2021-2026,NA,proc_device,2,52.0,OTHER,COMPLETED,RANDOMIZED,True,SINGLE,1,True,False,PARALLEL,True,False,True,False,False,False,0,True
NCT01922063,1996.0,<=2015,PHASE3,other,3,120.0,OTHER,COMPLETED,RANDOMIZED,True,SINGLE,1,True,False,PARALLEL,True,True,True,True,False,False,0,False
NCT03426709,2018.0,2016-2020,NA,other,2,196.0,OTHER,COMPLETED,RANDOMIZED,True,QUADRUPLE,4,True,True,PARALLEL,True,False,True,False,False,False,3,False
NCT02375386,2015.0,<=2015,NA,proc_device,2,3.0,OTHER,COMPLETED,RANDOMIZED,True,NONE,0,False,False,PARALLEL,False,False,False,False,False,False,0,True
NCT00361270,2006.0,<=2015,NA,other,4,161.0,FED,COMPLETED,RANDOMIZED,True,DOUBLE,2,True,True,PARALLEL,True,False,True,True,True,False,0,False
NCT04953364,2022.0,2021-2026,NA,other,2,82.0,OTHER,RECRUITING,RANDOMIZED,True,SINGLE,1,True,False,PARALLEL,True,False,False,False,False,False,1,True
NCT07251959,2025.0,2021-2026,NA,proc_device,2,60.0,OTHER,ENROLLING_BY_INVITATION,RANDOMIZED,True,DOUBLE,2,True,True,PARALLEL,True,False,True,False,False,False,0,
NCT03172962,2017.0,2016-2020,NA,other,2,85.0,OTHER_GOV,COMPLETED,RANDOMIZED,True,DOUBLE,2,True,True,PARALLEL,True,False,True,False,False,False,0,False
NCT07324538,2026.0,2021-2026,NA,other,2,40.0,OTHER,NOT_YET_RECRUITING,RANDOMIZED,True,SINGLE,1,True,False,CROSSOVER,True,False,True,False,False,False,0,False
NCT05774002,2023.0,2021-2026,NA,other,2,120.0,OTHER,RECRUITING,RANDOMIZED,True,NONE,0,False,False,PARALLEL,True,False,False,False,False,False,0,True
NCT02647658,2016.0,2016-2020,NA,other,2,2300.0,OTHER,COMPLETED,RANDOMIZED,True,NONE,0,False,False,PARALLEL,True,False,True,False,True,False,6,False
NCT07172828,2025.0,2021-2026,NA,other,2,48.0,OTHER,NOT_YET_RECRUITING,RANDOMIZED,True,SINGLE,1,True,False,PARALLEL,True,False,True,False,False,False,0,False
NCT07011537,2026.0,2021-2026,NA,proc_device,2,196.0,INDUSTRY,ENROLLING_BY_INVITATION,RANDOMIZED,True,DOUBLE,2,True,True,PARALLEL,True,False,True,False,False,False,0,False
NCT06605248,2024.0,2021-2026,NA,other,2,60.0,OTHER,COMPLETED,RANDOMIZED,True,NONE,0,False,False,PARALLEL,True,False,True,False,False,False,0,False
NCT05021718,2018.0,2016-2020,NA,drug,2,70.0,OTHER,COMPLETED,RANDOMIZED,True,SINGLE,1,True,False,PARALLEL,True,False,True,False,False,False,0,
NCT03581123,2018.0,2016-2020,PHASE3,drug,4,1000.0,OTHER,COMPLETED,RANDOMIZED,True,DOUBLE,2,True,True,FACTORIAL,True,True,True,True,True,False,4,True
NCT06859645,2025.0,2021-2026,NA,other,2,32.0,OTHER,COMPLETED,RANDOMIZED,True,SINGLE,1,True,False,PARALLEL,True,False,True,False,False,False,0,False
NCT03722394,2018.0,2016-2020,NA,other,1,80.0,OTHER,COMPLETED,NA,False,NONE,0,False,False,SINGLE_GROUP,True,False,True,False,False,False,0,False
NCT06161753,2023.0,2021-2026,NA,other,1,61.0,OTHER,ACTIVE_NOT_RECRUITING,NA,False,NONE,0,False,False,SINGLE_GROUP,True,False,True,False,False,False,0,False
NCT01981798,2006.0,<=2015,NA,other,2,121.0,OTHER,COMPLETED,RANDOMIZED,True,NONE,0,False,False,PARALLEL,True,False,True,False,False,False,0,True
NCT06669702,2024.0,2021-2026,NA,other,3,60.0,OTHER,RECRUITING,RANDOMIZED,True,NONE,0,False,False,PARALLEL,True,False,False,True,False,False,0,True
NCT06977919,2025.0,2021-2026,NA,other,2,120.0,OTHER,ENROLLING_BY_INVITATION,RANDOMIZED,True,SINGLE,1,True,False,PARALLEL,True,False,True,False,False,False,0,
NCT01250600,2011.0,<=2015,NA,other,2,80.0,OTHER,UNKNOWN,RANDOMIZED,True,NONE,0,False,False,PARALLEL,True,False,True,False,False,False,0,
NCT06741956,2023.0,2021-2026,NA,other,2,120.0,OTHER,ENROLLING_BY_INVITATION,RANDOMIZED,True,DOUBLE,2,True,True,PARALLEL,True,False,False,False,False,False,1,False
NCT05806593,2023.0,2021-2026,NA,other,2,29.0,OTHER,COMPLETED,RANDOMIZED,True,SINGLE,1,True,False,PARALLEL,False,False,True,False,False,False,2,False
NCT06923800,2025.0,2021-2026,NA,other,2,30.0,OTHER,RECRUITING,RANDOMIZED,True,SINGLE,1,True,False,CROSSOVER,True,False,True,False,False,False,0,False
NCT03554018,2018.0,2016-2020,PHASE3,drug,2,120.0,OTHER,COMPLETED,RANDOMIZED,True,QUADRUPLE,4,True,True,PARALLEL,True,True,True,False,True,False,0,True
NCT03546153,2018.0,2016-2020,NA,other,1,10.0,OTHER,COMPLETED,NA,False,NONE,0,False,False,SINGLE_GROUP,False,False,True,False,False,False,0,False
NCT07207083,2025.0,2021-2026,NA,other,2,60.0,OTHER,ENROLLING_BY_INVITATION,RANDOMIZED,True,NONE,0,False,False,PARALLEL,True,False,True,False,False,False,0,
NCT05623046,2023.0,2021-2026,NA,other,1,40.0,OTHER,COMPLETED,NA,False,NONE,0,False,False,SINGLE_GROUP,True,False,True,False,False,False,0,True
NCT07177001,2026.0,2021-2026,NA,other,2,120.0,OTHER,NOT_YET_RECRUITING,RANDOMIZED,True,NONE,0,False,False,PARALLEL,True,False,False,False,False,False,0,False
NCT05480982,2022.0,2021-2026,NA,other,2,200.0,OTHER,RECRUITING,RANDOMIZED,True,SINGLE,1,True,False,PARALLEL,True,False,True,False,False,False,0,False
NCT04816305,2021.0,2021-2026,NA,proc_device,3,60.0,OTHER,UNKNOWN,RANDOMIZED,True,DOUBLE,2,True,True,PARALLEL,True,False,True,True,False,False,0,True
NCT07411053,2026.0,2021-2026,NA,other,2,72.0,OTHER,NOT_YET_RECRUITING,RANDOMIZED,True,QUADRUPLE,4,True,True,PARALLEL,True,False,True,False,False,False,0,False
NCT00439764,2007.0,<=2015,PHASE2,other,3,680.0,OTHER,COMPLETED,RANDOMIZED,True,DOUBLE,2,True,True,PARALLEL,True,False,True,True,False,False,1,True
NCT00360802,2006.0,<=2015,PHASE2,other,2,330.0,OTHER,COMPLETED,RANDOMIZED,True,DOUBLE,2,True,True,PARALLEL,True,False,False,False,False,False,1,
NCT07497711,2026.0,2021-2026,PHASE2;PHASE3,other,3,145.0,OTHER,RECRUITING,RANDOMIZED,True,SINGLE,1,True,False,PARALLEL,True,True,False,True,False,False,0,True
NCT00269321,2003.0,<=2015,PHASE2,proc_device,3,240.0,OTHER,COMPLETED,RANDOMIZED,True,SINGLE,1,True,False,PARALLEL,True,False,True,True,False,False,2,
NCT05396014,2022.0,2021-2026,PHASE4,drug,4,1014.0,OTHER,COMPLETED,RANDOMIZED,True,SINGLE,1,True,False,SEQUENTIAL,True,True,True,True,True,False,3,True
NCT07137065,2026.0,2021-2026,NA,other,2,500.0,OTHER,RECRUITING,RANDOMIZED,True,TRIPLE,3,True,True,PARALLEL,True,False,True,False,False,False,0,True
NCT06128538,2024.0,2021-2026,NA,proc_device,1,11.0,OTHER,COMPLETED,NA,False,NONE,0,False,False,SINGLE_GROUP,False,False,True,False,False,False,0,False
NCT00561652,2008.0,<=2015,NA,proc_device,2,30.0,FED,COMPLETED,RANDOMIZED,True,NONE,0,False,False,PARALLEL,True,False,True,False,True,False,0,True
NCT07000006,2025.0,2021-2026,NA,other,2,30.0,OTHER,COMPLETED,RANDOMIZED,True,SINGLE,1,True,False,PARALLEL,True,False,False,False,False,False,0,
NCT05780021,2023.0,2021-2026,NA,other,2,150.0,OTHER,RECRUITING,RANDOMIZED,True,NONE,0,False,False,PARALLEL,True,False,True,False,False,False,0,False
NCT04447508,2021.0,2021-2026,NA,other,2,0.0,OTHER,WITHDRAWN,RANDOMIZED,True,SINGLE,1,True,False,PARALLEL,False,False,True,False,False,False,0,False
NCT01405716,2011.0,<=2015,NA,other,2,282.0,OTHER,COMPLETED,RANDOMIZED,True,SINGLE,1,True,False,PARALLEL,True,False,True,False,False,False,2,True
NCT07596602,2024.0,2021-2026,NA,other,1,16.0,OTHER,COMPLETED,NA,False,NONE,0,False,False,SINGLE_GROUP,False,False,True,False,False,False,0,False
NCT06977958,2025.0,2021-2026,NA,other,2,120.0,OTHER,ENROLLING_BY_INVITATION,RANDOMIZED,True,SINGLE,1,True,False,PARALLEL,True,False,True,False,False,False,0,
NCT04860128,2021.0,2021-2026,NA,other,5,400.0,OTHER,COMPLETED,RANDOMIZED,True,DOUBLE,2,True,True,PARALLEL,True,False,False,True,False,False,2,
NCT02222935,2014.0,<=2015,EARLY_PHASE1,other,2,48.0,OTHER,UNKNOWN,RANDOMIZED,True,SINGLE,1,True,False,PARALLEL,True,False,True,False,False,False,0,True
NCT07379606,2026.0,2021-2026,NA,other,2,30.0,OTHER,NOT_YET_RECRUITING,RANDOMIZED,True,NONE,0,False,False,CROSSOVER,True,False,False,False,False,False,0,
NCT02503410,2015.0,<=2015,NA,other,2,7.0,OTHER,TERMINATED,RANDOMIZED,True,SINGLE,1,True,False,PARALLEL,False,False,True,False,True,False,0,False
NCT03349580,2014.0,<=2015,NA,other,2,27.0,OTHER,COMPLETED,RANDOMIZED,True,SINGLE,1,True,False,PARALLEL,False,False,True,False,False,False,1,True
NCT01761617,2011.0,<=2015,NA,other,2,96.0,OTHER,COMPLETED,RANDOMIZED,True,SINGLE,1,True,False,PARALLEL,True,False,True,False,False,False,2,True
NCT03909048,2019.0,2016-2020,NA,other,2,40.0,OTHER,COMPLETED,RANDOMIZED,True,DOUBLE,2,True,True,PARALLEL,True,False,True,False,False,False,0,False
NCT03658226,2018.0,2016-2020,NA,other,1,8.0,OTHER,COMPLETED,NA,False,NONE,0,False,False,SINGLE_GROUP,False,False,True,False,False,False,0,False
NCT01343927,2012.0,<=2015,NA,other,3,320.0,OTHER,COMPLETED,RANDOMIZED,True,NONE,0,False,False,PARALLEL,True,False,True,True,False,False,9,True
NCT04967534,2021.0,2021-2026,NA,other,2,54.0,OTHER,COMPLETED,RANDOMIZED,True,SINGLE,1,True,False,PARALLEL,True,False,True,False,False,False,0,False
NCT05578781,2023.0,2021-2026,NA,other,4,99.0,OTHER,COMPLETED,RANDOMIZED,True,SINGLE,1,True,False,PARALLEL,True,False,True,True,False,False,0,True
NCT02364726,2015.0,<=2015,NA,proc_device,1,28.0,OTHER,COMPLETED,NA,False,NONE,0,False,False,SINGLE_GROUP,False,False,True,False,False,False,0,
NCT07250568,2026.0,2021-2026,NA,other,3,60.0,OTHER,RECRUITING,RANDOMIZED,True,NONE,0,False,False,PARALLEL,True,False,True,True,False,False,0,False
NCT06063408,2024.0,2021-2026,NA,other,2,60.0,OTHER,COMPLETED,RANDOMIZED,True,SINGLE,1,True,False,PARALLEL,True,False,True,False,False,False,0,False
NCT04494490,2021.0,2021-2026,NA,other,2,4039.0,FED,ACTIVE_NOT_RECRUITING,RANDOMIZED,True,NONE,0,False,False,SEQUENTIAL,True,False,False,False,False,False,0,True
NCT01992770,2013.0,<=2015,NA,other,2,40.0,OTHER,TERMINATED,RANDOMIZED,True,SINGLE,1,True,False,PARALLEL,True,False,True,False,False,False,0,False
NCT06575920,2023.0,2021-2026,NA,other,1,15.0,OTHER,COMPLETED,NA,False,NONE,0,False,False,SINGLE_GROUP,False,False,False,False,False,False,1,False
NCT06771713,2025.0,2021-2026,NA,other,1,50.0,OTHER,RECRUITING,NA,False,NONE,0,False,False,SINGLE_GROUP,True,False,True,False,False,False,0,
NCT03481504,2018.0,2016-2020,NA,other,2,3.0,OTHER,COMPLETED,RANDOMIZED,True,TRIPLE,3,True,True,CROSSOVER,False,False,True,False,False,False,0,False
NCT05009433,2021.0,2021-2026,NA,other,6,600.0,OTHER,RECRUITING,RANDOMIZED,True,DOUBLE,2,True,True,PARALLEL,True,False,False,True,False,False,3,False
NCT05030389,2021.0,2021-2026,NA,other,4,100.0,OTHER,UNKNOWN,RANDOMIZED,True,NONE,0,False,False,PARALLEL,True,False,True,True,False,False,0,False
NCT07030582,2023.0,2021-2026,NA,other,2,100.0,OTHER,RECRUITING,RANDOMIZED,True,SINGLE,1,True,False,PARALLEL,True,False,True,False,False,False,1,False
NCT00463970,2008.0,<=2015,PHASE1,other,4,414.0,OTHER,COMPLETED,RANDOMIZED,True,QUADRUPLE,4,True,True,PARALLEL,True,False,True,True,False,True,2,True
NCT03660956,2018.0,2016-2020,NA,other,2,4.0,OTHER,COMPLETED,RANDOMIZED,True,SINGLE,1,True,False,PARALLEL,False,False,False,False,False,False,0,False
NCT05577910,2022.0,2021-2026,NA,both,3,374.0,OTHER,COMPLETED,RANDOMIZED,True,SINGLE,1,True,False,PARALLEL,True,False,True,True,False,False,0,False
NCT00155662,2002.0,<=2015,NA,other,0,60.0,OTHER,COMPLETED,NON_RANDOMIZED,False,NONE,0,False,False,PARALLEL,True,False,False,False,False,False,0,
NCT06208514,2024.0,2021-2026,NA,other,1,125.0,OTHER,RECRUITING,NA,False,NONE,0,False,False,SINGLE_GROUP,True,False,True,False,False,False,0,
NCT07065318,2024.0,2021-2026,NA,proc_device,2,34.0,OTHER,RECRUITING,RANDOMIZED,True,SINGLE,1,True,False,PARALLEL,True,False,True,False,False,True,0,True
NCT02145728,2014.0,<=2015,NA,other,2,208.0,OTHER,COMPLETED,RANDOMIZED,True,SINGLE,1,True,False,PARALLEL,True,False,True,False,False,True,2,True
NCT07282925,2025.0,2021-2026,NA,other,2,70.0,OTHER,COMPLETED,RANDOMIZED,True,DOUBLE,2,True,True,PARALLEL,True,False,True,False,False,False,0,True
NCT07570641,2025.0,2021-2026,NA,other,2,30.0,OTHER,COMPLETED,RANDOMIZED,True,QUADRUPLE,4,True,True,PARALLEL,True,False,True,False,False,False,0,False
NCT07318454,2026.0,2021-2026,NA,other,4,96.0,OTHER,NOT_YET_RECRUITING,RANDOMIZED,True,SINGLE,1,True,False,PARALLEL,True,False,True,True,False,False,0,False
NCT04012866,2018.0,2016-2020,NA,other,3,75.0,OTHER,UNKNOWN,RANDOMIZED,True,SINGLE,1,True,False,PARALLEL,True,False,True,True,False,False,0,False
NCT07603609,2026.0,2021-2026,NA,proc_device,2,44.0,OTHER,RECRUITING,RANDOMIZED,True,SINGLE,1,True,False,PARALLEL,True,False,True,False,False,False,0,
NCT02803190,2016.0,2016-2020,NA,other,2,108.0,OTHER,COMPLETED,RANDOMIZED,True,SINGLE,1,True,False,PARALLEL,True,False,False,False,False,False,0,False
NCT00865358,2007.0,<=2015,PHASE2,other,2,30.0,OTHER,COMPLETED,RANDOMIZED,True,NONE,0,False,False,PARALLEL,False,False,True,False,False,False,0,False
NCT07125027,2025.0,2021-2026,NA,other,1,32.0,OTHER,RECRUITING,NA,False,NONE,0,False,False,SINGLE_GROUP,True,False,True,False,False,False,0,False
NCT07688564,2026.0,2021-2026,NA,other,4,156.0,OTHER,NOT_YET_RECRUITING,RANDOMIZED,True,SINGLE,1,True,False,PARALLEL,True,False,True,True,False,False,0,False
NCT05093543,2021.0,2021-2026,NA,other,2,20.0,OTHER,COMPLETED,RANDOMIZED,True,NONE,0,False,False,PARALLEL,False,False,True,False,False,True,1,False
NCT03068000,2017.0,2016-2020,NA,other,2,85.0,OTHER,COMPLETED,RANDOMIZED,True,DOUBLE,2,True,True,PARALLEL,True,False,False,False,False,False,1,False
NCT06360341,2024.0,2021-2026,NA,other,2,30.0,OTHER,COMPLETED,RANDOMIZED,True,NONE,0,False,False,PARALLEL,True,False,True,False,False,False,0,False
NCT04355104,2020.0,2016-2020,NA,other,2,52.0,OTHER,COMPLETED,RANDOMIZED,True,TRIPLE,3,True,True,PARALLEL,True,False,True,False,False,False,0,False
NCT02799628,2016.0,2016-2020,NA,other,2,32.0,OTHER_GOV,COMPLETED,RANDOMIZED,True,QUADRUPLE,4,True,True,PARALLEL,True,False,True,False,False,False,0,False
NCT01171274,2010.0,<=2015,NA,other,2,58.0,OTHER,COMPLETED,RANDOMIZED,True,SINGLE,1,True,False,PARALLEL,True,False,True,False,False,False,0,False
NCT04284982,2017.0,2016-2020,NA,other,1,24.0,OTHER,COMPLETED,NA,False,NONE,0,False,False,SINGLE_GROUP,False,False,True,False,False,False,1,False
NCT03385083,2017.0,2016-2020,NA,proc_device,2,2.0,OTHER,TERMINATED,RANDOMIZED,True,SINGLE,1,True,False,PARALLEL,False,False,True,False,False,False,0,
NCT01346423,2011.0,<=2015,NA,other,2,284.0,OTHER,COMPLETED,RANDOMIZED,True,NONE,0,False,False,PARALLEL,True,False,True,False,False,False,1,True
NCT07335926,2024.0,2021-2026,NA,other,2,34.0,OTHER,COMPLETED,RANDOMIZED,True,NONE,0,False,False,PARALLEL,True,False,False,False,False,False,0,False
NCT06419439,2025.0,2021-2026,PHASE2,drug,3,44.0,FED,RECRUITING,RANDOMIZED,True,SINGLE,1,True,False,SEQUENTIAL,False,False,False,True,False,False,0,True
NCT03791164,2019.0,2016-2020,NA,other,2,200.0,OTHER,UNKNOWN,RANDOMIZED,True,DOUBLE,2,True,True,PARALLEL,True,False,False,False,False,False,1,False
NCT04648683,2021.0,2021-2026,NA,other,2,10.0,OTHER,COMPLETED,NON_RANDOMIZED,False,NONE,0,False,False,PARALLEL,False,False,True,False,True,False,0,False
NCT00170118,2005.0,<=2015,NA,other,0,6.0,OTHER,COMPLETED,RANDOMIZED,True,SINGLE,1,True,False,SINGLE_GROUP,False,False,False,False,False,False,0,
NCT04089774,2019.0,2016-2020,NA,other,2,60.0,OTHER,UNKNOWN,RANDOMIZED,True,SINGLE,1,True,False,PARALLEL,True,False,False,False,False,False,0,False
NCT01576978,2009.0,<=2015,NA,other,2,60.0,OTHER,COMPLETED,RANDOMIZED,True,SINGLE,1,True,False,PARALLEL,True,False,True,False,False,False,1,True
NCT04678297,2020.0,2016-2020,NA,other,2,204.0,OTHER,COMPLETED,RANDOMIZED,True,TRIPLE,3,True,True,PARALLEL,True,False,False,False,True,False,1,True
NCT03863808,2017.0,2016-2020,NA,other,2,30.0,OTHER,COMPLETED,RANDOMIZED,True,SINGLE,1,True,False,PARALLEL,True,False,True,False,False,True,0,True
NCT02420236,2015.0,<=2015,NA,other,2,99.0,OTHER,COMPLETED,RANDOMIZED,True,SINGLE,1,True,False,PARALLEL,True,False,True,False,False,True,0,False
NCT05698914,2023.0,2021-2026,NA,other,2,67.0,OTHER,COMPLETED,RANDOMIZED,True,DOUBLE,2,True,True,PARALLEL,True,False,True,False,False,False,0,True
NCT02027623,2014.0,<=2015,NA,other,2,154.0,OTHER,COMPLETED,RANDOMIZED,True,DOUBLE,2,True,True,PARALLEL,True,False,True,False,True,False,3,True
NCT07522593,2026.0,2021-2026,NA,other,2,76.0,OTHER,NOT_YET_RECRUITING,RANDOMIZED,True,NONE,0,False,False,PARALLEL,True,False,False,False,False,False,0,True
NCT07664267,2026.0,2021-2026,NA,proc_device,2,156.0,INDUSTRY,ACTIVE_NOT_RECRUITING,RANDOMIZED,True,NONE,0,False,False,PARALLEL,True,False,True,False,False,False,0,False
NCT07139288,2025.0,2021-2026,NA,proc_device,3,38.0,OTHER,NOT_YET_RECRUITING,RANDOMIZED,True,QUADRUPLE,4,True,True,CROSSOVER,True,False,True,True,False,False,0,
NCT06679205,2025.0,2021-2026,NA,drug,2,62.0,OTHER,RECRUITING,RANDOMIZED,True,SINGLE,1,True,False,PARALLEL,True,False,True,False,False,False,0,False
NCT04610073,2019.0,2016-2020,NA,other,3,153.0,OTHER,COMPLETED,RANDOMIZED,True,SINGLE,1,True,False,PARALLEL,True,False,False,True,False,False,0,True
NCT05995145,2023.0,2021-2026,NA,other,2,48.0,OTHER,COMPLETED,RANDOMIZED,True,SINGLE,1,True,False,PARALLEL,True,False,True,False,False,False,0,False
NCT04287413,2023.0,2021-2026,NA,other,2,1560.0,OTHER,ACTIVE_NOT_RECRUITING,RANDOMIZED,True,NONE,0,False,False,PARALLEL,True,False,True,False,False,False,1,False
NCT00329342,2006.0,<=2015,NA,other,2,80.0,OTHER_GOV,COMPLETED,NON_RANDOMIZED,False,NONE,0,False,False,PARALLEL,True,False,False,False,False,False,0,False
NCT06169488,2024.0,2021-2026,NA,proc_device,2,202.0,OTHER,RECRUITING,RANDOMIZED,True,SINGLE,1,True,False,PARALLEL,True,False,True,False,False,False,0,False
NCT02784782,2016.0,2016-2020,PHASE4,proc_device,2,122.0,OTHER,UNKNOWN,RANDOMIZED,True,SINGLE,1,True,False,PARALLEL,True,True,True,False,False,False,0,False
NCT06374108,2024.0,2021-2026,NA,other,3,54.0,OTHER,RECRUITING,RANDOMIZED,True,SINGLE,1,True,False,PARALLEL,True,False,True,True,False,False,1,
NCT07355595,2026.0,2021-2026,NA,other,2,30.0,OTHER,NOT_YET_RECRUITING,RANDOMIZED,True,SINGLE,1,True,False,PARALLEL,True,False,True,False,False,False,0,False
NCT02777983,2016.0,2016-2020,NA,other,2,220.0,FED,COMPLETED,RANDOMIZED,True,DOUBLE,2,True,True,PARALLEL,True,False,True,False,False,False,1,False
NCT01474447,2011.0,<=2015,NA,other,1,140.0,OTHER_GOV,UNKNOWN,NA,False,NONE,0,False,False,SINGLE_GROUP,True,False,True,False,False,False,0,True
NCT06614647,2024.0,2021-2026,NA,other,2,400.0,OTHER,RECRUITING,NON_RANDOMIZED,False,NONE,0,False,False,PARALLEL,True,False,False,False,False,False,0,False
NCT06050083,2024.0,2021-2026,NA,other,2,100.0,OTHER,COMPLETED,RANDOMIZED,True,NONE,0,False,False,PARALLEL,True,False,True,False,True,False,0,False
NCT05607381,2022.0,2021-2026,NA,other,3,150.0,OTHER,RECRUITING,RANDOMIZED,True,TRIPLE,3,True,True,PARALLEL,True,False,True,True,False,False,0,True
NCT03324659,2018.0,2016-2020,NA,other,2,42.0,OTHER,COMPLETED,RANDOMIZED,True,SINGLE,1,True,False,PARALLEL,True,False,True,False,False,False,0,False
NCT03427099,2018.0,2016-2020,NA,other,2,80.0,OTHER,UNKNOWN,NON_RANDOMIZED,False,DOUBLE,2,True,True,SEQUENTIAL,True,False,True,False,False,False,0,
NCT02868034,2017.0,2016-2020,PHASE2,other,8,273.0,OTHER,COMPLETED,RANDOMIZED,True,DOUBLE,2,True,True,FACTORIAL,True,False,True,True,True,False,1,True
NCT07181395,2025.0,2021-2026,NA,other,3,30.0,OTHER,NOT_YET_RECRUITING,RANDOMIZED,True,TRIPLE,3,True,True,PARALLEL,True,False,True,True,False,False,0,False
NCT07631949,2026.0,2021-2026,NA,other,3,45.0,OTHER,NOT_YET_RECRUITING,RANDOMIZED,True,SINGLE,1,True,False,PARALLEL,True,False,True,True,False,False,0,False
NCT01407549,2012.0,<=2015,NA,other,2,67.0,OTHER,COMPLETED,RANDOMIZED,True,SINGLE,1,True,False,PARALLEL,True,False,True,False,False,False,0,False
NCT07538674,2026.0,2021-2026,PHASE2,drug,2,60.0,OTHER,NOT_YET_RECRUITING,RANDOMIZED,True,DOUBLE,2,True,True,PARALLEL,True,False,True,False,False,False,0,False
NCT03433443,2010.0,<=2015,NA,other,2,82.0,OTHER,COMPLETED,RANDOMIZED,True,NONE,0,False,False,PARALLEL,True,False,True,False,False,False,0,True
NCT06809790,2025.0,2021-2026,NA,proc_device,2,73.0,OTHER_GOV,COMPLETED,RANDOMIZED,True,NONE,0,False,False,PARALLEL,True,False,True,False,False,False,0,False
NCT05870371,2022.0,2021-2026,NA,other,2,200.0,OTHER,COMPLETED,RANDOMIZED,True,DOUBLE,2,True,True,PARALLEL,True,False,True,False,True,False,0,False
NCT03969602,2020.0,2016-2020,NA,other,3,126.0,OTHER,UNKNOWN,RANDOMIZED,True,DOUBLE,2,True,True,PARALLEL,True,False,True,True,False,False,1,True
NCT01833104,2013.0,<=2015,NA,other,5,332.0,OTHER,COMPLETED,RANDOMIZED,True,NONE,0,False,False,PARALLEL,True,False,False,True,False,False,5,False
NCT07649707,2023.0,2021-2026,NA,other,2,24.0,OTHER,COMPLETED,NON_RANDOMIZED,False,NONE,0,False,False,PARALLEL,False,False,True,False,False,False,0,False
NCT07158567,2026.0,2021-2026,PHASE3,proc_device,3,213.0,FED,NOT_YET_RECRUITING,RANDOMIZED,True,TRIPLE,3,True,True,PARALLEL,True,True,True,True,False,False,0,True
NCT07590050,2026.0,2021-2026,NA,proc_device,2,66.0,OTHER,RECRUITING,RANDOMIZED,True,NONE,0,False,False,PARALLEL,True,False,True,False,False,False,0,False
NCT06576414,2024.0,2021-2026,NA,other,2,50.0,OTHER,COMPLETED,RANDOMIZED,True,DOUBLE,2,True,True,PARALLEL,True,False,False,False,False,False,0,False
NCT02284958,2015.0,<=2015,NA,other,2,174.0,OTHER,COMPLETED,RANDOMIZED,True,SINGLE,1,True,False,PARALLEL,True,False,True,False,False,False,2,False
NCT07504094,2026.0,2021-2026,NA,other,1,20.0,OTHER,NOT_YET_RECRUITING,NA,False,NONE,0,False,False,SINGLE_GROUP,False,False,True,False,False,False,0,False
NCT05706103,2021.0,2021-2026,NA,other,2,62.0,OTHER,RECRUITING,RANDOMIZED,True,DOUBLE,2,True,True,PARALLEL,True,False,True,False,False,False,1,False
NCT06299683,2024.0,2021-2026,NA,other,2,220.0,OTHER,RECRUITING,RANDOMIZED,True,SINGLE,1,True,False,PARALLEL,True,False,True,False,False,False,0,True
NCT05102097,2021.0,2021-2026,NA,other,2,40.0,OTHER,UNKNOWN,RANDOMIZED,True,SINGLE,1,True,False,PARALLEL,True,False,True,False,False,False,0,True
NCT00269347,2001.0,<=2015,PHASE2,proc_device,0,300.0,OTHER,COMPLETED,RANDOMIZED,True,SINGLE,1,True,False,PARALLEL,True,False,True,False,False,False,2,
NCT05890326,2022.0,2021-2026,NA,other,4,50.0,OTHER,COMPLETED,RANDOMIZED,True,QUADRUPLE,4,True,True,CROSSOVER,True,False,True,True,False,False,0,True
NCT07576062,2026.0,2021-2026,NA,proc_device,2,90.0,OTHER,NOT_YET_RECRUITING,RANDOMIZED,True,DOUBLE,2,True,True,PARALLEL,True,False,True,False,False,False,0,False
NCT07089472,2024.0,2021-2026,NA,other,2,80.0,OTHER,COMPLETED,RANDOMIZED,True,SINGLE,1,True,False,PARALLEL,True,False,True,False,False,False,0,True
NCT04783532,2021.0,2021-2026,NA,other,1,12.0,OTHER,TERMINATED,NA,False,NONE,0,False,False,SINGLE_GROUP,False,False,False,False,False,False,0,False
NCT02327325,2015.0,<=2015,NA,other,3,60.0,FED,COMPLETED,RANDOMIZED,True,SINGLE,1,True,False,PARALLEL,True,False,True,True,True,True,0,False
NCT02884466,2016.0,2016-2020,NA,other,2,165.0,OTHER,COMPLETED,RANDOMIZED,True,SINGLE,1,True,False,PARALLEL,True,False,False,False,False,False,1,False
NCT03952741,2012.0,<=2015,NA,other,2,104.0,OTHER,COMPLETED,RANDOMIZED,True,DOUBLE,2,True,True,PARALLEL,True,False,True,False,False,False,0,False
NCT05102968,2019.0,2016-2020,NA,other,2,60.0,OTHER,RECRUITING,RANDOMIZED,True,SINGLE,1,True,False,PARALLEL,True,False,True,False,False,True,0,True
NCT02731196,2016.0,2016-2020,NA,other,2,40.0,OTHER,COMPLETED,RANDOMIZED,True,NONE,0,False,False,PARALLEL,True,False,False,False,False,False,0,False
NCT06785909,2025.0,2021-2026,NA,other,1,211.0,OTHER,RECRUITING,NA,False,NONE,0,False,False,SINGLE_GROUP,True,False,False,False,False,False,0,False
NCT05970796,2023.0,2021-2026,NA,other,2,22.0,OTHER,COMPLETED,RANDOMIZED,True,SINGLE,1,True,False,PARALLEL,False,False,True,False,False,False,2,False
NCT02378519,2014.0,<=2015,NA,other,2,12.0,OTHER,UNKNOWN,RANDOMIZED,True,SINGLE,1,True,False,PARALLEL,False,False,True,False,False,False,0,False
NCT06030128,2023.0,2021-2026,NA,other,2,150.0,OTHER,UNKNOWN,RANDOMIZED,True,DOUBLE,2,True,True,PARALLEL,True,False,True,False,False,False,0,False
NCT03157622,2015.0,<=2015,NA,other,2,12.0,OTHER,COMPLETED,RANDOMIZED,True,NONE,0,False,False,PARALLEL,False,False,True,False,False,False,0,False
NCT02611427,2015.0,<=2015,NA,other,2,260.0,OTHER,ACTIVE_NOT_RECRUITING,RANDOMIZED,True,SINGLE,1,True,False,PARALLEL,True,False,False,False,False,False,0,True
NCT05585294,2019.0,2016-2020,NA,other,2,24.0,OTHER,COMPLETED,NON_RANDOMIZED,False,DOUBLE,2,True,True,PARALLEL,False,False,True,False,False,False,1,True
NCT03456050,2018.0,2016-2020,NA,other,2,56.0,OTHER,COMPLETED,RANDOMIZED,True,DOUBLE,2,True,True,PARALLEL,True,False,True,False,False,False,0,False
NCT03759951,2019.0,2016-2020,NA,other,4,120.0,OTHER,COMPLETED,RANDOMIZED,True,NONE,0,False,False,PARALLEL,True,False,False,True,False,True,0,False
NCT03026374,2017.0,2016-2020,NA,other,2,204.0,OTHER,UNKNOWN,RANDOMIZED,True,SINGLE,1,True,False,PARALLEL,True,False,False,False,False,False,2,True
NCT07205991,2025.0,2021-2026,NA,other,3,258.0,OTHER,RECRUITING,RANDOMIZED,True,NONE,0,False,False,PARALLEL,True,False,True,True,False,False,0,False
NCT05005416,2021.0,2021-2026,NA,other,2,138.0,OTHER,COMPLETED,RANDOMIZED,True,SINGLE,1,True,False,PARALLEL,True,False,True,False,False,False,2,True
NCT00937365,2009.0,<=2015,PHASE2,proc_device,3,64.0,OTHER,COMPLETED,RANDOMIZED,True,NONE,0,False,False,SINGLE_GROUP,True,False,True,True,False,False,1,False
NCT04381975,2024.0,2021-2026,NA,other,2,0.0,OTHER,WITHDRAWN,RANDOMIZED,True,NONE,0,False,False,PARALLEL,False,False,True,False,False,False,0,False
NCT06668129,2021.0,2021-2026,NA,other,2,849.0,OTHER,COMPLETED,RANDOMIZED,True,DOUBLE,2,True,True,PARALLEL,True,False,False,False,False,False,0,
NCT04111315,2019.0,2016-2020,PHASE4,drug,4,120.0,OTHER,UNKNOWN,RANDOMIZED,True,QUADRUPLE,4,True,True,FACTORIAL,True,True,True,True,False,False,0,False
NCT02524158,2013.0,<=2015,NA,other,2,152.0,FED,COMPLETED,RANDOMIZED,True,SINGLE,1,True,False,PARALLEL,True,False,True,False,True,False,2,False
NCT03859713,2019.0,2016-2020,NA,other,8,749.0,OTHER,COMPLETED,RANDOMIZED,True,DOUBLE,2,True,True,SEQUENTIAL,True,False,True,True,True,False,3,True
NCT03327753,2017.0,2016-2020,NA,other,2,20.0,OTHER,COMPLETED,RANDOMIZED,True,DOUBLE,2,True,True,PARALLEL,False,False,True,False,False,False,0,False
NCT06668077,2024.0,2021-2026,NA,proc_device,3,141.0,OTHER,RECRUITING,RANDOMIZED,True,DOUBLE,2,True,True,PARALLEL,True,False,True,True,False,False,0,False
NCT06148896,2023.0,2021-2026,NA,other,2,86.0,OTHER,UNKNOWN,RANDOMIZED,True,DOUBLE,2,True,True,PARALLEL,True,False,True,False,False,False,0,False
NCT05607459,2022.0,2021-2026,NA,other,2,40.0,OTHER,COMPLETED,RANDOMIZED,True,SINGLE,1,True,False,PARALLEL,True,False,True,False,False,False,0,True
NCT07061743,2025.0,2021-2026,NA,other,1,34.0,OTHER,NOT_YET_RECRUITING,NA,False,NONE,0,False,False,SINGLE_GROUP,True,False,True,False,False,False,0,False
NCT04775589,2021.0,2021-2026,NA,other,1,19.0,FED,ACTIVE_NOT_RECRUITING,NA,False,NONE,0,False,False,SINGLE_GROUP,False,False,True,False,False,False,0,False
NCT05257356,2022.0,2021-2026,NA,other,2,138.0,OTHER,COMPLETED,RANDOMIZED,True,SINGLE,1,True,False,CROSSOVER,True,False,False,False,False,False,0,True
NCT07264231,2025.0,2021-2026,NA,other,2,64.0,OTHER,ENROLLING_BY_INVITATION,RANDOMIZED,True,DOUBLE,2,True,True,PARALLEL,True,False,False,False,False,True,0,True
NCT02415660,2016.0,2016-2020,NA,proc_device,2,42.0,FED,COMPLETED,RANDOMIZED,True,DOUBLE,2,True,True,PARALLEL,True,False,True,False,False,False,0,False
NCT06286553,2024.0,2021-2026,NA,other,3,48.0,OTHER,RECRUITING,RANDOMIZED,True,TRIPLE,3,True,True,PARALLEL,True,False,True,True,False,False,0,
NCT05138471,2021.0,2021-2026,NA,proc_device,3,65.0,OTHER,COMPLETED,RANDOMIZED,True,SINGLE,1,True,False,PARALLEL,True,False,True,True,False,False,0,True
NCT00594243,2004.0,<=2015,PHASE2;PHASE3,other,2,37.0,OTHER,COMPLETED,RANDOMIZED,True,SINGLE,1,True,False,CROSSOVER,False,True,True,False,False,False,0,False
NCT07475481,2027.0,2021-2026,NA,other,5,120.0,OTHER,NOT_YET_RECRUITING,RANDOMIZED,True,SINGLE,1,True,False,PARALLEL,True,False,True,True,False,False,0,False
NCT01932723,2011.0,<=2015,NA,other,1,30.0,OTHER,COMPLETED,NA,False,NONE,0,False,False,SINGLE_GROUP,True,False,True,False,False,False,0,True
NCT05103475,2022.0,2021-2026,NA,other,2,36.0,FED,COMPLETED,RANDOMIZED,True,NONE,0,False,False,PARALLEL,True,False,False,False,True,False,0,False
NCT00394732,2004.0,<=2015,NA,proc_device,0,179.0,OTHER,COMPLETED,RANDOMIZED,True,SINGLE,1,True,False,PARALLEL,True,False,True,False,False,True,2,
NCT06787209,2025.0,2021-2026,NA,other,2,50.0,OTHER,NOT_YET_RECRUITING,RANDOMIZED,True,SINGLE,1,True,False,PARALLEL,True,False,True,False,False,False,0,False
NCT04023162,2019.0,2016-2020,NA,other,3,180.0,OTHER,COMPLETED,RANDOMIZED,True,SINGLE,1,True,False,PARALLEL,True,False,True,True,False,True,1,True
NCT07652944,2026.0,2021-2026,NA,proc_device,2,88.0,FED,RECRUITING,RANDOMIZED,True,SINGLE,1,True,False,CROSSOVER,True,False,True,False,False,False,0,False
NCT07440784,2022.0,2021-2026,NA,drug,4,60.0,OTHER,ACTIVE_NOT_RECRUITING,RANDOMIZED,True,NONE,0,False,False,PARALLEL,True,False,True,True,False,False,0,False
NCT07005375,2024.0,2021-2026,NA,other,2,30.0,OTHER,ENROLLING_BY_INVITATION,RANDOMIZED,True,SINGLE,1,True,False,PARALLEL,True,False,False,False,False,False,0,False
NCT02244645,2013.0,<=2015,NA,other,2,86.0,OTHER,UNKNOWN,RANDOMIZED,True,SINGLE,1,True,False,PARALLEL,True,False,False,False,False,False,0,True
NCT07211464,2025.0,2021-2026,NA,other,2,100.0,OTHER,RECRUITING,RANDOMIZED,True,DOUBLE,2,True,True,PARALLEL,True,False,False,False,False,False,0,False
NCT05115227,2021.0,2021-2026,NA,other,1,24.0,OTHER,COMPLETED,NA,False,NONE,0,False,False,SINGLE_GROUP,False,False,True,False,False,False,0,False
NCT07249710,2025.0,2021-2026,NA,other,1,79.0,OTHER,COMPLETED,NA,False,NONE,0,False,False,SINGLE_GROUP,True,False,False,False,False,False,1,False
NCT00494845,2007.0,<=2015,PHASE3,other,2,40.0,OTHER,COMPLETED,RANDOMIZED,True,SINGLE,1,True,False,SINGLE_GROUP,False,True,True,False,False,False,0,True
NCT07009067,2025.0,2021-2026,NA,other,2,20.0,OTHER,RECRUITING,RANDOMIZED,True,SINGLE,1,True,False,PARALLEL,False,False,True,False,False,False,0,True
NCT05764382,2023.0,2021-2026,NA,other,2,300.0,OTHER,UNKNOWN,RANDOMIZED,True,NONE,0,False,False,PARALLEL,True,False,True,False,False,False,0,False
NCT01236521,2011.0,<=2015,NA,drug,2,261.0,FED,COMPLETED,RANDOMIZED,True,SINGLE,1,True,False,PARALLEL,True,False,True,False,True,True,1,True
NCT06552962,2024.0,2021-2026,NA,proc_device,2,34.0,OTHER,COMPLETED,RANDOMIZED,True,DOUBLE,2,True,True,PARALLEL,True,False,True,False,False,False,0,False
NCT05487027,2022.0,2021-2026,NA,other,2,131.0,OTHER,COMPLETED,RANDOMIZED,True,NONE,0,False,False,PARALLEL,True,False,False,False,False,False,2,False
NCT06054074,2022.0,2021-2026,NA,other,1,53.0,OTHER,COMPLETED,NA,False,NONE,0,False,False,SINGLE_GROUP,True,False,False,False,False,False,0,
NCT02674711,2015.0,<=2015,NA,other,2,120.0,FED,COMPLETED,RANDOMIZED,True,DOUBLE,2,True,True,PARALLEL,True,False,True,False,True,True,0,False
NCT06268522,2024.0,2021-2026,NA,other,2,121.0,OTHER,COMPLETED,RANDOMIZED,True,TRIPLE,3,True,True,PARALLEL,True,False,True,False,False,False,0,False
NCT04851587,2021.0,2021-2026,NA,other,1,37.0,OTHER,COMPLETED,NA,False,NONE,0,False,False,SINGLE_GROUP,True,False,True,False,True,False,1,
NCT05393492,2022.0,2021-2026,NA,other,4,77.0,OTHER,RECRUITING,NON_RANDOMIZED,False,SINGLE,1,True,False,PARALLEL,True,False,True,True,False,False,0,False
NCT02409420,2014.0,<=2015,NA,other,2,248.0,OTHER,COMPLETED,RANDOMIZED,True,DOUBLE,2,True,True,PARALLEL,True,False,True,False,False,False,0,True
NCT07228585,2025.0,2021-2026,NA,other,3,49.0,OTHER,ACTIVE_NOT_RECRUITING,RANDOMIZED,True,DOUBLE,2,True,True,PARALLEL,True,False,True,True,False,False,0,False
NCT03637998,2018.0,2016-2020,NA,other,1,40.0,OTHER,COMPLETED,NA,False,NONE,0,False,False,SINGLE_GROUP,True,False,False,False,False,False,1,True
NCT07406711,2021.0,2021-2026,NA,other,2,128.0,OTHER,COMPLETED,RANDOMIZED,True,NONE,0,False,False,PARALLEL,True,False,True,False,False,False,0,False
NCT02497625,2015.0,<=2015,NA,other,3,222.0,OTHER,COMPLETED,RANDOMIZED,True,SINGLE,1,True,False,PARALLEL,True,False,True,True,False,False,0,True
NCT06347991,2024.0,2021-2026,NA,other,1,100.0,OTHER,RECRUITING,NA,False,NONE,0,False,False,SINGLE_GROUP,True,False,False,False,False,False,0,False
NCT00441038,2006.0,<=2015,NA,other,3,0.0,OTHER,WITHDRAWN,RANDOMIZED,True,DOUBLE,2,True,True,PARALLEL,False,False,False,True,False,False,0,True
NCT05998889,2024.0,2021-2026,NA,other,2,26.0,OTHER,UNKNOWN,RANDOMIZED,True,SINGLE,1,True,False,PARALLEL,False,False,True,False,False,False,0,False
NCT05479435,2021.0,2021-2026,NA,other,3,60.0,OTHER,COMPLETED,RANDOMIZED,True,NONE,0,False,False,PARALLEL,True,False,False,True,True,False,0,True
NCT05611476,2022.0,2021-2026,NA,other,1,15.0,OTHER,COMPLETED,NA,False,NONE,0,False,False,SINGLE_GROUP,False,False,True,False,False,False,1,False
NCT07403305,2026.0,2021-2026,NA,other,4,80.0,OTHER,NOT_YET_RECRUITING,RANDOMIZED,True,NONE,0,False,False,PARALLEL,True,False,False,True,False,False,0,True
NCT04870957,2021.0,2021-2026,PHASE4,both,6,494.0,OTHER,COMPLETED,RANDOMIZED,True,SINGLE,1,True,False,SEQUENTIAL,True,True,True,True,True,False,0,
NCT06343129,2020.0,2016-2020,NA,other,2,43.0,OTHER,COMPLETED,RANDOMIZED,True,NONE,0,False,False,PARALLEL,True,False,True,False,False,False,0,False
NCT05273203,2022.0,2021-2026,NA,other,4,48.0,OTHER,COMPLETED,RANDOMIZED,True,NONE,0,False,False,PARALLEL,True,False,False,True,False,False,0,False
NCT04424407,2021.0,2021-2026,NA,other,1,51.0,OTHER,COMPLETED,NA,False,NONE,0,False,False,SINGLE_GROUP,True,False,True,False,True,False,1,True
NCT04922190,2020.0,2016-2020,PHASE1,other,1,100.0,OTHER,UNKNOWN,NA,False,NONE,0,False,False,SINGLE_GROUP,True,False,True,False,False,False,0,False
NCT06546956,2024.0,2021-2026,PHASE1;PHASE2,other,1,19.0,OTHER,COMPLETED,NA,False,NONE,0,False,False,SINGLE_GROUP,False,False,True,False,False,False,0,True
NCT06957951,2023.0,2021-2026,NA,other,3,45.0,OTHER,COMPLETED,RANDOMIZED,True,SINGLE,1,True,False,PARALLEL,True,False,True,True,False,False,0,False
NCT02633917,2011.0,<=2015,NA,other,2,84.0,OTHER,COMPLETED,RANDOMIZED,True,TRIPLE,3,True,True,PARALLEL,True,False,True,False,False,False,0,True
NCT03986047,2019.0,2016-2020,NA,proc_device,3,100.0,OTHER,COMPLETED,RANDOMIZED,True,DOUBLE,2,True,True,PARALLEL,True,False,True,True,False,False,0,False
NCT05804357,2021.0,2021-2026,NA,other,2,32.0,OTHER,COMPLETED,RANDOMIZED,True,SINGLE,1,True,False,PARALLEL,True,False,True,False,False,False,1,False
NCT07599098,2026.0,2021-2026,NA,other,2,50.0,OTHER,NOT_YET_RECRUITING,RANDOMIZED,True,SINGLE,1,True,False,PARALLEL,True,False,True,False,False,False,0,False
NCT07418983,2026.0,2021-2026,NA,other,2,34.0,OTHER,COMPLETED,RANDOMIZED,True,DOUBLE,2,True,True,PARALLEL,True,False,True,False,False,False,0,
NCT04074798,2020.0,2016-2020,NA,other,2,90.0,OTHER,RECRUITING,RANDOMIZED,True,SINGLE,1,True,False,PARALLEL,True,False,False,False,False,False,0,True
NCT05103462,2020.0,2016-2020,NA,other,1,126.0,OTHER,COMPLETED,NA,False,NONE,0,False,False,SINGLE_GROUP,True,False,True,False,False,False,2,False
NCT06971809,2025.0,2021-2026,NA,other,2,60.0,INDUSTRY,COMPLETED,RANDOMIZED,True,DOUBLE,2,True,True,PARALLEL,True,False,True,False,False,False,0,False
NCT02538900,2015.0,<=2015,NA,other,3,305.0,OTHER,COMPLETED,RANDOMIZED,True,SINGLE,1,True,False,PARALLEL,True,False,True,True,True,False,5,True
NCT01993355,2013.0,<=2015,NA,other,3,66.0,OTHER,COMPLETED,RANDOMIZED,True,NONE,0,False,False,SINGLE_GROUP,True,False,False,True,False,True,0,False
NCT05544331,2022.0,2021-2026,NA,other,3,45.0,OTHER,UNKNOWN,RANDOMIZED,True,NONE,0,False,False,PARALLEL,True,False,True,True,False,False,0,False
NCT07667062,2026.0,2021-2026,NA,other,2,65.0,OTHER,NOT_YET_RECRUITING,RANDOMIZED,True,SINGLE,1,True,False,PARALLEL,True,False,True,False,False,False,0,False
NCT04428892,2019.0,2016-2020,NA,other,2,40.0,OTHER,COMPLETED,RANDOMIZED,True,DOUBLE,2,True,True,PARALLEL,True,False,False,False,False,False,1,True
NCT03115359,2017.0,2016-2020,NA,other,2,770.0,OTHER,COMPLETED,RANDOMIZED,True,SINGLE,1,True,False,PARALLEL,True,False,True,False,True,False,2,True
NCT07639216,2026.0,2021-2026,NA,proc_device,2,74.0,OTHER,NOT_YET_RECRUITING,RANDOMIZED,True,SINGLE,1,True,False,PARALLEL,True,False,True,False,False,False,0,False
NCT05294081,2022.0,2021-2026,NA,other,2,380.0,OTHER,ACTIVE_NOT_RECRUITING,RANDOMIZED,True,NONE,0,False,False,PARALLEL,True,False,True,False,False,False,1,True
NCT07083219,2025.0,2021-2026,NA,other,3,60.0,OTHER,ENROLLING_BY_INVITATION,RANDOMIZED,True,DOUBLE,2,True,True,PARALLEL,True,False,True,True,False,True,0,False
NCT01918228,2013.0,<=2015,NA,other,2,505.0,OTHER,COMPLETED,RANDOMIZED,True,SINGLE,1,True,False,FACTORIAL,True,False,False,False,False,False,0,True
NCT05086159,2017.0,2016-2020,NA,other,2,47.0,FED,COMPLETED,RANDOMIZED,True,DOUBLE,2,True,True,PARALLEL,True,False,True,False,False,False,0,False
NCT07135843,2025.0,2021-2026,NA,other,3,213.0,OTHER,RECRUITING,RANDOMIZED,True,SINGLE,1,True,False,PARALLEL,True,False,True,True,False,False,1,True
NCT03502187,2018.0,2016-2020,NA,proc_device,3,133.0,OTHER,COMPLETED,RANDOMIZED,True,NONE,0,False,False,PARALLEL,True,False,True,True,True,False,1,False
NCT02384928,2015.0,<=2015,NA,both,3,60.0,OTHER,COMPLETED,RANDOMIZED,True,TRIPLE,3,True,True,PARALLEL,True,False,True,True,False,False,1,False
NCT06164847,2023.0,2021-2026,NA,other,2,24.0,OTHER,COMPLETED,RANDOMIZED,True,DOUBLE,2,True,True,PARALLEL,False,False,True,False,False,False,0,True
NCT06419738,2023.0,2021-2026,NA,proc_device,3,66.0,OTHER,COMPLETED,RANDOMIZED,True,NONE,0,False,False,PARALLEL,True,False,True,True,False,True,0,True
NCT01484418,2011.0,<=2015,NA,other,3,68.0,OTHER,COMPLETED,RANDOMIZED,True,NONE,0,False,False,PARALLEL,True,False,True,True,False,False,2,False
NCT03749564,2019.0,2016-2020,NA,other,8,7.0,OTHER,TERMINATED,RANDOMIZED,True,DOUBLE,2,True,True,FACTORIAL,False,False,True,True,False,False,0,True
NCT04824248,2025.0,2021-2026,NA,other,2,84.0,OTHER,RECRUITING,RANDOMIZED,True,TRIPLE,3,True,True,PARALLEL,True,False,True,False,False,False,0,True
NCT07053787,2026.0,2021-2026,NA,other,2,176.0,FED,NOT_YET_RECRUITING,RANDOMIZED,True,DOUBLE,2,True,True,PARALLEL,True,False,True,False,False,False,0,False
NCT05273346,2022.0,2021-2026,NA,other,2,94.0,OTHER,ACTIVE_NOT_RECRUITING,RANDOMIZED,True,SINGLE,1,True,False,PARALLEL,True,False,True,False,False,False,0,False
NCT07126977,2025.0,2021-2026,NA,other,2,30.0,OTHER,RECRUITING,RANDOMIZED,True,NONE,0,False,False,PARALLEL,True,False,True,False,False,False,0,
NCT03634527,2018.0,2016-2020,NA,other,2,15.0,OTHER,TERMINATED,NON_RANDOMIZED,False,DOUBLE,2,True,True,FACTORIAL,False,False,True,False,False,False,0,False
NCT07573722,2018.0,2016-2020,NA,other,1,30.0,OTHER,COMPLETED,NA,False,NONE,0,False,False,SINGLE_GROUP,True,False,True,False,False,False,0,
NCT06766903,2024.0,2021-2026,NA,other,2,30.0,OTHER,COMPLETED,RANDOMIZED,True,DOUBLE,2,True,True,PARALLEL,True,False,False,False,False,False,0,True
NCT03399409,2017.0,2016-2020,NA,other,2,60.0,OTHER,COMPLETED,NON_RANDOMIZED,False,SINGLE,1,True,False,PARALLEL,True,False,True,False,False,False,0,False
NCT07099755,2025.0,2021-2026,NA,proc_device,2,60.0,OTHER,COMPLETED,RANDOMIZED,True,NONE,0,False,False,PARALLEL,True,False,False,False,False,False,0,True
NCT02483468,2015.0,<=2015,PHASE2;PHASE3,proc_device,2,160.0,OTHER,COMPLETED,RANDOMIZED,True,DOUBLE,2,True,True,PARALLEL,True,True,True,False,True,False,0,True
NCT07104448,2018.0,2016-2020,NA,other,2,382.0,OTHER,COMPLETED,RANDOMIZED,True,SINGLE,1,True,False,PARALLEL,True,False,True,False,False,False,1,
NCT02009995,2014.0,<=2015,NA,other,2,72.0,OTHER,UNKNOWN,RANDOMIZED,True,SINGLE,1,True,False,PARALLEL,True,False,True,False,False,False,0,False
NCT07558993,2026.0,2021-2026,NA,other,2,64.0,OTHER,NOT_YET_RECRUITING,RANDOMIZED,True,SINGLE,1,True,False,PARALLEL,True,False,True,False,False,False,0,False
NCT07470307,2026.0,2021-2026,NA,other,2,60.0,OTHER,RECRUITING,RANDOMIZED,True,SINGLE,1,True,False,PARALLEL,True,False,True,False,False,False,0,True
NCT07369089,2026.0,2021-2026,PHASE2,drug,2,88.0,OTHER,NOT_YET_RECRUITING,RANDOMIZED,True,DOUBLE,2,True,True,PARALLEL,True,False,True,False,False,False,0,True
NCT07173335,2025.0,2021-2026,NA,other,2,354.0,OTHER,NOT_YET_RECRUITING,RANDOMIZED,True,SINGLE,1,True,False,PARALLEL,True,False,True,False,False,False,0,False
NCT05815576,2023.0,2021-2026,NA,other,2,72.0,OTHER,COMPLETED,NON_RANDOMIZED,False,SINGLE,1,True,False,SEQUENTIAL,True,False,False,False,False,False,0,False
NCT04229446,2019.0,2016-2020,NA,other,2,276.0,OTHER,COMPLETED,RANDOMIZED,True,SINGLE,1,True,False,PARALLEL,True,False,False,False,True,False,3,False
NCT06771856,2025.0,2021-2026,NA,other,3,129.0,OTHER,RECRUITING,RANDOMIZED,True,TRIPLE,3,True,True,PARALLEL,True,False,True,True,False,False,0,True
NCT00809640,2009.0,<=2015,NA,other,2,700.0,OTHER,COMPLETED,RANDOMIZED,True,DOUBLE,2,True,True,PARALLEL,True,False,False,False,False,False,0,True
NCT07417527,2026.0,2021-2026,NA,other,2,207.0,OTHER,COMPLETED,NON_RANDOMIZED,False,NONE,0,False,False,PARALLEL,True,False,False,False,False,False,0,False
NCT03116451,2017.0,2016-2020,NA,other,2,56.0,OTHER,COMPLETED,NON_RANDOMIZED,False,NONE,0,False,False,SINGLE_GROUP,True,False,False,False,False,False,1,False
NCT06672809,2024.0,2021-2026,NA,other,2,60.0,OTHER,COMPLETED,RANDOMIZED,True,SINGLE,1,True,False,PARALLEL,True,False,False,False,False,False,0,False
NCT07532070,2026.0,2021-2026,NA,other,3,384.0,OTHER,RECRUITING,RANDOMIZED,True,SINGLE,1,True,False,PARALLEL,True,False,True,True,False,False,0,False
NCT04034004,2021.0,2021-2026,EARLY_PHASE1,drug,2,88.0,OTHER,COMPLETED,RANDOMIZED,True,TRIPLE,3,True,True,CROSSOVER,True,False,False,False,True,False,1,False
NCT03221439,2017.0,2016-2020,NA,other,2,148.0,OTHER,COMPLETED,RANDOMIZED,True,DOUBLE,2,True,True,PARALLEL,True,False,True,False,False,False,0,False
NCT01155804,2009.0,<=2015,PHASE4,other,2,192.0,OTHER,UNKNOWN,RANDOMIZED,True,NONE,0,False,False,SINGLE_GROUP,True,True,False,False,False,False,4,False
NCT03677726,2018.0,2016-2020,NA,other,2,150.0,OTHER,COMPLETED,RANDOMIZED,True,NONE,0,False,False,PARALLEL,True,False,True,False,False,False,2,False
NCT01666639,2011.0,<=2015,NA,other,2,351.0,OTHER,COMPLETED,RANDOMIZED,True,SINGLE,1,True,False,PARALLEL,True,False,True,False,False,False,1,False
NCT03157544,2017.0,2016-2020,NA,other,1,35.0,OTHER,TERMINATED,NA,False,NONE,0,False,False,SINGLE_GROUP,True,False,True,False,False,False,0,False
NCT06221956,2024.0,2021-2026,NA,other,2,276.0,INDUSTRY,UNKNOWN,RANDOMIZED,True,NONE,0,False,False,PARALLEL,True,False,True,False,False,False,0,False
NCT06910982,2025.0,2021-2026,NA,other,4,220.0,OTHER,ENROLLING_BY_INVITATION,RANDOMIZED,True,TRIPLE,3,True,True,PARALLEL,True,False,False,True,False,False,1,False
NCT02541136,2011.0,<=2015,NA,other,2,40.0,OTHER,COMPLETED,RANDOMIZED,True,SINGLE,1,True,False,PARALLEL,True,False,False,False,False,False,1,True
NCT06594796,2025.0,2021-2026,NA,other,2,318.0,OTHER,RECRUITING,RANDOMIZED,True,SINGLE,1,True,False,PARALLEL,True,False,True,False,False,False,0,False
NCT06452030,2024.0,2021-2026,NA,other,3,55.0,OTHER,UNKNOWN,RANDOMIZED,True,DOUBLE,2,True,True,PARALLEL,True,False,True,True,False,False,0,False
NCT03686748,2018.0,2016-2020,EARLY_PHASE1,other,3,60.0,OTHER,ACTIVE_NOT_RECRUITING,RANDOMIZED,True,SINGLE,1,True,False,PARALLEL,True,False,True,True,False,False,0,False
NCT06758414,2026.0,2021-2026,NA,other,2,190.0,FED,RECRUITING,RANDOMIZED,True,SINGLE,1,True,False,PARALLEL,True,False,True,False,False,False,0,False
NCT02714803,2015.0,<=2015,PHASE2,other,3,61.0,OTHER,COMPLETED,RANDOMIZED,True,DOUBLE,2,True,True,FACTORIAL,True,False,True,True,False,False,0,
NCT06506604,2024.0,2021-2026,NA,other,4,13.0,OTHER,COMPLETED,RANDOMIZED,True,SINGLE,1,True,False,PARALLEL,False,False,True,True,False,False,0,False
NCT04935606,2021.0,2021-2026,NA,other,3,458.0,OTHER,ACTIVE_NOT_RECRUITING,RANDOMIZED,True,SINGLE,1,True,False,PARALLEL,True,False,False,True,False,False,0,True
NCT04981132,2021.0,2021-2026,NA,other,3,45.0,OTHER,COMPLETED,RANDOMIZED,True,SINGLE,1,True,False,PARALLEL,True,False,True,True,False,False,2,False
NCT07194746,2026.0,2021-2026,NA,other,2,200.0,OTHER,NOT_YET_RECRUITING,RANDOMIZED,True,NONE,0,False,False,PARALLEL,True,False,False,False,False,False,0,False
NCT02636751,2016.0,2016-2020,NA,proc_device,3,36.0,OTHER,UNKNOWN,RANDOMIZED,True,SINGLE,1,True,False,PARALLEL,True,False,True,True,False,False,2,False
NCT05843890,2023.0,2021-2026,NA,other,2,550.0,OTHER,RECRUITING,RANDOMIZED,True,NONE,0,False,False,PARALLEL,True,False,True,False,False,False,0,
NCT07182812,2025.0,2021-2026,NA,other,2,70.0,OTHER,NOT_YET_RECRUITING,RANDOMIZED,True,SINGLE,1,True,False,PARALLEL,True,False,False,False,False,False,0,False
NCT07458776,2025.0,2021-2026,NA,other,2,72.0,OTHER,COMPLETED,RANDOMIZED,True,SINGLE,1,True,False,PARALLEL,True,False,True,False,False,False,0,False
NCT07647809,2021.0,2021-2026,NA,other,2,85.0,OTHER_GOV,COMPLETED,NON_RANDOMIZED,False,NONE,0,False,False,PARALLEL,True,False,False,False,False,False,0,False
NCT07163546,2025.0,2021-2026,NA,other,2,70.0,OTHER,ENROLLING_BY_INVITATION,RANDOMIZED,True,DOUBLE,2,True,True,PARALLEL,True,False,True,False,False,False,0,True
NCT02015572,2016.0,2016-2020,NA,other,2,302.0,OTHER,UNKNOWN,RANDOMIZED,True,SINGLE,1,True,False,PARALLEL,True,False,True,False,False,False,4,True
NCT00386243,2007.0,<=2015,NA,drug,2,242.0,FED,COMPLETED,RANDOMIZED,True,NONE,0,False,False,PARALLEL,True,False,True,False,True,True,2,True
NCT03633578,2018.0,2016-2020,NA,other,1,16.0,OTHER,COMPLETED,NA,False,NONE,0,False,False,SINGLE_GROUP,False,False,False,False,False,True,0,
NCT03068897,2017.0,2016-2020,PHASE4,drug,4,320.0,OTHER,COMPLETED,RANDOMIZED,True,QUADRUPLE,4,True,True,PARALLEL,True,True,True,True,True,False,1,True
NCT02731339,2015.0,<=2015,NA,proc_device,2,73.0,OTHER,COMPLETED,NON_RANDOMIZED,False,SINGLE,1,True,False,PARALLEL,True,False,False,False,False,False,0,
NCT06224998,2023.0,2021-2026,NA,other,2,30.0,OTHER,RECRUITING,RANDOMIZED,True,SINGLE,1,True,False,PARALLEL,True,False,True,False,False,False,0,False
NCT00454064,2004.0,<=2015,PHASE3,other,2,128.0,OTHER,COMPLETED,RANDOMIZED,True,NONE,0,False,False,PARALLEL,True,True,True,False,False,False,0,True
NCT07438470,2025.0,2021-2026,NA,other,3,54.0,OTHER,COMPLETED,RANDOMIZED,True,DOUBLE,2,True,True,PARALLEL,True,False,True,True,False,False,0,False
NCT05050526,2021.0,2021-2026,NA,other,2,130.0,OTHER,COMPLETED,RANDOMIZED,True,DOUBLE,2,True,True,PARALLEL,True,False,False,False,False,True,2,
NCT06922981,2023.0,2021-2026,NA,other,2,38.0,OTHER,COMPLETED,RANDOMIZED,True,SINGLE,1,True,False,PARALLEL,True,False,True,False,False,True,0,
NCT01124188,2010.0,<=2015,PHASE4,drug,2,263.0,OTHER,COMPLETED,RANDOMIZED,True,SINGLE,1,True,False,PARALLEL,True,True,True,False,True,False,4,True
NCT03524378,2018.0,2016-2020,NA,other,1,37.0,OTHER,COMPLETED,NA,False,NONE,0,False,False,SINGLE_GROUP,True,False,True,False,False,False,1,False
NCT07441850,2026.0,2021-2026,NA,proc_device,3,186.0,OTHER,RECRUITING,RANDOMIZED,True,NONE,0,False,False,PARALLEL,True,False,True,True,False,False,0,False
NCT02552992,2015.0,<=2015,NA,other,2,22.0,OTHER,COMPLETED,RANDOMIZED,True,SINGLE,1,True,False,PARALLEL,False,False,True,False,False,False,0,False
NCT04257539,2018.0,2016-2020,NA,other,3,60.0,OTHER,COMPLETED,RANDOMIZED,True,SINGLE,1,True,False,PARALLEL,True,False,True,True,False,False,0,False
NCT04164043,2018.0,2016-2020,NA,other,1,3.0,OTHER,TERMINATED,NA,False,NONE,0,False,False,SINGLE_GROUP,False,False,False,False,False,False,0,False
NCT02286232,2014.0,<=2015,PHASE3,other,2,78.0,OTHER,COMPLETED,RANDOMIZED,True,SINGLE,1,True,False,PARALLEL,False,True,True,False,False,False,0,False
NCT07155291,2025.0,2021-2026,NA,other,1,46.0,OTHER,NOT_YET_RECRUITING,NA,False,NONE,0,False,False,CROSSOVER,True,False,True,False,False,False,0,False
NCT07553702,2025.0,2021-2026,NA,other,2,28.0,OTHER,ACTIVE_NOT_RECRUITING,RANDOMIZED,True,SINGLE,1,True,False,PARALLEL,False,False,True,False,False,False,0,False
NCT05753579,2021.0,2021-2026,NA,other,2,32.0,OTHER,COMPLETED,RANDOMIZED,True,DOUBLE,2,True,True,PARALLEL,True,False,True,False,False,False,0,False
NCT01704677,2012.0,<=2015,NA,proc_device,2,151.0,OTHER,COMPLETED,RANDOMIZED,True,SINGLE,1,True,False,PARALLEL,True,False,True,False,False,False,1,True
NCT03852667,2019.0,2016-2020,NA,other,3,76.0,OTHER,COMPLETED,RANDOMIZED,True,DOUBLE,2,True,True,PARALLEL,True,False,False,True,False,False,0,False
NCT01802671,2013.0,<=2015,NA,other,3,180.0,OTHER,UNKNOWN,RANDOMIZED,True,SINGLE,1,True,False,PARALLEL,True,False,True,True,False,False,1,False
NCT04172038,2019.0,2016-2020,NA,other,4,850.0,FED,ACTIVE_NOT_RECRUITING,RANDOMIZED,True,SINGLE,1,True,False,SEQUENTIAL,True,False,True,True,False,False,1,True
NCT01814995,2012.0,<=2015,NA,other,1,36.0,OTHER,COMPLETED,NA,False,NONE,0,False,False,SINGLE_GROUP,True,False,False,False,False,True,0,False
NCT07165249,2023.0,2021-2026,NA,other,2,36.0,OTHER,COMPLETED,RANDOMIZED,True,NONE,0,False,False,PARALLEL,True,False,True,False,False,False,1,True
NCT02189356,2011.0,<=2015,NA,other,2,96.0,OTHER,COMPLETED,RANDOMIZED,True,NONE,0,False,False,PARALLEL,True,False,False,False,False,False,1,False
NCT01800604,2013.0,<=2015,NA,other,4,177.0,OTHER,COMPLETED,RANDOMIZED,True,DOUBLE,2,True,True,PARALLEL,True,False,True,True,False,False,1,False
NCT05419297,2022.0,2021-2026,PHASE4,both,2,40.0,OTHER,UNKNOWN,RANDOMIZED,True,TRIPLE,3,True,True,PARALLEL,False,True,True,False,False,False,0,True
NCT05679167,2023.0,2021-2026,NA,other,3,90.0,OTHER_GOV,RECRUITING,RANDOMIZED,True,NONE,0,False,False,PARALLEL,True,False,True,True,False,False,0,False
NCT00741650,2008.0,<=2015,PHASE2;PHASE3,other,3,2097.0,OTHER,COMPLETED,RANDOMIZED,True,NONE,0,False,False,PARALLEL,True,True,True,True,False,False,0,False
NCT06429189,2024.0,2021-2026,NA,other,2,98.0,OTHER,UNKNOWN,RANDOMIZED,True,TRIPLE,3,True,True,PARALLEL,True,False,False,False,False,False,1,False
NCT07539116,2024.0,2021-2026,NA,other,3,183.0,OTHER,COMPLETED,RANDOMIZED,True,NONE,0,False,False,PARALLEL,True,False,True,True,False,False,0,False
NCT03147300,2017.0,2016-2020,NA,other,2,467.0,OTHER_GOV,COMPLETED,RANDOMIZED,True,SINGLE,1,True,False,SEQUENTIAL,True,False,False,False,False,False,2,False
NCT04334096,2016.0,2016-2020,NA,other,1,56.0,OTHER,COMPLETED,NA,False,NONE,0,False,False,SINGLE_GROUP,True,False,True,False,False,False,1,True
NCT01465698,2011.0,<=2015,NA,other,4,219.0,OTHER,COMPLETED,RANDOMIZED,True,SINGLE,1,True,False,FACTORIAL,True,False,True,True,False,False,3,False
NCT07378735,2026.0,2021-2026,NA,other,4,12.0,OTHER,NOT_YET_RECRUITING,RANDOMIZED,True,SINGLE,1,True,False,PARALLEL,False,False,True,True,False,False,0,False
NCT04610905,2020.0,2016-2020,NA,other,3,5.0,OTHER,TERMINATED,RANDOMIZED,True,DOUBLE,2,True,True,PARALLEL,False,False,True,True,False,False,0,False
NCT03651804,2019.0,2016-2020,PHASE4,both,3,0.0,OTHER,WITHDRAWN,RANDOMIZED,True,SINGLE,1,True,False,CROSSOVER,False,True,True,True,False,False,0,
NCT01147120,2009.0,<=2015,NA,proc_device,2,138.0,OTHER,COMPLETED,NON_RANDOMIZED,False,NONE,0,False,False,SINGLE_GROUP,True,False,True,False,False,False,0,True
NCT07604168,2026.0,2021-2026,NA,other,2,28.0,OTHER,COMPLETED,RANDOMIZED,True,DOUBLE,2,True,True,PARALLEL,False,False,True,False,False,False,0,False
NCT07476911,2026.0,2021-2026,NA,other,2,40.0,OTHER,NOT_YET_RECRUITING,RANDOMIZED,True,DOUBLE,2,True,True,PARALLEL,True,False,False,False,False,False,0,False
NCT05423145,2022.0,2021-2026,NA,other,2,297.0,FED,COMPLETED,RANDOMIZED,True,DOUBLE,2,True,True,PARALLEL,True,False,True,False,False,False,0,False
NCT04284137,2020.0,2016-2020,NA,other,3,60.0,OTHER,UNKNOWN,NON_RANDOMIZED,False,NONE,0,False,False,PARALLEL,True,False,False,True,False,False,1,False
NCT03299192,2016.0,2016-2020,NA,other,3,57.0,OTHER,COMPLETED,RANDOMIZED,True,SINGLE,1,True,False,PARALLEL,True,False,True,True,True,False,0,True
NCT06114264,2023.0,2021-2026,NA,other,2,70.0,OTHER,COMPLETED,RANDOMIZED,True,NONE,0,False,False,PARALLEL,True,False,True,False,False,False,1,
NCT02871739,2016.0,2016-2020,NA,other,4,23.0,OTHER,COMPLETED,RANDOMIZED,True,NONE,0,False,False,FACTORIAL,False,False,False,True,True,False,0,False
NCT00672880,2003.0,<=2015,PHASE4,other,3,137.0,OTHER,COMPLETED,RANDOMIZED,True,NONE,0,False,False,PARALLEL,True,True,True,True,False,False,0,True
NCT00608530,2008.0,<=2015,NA,other,4,127.0,FED,COMPLETED,RANDOMIZED,True,TRIPLE,3,True,True,PARALLEL,True,False,True,True,True,False,0,True
NCT07152171,2025.0,2021-2026,NA,other,2,24.0,OTHER,COMPLETED,RANDOMIZED,True,SINGLE,1,True,False,PARALLEL,False,False,True,False,False,False,0,True
NCT01808664,2013.0,<=2015,NA,other,2,61.0,OTHER,COMPLETED,RANDOMIZED,True,DOUBLE,2,True,True,PARALLEL,True,False,False,False,False,True,0,True
