nct,year,epoch,phase,int_class,n_arms,n_enroll,sponsor_class,overall_status,allocation,randomized,masking,masking_ord,blinded_any,blinded_double_plus,model,power_ok,comparator_kind,has_comparator,n_started,n_completed,attrition,low_attrition,pivotal,treatment,multiarm,has_results,has_result_ref,n_derived,has_derived,ipd,ipd_yes,dmc
NCT05694884,2022.0,2021-2026,PHASE2,drug,2,75.0,OTHER,UNKNOWN,RANDOMIZED,True,QUADRUPLE,4.0,True,True,PARALLEL,True,placebo/sham,True,,,,,False,True,False,False,False,0,False,NO,False,True
NCT07184645,2025.0,2021-2026,PHASE3,drug,2,198.0,INDUSTRY,NOT_YET_RECRUITING,RANDOMIZED,True,QUADRUPLE,4.0,True,True,PARALLEL,True,none/single-group,False,,,,,True,True,False,False,False,0,False,YES,True,False
NCT02595008,2015.0,<=2015,PHASE2,drug,1,24.0,INDUSTRY,COMPLETED,NA,False,NONE,0.0,False,False,SINGLE_GROUP,False,none/single-group,False,24.0,23.0,0.04166666666666663,True,False,True,False,True,False,0,False,NO,False,False
NCT04791319,2021.0,2021-2026,PHASE2,drug,4,199.0,INDUSTRY,TERMINATED,RANDOMIZED,True,DOUBLE,2.0,True,True,PARALLEL,True,placebo/sham,True,199.0,108.0,0.457286432160804,False,False,True,True,True,False,0,False,YES,True,True
NCT03683719,2018.0,2016-2020,PHASE2,drug,5,258.0,INDUSTRY,COMPLETED,RANDOMIZED,True,DOUBLE,2.0,True,True,PARALLEL,True,placebo/sham,True,258.0,204.0,0.2093023255813954,False,False,True,True,True,False,3,True,NO,False,False
NCT02357940,2015.0,<=2015,NA,drug,2,41.0,INDUSTRY,COMPLETED,NON_RANDOMIZED,False,NONE,0.0,False,False,SINGLE_GROUP,True,none/single-group,False,41.0,39.0,0.04878048780487809,True,False,True,False,True,False,0,False,,False,True
NCT07445919,2026.0,2021-2026,PHASE2,drug,6,200.0,INDUSTRY,RECRUITING,RANDOMIZED,True,QUADRUPLE,4.0,True,True,PARALLEL,True,placebo/sham,True,,,,,False,True,True,False,False,0,False,YES,True,False
NCT00376129,2006.0,<=2015,PHASE2,drug,1,10.0,OTHER,COMPLETED,RANDOMIZED,True,NONE,0.0,False,False,SINGLE_GROUP,False,none/single-group,False,,,,,False,False,False,False,False,0,False,,False,False
NCT00509990,2005.0,<=2015,PHASE4,drug,0,200.0,INDUSTRY,COMPLETED,NON_RANDOMIZED,False,NONE,0.0,False,False,SINGLE_GROUP,True,none/single-group,False,,,,,True,True,False,False,False,0,False,,False,
NCT05932654,2023.0,2021-2026,PHASE2,drug,1,22.0,INDUSTRY,COMPLETED,NA,False,NONE,0.0,False,False,SINGLE_GROUP,False,none/single-group,False,22.0,17.0,0.2272727272727273,False,False,True,False,True,False,0,False,NO,False,True
NCT05018806,2021.0,2021-2026,PHASE2,drug,4,124.0,INDUSTRY,COMPLETED,RANDOMIZED,True,QUADRUPLE,4.0,True,True,PARALLEL,True,placebo/sham,True,124.0,94.0,0.24193548387096775,False,False,True,True,True,False,0,False,YES,True,False
NCT04718870,2021.0,2021-2026,PHASE4,drug,2,41.0,INDUSTRY,COMPLETED,NON_RANDOMIZED,False,NONE,0.0,False,False,PARALLEL,False,no-intervention,True,41.0,41.0,0.0,True,True,True,False,True,False,1,True,YES,True,False
NCT02241174,2014.0,<=2015,PHASE1,drug,2,0.0,OTHER,WITHDRAWN,RANDOMIZED,True,TRIPLE,3.0,True,True,PARALLEL,False,placebo/sham,True,,,,,False,True,False,False,False,0,False,,False,False
NCT04773600,2021.0,2021-2026,PHASE3,drug,2,683.0,INDUSTRY,COMPLETED,RANDOMIZED,True,TRIPLE,3.0,True,True,PARALLEL,True,placebo/sham,True,683.0,621.0,0.0907759882869692,True,True,True,False,True,False,1,True,,False,
NCT01301508,2011.0,<=2015,PHASE2,drug,2,46.0,INDUSTRY,COMPLETED,RANDOMIZED,True,QUADRUPLE,4.0,True,True,PARALLEL,False,none/single-group,False,46.0,42.0,0.08695652173913049,True,False,True,False,True,False,1,True,,False,False
NCT06311682,2024.0,2021-2026,PHASE3,drug,3,195.0,INDUSTRY,RECRUITING,RANDOMIZED,True,TRIPLE,3.0,True,True,PARALLEL,True,none/single-group,False,,,,,True,True,True,False,False,0,False,NO,False,True
NCT01429701,2012.0,<=2015,PHASE3,drug,2,76.0,INDUSTRY,COMPLETED,RANDOMIZED,True,QUADRUPLE,4.0,True,True,PARALLEL,False,active,True,,,,,True,True,False,False,False,0,False,,False,True
NCT05566262,2023.0,2021-2026,PHASE4,drug,1,15.0,OTHER,ACTIVE_NOT_RECRUITING,NA,False,NONE,0.0,False,False,SINGLE_GROUP,False,none/single-group,False,,,,,True,True,False,False,False,0,False,,False,False
NCT06765005,2024.0,2021-2026,PHASE1;PHASE2,drug,1,24.0,INDUSTRY,RECRUITING,NA,False,NONE,0.0,False,False,SINGLE_GROUP,False,none/single-group,False,,,,,False,True,False,False,False,0,False,NO,False,False
NCT03796676,2019.0,2016-2020,PHASE3,drug,3,287.0,INDUSTRY,COMPLETED,RANDOMIZED,True,QUADRUPLE,4.0,True,True,PARALLEL,True,placebo/sham,True,285.0,273.0,0.04210526315789476,True,True,True,True,True,False,5,True,YES,True,True
NCT01326910,2011.0,<=2015,NA,both,2,90.0,INDUSTRY,COMPLETED,RANDOMIZED,True,DOUBLE,2.0,True,True,PARALLEL,True,none/single-group,False,90.0,83.0,0.07777777777777772,True,False,True,False,True,False,1,True,,False,False
NCT02795832,2016.0,2016-2020,PHASE1;PHASE2,drug,6,53.0,INDUSTRY,COMPLETED,RANDOMIZED,True,QUADRUPLE,4.0,True,True,PARALLEL,True,placebo/sham,True,53.0,50.0,0.05660377358490565,True,False,True,True,True,False,0,False,NO,False,False
NCT07162896,2026.0,2021-2026,PHASE3,drug,2,66.0,OTHER,NOT_YET_RECRUITING,RANDOMIZED,True,NONE,0.0,False,False,PARALLEL,False,active,True,,,,,True,True,False,False,False,0,False,NO,False,False
NCT04815148,2021.0,2021-2026,PHASE1,drug,10,72.0,INDUSTRY,UNKNOWN,RANDOMIZED,True,NONE,0.0,False,False,SEQUENTIAL,True,none/single-group,False,,,,,False,True,True,False,False,0,False,,False,
NCT06004050,2023.0,2021-2026,PHASE3,drug,3,362.0,INDUSTRY,COMPLETED,RANDOMIZED,True,DOUBLE,2.0,True,True,PARALLEL,True,placebo/sham,True,,,,,True,True,True,False,False,0,False,NO,False,False
NCT06058000,2023.0,2021-2026,PHASE2,drug,5,120.0,INDUSTRY,COMPLETED,RANDOMIZED,True,QUADRUPLE,4.0,True,True,PARALLEL,True,placebo/sham,True,,,,,False,True,True,False,False,0,False,NO,False,False
NCT02594098,2015.0,<=2015,PHASE2,drug,2,41.0,OTHER,COMPLETED,RANDOMIZED,True,TRIPLE,3.0,True,True,PARALLEL,False,placebo/sham,True,41.0,2.0,0.9512195121951219,False,False,True,False,True,False,0,False,NO,False,True
NCT05265923,2022.0,2021-2026,PHASE3,drug,2,500.0,INDUSTRY,COMPLETED,RANDOMIZED,True,QUADRUPLE,4.0,True,True,PARALLEL,True,placebo/sham,True,,,,,True,True,False,False,False,2,True,,False,False
NCT03911401,2019.0,2016-2020,PHASE3,drug,3,251.0,INDUSTRY,COMPLETED,RANDOMIZED,True,TRIPLE,3.0,True,True,PARALLEL,True,placebo/sham,True,251.0,210.0,0.1633466135458167,True,True,True,True,True,False,1,True,UNDECIDED,False,False
NCT02153762,2013.0,<=2015,NA,drug,2,41.0,OTHER,COMPLETED,RANDOMIZED,True,NONE,0.0,False,False,CROSSOVER,True,active,True,,,,,False,True,False,False,False,0,False,,False,False
NCT07284173,2025.0,2021-2026,PHASE1,drug,2,18.0,INDUSTRY,ACTIVE_NOT_RECRUITING,NA,False,NONE,0.0,False,False,SEQUENTIAL,False,none/single-group,False,,,,,False,False,False,False,False,0,False,NO,False,False
NCT01064947,2010.0,<=2015,PHASE4,drug,0,29.0,OTHER,COMPLETED,NA,False,NONE,0.0,False,False,SINGLE_GROUP,False,none/single-group,False,70.0,29.0,0.5857142857142856,False,True,True,False,True,False,0,False,,False,False
NCT00484003,2004.0,<=2015,PHASE4,drug,0,,INDUSTRY,COMPLETED,NON_RANDOMIZED,False,NONE,0.0,False,False,SINGLE_GROUP,,none/single-group,False,,,,,True,True,False,False,False,0,False,,False,
NCT02001181,2013.0,<=2015,PHASE2,drug,2,69.0,INDUSTRY,COMPLETED,RANDOMIZED,True,QUADRUPLE,4.0,True,True,PARALLEL,True,placebo/sham,True,69.0,65.0,0.05797101449275366,True,False,True,False,True,False,1,True,,False,False
NCT04975438,2021.0,2021-2026,PHASE1,drug,4,34.0,INDUSTRY,COMPLETED,RANDOMIZED,True,DOUBLE,2.0,True,True,PARALLEL,True,placebo/sham,True,34.0,31.0,0.08823529411764708,True,False,True,True,True,False,0,False,YES,True,True
NCT05507580,2023.0,2021-2026,PHASE4,drug,6,461.0,INDUSTRY,COMPLETED,RANDOMIZED,True,QUADRUPLE,4.0,True,True,SEQUENTIAL,True,none/single-group,False,461.0,443.0,0.0390455531453362,True,True,True,True,True,False,0,False,YES,True,False
NCT06587685,2024.0,2021-2026,PHASE3,drug,2,472.0,INDUSTRY,RECRUITING,RANDOMIZED,True,QUADRUPLE,4.0,True,True,PARALLEL,True,placebo/sham,True,,,,,True,True,False,False,False,0,False,NO,False,True
NCT05099133,2021.0,2021-2026,PHASE1,drug,4,24.0,INDUSTRY,COMPLETED,RANDOMIZED,True,DOUBLE,2.0,True,True,PARALLEL,False,placebo/sham,True,,,,,False,True,True,False,False,0,False,NO,False,
NCT06767540,2025.0,2021-2026,PHASE3,drug,2,198.0,INDUSTRY,NOT_YET_RECRUITING,RANDOMIZED,True,DOUBLE,2.0,True,True,PARALLEL,True,none/single-group,False,,,,,True,True,False,False,False,0,False,NO,False,False
NCT00723489,2008.0,<=2015,PHASE1;PHASE2,drug,2,82.0,NIH,COMPLETED,RANDOMIZED,True,QUADRUPLE,4.0,True,True,PARALLEL,True,none/single-group,False,82.0,74.0,0.09756097560975607,True,False,False,False,True,False,1,True,,False,True
NCT05641558,2021.0,2021-2026,PHASE1;PHASE2,drug,3,24.0,INDUSTRY,COMPLETED,RANDOMIZED,True,QUADRUPLE,4.0,True,True,PARALLEL,False,none/single-group,False,,,,,False,True,True,False,False,0,False,NO,False,False
NCT01591785,2012.0,<=2015,NA,drug,2,60.0,OTHER,COMPLETED,RANDOMIZED,True,DOUBLE,2.0,True,True,PARALLEL,True,placebo/sham,True,60.0,54.0,0.09999999999999998,True,False,True,False,True,True,0,False,,False,False
NCT07411755,2026.0,2021-2026,PHASE1,drug,3,294.0,INDUSTRY,RECRUITING,RANDOMIZED,True,QUADRUPLE,4.0,True,True,PARALLEL,True,active,True,,,,,False,True,True,False,False,0,False,,False,
NCT05436535,2022.0,2021-2026,PHASE4,drug,3,433.0,NIH,COMPLETED,NON_RANDOMIZED,False,NONE,0.0,False,False,PARALLEL,True,active,True,433.0,368.0,0.15011547344110854,True,True,True,True,True,False,0,False,,False,True
NCT02496546,2015.0,<=2015,PHASE1,drug,2,30.0,INDUSTRY,COMPLETED,RANDOMIZED,True,QUADRUPLE,4.0,True,True,PARALLEL,True,placebo/sham,True,,,,,False,True,False,False,False,0,False,,False,False
NCT00480896,2004.0,<=2015,PHASE3,drug,2,250.0,INDUSTRY,COMPLETED,RANDOMIZED,True,QUADRUPLE,4.0,True,True,PARALLEL,True,placebo/sham,True,,,,,True,True,False,False,False,0,False,,False,False
NCT04444752,2020.0,2016-2020,PHASE2,drug,4,226.0,INDUSTRY,COMPLETED,RANDOMIZED,True,QUADRUPLE,4.0,True,True,PARALLEL,True,placebo/sham,True,226.0,181.0,0.1991150442477876,True,False,True,True,True,False,0,False,NO,False,False
NCT07466940,2025.0,2021-2026,PHASE1,drug,4,30.0,INDUSTRY,COMPLETED,RANDOMIZED,True,QUADRUPLE,4.0,True,True,SEQUENTIAL,True,none/single-group,False,,,,,False,True,True,False,False,0,False,YES,True,False
NCT03526861,2018.0,2016-2020,PHASE3,drug,8,301.0,INDUSTRY,COMPLETED,RANDOMIZED,True,DOUBLE,2.0,True,True,PARALLEL,True,none/single-group,False,301.0,273.0,0.09302325581395354,True,True,True,True,True,True,4,True,NO,False,True
NCT06921759,2025.0,2021-2026,PHASE3,drug,2,221.0,INDUSTRY,ACTIVE_NOT_RECRUITING,RANDOMIZED,True,DOUBLE,2.0,True,True,PARALLEL,True,placebo/sham,True,,,,,True,True,False,False,False,0,False,YES,True,False
NCT01806662,2013.0,<=2015,PHASE2,drug,2,32.0,OTHER,COMPLETED,RANDOMIZED,True,DOUBLE,2.0,True,True,CROSSOVER,False,placebo/sham,True,32.0,27.0,0.15625,True,False,True,False,True,False,0,False,UNDECIDED,False,False
NCT02118766,2014.0,<=2015,PHASE3,drug,2,763.0,INDUSTRY,COMPLETED,RANDOMIZED,True,QUADRUPLE,4.0,True,True,PARALLEL,True,placebo/sham,True,763.0,702.0,0.07994757536041941,True,True,True,False,True,False,8,True,,False,False
NCT02925117,2016.0,2016-2020,PHASE2,drug,4,167.0,INDUSTRY,COMPLETED,RANDOMIZED,True,QUADRUPLE,4.0,True,True,PARALLEL,True,placebo/sham,True,167.0,130.0,0.22155688622754488,False,False,True,True,True,True,0,False,YES,True,True
NCT03847389,2019.0,2016-2020,PHASE1;PHASE2,drug,1,8.0,INDUSTRY,TERMINATED,NA,False,NONE,0.0,False,False,SINGLE_GROUP,False,none/single-group,False,8.0,8.0,0.0,True,False,True,False,True,False,0,False,,False,True
NCT03676933,2015.0,<=2015,PHASE2,drug,2,5.0,INDUSTRY,COMPLETED,RANDOMIZED,True,QUADRUPLE,4.0,True,True,PARALLEL,False,placebo/sham,True,,,,,False,True,False,False,False,0,False,,False,False
NCT07297602,2025.0,2021-2026,PHASE2,drug,1,36.0,OTHER,RECRUITING,NA,False,NONE,0.0,False,False,SINGLE_GROUP,False,none/single-group,False,,,,,False,True,False,False,False,0,False,,False,False
NCT03100344,2017.0,2016-2020,PHASE2,drug,4,226.0,INDUSTRY,COMPLETED,RANDOMIZED,True,QUADRUPLE,4.0,True,True,PARALLEL,True,placebo/sham,True,226.0,182.0,0.19469026548672563,True,False,True,True,True,False,1,True,,False,True
NCT05155085,2022.0,2021-2026,PHASE2,drug,2,131.0,INDUSTRY,TERMINATED,RANDOMIZED,True,QUADRUPLE,4.0,True,True,PARALLEL,True,none/single-group,False,130.0,115.0,0.11538461538461542,True,False,True,False,True,False,0,False,NO,False,True
NCT00232011,2004.0,<=2015,PHASE3,drug,1,160.0,INDUSTRY,COMPLETED,NON_RANDOMIZED,False,NONE,0.0,False,False,SINGLE_GROUP,True,none/single-group,False,,,,,True,True,False,False,False,0,False,,False,
NCT03673059,2015.0,<=2015,NA,drug,2,91.0,INDUSTRY,COMPLETED,RANDOMIZED,True,TRIPLE,3.0,True,True,PARALLEL,True,none/single-group,False,,,,,False,False,False,False,False,0,False,NO,False,False
NCT03830177,2019.0,2016-2020,PHASE1;PHASE2,drug,1,77.0,OTHER,COMPLETED,NA,False,NONE,0.0,False,False,SINGLE_GROUP,True,none/single-group,False,77.0,77.0,0.0,True,False,True,False,True,False,0,False,NO,False,
NCT03233529,2017.0,2016-2020,PHASE2,drug,2,40.0,INDUSTRY,COMPLETED,RANDOMIZED,True,QUADRUPLE,4.0,True,True,PARALLEL,False,placebo/sham,True,40.0,39.0,0.025000000000000022,True,False,False,False,True,False,1,True,YES,True,False
NCT00392067,2006.0,<=2015,PHASE2,drug,0,75.0,INDUSTRY,COMPLETED,RANDOMIZED,True,DOUBLE,2.0,True,True,PARALLEL,True,none/single-group,False,,,,,False,True,False,False,False,0,False,NO,False,
NCT04256174,2020.0,2016-2020,PHASE1,drug,9,80.0,INDUSTRY,COMPLETED,RANDOMIZED,True,TRIPLE,3.0,True,True,SEQUENTIAL,True,none/single-group,False,,,,,False,False,True,False,False,1,True,NO,False,False
NCT07519174,2026.0,2021-2026,NA,drug,2,72.0,OTHER,NOT_YET_RECRUITING,RANDOMIZED,True,SINGLE,1.0,True,False,PARALLEL,True,active,True,,,,,False,True,False,False,False,0,False,NO,False,False
NCT06758752,2023.0,2021-2026,PHASE2,drug,2,110.0,OTHER,ACTIVE_NOT_RECRUITING,RANDOMIZED,True,TRIPLE,3.0,True,True,PARALLEL,True,placebo/sham,True,,,,,False,True,False,False,False,0,False,,False,False
NCT00663364,2008.0,<=2015,NA,drug,2,100.0,OTHER,COMPLETED,RANDOMIZED,True,NONE,0.0,False,False,SINGLE_GROUP,True,active,True,,,,,False,False,False,False,False,0,False,,False,True
NCT02324972,2014.0,<=2015,PHASE2,drug,2,54.0,INDUSTRY,COMPLETED,RANDOMIZED,True,QUADRUPLE,4.0,True,True,PARALLEL,True,placebo/sham,True,54.0,42.0,0.2222222222222222,False,False,True,False,True,False,0,False,NO,False,False
NCT05127421,2021.0,2021-2026,PHASE2,drug,2,77.0,INDUSTRY,COMPLETED,RANDOMIZED,True,DOUBLE,2.0,True,True,PARALLEL,True,none/single-group,False,77.0,66.0,0.1428571428571429,True,False,True,False,True,False,1,True,YES,True,False
NCT05969730,2023.0,2021-2026,NA,drug,2,40.0,OTHER,COMPLETED,RANDOMIZED,True,NONE,0.0,False,False,PARALLEL,True,none/single-group,False,,,,,False,True,False,False,False,0,False,UNDECIDED,False,
NCT06881251,2025.0,2021-2026,PHASE2,drug,5,256.0,INDUSTRY,TERMINATED,RANDOMIZED,True,TRIPLE,3.0,True,True,PARALLEL,True,placebo/sham,True,,,,,False,True,True,False,False,0,False,YES,True,True
NCT00509535,2005.0,<=2015,NA,drug,0,75.0,INDUSTRY,COMPLETED,RANDOMIZED,True,DOUBLE,2.0,True,True,PARALLEL,True,none/single-group,False,,,,,False,True,False,False,False,0,False,,False,True
NCT05372653,2022.0,2021-2026,PHASE3,drug,1,41.0,INDUSTRY,COMPLETED,NA,False,NONE,0.0,False,False,SINGLE_GROUP,False,none/single-group,False,41.0,36.0,0.12195121951219512,True,True,True,False,True,False,2,True,YES,True,False
NCT06524635,2024.0,2021-2026,PHASE2,drug,4,60.0,INDUSTRY,RECRUITING,NON_RANDOMIZED,False,NONE,0.0,False,False,PARALLEL,True,none/single-group,False,,,,,False,False,True,False,False,0,False,YES,True,False
NCT04352595,2020.0,2016-2020,PHASE2,drug,4,148.0,INDUSTRY,COMPLETED,RANDOMIZED,True,QUADRUPLE,4.0,True,True,PARALLEL,True,placebo/sham,True,,,,,False,True,True,False,False,0,False,NO,False,False
NCT03443024,2018.0,2016-2020,PHASE2,drug,4,280.0,INDUSTRY,COMPLETED,RANDOMIZED,True,TRIPLE,3.0,True,True,PARALLEL,True,placebo/sham,True,280.0,177.0,0.3678571428571429,False,False,True,True,True,False,2,True,YES,True,False
NCT01915914,2013.0,<=2015,PHASE4,drug,2,107.0,INDUSTRY,COMPLETED,RANDOMIZED,True,NONE,0.0,False,False,PARALLEL,True,active,True,123.0,111.0,0.09756097560975607,True,True,True,False,True,False,0,False,,False,
NCT03107611,2016.0,2016-2020,PHASE3,drug,3,654.0,INDUSTRY,COMPLETED,RANDOMIZED,True,QUADRUPLE,4.0,True,True,PARALLEL,True,placebo/sham,True,654.0,634.0,0.030581039755351647,True,True,True,True,True,False,0,False,,False,False
NCT03327116,2017.0,2016-2020,NA,drug,1,10.0,OTHER,COMPLETED,NA,False,NONE,0.0,False,False,SINGLE_GROUP,False,none/single-group,False,,,,,False,False,False,False,False,1,True,,False,False
NCT05844618,2023.0,2021-2026,PHASE4,drug,2,20.0,OTHER,COMPLETED,RANDOMIZED,True,QUADRUPLE,4.0,True,True,PARALLEL,False,placebo/sham,True,,,,,True,True,False,False,False,0,False,NO,False,False
NCT04587453,2020.0,2016-2020,PHASE3,drug,2,106.0,INDUSTRY,COMPLETED,RANDOMIZED,True,DOUBLE,2.0,True,True,PARALLEL,True,placebo/sham,True,106.0,105.0,0.009433962264150941,True,True,True,False,True,False,0,False,NO,False,False
NCT00236106,2005.0,<=2015,PHASE4,drug,0,20.0,OTHER,COMPLETED,RANDOMIZED,True,SINGLE,1.0,True,False,CROSSOVER,False,none/single-group,False,,,,,True,False,False,False,False,0,False,,False,
NCT05186805,2021.0,2021-2026,PHASE2,drug,1,36.0,INDUSTRY,COMPLETED,NA,False,NONE,0.0,False,False,SINGLE_GROUP,False,none/single-group,False,36.0,32.0,0.11111111111111116,True,False,True,False,True,False,1,True,NO,False,False
NCT01179529,,,PHASE2,drug,1,,OTHER,COMPLETED,NA,False,,,False,False,SINGLE_GROUP,,none/single-group,False,,,,,False,True,False,False,False,0,False,,False,False
NCT02664805,2016.0,2016-2020,PHASE2,drug,2,91.0,INDUSTRY,COMPLETED,RANDOMIZED,True,QUADRUPLE,4.0,True,True,PARALLEL,True,placebo/sham,True,,,,,False,True,False,False,False,0,False,NO,False,False
NCT00690807,2008.0,<=2015,PHASE2,drug,1,30.0,INDUSTRY,COMPLETED,NA,False,NONE,0.0,False,False,SINGLE_GROUP,False,none/single-group,False,,,,,False,True,False,False,False,0,False,,False,False
NCT04992546,2021.0,2021-2026,PHASE2,drug,2,39.0,INDUSTRY,COMPLETED,RANDOMIZED,True,QUADRUPLE,4.0,True,True,PARALLEL,False,placebo/sham,True,39.0,37.0,0.05128205128205132,True,False,True,False,True,False,0,False,YES,True,False
NCT07352566,2026.0,2021-2026,PHASE4,both,1,10.0,OTHER,NOT_YET_RECRUITING,NA,False,NONE,0.0,False,False,SINGLE_GROUP,False,none/single-group,False,,,,,True,False,False,False,False,0,False,NO,False,True
NCT06756126,2024.0,2021-2026,PHASE2,drug,2,24.0,INDUSTRY,NOT_YET_RECRUITING,NON_RANDOMIZED,False,NONE,0.0,False,False,PARALLEL,False,none/single-group,False,,,,,False,True,False,False,False,0,False,NO,False,False
NCT07453602,2026.0,2021-2026,PHASE1,drug,2,125.0,INDUSTRY,RECRUITING,RANDOMIZED,True,QUADRUPLE,4.0,True,True,SEQUENTIAL,True,placebo/sham,True,,,,,False,True,False,False,False,0,False,UNDECIDED,False,False
NCT04468711,2018.0,2016-2020,PHASE3,drug,2,92.0,OTHER_GOV,COMPLETED,RANDOMIZED,True,DOUBLE,2.0,True,True,PARALLEL,False,placebo/sham,True,,,,,True,True,False,False,False,0,False,NO,False,
NCT03733301,2018.0,2016-2020,PHASE3,drug,3,329.0,INDUSTRY,COMPLETED,RANDOMIZED,True,DOUBLE,2.0,True,True,PARALLEL,True,placebo/sham,True,329.0,309.0,0.06079027355623101,True,True,True,True,True,False,6,True,YES,True,True
NCT02647086,2015.0,<=2015,PHASE1,drug,2,14.0,INDUSTRY,COMPLETED,NON_RANDOMIZED,False,NONE,0.0,False,False,SINGLE_GROUP,False,none/single-group,False,,,,,False,False,False,False,False,1,True,,False,False
NCT07180511,2025.0,2021-2026,PHASE3,drug,3,460.0,INDUSTRY,ENROLLING_BY_INVITATION,RANDOMIZED,True,TRIPLE,3.0,True,True,PARALLEL,True,placebo/sham,True,,,,,True,True,True,False,False,0,False,UNDECIDED,False,True
NCT04800315,2021.0,2021-2026,PHASE2,drug,4,221.0,INDUSTRY,COMPLETED,RANDOMIZED,True,QUADRUPLE,4.0,True,True,PARALLEL,True,placebo/sham,True,221.0,220.0,0.004524886877828038,True,False,True,True,True,False,1,True,YES,True,True
NCT02475447,2015.0,<=2015,PHASE2,drug,2,249.0,INDUSTRY,COMPLETED,RANDOMIZED,True,DOUBLE,2.0,True,True,SINGLE_GROUP,True,placebo/sham,True,,,,,False,True,False,False,False,0,False,NO,False,False
NCT04556461,2020.0,2016-2020,PHASE2,drug,1,16.0,OTHER,COMPLETED,NA,False,NONE,0.0,False,False,SINGLE_GROUP,False,none/single-group,False,,,,,False,False,False,False,False,1,True,NO,False,True
NCT05696392,2023.0,2021-2026,PHASE4,drug,1,47.0,INDUSTRY,TERMINATED,NA,False,NONE,0.0,False,False,SINGLE_GROUP,False,none/single-group,False,47.0,42.0,0.1063829787234043,True,True,True,False,True,False,0,False,YES,True,False
NCT01407510,2011.0,<=2015,PHASE2,drug,1,12.0,INDUSTRY,COMPLETED,NA,False,NONE,0.0,False,False,SINGLE_GROUP,False,none/single-group,False,,,,,False,True,False,False,False,0,False,,False,False
NCT02079688,2014.0,<=2015,PHASE2,drug,2,25.0,INDUSTRY,COMPLETED,RANDOMIZED,True,DOUBLE,2.0,True,True,PARALLEL,False,placebo/sham,True,,,,,False,True,False,False,False,0,False,,False,True
NCT00932074,2009.0,<=2015,PHASE1;PHASE2,drug,3,58.0,INDUSTRY,COMPLETED,RANDOMIZED,True,TRIPLE,3.0,True,True,PARALLEL,True,placebo/sham,True,,,,,False,True,True,False,False,0,False,,False,False
NCT01461941,2011.0,<=2015,PHASE2,drug,2,78.0,INDUSTRY,COMPLETED,RANDOMIZED,True,SINGLE,1.0,True,False,PARALLEL,True,placebo/sham,True,,,,,False,True,False,False,False,0,False,,False,
NCT00231998,2004.0,<=2015,PHASE3,drug,1,240.0,INDUSTRY,COMPLETED,NON_RANDOMIZED,False,NONE,0.0,False,False,SINGLE_GROUP,True,none/single-group,False,,,,,True,True,False,False,False,0,False,,False,
NCT00375713,2005.0,<=2015,PHASE3,drug,2,466.0,INDUSTRY,COMPLETED,RANDOMIZED,True,QUADRUPLE,4.0,True,True,PARALLEL,True,active,True,466.0,423.0,0.09227467811158796,True,True,True,False,True,False,0,False,,False,False
NCT00150059,2004.0,<=2015,PHASE4,drug,0,,INDUSTRY,COMPLETED,NON_RANDOMIZED,False,NONE,0.0,False,False,SINGLE_GROUP,,none/single-group,False,,,,,True,True,False,False,False,0,False,,False,
NCT06509243,2023.0,2021-2026,NA,drug,4,132.0,OTHER,COMPLETED,RANDOMIZED,True,SINGLE,1.0,True,False,PARALLEL,True,placebo/sham,True,,,,,False,True,True,False,False,0,False,,False,False
NCT03916081,2019.0,2016-2020,PHASE2,drug,3,136.0,INDUSTRY,COMPLETED,RANDOMIZED,True,QUADRUPLE,4.0,True,True,PARALLEL,True,placebo/sham,True,136.0,128.0,0.05882352941176472,True,False,True,True,True,False,0,False,,False,False
NCT00819507,2009.0,<=2015,PHASE4,drug,1,25.0,OTHER,COMPLETED,NA,False,NONE,0.0,False,False,SINGLE_GROUP,False,none/single-group,False,25.0,25.0,0.0,True,True,True,False,True,False,0,False,,False,False
NCT05549947,2022.0,2021-2026,PHASE2,drug,4,158.0,INDUSTRY,COMPLETED,RANDOMIZED,True,SINGLE,1.0,True,False,PARALLEL,True,placebo/sham,True,,,,,False,True,True,False,False,1,True,UNDECIDED,False,
NCT00121381,2005.0,<=2015,PHASE4,drug,2,400.0,INDUSTRY,COMPLETED,RANDOMIZED,True,DOUBLE,2.0,True,True,PARALLEL,True,placebo/sham,True,,,,,True,True,False,False,False,0,False,,False,
NCT05382819,2022.0,2021-2026,PHASE1,drug,6,89.0,INDUSTRY,TERMINATED,RANDOMIZED,True,DOUBLE,2.0,True,True,PARALLEL,True,placebo/sham,True,,,,,False,True,True,False,False,0,False,NO,False,
NCT04800185,2021.0,2021-2026,EARLY_PHASE1,drug,1,20.0,OTHER,COMPLETED,NA,False,NONE,0.0,False,False,SINGLE_GROUP,False,none/single-group,False,,,,,False,False,False,False,False,0,False,NO,False,
NCT03908970,2019.0,2016-2020,PHASE3,drug,2,364.0,INDUSTRY,COMPLETED,RANDOMIZED,True,TRIPLE,3.0,True,True,PARALLEL,True,placebo/sham,True,364.0,300.0,0.17582417582417587,True,True,True,False,True,False,0,False,UNDECIDED,False,False
NCT04615962,2021.0,2021-2026,PHASE1,drug,3,66.0,INDUSTRY,UNKNOWN,RANDOMIZED,True,TRIPLE,3.0,True,True,SINGLE_GROUP,True,active,True,,,,,False,True,True,False,False,0,False,NO,False,False
NCT04922021,2021.0,2021-2026,PHASE2,drug,2,58.0,INDUSTRY,COMPLETED,RANDOMIZED,True,DOUBLE,2.0,True,True,PARALLEL,True,placebo/sham,True,58.0,38.0,0.3448275862068966,False,False,True,False,True,False,0,False,NO,False,False
NCT05222516,2021.0,2021-2026,PHASE2,drug,2,63.0,INDUSTRY,TERMINATED,RANDOMIZED,True,QUADRUPLE,4.0,True,True,PARALLEL,True,placebo/sham,True,,,,,False,True,False,False,False,0,False,NO,False,True
NCT04090229,2019.0,2016-2020,PHASE1,drug,2,52.0,OTHER,COMPLETED,RANDOMIZED,True,QUADRUPLE,4.0,True,True,PARALLEL,True,placebo/sham,True,,,,,False,True,False,False,False,1,True,NO,False,True
NCT00583895,2007.0,<=2015,PHASE2,drug,2,25.0,INDUSTRY,TERMINATED,RANDOMIZED,True,QUADRUPLE,4.0,True,True,PARALLEL,False,placebo/sham,True,,,,,False,True,False,False,False,0,False,,False,False
NCT06468956,2024.0,2021-2026,PHASE3,drug,3,652.0,INDUSTRY,ACTIVE_NOT_RECRUITING,RANDOMIZED,True,QUADRUPLE,4.0,True,True,PARALLEL,True,placebo/sham,True,,,,,True,True,True,False,False,0,False,UNDECIDED,False,
NCT00809172,2008.0,<=2015,PHASE3,drug,2,100.0,OTHER,COMPLETED,RANDOMIZED,True,NONE,0.0,False,False,PARALLEL,True,active,True,,,,,True,True,False,False,True,0,False,,False,False
NCT05624112,2022.0,2021-2026,PHASE4,drug,2,44.0,INDUSTRY,COMPLETED,NON_RANDOMIZED,False,NONE,0.0,False,False,PARALLEL,False,no-intervention,True,,,,,True,True,False,False,False,0,False,YES,True,False
NCT02379910,2014.0,<=2015,PHASE1;PHASE2,drug,5,36.0,INDUSTRY,COMPLETED,RANDOMIZED,True,QUADRUPLE,4.0,True,True,SINGLE_GROUP,False,none/single-group,False,,,,,False,True,True,False,False,0,False,,False,False
NCT06082323,2024.0,2021-2026,PHASE1,drug,3,127.0,INDUSTRY,RECRUITING,RANDOMIZED,True,QUADRUPLE,4.0,True,True,SEQUENTIAL,True,none/single-group,False,,,,,False,True,True,False,True,0,False,NO,False,
NCT01522391,2008.0,<=2015,PHASE1;PHASE2,drug,2,41.0,INDUSTRY,COMPLETED,RANDOMIZED,True,QUADRUPLE,4.0,True,True,PARALLEL,False,placebo/sham,True,41.0,39.0,0.04878048780487809,True,False,True,False,True,False,0,False,,False,
NCT00378300,2007.0,<=2015,NA,drug,0,0.0,OTHER,WITHDRAWN,RANDOMIZED,True,TRIPLE,3.0,True,True,PARALLEL,False,none/single-group,False,,,,,False,True,False,False,False,0,False,,False,False
NCT03989349,2019.0,2016-2020,PHASE3,drug,2,787.0,INDUSTRY,COMPLETED,RANDOMIZED,True,QUADRUPLE,4.0,True,True,PARALLEL,True,placebo/sham,True,787.0,711.0,0.09656925031766206,True,True,True,False,True,False,3,True,NO,False,True
NCT06461897,2024.0,2021-2026,PHASE3,drug,2,675.0,INDUSTRY,RECRUITING,RANDOMIZED,True,SINGLE,1.0,True,False,PARALLEL,True,none/single-group,False,,,,,True,True,False,False,False,0,False,YES,True,True
NCT07071610,2025.0,2021-2026,PHASE2,drug,3,75.0,INDUSTRY,COMPLETED,RANDOMIZED,True,QUADRUPLE,4.0,True,True,PARALLEL,True,placebo/sham,True,,,,,False,True,True,False,False,0,False,NO,False,False
NCT05466877,2022.0,2021-2026,PHASE2,drug,4,163.0,INDUSTRY,UNKNOWN,RANDOMIZED,True,QUADRUPLE,4.0,True,True,PARALLEL,True,placebo/sham,True,,,,,False,True,True,False,False,0,False,NO,False,False
NCT00120302,2005.0,<=2015,PHASE4,drug,2,76.0,INDUSTRY,COMPLETED,RANDOMIZED,True,DOUBLE,2.0,True,True,PARALLEL,False,placebo/sham,True,,,,,True,True,False,False,False,0,False,,False,
NCT03389893,2018.0,2016-2020,PHASE4,drug,2,72.0,NIH,TERMINATED,RANDOMIZED,True,TRIPLE,3.0,True,True,PARALLEL,False,placebo/sham,True,72.0,71.0,0.01388888888888884,True,True,True,False,True,False,0,False,,False,True
NCT03868098,2019.0,2016-2020,PHASE4,drug,2,31.0,OTHER,COMPLETED,RANDOMIZED,True,QUADRUPLE,4.0,True,True,PARALLEL,False,placebo/sham,True,,,,,True,True,False,False,False,0,False,NO,False,
NCT00534508,2000.0,<=2015,PHASE2,drug,0,14.0,INDUSTRY,COMPLETED,NA,False,NONE,0.0,False,False,SINGLE_GROUP,False,none/single-group,False,,,,,False,True,False,False,False,0,False,,False,False
NCT04162769,2019.0,2016-2020,PHASE2,drug,4,140.0,INDUSTRY,COMPLETED,RANDOMIZED,True,TRIPLE,3.0,True,True,PARALLEL,True,placebo/sham,True,140.0,107.0,0.23571428571428577,False,False,True,True,True,False,1,True,NO,False,False
NCT05372003,2022.0,2021-2026,EARLY_PHASE1,drug,2,7.0,OTHER,COMPLETED,NON_RANDOMIZED,False,NONE,0.0,False,False,PARALLEL,False,active,True,,,,,False,True,False,False,False,0,False,,False,False
NCT06241118,2024.0,2021-2026,PHASE3,drug,3,636.0,INDUSTRY,RECRUITING,RANDOMIZED,True,QUADRUPLE,4.0,True,True,PARALLEL,True,placebo/sham,True,,,,,True,True,True,False,False,0,False,YES,True,True
NCT00160563,2004.0,<=2015,PHASE3,drug,3,207.0,INDUSTRY,TERMINATED,RANDOMIZED,True,QUADRUPLE,4.0,True,True,PARALLEL,True,placebo/sham,True,207.0,21.0,0.8985507246376812,False,True,True,True,True,False,0,False,,False,False
NCT05324618,2022.0,2021-2026,PHASE4,drug,2,200.0,OTHER,COMPLETED,RANDOMIZED,True,DOUBLE,2.0,True,True,PARALLEL,True,active,True,,,,,True,True,False,False,False,1,True,,False,
NCT00690105,2004.0,<=2015,PHASE4,drug,2,577.0,INDUSTRY,COMPLETED,RANDOMIZED,True,DOUBLE,2.0,True,True,PARALLEL,True,active,True,,,,,True,True,False,False,False,0,False,,False,False
NCT06807281,2025.0,2021-2026,PHASE3,drug,2,500.0,INDUSTRY,RECRUITING,NON_RANDOMIZED,False,NONE,0.0,False,False,SINGLE_GROUP,True,none/single-group,False,,,,,True,True,False,False,False,0,False,YES,True,True
NCT03359356,2018.0,2016-2020,PHASE2,drug,2,60.0,OTHER,COMPLETED,RANDOMIZED,True,TRIPLE,3.0,True,True,PARALLEL,True,placebo/sham,True,60.0,60.0,0.0,True,False,True,False,True,False,1,True,NO,False,True
NCT01518478,2011.0,<=2015,EARLY_PHASE1,drug,2,40.0,NIH,COMPLETED,NON_RANDOMIZED,False,NONE,0.0,False,False,PARALLEL,True,none/single-group,False,,,,,False,False,False,False,False,0,False,,False,False
NCT02340234,2015.0,<=2015,PHASE2,drug,4,212.0,INDUSTRY,COMPLETED,RANDOMIZED,True,DOUBLE,2.0,True,True,PARALLEL,True,placebo/sham,True,,,,,False,True,True,False,False,0,False,,False,
NCT00455429,2007.0,<=2015,PHASE2,drug,5,84.0,INDUSTRY,TERMINATED,RANDOMIZED,True,QUADRUPLE,4.0,True,True,SINGLE_GROUP,True,placebo/sham,True,84.0,62.0,0.26190476190476186,False,False,True,True,True,False,0,False,,False,True
NCT03250663,2017.0,2016-2020,PHASE1,drug,2,28.0,OTHER,COMPLETED,RANDOMIZED,True,DOUBLE,2.0,True,True,PARALLEL,False,active,True,,,,,False,False,False,False,False,0,False,NO,False,False
NCT03961529,2019.0,2016-2020,PHASE3,drug,2,366.0,INDUSTRY,COMPLETED,NON_RANDOMIZED,False,NONE,0.0,False,False,PARALLEL,True,none/single-group,False,366.0,302.0,0.17486338797814205,True,True,True,False,True,False,1,True,YES,True,
NCT07239947,2025.0,2021-2026,PHASE1,drug,4,63.0,INDUSTRY,RECRUITING,RANDOMIZED,True,TRIPLE,3.0,True,True,SEQUENTIAL,True,none/single-group,False,,,,,False,True,True,False,False,0,False,NO,False,True
NCT05590338,2022.0,2021-2026,PHASE1,drug,3,38.0,INDUSTRY,COMPLETED,RANDOMIZED,True,DOUBLE,2.0,True,True,PARALLEL,True,placebo/sham,True,,,,,False,True,True,False,False,0,False,YES,True,False
NCT03539601,2018.0,2016-2020,PHASE4,drug,4,237.0,INDUSTRY,TERMINATED,RANDOMIZED,True,QUADRUPLE,4.0,True,True,PARALLEL,True,placebo/sham,True,237.0,217.0,0.08438818565400841,True,True,True,True,True,False,0,False,YES,True,True
NCT02949960,2016.0,2016-2020,PHASE2,drug,2,19.0,INDUSTRY,COMPLETED,RANDOMIZED,True,QUADRUPLE,4.0,True,True,PARALLEL,False,placebo/sham,True,,,,,False,True,False,False,False,0,False,NO,False,False
NCT05455060,2022.0,2021-2026,PHASE3,drug,2,120.0,OTHER,UNKNOWN,RANDOMIZED,True,TRIPLE,3.0,True,True,PARALLEL,True,placebo/sham,True,,,,,True,True,False,False,False,0,False,,False,False
NCT07185282,2023.0,2021-2026,PHASE3,drug,4,375.0,INDUSTRY,COMPLETED,RANDOMIZED,True,DOUBLE,2.0,True,True,PARALLEL,True,placebo/sham,True,,,,,True,True,True,False,False,0,False,NO,False,False
NCT04140695,2019.0,2016-2020,PHASE3,drug,2,87.0,INDUSTRY,TERMINATED,RANDOMIZED,True,QUADRUPLE,4.0,True,True,PARALLEL,False,placebo/sham,True,87.0,65.0,0.25287356321839083,False,True,True,False,True,False,0,False,,False,
NCT03733353,2018.0,2016-2020,PHASE1,drug,10,204.0,INDUSTRY,COMPLETED,RANDOMIZED,True,DOUBLE,2.0,True,True,SEQUENTIAL,True,none/single-group,False,,,,,False,True,True,False,False,1,True,NO,False,True
NCT04211415,2020.0,2016-2020,PHASE1,drug,11,8.0,INDUSTRY,TERMINATED,RANDOMIZED,True,QUADRUPLE,4.0,True,True,PARALLEL,False,placebo/sham,True,,,,,False,True,True,False,False,0,False,YES,True,False
NCT02932891,2016.0,2016-2020,PHASE2,drug,1,28.0,INDUSTRY,COMPLETED,NA,False,NONE,0.0,False,False,SINGLE_GROUP,False,none/single-group,False,28.0,24.0,0.1428571428571429,True,False,True,False,True,False,0,False,NO,False,False
NCT03627767,2018.0,2016-2020,PHASE3,drug,3,1235.0,INDUSTRY,COMPLETED,RANDOMIZED,True,QUADRUPLE,4.0,True,True,PARALLEL,True,placebo/sham,True,1235.0,798.0,0.3538461538461538,False,True,True,True,True,False,7,True,YES,True,True
NCT05682859,2023.0,2021-2026,PHASE4,drug,2,40.0,OTHER,UNKNOWN,RANDOMIZED,True,DOUBLE,2.0,True,True,PARALLEL,False,placebo/sham,True,,,,,True,True,False,False,False,0,False,,False,
NCT07712536,2025.0,2021-2026,PHASE2,drug,2,24.0,INDUSTRY,COMPLETED,RANDOMIZED,True,QUADRUPLE,4.0,True,True,PARALLEL,False,none/single-group,False,,,,,False,True,False,False,False,0,False,,False,False
NCT03050294,2017.0,2016-2020,PHASE4,drug,4,24.0,OTHER,COMPLETED,RANDOMIZED,True,NONE,0.0,False,False,PARALLEL,False,active,True,24.0,24.0,0.0,True,True,True,True,True,False,0,False,NO,False,False
NCT00817063,2009.0,<=2015,PHASE3,drug,2,599.0,INDUSTRY,COMPLETED,RANDOMIZED,True,DOUBLE,2.0,True,True,PARALLEL,True,none/single-group,False,596.0,289.0,0.5151006711409396,False,True,True,False,True,False,1,True,YES,True,False
NCT02757729,2015.0,<=2015,PHASE2,drug,4,192.0,INDUSTRY,COMPLETED,RANDOMIZED,True,QUADRUPLE,4.0,True,True,PARALLEL,True,placebo/sham,True,,,,,False,True,True,False,False,0,False,NO,False,True
NCT07042113,2025.0,2021-2026,PHASE1,drug,2,180.0,INDUSTRY,NOT_YET_RECRUITING,RANDOMIZED,True,NONE,0.0,False,False,PARALLEL,True,none/single-group,False,,,,,False,True,False,False,False,0,False,NO,False,False
NCT03948334,2019.0,2016-2020,PHASE2,drug,2,123.0,INDUSTRY,TERMINATED,RANDOMIZED,True,DOUBLE,2.0,True,True,PARALLEL,True,none/single-group,False,123.0,0.0,1.0,False,False,True,False,True,False,0,False,YES,True,True
NCT05149313,2021.0,2021-2026,PHASE3,drug,2,331.0,INDUSTRY,COMPLETED,RANDOMIZED,True,QUADRUPLE,4.0,True,True,PARALLEL,True,placebo/sham,True,331.0,312.0,0.05740181268882172,True,True,True,False,True,False,0,False,NO,False,False
NCT05032859,2021.0,2021-2026,PHASE3,drug,2,406.0,INDUSTRY,COMPLETED,RANDOMIZED,True,QUADRUPLE,4.0,True,True,PARALLEL,True,placebo/sham,True,406.0,341.0,0.16009852216748766,True,True,True,False,True,True,5,True,NO,False,False
NCT00676884,2006.0,<=2015,PHASE2,drug,2,25.0,INDUSTRY,COMPLETED,RANDOMIZED,True,QUADRUPLE,4.0,True,True,PARALLEL,False,placebo/sham,True,,,,,False,True,False,False,False,0,False,,False,False
NCT06727552,2024.0,2021-2026,PHASE2,drug,4,131.0,INDUSTRY,ACTIVE_NOT_RECRUITING,RANDOMIZED,True,QUADRUPLE,4.0,True,True,PARALLEL,True,none/single-group,False,,,,,False,True,True,False,False,0,False,,False,True
NCT00146003,2005.0,<=2015,PHASE2,drug,0,10.0,OTHER,COMPLETED,NON_RANDOMIZED,False,NONE,0.0,False,False,SINGLE_GROUP,False,none/single-group,False,,,,,False,True,False,False,False,0,False,,False,False
NCT03663673,2018.0,2016-2020,PHASE1,drug,1,17.0,OTHER,COMPLETED,NA,False,NONE,0.0,False,False,SINGLE_GROUP,False,none/single-group,False,,,,,False,True,False,False,False,0,False,NO,False,False
NCT02914548,2016.0,2016-2020,PHASE2,drug,3,200.0,INDUSTRY,COMPLETED,RANDOMIZED,True,QUADRUPLE,4.0,True,True,PARALLEL,True,placebo/sham,True,200.0,145.0,0.275,False,False,True,True,True,False,0,False,,False,False
NCT03415282,2018.0,2016-2020,PHASE1,drug,1,24.0,INDUSTRY,UNKNOWN,NA,False,NONE,0.0,False,False,SINGLE_GROUP,False,none/single-group,False,,,,,False,True,False,False,False,0,False,UNDECIDED,False,False
NCT03345914,2017.0,2016-2020,PHASE3,drug,3,367.0,INDUSTRY,COMPLETED,RANDOMIZED,True,QUADRUPLE,4.0,True,True,PARALLEL,True,none/single-group,False,367.0,0.0,1.0,False,True,True,True,True,False,9,True,,False,True
NCT07309055,2026.0,2021-2026,PHASE3,drug,4,201.0,INDUSTRY,RECRUITING,RANDOMIZED,True,QUADRUPLE,4.0,True,True,PARALLEL,True,placebo/sham,True,,,,,True,True,True,False,False,0,False,UNDECIDED,False,
NCT02651714,2016.0,2016-2020,PHASE2,drug,2,168.0,INDUSTRY,COMPLETED,RANDOMIZED,True,QUADRUPLE,4.0,True,True,PARALLEL,True,placebo/sham,True,168.0,115.0,0.31547619047619047,False,False,True,False,True,False,0,False,,False,
NCT06173284,2024.0,2021-2026,PHASE3,drug,2,519.0,INDUSTRY,COMPLETED,RANDOMIZED,True,QUADRUPLE,4.0,True,True,PARALLEL,True,placebo/sham,True,,,,,True,True,False,False,False,0,False,NO,False,False
NCT00404196,2006.0,<=2015,PHASE2,drug,0,75.0,INDUSTRY,COMPLETED,RANDOMIZED,True,DOUBLE,2.0,True,True,PARALLEL,True,none/single-group,False,,,,,False,True,False,False,False,0,False,NO,False,
NCT00924508,2008.0,<=2015,NA,both,1,23.0,OTHER,TERMINATED,NON_RANDOMIZED,False,NONE,0.0,False,False,SINGLE_GROUP,False,none/single-group,False,23.0,20.0,0.13043478260869568,True,False,True,False,True,False,0,False,,False,False
NCT03563066,2018.0,2016-2020,PHASE2,drug,2,20.0,OTHER,COMPLETED,RANDOMIZED,True,QUADRUPLE,4.0,True,True,PARALLEL,False,placebo/sham,True,20.0,20.0,0.0,True,False,True,False,True,False,2,True,NO,False,False
NCT03754309,2018.0,2016-2020,PHASE2,drug,3,89.0,INDUSTRY,COMPLETED,RANDOMIZED,True,TRIPLE,3.0,True,True,PARALLEL,True,placebo/sham,True,,,,,False,True,True,False,False,0,False,YES,True,True
NCT03728504,2019.0,2016-2020,PHASE2,drug,3,97.0,INDUSTRY,COMPLETED,RANDOMIZED,True,QUADRUPLE,4.0,True,True,PARALLEL,True,placebo/sham,True,97.0,68.0,0.2989690721649485,False,False,True,True,True,False,1,True,UNDECIDED,False,True
NCT00180141,2005.0,<=2015,PHASE4,drug,0,24.0,OTHER,COMPLETED,RANDOMIZED,True,DOUBLE,2.0,True,True,PARALLEL,False,none/single-group,False,,,,,True,True,False,False,False,0,False,,False,False
NCT00535691,2003.0,<=2015,PHASE2,drug,2,53.0,INDUSTRY,COMPLETED,RANDOMIZED,True,DOUBLE,2.0,True,True,PARALLEL,True,active,True,,,,,False,True,False,False,False,0,False,,False,False
NCT06438263,2024.0,2021-2026,PHASE1,drug,2,231.0,INDUSTRY,COMPLETED,RANDOMIZED,True,NONE,0.0,False,False,PARALLEL,True,none/single-group,False,,,,,False,True,False,False,False,0,False,YES,True,
NCT01368315,,,PHASE1,drug,4,20.0,INDUSTRY,WITHDRAWN,RANDOMIZED,True,QUADRUPLE,4.0,True,True,SINGLE_GROUP,False,placebo/sham,True,,,,,False,False,True,False,False,0,False,,False,False
NCT06214481,2024.0,2021-2026,PHASE1,drug,1,20.0,INDUSTRY,COMPLETED,NA,False,NONE,0.0,False,False,SINGLE_GROUP,False,none/single-group,False,,,,,False,False,False,False,False,0,False,YES,True,False
NCT06193434,2024.0,2021-2026,PHASE1,drug,5,99.0,INDUSTRY,COMPLETED,RANDOMIZED,True,TRIPLE,3.0,True,True,PARALLEL,True,placebo/sham,True,,,,,False,True,True,False,False,0,False,NO,False,False
NCT07276620,2025.0,2021-2026,NA,drug,1,1000.0,OTHER,NOT_YET_RECRUITING,NA,False,NONE,0.0,False,False,SINGLE_GROUP,True,none/single-group,False,,,,,False,True,False,False,False,0,False,,False,
NCT02424253,2015.0,<=2015,PHASE2,drug,2,98.0,INDUSTRY,COMPLETED,RANDOMIZED,True,QUADRUPLE,4.0,True,True,PARALLEL,True,placebo/sham,True,98.0,78.0,0.20408163265306123,False,False,True,False,True,False,0,False,,False,False
NCT01772056,2009.0,<=2015,PHASE3,drug,2,54.0,OTHER,TERMINATED,RANDOMIZED,True,DOUBLE,2.0,True,True,PARALLEL,False,placebo/sham,True,,,,,True,False,False,False,False,0,False,,False,False
NCT03622463,2018.0,2016-2020,PHASE2,drug,3,14.0,INDUSTRY,COMPLETED,RANDOMIZED,True,QUADRUPLE,4.0,True,True,PARALLEL,False,placebo/sham,True,,,,,False,True,True,False,False,0,False,NO,False,False
NCT03556592,2018.0,2016-2020,PHASE1,drug,1,40.0,INDUSTRY,COMPLETED,NA,False,NONE,0.0,False,False,SINGLE_GROUP,True,none/single-group,False,,,,,False,True,False,False,False,0,False,NO,False,False
NCT03134352,2017.0,2016-2020,PHASE2,drug,3,290.0,INDUSTRY,COMPLETED,RANDOMIZED,True,TRIPLE,3.0,True,True,PARALLEL,True,placebo/sham,True,,,,,False,True,True,False,False,0,False,NO,False,
NCT05369403,2022.0,2021-2026,PHASE3,drug,3,86.0,INDUSTRY,COMPLETED,NA,False,NONE,0.0,False,False,SINGLE_GROUP,False,none/single-group,False,86.0,59.0,0.313953488372093,False,True,True,True,True,False,1,True,YES,True,False
NCT00139581,2004.0,<=2015,PHASE4,drug,2,,INDUSTRY,COMPLETED,RANDOMIZED,True,DOUBLE,2.0,True,True,PARALLEL,,none/single-group,False,,,,,True,True,False,False,False,0,False,,False,
NCT03050151,2017.0,2016-2020,PHASE1,both,4,176.0,INDUSTRY,COMPLETED,RANDOMIZED,True,NONE,0.0,False,False,PARALLEL,True,none/single-group,False,,,,,False,True,True,False,False,1,True,,False,False
NCT02094235,2014.0,<=2015,PHASE1;PHASE2,drug,3,62.0,INDUSTRY,COMPLETED,RANDOMIZED,True,DOUBLE,2.0,True,True,PARALLEL,True,placebo/sham,True,,,,,False,True,True,False,False,0,False,,False,False
NCT05409326,2022.0,2021-2026,PHASE1,drug,2,48.0,INDUSTRY,UNKNOWN,RANDOMIZED,True,QUADRUPLE,4.0,True,True,PARALLEL,True,placebo/sham,True,,,,,False,True,False,False,False,1,True,,False,
NCT05399368,2022.0,2021-2026,PHASE2,drug,4,229.0,INDUSTRY,TERMINATED,RANDOMIZED,True,TRIPLE,3.0,True,True,PARALLEL,True,placebo/sham,True,229.0,118.0,0.4847161572052402,False,False,True,True,True,False,0,False,NO,False,False
NCT07113366,2024.0,2021-2026,PHASE1,drug,3,30.0,OTHER,COMPLETED,RANDOMIZED,True,QUADRUPLE,4.0,True,True,PARALLEL,True,placebo/sham,True,,,,,False,True,True,False,False,0,False,UNDECIDED,False,
NCT06880276,2025.0,2021-2026,PHASE3,drug,3,360.0,INDUSTRY,RECRUITING,RANDOMIZED,True,QUADRUPLE,4.0,True,True,PARALLEL,True,placebo/sham,True,,,,,True,True,True,False,False,0,False,,False,
NCT07011706,2025.0,2021-2026,PHASE2,drug,2,110.0,INDUSTRY,ACTIVE_NOT_RECRUITING,RANDOMIZED,True,QUADRUPLE,4.0,True,True,PARALLEL,True,placebo/sham,True,,,,,False,True,False,False,False,0,False,NO,False,False
NCT00832585,2008.0,<=2015,PHASE4,drug,1,5.0,OTHER,COMPLETED,NA,False,NONE,0.0,False,False,SINGLE_GROUP,False,none/single-group,False,5.0,3.0,0.4,False,True,True,False,True,False,0,False,,False,False
NCT04686955,2021.0,2021-2026,PHASE3,drug,2,19.0,OTHER_GOV,COMPLETED,RANDOMIZED,True,TRIPLE,3.0,True,True,CROSSOVER,False,placebo/sham,True,,,,,True,True,False,False,False,0,False,NO,False,True
NCT01529320,2012.0,<=2015,PHASE1,drug,1,18.0,OTHER,COMPLETED,NA,False,SINGLE,1.0,True,False,SINGLE_GROUP,False,none/single-group,False,,,,,False,False,False,False,False,0,False,,False,False
NCT04927195,2021.0,2021-2026,PHASE1,drug,5,52.0,INDUSTRY,COMPLETED,RANDOMIZED,True,DOUBLE,2.0,True,True,PARALLEL,True,none/single-group,False,,,,,False,True,True,False,False,0,False,NO,False,False
NCT06884891,2025.0,2021-2026,PHASE3,drug,2,520.0,INDUSTRY,NOT_YET_RECRUITING,RANDOMIZED,True,QUADRUPLE,4.0,True,True,PARALLEL,True,active,True,,,,,True,True,False,False,False,0,False,,False,
NCT06790121,2025.0,2021-2026,PHASE2,drug,6,150.0,INDUSTRY,COMPLETED,RANDOMIZED,True,TRIPLE,3.0,True,True,PARALLEL,True,placebo/sham,True,,,,,False,True,True,False,False,0,False,YES,True,True
NCT04345367,2020.0,2016-2020,PHASE3,drug,2,727.0,INDUSTRY,COMPLETED,RANDOMIZED,True,QUADRUPLE,4.0,True,True,PARALLEL,True,active,True,727.0,661.0,0.0907840440165062,True,True,True,False,True,False,7,True,YES,True,True
NCT02677610,,,PHASE3,drug,2,0.0,INDUSTRY,WITHDRAWN,RANDOMIZED,True,TRIPLE,3.0,True,True,PARALLEL,False,placebo/sham,True,,,,,True,True,False,False,False,0,False,,False,False
NCT03568331,2018.0,2016-2020,PHASE3,drug,2,375.0,INDUSTRY,COMPLETED,RANDOMIZED,True,QUADRUPLE,4.0,True,True,PARALLEL,True,placebo/sham,True,375.0,286.0,0.23733333333333329,False,True,True,False,True,False,0,False,,False,
NCT06395948,2024.0,2021-2026,PHASE2,drug,6,470.0,INDUSTRY,ACTIVE_NOT_RECRUITING,RANDOMIZED,True,QUADRUPLE,4.0,True,True,PARALLEL,True,placebo/sham,True,,,,,False,True,True,False,False,1,True,NO,False,True
NCT00120523,2004.0,<=2015,PHASE3,drug,2,2418.0,INDUSTRY,COMPLETED,RANDOMIZED,True,NONE,0.0,False,False,PARALLEL,True,active,True,2418.0,1710.0,0.29280397022332505,False,True,True,False,True,False,1,True,NO,False,False
NCT01916980,2013.0,<=2015,PHASE3,drug,2,94.0,INDUSTRY,COMPLETED,NON_RANDOMIZED,False,NONE,0.0,False,False,SINGLE_GROUP,False,none/single-group,False,94.0,83.0,0.11702127659574468,True,True,True,False,True,True,0,False,NO,False,False
NCT04307862,2019.0,2016-2020,PHASE2,drug,3,165.0,INDUSTRY,UNKNOWN,RANDOMIZED,True,QUADRUPLE,4.0,True,True,PARALLEL,True,placebo/sham,True,,,,,False,True,True,False,False,0,False,,False,False
NCT04900948,2017.0,2016-2020,PHASE4,drug,2,108.0,OTHER_GOV,COMPLETED,NON_RANDOMIZED,False,NONE,0.0,False,False,PARALLEL,True,active,True,,,,,True,False,False,False,False,1,True,NO,False,False
NCT05268107,2023.0,2021-2026,PHASE4,drug,1,30.0,OTHER,RECRUITING,NA,False,NONE,0.0,False,False,SINGLE_GROUP,False,none/single-group,False,,,,,True,False,False,False,False,0,False,NO,False,
NCT06487000,2025.0,2021-2026,PHASE2,drug,3,150.0,INDUSTRY,NOT_YET_RECRUITING,RANDOMIZED,True,QUADRUPLE,4.0,True,True,PARALLEL,True,placebo/sham,True,,,,,False,True,True,False,False,0,False,,False,False
NCT04753034,2021.0,2021-2026,PHASE2,drug,2,63.0,INDUSTRY,COMPLETED,RANDOMIZED,True,DOUBLE,2.0,True,True,PARALLEL,True,placebo/sham,True,63.0,60.0,0.04761904761904767,True,False,True,False,True,False,0,False,,False,
NCT05375929,2022.0,2021-2026,PHASE3,drug,2,200.0,INDUSTRY,COMPLETED,RANDOMIZED,True,NONE,0.0,False,False,PARALLEL,True,none/single-group,False,200.0,185.0,0.07499999999999996,True,True,True,False,True,False,0,False,YES,True,False
NCT03824405,2019.0,2016-2020,PHASE2,drug,2,200.0,INDUSTRY,COMPLETED,RANDOMIZED,True,QUADRUPLE,4.0,True,True,PARALLEL,True,placebo/sham,True,200.0,120.0,0.4,False,False,True,False,True,False,0,False,NO,False,False
NCT00442091,2010.0,<=2015,NA,drug,1,4.0,OTHER,COMPLETED,NA,False,NONE,0.0,False,False,SINGLE_GROUP,False,none/single-group,False,,,,,False,True,False,False,False,0,False,NO,False,False
NCT05995964,2023.0,2021-2026,PHASE2,drug,14,340.0,INDUSTRY,RECRUITING,RANDOMIZED,True,QUADRUPLE,4.0,True,True,PARALLEL,True,none/single-group,False,,,,,False,True,True,False,False,0,False,YES,True,True
NCT01122914,2010.0,<=2015,PHASE1,drug,0,1.0,NIH,TERMINATED,NON_RANDOMIZED,False,NONE,0.0,False,False,SINGLE_GROUP,False,none/single-group,False,,,,,False,True,False,False,False,0,False,,False,
NCT03587805,2018.0,2016-2020,PHASE3,drug,1,1672.0,INDUSTRY,COMPLETED,NA,False,NONE,0.0,False,False,SINGLE_GROUP,True,none/single-group,False,1672.0,1143.0,0.31638755980861244,False,True,True,False,True,False,4,True,NO,False,False
NCT06055374,2024.0,2021-2026,PHASE1,drug,2,0.0,INDUSTRY,WITHDRAWN,RANDOMIZED,True,QUADRUPLE,4.0,True,True,PARALLEL,False,placebo/sham,True,,,,,False,True,False,False,False,0,False,NO,False,True
NCT02739009,2016.0,2016-2020,PHASE1,drug,4,81.0,INDUSTRY,COMPLETED,RANDOMIZED,True,QUADRUPLE,4.0,True,True,PARALLEL,True,placebo/sham,True,,,,,False,True,True,False,False,0,False,,False,False
NCT02950922,2016.0,2016-2020,PHASE2,drug,3,157.0,INDUSTRY,COMPLETED,RANDOMIZED,True,QUADRUPLE,4.0,True,True,PARALLEL,True,placebo/sham,True,,,,,False,True,True,False,False,0,False,UNDECIDED,False,False
NCT03356977,2018.0,2016-2020,PHASE4,drug,1,137.0,INDUSTRY,COMPLETED,NA,False,NONE,0.0,False,False,SINGLE_GROUP,True,none/single-group,False,137.0,132.0,0.03649635036496346,True,True,True,False,True,False,1,True,YES,True,True
NCT01602341,2012.0,<=2015,PHASE2,drug,2,86.0,INDUSTRY,COMPLETED,RANDOMIZED,True,QUADRUPLE,4.0,True,True,PARALLEL,True,none/single-group,False,86.0,85.0,0.011627906976744207,True,False,True,False,True,False,0,False,,False,False
NCT03058783,2018.0,2016-2020,PHASE3,drug,2,328.0,INDUSTRY,COMPLETED,RANDOMIZED,True,QUADRUPLE,4.0,True,True,PARALLEL,True,active,True,326.0,260.0,0.2024539877300614,False,True,True,False,True,False,0,False,YES,True,True
NCT03464526,2018.0,2016-2020,PHASE2,drug,4,0.0,INDUSTRY,WITHDRAWN,RANDOMIZED,True,QUADRUPLE,4.0,True,True,PARALLEL,False,placebo/sham,True,,,,,False,True,True,False,False,0,False,NO,False,False
NCT01631617,2012.0,<=2015,PHASE2,drug,10,130.0,NIH,RECRUITING,RANDOMIZED,True,SINGLE,1.0,True,False,PARALLEL,True,placebo/sham,True,,,,,False,True,True,False,False,0,False,,False,
NCT03431610,2017.0,2016-2020,PHASE1,drug,3,48.0,INDUSTRY,COMPLETED,RANDOMIZED,True,DOUBLE,2.0,True,True,PARALLEL,True,placebo/sham,True,,,,,False,True,True,False,False,1,True,,False,False
NCT00185510,2005.0,<=2015,PHASE4,drug,2,250.0,INDUSTRY,COMPLETED,RANDOMIZED,True,QUADRUPLE,4.0,True,True,PARALLEL,True,placebo/sham,True,,,,,True,True,False,False,False,0,False,,False,False
NCT02210780,2014.0,<=2015,PHASE2,drug,2,194.0,INDUSTRY,COMPLETED,RANDOMIZED,True,TRIPLE,3.0,True,True,PARALLEL,True,none/single-group,False,194.0,181.0,0.0670103092783505,True,False,True,False,True,False,1,True,,False,True
NCT06390722,2024.0,2021-2026,PHASE3,drug,2,0.0,INDUSTRY,WITHDRAWN,RANDOMIZED,True,TRIPLE,3.0,True,True,SEQUENTIAL,False,placebo/sham,True,,,,,True,True,False,False,False,0,False,YES,True,False
NCT04927572,2021.0,2021-2026,PHASE1;PHASE2,drug,2,21.0,INDUSTRY,COMPLETED,RANDOMIZED,True,DOUBLE,2.0,True,True,PARALLEL,False,placebo/sham,True,,,,,False,True,False,False,False,0,False,NO,False,True
NCT03832010,2019.0,2016-2020,PHASE4,drug,3,24.0,OTHER,COMPLETED,RANDOMIZED,True,TRIPLE,3.0,True,True,PARALLEL,False,placebo/sham,True,24.0,17.0,0.29166666666666663,False,True,True,True,True,False,0,False,NO,False,
NCT05997927,2023.0,2021-2026,PHASE2,drug,4,149.0,INDUSTRY,COMPLETED,RANDOMIZED,True,DOUBLE,2.0,True,True,SEQUENTIAL,True,placebo/sham,True,,,,,False,True,True,False,False,0,False,,False,
NCT00124709,2003.0,<=2015,PHASE4,drug,2,1091.0,INDUSTRY,TERMINATED,RANDOMIZED,True,DOUBLE,2.0,True,True,PARALLEL,True,active,True,1091.0,564.0,0.4830430797433547,False,True,True,False,True,False,1,True,,False,
NCT07693738,2026.0,2021-2026,PHASE1,drug,2,96.0,INDUSTRY,RECRUITING,RANDOMIZED,True,DOUBLE,2.0,True,True,PARALLEL,True,placebo/sham,True,,,,,False,True,False,False,False,0,False,NO,False,False
NCT06552520,2024.0,2021-2026,PHASE3,drug,2,500.0,INDUSTRY,ACTIVE_NOT_RECRUITING,RANDOMIZED,True,QUADRUPLE,4.0,True,True,PARALLEL,True,placebo/sham,True,,,,,True,True,False,False,False,0,False,,False,
NCT03738397,2019.0,2016-2020,PHASE3,drug,2,673.0,INDUSTRY,COMPLETED,RANDOMIZED,True,QUADRUPLE,4.0,True,True,PARALLEL,True,none/single-group,False,673.0,620.0,0.07875185735512635,True,True,True,False,True,True,3,True,YES,True,True
NCT03861455,2019.0,2016-2020,PHASE2,drug,2,94.0,OTHER,COMPLETED,RANDOMIZED,True,DOUBLE,2.0,True,True,PARALLEL,True,placebo/sham,True,,,,,False,True,False,False,False,0,False,NO,False,False
NCT06982352,2025.0,2021-2026,PHASE1,drug,2,48.0,INDUSTRY,RECRUITING,RANDOMIZED,True,TRIPLE,3.0,True,True,PARALLEL,True,none/single-group,False,,,,,False,True,False,False,False,0,False,,False,
NCT03676036,2015.0,<=2015,PHASE2,drug,2,42.0,INDUSTRY,COMPLETED,RANDOMIZED,True,SINGLE,1.0,True,False,PARALLEL,False,placebo/sham,True,,,,,False,True,False,False,False,0,False,,False,False
NCT06024499,2024.0,2021-2026,PHASE2,drug,3,210.0,INDUSTRY,COMPLETED,RANDOMIZED,True,QUADRUPLE,4.0,True,True,PARALLEL,True,placebo/sham,True,,,,,False,True,True,False,False,0,False,UNDECIDED,False,True
NCT03018691,2017.0,2016-2020,PHASE2,drug,3,73.0,INDUSTRY,COMPLETED,RANDOMIZED,True,QUADRUPLE,4.0,True,True,PARALLEL,True,placebo/sham,True,73.0,63.0,0.136986301369863,True,False,True,True,True,False,0,False,,False,False
NCT04056130,2019.0,2016-2020,PHASE1,drug,4,36.0,INDUSTRY,COMPLETED,RANDOMIZED,True,DOUBLE,2.0,True,True,PARALLEL,True,none/single-group,False,,,,,False,True,True,False,False,0,False,NO,False,True
NCT05717920,2023.0,2021-2026,PHASE2,drug,1,8.0,INDUSTRY,COMPLETED,NA,False,NONE,0.0,False,False,SINGLE_GROUP,False,none/single-group,False,,,,,False,True,False,False,False,0,False,NO,False,False
NCT03054428,2017.0,2016-2020,PHASE3,drug,3,251.0,INDUSTRY,COMPLETED,RANDOMIZED,True,QUADRUPLE,4.0,True,True,PARALLEL,True,none/single-group,False,251.0,9.0,0.9641434262948207,False,True,True,True,True,False,13,True,,False,True
NCT01779258,2013.0,<=2015,PHASE3,both,3,347.0,INDUSTRY,COMPLETED,RANDOMIZED,True,NONE,0.0,False,False,PARALLEL,True,none/single-group,False,,,,,True,True,True,False,False,0,False,,False,False
NCT02465606,2015.0,<=2015,PHASE2,drug,2,55.0,INDUSTRY,COMPLETED,RANDOMIZED,True,NONE,0.0,False,False,PARALLEL,True,active,True,,,,,False,True,False,False,False,0,False,,False,
NCT02908698,2017.0,2016-2020,NA,drug,2,16.0,OTHER,TERMINATED,RANDOMIZED,True,QUADRUPLE,4.0,True,True,PARALLEL,False,placebo/sham,True,,,,,False,False,False,False,False,0,False,YES,True,False
NCT06407934,2024.0,2021-2026,PHASE3,drug,3,1541.0,INDUSTRY,ACTIVE_NOT_RECRUITING,RANDOMIZED,True,QUADRUPLE,4.0,True,True,PARALLEL,True,placebo/sham,True,,,,,True,True,True,False,False,0,False,YES,True,True
NCT00654355,2008.0,<=2015,PHASE4,drug,1,30.0,OTHER,COMPLETED,NA,False,NONE,0.0,False,False,SINGLE_GROUP,False,none/single-group,False,30.0,26.0,0.1333333333333333,True,True,True,False,True,False,0,False,NO,False,False
NCT05891119,2023.0,2021-2026,EARLY_PHASE1,drug,1,21.0,INDUSTRY,COMPLETED,NA,False,NONE,0.0,False,False,SINGLE_GROUP,False,none/single-group,False,,,,,False,False,False,False,False,0,False,YES,True,False
NCT00919763,2009.0,<=2015,PHASE2,drug,2,102.0,INDUSTRY,COMPLETED,RANDOMIZED,True,QUADRUPLE,4.0,True,True,PARALLEL,True,placebo/sham,True,102.0,86.0,0.1568627450980392,True,False,True,False,True,False,0,False,,False,False
NCT06565117,2021.0,2021-2026,NA,drug,3,120.0,OTHER,COMPLETED,RANDOMIZED,True,SINGLE,1.0,True,False,PARALLEL,True,no-intervention,True,,,,,False,True,True,False,False,0,False,NO,False,
NCT02975206,2016.0,2016-2020,PHASE2,drug,3,484.0,INDUSTRY,COMPLETED,RANDOMIZED,True,QUADRUPLE,4.0,True,True,PARALLEL,True,placebo/sham,True,484.0,423.0,0.12603305785123964,True,False,True,True,True,False,0,False,,False,True
NCT02780167,2016.0,2016-2020,PHASE2,drug,5,269.0,INDUSTRY,COMPLETED,RANDOMIZED,True,TRIPLE,3.0,True,True,PARALLEL,True,placebo/sham,True,267.0,157.0,0.41198501872659177,False,False,True,True,True,False,13,True,YES,True,False
NCT03540160,2018.0,2016-2020,PHASE3,drug,1,558.0,INDUSTRY,TERMINATED,NA,False,NONE,0.0,False,False,SINGLE_GROUP,True,none/single-group,False,558.0,179.0,0.6792114695340502,False,True,True,False,True,False,0,False,,False,False
NCT07540442,2026.0,2021-2026,PHASE3,drug,2,180.0,INDUSTRY,NOT_YET_RECRUITING,RANDOMIZED,True,QUADRUPLE,4.0,True,True,PARALLEL,True,placebo/sham,True,,,,,True,True,False,False,False,0,False,,False,
NCT00838708,2009.0,<=2015,PHASE2,drug,2,62.0,INDUSTRY,COMPLETED,RANDOMIZED,True,QUADRUPLE,4.0,True,True,CROSSOVER,True,placebo/sham,True,,,,,False,True,False,False,False,0,False,,False,False
NCT02583022,2013.0,<=2015,PHASE2,drug,3,74.0,INDUSTRY,COMPLETED,RANDOMIZED,True,NONE,0.0,False,False,PARALLEL,True,placebo/sham,True,,,,,False,True,True,False,False,0,False,,False,True
NCT00576238,2004.0,<=2015,PHASE3,drug,4,55.0,INDUSTRY,COMPLETED,RANDOMIZED,True,TRIPLE,3.0,True,True,PARALLEL,False,active,True,,,,,True,True,True,False,False,0,False,,False,False
NCT04325802,2022.0,2021-2026,PHASE2,drug,3,0.0,OTHER,WITHDRAWN,RANDOMIZED,True,QUADRUPLE,4.0,True,True,CROSSOVER,False,active,True,,,,,False,True,True,False,False,0,False,UNDECIDED,False,True
NCT04100642,2019.0,2016-2020,PHASE1,drug,6,42.0,INDUSTRY,COMPLETED,RANDOMIZED,True,TRIPLE,3.0,True,True,SEQUENTIAL,True,placebo/sham,True,,,,,False,True,True,False,False,0,False,,False,False
NCT02537509,2015.0,<=2015,PHASE2,drug,2,111.0,OTHER,COMPLETED,RANDOMIZED,True,DOUBLE,2.0,True,True,PARALLEL,True,placebo/sham,True,,,,,False,True,False,False,False,1,True,,False,False
NCT02732314,2016.0,2016-2020,PHASE4,drug,4,53.0,INDUSTRY,COMPLETED,RANDOMIZED,True,TRIPLE,3.0,True,True,PARALLEL,False,placebo/sham,True,,,,,True,True,True,False,False,0,False,NO,False,False
NCT03667014,2018.0,2016-2020,PHASE4,drug,1,34.0,OTHER,COMPLETED,NA,False,NONE,0.0,False,False,SINGLE_GROUP,False,none/single-group,False,34.0,24.0,0.2941176470588235,False,True,True,False,True,False,1,True,NO,False,
NCT07367932,2026.0,2021-2026,PHASE4,drug,2,30.0,OTHER,NOT_YET_RECRUITING,RANDOMIZED,True,NONE,0.0,False,False,PARALLEL,False,active,True,,,,,True,True,False,False,False,0,False,,False,
NCT05935085,2023.0,2021-2026,PHASE2,drug,4,201.0,INDUSTRY,TERMINATED,RANDOMIZED,True,QUADRUPLE,4.0,True,True,PARALLEL,True,placebo/sham,True,,,,,False,True,True,False,False,0,False,NO,False,False
NCT02517957,2015.0,<=2015,PHASE2,drug,3,342.0,OTHER,UNKNOWN,RANDOMIZED,True,DOUBLE,2.0,True,True,PARALLEL,True,active,True,,,,,False,True,True,False,False,0,False,,False,True
NCT05656911,2022.0,2021-2026,PHASE2,drug,2,77.0,INDUSTRY,COMPLETED,RANDOMIZED,True,QUADRUPLE,4.0,True,True,PARALLEL,True,placebo/sham,True,77.0,55.0,0.2857142857142857,False,False,True,False,True,False,1,True,NO,False,False
NCT03540043,2017.0,2016-2020,PHASE2,drug,4,162.0,INDUSTRY,COMPLETED,RANDOMIZED,True,QUADRUPLE,4.0,True,True,PARALLEL,True,placebo/sham,True,,,,,False,True,True,False,False,0,False,NO,False,False
NCT05650320,2023.0,2021-2026,PHASE3,drug,3,240.0,INDUSTRY,COMPLETED,RANDOMIZED,True,DOUBLE,2.0,True,True,PARALLEL,True,placebo/sham,True,,,,,True,True,True,False,False,0,False,NO,False,False
NCT04949841,2021.0,2021-2026,PHASE3,drug,1,801.0,INDUSTRY,COMPLETED,NA,False,NONE,0.0,False,False,SINGLE_GROUP,True,none/single-group,False,801.0,664.0,0.1710362047440699,True,True,True,False,True,False,1,True,NO,False,False
NCT02925793,2016.0,2016-2020,PHASE2,drug,3,327.0,INDUSTRY,COMPLETED,RANDOMIZED,True,DOUBLE,2.0,True,True,PARALLEL,True,placebo/sham,True,327.0,245.0,0.25076452599388377,False,False,True,True,True,False,0,False,,False,False
NCT03131648,2017.0,2016-2020,PHASE3,drug,8,802.0,INDUSTRY,COMPLETED,RANDOMIZED,True,DOUBLE,2.0,True,True,PARALLEL,True,placebo/sham,True,802.0,729.0,0.09102244389027436,True,True,True,True,True,False,9,True,NO,False,True
NCT03542994,2019.0,2016-2020,PHASE1,drug,9,114.0,INDUSTRY,COMPLETED,RANDOMIZED,True,DOUBLE,2.0,True,True,SEQUENTIAL,True,none/single-group,False,,,,,False,True,True,False,False,0,False,,False,True
NCT00445081,2007.0,<=2015,PHASE4,drug,2,66.0,OTHER,COMPLETED,RANDOMIZED,True,DOUBLE,2.0,True,True,PARALLEL,False,active,True,,,,,True,True,False,False,False,1,True,,False,True
NCT05405985,2022.0,2021-2026,PHASE1,drug,2,192.0,INDUSTRY,COMPLETED,RANDOMIZED,True,NONE,0.0,False,False,PARALLEL,True,none/single-group,False,192.0,191.0,0.00520833333333337,True,False,True,False,True,False,0,False,,False,
NCT00309621,2006.0,<=2015,PHASE3,drug,0,250.0,INDUSTRY,COMPLETED,NON_RANDOMIZED,False,NONE,0.0,False,False,SINGLE_GROUP,True,none/single-group,False,,,,,True,True,False,False,False,1,True,,False,
NCT06119529,2023.0,2021-2026,PHASE1,drug,4,18.0,INDUSTRY,TERMINATED,RANDOMIZED,True,DOUBLE,2.0,True,True,PARALLEL,False,placebo/sham,True,18.0,18.0,0.0,True,False,False,True,True,False,0,False,NO,False,False
NCT02176551,2012.0,<=2015,PHASE3,drug,2,0.0,INDUSTRY,WITHDRAWN,RANDOMIZED,True,QUADRUPLE,4.0,True,True,PARALLEL,False,placebo/sham,True,,,,,True,True,False,False,False,0,False,,False,False
NCT03710044,2019.0,2016-2020,PHASE4,drug,1,0.0,INDUSTRY,WITHDRAWN,NA,False,NONE,0.0,False,False,SINGLE_GROUP,False,none/single-group,False,,,,,True,False,False,False,False,0,False,NO,False,False
NCT00996008,2009.0,<=2015,PHASE2,drug,2,15.0,INDUSTRY,TERMINATED,RANDOMIZED,True,TRIPLE,3.0,True,True,PARALLEL,False,placebo/sham,True,,,,,False,True,False,False,False,0,False,,False,False
NCT01996748,2012.0,<=2015,PHASE3,drug,2,135.0,INDUSTRY,COMPLETED,RANDOMIZED,True,DOUBLE,2.0,True,True,PARALLEL,True,placebo/sham,True,135.0,121.0,0.10370370370370374,True,True,True,False,True,False,0,False,,False,False
NCT00817076,2003.0,<=2015,PHASE3,drug,1,40.0,INDUSTRY,COMPLETED,NA,False,NONE,0.0,False,False,SINGLE_GROUP,False,none/single-group,False,,,,,True,True,False,False,False,0,False,,False,False
NCT05056779,2023.0,2021-2026,PHASE3,drug,2,0.0,INDUSTRY,WITHDRAWN,RANDOMIZED,True,TRIPLE,3.0,True,True,PARALLEL,False,none/single-group,False,,,,,True,True,False,False,False,0,False,,False,True
NCT00914186,2009.0,<=2015,PHASE2,drug,4,122.0,INDUSTRY,COMPLETED,RANDOMIZED,True,TRIPLE,3.0,True,True,PARALLEL,True,placebo/sham,True,122.0,105.0,0.139344262295082,True,False,True,True,True,False,0,False,,False,False
NCT02277769,2014.0,<=2015,PHASE3,drug,3,708.0,INDUSTRY,COMPLETED,RANDOMIZED,True,TRIPLE,3.0,True,True,PARALLEL,True,placebo/sham,True,708.0,631.0,0.10875706214689262,True,True,True,True,True,True,17,True,,False,True
NCT04018131,2018.0,2016-2020,PHASE3,drug,2,26.0,OTHER,UNKNOWN,RANDOMIZED,True,QUADRUPLE,4.0,True,True,PARALLEL,False,placebo/sham,True,,,,,True,True,False,False,False,1,True,NO,False,False
NCT02595073,2015.0,<=2015,PHASE3,drug,2,124.0,INDUSTRY,COMPLETED,RANDOMIZED,True,QUADRUPLE,4.0,True,True,PARALLEL,True,placebo/sham,True,124.0,121.0,0.024193548387096753,True,True,True,False,True,False,0,False,NO,False,False
NCT01232543,2010.0,<=2015,PHASE2,drug,1,114.0,INDUSTRY,COMPLETED,NA,False,NONE,0.0,False,False,SINGLE_GROUP,True,none/single-group,False,,,,,False,True,False,False,False,0,False,,False,False
NCT01828879,2007.0,<=2015,PHASE4,drug,1,74.0,INDUSTRY,COMPLETED,NA,False,NONE,0.0,False,False,SINGLE_GROUP,False,none/single-group,False,,,,,True,True,False,False,False,0,False,,False,False
NCT04419584,2020.0,2016-2020,PHASE2;PHASE3,drug,2,64.0,OTHER,UNKNOWN,RANDOMIZED,True,QUADRUPLE,4.0,True,True,PARALLEL,False,placebo/sham,True,,,,,True,True,False,False,False,0,False,NO,False,
NCT00890968,2009.0,<=2015,PHASE2,drug,2,56.0,INDUSTRY,COMPLETED,RANDOMIZED,True,DOUBLE,2.0,True,True,PARALLEL,True,placebo/sham,True,,,,,False,True,False,False,False,0,False,,False,False
NCT06366932,2023.0,2021-2026,PHASE4,drug,2,150.0,OTHER,UNKNOWN,NON_RANDOMIZED,False,NONE,0.0,False,False,PARALLEL,True,none/single-group,False,,,,,True,True,False,False,False,0,False,NO,False,True
NCT02286700,2014.0,<=2015,PHASE3,drug,2,42.0,INDUSTRY,UNKNOWN,RANDOMIZED,True,DOUBLE,2.0,True,True,PARALLEL,False,active,True,,,,,True,True,False,False,False,0,False,,False,False
NCT00806221,2006.0,<=2015,PHASE2,drug,1,22.0,OTHER,COMPLETED,NA,False,NONE,0.0,False,False,SINGLE_GROUP,False,none/single-group,False,22.0,20.0,0.09090909090909094,True,False,False,False,True,False,0,False,,False,False
NCT03245385,2017.0,2016-2020,PHASE2,drug,1,20.0,INDUSTRY,TERMINATED,NA,False,NONE,0.0,False,False,SINGLE_GROUP,False,none/single-group,False,,,,,False,True,False,False,False,0,False,,False,False
NCT05388760,2022.0,2021-2026,PHASE2,drug,2,28.0,INDUSTRY,COMPLETED,RANDOMIZED,True,SINGLE,1.0,True,False,PARALLEL,False,none/single-group,False,,,,,False,True,False,False,False,0,False,NO,False,True
NCT04194814,2020.0,2016-2020,PHASE2,drug,1,37.0,OTHER,COMPLETED,NA,False,NONE,0.0,False,False,SINGLE_GROUP,False,none/single-group,False,37.0,32.0,0.1351351351351351,True,False,False,False,True,False,0,False,NO,False,False
NCT00559546,2007.0,<=2015,PHASE4,drug,2,61.0,OTHER,COMPLETED,RANDOMIZED,True,DOUBLE,2.0,True,True,CROSSOVER,False,active,True,,,,,True,True,False,False,False,1,True,,False,False
NCT00560378,1998.0,<=2015,PHASE3,drug,1,789.0,INDUSTRY,COMPLETED,NON_RANDOMIZED,False,NONE,0.0,False,False,SINGLE_GROUP,True,none/single-group,False,,,,,True,True,False,False,False,0,False,,False,True
NCT01093469,2009.0,<=2015,PHASE4,drug,3,39.0,OTHER,COMPLETED,RANDOMIZED,True,SINGLE,1.0,True,False,PARALLEL,False,active,True,39.0,38.0,0.02564102564102566,True,True,True,True,True,False,1,True,NO,False,False
NCT06923228,2025.0,2021-2026,PHASE2,drug,2,3.0,INDUSTRY,COMPLETED,NON_RANDOMIZED,False,SINGLE,1.0,True,False,PARALLEL,False,active,True,,,,,False,True,False,False,False,0,False,NO,False,False
NCT05398445,2022.0,2021-2026,PHASE3,drug,3,769.0,INDUSTRY,COMPLETED,RANDOMIZED,True,DOUBLE,2.0,True,True,PARALLEL,True,placebo/sham,True,,,,,True,True,True,False,False,1,True,YES,True,True
NCT06947993,2025.0,2021-2026,PHASE2,drug,5,224.0,INDUSTRY,RECRUITING,RANDOMIZED,True,QUADRUPLE,4.0,True,True,PARALLEL,True,placebo/sham,True,,,,,False,True,True,False,False,0,False,YES,True,True
NCT02219633,2014.0,<=2015,PHASE1,drug,2,30.0,INDUSTRY,COMPLETED,RANDOMIZED,True,QUADRUPLE,4.0,True,True,PARALLEL,True,placebo/sham,True,,,,,False,True,False,False,False,0,False,NO,False,False
NCT01320579,2011.0,<=2015,PHASE2,drug,4,159.0,INDUSTRY,COMPLETED,RANDOMIZED,True,DOUBLE,2.0,True,True,PARALLEL,True,placebo/sham,True,,,,,False,True,True,False,False,1,True,,False,False
NCT05219864,2023.0,2021-2026,PHASE3,drug,2,0.0,INDUSTRY,WITHDRAWN,RANDOMIZED,True,TRIPLE,3.0,True,True,PARALLEL,False,placebo/sham,True,,,,,True,True,False,False,False,0,False,NO,False,False
NCT02900131,2016.0,2016-2020,PHASE2,drug,3,34.0,OTHER,COMPLETED,RANDOMIZED,True,QUADRUPLE,4.0,True,True,PARALLEL,False,placebo/sham,True,,,,,False,True,True,False,False,1,True,UNDECIDED,False,True
NCT01098734,2009.0,<=2015,PHASE2,drug,3,148.0,INDUSTRY,COMPLETED,RANDOMIZED,True,TRIPLE,3.0,True,True,CROSSOVER,True,placebo/sham,True,,,,,False,True,True,False,False,0,False,,False,True
NCT06775860,2024.0,2021-2026,PHASE3,drug,2,552.0,INDUSTRY,RECRUITING,RANDOMIZED,True,QUADRUPLE,4.0,True,True,PARALLEL,True,placebo/sham,True,,,,,True,True,False,False,False,0,False,,False,False
NCT04539639,2020.0,2016-2020,PHASE2,drug,4,166.0,INDUSTRY,COMPLETED,RANDOMIZED,True,DOUBLE,2.0,True,True,PARALLEL,True,placebo/sham,True,,,,,False,True,True,False,False,0,False,NO,False,False
NCT02211417,2015.0,<=2015,PHASE2,drug,2,102.0,INDUSTRY,COMPLETED,RANDOMIZED,True,QUADRUPLE,4.0,True,True,PARALLEL,True,placebo/sham,True,102.0,71.0,0.303921568627451,False,False,True,False,True,False,0,False,,False,False
NCT01673529,2012.0,<=2015,PHASE1,drug,1,16.0,INDUSTRY,COMPLETED,RANDOMIZED,True,QUADRUPLE,4.0,True,True,SINGLE_GROUP,False,none/single-group,False,,,,,False,True,False,False,False,1,True,YES,True,
NCT03568136,2018.0,2016-2020,PHASE2,drug,2,22.0,OTHER,COMPLETED,RANDOMIZED,True,DOUBLE,2.0,True,True,PARALLEL,False,placebo/sham,True,,,,,False,True,False,False,False,0,False,NO,False,False
NCT05215808,2022.0,2021-2026,PHASE1,drug,4,72.0,INDUSTRY,UNKNOWN,RANDOMIZED,True,TRIPLE,3.0,True,True,SEQUENTIAL,True,active,True,,,,,False,True,True,False,False,0,False,NO,False,False
NCT03315611,2017.0,2016-2020,NA,drug,3,23.0,OTHER,COMPLETED,RANDOMIZED,True,SINGLE,1.0,True,False,PARALLEL,False,active,True,,,,,False,True,True,False,False,0,False,,False,False
NCT00179959,2005.0,<=2015,PHASE4,drug,2,31.0,OTHER,COMPLETED,RANDOMIZED,True,DOUBLE,2.0,True,True,PARALLEL,False,placebo/sham,True,31.0,22.0,0.29032258064516125,False,True,True,False,True,True,0,False,,False,False
NCT00076375,2003.0,<=2015,PHASE2,drug,0,180.0,INDUSTRY,COMPLETED,RANDOMIZED,True,DOUBLE,2.0,True,True,PARALLEL,True,none/single-group,False,,,,,False,True,False,False,False,0,False,,False,
NCT01548404,2012.0,<=2015,PHASE2,drug,2,109.0,INDUSTRY,COMPLETED,RANDOMIZED,True,TRIPLE,3.0,True,True,PARALLEL,True,placebo/sham,True,109.0,65.0,0.4036697247706422,False,False,True,False,True,True,1,True,,False,True
NCT01385527,2011.0,<=2015,NA,drug,2,0.0,OTHER,WITHDRAWN,RANDOMIZED,True,TRIPLE,3.0,True,True,PARALLEL,False,active,True,,,,,False,False,False,False,False,0,False,NO,False,False
NCT02289989,2014.0,<=2015,NA,drug,2,1.0,OTHER,TERMINATED,RANDOMIZED,True,QUADRUPLE,4.0,True,True,SINGLE_GROUP,False,active,True,1.0,1.0,0.0,True,False,True,False,True,False,0,False,UNDECIDED,False,False
NCT06947980,2025.0,2021-2026,PHASE2,drug,5,200.0,INDUSTRY,RECRUITING,RANDOMIZED,True,TRIPLE,3.0,True,True,PARALLEL,True,placebo/sham,True,,,,,False,True,True,False,False,0,False,NO,False,
NCT04895423,2021.0,2021-2026,PHASE4,drug,4,160.0,OTHER_GOV,UNKNOWN,NON_RANDOMIZED,False,SINGLE,1.0,True,False,PARALLEL,True,none/single-group,False,,,,,True,True,True,False,False,0,False,UNDECIDED,False,False
NCT05372419,2023.0,2021-2026,PHASE3,drug,3,90.0,INDUSTRY,COMPLETED,NA,False,NONE,0.0,False,False,SINGLE_GROUP,False,none/single-group,False,90.0,77.0,0.1444444444444445,True,True,True,True,True,False,1,True,YES,True,False
NCT01568489,2012.0,<=2015,PHASE2,drug,4,120.0,INDUSTRY,COMPLETED,RANDOMIZED,True,DOUBLE,2.0,True,True,PARALLEL,True,placebo/sham,True,,,,,False,True,True,False,False,0,False,,False,False
NCT04214197,2020.0,2016-2020,PHASE4,drug,1,150.0,OTHER,UNKNOWN,NA,False,NONE,0.0,False,False,SINGLE_GROUP,True,none/single-group,False,,,,,True,True,False,False,False,0,False,NO,False,False
NCT01941537,2013.0,<=2015,PHASE2,drug,2,60.0,OTHER,COMPLETED,RANDOMIZED,True,TRIPLE,3.0,True,True,PARALLEL,True,placebo/sham,True,60.0,53.0,0.1166666666666667,True,False,True,False,True,False,0,False,NO,False,True
NCT03160885,2017.0,2016-2020,PHASE3,drug,7,794.0,INDUSTRY,COMPLETED,RANDOMIZED,True,DOUBLE,2.0,True,True,PARALLEL,True,placebo/sham,True,794.0,737.0,0.0717884130982368,True,True,True,True,True,False,7,True,NO,False,True
NCT00148746,2004.0,<=2015,NA,drug,0,,OTHER,COMPLETED,RANDOMIZED,True,SINGLE,1.0,True,False,PARALLEL,,none/single-group,False,,,,,False,True,False,False,False,1,True,,False,
NCT00267826,2005.0,<=2015,NA,drug,1,6.0,OTHER,COMPLETED,NON_RANDOMIZED,False,NONE,0.0,False,False,SINGLE_GROUP,False,none/single-group,False,,,,,False,True,False,False,True,0,False,,False,False
NCT05578482,2022.0,2021-2026,PHASE4,drug,2,45.0,OTHER,UNKNOWN,RANDOMIZED,True,DOUBLE,2.0,True,True,PARALLEL,False,placebo/sham,True,,,,,True,True,False,False,False,1,True,NO,False,True
NCT03395132,2018.0,2016-2020,PHASE3,drug,3,68.0,INDUSTRY,TERMINATED,RANDOMIZED,True,SINGLE,1.0,True,False,PARALLEL,False,placebo/sham,True,,,,,True,True,True,False,False,0,False,NO,False,True
NCT00356642,2005.0,<=2015,PHASE1,drug,4,45.0,INDUSTRY,COMPLETED,RANDOMIZED,True,,,False,False,PARALLEL,True,none/single-group,False,,,,,False,True,True,False,False,1,True,,False,
NCT06239311,2024.0,2021-2026,PHASE3,drug,2,277.0,INDUSTRY,RECRUITING,RANDOMIZED,True,QUADRUPLE,4.0,True,True,PARALLEL,True,placebo/sham,True,,,,,True,True,False,False,False,0,False,,False,False
NCT03002571,2018.0,2016-2020,PHASE3,drug,2,338.0,INDUSTRY,COMPLETED,RANDOMIZED,True,QUADRUPLE,4.0,True,True,PARALLEL,True,active,True,337.0,301.0,0.10682492581602376,True,True,True,False,True,False,0,False,UNDECIDED,False,False
NCT05042258,2024.0,2021-2026,PHASE4,drug,1,40.0,OTHER,RECRUITING,NA,False,NONE,0.0,False,False,SINGLE_GROUP,False,none/single-group,False,,,,,True,True,False,False,False,0,False,NO,False,False
NCT04271514,2019.0,2016-2020,PHASE1,drug,6,103.0,INDUSTRY,COMPLETED,RANDOMIZED,True,DOUBLE,2.0,True,True,PARALLEL,True,placebo/sham,True,,,,,False,True,True,False,False,0,False,NO,False,
NCT05170243,2022.0,2021-2026,PHASE1,drug,2,28.0,INDUSTRY,COMPLETED,RANDOMIZED,True,DOUBLE,2.0,True,True,PARALLEL,False,placebo/sham,True,,,,,False,True,False,False,False,0,False,NO,False,
NCT05326672,2022.0,2021-2026,PHASE3,drug,2,240.0,OTHER,UNKNOWN,RANDOMIZED,True,TRIPLE,3.0,True,True,PARALLEL,True,placebo/sham,True,,,,,True,True,False,False,False,0,False,NO,False,False
NCT06309355,2024.0,2021-2026,PHASE2,drug,2,35.0,INDUSTRY,COMPLETED,RANDOMIZED,True,TRIPLE,3.0,True,True,PARALLEL,False,none/single-group,False,,,,,False,True,False,False,False,0,False,NO,False,
NCT02871479,2017.0,2016-2020,PHASE2,drug,3,71.0,INDUSTRY,COMPLETED,RANDOMIZED,True,DOUBLE,2.0,True,True,PARALLEL,True,placebo/sham,True,71.0,65.0,0.08450704225352113,True,False,True,True,True,False,0,False,NO,False,True
NCT04530643,2020.0,2016-2020,PHASE2,drug,3,80.0,INDUSTRY,COMPLETED,RANDOMIZED,True,DOUBLE,2.0,True,True,PARALLEL,True,placebo/sham,True,,,,,False,True,True,False,False,1,True,,False,False
NCT07549984,2026.0,2021-2026,PHASE1,drug,3,16.0,INDUSTRY,NOT_YET_RECRUITING,RANDOMIZED,True,QUADRUPLE,4.0,True,True,PARALLEL,False,placebo/sham,True,,,,,False,True,True,False,False,0,False,,False,False
NCT00980135,2009.0,<=2015,PHASE2,both,3,40.0,INDUSTRY,COMPLETED,RANDOMIZED,True,SINGLE,1.0,True,False,PARALLEL,False,none/single-group,False,,,,,False,True,True,False,False,0,False,,False,False
NCT00891709,2009.0,<=2015,PHASE1,drug,2,64.0,INDUSTRY,COMPLETED,RANDOMIZED,True,TRIPLE,3.0,True,True,PARALLEL,True,placebo/sham,True,,,,,False,False,False,False,False,0,False,NO,False,False
NCT04875169,2021.0,2021-2026,PHASE3,drug,5,336.0,INDUSTRY,COMPLETED,RANDOMIZED,True,QUADRUPLE,4.0,True,True,PARALLEL,True,placebo/sham,True,,,,,True,True,True,False,False,1,True,,False,True
NCT03920852,2019.0,2016-2020,PHASE1,drug,1,41.0,INDUSTRY,COMPLETED,NA,False,NONE,0.0,False,False,SINGLE_GROUP,True,none/single-group,False,,,,,False,True,False,False,False,2,True,NO,False,False
NCT02004119,2013.0,<=2015,PHASE2,drug,2,93.0,INDUSTRY,COMPLETED,RANDOMIZED,True,QUADRUPLE,4.0,True,True,PARALLEL,True,placebo/sham,True,,,,,False,True,False,False,False,0,False,,False,False
NCT07193589,2026.0,2021-2026,PHASE2,drug,3,111.0,INDUSTRY,RECRUITING,RANDOMIZED,True,QUADRUPLE,4.0,True,True,PARALLEL,True,placebo/sham,True,,,,,False,True,True,False,False,0,False,NO,False,False
NCT06277245,2024.0,2021-2026,PHASE3,drug,4,356.0,INDUSTRY,COMPLETED,RANDOMIZED,True,QUADRUPLE,4.0,True,True,PARALLEL,True,placebo/sham,True,,,,,True,True,True,False,False,0,False,NO,False,False
NCT03747575,2019.0,2016-2020,PHASE2,drug,2,65.0,INDUSTRY,COMPLETED,RANDOMIZED,True,QUADRUPLE,4.0,True,True,PARALLEL,True,placebo/sham,True,65.0,49.0,0.24615384615384617,False,False,True,False,True,False,0,False,YES,True,
NCT07158151,2025.0,2021-2026,PHASE2,drug,4,168.0,INDUSTRY,COMPLETED,RANDOMIZED,True,QUADRUPLE,4.0,True,True,PARALLEL,True,placebo/sham,True,,,,,False,True,True,False,False,0,False,UNDECIDED,False,
NCT00863005,,,PHASE1;PHASE2,drug,2,,INDUSTRY,COMPLETED,,False,,,False,False,PARALLEL,,active,True,,,,,False,False,False,False,False,0,False,,False,False
NCT05932888,2023.0,2021-2026,PHASE1,drug,2,40.0,INDUSTRY,COMPLETED,RANDOMIZED,True,QUADRUPLE,4.0,True,True,PARALLEL,True,placebo/sham,True,,,,,False,True,False,False,False,0,False,,False,False
NCT03736967,2018.0,2016-2020,PHASE2,drug,4,206.0,INDUSTRY,TERMINATED,RANDOMIZED,True,QUADRUPLE,4.0,True,True,PARALLEL,True,none/single-group,False,206.0,93.0,0.5485436893203883,False,False,True,True,True,False,0,False,,False,True
NCT01257061,2012.0,<=2015,PHASE3,drug,2,310.0,INDUSTRY,COMPLETED,RANDOMIZED,True,TRIPLE,3.0,True,True,PARALLEL,True,active,True,,,,,True,True,False,False,False,0,False,,False,True
NCT07437534,2026.0,2021-2026,PHASE4,drug,2,148.0,OTHER_GOV,NOT_YET_RECRUITING,RANDOMIZED,True,NONE,0.0,False,False,SINGLE_GROUP,True,none/single-group,False,,,,,True,True,False,False,False,0,False,,False,True
NCT05735483,2023.0,2021-2026,PHASE3,drug,2,310.0,INDUSTRY,ENROLLING_BY_INVITATION,NON_RANDOMIZED,False,NONE,0.0,False,False,SINGLE_GROUP,True,none/single-group,False,,,,,True,True,False,False,False,0,False,YES,True,True
NCT01137331,2008.0,<=2015,PHASE3,drug,2,201.0,INDUSTRY,COMPLETED,RANDOMIZED,True,QUADRUPLE,4.0,True,True,PARALLEL,True,placebo/sham,True,,,,,True,True,False,False,False,0,False,,False,False
NCT02260986,2014.0,<=2015,PHASE3,drug,3,740.0,INDUSTRY,COMPLETED,RANDOMIZED,True,TRIPLE,3.0,True,True,PARALLEL,True,none/single-group,False,740.0,596.0,0.1945945945945946,True,True,True,True,True,False,25,True,,False,True
NCT07220577,2025.0,2021-2026,PHASE2,drug,2,34.0,INDUSTRY,ACTIVE_NOT_RECRUITING,RANDOMIZED,True,DOUBLE,2.0,True,True,PARALLEL,False,placebo/sham,True,,,,,False,True,False,False,False,0,False,YES,True,
NCT06686628,2024.0,2021-2026,PHASE1,drug,1,23.0,INDUSTRY,COMPLETED,NA,False,NONE,0.0,False,False,SINGLE_GROUP,False,none/single-group,False,,,,,False,True,False,False,False,0,False,YES,True,False
NCT04019769,2020.0,2016-2020,EARLY_PHASE1,drug,1,0.0,NIH,WITHDRAWN,NA,False,NONE,0.0,False,False,SINGLE_GROUP,False,none/single-group,False,,,,,False,True,False,False,False,0,False,,False,
NCT03026946,2017.0,2016-2020,PHASE3,drug,2,76.0,OTHER,UNKNOWN,RANDOMIZED,True,SINGLE,1.0,True,False,PARALLEL,False,active,True,,,,,True,True,False,False,False,1,True,NO,False,False
NCT02345928,2014.0,<=2015,PHASE1,drug,13,108.0,INDUSTRY,COMPLETED,RANDOMIZED,True,DOUBLE,2.0,True,True,SINGLE_GROUP,True,none/single-group,False,,,,,False,True,True,False,True,0,False,,False,False
NCT05491447,2023.0,2021-2026,PHASE2,drug,3,103.0,INDUSTRY,TERMINATED,RANDOMIZED,True,DOUBLE,2.0,True,True,SEQUENTIAL,True,placebo/sham,True,,,,,False,True,True,False,False,0,False,UNDECIDED,False,False
NCT03798561,2019.0,2016-2020,PHASE1,drug,7,24.0,INDUSTRY,COMPLETED,RANDOMIZED,True,DOUBLE,2.0,True,True,PARALLEL,False,none/single-group,False,,,,,False,True,True,False,False,1,True,NO,False,True
NCT06342713,2024.0,2021-2026,PHASE1,drug,7,203.0,INDUSTRY,COMPLETED,RANDOMIZED,True,DOUBLE,2.0,True,True,SEQUENTIAL,True,none/single-group,False,,,,,False,True,True,False,False,0,False,YES,True,True
NCT02576938,2016.0,2016-2020,PHASE2,drug,2,124.0,INDUSTRY,COMPLETED,RANDOMIZED,True,DOUBLE,2.0,True,True,PARALLEL,True,placebo/sham,True,124.0,80.0,0.3548387096774194,False,False,True,False,True,False,2,True,YES,True,False
NCT01049243,2009.0,<=2015,PHASE4,drug,1,20.0,OTHER,COMPLETED,NA,False,NONE,0.0,False,False,SINGLE_GROUP,False,none/single-group,False,20.0,18.0,0.09999999999999998,True,True,True,False,True,False,0,False,NO,False,False
NCT07073677,2025.0,2021-2026,PHASE2,drug,3,162.0,INDUSTRY,NOT_YET_RECRUITING,RANDOMIZED,True,QUADRUPLE,4.0,True,True,PARALLEL,True,placebo/sham,True,,,,,False,True,True,False,False,0,False,NO,False,
NCT05461456,2022.0,2021-2026,PHASE1,drug,1,12.0,INDUSTRY,COMPLETED,NA,False,NONE,0.0,False,False,SINGLE_GROUP,False,none/single-group,False,,,,,False,True,False,False,False,0,False,,False,False
NCT04839380,2021.0,2021-2026,PHASE2,drug,1,49.0,INDUSTRY,COMPLETED,NA,False,NONE,0.0,False,False,SINGLE_GROUP,False,none/single-group,False,49.0,44.0,0.10204081632653061,True,False,True,False,True,False,0,False,YES,True,False
NCT07037901,2025.0,2021-2026,PHASE2,drug,9,405.0,INDUSTRY,RECRUITING,RANDOMIZED,True,QUADRUPLE,4.0,True,True,PARALLEL,True,placebo/sham,True,,,,,False,True,True,False,False,0,False,,False,True
NCT06181435,2023.0,2021-2026,PHASE3,drug,3,589.0,INDUSTRY,COMPLETED,RANDOMIZED,True,QUADRUPLE,4.0,True,True,PARALLEL,True,placebo/sham,True,,,,,True,True,True,False,False,0,False,YES,True,True
NCT07344051,2026.0,2021-2026,PHASE2,drug,4,160.0,INDUSTRY,NOT_YET_RECRUITING,RANDOMIZED,True,QUADRUPLE,4.0,True,True,PARALLEL,True,placebo/sham,True,,,,,False,True,True,False,False,0,False,,False,
NCT05607901,2022.0,2021-2026,PHASE2,drug,2,100.0,OTHER,COMPLETED,RANDOMIZED,True,DOUBLE,2.0,True,True,PARALLEL,True,active,True,,,,,False,True,False,False,False,1,True,,False,
NCT02601703,2015.0,<=2015,PHASE3,drug,3,1110.0,INDUSTRY,COMPLETED,RANDOMIZED,True,TRIPLE,3.0,True,True,PARALLEL,True,placebo/sham,True,,,,,True,True,True,False,False,0,False,,False,False
NCT02864498,2017.0,2016-2020,PHASE2,drug,3,321.0,INDUSTRY,COMPLETED,RANDOMIZED,True,DOUBLE,2.0,True,True,PARALLEL,True,placebo/sham,True,321.0,263.0,0.18068535825545173,True,False,True,True,True,False,0,False,,False,False
NCT02317276,2014.0,<=2015,PHASE4,drug,1,11.0,OTHER,TERMINATED,NA,False,NONE,0.0,False,False,SINGLE_GROUP,False,none/single-group,False,11.0,5.0,0.5454545454545454,False,True,True,False,True,True,0,False,,False,False
NCT01239719,2011.0,<=2015,PHASE3,drug,2,96.0,INDUSTRY,UNKNOWN,RANDOMIZED,True,NONE,0.0,False,False,PARALLEL,False,active,True,,,,,True,True,False,False,False,0,False,,False,
NCT05579899,2022.0,2021-2026,PHASE2,drug,2,119.0,INDUSTRY,COMPLETED,RANDOMIZED,True,TRIPLE,3.0,True,True,PARALLEL,True,placebo/sham,True,119.0,108.0,0.09243697478991597,True,False,True,False,True,False,0,False,YES,True,False
NCT01577628,2012.0,<=2015,NA,drug,2,2.0,INDUSTRY,TERMINATED,RANDOMIZED,True,NONE,0.0,False,False,PARALLEL,False,no-intervention,True,2.0,0.0,1.0,False,False,False,False,True,False,0,False,NO,False,False
NCT03817190,2019.0,2016-2020,PHASE2,drug,2,219.0,INDUSTRY,TERMINATED,RANDOMIZED,True,DOUBLE,2.0,True,True,PARALLEL,True,placebo/sham,True,219.0,100.0,0.54337899543379,False,False,True,False,True,False,0,False,,False,False
NCT00666302,2002.0,<=2015,PHASE4,drug,2,413.0,INDUSTRY,COMPLETED,RANDOMIZED,True,SINGLE,1.0,True,False,PARALLEL,True,active,True,,,,,True,True,False,False,False,0,False,,False,False
NCT01065714,2010.0,<=2015,PHASE4,drug,2,20.0,OTHER,COMPLETED,RANDOMIZED,True,SINGLE,1.0,True,False,PARALLEL,False,active,True,20.0,20.0,0.0,True,True,True,False,True,False,0,False,,False,False
NCT00958516,2009.0,<=2015,PHASE1,drug,1,32.0,INDUSTRY,COMPLETED,NA,False,DOUBLE,2.0,True,True,SINGLE_GROUP,True,none/single-group,False,,,,,False,False,False,False,False,0,False,NO,False,False
NCT03568071,2018.0,2016-2020,PHASE2,drug,6,207.0,INDUSTRY,TERMINATED,RANDOMIZED,True,QUADRUPLE,4.0,True,True,SEQUENTIAL,True,placebo/sham,True,,,,,False,True,True,False,False,0,False,,False,
NCT07242638,2026.0,2021-2026,PHASE2,drug,1,56.0,OTHER,RECRUITING,NA,False,NONE,0.0,False,False,SINGLE_GROUP,True,none/single-group,False,,,,,False,True,False,False,False,0,False,NO,False,True
NCT05194540,2022.0,2021-2026,PHASE3,drug,1,136.0,INDUSTRY,COMPLETED,NA,False,NONE,0.0,False,False,SINGLE_GROUP,True,none/single-group,False,136.0,117.0,0.13970588235294112,True,True,True,False,True,False,1,True,NO,False,False
NCT06945458,2025.0,2021-2026,PHASE1,drug,1,22.0,INDUSTRY,COMPLETED,NA,False,NONE,0.0,False,False,SINGLE_GROUP,False,none/single-group,False,,,,,False,True,False,False,False,0,False,NO,False,False
NCT02407756,2015.0,<=2015,PHASE2,drug,2,78.0,INDUSTRY,COMPLETED,NON_RANDOMIZED,False,NONE,0.0,False,False,SINGLE_GROUP,True,none/single-group,False,77.0,77.0,0.0,True,False,True,False,True,False,2,True,,False,True
NCT07503197,2026.0,2021-2026,NA,drug,2,30.0,OTHER_GOV,ENROLLING_BY_INVITATION,RANDOMIZED,True,TRIPLE,3.0,True,True,PARALLEL,True,placebo/sham,True,,,,,False,True,False,False,False,0,False,UNDECIDED,False,True
NCT06058156,2023.0,2021-2026,PHASE2,drug,4,70.0,INDUSTRY,TERMINATED,RANDOMIZED,True,QUADRUPLE,4.0,True,True,PARALLEL,True,placebo/sham,True,,,,,False,True,True,False,False,0,False,YES,True,True
NCT00691262,2003.0,<=2015,PHASE3,drug,1,166.0,INDUSTRY,COMPLETED,NON_RANDOMIZED,False,NONE,0.0,False,False,SINGLE_GROUP,True,none/single-group,False,,,,,True,True,False,False,False,0,False,,False,False
NCT04600362,2021.0,2021-2026,PHASE2,drug,2,70.0,OTHER,ACTIVE_NOT_RECRUITING,RANDOMIZED,True,QUADRUPLE,4.0,True,True,PARALLEL,True,placebo/sham,True,,,,,False,True,False,False,False,1,True,YES,True,False
NCT00298337,1999.0,<=2015,PHASE2;PHASE3,drug,0,,OTHER,UNKNOWN,RANDOMIZED,True,DOUBLE,2.0,True,True,PARALLEL,,none/single-group,False,,,,,True,False,False,False,False,8,True,,False,
NCT05911841,2023.0,2021-2026,PHASE2,drug,4,234.0,INDUSTRY,TERMINATED,RANDOMIZED,True,DOUBLE,2.0,True,True,PARALLEL,True,placebo/sham,True,234.0,176.0,0.24786324786324787,False,False,True,True,True,False,0,False,YES,True,True
NCT06444165,2024.0,2021-2026,PHASE3,drug,1,55.0,INDUSTRY,COMPLETED,NA,False,NONE,0.0,False,False,SINGLE_GROUP,False,none/single-group,False,55.0,55.0,0.0,True,True,False,False,True,False,0,False,YES,True,False
NCT05769777,2023.0,2021-2026,PHASE2,drug,1,999.0,INDUSTRY,ACTIVE_NOT_RECRUITING,NA,False,NONE,0.0,False,False,SINGLE_GROUP,True,none/single-group,False,,,,,False,True,False,False,False,0,False,YES,True,True
NCT01745159,2012.0,<=2015,PHASE4,drug,2,125.0,INDUSTRY,COMPLETED,RANDOMIZED,True,NONE,0.0,False,False,PARALLEL,True,no-intervention,True,,,,,True,True,False,False,False,0,False,,False,False
NCT01792713,2013.0,<=2015,PHASE2,drug,2,70.0,INDUSTRY,COMPLETED,RANDOMIZED,True,QUADRUPLE,4.0,True,True,PARALLEL,True,placebo/sham,True,,,,,False,True,False,False,False,1,True,,False,False
NCT02637206,2015.0,<=2015,PHASE1,drug,2,26.0,INDUSTRY,COMPLETED,RANDOMIZED,True,NONE,0.0,False,False,SINGLE_GROUP,False,none/single-group,False,,,,,False,True,False,False,False,0,False,YES,True,False
NCT00867607,2011.0,<=2015,PHASE1;PHASE2,drug,4,13.0,OTHER,COMPLETED,RANDOMIZED,True,QUADRUPLE,4.0,True,True,CROSSOVER,False,active,True,,,,,False,True,True,False,True,0,False,,False,True
NCT03915496,2020.0,2016-2020,PHASE2,drug,3,46.0,INDUSTRY,COMPLETED,RANDOMIZED,True,QUADRUPLE,4.0,True,True,PARALLEL,False,placebo/sham,True,46.0,41.0,0.10869565217391308,True,False,True,True,True,False,0,False,YES,True,True
NCT00560326,2003.0,<=2015,PHASE2,drug,1,50.0,INDUSTRY,COMPLETED,NA,False,NONE,0.0,False,False,SINGLE_GROUP,True,none/single-group,False,,,,,False,True,False,False,False,0,False,,False,False
NCT07167758,2025.0,2021-2026,PHASE2,drug,2,95.0,INDUSTRY,ACTIVE_NOT_RECRUITING,RANDOMIZED,True,QUADRUPLE,4.0,True,True,CROSSOVER,True,none/single-group,False,,,,,False,True,False,False,False,0,False,NO,False,True
NCT03428100,2018.0,2016-2020,PHASE3,drug,19,463.0,INDUSTRY,COMPLETED,RANDOMIZED,True,DOUBLE,2.0,True,True,PARALLEL,True,placebo/sham,True,463.0,410.0,0.1144708423326134,True,True,True,True,True,False,2,True,YES,True,True
NCT02456480,2015.0,<=2015,PHASE2,drug,3,37.0,INDUSTRY,COMPLETED,RANDOMIZED,True,QUADRUPLE,4.0,True,True,PARALLEL,False,placebo/sham,True,,,,,False,True,True,False,False,1,True,,False,False
NCT02601222,2016.0,2016-2020,PHASE4,drug,2,240.0,INDUSTRY,UNKNOWN,RANDOMIZED,True,TRIPLE,3.0,True,True,PARALLEL,True,placebo/sham,True,,,,,True,True,False,False,False,0,False,,False,False
NCT06700499,2024.0,2021-2026,PHASE2,drug,1,450.0,INDUSTRY,COMPLETED,NA,False,NONE,0.0,False,False,SINGLE_GROUP,True,none/single-group,False,,,,,False,True,False,False,False,0,False,NO,False,
NCT03569293,2018.0,2016-2020,PHASE3,drug,3,912.0,INDUSTRY,COMPLETED,RANDOMIZED,True,QUADRUPLE,4.0,True,True,PARALLEL,True,placebo/sham,True,912.0,856.0,0.06140350877192979,True,True,True,True,True,False,14,True,YES,True,True
NCT07527923,2026.0,2021-2026,PHASE1,drug,2,144.0,INDUSTRY,RECRUITING,RANDOMIZED,True,QUADRUPLE,4.0,True,True,SEQUENTIAL,True,none/single-group,False,,,,,False,True,False,False,False,0,False,YES,True,True
NCT00610142,2007.0,<=2015,PHASE2,drug,2,20.0,OTHER,COMPLETED,RANDOMIZED,True,SINGLE,1.0,True,False,PARALLEL,False,active,True,,,,,False,True,False,False,True,0,False,,False,False
NCT05197023,2022.0,2021-2026,PHASE1,drug,2,20.0,INDUSTRY,UNKNOWN,RANDOMIZED,True,TRIPLE,3.0,True,True,PARALLEL,False,placebo/sham,True,,,,,False,True,False,False,False,0,False,UNDECIDED,False,
NCT03304470,2017.0,2016-2020,PHASE2,drug,2,31.0,INDUSTRY,COMPLETED,RANDOMIZED,True,TRIPLE,3.0,True,True,PARALLEL,False,placebo/sham,True,,,,,False,True,False,False,False,0,False,NO,False,False
NCT03175354,2017.0,2016-2020,PHASE2,drug,2,209.0,INDUSTRY,COMPLETED,RANDOMIZED,True,TRIPLE,3.0,True,True,PARALLEL,True,none/single-group,False,,,,,False,True,False,False,False,0,False,UNDECIDED,False,False
NCT05651711,2022.0,2021-2026,PHASE3,drug,2,726.0,INDUSTRY,COMPLETED,RANDOMIZED,True,DOUBLE,2.0,True,True,PARALLEL,True,placebo/sham,True,726.0,636.0,0.12396694214876036,True,True,True,False,True,False,0,False,YES,True,True
NCT01756898,2012.0,<=2015,PHASE2,drug,4,370.0,INDUSTRY,COMPLETED,RANDOMIZED,True,DOUBLE,2.0,True,True,PARALLEL,True,placebo/sham,True,370.0,299.0,0.19189189189189193,True,False,True,True,True,False,0,False,YES,True,False
NCT06946641,2025.0,2021-2026,PHASE1,drug,4,102.0,INDUSTRY,RECRUITING,RANDOMIZED,True,QUADRUPLE,4.0,True,True,PARALLEL,True,none/single-group,False,,,,,False,True,True,False,False,0,False,,False,False
NCT07015762,2025.0,2021-2026,PHASE1,drug,6,9.0,OTHER,RECRUITING,RANDOMIZED,True,QUADRUPLE,4.0,True,True,PARALLEL,False,placebo/sham,True,,,,,False,True,True,False,False,0,False,,False,False
NCT00833079,2008.0,<=2015,PHASE1,drug,3,500.0,INDUSTRY,COMPLETED,RANDOMIZED,True,QUADRUPLE,4.0,True,True,PARALLEL,True,placebo/sham,True,,,,,False,True,True,False,False,0,False,,False,False
NCT04081350,2019.0,2016-2020,PHASE1,drug,4,48.0,INDUSTRY,COMPLETED,RANDOMIZED,True,DOUBLE,2.0,True,True,PARALLEL,True,placebo/sham,True,,,,,False,False,True,False,False,1,True,NO,False,False
NCT05906628,2023.0,2021-2026,PHASE2,drug,2,186.0,INDUSTRY,COMPLETED,RANDOMIZED,True,TRIPLE,3.0,True,True,PARALLEL,True,placebo/sham,True,186.0,161.0,0.13440860215053763,True,False,True,False,True,False,0,False,YES,True,
NCT03846466,2019.0,2016-2020,PHASE1,drug,18,5.0,INDUSTRY,TERMINATED,RANDOMIZED,True,TRIPLE,3.0,True,True,PARALLEL,False,placebo/sham,True,,,,,False,True,True,False,False,0,False,,False,False
NCT03422822,2018.0,2016-2020,PHASE3,drug,2,3166.0,INDUSTRY,COMPLETED,RANDOMIZED,True,QUADRUPLE,4.0,True,True,PARALLEL,True,none/single-group,False,,,,,True,True,False,False,False,6,True,YES,True,True
NCT04365387,2020.0,2016-2020,PHASE2,drug,2,242.0,INDUSTRY,COMPLETED,RANDOMIZED,True,DOUBLE,2.0,True,True,PARALLEL,True,placebo/sham,True,242.0,183.0,0.24380165289256195,False,False,True,False,True,False,0,False,,False,True
NCT00568412,2007.0,<=2015,PHASE4,both,2,80.0,INDUSTRY,COMPLETED,RANDOMIZED,True,DOUBLE,2.0,True,True,PARALLEL,False,active,True,,,,,True,True,False,False,False,0,False,,False,False
NCT05492578,2022.0,2021-2026,PHASE2;PHASE3,drug,2,1663.0,INDUSTRY,ENROLLING_BY_INVITATION,NON_RANDOMIZED,False,NONE,0.0,False,False,PARALLEL,True,none/single-group,False,,,,,True,True,False,False,False,0,False,YES,True,True
NCT06389136,2024.0,2021-2026,PHASE3,drug,6,200.0,INDUSTRY,RECRUITING,RANDOMIZED,True,NONE,0.0,False,False,SEQUENTIAL,True,none/single-group,False,,,,,True,True,True,False,False,0,False,YES,True,False
NCT06009094,2023.0,2021-2026,PHASE1,drug,5,80.0,INDUSTRY,COMPLETED,RANDOMIZED,True,DOUBLE,2.0,True,True,PARALLEL,True,placebo/sham,True,,,,,False,True,True,False,False,0,False,,False,False
NCT05858619,2023.0,2021-2026,PHASE4,drug,1,15.0,OTHER,RECRUITING,NA,False,NONE,0.0,False,False,SINGLE_GROUP,False,none/single-group,False,,,,,True,False,False,False,False,0,False,NO,False,False
NCT07336940,2025.0,2021-2026,PHASE1,drug,1,9.0,INDUSTRY,COMPLETED,NA,False,NONE,0.0,False,False,SINGLE_GROUP,False,none/single-group,False,,,,,False,True,False,False,False,0,False,UNDECIDED,False,
NCT02369432,2015.0,<=2015,EARLY_PHASE1,drug,1,21.0,OTHER,TERMINATED,NA,False,NONE,0.0,False,False,SINGLE_GROUP,False,none/single-group,False,,,,,False,False,False,False,False,0,False,,False,True
NCT07488065,2026.0,2021-2026,PHASE1,drug,8,90.0,INDUSTRY,RECRUITING,RANDOMIZED,True,QUADRUPLE,4.0,True,True,PARALLEL,True,none/single-group,False,,,,,False,True,True,False,False,0,False,NO,False,False
NCT00367016,2004.0,<=2015,PHASE4,drug,2,6.0,OTHER,COMPLETED,RANDOMIZED,True,DOUBLE,2.0,True,True,CROSSOVER,False,none/single-group,False,6.0,6.0,0.0,True,True,True,False,True,False,0,False,,False,False
NCT05958407,2023.0,2021-2026,PHASE3,drug,2,235.0,INDUSTRY,COMPLETED,RANDOMIZED,True,DOUBLE,2.0,True,True,PARALLEL,True,placebo/sham,True,,,,,True,True,False,False,False,0,False,NO,False,False
NCT06380647,2019.0,2016-2020,NA,drug,2,64.0,OTHER,COMPLETED,RANDOMIZED,True,SINGLE,1.0,True,False,PARALLEL,True,placebo/sham,True,,,,,False,False,False,False,False,0,False,NO,False,True
NCT00884325,2009.0,<=2015,PHASE4,drug,2,40.0,OTHER,COMPLETED,RANDOMIZED,True,DOUBLE,2.0,True,True,PARALLEL,False,placebo/sham,True,40.0,33.0,0.17500000000000004,True,True,True,False,True,False,0,False,,False,False
NCT03492398,2018.0,2016-2020,PHASE1,drug,7,56.0,INDUSTRY,COMPLETED,RANDOMIZED,True,QUADRUPLE,4.0,True,True,PARALLEL,True,none/single-group,False,56.0,54.0,0.0357142857142857,True,False,True,True,True,False,0,False,NO,False,False
NCT03151148,2017.0,2016-2020,PHASE1;PHASE2,drug,2,54.0,NIH,COMPLETED,RANDOMIZED,True,TRIPLE,3.0,True,True,PARALLEL,True,placebo/sham,True,54.0,52.0,0.03703703703703709,True,False,True,False,True,False,1,True,,False,True
NCT00480610,2004.0,<=2015,PHASE3,drug,2,226.0,INDUSTRY,COMPLETED,RANDOMIZED,True,QUADRUPLE,4.0,True,True,PARALLEL,True,placebo/sham,True,,,,,True,True,False,False,False,0,False,,False,False
NCT07549750,2026.0,2021-2026,PHASE1,drug,8,28.0,INDUSTRY,NOT_YET_RECRUITING,RANDOMIZED,True,DOUBLE,2.0,True,True,SEQUENTIAL,False,placebo/sham,True,,,,,False,True,True,False,False,0,False,NO,False,False
NCT03334422,2017.0,2016-2020,PHASE3,drug,4,615.0,INDUSTRY,COMPLETED,RANDOMIZED,True,DOUBLE,2.0,True,True,PARALLEL,True,placebo/sham,True,615.0,570.0,0.07317073170731703,True,True,True,True,True,False,6,True,YES,True,True
NCT04903093,2021.0,2021-2026,PHASE1,drug,15,19.0,INDUSTRY,COMPLETED,RANDOMIZED,True,NONE,0.0,False,False,CROSSOVER,False,none/single-group,False,19.0,18.0,0.052631578947368474,True,False,True,True,True,False,0,False,NO,False,False
NCT05983068,2024.0,2021-2026,PHASE4,drug,1,48.0,INDUSTRY,ACTIVE_NOT_RECRUITING,NA,False,NONE,0.0,False,False,SINGLE_GROUP,False,none/single-group,False,,,,,True,True,False,False,False,0,False,YES,True,False
NCT00368719,2007.0,<=2015,PHASE4,drug,1,0.0,OTHER,WITHDRAWN,RANDOMIZED,True,SINGLE,1.0,True,False,SINGLE_GROUP,False,no-intervention,True,,,,,True,True,False,False,False,0,False,,False,False
NCT03646604,2019.0,2016-2020,PHASE1,drug,5,35.0,INDUSTRY,COMPLETED,NON_RANDOMIZED,False,NONE,0.0,False,False,SEQUENTIAL,True,none/single-group,False,,,,,False,True,True,False,False,1,True,NO,False,True
NCT06631170,2024.0,2021-2026,PHASE3,drug,2,354.0,INDUSTRY,COMPLETED,RANDOMIZED,True,QUADRUPLE,4.0,True,True,PARALLEL,True,placebo/sham,True,,,,,True,True,False,False,False,0,False,NO,False,False
NCT07399067,2026.0,2021-2026,PHASE2,drug,6,120.0,INDUSTRY,RECRUITING,RANDOMIZED,True,QUADRUPLE,4.0,True,True,PARALLEL,True,placebo/sham,True,,,,,False,True,True,False,False,0,False,,False,False
NCT06268860,2024.0,2021-2026,PHASE1,drug,2,240.0,INDUSTRY,COMPLETED,RANDOMIZED,True,NONE,0.0,False,False,PARALLEL,True,none/single-group,False,,,,,False,True,False,False,False,0,False,YES,True,
NCT04878770,2021.0,2021-2026,NA,drug,3,318.0,OTHER,UNKNOWN,RANDOMIZED,True,SINGLE,1.0,True,False,PARALLEL,True,active,True,,,,,False,True,True,False,False,0,False,NO,False,False
NCT04986384,2019.0,2016-2020,NA,drug,2,40.0,OTHER,COMPLETED,RANDOMIZED,True,NONE,0.0,False,False,CROSSOVER,True,active,True,,,,,False,True,False,False,False,0,False,NO,False,True
NCT02677636,,,PHASE3,drug,2,0.0,INDUSTRY,WITHDRAWN,RANDOMIZED,True,TRIPLE,3.0,True,True,PARALLEL,False,placebo/sham,True,,,,,True,True,False,False,False,0,False,,False,False
NCT01065272,2010.0,<=2015,PHASE1,drug,2,200.0,INDUSTRY,COMPLETED,RANDOMIZED,True,QUADRUPLE,4.0,True,True,PARALLEL,True,placebo/sham,True,,,,,False,True,False,False,False,0,False,,False,True
NCT03859986,2019.0,2016-2020,PHASE2,drug,2,124.0,INDUSTRY,UNKNOWN,RANDOMIZED,True,TRIPLE,3.0,True,True,PARALLEL,True,placebo/sham,True,,,,,False,True,False,False,False,0,False,UNDECIDED,False,
NCT05970432,2023.0,2021-2026,PHASE2,drug,4,160.0,INDUSTRY,UNKNOWN,RANDOMIZED,True,QUADRUPLE,4.0,True,True,PARALLEL,True,placebo/sham,True,,,,,False,True,True,False,False,0,False,,False,
NCT05803902,2021.0,2021-2026,PHASE1,drug,8,48.0,INDUSTRY,COMPLETED,RANDOMIZED,True,QUADRUPLE,4.0,True,True,PARALLEL,True,none/single-group,False,,,,,False,True,True,False,False,0,False,UNDECIDED,False,False
NCT05469464,2022.0,2021-2026,PHASE2,drug,4,235.0,INDUSTRY,COMPLETED,RANDOMIZED,True,QUADRUPLE,4.0,True,True,PARALLEL,True,placebo/sham,True,235.0,151.0,0.35744680851063826,False,False,True,True,True,False,0,False,NO,False,False
NCT04018027,2019.0,2016-2020,PHASE2,drug,4,401.0,INDUSTRY,COMPLETED,RANDOMIZED,True,DOUBLE,2.0,True,True,PARALLEL,True,placebo/sham,True,,,,,False,True,True,False,False,0,False,NO,False,True
NCT03096223,2017.0,2016-2020,PHASE1,drug,1,26.0,INDUSTRY,COMPLETED,NA,False,NONE,0.0,False,False,SINGLE_GROUP,False,none/single-group,False,,,,,False,True,False,False,False,0,False,UNDECIDED,False,True
NCT06891040,2025.0,2021-2026,PHASE2,drug,3,118.0,INDUSTRY,COMPLETED,RANDOMIZED,True,DOUBLE,2.0,True,True,PARALLEL,True,placebo/sham,True,,,,,False,True,True,False,False,0,False,,False,False
NCT05969717,2023.0,2021-2026,EARLY_PHASE1,drug,2,20.0,OTHER,UNKNOWN,RANDOMIZED,True,TRIPLE,3.0,True,True,PARALLEL,False,placebo/sham,True,,,,,False,True,False,False,False,0,False,,False,
NCT04398758,2020.0,2016-2020,PHASE3,drug,2,360.0,INDUSTRY,UNKNOWN,RANDOMIZED,True,SINGLE,1.0,True,False,PARALLEL,True,no-intervention,True,,,,,True,False,False,False,False,0,False,NO,False,False
NCT02346318,2014.0,<=2015,PHASE4,drug,2,240.0,INDUSTRY,UNKNOWN,RANDOMIZED,True,NONE,0.0,False,False,PARALLEL,True,no-intervention,True,,,,,True,False,False,False,False,0,False,,False,False
NCT02286999,2015.0,<=2015,PHASE1,drug,2,0.0,OTHER,WITHDRAWN,RANDOMIZED,True,QUADRUPLE,4.0,True,True,PARALLEL,False,placebo/sham,True,,,,,False,False,False,False,False,1,True,UNDECIDED,False,False
NCT02087943,2014.0,<=2015,PHASE2,drug,5,191.0,INDUSTRY,COMPLETED,RANDOMIZED,True,TRIPLE,3.0,True,True,PARALLEL,True,placebo/sham,True,185.0,146.0,0.21081081081081077,False,False,True,True,True,False,1,True,YES,True,True
NCT06096857,2024.0,2021-2026,PHASE2,drug,2,120.0,NIH,RECRUITING,RANDOMIZED,True,TRIPLE,3.0,True,True,PARALLEL,True,placebo/sham,True,,,,,False,True,False,False,False,0,False,YES,True,
NCT04823130,2021.0,2021-2026,PHASE4,drug,2,54.0,INDUSTRY,COMPLETED,NON_RANDOMIZED,False,NONE,0.0,False,False,PARALLEL,False,no-intervention,True,54.0,38.0,0.2962962962962963,False,True,False,False,True,False,0,False,YES,True,False
NCT02669888,2015.0,<=2015,PHASE2,drug,2,48.0,OTHER,COMPLETED,RANDOMIZED,True,DOUBLE,2.0,True,True,PARALLEL,False,placebo/sham,True,,,,,False,True,False,False,False,1,True,NO,False,False
NCT03901144,2019.0,2016-2020,PHASE2,drug,4,50.0,INDUSTRY,COMPLETED,RANDOMIZED,True,DOUBLE,2.0,True,True,SINGLE_GROUP,True,active,True,200.0,196.0,0.020000000000000018,True,False,True,True,True,False,0,False,NO,False,
NCT01785602,2013.0,<=2015,PHASE2,drug,2,103.0,INDUSTRY,COMPLETED,RANDOMIZED,True,DOUBLE,2.0,True,True,PARALLEL,True,placebo/sham,True,103.0,81.0,0.21359223300970875,False,False,True,False,True,False,0,False,,False,False
NCT01299610,2010.0,<=2015,PHASE2,drug,3,25.0,INDUSTRY,COMPLETED,RANDOMIZED,True,DOUBLE,2.0,True,True,CROSSOVER,False,none/single-group,False,25.0,25.0,0.0,True,False,True,True,True,False,0,False,YES,True,False
NCT06906497,2025.0,2021-2026,PHASE4,drug,1,48.0,OTHER,RECRUITING,NA,False,NONE,0.0,False,False,SINGLE_GROUP,False,none/single-group,False,,,,,True,False,False,False,False,0,False,NO,False,False
NCT07537751,2024.0,2021-2026,NA,drug,2,40.0,OTHER,COMPLETED,RANDOMIZED,True,DOUBLE,2.0,True,True,PARALLEL,True,active,True,,,,,False,True,False,False,False,0,False,,False,False
NCT05899816,2023.0,2021-2026,PHASE3,drug,2,221.0,INDUSTRY,COMPLETED,RANDOMIZED,True,DOUBLE,2.0,True,True,PARALLEL,True,placebo/sham,True,,,,,True,False,False,False,False,0,False,YES,True,True
NCT01037881,2009.0,<=2015,PHASE2,drug,7,183.0,INDUSTRY,COMPLETED,RANDOMIZED,True,DOUBLE,2.0,True,True,PARALLEL,True,placebo/sham,True,183.0,163.0,0.10928961748633881,True,False,True,True,True,False,0,False,NO,False,True
NCT07003425,2025.0,2021-2026,PHASE2,drug,3,350.0,INDUSTRY,RECRUITING,NON_RANDOMIZED,False,QUADRUPLE,4.0,True,True,SEQUENTIAL,True,none/single-group,False,,,,,False,True,True,False,False,0,False,,False,True
NCT07042126,2025.0,2021-2026,PHASE3,drug,2,180.0,INDUSTRY,RECRUITING,RANDOMIZED,True,QUADRUPLE,4.0,True,True,PARALLEL,True,placebo/sham,True,,,,,True,True,False,False,False,0,False,,False,False
NCT03388866,2018.0,2016-2020,PHASE4,drug,2,91.0,OTHER,COMPLETED,RANDOMIZED,True,TRIPLE,3.0,True,True,PARALLEL,False,placebo/sham,True,,,,,True,True,False,False,False,0,False,UNDECIDED,False,True
NCT03055195,2017.0,2016-2020,PHASE2,drug,2,34.0,INDUSTRY,TERMINATED,RANDOMIZED,True,DOUBLE,2.0,True,True,PARALLEL,False,placebo/sham,True,34.0,8.0,0.7647058823529411,False,False,True,False,True,False,0,False,YES,True,False
NCT05525715,2022.0,2021-2026,PHASE1;PHASE2,drug,10,260.0,INDUSTRY,UNKNOWN,RANDOMIZED,True,TRIPLE,3.0,True,True,PARALLEL,True,none/single-group,False,,,,,False,True,True,False,False,0,False,NO,False,False
NCT04668066,2020.0,2016-2020,PHASE1,drug,3,121.0,INDUSTRY,COMPLETED,RANDOMIZED,True,TRIPLE,3.0,True,True,SEQUENTIAL,True,none/single-group,False,97.0,90.0,0.07216494845360821,True,False,False,True,True,False,0,False,NO,False,
NCT00703573,2008.0,<=2015,PHASE2,drug,3,209.0,INDUSTRY,COMPLETED,RANDOMIZED,True,DOUBLE,2.0,True,True,PARALLEL,True,placebo/sham,True,,,,,False,True,True,False,False,0,False,,False,False
NCT05952986,2023.0,2021-2026,PHASE1,drug,3,22.0,INDUSTRY,UNKNOWN,RANDOMIZED,True,QUADRUPLE,4.0,True,True,PARALLEL,False,none/single-group,False,,,,,False,True,True,False,False,0,False,,False,
NCT06018428,2023.0,2021-2026,PHASE2,drug,1,75.0,INDUSTRY,ACTIVE_NOT_RECRUITING,NA,False,NONE,0.0,False,False,SINGLE_GROUP,True,none/single-group,False,,,,,False,True,False,False,False,0,False,,False,False
NCT00810862,2006.0,<=2015,PHASE4,drug,2,18.0,OTHER,TERMINATED,RANDOMIZED,True,SINGLE,1.0,True,False,SINGLE_GROUP,False,placebo/sham,True,,,,,True,True,False,False,False,0,False,,False,False
NCT02176538,2012.0,<=2015,PHASE3,drug,2,0.0,INDUSTRY,WITHDRAWN,RANDOMIZED,True,QUADRUPLE,4.0,True,True,PARALLEL,False,placebo/sham,True,,,,,True,True,False,False,False,0,False,,False,False
NCT04378569,2020.0,2016-2020,PHASE1;PHASE2,drug,5,230.0,INDUSTRY,COMPLETED,RANDOMIZED,True,TRIPLE,3.0,True,True,PARALLEL,True,placebo/sham,True,230.0,186.0,0.19130434782608696,True,False,True,True,True,False,0,False,NO,False,False
NCT00717769,2008.0,<=2015,PHASE2,drug,2,270.0,INDUSTRY,COMPLETED,RANDOMIZED,True,QUADRUPLE,4.0,True,True,PARALLEL,True,placebo/sham,True,270.0,225.0,0.16666666666666663,True,False,True,False,True,False,0,False,YES,True,False
NCT07150845,2025.0,2021-2026,PHASE2,drug,4,120.0,INDUSTRY,ACTIVE_NOT_RECRUITING,RANDOMIZED,True,QUADRUPLE,4.0,True,True,PARALLEL,True,placebo/sham,True,,,,,False,True,True,False,False,0,False,NO,False,True
NCT00931242,2009.0,<=2015,PHASE2,drug,1,10.0,OTHER,COMPLETED,NA,False,NONE,0.0,False,False,SINGLE_GROUP,False,none/single-group,False,12.0,5.0,0.5833333333333333,False,False,True,False,True,False,0,False,,False,False
NCT01125761,2010.0,<=2015,PHASE3,drug,2,0.0,INDUSTRY,WITHDRAWN,RANDOMIZED,True,SINGLE,1.0,True,False,PARALLEL,False,active,True,,,,,True,True,False,False,False,0,False,,False,False
NCT06130566,2023.0,2021-2026,PHASE3,drug,3,601.0,INDUSTRY,COMPLETED,RANDOMIZED,True,QUADRUPLE,4.0,True,True,PARALLEL,True,placebo/sham,True,,,,,True,True,True,False,False,0,False,YES,True,True
NCT04990440,2021.0,2021-2026,PHASE2,drug,3,6.0,INDUSTRY,TERMINATED,RANDOMIZED,True,DOUBLE,2.0,True,True,SEQUENTIAL,False,none/single-group,False,6.0,5.0,0.16666666666666663,True,False,True,True,True,False,0,False,YES,True,True
NCT04635072,2020.0,2016-2020,EARLY_PHASE1,drug,1,75.0,OTHER,COMPLETED,NA,False,NONE,0.0,False,False,SINGLE_GROUP,True,none/single-group,False,,,,,False,True,False,False,False,0,False,YES,True,False
NCT05704738,2023.0,2021-2026,PHASE3,drug,4,532.0,INDUSTRY,COMPLETED,RANDOMIZED,True,DOUBLE,2.0,True,True,SEQUENTIAL,True,none/single-group,False,,,,,True,True,True,False,False,0,False,YES,True,True
NCT02564055,2015.0,<=2015,PHASE2,drug,6,247.0,INDUSTRY,COMPLETED,RANDOMIZED,True,DOUBLE,2.0,True,True,PARALLEL,True,placebo/sham,True,247.0,191.0,0.22672064777327938,False,False,True,True,True,False,1,True,,False,True
NCT07599813,2026.0,2021-2026,PHASE2,drug,4,280.0,INDUSTRY,RECRUITING,RANDOMIZED,True,QUADRUPLE,4.0,True,True,PARALLEL,True,placebo/sham,True,,,,,False,True,True,False,False,0,False,,False,True
NCT04271007,2020.0,2016-2020,PHASE4,drug,2,32.0,INDUSTRY,COMPLETED,RANDOMIZED,True,DOUBLE,2.0,True,True,CROSSOVER,False,active,True,,,,,True,False,False,False,False,0,False,,False,False
NCT06085521,2022.0,2021-2026,PHASE2,drug,3,150.0,INDUSTRY,COMPLETED,RANDOMIZED,True,DOUBLE,2.0,True,True,PARALLEL,True,placebo/sham,True,,,,,False,True,True,False,False,0,False,,False,
NCT06773455,2023.0,2021-2026,PHASE4,drug,1,7.0,OTHER,TERMINATED,NA,False,NONE,0.0,False,False,SINGLE_GROUP,False,none/single-group,False,,,,,True,True,False,False,False,0,False,NO,False,
NCT05177328,2022.0,2021-2026,PHASE1,drug,1,21.0,NIH,TERMINATED,NA,False,NONE,0.0,False,False,SINGLE_GROUP,False,none/single-group,False,17.0,17.0,0.0,True,False,True,False,True,False,0,False,,False,True
NCT01137032,2004.0,<=2015,PHASE4,drug,1,19.0,INDUSTRY,COMPLETED,NA,False,NONE,0.0,False,False,SINGLE_GROUP,False,none/single-group,False,19.0,19.0,0.0,True,True,True,False,True,False,0,False,,False,False
NCT07643766,2026.0,2021-2026,PHASE2,drug,4,200.0,INDUSTRY,NOT_YET_RECRUITING,RANDOMIZED,True,QUADRUPLE,4.0,True,True,PARALLEL,True,placebo/sham,True,,,,,False,True,True,False,False,0,False,,False,True
NCT03745638,2018.0,2016-2020,PHASE3,drug,7,631.0,INDUSTRY,COMPLETED,RANDOMIZED,True,QUADRUPLE,4.0,True,True,PARALLEL,True,placebo/sham,True,631.0,542.0,0.1410459587955626,True,True,True,True,True,False,8,True,NO,False,False
NCT03533751,2018.0,2016-2020,PHASE2,drug,5,302.0,INDUSTRY,COMPLETED,RANDOMIZED,True,QUADRUPLE,4.0,True,True,PARALLEL,True,placebo/sham,True,302.0,193.0,0.36092715231788075,False,False,True,True,True,False,0,False,NO,False,True
NCT03571620,2018.0,2016-2020,PHASE2,drug,3,258.0,INDUSTRY,COMPLETED,RANDOMIZED,True,QUADRUPLE,4.0,True,True,PARALLEL,True,placebo/sham,True,,,,,False,True,True,False,False,0,False,,False,
NCT03761537,2018.0,2016-2020,PHASE3,drug,2,277.0,INDUSTRY,COMPLETED,RANDOMIZED,True,DOUBLE,2.0,True,True,PARALLEL,True,placebo/sham,True,277.0,245.0,0.1155234657039711,True,True,True,False,True,False,0,False,NO,False,
NCT03654755,2018.0,2016-2020,PHASE2,drug,3,162.0,INDUSTRY,TERMINATED,RANDOMIZED,True,NONE,0.0,False,False,PARALLEL,True,none/single-group,False,162.0,0.0,1.0,False,False,True,True,True,False,0,False,,False,False
NCT06116526,2024.0,2021-2026,PHASE4,drug,3,30.0,OTHER,RECRUITING,RANDOMIZED,True,DOUBLE,2.0,True,True,PARALLEL,False,none/single-group,False,,,,,True,True,True,False,False,0,False,,False,False
NCT06094179,2023.0,2021-2026,PHASE1;PHASE2,drug,3,33.0,INDUSTRY,ACTIVE_NOT_RECRUITING,RANDOMIZED,True,DOUBLE,2.0,True,True,PARALLEL,False,none/single-group,False,,,,,False,True,True,False,False,0,False,,False,False
NCT07599878,2022.0,2021-2026,NA,drug,3,32.0,OTHER,COMPLETED,NON_RANDOMIZED,False,NONE,0.0,False,False,PARALLEL,True,active,True,,,,,False,True,True,False,False,0,False,YES,True,True
NCT07487831,2026.0,2021-2026,PHASE4,drug,2,50.0,OTHER,NOT_YET_RECRUITING,RANDOMIZED,True,TRIPLE,3.0,True,True,CROSSOVER,False,none/single-group,False,,,,,True,False,False,False,False,0,False,YES,True,False
NCT00351052,2001.0,<=2015,PHASE3,drug,2,184.0,INDUSTRY,COMPLETED,RANDOMIZED,True,DOUBLE,2.0,True,True,PARALLEL,True,placebo/sham,True,,,,,True,True,False,False,False,0,False,,False,
NCT05870865,2023.0,2021-2026,PHASE2,drug,4,144.0,INDUSTRY,COMPLETED,RANDOMIZED,True,QUADRUPLE,4.0,True,True,PARALLEL,True,placebo/sham,True,144.0,131.0,0.09027777777777779,True,False,True,True,True,False,0,False,NO,False,False
NCT00991198,2009.0,<=2015,PHASE2,drug,3,49.0,INDUSTRY,COMPLETED,RANDOMIZED,True,TRIPLE,3.0,True,True,PARALLEL,False,placebo/sham,True,,,,,False,True,True,False,False,0,False,,False,False
NCT06283550,2024.0,2021-2026,PHASE2,drug,3,82.0,OTHER,COMPLETED,RANDOMIZED,True,QUADRUPLE,4.0,True,True,PARALLEL,True,placebo/sham,True,,,,,False,True,True,False,False,0,False,NO,False,False
NCT00117377,2004.0,<=2015,PHASE4,drug,2,70.0,INDUSTRY,COMPLETED,RANDOMIZED,True,DOUBLE,2.0,True,True,PARALLEL,False,placebo/sham,True,,,,,True,True,False,False,False,0,False,,False,
NCT03349060,2017.0,2016-2020,PHASE3,drug,3,387.0,INDUSTRY,COMPLETED,RANDOMIZED,True,QUADRUPLE,4.0,True,True,PARALLEL,True,placebo/sham,True,387.0,333.0,0.13953488372093026,True,True,True,True,True,False,14,True,YES,True,True
NCT02965118,2016.0,2016-2020,PHASE3,drug,2,240.0,INDUSTRY,COMPLETED,RANDOMIZED,True,QUADRUPLE,4.0,True,True,PARALLEL,True,placebo/sham,True,,,,,True,True,False,False,False,0,False,NO,False,True
NCT01119313,2010.0,<=2015,PHASE2,drug,2,20.0,INDUSTRY,COMPLETED,RANDOMIZED,True,DOUBLE,2.0,True,True,FACTORIAL,False,active,True,,,,,False,True,False,False,False,1,True,,False,False
NCT06026891,2024.0,2021-2026,PHASE3,drug,2,498.0,INDUSTRY,UNKNOWN,RANDOMIZED,True,QUADRUPLE,4.0,True,True,PARALLEL,True,placebo/sham,True,,,,,True,True,False,False,False,0,False,NO,False,False
NCT02094287,2010.0,<=2015,NA,drug,4,166.0,OTHER,COMPLETED,RANDOMIZED,True,SINGLE,1.0,True,False,PARALLEL,True,none/single-group,False,,,,,False,True,True,False,False,0,False,,False,False
NCT00882245,2009.0,<=2015,PHASE2,drug,2,93.0,INDUSTRY,COMPLETED,RANDOMIZED,True,QUADRUPLE,4.0,True,True,PARALLEL,True,placebo/sham,True,,,,,False,True,False,False,False,1,True,,False,False
NCT07216027,2025.0,2021-2026,PHASE2,drug,4,165.0,INDUSTRY,RECRUITING,RANDOMIZED,True,QUADRUPLE,4.0,True,True,PARALLEL,True,placebo/sham,True,,,,,False,True,True,False,False,0,False,YES,True,True
NCT07698756,2026.0,2021-2026,PHASE1,drug,2,74.0,INDUSTRY,NOT_YET_RECRUITING,RANDOMIZED,True,QUADRUPLE,4.0,True,True,PARALLEL,True,none/single-group,False,,,,,False,True,False,False,False,0,False,UNDECIDED,False,
NCT02300701,2014.0,<=2015,PHASE4,drug,2,62.0,OTHER,COMPLETED,RANDOMIZED,True,QUADRUPLE,4.0,True,True,PARALLEL,False,placebo/sham,True,,,,,True,True,False,False,False,2,True,,False,True
NCT03954158,2019.0,2016-2020,PHASE2,drug,2,81.0,INDUSTRY,COMPLETED,RANDOMIZED,True,QUADRUPLE,4.0,True,True,PARALLEL,True,none/single-group,False,81.0,81.0,0.0,True,False,True,False,True,False,0,False,YES,True,
NCT02411162,2015.0,<=2015,PHASE1,drug,1,15.0,INDUSTRY,COMPLETED,NON_RANDOMIZED,False,NONE,0.0,False,False,SINGLE_GROUP,False,none/single-group,False,,,,,False,False,False,False,False,0,False,,False,False
NCT00946478,2009.0,<=2015,NA,drug,2,40.0,OTHER,COMPLETED,RANDOMIZED,True,DOUBLE,2.0,True,True,PARALLEL,True,placebo/sham,True,40.0,40.0,0.0,True,False,True,False,True,False,0,False,,False,False
NCT07264335,2026.0,2021-2026,PHASE1,drug,2,160.0,INDUSTRY,ACTIVE_NOT_RECRUITING,RANDOMIZED,True,NONE,0.0,False,False,PARALLEL,True,none/single-group,False,,,,,False,True,False,False,False,0,False,UNDECIDED,False,
NCT04065633,2019.0,2016-2020,PHASE1,drug,4,46.0,INDUSTRY,COMPLETED,RANDOMIZED,True,NONE,0.0,False,False,CROSSOVER,True,none/single-group,False,,,,,False,False,True,False,False,0,False,NO,False,False
NCT06787586,2025.0,2021-2026,PHASE1,drug,6,108.0,INDUSTRY,ACTIVE_NOT_RECRUITING,RANDOMIZED,True,QUADRUPLE,4.0,True,True,SEQUENTIAL,True,placebo/sham,True,,,,,False,True,True,False,False,0,False,NO,False,True
NCT03989206,2019.0,2016-2020,PHASE3,drug,1,1700.0,INDUSTRY,ACTIVE_NOT_RECRUITING,NA,False,NONE,0.0,False,False,SINGLE_GROUP,True,none/single-group,False,,,,,True,True,False,False,False,2,True,NO,False,True
NCT04612062,2020.0,2016-2020,PHASE1,drug,2,28.0,INDUSTRY,COMPLETED,NON_RANDOMIZED,False,NONE,0.0,False,False,SEQUENTIAL,False,none/single-group,False,,,,,False,True,False,False,False,0,False,YES,True,False
NCT05608343,2022.0,2021-2026,PHASE3,drug,2,153.0,INDUSTRY,COMPLETED,RANDOMIZED,True,QUADRUPLE,4.0,True,True,SEQUENTIAL,True,placebo/sham,True,,,,,True,True,False,False,False,0,False,NO,False,False
NCT05613062,2023.0,2021-2026,PHASE1;PHASE2,drug,2,20.0,OTHER,UNKNOWN,RANDOMIZED,True,QUADRUPLE,4.0,True,True,PARALLEL,False,placebo/sham,True,,,,,False,True,False,False,False,0,False,NO,False,True
NCT05486117,2022.0,2021-2026,PHASE1,drug,1,15.0,INDUSTRY,COMPLETED,NA,False,NONE,0.0,False,False,SINGLE_GROUP,False,none/single-group,False,,,,,False,True,False,False,False,1,True,NO,False,
NCT07550452,2026.0,2021-2026,NA,drug,1,300.0,OTHER,NOT_YET_RECRUITING,NA,False,NONE,0.0,False,False,SINGLE_GROUP,True,none/single-group,False,,,,,False,True,False,False,False,0,False,YES,True,
NCT02176577,2012.0,<=2015,PHASE3,drug,1,0.0,INDUSTRY,WITHDRAWN,NA,False,NONE,0.0,False,False,SINGLE_GROUP,False,none/single-group,False,,,,,True,True,False,False,False,0,False,,False,False
NCT05718921,2023.0,2021-2026,PHASE1,drug,12,54.0,INDUSTRY,COMPLETED,RANDOMIZED,True,TRIPLE,3.0,True,True,SEQUENTIAL,True,placebo/sham,True,,,,,False,True,True,False,False,0,False,NO,False,False
NCT01552629,2012.0,<=2015,PHASE2,drug,3,22.0,INDUSTRY,COMPLETED,RANDOMIZED,True,DOUBLE,2.0,True,True,PARALLEL,False,placebo/sham,True,,,,,False,True,True,False,False,0,False,,False,
NCT03667651,2018.0,2016-2020,PHASE3,drug,2,760.0,OTHER,ACTIVE_NOT_RECRUITING,RANDOMIZED,True,SINGLE,1.0,True,False,PARALLEL,True,active,True,,,,,True,False,False,False,False,1,True,UNDECIDED,False,True
NCT02182570,2001.0,<=2015,PHASE3,drug,1,62.0,INDUSTRY,COMPLETED,NA,False,NONE,0.0,False,False,SINGLE_GROUP,False,none/single-group,False,,,,,True,True,False,False,False,0,False,,False,
NCT03634345,2018.0,2016-2020,PHASE1,drug,1,24.0,INDUSTRY,COMPLETED,,False,NONE,0.0,False,False,PARALLEL,False,none/single-group,False,,,,,False,False,False,False,False,2,True,NO,False,False
NCT06554847,2024.0,2021-2026,PHASE3,drug,3,400.0,INDUSTRY,ACTIVE_NOT_RECRUITING,RANDOMIZED,True,QUADRUPLE,4.0,True,True,PARALLEL,True,placebo/sham,True,,,,,True,True,True,False,False,0,False,NO,False,False
NCT01447758,2011.0,<=2015,PHASE1,drug,2,58.0,INDUSTRY,TERMINATED,RANDOMIZED,True,DOUBLE,2.0,True,True,PARALLEL,True,placebo/sham,True,,,,,False,True,False,False,False,0,False,NO,False,False
NCT03562377,2018.0,2016-2020,PHASE2,drug,2,215.0,INDUSTRY,COMPLETED,RANDOMIZED,True,DOUBLE,2.0,True,True,PARALLEL,True,placebo/sham,True,215.0,189.0,0.1209302325581395,True,False,True,False,True,False,0,False,NO,False,False
NCT04921969,2021.0,2021-2026,PHASE3,drug,3,330.0,INDUSTRY,COMPLETED,RANDOMIZED,True,TRIPLE,3.0,True,True,PARALLEL,True,placebo/sham,True,330.0,284.0,0.1393939393939394,True,True,True,True,True,False,1,True,YES,True,False
NCT00257569,2005.0,<=2015,PHASE3,drug,0,278.0,INDUSTRY,COMPLETED,RANDOMIZED,True,DOUBLE,2.0,True,True,PARALLEL,True,none/single-group,False,,,,,True,True,False,False,False,0,False,,False,False
NCT03745651,2018.0,2016-2020,PHASE3,drug,7,618.0,INDUSTRY,COMPLETED,RANDOMIZED,True,QUADRUPLE,4.0,True,True,PARALLEL,True,placebo/sham,True,618.0,538.0,0.12944983818770228,True,True,True,True,True,False,10,True,NO,False,False
NCT04520308,2020.0,2016-2020,PHASE4,drug,1,45.0,OTHER,UNKNOWN,NA,False,NONE,0.0,False,False,SINGLE_GROUP,False,none/single-group,False,,,,,True,False,False,False,False,0,False,NO,False,False
NCT03750643,2018.0,2016-2020,PHASE1,drug,6,128.0,INDUSTRY,COMPLETED,RANDOMIZED,True,TRIPLE,3.0,True,True,PARALLEL,True,placebo/sham,True,,,,,False,True,True,False,False,0,False,NO,False,False
NCT00121316,2004.0,<=2015,PHASE4,drug,2,200.0,INDUSTRY,COMPLETED,RANDOMIZED,True,DOUBLE,2.0,True,True,PARALLEL,True,placebo/sham,True,,,,,True,True,False,False,False,0,False,,False,
NCT04893941,2020.0,2016-2020,PHASE1;PHASE2,drug,5,39.0,INDUSTRY,COMPLETED,RANDOMIZED,True,QUADRUPLE,4.0,True,True,SEQUENTIAL,False,placebo/sham,True,,,,,False,True,True,False,False,1,True,NO,False,
NCT07533851,2026.0,2021-2026,PHASE1,drug,2,31.0,INDUSTRY,COMPLETED,RANDOMIZED,True,NONE,0.0,False,False,CROSSOVER,True,none/single-group,False,,,,,False,True,False,False,False,0,False,,False,False
NCT04313400,2020.0,2016-2020,PHASE1;PHASE2,drug,3,91.0,INDUSTRY,COMPLETED,RANDOMIZED,True,QUADRUPLE,4.0,True,True,PARALLEL,True,placebo/sham,True,91.0,84.0,0.07692307692307687,True,False,True,True,True,False,2,True,NO,False,
NCT07690371,2026.0,2021-2026,PHASE3,drug,6,510.0,INDUSTRY,RECRUITING,RANDOMIZED,True,QUADRUPLE,4.0,True,True,PARALLEL,True,placebo/sham,True,,,,,True,True,True,False,False,0,False,NO,False,True
NCT05259722,2022.0,2021-2026,PHASE3,drug,2,513.0,INDUSTRY,COMPLETED,RANDOMIZED,True,SINGLE,1.0,True,False,PARALLEL,True,active,True,513.0,373.0,0.2729044834307992,False,True,True,False,True,True,0,False,NO,False,
NCT00697710,2007.0,<=2015,PHASE1;PHASE2,drug,3,37.0,INDUSTRY,COMPLETED,RANDOMIZED,True,DOUBLE,2.0,True,True,PARALLEL,False,none/single-group,False,,,,,False,True,True,False,False,0,False,,False,False
NCT02120833,2014.0,<=2015,PHASE3,both,2,51.0,INDUSTRY,COMPLETED,RANDOMIZED,True,TRIPLE,3.0,True,True,PARALLEL,False,active,True,51.0,46.0,0.0980392156862745,True,True,True,False,True,False,0,False,,False,False
NCT02426359,2015.0,<=2015,PHASE2,drug,2,57.0,INDUSTRY,COMPLETED,RANDOMIZED,True,QUADRUPLE,4.0,True,True,PARALLEL,True,placebo/sham,True,,,,,False,True,False,False,False,0,False,,False,False
NCT02376049,2015.0,<=2015,PHASE1,drug,4,30.0,INDUSTRY,COMPLETED,RANDOMIZED,True,DOUBLE,2.0,True,True,SINGLE_GROUP,True,placebo/sham,True,,,,,False,True,True,False,False,0,False,NO,False,False
NCT06920693,2025.0,2021-2026,PHASE1,drug,2,40.0,INDUSTRY,ACTIVE_NOT_RECRUITING,RANDOMIZED,True,DOUBLE,2.0,True,True,PARALLEL,True,placebo/sham,True,,,,,False,True,False,False,False,0,False,,False,
NCT01993420,2013.0,<=2015,PHASE2,drug,2,21.0,INDUSTRY,COMPLETED,RANDOMIZED,True,TRIPLE,3.0,True,True,PARALLEL,False,placebo/sham,True,,,,,False,True,False,False,False,0,False,,False,False
NCT07027527,2025.0,2021-2026,PHASE1,drug,2,86.0,INDUSTRY,ACTIVE_NOT_RECRUITING,RANDOMIZED,True,NONE,0.0,False,False,PARALLEL,True,active,True,,,,,False,True,False,False,False,0,False,NO,False,False
NCT02888704,2016.0,2016-2020,PHASE1,drug,1,13.0,INDUSTRY,COMPLETED,NA,False,NONE,0.0,False,False,SINGLE_GROUP,False,none/single-group,False,,,,,False,True,False,False,False,0,False,NO,False,False
NCT01856764,2013.0,<=2015,PHASE2,drug,2,40.0,INDUSTRY,COMPLETED,RANDOMIZED,True,QUADRUPLE,4.0,True,True,PARALLEL,False,placebo/sham,True,40.0,40.0,0.0,True,False,True,False,True,False,0,False,,False,False
NCT06224348,2024.0,2021-2026,PHASE3,drug,3,643.0,INDUSTRY,COMPLETED,RANDOMIZED,True,QUADRUPLE,4.0,True,True,PARALLEL,True,placebo/sham,True,,,,,True,True,True,False,False,0,False,YES,True,True
NCT01337635,2010.0,<=2015,NA,drug,2,7.0,OTHER,TERMINATED,RANDOMIZED,True,SINGLE,1.0,True,False,PARALLEL,False,active,True,7.0,6.0,0.1428571428571429,True,False,True,False,True,False,0,False,,False,False
NCT01497119,2011.0,<=2015,PHASE2,drug,3,88.0,INDUSTRY,TERMINATED,RANDOMIZED,True,DOUBLE,2.0,True,True,PARALLEL,True,placebo/sham,True,,,,,False,True,True,False,False,0,False,,False,False
NCT00226057,2005.0,<=2015,PHASE1,drug,1,10.0,OTHER,COMPLETED,NA,False,NONE,0.0,False,False,SINGLE_GROUP,False,none/single-group,False,,,,,False,True,False,False,False,0,False,,False,
NCT03575871,2018.0,2016-2020,PHASE3,drug,3,391.0,INDUSTRY,COMPLETED,RANDOMIZED,True,QUADRUPLE,4.0,True,True,PARALLEL,True,placebo/sham,True,391.0,330.0,0.15601023017902815,True,True,True,True,True,False,15,True,YES,True,True
NCT01826461,2013.0,<=2015,PHASE2,drug,3,151.0,INDUSTRY,COMPLETED,RANDOMIZED,True,DOUBLE,2.0,True,True,PARALLEL,True,placebo/sham,True,,,,,False,True,True,False,False,0,False,,False,False
NCT04021862,2019.0,2016-2020,PHASE2,drug,3,87.0,INDUSTRY,COMPLETED,RANDOMIZED,True,QUADRUPLE,4.0,True,True,SEQUENTIAL,True,placebo/sham,True,87.0,82.0,0.05747126436781613,True,False,True,True,True,False,0,False,YES,True,False
NCT06248814,2024.0,2021-2026,PHASE1,drug,3,64.0,INDUSTRY,COMPLETED,RANDOMIZED,True,QUADRUPLE,4.0,True,True,CROSSOVER,True,none/single-group,False,,,,,False,True,True,False,False,0,False,NO,False,False
NCT04447417,2020.0,2016-2020,PHASE4,drug,2,52.0,INDUSTRY,COMPLETED,NON_RANDOMIZED,False,NONE,0.0,False,False,PARALLEL,False,no-intervention,True,52.0,49.0,0.05769230769230771,True,True,True,False,True,False,0,False,YES,True,False
NCT06808477,2025.0,2021-2026,PHASE1,drug,11,237.0,INDUSTRY,RECRUITING,RANDOMIZED,True,TRIPLE,3.0,True,True,PARALLEL,True,placebo/sham,True,,,,,False,True,True,False,False,0,False,NO,False,True
NCT01142999,2010.0,<=2015,NA,drug,2,46.0,OTHER,UNKNOWN,RANDOMIZED,True,SINGLE,1.0,True,False,PARALLEL,True,active,True,,,,,False,False,False,False,False,0,False,,False,False
NCT01359787,2011.0,<=2015,PHASE2,drug,4,197.0,INDUSTRY,COMPLETED,RANDOMIZED,True,QUADRUPLE,4.0,True,True,PARALLEL,True,placebo/sham,True,,,,,False,True,True,False,False,0,False,,False,False
NCT06673654,2023.0,2021-2026,PHASE1,drug,3,476.0,INDUSTRY,COMPLETED,RANDOMIZED,True,SINGLE,1.0,True,False,PARALLEL,True,placebo/sham,True,,,,,False,True,True,False,False,0,False,NO,False,False
NCT01423656,2011.0,<=2015,PHASE1,drug,2,102.0,INDUSTRY,COMPLETED,RANDOMIZED,True,SINGLE,1.0,True,False,PARALLEL,True,placebo/sham,True,,,,,False,False,False,False,False,0,False,NO,False,False
NCT01033097,2009.0,<=2015,PHASE2,drug,9,80.0,INDUSTRY,COMPLETED,RANDOMIZED,True,QUADRUPLE,4.0,True,True,PARALLEL,True,placebo/sham,True,,,,,False,True,True,False,False,0,False,,False,
NCT03250624,2016.0,2016-2020,PHASE2,drug,2,63.0,INDUSTRY,COMPLETED,RANDOMIZED,True,SINGLE,1.0,True,False,PARALLEL,True,placebo/sham,True,63.0,54.0,0.1428571428571429,True,False,False,False,True,False,0,False,,False,False
NCT04693195,2020.0,2016-2020,PHASE2,drug,2,142.0,INDUSTRY,COMPLETED,RANDOMIZED,True,QUADRUPLE,4.0,True,True,PARALLEL,True,placebo/sham,True,,,,,False,True,False,False,False,0,False,NO,False,False
NCT00789880,2008.0,<=2015,PHASE2,drug,2,82.0,NIH,COMPLETED,RANDOMIZED,True,QUADRUPLE,4.0,True,True,PARALLEL,True,placebo/sham,True,82.0,76.0,0.07317073170731703,True,False,True,False,True,True,0,False,YES,True,True
NCT04220411,2020.0,2016-2020,PHASE1;PHASE2,drug,4,17.0,INDUSTRY,TERMINATED,NON_RANDOMIZED,False,NONE,0.0,False,False,SEQUENTIAL,False,none/single-group,False,17.0,16.0,0.05882352941176472,True,False,True,True,True,False,0,False,NO,False,True
NCT07542483,2026.0,2021-2026,PHASE3,drug,4,270.0,INDUSTRY,NOT_YET_RECRUITING,RANDOMIZED,True,DOUBLE,2.0,True,True,PARALLEL,True,placebo/sham,True,,,,,True,True,True,False,False,0,False,NO,False,False
NCT07560618,2026.0,2021-2026,PHASE4,drug,1,40.0,INDUSTRY,NOT_YET_RECRUITING,NA,False,NONE,0.0,False,False,SINGLE_GROUP,False,none/single-group,False,,,,,True,True,False,False,False,0,False,NO,False,False
NCT03661138,2018.0,2016-2020,PHASE3,drug,4,272.0,INDUSTRY,COMPLETED,RANDOMIZED,True,QUADRUPLE,4.0,True,True,PARALLEL,True,none/single-group,False,,,,,True,True,True,False,False,4,True,YES,True,True
NCT04760314,2021.0,2021-2026,PHASE3,drug,3,286.0,INDUSTRY,COMPLETED,RANDOMIZED,True,DOUBLE,2.0,True,True,PARALLEL,True,placebo/sham,True,286.0,282.0,0.013986013986013957,True,True,True,True,True,False,1,True,YES,True,True
NCT04544943,2021.0,2021-2026,PHASE1,drug,3,31.0,OTHER,COMPLETED,RANDOMIZED,True,DOUBLE,2.0,True,True,PARALLEL,True,placebo/sham,True,,,,,False,True,True,False,False,0,False,NO,False,True
NCT03260595,2017.0,2016-2020,PHASE1,drug,2,32.0,INDUSTRY,COMPLETED,RANDOMIZED,True,TRIPLE,3.0,True,True,PARALLEL,True,placebo/sham,True,32.0,32.0,0.0,True,False,False,False,True,False,0,False,NO,False,False
NCT03047954,2003.0,<=2015,PHASE3,drug,2,179.0,INDUSTRY,COMPLETED,RANDOMIZED,True,QUADRUPLE,4.0,True,True,PARALLEL,True,placebo/sham,True,,,,,True,False,False,False,False,0,False,NO,False,False
NCT05355818,2022.0,2021-2026,PHASE3,drug,2,98.0,INDUSTRY,COMPLETED,RANDOMIZED,True,TRIPLE,3.0,True,True,PARALLEL,False,placebo/sham,True,98.0,92.0,0.061224489795918324,True,True,True,False,True,False,1,True,NO,False,True
NCT06447506,2024.0,2021-2026,PHASE2,drug,9,79.0,INDUSTRY,TERMINATED,NON_RANDOMIZED,False,DOUBLE,2.0,True,True,PARALLEL,True,placebo/sham,True,79.0,0.0,1.0,False,False,True,True,True,False,0,False,YES,True,True
NCT05882877,2023.0,2021-2026,PHASE3,drug,7,2621.0,INDUSTRY,TERMINATED,RANDOMIZED,True,DOUBLE,2.0,True,True,PARALLEL,True,placebo/sham,True,,,,,True,True,True,False,False,0,False,YES,True,True
NCT01179880,2010.0,<=2015,PHASE1;PHASE2,drug,2,40.0,INDUSTRY,COMPLETED,RANDOMIZED,True,NONE,0.0,False,False,PARALLEL,False,placebo/sham,True,,,,,False,True,False,False,False,1,True,,False,
NCT07211542,2025.0,2021-2026,PHASE2,drug,3,75.0,INDUSTRY,RECRUITING,RANDOMIZED,True,QUADRUPLE,4.0,True,True,PARALLEL,True,placebo/sham,True,,,,,False,True,True,False,False,0,False,UNDECIDED,False,
NCT01132079,2005.0,<=2015,NA,drug,2,15.0,OTHER,COMPLETED,RANDOMIZED,True,QUADRUPLE,4.0,True,True,PARALLEL,False,active,True,,,,,False,False,False,False,True,0,False,,False,
NCT01605708,2012.0,<=2015,PHASE1;PHASE2,drug,1,19.0,INDUSTRY,TERMINATED,RANDOMIZED,True,TRIPLE,3.0,True,True,SINGLE_GROUP,False,none/single-group,False,,,,,False,True,False,False,False,0,False,,False,False
NCT07525505,2026.0,2021-2026,NA,drug,2,85.0,OTHER,RECRUITING,RANDOMIZED,True,SINGLE,1.0,True,False,PARALLEL,True,active,True,,,,,False,True,False,False,False,0,False,UNDECIDED,False,False
NCT03831191,2019.0,2016-2020,PHASE2,drug,4,136.0,INDUSTRY,TERMINATED,RANDOMIZED,True,DOUBLE,2.0,True,True,PARALLEL,True,placebo/sham,True,136.0,48.0,0.6470588235294117,False,False,True,True,True,False,0,False,YES,True,False
NCT07604324,2026.0,2021-2026,PHASE1,drug,14,63.0,INDUSTRY,RECRUITING,RANDOMIZED,True,DOUBLE,2.0,True,True,PARALLEL,True,placebo/sham,True,,,,,False,True,True,False,False,0,False,NO,False,
NCT05633355,2023.0,2021-2026,PHASE3,drug,1,187.0,INDUSTRY,COMPLETED,NA,False,NONE,0.0,False,False,SINGLE_GROUP,True,none/single-group,False,,,,,True,True,False,False,False,0,False,YES,True,True
NCT01859988,2013.0,<=2015,PHASE2,drug,6,380.0,INDUSTRY,COMPLETED,RANDOMIZED,True,QUADRUPLE,4.0,True,True,PARALLEL,True,none/single-group,False,380.0,277.0,0.2710526315789473,False,False,True,True,True,True,3,True,,False,False
NCT04598269,2020.0,2016-2020,PHASE2,drug,2,50.0,INDUSTRY,COMPLETED,RANDOMIZED,True,QUADRUPLE,4.0,True,True,PARALLEL,True,placebo/sham,True,50.0,39.0,0.21999999999999997,False,False,True,False,True,False,1,True,,False,False
NCT01732510,2012.0,<=2015,PHASE1,drug,7,65.0,INDUSTRY,TERMINATED,RANDOMIZED,True,QUADRUPLE,4.0,True,True,PARALLEL,True,placebo/sham,True,65.0,24.0,0.6307692307692307,False,False,True,True,True,False,0,False,YES,True,False
NCT07465120,2026.0,2021-2026,PHASE2,drug,4,160.0,INDUSTRY,NOT_YET_RECRUITING,RANDOMIZED,True,QUADRUPLE,4.0,True,True,PARALLEL,True,placebo/sham,True,,,,,False,True,True,False,False,0,False,NO,False,True
NCT02404493,2015.0,<=2015,NA,both,2,23.0,INDUSTRY,TERMINATED,RANDOMIZED,True,TRIPLE,3.0,True,True,PARALLEL,False,active,True,23.0,21.0,0.08695652173913049,True,False,True,False,True,False,0,False,,False,False
NCT05945810,2023.0,2021-2026,PHASE1,drug,2,28.0,INDUSTRY,COMPLETED,RANDOMIZED,True,NONE,0.0,False,False,CROSSOVER,False,none/single-group,False,,,,,False,True,False,False,False,0,False,NO,False,False
NCT05048056,2021.0,2021-2026,PHASE2,drug,3,79.0,INDUSTRY,TERMINATED,RANDOMIZED,True,QUADRUPLE,4.0,True,True,PARALLEL,True,none/single-group,False,,,,,False,True,True,False,False,0,False,NO,False,False
NCT06397781,2031.0,2021-2026,PHASE4,drug,1,100.0,OTHER,NOT_YET_RECRUITING,NA,False,NONE,0.0,False,False,SINGLE_GROUP,True,none/single-group,False,,,,,True,True,False,False,False,0,False,,False,False
NCT04110873,2018.0,2016-2020,PHASE2,drug,3,14.0,OTHER,TERMINATED,RANDOMIZED,True,TRIPLE,3.0,True,True,PARALLEL,False,placebo/sham,True,,,,,False,True,True,False,False,0,False,,False,True
NCT03297502,2016.0,2016-2020,PHASE3,drug,3,582.0,INDUSTRY,COMPLETED,RANDOMIZED,True,QUADRUPLE,4.0,True,True,PARALLEL,True,placebo/sham,True,,,,,True,True,True,False,False,0,False,,False,False
NCT07190430,2025.0,2021-2026,PHASE1,drug,6,16.0,INDUSTRY,ACTIVE_NOT_RECRUITING,NON_RANDOMIZED,False,NONE,0.0,False,False,SEQUENTIAL,False,none/single-group,False,,,,,False,False,True,False,False,0,False,NO,False,False
NCT07298395,2025.0,2021-2026,PHASE2,drug,2,60.0,INDUSTRY,RECRUITING,RANDOMIZED,True,QUADRUPLE,4.0,True,True,PARALLEL,True,placebo/sham,True,,,,,False,True,False,False,False,0,False,NO,False,False
NCT07377838,2026.0,2021-2026,PHASE3,drug,2,286.0,INDUSTRY,NOT_YET_RECRUITING,RANDOMIZED,True,QUADRUPLE,4.0,True,True,PARALLEL,True,placebo/sham,True,,,,,True,True,False,False,False,0,False,NO,False,False
NCT05019209,2021.0,2021-2026,NA,drug,1,23.0,OTHER,COMPLETED,NA,False,NONE,0.0,False,False,SINGLE_GROUP,False,none/single-group,False,,,,,False,False,False,False,False,0,False,NO,False,False
NCT00927212,2009.0,<=2015,PHASE2,drug,2,5.0,INDUSTRY,TERMINATED,RANDOMIZED,True,QUADRUPLE,4.0,True,True,PARALLEL,False,none/single-group,False,,,,,False,True,False,False,False,0,False,,False,False
NCT06035354,2021.0,2021-2026,PHASE1;PHASE2,drug,10,427.0,INDUSTRY,COMPLETED,RANDOMIZED,True,QUADRUPLE,4.0,True,True,PARALLEL,True,placebo/sham,True,,,,,False,True,True,False,False,0,False,NO,False,
NCT07386743,2026.0,2021-2026,PHASE3,drug,2,572.0,INDUSTRY,NOT_YET_RECRUITING,RANDOMIZED,True,QUADRUPLE,4.0,True,True,PARALLEL,True,active,True,,,,,True,True,False,False,False,0,False,,False,
NCT02058186,2011.0,<=2015,NA,drug,2,20.0,OTHER,COMPLETED,RANDOMIZED,True,DOUBLE,2.0,True,True,FACTORIAL,False,placebo/sham,True,,,,,False,True,False,False,False,1,True,,False,
NCT03386032,2017.0,2016-2020,PHASE3,drug,3,65.0,INDUSTRY,COMPLETED,RANDOMIZED,True,TRIPLE,3.0,True,True,PARALLEL,False,placebo/sham,True,65.0,40.0,0.3846153846153846,False,True,True,True,True,False,0,False,NO,False,False
NCT02068352,2014.0,<=2015,PHASE2,drug,3,121.0,INDUSTRY,COMPLETED,RANDOMIZED,True,DOUBLE,2.0,True,True,PARALLEL,True,placebo/sham,True,121.0,94.0,0.22314049586776863,False,False,True,True,True,False,0,False,YES,True,True
NCT00510003,2004.0,<=2015,PHASE4,drug,0,117.0,INDUSTRY,COMPLETED,RANDOMIZED,True,DOUBLE,2.0,True,True,PARALLEL,True,none/single-group,False,,,,,True,True,False,False,False,0,False,,False,
NCT06810050,2024.0,2021-2026,PHASE2,drug,3,180.0,INDUSTRY,COMPLETED,RANDOMIZED,True,QUADRUPLE,4.0,True,True,PARALLEL,True,placebo/sham,True,,,,,False,True,True,False,False,0,False,UNDECIDED,False,False
NCT00667160,2002.0,<=2015,PHASE4,drug,2,426.0,INDUSTRY,COMPLETED,RANDOMIZED,True,SINGLE,1.0,True,False,PARALLEL,True,active,True,,,,,True,True,False,False,False,0,False,,False,False
NCT01695707,2013.0,<=2015,NA,drug,2,0.0,OTHER,WITHDRAWN,RANDOMIZED,True,QUADRUPLE,4.0,True,True,PARALLEL,False,placebo/sham,True,,,,,False,True,False,False,False,0,False,,False,True
NCT02655679,2015.0,<=2015,PHASE1;PHASE2,drug,5,104.0,INDUSTRY,COMPLETED,RANDOMIZED,True,QUADRUPLE,4.0,True,True,PARALLEL,True,placebo/sham,True,104.0,92.0,0.11538461538461542,True,False,True,True,True,False,1,True,,False,False
NCT06238817,2024.0,2021-2026,PHASE3,drug,5,241.0,INDUSTRY,COMPLETED,RANDOMIZED,True,QUADRUPLE,4.0,True,True,PARALLEL,True,placebo/sham,True,241.0,215.0,0.10788381742738584,True,True,True,True,True,False,0,False,YES,True,False
NCT07235384,2025.0,2021-2026,PHASE1,drug,2,84.0,INDUSTRY,RECRUITING,RANDOMIZED,True,TRIPLE,3.0,True,True,PARALLEL,True,none/single-group,False,,,,,False,True,False,False,False,0,False,NO,False,
NCT00721331,2008.0,<=2015,PHASE1,drug,5,20.0,INDUSTRY,COMPLETED,RANDOMIZED,True,TRIPLE,3.0,True,True,FACTORIAL,False,placebo/sham,True,,,,,False,True,True,False,False,0,False,,False,False
NCT00690833,2007.0,<=2015,PHASE4,drug,1,41.0,OTHER,COMPLETED,NA,False,NONE,0.0,False,False,SINGLE_GROUP,False,none/single-group,False,41.0,39.0,0.04878048780487809,True,True,True,False,True,False,0,False,NO,False,False
NCT07558668,2025.0,2021-2026,PHASE1,drug,3,149.0,INDUSTRY,RECRUITING,RANDOMIZED,True,DOUBLE,2.0,True,True,SEQUENTIAL,True,none/single-group,False,,,,,False,True,True,False,False,0,False,,False,False
NCT01381445,2011.0,<=2015,PHASE1,drug,2,20.0,INDUSTRY,COMPLETED,RANDOMIZED,True,DOUBLE,2.0,True,True,CROSSOVER,False,none/single-group,False,,,,,False,False,False,False,False,0,False,YES,True,False
NCT00689832,2004.0,<=2015,PHASE4,drug,2,487.0,INDUSTRY,COMPLETED,RANDOMIZED,True,DOUBLE,2.0,True,True,PARALLEL,True,active,True,,,,,True,True,False,False,False,0,False,,False,False
NCT01224132,2007.0,<=2015,PHASE3,drug,2,40.0,OTHER,COMPLETED,RANDOMIZED,True,DOUBLE,2.0,True,True,PARALLEL,False,no-intervention,True,,,,,True,False,False,False,False,0,False,,False,False
NCT00903357,2009.0,<=2015,NA,drug,2,54.0,OTHER,COMPLETED,RANDOMIZED,True,TRIPLE,3.0,True,True,CROSSOVER,True,none/single-group,False,54.0,45.0,0.16666666666666663,True,False,True,False,True,False,0,False,,False,True
NCT04162899,2019.0,2016-2020,PHASE2,drug,3,105.0,INDUSTRY,COMPLETED,RANDOMIZED,True,DOUBLE,2.0,True,True,PARALLEL,True,active,True,105.0,84.0,0.19999999999999996,True,False,True,True,True,False,1,True,,False,False
NCT05158023,2022.0,2021-2026,PHASE2,drug,5,302.0,OTHER,COMPLETED,RANDOMIZED,True,QUADRUPLE,4.0,True,True,PARALLEL,True,placebo/sham,True,,,,,False,True,True,False,False,0,False,NO,False,True
NCT03985943,2019.0,2016-2020,PHASE3,drug,2,941.0,INDUSTRY,COMPLETED,RANDOMIZED,True,QUADRUPLE,4.0,True,True,PARALLEL,True,placebo/sham,True,941.0,856.0,0.09032943676939431,True,True,True,False,True,False,4,True,NO,False,True
NCT05200403,2022.0,2021-2026,PHASE4,both,2,72.0,OTHER,TERMINATED,RANDOMIZED,True,SINGLE,1.0,True,False,PARALLEL,False,active,True,72.0,60.0,0.16666666666666663,True,True,True,False,True,False,0,False,NO,False,False
NCT04626297,2020.0,2016-2020,PHASE3,drug,2,254.0,INDUSTRY,COMPLETED,RANDOMIZED,True,DOUBLE,2.0,True,True,PARALLEL,True,placebo/sham,True,254.0,201.0,0.2086614173228346,False,True,True,False,True,False,1,True,YES,True,True
NCT01949311,2013.0,<=2015,PHASE3,drug,1,2733.0,INDUSTRY,COMPLETED,NA,False,NONE,0.0,False,False,SINGLE_GROUP,True,none/single-group,False,2677.0,1297.0,0.5155024280911469,False,True,True,False,True,False,10,True,,False,False
NCT00757042,2008.0,<=2015,PHASE1,drug,2,78.0,INDUSTRY,COMPLETED,RANDOMIZED,True,DOUBLE,2.0,True,True,SEQUENTIAL,True,placebo/sham,True,78.0,75.0,0.038461538461538436,True,False,True,False,True,False,0,False,,False,
NCT06931990,2025.0,2021-2026,PHASE1;PHASE2,drug,2,24.0,INDUSTRY,NOT_YET_RECRUITING,RANDOMIZED,True,NONE,0.0,False,False,PARALLEL,False,none/single-group,False,,,,,False,True,False,False,False,0,False,,False,False
NCT04804605,2021.0,2021-2026,PHASE3,drug,1,1220.0,INDUSTRY,COMPLETED,NA,False,NONE,0.0,False,False,SINGLE_GROUP,True,none/single-group,False,1220.0,811.0,0.3352459016393443,False,True,True,False,True,False,0,False,,False,False
NCT02182557,2001.0,<=2015,PHASE3,drug,2,162.0,INDUSTRY,COMPLETED,RANDOMIZED,True,DOUBLE,2.0,True,True,PARALLEL,True,active,True,,,,,True,True,False,False,False,0,False,,False,
NCT02519556,2015.0,<=2015,PHASE4,drug,2,60.0,OTHER,COMPLETED,RANDOMIZED,True,TRIPLE,3.0,True,True,PARALLEL,False,placebo/sham,True,,,,,True,True,False,False,False,0,False,,False,True
NCT00673725,2008.0,<=2015,PHASE4,drug,1,49.0,INDUSTRY,COMPLETED,NON_RANDOMIZED,False,NONE,0.0,False,False,SINGLE_GROUP,False,none/single-group,False,,,,,True,True,False,False,False,0,False,,False,False
NCT04684485,2021.0,2021-2026,PHASE2,drug,4,250.0,INDUSTRY,COMPLETED,RANDOMIZED,True,DOUBLE,2.0,True,True,PARALLEL,True,placebo/sham,True,250.0,207.0,0.17200000000000004,True,False,True,True,True,False,0,False,,False,True
NCT06397911,2024.0,2021-2026,PHASE2,drug,2,114.0,INDUSTRY,RECRUITING,RANDOMIZED,True,QUADRUPLE,4.0,True,True,PARALLEL,True,placebo/sham,True,,,,,False,True,False,False,False,0,False,,False,True
NCT00152464,2002.0,<=2015,PHASE3,drug,2,514.0,INDUSTRY,COMPLETED,RANDOMIZED,True,QUADRUPLE,4.0,True,True,PARALLEL,True,placebo/sham,True,510.0,434.0,0.14901960784313728,True,True,True,False,True,False,0,False,,False,False
NCT07175233,2025.0,2021-2026,PHASE2,drug,4,184.0,INDUSTRY,NOT_YET_RECRUITING,RANDOMIZED,True,QUADRUPLE,4.0,True,True,PARALLEL,True,placebo/sham,True,,,,,False,True,True,False,False,0,False,NO,False,False
NCT03725722,2018.0,2016-2020,PHASE2,drug,5,251.0,INDUSTRY,COMPLETED,RANDOMIZED,True,DOUBLE,2.0,True,True,PARALLEL,True,placebo/sham,True,251.0,208.0,0.17131474103585653,True,False,True,True,True,False,0,False,NO,False,False
NCT06280716,2024.0,2021-2026,PHASE3,drug,5,301.0,INDUSTRY,ACTIVE_NOT_RECRUITING,RANDOMIZED,True,DOUBLE,2.0,True,True,PARALLEL,True,placebo/sham,True,,,,,True,True,True,False,False,0,False,YES,True,True
NCT07661979,2026.0,2021-2026,PHASE4,drug,2,50.0,OTHER,NOT_YET_RECRUITING,RANDOMIZED,True,SINGLE,1.0,True,False,PARALLEL,False,active,True,,,,,True,True,False,False,False,0,False,NO,False,False
NCT03394677,2018.0,2016-2020,PHASE2,drug,2,110.0,INDUSTRY,COMPLETED,RANDOMIZED,True,QUADRUPLE,4.0,True,True,PARALLEL,True,placebo/sham,True,,,,,False,True,False,False,False,0,False,UNDECIDED,False,False
NCT07592585,2026.0,2021-2026,PHASE3,drug,2,360.0,INDUSTRY,RECRUITING,RANDOMIZED,True,DOUBLE,2.0,True,True,PARALLEL,True,placebo/sham,True,,,,,True,True,False,False,False,0,False,,False,False
NCT05601882,2022.0,2021-2026,PHASE3,drug,4,920.0,INDUSTRY,COMPLETED,RANDOMIZED,True,NONE,0.0,False,False,PARALLEL,True,none/single-group,False,920.0,841.0,0.08586956521739131,True,True,True,True,True,False,1,True,YES,True,False
NCT07713186,2026.0,2021-2026,PHASE4,drug,2,40.0,OTHER,NOT_YET_RECRUITING,RANDOMIZED,True,DOUBLE,2.0,True,True,PARALLEL,False,active,True,,,,,True,True,False,False,False,0,False,NO,False,False
NCT02590289,2015.0,<=2015,PHASE1,drug,4,20.0,INDUSTRY,COMPLETED,RANDOMIZED,True,NONE,0.0,False,False,CROSSOVER,False,none/single-group,False,,,,,False,True,True,False,False,0,False,,False,False
NCT05923099,2023.0,2021-2026,PHASE2,drug,5,262.0,INDUSTRY,COMPLETED,RANDOMIZED,True,DOUBLE,2.0,True,True,PARALLEL,True,placebo/sham,True,262.0,198.0,0.2442748091603053,False,False,True,True,True,False,0,False,NO,False,False
NCT05571943,2022.0,2021-2026,PHASE3,drug,1,542.0,INDUSTRY,COMPLETED,NA,False,NONE,0.0,False,False,SINGLE_GROUP,True,none/single-group,False,,,,,True,True,False,False,False,0,False,NO,False,
NCT00666159,2002.0,<=2015,PHASE4,drug,2,226.0,INDUSTRY,COMPLETED,RANDOMIZED,True,SINGLE,1.0,True,False,PARALLEL,True,active,True,,,,,True,True,False,False,False,0,False,,False,False
NCT04195698,2020.0,2016-2020,PHASE3,drug,1,475.0,INDUSTRY,COMPLETED,NA,False,NONE,0.0,False,False,SINGLE_GROUP,True,none/single-group,False,475.0,411.0,0.13473684210526315,True,True,True,False,True,False,0,False,YES,True,False
NCT01139450,2008.0,<=2015,PHASE3,drug,3,899.0,INDUSTRY,COMPLETED,RANDOMIZED,True,QUADRUPLE,4.0,True,True,PARALLEL,True,placebo/sham,True,899.0,809.0,0.10011123470522798,True,True,True,True,True,False,0,False,,False,False
NCT07105488,2025.0,2021-2026,PHASE2,drug,3,225.0,INDUSTRY,RECRUITING,RANDOMIZED,True,QUADRUPLE,4.0,True,True,PARALLEL,True,placebo/sham,True,,,,,False,True,True,False,False,0,False,NO,False,False
NCT01945086,2013.0,<=2015,PHASE2,drug,3,79.0,INDUSTRY,COMPLETED,RANDOMIZED,True,QUADRUPLE,4.0,True,True,PARALLEL,True,placebo/sham,True,79.0,76.0,0.03797468354430378,True,False,True,True,True,False,0,False,,False,False
NCT05724199,2023.0,2021-2026,PHASE3,drug,3,746.0,INDUSTRY,COMPLETED,RANDOMIZED,True,DOUBLE,2.0,True,True,SEQUENTIAL,True,placebo/sham,True,,,,,True,True,True,False,False,0,False,YES,True,True
NCT02002208,2013.0,<=2015,PHASE2,drug,2,142.0,INDUSTRY,COMPLETED,RANDOMIZED,True,DOUBLE,2.0,True,True,PARALLEL,True,placebo/sham,True,139.0,62.0,0.5539568345323741,False,False,True,False,True,False,0,False,NO,False,False
NCT00878670,2009.0,<=2015,PHASE4,drug,0,23.0,INDUSTRY,COMPLETED,NA,False,NONE,0.0,False,False,SINGLE_GROUP,False,none/single-group,False,,,,,True,True,False,False,False,1,True,,False,False
NCT03775434,2018.0,2016-2020,PHASE1,drug,1,28.0,INDUSTRY,COMPLETED,NA,False,NONE,0.0,False,False,SINGLE_GROUP,False,none/single-group,False,28.0,25.0,0.1071428571428571,True,False,True,False,True,False,0,False,NO,False,False
NCT05017480,2021.0,2021-2026,PHASE2,drug,2,330.0,INDUSTRY,COMPLETED,RANDOMIZED,True,QUADRUPLE,4.0,True,True,PARALLEL,True,placebo/sham,True,330.0,311.0,0.05757575757575761,True,False,True,False,True,False,0,False,NO,False,
NCT00557284,2008.0,<=2015,PHASE4,drug,2,20.0,OTHER,COMPLETED,RANDOMIZED,True,TRIPLE,3.0,True,True,PARALLEL,False,placebo/sham,True,20.0,20.0,0.0,True,True,True,False,True,False,0,False,,False,False
NCT04154033,2020.0,2016-2020,PHASE2,drug,3,0.0,OTHER,WITHDRAWN,RANDOMIZED,True,QUADRUPLE,4.0,True,True,CROSSOVER,False,placebo/sham,True,,,,,False,True,True,False,False,0,False,NO,False,False
NCT07549828,2026.0,2021-2026,NA,drug,1,200.0,OTHER,NOT_YET_RECRUITING,NA,False,NONE,0.0,False,False,SINGLE_GROUP,True,none/single-group,False,,,,,False,False,False,False,False,0,False,NO,False,False
NCT06994520,2025.0,2021-2026,PHASE2,drug,2,60.0,OTHER,ACTIVE_NOT_RECRUITING,RANDOMIZED,True,TRIPLE,3.0,True,True,PARALLEL,True,active,True,,,,,False,True,False,False,False,0,False,,False,
NCT01244230,2010.0,<=2015,PHASE2;PHASE3,drug,3,100.0,INDUSTRY,COMPLETED,NON_RANDOMIZED,False,NONE,0.0,False,False,PARALLEL,True,none/single-group,False,,,,,True,True,True,False,False,0,False,,False,False
NCT03738423,2018.0,2016-2020,PHASE2,drug,5,129.0,INDUSTRY,TERMINATED,RANDOMIZED,True,QUADRUPLE,4.0,True,True,PARALLEL,True,none/single-group,False,129.0,59.0,0.5426356589147288,False,False,True,True,True,False,0,False,,False,True
NCT00125333,2005.0,<=2015,PHASE1;PHASE2,drug,0,75.0,INDUSTRY,COMPLETED,RANDOMIZED,True,DOUBLE,2.0,True,True,PARALLEL,True,none/single-group,False,,,,,False,True,False,False,False,0,False,,False,
NCT01979016,2013.0,<=2015,PHASE2,drug,2,54.0,INDUSTRY,COMPLETED,RANDOMIZED,True,QUADRUPLE,4.0,True,True,PARALLEL,True,none/single-group,False,54.0,51.0,0.05555555555555558,True,False,True,False,True,False,2,True,,False,False
NCT01228513,2010.0,<=2015,PHASE2,drug,4,263.0,INDUSTRY,COMPLETED,RANDOMIZED,True,QUADRUPLE,4.0,True,True,PARALLEL,True,placebo/sham,True,,,,,False,True,True,False,False,0,False,,False,False
NCT07330934,2025.0,2021-2026,PHASE2,drug,7,403.0,INDUSTRY,RECRUITING,RANDOMIZED,True,QUADRUPLE,4.0,True,True,PARALLEL,True,placebo/sham,True,,,,,False,True,True,False,False,0,False,,False,False
NCT03334435,2018.0,2016-2020,PHASE3,drug,16,1645.0,INDUSTRY,COMPLETED,RANDOMIZED,True,DOUBLE,2.0,True,True,PARALLEL,True,placebo/sham,True,1645.0,36.0,0.9781155015197568,False,True,True,True,True,False,6,True,YES,True,True
NCT03720470,2018.0,2016-2020,PHASE3,drug,5,838.0,INDUSTRY,COMPLETED,RANDOMIZED,True,QUADRUPLE,4.0,True,True,PARALLEL,True,placebo/sham,True,838.0,765.0,0.08711217183770881,True,True,True,True,True,False,13,True,YES,True,True
NCT05288543,2022.0,2021-2026,PHASE1,drug,3,63.0,INDUSTRY,TERMINATED,RANDOMIZED,True,QUADRUPLE,4.0,True,True,SEQUENTIAL,True,placebo/sham,True,,,,,False,True,True,False,False,0,False,,False,True
NCT01020994,2009.0,<=2015,PHASE2,drug,3,150.0,INDUSTRY,COMPLETED,RANDOMIZED,True,QUADRUPLE,4.0,True,True,PARALLEL,True,active,True,,,,,False,True,True,False,False,0,False,,False,False
NCT00822783,2001.0,<=2015,PHASE4,drug,2,,OTHER,COMPLETED,,False,,,False,False,,,placebo/sham,True,,,,,True,False,False,False,False,0,False,,False,False
NCT05692843,2022.0,2021-2026,PHASE4,drug,2,100.0,OTHER,UNKNOWN,NON_RANDOMIZED,False,NONE,0.0,False,False,SINGLE_GROUP,True,none/single-group,False,,,,,True,True,False,False,False,1,True,YES,True,True
NCT01782729,2008.0,<=2015,PHASE4,drug,1,30.0,INDUSTRY,COMPLETED,NA,False,NONE,0.0,False,False,SINGLE_GROUP,False,none/single-group,False,,,,,True,True,False,False,False,0,False,,False,False
NCT05439941,2022.0,2021-2026,PHASE2,drug,3,287.0,INDUSTRY,TERMINATED,RANDOMIZED,True,NONE,0.0,False,False,PARALLEL,True,none/single-group,False,285.0,0.0,1.0,False,False,True,True,True,False,0,False,NO,False,False
NCT05034822,2021.0,2021-2026,PHASE1,drug,1,29.0,INDUSTRY,COMPLETED,NA,False,NONE,0.0,False,False,SINGLE_GROUP,False,none/single-group,False,,,,,False,True,False,False,False,1,True,NO,False,False
NCT00533195,2007.0,<=2015,PHASE3,both,2,20.0,OTHER,COMPLETED,RANDOMIZED,True,SINGLE,1.0,True,False,CROSSOVER,False,active,True,,,,,True,True,False,False,False,0,False,,False,False
NCT02534467,2015.0,<=2015,PHASE4,drug,2,60.0,OTHER,COMPLETED,RANDOMIZED,True,SINGLE,1.0,True,False,CROSSOVER,False,active,True,,,,,True,True,False,False,False,0,False,,False,False
NCT07447063,2026.0,2021-2026,PHASE4,drug,2,40.0,OTHER,NOT_YET_RECRUITING,RANDOMIZED,True,TRIPLE,3.0,True,True,CROSSOVER,False,none/single-group,False,,,,,True,False,False,False,False,0,False,YES,True,False
NCT01850849,2013.0,<=2015,PHASE1,drug,2,23.0,INDUSTRY,COMPLETED,RANDOMIZED,True,SINGLE,1.0,True,False,PARALLEL,False,placebo/sham,True,,,,,False,False,False,False,False,0,False,NO,False,False
NCT01011621,2010.0,<=2015,PHASE3,drug,2,170.0,INDUSTRY,UNKNOWN,RANDOMIZED,True,NONE,0.0,False,False,PARALLEL,True,active,True,,,,,True,True,False,False,False,0,False,,False,True
NCT05375955,2022.0,2021-2026,PHASE2,drug,7,263.0,INDUSTRY,COMPLETED,RANDOMIZED,True,QUADRUPLE,4.0,True,True,PARALLEL,True,placebo/sham,True,263.0,207.0,0.21292775665399244,False,False,True,True,True,False,0,False,YES,True,False
NCT06504160,2025.0,2021-2026,PHASE1,drug,2,86.0,NIH,RECRUITING,RANDOMIZED,True,QUADRUPLE,4.0,True,True,PARALLEL,True,placebo/sham,True,,,,,False,True,False,False,False,0,False,YES,True,True
NCT07067541,2023.0,2021-2026,NA,drug,2,25.0,OTHER,COMPLETED,NON_RANDOMIZED,False,NONE,0.0,False,False,PARALLEL,False,active,True,,,,,False,True,False,False,False,0,False,,False,
NCT05642208,2023.0,2021-2026,PHASE4,drug,2,256.0,OTHER,ACTIVE_NOT_RECRUITING,RANDOMIZED,True,NONE,0.0,False,False,PARALLEL,True,no-intervention,True,,,,,True,True,False,False,False,1,True,UNDECIDED,False,False
NCT03809663,2019.0,2016-2020,PHASE2,drug,6,251.0,INDUSTRY,TERMINATED,RANDOMIZED,True,QUADRUPLE,4.0,True,True,PARALLEL,True,placebo/sham,True,251.0,61.0,0.7569721115537849,False,False,True,True,True,False,0,False,YES,True,False
NCT05638165,2021.0,2021-2026,PHASE1,drug,2,18.0,INDUSTRY,COMPLETED,RANDOMIZED,True,QUADRUPLE,4.0,True,True,PARALLEL,False,none/single-group,False,,,,,False,True,False,False,False,0,False,NO,False,True
NCT06807268,2025.0,2021-2026,PHASE3,drug,2,150.0,INDUSTRY,RECRUITING,RANDOMIZED,True,TRIPLE,3.0,True,True,PARALLEL,True,placebo/sham,True,,,,,True,True,False,False,False,0,False,YES,True,True
NCT02755649,2016.0,2016-2020,PHASE3,drug,3,325.0,INDUSTRY,COMPLETED,RANDOMIZED,True,QUADRUPLE,4.0,True,True,PARALLEL,True,none/single-group,False,325.0,23.0,0.9292307692307692,False,True,True,True,True,False,8,True,,False,True
NCT07678645,2026.0,2021-2026,PHASE2,drug,1,44.0,OTHER,NOT_YET_RECRUITING,NA,False,NONE,0.0,False,False,SINGLE_GROUP,False,none/single-group,False,,,,,False,True,False,False,False,0,False,NO,False,True
NCT01996150,2014.0,<=2015,NA,drug,1,58.0,OTHER,COMPLETED,NA,False,NONE,0.0,False,False,SINGLE_GROUP,True,none/single-group,False,,,,,False,True,False,False,False,1,True,NO,False,False
NCT03689829,2018.0,2016-2020,PHASE1,drug,8,44.0,INDUSTRY,TERMINATED,RANDOMIZED,True,NONE,0.0,False,False,PARALLEL,True,placebo/sham,True,,,,,False,False,True,False,False,0,False,,False,False
NCT01840605,2013.0,<=2015,PHASE3,drug,2,303.0,INDUSTRY,COMPLETED,RANDOMIZED,True,TRIPLE,3.0,True,True,PARALLEL,True,active,True,303.0,299.0,0.01320132013201325,True,True,True,False,True,True,0,False,,False,False
NCT05729074,2023.0,2021-2026,PHASE1,drug,11,80.0,INDUSTRY,UNKNOWN,RANDOMIZED,True,TRIPLE,3.0,True,True,SEQUENTIAL,True,active,True,,,,,False,True,True,False,False,0,False,,False,False
NCT00519675,2007.0,<=2015,PHASE3,drug,0,150.0,INDUSTRY,COMPLETED,NA,False,NONE,0.0,False,False,SINGLE_GROUP,True,none/single-group,False,,,,,True,True,False,False,False,0,False,,False,False
NCT04435392,2020.0,2016-2020,PHASE1;PHASE2,drug,7,107.0,INDUSTRY,COMPLETED,RANDOMIZED,True,DOUBLE,2.0,True,True,PARALLEL,True,placebo/sham,True,,,,,False,True,True,False,False,0,False,,False,False
NCT00460083,2007.0,<=2015,PHASE4,both,2,35.0,INDUSTRY,COMPLETED,RANDOMIZED,True,SINGLE,1.0,True,False,PARALLEL,False,active,True,,,,,True,True,False,False,False,0,False,,False,False
NCT05233410,2023.0,2021-2026,PHASE3,drug,2,0.0,INDUSTRY,WITHDRAWN,RANDOMIZED,True,TRIPLE,3.0,True,True,PARALLEL,False,placebo/sham,True,,,,,True,True,False,False,False,0,False,NO,False,False
NCT05769946,2022.0,2021-2026,PHASE2,drug,3,79.0,INDUSTRY,COMPLETED,RANDOMIZED,True,QUADRUPLE,4.0,True,True,PARALLEL,True,placebo/sham,True,,,,,False,True,True,False,False,0,False,NO,False,
NCT04845620,2021.0,2021-2026,PHASE3,drug,2,652.0,INDUSTRY,COMPLETED,RANDOMIZED,True,TRIPLE,3.0,True,True,PARALLEL,True,placebo/sham,True,652.0,602.0,0.07668711656441718,True,True,True,False,True,False,2,True,,False,
NCT03903822,2019.0,2016-2020,PHASE2,drug,8,292.0,INDUSTRY,COMPLETED,RANDOMIZED,True,QUADRUPLE,4.0,True,True,PARALLEL,True,placebo/sham,True,292.0,240.0,0.17808219178082196,True,False,True,True,True,False,0,False,YES,True,True
NCT07684937,2024.0,2021-2026,PHASE1,drug,4,36.0,INDUSTRY,COMPLETED,RANDOMIZED,True,QUADRUPLE,4.0,True,True,PARALLEL,True,none/single-group,False,,,,,False,True,True,False,False,0,False,NO,False,False
NCT01149759,2010.0,<=2015,NA,drug,1,9.0,OTHER,COMPLETED,NA,False,NONE,0.0,False,False,SINGLE_GROUP,False,none/single-group,False,9.0,9.0,0.0,True,False,True,False,True,False,0,False,UNDECIDED,False,False
NCT06855745,2025.0,2021-2026,PHASE2,drug,2,72.0,INDUSTRY,RECRUITING,RANDOMIZED,True,QUADRUPLE,4.0,True,True,PARALLEL,True,placebo/sham,True,,,,,False,True,False,False,False,0,False,NO,False,True
NCT06553209,2024.0,2021-2026,PHASE1,drug,7,110.0,INDUSTRY,COMPLETED,RANDOMIZED,True,QUADRUPLE,4.0,True,True,PARALLEL,True,none/single-group,False,,,,,False,True,True,False,False,1,True,NO,False,False
NCT03553615,2030.0,2021-2026,PHASE2,drug,1,0.0,OTHER,WITHDRAWN,NA,False,NONE,0.0,False,False,SINGLE_GROUP,False,none/single-group,False,,,,,False,True,False,False,False,0,False,NO,False,False
NCT03139981,2017.0,2016-2020,PHASE1,drug,4,36.0,INDUSTRY,COMPLETED,RANDOMIZED,True,QUADRUPLE,4.0,True,True,PARALLEL,True,none/single-group,False,,,,,False,True,True,False,False,0,False,NO,False,False
NCT05014438,2021.0,2021-2026,PHASE2,drug,5,17.0,INDUSTRY,COMPLETED,RANDOMIZED,True,QUADRUPLE,4.0,True,True,PARALLEL,False,placebo/sham,True,17.0,13.0,0.23529411764705888,False,False,True,True,True,False,0,False,,False,True
NCT00143819,2005.0,<=2015,PHASE2,drug,2,13.0,OTHER,TERMINATED,RANDOMIZED,True,TRIPLE,3.0,True,True,PARALLEL,False,placebo/sham,True,13.0,8.0,0.3846153846153846,False,False,True,False,True,False,0,False,,False,False
NCT00354510,2006.0,<=2015,PHASE2,drug,0,190.0,INDUSTRY,COMPLETED,RANDOMIZED,True,DOUBLE,2.0,True,True,PARALLEL,True,none/single-group,False,,,,,False,True,False,False,False,0,False,,False,
NCT01408511,2011.0,<=2015,PHASE2,drug,1,23.0,INDUSTRY,COMPLETED,NA,False,NONE,0.0,False,False,SINGLE_GROUP,False,none/single-group,False,,,,,False,True,False,False,False,0,False,,False,False
NCT03496974,2018.0,2016-2020,PHASE2,drug,2,38.0,INDUSTRY,COMPLETED,NON_RANDOMIZED,False,NONE,0.0,False,False,SEQUENTIAL,False,none/single-group,False,38.0,29.0,0.23684210526315785,False,False,True,False,True,False,0,False,UNDECIDED,False,False
NCT03703102,2018.0,2016-2020,PHASE2,drug,5,274.0,INDUSTRY,COMPLETED,RANDOMIZED,True,QUADRUPLE,4.0,True,True,PARALLEL,True,placebo/sham,True,273.0,164.0,0.3992673992673993,False,False,True,True,True,False,2,True,NO,False,False
NCT01691209,2013.0,<=2015,NA,both,3,0.0,INDUSTRY,WITHDRAWN,RANDOMIZED,True,SINGLE,1.0,True,False,PARALLEL,False,active,True,,,,,False,True,True,False,False,0,False,,False,False
NCT04369846,2020.0,2016-2020,PHASE1;PHASE2,drug,2,76.0,INDUSTRY,COMPLETED,RANDOMIZED,True,DOUBLE,2.0,True,True,PARALLEL,True,placebo/sham,True,,,,,False,False,False,False,False,0,False,NO,False,False
NCT05121480,2022.0,2021-2026,PHASE2,drug,4,421.0,INDUSTRY,COMPLETED,RANDOMIZED,True,QUADRUPLE,4.0,True,True,PARALLEL,True,none/single-group,False,421.0,328.0,0.22090261282660328,False,False,True,True,True,False,0,False,NO,False,False
NCT06686797,2024.0,2021-2026,PHASE1,drug,9,71.0,INDUSTRY,ACTIVE_NOT_RECRUITING,RANDOMIZED,True,DOUBLE,2.0,True,True,SEQUENTIAL,True,none/single-group,False,,,,,False,False,True,False,False,0,False,NO,False,False
NCT02680301,2016.0,2016-2020,PHASE4,drug,2,40.0,OTHER,COMPLETED,RANDOMIZED,True,SINGLE,1.0,True,False,PARALLEL,False,none/single-group,False,40.0,39.0,0.025000000000000022,True,True,True,False,True,False,0,False,NO,False,False
NCT04938700,2020.0,2016-2020,PHASE4,drug,2,200.0,OTHER,UNKNOWN,RANDOMIZED,True,NONE,0.0,False,False,PARALLEL,True,active,True,,,,,True,True,False,False,False,0,False,,False,False
NCT00828412,2009.0,<=2015,PHASE4,both,2,100.0,INDUSTRY,COMPLETED,RANDOMIZED,True,SINGLE,1.0,True,False,PARALLEL,True,active,True,100.0,89.0,0.10999999999999999,True,True,True,False,True,False,0,False,,False,False
NCT07277660,2025.0,2021-2026,PHASE2,drug,4,160.0,INDUSTRY,RECRUITING,RANDOMIZED,True,DOUBLE,2.0,True,True,PARALLEL,True,placebo/sham,True,,,,,False,True,True,False,False,0,False,YES,True,True
NCT05509023,2022.0,2021-2026,PHASE2,drug,2,102.0,INDUSTRY,ACTIVE_NOT_RECRUITING,RANDOMIZED,True,TRIPLE,3.0,True,True,PARALLEL,True,placebo/sham,True,,,,,False,True,False,False,False,0,False,NO,False,False
NCT06004986,2023.0,2021-2026,PHASE4,drug,3,216.0,OTHER,RECRUITING,RANDOMIZED,True,SINGLE,1.0,True,False,PARALLEL,True,active,True,,,,,True,True,True,False,False,0,False,NO,False,False
NCT04086121,2019.0,2016-2020,PHASE2,drug,1,14.0,INDUSTRY,TERMINATED,NA,False,NONE,0.0,False,False,SINGLE_GROUP,False,none/single-group,False,14.0,0.0,1.0,False,False,True,False,True,False,0,False,NO,False,True
NCT03864627,2019.0,2016-2020,PHASE2,drug,2,33.0,INDUSTRY,TERMINATED,RANDOMIZED,True,QUADRUPLE,4.0,True,True,PARALLEL,False,placebo/sham,True,33.0,17.0,0.48484848484848486,False,False,True,False,True,False,0,False,NO,False,True
NCT06012812,2023.0,2021-2026,PHASE2,drug,1,79.0,INDUSTRY,COMPLETED,NA,False,NONE,0.0,False,False,SINGLE_GROUP,True,none/single-group,False,,,,,False,True,False,False,False,0,False,UNDECIDED,False,
NCT01596712,2011.0,<=2015,PHASE1,drug,4,209.0,INDUSTRY,COMPLETED,RANDOMIZED,True,DOUBLE,2.0,True,True,PARALLEL,True,placebo/sham,True,,,,,False,False,True,False,False,0,False,,False,
NCT03517566,2018.0,2016-2020,PHASE2,drug,5,293.0,INDUSTRY,TERMINATED,RANDOMIZED,True,QUADRUPLE,4.0,True,True,PARALLEL,True,placebo/sham,True,293.0,159.0,0.4573378839590444,False,False,True,True,True,False,0,False,YES,True,True
NCT00616538,2006.0,<=2015,PHASE4,both,2,121.0,INDUSTRY,COMPLETED,RANDOMIZED,True,SINGLE,1.0,True,False,PARALLEL,True,active,True,,,,,True,True,False,False,False,0,False,,False,False
NCT07629778,2026.0,2021-2026,PHASE1;PHASE2,drug,4,156.0,INDUSTRY,RECRUITING,RANDOMIZED,True,QUADRUPLE,4.0,True,True,PARALLEL,True,placebo/sham,True,,,,,False,True,True,False,False,0,False,NO,False,False
NCT06055361,2023.0,2021-2026,PHASE1,drug,4,45.0,INDUSTRY,RECRUITING,RANDOMIZED,True,QUADRUPLE,4.0,True,True,PARALLEL,True,placebo/sham,True,,,,,False,True,True,False,False,0,False,NO,False,True
NCT07262983,2026.0,2021-2026,PHASE1,drug,1,20.0,NIH,RECRUITING,NA,False,NONE,0.0,False,False,SINGLE_GROUP,False,none/single-group,False,,,,,False,True,False,False,False,0,False,UNDECIDED,False,
NCT03758716,2017.0,2016-2020,PHASE2,drug,1,12.0,INDUSTRY,COMPLETED,NA,False,NONE,0.0,False,False,SINGLE_GROUP,False,none/single-group,False,12.0,12.0,0.0,True,False,True,False,True,False,0,False,NO,False,False
NCT01992172,2013.0,<=2015,NA,drug,2,7.0,INDUSTRY,COMPLETED,RANDOMIZED,True,QUADRUPLE,4.0,True,True,PARALLEL,False,placebo/sham,True,7.0,7.0,0.0,True,False,True,False,True,False,0,False,,False,False
NCT02910011,2017.0,2016-2020,PHASE2,drug,1,23.0,OTHER,COMPLETED,NA,False,NONE,0.0,False,False,SINGLE_GROUP,False,none/single-group,False,15.0,13.0,0.1333333333333333,True,False,True,False,True,False,0,False,NO,False,False
NCT05905133,2023.0,2021-2026,PHASE2,drug,1,360.0,INDUSTRY,UNKNOWN,NA,False,NONE,0.0,False,False,SINGLE_GROUP,True,none/single-group,False,,,,,False,True,False,False,False,0,False,,False,
NCT04444726,2019.0,2016-2020,NA,both,3,60.0,OTHER,COMPLETED,RANDOMIZED,True,DOUBLE,2.0,True,True,PARALLEL,True,active,True,,,,,False,True,True,False,False,0,False,YES,True,
NCT05265234,2022.0,2021-2026,PHASE4,both,1,15.0,OTHER,UNKNOWN,NA,False,NONE,0.0,False,False,SINGLE_GROUP,False,none/single-group,False,,,,,True,True,False,False,False,0,False,UNDECIDED,False,False
NCT07441395,2026.0,2021-2026,PHASE2,drug,4,200.0,INDUSTRY,RECRUITING,RANDOMIZED,True,QUADRUPLE,4.0,True,True,PARALLEL,True,placebo/sham,True,,,,,False,True,True,False,False,0,False,,False,True
NCT06863961,2025.0,2021-2026,PHASE2,drug,4,160.0,INDUSTRY,ACTIVE_NOT_RECRUITING,RANDOMIZED,True,TRIPLE,3.0,True,True,PARALLEL,True,placebo/sham,True,,,,,False,True,True,False,False,0,False,YES,True,False
NCT06176040,2024.0,2021-2026,PHASE2,drug,4,20.0,INDUSTRY,ACTIVE_NOT_RECRUITING,RANDOMIZED,True,NONE,0.0,False,False,SINGLE_GROUP,False,none/single-group,False,,,,,False,True,True,False,False,0,False,NO,False,False
NCT05131477,2021.0,2021-2026,PHASE2,drug,5,390.0,INDUSTRY,COMPLETED,RANDOMIZED,True,QUADRUPLE,4.0,True,True,PARALLEL,True,placebo/sham,True,390.0,323.0,0.17179487179487174,True,False,True,True,True,False,3,True,YES,True,True
NCT00546000,2007.0,<=2015,PHASE4,drug,1,56.0,INDUSTRY,COMPLETED,NA,False,NONE,0.0,False,False,SINGLE_GROUP,False,none/single-group,False,56.0,52.0,0.0714285714285714,True,True,True,False,True,False,0,False,,False,False
NCT01428297,2011.0,<=2015,PHASE1,drug,4,12.0,INDUSTRY,COMPLETED,RANDOMIZED,True,DOUBLE,2.0,True,True,SINGLE_GROUP,False,placebo/sham,True,,,,,False,True,True,False,False,0,False,,False,
NCT06564389,2024.0,2021-2026,PHASE1,drug,2,119.0,INDUSTRY,RECRUITING,RANDOMIZED,True,TRIPLE,3.0,True,True,PARALLEL,True,placebo/sham,True,,,,,False,True,False,False,False,0,False,NO,False,True
NCT02865356,2016.0,2016-2020,PHASE2,drug,2,36.0,INDUSTRY,COMPLETED,RANDOMIZED,True,TRIPLE,3.0,True,True,PARALLEL,False,placebo/sham,True,,,,,False,True,False,False,False,0,False,UNDECIDED,False,False
NCT05676242,2023.0,2021-2026,PHASE3,drug,3,400.0,INDUSTRY,UNKNOWN,RANDOMIZED,True,DOUBLE,2.0,True,True,PARALLEL,True,placebo/sham,True,,,,,True,True,True,False,False,0,False,NO,False,False
NCT07323719,2024.0,2021-2026,NA,drug,2,100.0,OTHER,COMPLETED,RANDOMIZED,True,DOUBLE,2.0,True,True,PARALLEL,True,placebo/sham,True,,,,,False,True,False,False,False,0,False,UNDECIDED,False,True
NCT05456529,2022.0,2021-2026,PHASE3,drug,1,103.0,INDUSTRY,COMPLETED,NA,False,NONE,0.0,False,False,SINGLE_GROUP,True,none/single-group,False,103.0,92.0,0.10679611650485432,True,True,True,False,True,False,1,True,YES,True,False
NCT05142774,2021.0,2021-2026,PHASE3,drug,1,728.0,INDUSTRY,COMPLETED,NA,False,NONE,0.0,False,False,SINGLE_GROUP,True,none/single-group,False,728.0,497.0,0.3173076923076923,False,True,True,False,True,False,3,True,NO,False,
NCT06718101,2024.0,2021-2026,PHASE2,drug,2,83.0,INDUSTRY,ACTIVE_NOT_RECRUITING,RANDOMIZED,True,DOUBLE,2.0,True,True,PARALLEL,True,none/single-group,False,,,,,False,True,False,False,False,0,False,YES,True,True
NCT03461302,2018.0,2016-2020,PHASE4,drug,2,80.0,OTHER,UNKNOWN,RANDOMIZED,True,NONE,0.0,False,False,PARALLEL,False,active,True,,,,,True,True,False,False,False,0,False,,False,False
NCT03011892,2017.0,2016-2020,PHASE2,drug,12,307.0,INDUSTRY,COMPLETED,RANDOMIZED,True,TRIPLE,3.0,True,True,PARALLEL,True,placebo/sham,True,307.0,261.0,0.14983713355048855,True,False,True,True,True,False,2,True,NO,False,False
NCT05559359,2022.0,2021-2026,PHASE3,drug,3,367.0,INDUSTRY,ACTIVE_NOT_RECRUITING,RANDOMIZED,True,DOUBLE,2.0,True,True,PARALLEL,True,placebo/sham,True,,,,,True,True,True,False,False,0,False,YES,True,True
NCT05590585,2023.0,2021-2026,PHASE4,drug,1,124.0,INDUSTRY,COMPLETED,NA,False,NONE,0.0,False,False,SINGLE_GROUP,True,none/single-group,False,124.0,120.0,0.032258064516129004,True,True,True,False,True,False,0,False,YES,True,True
NCT04562116,2021.0,2021-2026,PHASE2,drug,1,17.0,INDUSTRY,COMPLETED,NA,False,NONE,0.0,False,False,SINGLE_GROUP,False,none/single-group,False,17.0,13.0,0.23529411764705888,False,False,False,False,True,False,0,False,,False,True
NCT07370909,2026.0,2021-2026,PHASE3,drug,3,480.0,INDUSTRY,NOT_YET_RECRUITING,RANDOMIZED,True,QUADRUPLE,4.0,True,True,PARALLEL,True,placebo/sham,True,,,,,True,True,True,False,False,0,False,UNDECIDED,False,False
NCT07054736,2025.0,2021-2026,PHASE2,drug,4,120.0,INDUSTRY,NOT_YET_RECRUITING,RANDOMIZED,True,QUADRUPLE,4.0,True,True,PARALLEL,True,placebo/sham,True,,,,,False,True,True,False,False,0,False,NO,False,False
NCT06614907,2024.0,2021-2026,PHASE1,drug,2,198.0,INDUSTRY,COMPLETED,RANDOMIZED,True,QUADRUPLE,4.0,True,True,PARALLEL,True,active,True,,,,,False,True,False,False,False,0,False,,False,
NCT00367393,2006.0,<=2015,PHASE4,drug,1,41.0,INDUSTRY,COMPLETED,NON_RANDOMIZED,False,NONE,0.0,False,False,SINGLE_GROUP,False,none/single-group,False,,,,,True,True,False,False,False,0,False,,False,
NCT04114097,2019.0,2016-2020,PHASE4,drug,2,36.0,OTHER,COMPLETED,RANDOMIZED,True,QUADRUPLE,4.0,True,True,PARALLEL,False,active,True,,,,,True,False,False,False,False,2,True,,False,True
NCT04306965,2020.0,2016-2020,PHASE2,drug,1,10.0,OTHER,COMPLETED,NA,False,NONE,0.0,False,False,SINGLE_GROUP,False,none/single-group,False,10.0,4.0,0.6,False,False,True,False,True,False,0,False,NO,False,False
NCT00232076,2004.0,<=2015,PHASE3,drug,0,,INDUSTRY,COMPLETED,RANDOMIZED,True,DOUBLE,2.0,True,True,SINGLE_GROUP,,none/single-group,False,,,,,True,True,False,False,False,0,False,,False,
NCT07172321,2025.0,2021-2026,PHASE1,drug,5,12.0,INDUSTRY,COMPLETED,RANDOMIZED,True,NONE,0.0,False,False,CROSSOVER,False,none/single-group,False,,,,,False,False,True,False,False,0,False,NO,False,False
NCT07329101,2025.0,2021-2026,PHASE1,drug,1,11.0,INDUSTRY,COMPLETED,NA,False,NONE,0.0,False,False,SINGLE_GROUP,False,none/single-group,False,,,,,False,True,False,False,False,0,False,,False,False
NCT07182864,2022.0,2021-2026,PHASE1;PHASE2,drug,10,160.0,INDUSTRY,COMPLETED,RANDOMIZED,True,DOUBLE,2.0,True,True,PARALLEL,True,placebo/sham,True,,,,,False,True,True,False,False,0,False,NO,False,
NCT05387707,2022.0,2021-2026,PHASE3,drug,4,287.0,INDUSTRY,TERMINATED,RANDOMIZED,True,DOUBLE,2.0,True,True,PARALLEL,True,placebo/sham,True,,,,,True,True,True,False,False,0,False,NO,False,True
NCT01124318,2010.0,<=2015,PHASE2;PHASE3,drug,2,90.0,INDUSTRY,COMPLETED,RANDOMIZED,True,QUADRUPLE,4.0,True,True,PARALLEL,False,placebo/sham,True,,,,,True,True,False,False,False,0,False,,False,True
NCT05277571,2022.0,2021-2026,PHASE1;PHASE2,drug,12,109.0,INDUSTRY,COMPLETED,RANDOMIZED,True,QUADRUPLE,4.0,True,True,PARALLEL,True,placebo/sham,True,,,,,False,False,True,False,False,0,False,YES,True,False
NCT05016284,2022.0,2021-2026,PHASE3,drug,2,0.0,INDUSTRY,WITHDRAWN,RANDOMIZED,True,TRIPLE,3.0,True,True,PARALLEL,False,active,True,,,,,True,True,False,False,False,0,False,NO,False,
NCT03363854,2018.0,2016-2020,PHASE3,drug,5,380.0,INDUSTRY,COMPLETED,RANDOMIZED,True,DOUBLE,2.0,True,True,PARALLEL,True,placebo/sham,True,380.0,355.0,0.06578947368421051,True,True,True,True,True,False,5,True,NO,False,False
NCT02118792,2014.0,<=2015,PHASE3,drug,2,764.0,INDUSTRY,COMPLETED,RANDOMIZED,True,QUADRUPLE,4.0,True,True,PARALLEL,True,placebo/sham,True,764.0,696.0,0.08900523560209428,True,True,True,False,True,False,8,True,,False,False
NCT00837551,2008.0,<=2015,PHASE1;PHASE2,drug,3,36.0,INDUSTRY,COMPLETED,RANDOMIZED,True,QUADRUPLE,4.0,True,True,PARALLEL,False,placebo/sham,True,,,,,False,True,True,False,False,0,False,,False,True
NCT03059693,2016.0,2016-2020,PHASE1;PHASE2,drug,2,48.0,INDUSTRY,COMPLETED,RANDOMIZED,True,QUADRUPLE,4.0,True,True,PARALLEL,False,placebo/sham,True,,,,,False,True,False,False,False,0,False,YES,True,True
NCT07217015,2025.0,2021-2026,PHASE2,drug,4,200.0,INDUSTRY,ACTIVE_NOT_RECRUITING,RANDOMIZED,True,TRIPLE,3.0,True,True,PARALLEL,True,placebo/sham,True,,,,,False,True,True,False,False,0,False,NO,False,False
NCT05383378,2022.0,2021-2026,PHASE1,drug,2,36.0,INDUSTRY,COMPLETED,RANDOMIZED,True,TRIPLE,3.0,True,True,SEQUENTIAL,True,placebo/sham,True,,,,,False,True,False,False,False,0,False,NO,False,True
NCT04773587,2021.0,2021-2026,PHASE3,drug,2,654.0,INDUSTRY,COMPLETED,RANDOMIZED,True,TRIPLE,3.0,True,True,PARALLEL,True,placebo/sham,True,654.0,612.0,0.06422018348623848,True,True,True,False,True,False,1,True,,False,False
NCT00576550,2007.0,<=2015,PHASE4,drug,4,53.0,INDUSTRY,COMPLETED,RANDOMIZED,True,NONE,0.0,False,False,PARALLEL,False,active,True,,,,,True,False,True,False,False,0,False,,False,False
NCT02196324,2014.0,<=2015,PHASE2,drug,2,128.0,INDUSTRY,COMPLETED,RANDOMIZED,True,QUADRUPLE,4.0,True,True,PARALLEL,True,placebo/sham,True,128.0,105.0,0.1796875,True,False,True,False,True,False,1,True,NO,False,False
NCT03614221,2019.0,2016-2020,PHASE2,drug,2,22.0,OTHER,COMPLETED,RANDOMIZED,True,SINGLE,1.0,True,False,CROSSOVER,False,active,True,,,,,False,True,False,False,False,1,True,,False,
NCT03952559,2019.0,2016-2020,PHASE3,drug,5,516.0,INDUSTRY,ACTIVE_NOT_RECRUITING,RANDOMIZED,True,DOUBLE,2.0,True,True,PARALLEL,True,placebo/sham,True,33.0,33.0,0.0,True,True,True,True,True,False,1,True,YES,True,True
NCT01469767,2012.0,<=2015,PHASE2,drug,1,10.0,OTHER,COMPLETED,NA,False,NONE,0.0,False,False,SINGLE_GROUP,False,none/single-group,False,10.0,10.0,0.0,True,False,True,False,True,False,0,False,NO,False,False
NCT02226068,2002.0,<=2015,NA,drug,2,20.0,OTHER,COMPLETED,RANDOMIZED,True,,,False,False,CROSSOVER,False,none/single-group,False,,,,,False,True,False,False,False,0,False,,False,False
NCT05117060,2021.0,2021-2026,PHASE2,drug,4,216.0,INDUSTRY,COMPLETED,RANDOMIZED,True,TRIPLE,3.0,True,True,PARALLEL,True,placebo/sham,True,216.0,152.0,0.2962962962962963,False,False,True,True,True,False,0,False,YES,True,True
NCT06723080,2024.0,2021-2026,PHASE3,drug,3,480.0,INDUSTRY,RECRUITING,RANDOMIZED,True,DOUBLE,2.0,True,True,PARALLEL,True,placebo/sham,True,,,,,True,True,True,False,False,0,False,,False,False
NCT03406117,2016.0,2016-2020,PHASE4,drug,3,182.0,INDUSTRY,COMPLETED,NON_RANDOMIZED,False,NONE,0.0,False,False,PARALLEL,True,active,True,,,,,True,False,True,False,False,0,False,,False,True
NCT02004041,2013.0,<=2015,PHASE2,drug,2,69.0,INDUSTRY,COMPLETED,RANDOMIZED,True,QUADRUPLE,4.0,True,True,PARALLEL,True,placebo/sham,True,69.0,61.0,0.1159420289855072,True,False,True,False,True,False,0,False,,False,
NCT05378698,2022.0,2021-2026,PHASE2;PHASE3,drug,2,24.0,OTHER,TERMINATED,NON_RANDOMIZED,False,NONE,0.0,False,False,PARALLEL,False,active,True,,,,,True,False,False,False,False,0,False,NO,False,True
NCT02612454,2015.0,<=2015,PHASE3,drug,4,880.0,INDUSTRY,ACTIVE_NOT_RECRUITING,NON_RANDOMIZED,False,NONE,0.0,False,False,PARALLEL,True,none/single-group,False,,,,,True,True,True,False,False,8,True,,False,True
NCT04772885,2021.0,2021-2026,PHASE1,drug,5,154.0,INDUSTRY,COMPLETED,RANDOMIZED,True,QUADRUPLE,4.0,True,True,SEQUENTIAL,True,none/single-group,False,,,,,False,True,True,False,False,1,True,,False,False
NCT06383468,2024.0,2021-2026,PHASE3,drug,2,420.0,INDUSTRY,UNKNOWN,RANDOMIZED,True,QUADRUPLE,4.0,True,True,PARALLEL,True,placebo/sham,True,,,,,True,True,False,False,False,0,False,NO,False,
NCT00232063,2004.0,<=2015,PHASE3,drug,0,,INDUSTRY,COMPLETED,NON_RANDOMIZED,False,NONE,0.0,False,False,SINGLE_GROUP,,none/single-group,False,,,,,True,True,False,False,False,0,False,,False,
NCT07186387,2023.0,2021-2026,PHASE2,drug,4,144.0,INDUSTRY,COMPLETED,RANDOMIZED,True,QUADRUPLE,4.0,True,True,PARALLEL,True,placebo/sham,True,,,,,False,True,True,False,False,0,False,NO,False,False
NCT02896101,2016.0,2016-2020,PHASE3,drug,3,755.0,INDUSTRY,COMPLETED,RANDOMIZED,True,QUADRUPLE,4.0,True,True,PARALLEL,True,placebo/sham,True,,,,,True,True,True,False,False,0,False,,False,False
NCT05843422,2023.0,2021-2026,PHASE1,drug,7,56.0,INDUSTRY,UNKNOWN,RANDOMIZED,True,TRIPLE,3.0,True,True,PARALLEL,True,none/single-group,False,,,,,False,True,True,False,False,0,False,NO,False,False
NCT06136741,2023.0,2021-2026,PHASE2,drug,12,396.0,INDUSTRY,ACTIVE_NOT_RECRUITING,RANDOMIZED,True,QUADRUPLE,4.0,True,True,PARALLEL,True,placebo/sham,True,,,,,False,True,True,False,False,0,False,NO,False,True
NCT07693400,2026.0,2021-2026,PHASE2,drug,2,44.0,OTHER,ACTIVE_NOT_RECRUITING,RANDOMIZED,True,QUADRUPLE,4.0,True,True,PARALLEL,False,placebo/sham,True,,,,,False,True,False,False,False,0,False,,False,False
NCT04033367,2019.0,2016-2020,PHASE4,drug,2,188.0,INDUSTRY,COMPLETED,RANDOMIZED,True,QUADRUPLE,4.0,True,True,PARALLEL,True,placebo/sham,True,188.0,182.0,0.03191489361702127,True,True,True,False,True,False,0,False,YES,True,False
NCT01905631,2013.0,<=2015,PHASE2,drug,2,30.0,OTHER,COMPLETED,RANDOMIZED,True,DOUBLE,2.0,True,True,SINGLE_GROUP,False,active,True,30.0,30.0,0.0,True,False,True,False,True,False,0,False,NO,False,False
NCT04360187,2020.0,2016-2020,PHASE3,drug,2,391.0,INDUSTRY,COMPLETED,RANDOMIZED,True,QUADRUPLE,4.0,True,True,PARALLEL,True,placebo/sham,True,391.0,353.0,0.09718670076726343,True,True,True,False,True,False,1,True,YES,True,
NCT04921345,2021.0,2021-2026,PHASE2,drug,3,109.0,INDUSTRY,COMPLETED,NON_RANDOMIZED,False,NONE,0.0,False,False,PARALLEL,True,none/single-group,False,109.0,98.0,0.1009174311926605,True,False,True,True,True,False,0,False,,False,True
NCT03257215,2017.0,2016-2020,PHASE4,drug,3,13.0,OTHER,TERMINATED,RANDOMIZED,True,QUADRUPLE,4.0,True,True,SEQUENTIAL,False,placebo/sham,True,,,,,True,True,True,False,False,0,False,,False,False
NCT05003453,2021.0,2021-2026,PHASE2;PHASE3,drug,2,72.0,INDUSTRY,COMPLETED,RANDOMIZED,True,DOUBLE,2.0,True,True,PARALLEL,False,placebo/sham,True,,,,,True,True,False,False,False,1,True,NO,False,
NCT02112734,2014.0,<=2015,PHASE4,drug,2,2739.0,OTHER,ACTIVE_NOT_RECRUITING,RANDOMIZED,True,QUADRUPLE,4.0,True,True,PARALLEL,True,placebo/sham,True,,,,,True,False,False,False,False,1,True,,False,True
NCT01702181,2012.0,<=2015,PHASE1,drug,3,92.0,INDUSTRY,COMPLETED,RANDOMIZED,True,QUADRUPLE,4.0,True,True,PARALLEL,True,placebo/sham,True,,,,,False,True,True,False,False,0,False,,False,False
NCT02075632,2006.0,<=2015,PHASE2,drug,1,310.0,INDUSTRY,COMPLETED,NA,False,NONE,0.0,False,False,SINGLE_GROUP,True,none/single-group,False,310.0,304.0,0.01935483870967747,True,False,True,False,True,False,0,False,,False,False
NCT01960764,2016.0,2016-2020,PHASE1,drug,2,0.0,OTHER,WITHDRAWN,NON_RANDOMIZED,False,SINGLE,1.0,True,False,PARALLEL,False,placebo/sham,True,,,,,False,True,False,False,False,0,False,,False,False
NCT03089229,2017.0,2016-2020,PHASE1;PHASE2,drug,2,30.0,INDUSTRY,COMPLETED,RANDOMIZED,True,QUADRUPLE,4.0,True,True,PARALLEL,False,placebo/sham,True,,,,,False,True,False,False,False,0,False,YES,True,True
NCT03351777,2017.0,2016-2020,PHASE2,drug,3,120.0,INDUSTRY,UNKNOWN,RANDOMIZED,True,DOUBLE,2.0,True,True,PARALLEL,True,placebo/sham,True,,,,,False,True,True,False,False,0,False,UNDECIDED,False,
NCT00871208,2009.0,<=2015,PHASE4,drug,2,0.0,OTHER,WITHDRAWN,RANDOMIZED,True,TRIPLE,3.0,True,True,PARALLEL,False,active,True,,,,,True,True,False,False,False,0,False,,False,True
NCT02395133,2015.0,<=2015,PHASE3,drug,4,422.0,INDUSTRY,COMPLETED,RANDOMIZED,True,TRIPLE,3.0,True,True,PARALLEL,True,placebo/sham,True,422.0,375.0,0.11137440758293837,True,True,True,True,True,False,3,True,,False,True
NCT04666675,2020.0,2016-2020,PHASE3,drug,4,0.0,INDUSTRY,WITHDRAWN,RANDOMIZED,True,QUADRUPLE,4.0,True,True,PARALLEL,False,none/single-group,False,,,,,True,True,True,False,False,0,False,YES,True,True
NCT01126268,2010.0,<=2015,PHASE4,drug,1,38.0,OTHER,COMPLETED,NA,False,NONE,0.0,False,False,SINGLE_GROUP,False,none/single-group,False,38.0,37.0,0.02631578947368418,True,True,True,False,True,True,0,False,,False,False
NCT04339985,2019.0,2016-2020,PHASE2,drug,3,220.0,INDUSTRY,COMPLETED,RANDOMIZED,True,DOUBLE,2.0,True,True,PARALLEL,True,none/single-group,False,,,,,False,True,True,False,False,0,False,NO,False,False
NCT06850311,2025.0,2021-2026,PHASE2;PHASE3,drug,2,66.0,OTHER,RECRUITING,RANDOMIZED,True,QUADRUPLE,4.0,True,True,PARALLEL,False,placebo/sham,True,,,,,True,True,False,False,False,0,False,YES,True,
NCT06015308,2023.0,2021-2026,PHASE2,drug,2,224.0,INDUSTRY,COMPLETED,RANDOMIZED,True,TRIPLE,3.0,True,True,PARALLEL,True,placebo/sham,True,,,,,False,True,False,False,False,0,False,YES,True,True
NCT03514511,2018.0,2016-2020,PHASE1,drug,9,47.0,INDUSTRY,COMPLETED,RANDOMIZED,True,DOUBLE,2.0,True,True,SEQUENTIAL,True,none/single-group,False,,,,,False,True,True,False,False,0,False,NO,False,
NCT01808157,2013.0,<=2015,PHASE2,drug,3,188.0,INDUSTRY,COMPLETED,RANDOMIZED,True,QUADRUPLE,4.0,True,True,SINGLE_GROUP,True,placebo/sham,True,,,,,False,True,True,False,False,0,False,,False,False
NCT06701331,2024.0,2021-2026,PHASE3,drug,2,99.0,INDUSTRY,ACTIVE_NOT_RECRUITING,RANDOMIZED,True,TRIPLE,3.0,True,True,PARALLEL,False,placebo/sham,True,,,,,True,True,False,False,False,0,False,YES,True,True
NCT00746382,2008.0,<=2015,PHASE2,drug,2,0.0,INDUSTRY,WITHDRAWN,RANDOMIZED,True,DOUBLE,2.0,True,True,PARALLEL,False,placebo/sham,True,,,,,False,True,False,False,False,0,False,,False,False
NCT07660835,2026.0,2021-2026,PHASE2,drug,1,35.0,INDUSTRY,NOT_YET_RECRUITING,NA,False,NONE,0.0,False,False,SINGLE_GROUP,False,none/single-group,False,,,,,False,True,False,False,False,0,False,NO,False,True
NCT04040192,2019.0,2016-2020,PHASE3,drug,2,620.0,INDUSTRY,COMPLETED,RANDOMIZED,True,QUADRUPLE,4.0,True,True,PARALLEL,True,placebo/sham,True,497.0,270.0,0.4567404426559356,False,True,True,False,True,False,2,True,YES,True,True
NCT02945657,2016.0,2016-2020,PHASE2,drug,1,32.0,INDUSTRY,COMPLETED,NA,False,NONE,0.0,False,False,SINGLE_GROUP,False,none/single-group,False,32.0,28.0,0.125,True,False,True,False,True,False,0,False,UNDECIDED,False,True
NCT05486208,2022.0,2021-2026,PHASE1,drug,6,102.0,INDUSTRY,TERMINATED,RANDOMIZED,True,DOUBLE,2.0,True,True,PARALLEL,True,placebo/sham,True,,,,,False,False,True,False,False,0,False,NO,False,False
NCT00980629,2008.0,<=2015,PHASE2,drug,0,,INDUSTRY,COMPLETED,RANDOMIZED,True,DOUBLE,2.0,True,True,,,none/single-group,False,,,,,False,False,False,False,False,0,False,,False,
NCT03346434,2017.0,2016-2020,PHASE2;PHASE3,drug,4,202.0,INDUSTRY,COMPLETED,NON_RANDOMIZED,False,NONE,0.0,False,False,SINGLE_GROUP,True,none/single-group,False,202.0,41.0,0.7970297029702971,False,True,True,True,True,False,13,True,,False,True
NCT07205081,2025.0,2021-2026,PHASE1,drug,6,72.0,INDUSTRY,ACTIVE_NOT_RECRUITING,RANDOMIZED,True,QUADRUPLE,4.0,True,True,SEQUENTIAL,True,placebo/sham,True,,,,,False,True,True,False,False,0,False,NO,False,True
NCT00465699,2007.0,<=2015,NA,drug,0,50.0,OTHER,UNKNOWN,RANDOMIZED,True,DOUBLE,2.0,True,True,SINGLE_GROUP,True,none/single-group,False,,,,,False,True,False,False,False,0,False,,False,True
NCT04737304,2020.0,2016-2020,PHASE1;PHASE2,drug,3,123.0,INDUSTRY,COMPLETED,RANDOMIZED,True,QUADRUPLE,4.0,True,True,PARALLEL,True,placebo/sham,True,,,,,False,True,True,False,False,0,False,NO,False,False
NCT07455578,2026.0,2021-2026,PHASE1,drug,1,24.0,INDUSTRY,RECRUITING,NA,False,NONE,0.0,False,False,SINGLE_GROUP,False,none/single-group,False,,,,,False,True,False,False,False,0,False,NO,False,False
NCT07006792,2025.0,2021-2026,PHASE4,drug,1,233.0,INDUSTRY,ACTIVE_NOT_RECRUITING,NA,False,NONE,0.0,False,False,SINGLE_GROUP,True,none/single-group,False,,,,,True,True,False,False,False,0,False,YES,True,False
NCT05614817,2022.0,2021-2026,PHASE3,drug,7,0.0,INDUSTRY,WITHDRAWN,RANDOMIZED,True,QUADRUPLE,4.0,True,True,PARALLEL,False,placebo/sham,True,,,,,True,True,True,False,False,0,False,,False,True
NCT04192513,2019.0,2016-2020,PHASE2,drug,3,9.0,INDUSTRY,TERMINATED,NON_RANDOMIZED,False,SINGLE,1.0,True,False,SEQUENTIAL,False,active,True,,,,,False,True,True,False,False,0,False,NO,False,True
NCT04706559,2021.0,2021-2026,NA,drug,2,98.0,OTHER,COMPLETED,RANDOMIZED,True,SINGLE,1.0,True,False,PARALLEL,True,active,True,,,,,False,True,False,False,False,0,False,NO,False,
NCT03983460,2020.0,2016-2020,NA,both,2,20.0,OTHER,UNKNOWN,RANDOMIZED,True,NONE,0.0,False,False,PARALLEL,False,active,True,,,,,False,False,False,False,False,0,False,,False,False
NCT07358156,2026.0,2021-2026,PHASE1,drug,3,519.0,INDUSTRY,RECRUITING,RANDOMIZED,True,TRIPLE,3.0,True,True,PARALLEL,True,active,True,,,,,False,True,True,False,False,0,False,,False,False
NCT00106496,2004.0,<=2015,PHASE4,drug,6,410.0,INDUSTRY,COMPLETED,RANDOMIZED,True,QUADRUPLE,4.0,True,True,PARALLEL,True,placebo/sham,True,,,,,True,True,True,False,False,0,False,,False,False
NCT00119158,2004.0,<=2015,PHASE4,drug,2,90.0,OTHER,COMPLETED,RANDOMIZED,True,DOUBLE,2.0,True,True,PARALLEL,False,placebo/sham,True,90.0,90.0,0.0,True,True,True,False,True,False,0,False,,False,False
NCT06324812,2024.0,2021-2026,PHASE1;PHASE2,drug,1,128.0,INDUSTRY,COMPLETED,NA,False,NONE,0.0,False,False,SINGLE_GROUP,True,none/single-group,False,,,,,False,True,False,False,False,0,False,NO,False,False
NCT07295678,2026.0,2021-2026,NA,drug,2,44.0,INDUSTRY,NOT_YET_RECRUITING,RANDOMIZED,True,SINGLE,1.0,True,False,PARALLEL,True,active,True,,,,,False,True,False,False,False,0,False,NO,False,False
NCT03160248,2017.0,2016-2020,PHASE2,drug,2,31.0,OTHER,COMPLETED,RANDOMIZED,True,QUADRUPLE,4.0,True,True,PARALLEL,False,none/single-group,False,,,,,False,True,False,False,False,0,False,,False,True
NCT01385657,2011.0,<=2015,PHASE1,drug,3,37.0,INDUSTRY,COMPLETED,RANDOMIZED,True,TRIPLE,3.0,True,True,PARALLEL,True,none/single-group,False,,,,,False,True,True,False,True,0,False,,False,True
NCT03531957,2018.0,2016-2020,PHASE2,drug,4,244.0,INDUSTRY,COMPLETED,RANDOMIZED,True,QUADRUPLE,4.0,True,True,PARALLEL,True,none/single-group,False,243.0,203.0,0.16460905349794241,True,False,True,True,True,False,0,False,,False,True
NCT01467362,2011.0,<=2015,PHASE3,drug,2,251.0,INDUSTRY,COMPLETED,RANDOMIZED,True,DOUBLE,2.0,True,True,PARALLEL,True,placebo/sham,True,,,,,True,True,False,False,False,0,False,,False,False
NCT03293030,2018.0,2016-2020,PHASE4,drug,1,17.0,OTHER,COMPLETED,NA,False,NONE,0.0,False,False,SINGLE_GROUP,False,none/single-group,False,17.0,14.0,0.17647058823529416,True,True,True,False,True,False,0,False,NO,False,
NCT01393158,2009.0,<=2015,PHASE2,drug,2,16.0,OTHER,COMPLETED,NON_RANDOMIZED,False,NONE,0.0,False,False,SEQUENTIAL,False,none/single-group,False,16.0,15.0,0.0625,True,False,True,False,True,False,1,True,,False,
NCT06744569,2024.0,2021-2026,PHASE1,drug,8,64.0,INDUSTRY,ENROLLING_BY_INVITATION,RANDOMIZED,True,QUADRUPLE,4.0,True,True,PARALLEL,True,none/single-group,False,,,,,False,True,True,False,False,0,False,NO,False,False
NCT03688464,2019.0,2016-2020,EARLY_PHASE1,drug,3,0.0,OTHER,WITHDRAWN,RANDOMIZED,True,TRIPLE,3.0,True,True,PARALLEL,False,placebo/sham,True,,,,,False,True,True,False,False,0,False,NO,False,
NCT06363461,2024.0,2021-2026,PHASE2,drug,4,24.0,INDUSTRY,COMPLETED,RANDOMIZED,True,DOUBLE,2.0,True,True,PARALLEL,False,placebo/sham,True,,,,,False,True,True,False,False,0,False,,False,True
NCT05285839,2022.0,2021-2026,PHASE4,drug,1,40.0,OTHER,RECRUITING,NA,False,NONE,0.0,False,False,SINGLE_GROUP,False,none/single-group,False,,,,,True,True,False,False,False,0,False,NO,False,False
NCT03630198,2018.0,2016-2020,PHASE4,drug,2,31.0,OTHER,COMPLETED,RANDOMIZED,True,TRIPLE,3.0,True,True,PARALLEL,False,active,True,31.0,31.0,0.0,True,True,True,False,True,False,1,True,NO,False,False
NCT00925730,2004.0,<=2015,PHASE4,drug,1,20.0,INDUSTRY,COMPLETED,NA,False,NONE,0.0,False,False,SINGLE_GROUP,False,none/single-group,False,,,,,True,True,False,False,True,0,False,,False,
NCT04717310,2020.0,2016-2020,PHASE2;PHASE3,drug,4,645.0,INDUSTRY,UNKNOWN,RANDOMIZED,True,QUADRUPLE,4.0,True,True,PARALLEL,True,placebo/sham,True,,,,,True,True,True,False,False,0,False,NO,False,True
NCT07103369,2023.0,2021-2026,PHASE1,drug,7,64.0,INDUSTRY,COMPLETED,RANDOMIZED,True,QUADRUPLE,4.0,True,True,PARALLEL,True,placebo/sham,True,,,,,False,True,True,False,False,0,False,NO,False,False
NCT03912259,2018.0,2016-2020,PHASE3,drug,2,165.0,INDUSTRY,COMPLETED,RANDOMIZED,True,QUADRUPLE,4.0,True,True,PARALLEL,True,placebo/sham,True,165.0,142.0,0.1393939393939394,True,True,True,False,True,False,1,True,YES,True,False
NCT02103725,2014.0,<=2015,PHASE1,drug,2,30.0,INDUSTRY,COMPLETED,RANDOMIZED,True,DOUBLE,2.0,True,True,PARALLEL,True,placebo/sham,True,,,,,False,False,False,False,False,0,False,NO,False,False
NCT02748993,2016.0,2016-2020,PHASE1;PHASE2,drug,4,56.0,INDUSTRY,COMPLETED,RANDOMIZED,True,QUADRUPLE,4.0,True,True,PARALLEL,True,placebo/sham,True,,,,,False,True,True,False,False,0,False,NO,False,True
NCT04135560,2019.0,2016-2020,PHASE1,drug,7,34.0,INDUSTRY,COMPLETED,RANDOMIZED,True,QUADRUPLE,4.0,True,True,SEQUENTIAL,True,none/single-group,False,,,,,False,True,True,False,False,0,False,NO,False,False
NCT01652885,2012.0,<=2015,PHASE1;PHASE2,drug,1,23.0,INDUSTRY,COMPLETED,NA,False,NONE,0.0,False,False,SINGLE_GROUP,False,none/single-group,False,23.0,22.0,0.04347826086956519,True,False,True,False,True,False,0,False,,False,
NCT04512339,2020.0,2016-2020,PHASE2,drug,2,30.0,OTHER,UNKNOWN,RANDOMIZED,True,DOUBLE,2.0,True,True,PARALLEL,False,placebo/sham,True,,,,,False,True,False,False,False,1,True,NO,False,False
NCT04643457,2020.0,2016-2020,PHASE1;PHASE2,drug,11,107.0,INDUSTRY,COMPLETED,RANDOMIZED,True,QUADRUPLE,4.0,True,True,PARALLEL,True,placebo/sham,True,,,,,False,False,True,False,False,0,False,YES,True,False
NCT06928246,2025.0,2021-2026,PHASE1,drug,2,8.0,OTHER,RECRUITING,NON_RANDOMIZED,False,NONE,0.0,False,False,SEQUENTIAL,False,none/single-group,False,,,,,False,False,False,False,False,0,False,YES,True,False
NCT05984784,2023.0,2021-2026,PHASE1;PHASE2,drug,3,13.0,INDUSTRY,TERMINATED,RANDOMIZED,True,QUADRUPLE,4.0,True,True,SEQUENTIAL,False,placebo/sham,True,13.0,8.0,0.3846153846153846,False,False,True,True,True,False,0,False,UNDECIDED,False,False
NCT04871711,2021.0,2021-2026,PHASE3,drug,2,487.0,INDUSTRY,COMPLETED,RANDOMIZED,True,DOUBLE,2.0,True,True,PARALLEL,True,placebo/sham,True,487.0,446.0,0.08418891170431209,True,True,True,False,True,True,4,True,NO,False,False
NCT07230860,2026.0,2021-2026,PHASE2,drug,4,180.0,INDUSTRY,RECRUITING,RANDOMIZED,True,DOUBLE,2.0,True,True,PARALLEL,True,placebo/sham,True,,,,,False,True,True,False,False,0,False,YES,True,True
NCT06713499,2024.0,2021-2026,PHASE1;PHASE2,drug,1,51.0,INDUSTRY,COMPLETED,NA,False,NONE,0.0,False,False,SINGLE_GROUP,True,none/single-group,False,,,,,False,True,False,False,False,0,False,UNDECIDED,False,
NCT06996912,2025.0,2021-2026,PHASE2,drug,3,150.0,INDUSTRY,ACTIVE_NOT_RECRUITING,RANDOMIZED,True,QUADRUPLE,4.0,True,True,PARALLEL,True,placebo/sham,True,,,,,False,True,True,False,False,0,False,NO,False,False
NCT00944632,2009.0,<=2015,PHASE2,drug,4,64.0,INDUSTRY,COMPLETED,RANDOMIZED,True,QUADRUPLE,4.0,True,True,PARALLEL,True,placebo/sham,True,,,,,False,True,True,False,False,0,False,,False,False
NCT00693693,2006.0,<=2015,PHASE4,drug,3,26.0,OTHER,COMPLETED,RANDOMIZED,True,NONE,0.0,False,False,SINGLE_GROUP,False,active,True,25.0,21.0,0.16000000000000003,True,True,True,True,True,False,0,False,NO,False,False
NCT03607422,2018.0,2016-2020,PHASE3,drug,3,912.0,INDUSTRY,COMPLETED,RANDOMIZED,True,QUADRUPLE,4.0,True,True,PARALLEL,True,placebo/sham,True,912.0,849.0,0.06907894736842102,True,True,True,True,True,False,15,True,YES,True,True
NCT03568162,2018.0,2016-2020,PHASE2,drug,6,462.0,INDUSTRY,COMPLETED,RANDOMIZED,True,QUADRUPLE,4.0,True,True,PARALLEL,True,placebo/sham,True,462.0,324.0,0.2987012987012987,False,False,True,True,True,False,0,False,,False,True
NCT03026907,2016.0,2016-2020,PHASE3,drug,2,116.0,OTHER,UNKNOWN,RANDOMIZED,True,SINGLE,1.0,True,False,PARALLEL,True,active,True,,,,,True,True,False,False,False,0,False,NO,False,False
NCT06832618,2025.0,2021-2026,PHASE3,drug,6,159.0,INDUSTRY,ACTIVE_NOT_RECRUITING,RANDOMIZED,True,QUADRUPLE,4.0,True,True,PARALLEL,True,placebo/sham,True,,,,,True,True,True,False,False,0,False,YES,True,
NCT03822832,2019.0,2016-2020,PHASE2,drug,2,51.0,INDUSTRY,COMPLETED,RANDOMIZED,True,DOUBLE,2.0,True,True,PARALLEL,True,placebo/sham,True,51.0,30.0,0.4117647058823529,False,False,True,False,True,False,0,False,NO,False,True
NCT06345404,2024.0,2021-2026,PHASE1,drug,2,82.0,INDUSTRY,COMPLETED,RANDOMIZED,True,QUADRUPLE,4.0,True,True,SEQUENTIAL,True,placebo/sham,True,,,,,False,True,False,False,False,0,False,NO,False,True
NCT03000595,2018.0,2016-2020,PHASE2,drug,2,0.0,INDUSTRY,WITHDRAWN,RANDOMIZED,True,QUADRUPLE,4.0,True,True,PARALLEL,False,placebo/sham,True,,,,,False,True,False,False,False,0,False,NO,False,False
NCT03246776,2017.0,2016-2020,PHASE4,drug,1,80.0,OTHER,COMPLETED,NA,False,NONE,0.0,False,False,SINGLE_GROUP,False,none/single-group,False,,,,,True,True,False,False,False,0,False,UNDECIDED,False,
NCT04664153,2020.0,2016-2020,PHASE2,drug,4,104.0,INDUSTRY,COMPLETED,RANDOMIZED,True,QUADRUPLE,4.0,True,True,PARALLEL,True,placebo/sham,True,104.0,88.0,0.15384615384615385,True,False,True,True,True,False,1,True,YES,True,False
NCT03645057,2019.0,2016-2020,PHASE3,drug,2,92.0,OTHER,COMPLETED,RANDOMIZED,True,NONE,0.0,False,False,PARALLEL,False,active,True,92.0,90.0,0.021739130434782594,True,True,True,False,True,False,0,False,NO,False,False
NCT05526222,2022.0,2021-2026,PHASE3,drug,3,443.0,INDUSTRY,ACTIVE_NOT_RECRUITING,RANDOMIZED,True,TRIPLE,3.0,True,True,PARALLEL,True,placebo/sham,True,,,,,True,True,True,False,False,0,False,NO,False,False
NCT01986933,2013.0,<=2015,PHASE2,drug,5,264.0,INDUSTRY,COMPLETED,RANDOMIZED,True,DOUBLE,2.0,True,True,PARALLEL,True,none/single-group,False,264.0,216.0,0.18181818181818177,True,False,True,True,True,False,2,True,,False,True
NCT07173478,2025.0,2021-2026,PHASE3,drug,2,156.0,INDUSTRY,NOT_YET_RECRUITING,RANDOMIZED,True,QUADRUPLE,4.0,True,True,PARALLEL,True,none/single-group,False,,,,,True,True,False,False,False,0,False,YES,True,False
NCT00691145,2002.0,<=2015,PHASE3,drug,1,350.0,INDUSTRY,COMPLETED,NON_RANDOMIZED,False,NONE,0.0,False,False,SINGLE_GROUP,True,none/single-group,False,,,,,True,True,False,False,False,0,False,,False,False
NCT02691507,2016.0,2016-2020,PHASE2,both,2,53.0,INDUSTRY,COMPLETED,RANDOMIZED,True,QUADRUPLE,4.0,True,True,PARALLEL,True,active,True,53.0,52.0,0.018867924528301883,True,False,True,False,True,False,0,False,,False,False
NCT05602207,2022.0,2021-2026,PHASE4,drug,1,24.0,OTHER,COMPLETED,NA,False,NONE,0.0,False,False,SINGLE_GROUP,False,none/single-group,False,,,,,True,True,False,False,False,0,False,NO,False,False
NCT01223222,2010.0,<=2015,PHASE2,drug,3,24.0,INDUSTRY,COMPLETED,RANDOMIZED,True,QUADRUPLE,4.0,True,True,SINGLE_GROUP,False,placebo/sham,True,,,,,False,True,True,False,False,0,False,,False,False
NCT06158490,2023.0,2021-2026,PHASE2,drug,3,120.0,INDUSTRY,ENROLLING_BY_INVITATION,RANDOMIZED,True,QUADRUPLE,4.0,True,True,PARALLEL,True,placebo/sham,True,,,,,False,True,True,False,False,0,False,,False,True
NCT02791308,2015.0,<=2015,PHASE3,drug,3,587.0,INDUSTRY,COMPLETED,RANDOMIZED,True,QUADRUPLE,4.0,True,True,PARALLEL,True,placebo/sham,True,587.0,551.0,0.061328790459965976,True,True,True,True,True,False,0,False,NO,False,False
NCT00801957,2003.0,<=2015,PHASE2,drug,3,260.0,INDUSTRY,COMPLETED,RANDOMIZED,True,QUADRUPLE,4.0,True,True,PARALLEL,True,active,True,,,,,False,True,True,False,False,0,False,,False,False
NCT05732454,2023.0,2021-2026,PHASE2;PHASE3,drug,2,58.0,INDUSTRY,TERMINATED,RANDOMIZED,True,QUADRUPLE,4.0,True,True,PARALLEL,False,placebo/sham,True,58.0,52.0,0.10344827586206895,True,True,True,False,True,False,0,False,YES,True,True
NCT07711418,2026.0,2021-2026,PHASE3,drug,6,510.0,INDUSTRY,RECRUITING,RANDOMIZED,True,QUADRUPLE,4.0,True,True,PARALLEL,True,placebo/sham,True,,,,,True,True,True,False,False,0,False,NO,False,True
NCT03585296,2018.0,2016-2020,PHASE2,drug,1,22.0,INDUSTRY,COMPLETED,NA,False,NONE,0.0,False,False,SINGLE_GROUP,False,none/single-group,False,22.0,17.0,0.2272727272727273,False,False,True,False,True,False,0,False,NO,False,False
NCT03091426,2017.0,2016-2020,PHASE2,drug,4,80.0,INDUSTRY,COMPLETED,RANDOMIZED,True,QUADRUPLE,4.0,True,True,PARALLEL,True,placebo/sham,True,,,,,False,True,True,False,False,0,False,,False,False
NCT06465732,2025.0,2021-2026,PHASE4,drug,2,220.0,OTHER,NOT_YET_RECRUITING,RANDOMIZED,True,SINGLE,1.0,True,False,PARALLEL,True,active,True,,,,,True,True,False,False,False,0,False,UNDECIDED,False,
NCT03257644,2017.0,2016-2020,PHASE1,drug,6,70.0,INDUSTRY,COMPLETED,NON_RANDOMIZED,False,NONE,0.0,False,False,PARALLEL,True,none/single-group,False,,,,,False,True,True,False,False,1,True,NO,False,False
NCT00771121,,,PHASE4,drug,2,,INDUSTRY,UNKNOWN,,False,,,False,False,,,placebo/sham,True,,,,,True,False,False,False,False,0,False,,False,False
NCT05432596,2022.0,2021-2026,PHASE2,drug,6,250.0,INDUSTRY,COMPLETED,RANDOMIZED,True,QUADRUPLE,4.0,True,True,PARALLEL,True,placebo/sham,True,,,,,False,True,True,False,False,0,False,,False,False
NCT01174511,2011.0,<=2015,PHASE1;PHASE2,drug,2,30.0,OTHER,UNKNOWN,RANDOMIZED,True,TRIPLE,3.0,True,True,PARALLEL,False,placebo/sham,True,,,,,False,False,False,False,False,0,False,,False,True
NCT00671528,2009.0,<=2015,PHASE4,drug,3,3.0,INDUSTRY,TERMINATED,RANDOMIZED,True,QUADRUPLE,4.0,True,True,PARALLEL,False,active,True,3.0,3.0,0.0,True,True,True,True,True,False,0,False,,False,False
NCT04417894,2021.0,2021-2026,PHASE3,drug,2,133.0,INDUSTRY,COMPLETED,RANDOMIZED,True,QUADRUPLE,4.0,True,True,PARALLEL,True,none/single-group,False,133.0,113.0,0.15037593984962405,True,True,True,False,True,False,1,True,YES,True,False
NCT03435081,2018.0,2016-2020,PHASE3,drug,3,440.0,INDUSTRY,COMPLETED,RANDOMIZED,True,DOUBLE,2.0,True,True,PARALLEL,True,placebo/sham,True,440.0,384.0,0.12727272727272732,True,True,True,True,True,False,6,True,YES,True,True
NCT02031445,2014.0,<=2015,PHASE2,drug,2,73.0,INDUSTRY,TERMINATED,RANDOMIZED,True,QUADRUPLE,4.0,True,True,PARALLEL,True,placebo/sham,True,,,,,False,True,False,False,False,0,False,,False,False
NCT04678882,2021.0,2021-2026,PHASE3,drug,2,62.0,INDUSTRY,COMPLETED,RANDOMIZED,True,DOUBLE,2.0,True,True,PARALLEL,False,placebo/sham,True,,,,,True,True,False,False,False,0,False,YES,True,False
NCT07321951,2026.0,2021-2026,PHASE2,drug,3,201.0,INDUSTRY,ACTIVE_NOT_RECRUITING,RANDOMIZED,True,QUADRUPLE,4.0,True,True,PARALLEL,True,none/single-group,False,,,,,False,True,True,False,False,0,False,UNDECIDED,False,
NCT02334787,2015.0,<=2015,PHASE1,drug,8,32.0,INDUSTRY,COMPLETED,RANDOMIZED,True,DOUBLE,2.0,True,True,PARALLEL,True,placebo/sham,True,32.0,32.0,0.0,True,False,True,True,True,False,0,False,,False,False
NCT06974292,2025.0,2021-2026,PHASE1,drug,1,6.0,INDUSTRY,COMPLETED,NA,False,NONE,0.0,False,False,SINGLE_GROUP,False,none/single-group,False,,,,,False,True,False,False,False,0,False,,False,False
NCT03559270,2018.0,2016-2020,PHASE3,drug,4,374.0,INDUSTRY,TERMINATED,NON_RANDOMIZED,False,NONE,0.0,False,False,SINGLE_GROUP,True,none/single-group,False,374.0,1.0,0.9973262032085561,False,True,True,True,True,False,2,True,YES,True,False
NCT07223697,2026.0,2021-2026,PHASE2,drug,2,120.0,INDUSTRY,RECRUITING,NON_RANDOMIZED,False,QUADRUPLE,4.0,True,True,PARALLEL,True,none/single-group,False,,,,,False,True,False,False,False,0,False,YES,True,False
NCT06092762,2023.0,2021-2026,PHASE2,drug,2,180.0,INDUSTRY,COMPLETED,RANDOMIZED,True,NONE,0.0,False,False,PARALLEL,True,none/single-group,False,,,,,False,True,False,False,False,0,False,NO,False,
NCT05667623,2023.0,2021-2026,PHASE3,drug,2,270.0,INDUSTRY,COMPLETED,RANDOMIZED,True,DOUBLE,2.0,True,True,PARALLEL,True,placebo/sham,True,,,,,True,True,False,False,False,0,False,NO,False,False
NCT06436183,2024.0,2021-2026,PHASE2,drug,3,62.0,INDUSTRY,COMPLETED,RANDOMIZED,True,QUADRUPLE,4.0,True,True,PARALLEL,True,placebo/sham,True,,,,,False,True,True,False,False,0,False,,False,
NCT05999799,2023.0,2021-2026,PHASE2,drug,5,161.0,INDUSTRY,TERMINATED,RANDOMIZED,True,DOUBLE,2.0,True,True,PARALLEL,True,placebo/sham,True,161.0,104.0,0.35403726708074534,False,False,True,True,True,False,0,False,YES,True,False
NCT05487963,2022.0,2021-2026,PHASE1;PHASE2,drug,2,40.0,INDUSTRY,COMPLETED,RANDOMIZED,True,QUADRUPLE,4.0,True,True,PARALLEL,False,placebo/sham,True,,,,,False,True,False,False,False,0,False,NO,False,False
NCT03918980,2016.0,2016-2020,PHASE1,drug,27,185.0,INDUSTRY,COMPLETED,RANDOMIZED,True,TRIPLE,3.0,True,True,PARALLEL,True,placebo/sham,True,,,,,False,True,True,False,False,0,False,,False,False
NCT07265479,2025.0,2021-2026,PHASE3,drug,2,180.0,INDUSTRY,RECRUITING,RANDOMIZED,True,QUADRUPLE,4.0,True,True,PARALLEL,True,placebo/sham,True,,,,,True,True,False,False,False,0,False,NO,False,False
NCT05470114,2022.0,2021-2026,PHASE2,drug,2,13.0,INDUSTRY,COMPLETED,RANDOMIZED,True,DOUBLE,2.0,True,True,PARALLEL,False,active,True,13.0,11.0,0.15384615384615385,True,False,True,False,True,False,0,False,NO,False,
NCT00523952,2004.0,<=2015,PHASE3,drug,1,303.0,INDUSTRY,COMPLETED,NA,False,NONE,0.0,False,False,SINGLE_GROUP,True,none/single-group,False,,,,,True,True,False,False,False,0,False,,False,False
NCT01005823,2009.0,<=2015,PHASE1,drug,4,36.0,INDUSTRY,COMPLETED,RANDOMIZED,True,DOUBLE,2.0,True,True,PARALLEL,True,placebo/sham,True,,,,,False,True,True,False,False,0,False,NO,False,False
NCT01567995,2008.0,<=2015,PHASE3,drug,2,240.0,INDUSTRY,COMPLETED,RANDOMIZED,True,DOUBLE,2.0,True,True,PARALLEL,True,none/single-group,False,,,,,True,True,False,False,False,0,False,,False,False
NCT00130364,2005.0,<=2015,PHASE4,drug,2,200.0,INDUSTRY,COMPLETED,RANDOMIZED,True,DOUBLE,2.0,True,True,PARALLEL,True,placebo/sham,True,,,,,True,True,False,False,False,0,False,,False,
NCT05014568,2021.0,2021-2026,PHASE3,drug,2,407.0,INDUSTRY,COMPLETED,RANDOMIZED,True,QUADRUPLE,4.0,True,True,PARALLEL,True,placebo/sham,True,407.0,348.0,0.144963144963145,True,True,True,False,True,True,5,True,NO,False,False
NCT04246372,2020.0,2016-2020,PHASE2,drug,1,47.0,OTHER,COMPLETED,NA,False,NONE,0.0,False,False,SINGLE_GROUP,False,none/single-group,False,47.0,42.0,0.1063829787234043,True,False,True,False,True,False,2,True,YES,True,True
NCT04498403,2020.0,2016-2020,PHASE3,drug,1,40.0,INDUSTRY,TERMINATED,NA,False,NONE,0.0,False,False,SINGLE_GROUP,False,none/single-group,False,40.0,0.0,1.0,False,True,True,False,True,False,0,False,YES,True,
NCT03826901,2019.0,2016-2020,PHASE1,drug,2,46.0,INDUSTRY,COMPLETED,NON_RANDOMIZED,False,NONE,0.0,False,False,SINGLE_GROUP,True,none/single-group,False,,,,,False,True,False,False,False,1,True,NO,False,False
NCT01177566,2009.0,<=2015,PHASE4,both,2,20.0,INDIV,COMPLETED,RANDOMIZED,True,SINGLE,1.0,True,False,PARALLEL,False,active,True,,,,,True,True,False,False,False,0,False,,False,True
NCT04872101,2021.0,2021-2026,PHASE3,drug,2,473.0,INDUSTRY,COMPLETED,RANDOMIZED,True,DOUBLE,2.0,True,True,PARALLEL,True,placebo/sham,True,473.0,413.0,0.12684989429175475,True,True,True,False,True,True,4,True,NO,False,False
NCT06144424,2023.0,2021-2026,PHASE2,drug,2,32.0,INDUSTRY,COMPLETED,RANDOMIZED,True,DOUBLE,2.0,True,True,PARALLEL,False,placebo/sham,True,32.0,29.0,0.09375,True,False,True,False,True,False,0,False,UNDECIDED,False,False
NCT04023084,2019.0,2016-2020,PHASE4,drug,1,30.0,OTHER,COMPLETED,NA,False,NONE,0.0,False,False,SINGLE_GROUP,False,none/single-group,False,,,,,True,False,False,False,False,0,False,YES,True,False
NCT03796182,2019.0,2016-2020,PHASE1,drug,2,12.0,INDUSTRY,COMPLETED,RANDOMIZED,True,NONE,0.0,False,False,CROSSOVER,False,none/single-group,False,12.0,12.0,0.0,True,False,True,False,True,False,1,True,NO,False,False
NCT07187089,2025.0,2021-2026,PHASE4,drug,1,0.0,INDUSTRY,WITHDRAWN,NA,False,NONE,0.0,False,False,SINGLE_GROUP,False,none/single-group,False,,,,,True,True,False,False,False,0,False,YES,True,False
NCT06998056,2025.0,2021-2026,PHASE2,drug,1,101.0,INDUSTRY,COMPLETED,NA,False,NONE,0.0,False,False,SINGLE_GROUP,True,none/single-group,False,,,,,False,True,False,False,False,0,False,UNDECIDED,False,False
NCT03334396,2017.0,2016-2020,PHASE3,drug,8,660.0,INDUSTRY,COMPLETED,RANDOMIZED,True,DOUBLE,2.0,True,True,PARALLEL,True,placebo/sham,True,660.0,603.0,0.08636363636363631,True,True,True,True,True,False,5,True,YES,True,True
NCT04156191,2019.0,2016-2020,PHASE1,drug,1,101.0,INDUSTRY,COMPLETED,NA,False,NONE,0.0,False,False,SINGLE_GROUP,True,none/single-group,False,,,,,False,True,False,False,False,0,False,,False,False
NCT01045486,2010.0,<=2015,NA,drug,2,36.0,OTHER,WITHDRAWN,RANDOMIZED,True,QUADRUPLE,4.0,True,True,CROSSOVER,True,placebo/sham,True,,,,,False,True,False,False,False,0,False,,False,True
NCT02576093,2014.0,<=2015,PHASE1,drug,4,58.0,INDUSTRY,COMPLETED,RANDOMIZED,True,QUADRUPLE,4.0,True,True,PARALLEL,True,placebo/sham,True,,,,,False,True,True,False,False,0,False,,False,True
NCT02466152,2015.0,<=2015,PHASE1,drug,2,11.0,INDUSTRY,COMPLETED,NON_RANDOMIZED,False,NONE,0.0,False,False,PARALLEL,False,none/single-group,False,,,,,False,True,False,False,False,1,True,,False,False
NCT05276323,2020.0,2016-2020,PHASE2,drug,2,30.0,OTHER,COMPLETED,RANDOMIZED,True,NONE,0.0,False,False,SINGLE_GROUP,False,active,True,,,,,False,True,False,False,False,0,False,NO,False,
NCT07598383,2026.0,2021-2026,PHASE2,drug,4,120.0,INDUSTRY,RECRUITING,RANDOMIZED,True,DOUBLE,2.0,True,True,PARALLEL,True,placebo/sham,True,,,,,False,True,True,False,False,0,False,,False,False
NCT07146971,2025.0,2021-2026,PHASE1,drug,2,3.0,INDUSTRY,TERMINATED,RANDOMIZED,True,NONE,0.0,False,False,PARALLEL,False,no-intervention,True,,,,,False,True,False,False,False,0,False,NO,False,False
NCT05680298,2023.0,2021-2026,PHASE4,drug,2,34.0,INDUSTRY,COMPLETED,NON_RANDOMIZED,False,NONE,0.0,False,False,PARALLEL,False,no-intervention,True,,,,,True,True,False,False,False,0,False,YES,True,False
NCT02277743,2014.0,<=2015,PHASE3,drug,3,671.0,INDUSTRY,COMPLETED,RANDOMIZED,True,TRIPLE,3.0,True,True,PARALLEL,True,none/single-group,False,671.0,589.0,0.12220566318926973,True,True,True,True,True,True,17,True,,False,True
NCT03381625,2018.0,2016-2020,PHASE2,drug,2,139.0,INDUSTRY,COMPLETED,RANDOMIZED,True,QUADRUPLE,4.0,True,True,PARALLEL,True,placebo/sham,True,,,,,False,True,False,False,False,0,False,,False,False
NCT06585202,2024.0,2021-2026,PHASE2,drug,1,14.0,INDUSTRY,COMPLETED,NA,False,NONE,0.0,False,False,SINGLE_GROUP,False,none/single-group,False,,,,,False,True,False,False,False,0,False,,False,False
NCT01231854,2010.0,<=2015,PHASE4,drug,2,15.0,OTHER,TERMINATED,RANDOMIZED,True,DOUBLE,2.0,True,True,PARALLEL,False,active,True,,,,,True,True,False,False,False,0,False,,False,False
NCT03568318,2018.0,2016-2020,PHASE3,drug,4,1533.0,INDUSTRY,ACTIVE_NOT_RECRUITING,RANDOMIZED,True,QUADRUPLE,4.0,True,True,PARALLEL,True,placebo/sham,True,968.0,920.0,0.04958677685950408,True,True,True,True,True,False,10,True,YES,True,True
NCT06553287,2023.0,2021-2026,PHASE1,drug,4,28.0,INDUSTRY,COMPLETED,RANDOMIZED,True,QUADRUPLE,4.0,True,True,PARALLEL,False,none/single-group,False,,,,,False,True,True,False,False,0,False,,False,False
NCT05702268,2023.0,2021-2026,PHASE2,drug,3,75.0,INDUSTRY,UNKNOWN,RANDOMIZED,True,QUADRUPLE,4.0,True,True,PARALLEL,True,placebo/sham,True,,,,,False,True,True,False,False,1,True,,False,False
NCT07438509,2026.0,2021-2026,PHASE4,drug,2,270.0,OTHER_GOV,NOT_YET_RECRUITING,RANDOMIZED,True,QUADRUPLE,4.0,True,True,PARALLEL,True,placebo/sham,True,,,,,True,True,False,False,True,0,False,YES,True,False
NCT06934252,2025.0,2021-2026,PHASE1,drug,4,115.0,INDUSTRY,RECRUITING,RANDOMIZED,True,QUADRUPLE,4.0,True,True,PARALLEL,True,placebo/sham,True,,,,,False,True,True,False,False,0,False,NO,False,
NCT01639040,2012.0,<=2015,PHASE2,drug,2,31.0,INDUSTRY,COMPLETED,RANDOMIZED,True,TRIPLE,3.0,True,True,PARALLEL,False,none/single-group,False,31.0,30.0,0.032258064516129004,True,False,True,False,True,True,0,False,,False,True
NCT00224432,2001.0,<=2015,NA,drug,0,45.0,OTHER,COMPLETED,RANDOMIZED,True,DOUBLE,2.0,True,True,PARALLEL,True,none/single-group,False,,,,,False,True,False,False,True,0,False,,False,
NCT05544591,2022.0,2021-2026,PHASE2,drug,3,93.0,INDUSTRY,COMPLETED,RANDOMIZED,True,QUADRUPLE,4.0,True,True,PARALLEL,True,placebo/sham,True,,,,,False,True,True,False,False,1,True,NO,False,False
NCT02268448,2015.0,<=2015,PHASE1,drug,2,8.0,OTHER,COMPLETED,RANDOMIZED,True,DOUBLE,2.0,True,True,PARALLEL,False,none/single-group,False,,,,,False,True,False,False,False,0,False,,False,True
NCT01053247,2008.0,<=2015,PHASE3,drug,3,793.0,INDUSTRY,COMPLETED,RANDOMIZED,True,QUADRUPLE,4.0,True,True,PARALLEL,True,placebo/sham,True,793.0,726.0,0.08448928121059274,True,True,True,True,True,False,0,False,,False,False
NCT04212169,2019.0,2016-2020,PHASE2,drug,4,148.0,INDUSTRY,COMPLETED,RANDOMIZED,True,QUADRUPLE,4.0,True,True,PARALLEL,True,placebo/sham,True,148.0,113.0,0.2364864864864865,False,False,True,True,True,False,0,False,YES,True,False
