nct,year,epoch,phase,int_class,n_arms,n_enroll,sponsor_class,overall_status,allocation,randomized,masking,masking_ord,blinded_any,blinded_double_plus,model,power_ok,pivotal,treatment,multiarm,has_results,has_result_ref,n_derived,dmc
NCT04152382,2019.0,2016-2020,PHASE1,drug,6,30.0,INDUSTRY,TERMINATED,RANDOMIZED,True,DOUBLE,2.0,True,True,PARALLEL,True,False,False,True,False,False,0,False
NCT00367237,2006.0,<=2015,PHASE3,drug,2,115.0,INDUSTRY,COMPLETED,RANDOMIZED,True,NONE,0.0,False,False,PARALLEL,True,True,True,False,True,False,1,False
NCT00778700,2008.0,<=2015,PHASE2,drug,4,199.0,INDUSTRY,COMPLETED,RANDOMIZED,True,DOUBLE,2.0,True,True,PARALLEL,True,False,True,True,True,False,0,False
NCT01947491,2013.0,<=2015,PHASE3,drug,4,394.0,INDUSTRY,COMPLETED,RANDOMIZED,True,DOUBLE,2.0,True,True,PARALLEL,True,True,True,True,True,False,1,False
NCT02752776,2016.0,2016-2020,PHASE4,drug,1,1660.0,INDUSTRY,COMPLETED,NA,False,NONE,0.0,False,False,SINGLE_GROUP,True,True,False,False,True,False,2,False
NCT06641089,2024.0,2021-2026,PHASE3,drug,4,600.0,INDUSTRY,RECRUITING,RANDOMIZED,True,TRIPLE,3.0,True,True,PARALLEL,True,True,True,True,False,False,0,True
NCT03623867,2020.0,2016-2020,PHASE4,drug,2,40.0,OTHER,COMPLETED,RANDOMIZED,True,QUADRUPLE,4.0,True,True,PARALLEL,False,True,True,False,False,False,0,False
NCT03202004,2018.0,2016-2020,PHASE3,drug,2,0.0,INDUSTRY,WITHDRAWN,RANDOMIZED,True,DOUBLE,2.0,True,True,PARALLEL,False,True,True,False,False,False,0,False
NCT04163016,2020.0,2016-2020,PHASE1,drug,1,22.0,INDUSTRY,COMPLETED,NA,False,NONE,0.0,False,False,SINGLE_GROUP,False,False,False,False,True,False,1,False
NCT00245960,2005.0,<=2015,PHASE4,drug,2,752.0,INDUSTRY,COMPLETED,RANDOMIZED,True,SINGLE,1.0,True,False,PARALLEL,True,True,True,False,True,False,6,False
NCT03645499,2018.0,2016-2020,PHASE1,drug,5,88.0,INDUSTRY,COMPLETED,NON_RANDOMIZED,False,NONE,0.0,False,False,PARALLEL,True,False,True,True,False,False,0,False
NCT02785159,2016.0,2016-2020,PHASE2,drug,4,152.0,INDUSTRY,COMPLETED,RANDOMIZED,True,QUADRUPLE,4.0,True,True,PARALLEL,True,False,True,True,True,False,0,True
NCT00640822,2008.0,<=2015,PHASE3,drug,3,782.0,INDUSTRY,COMPLETED,RANDOMIZED,True,SINGLE,1.0,True,False,PARALLEL,True,True,True,True,True,False,0,False
NCT07138898,2025.0,2021-2026,PHASE2,drug,2,80.0,OTHER,RECRUITING,RANDOMIZED,True,SINGLE,1.0,True,False,PARALLEL,True,False,True,False,False,False,0,False
NCT01708629,2012.0,<=2015,PHASE3,drug,4,1881.0,INDUSTRY,TERMINATED,RANDOMIZED,True,QUADRUPLE,4.0,True,True,PARALLEL,True,True,True,True,True,False,6,True
NCT02489227,2015.0,<=2015,PHASE3,drug,2,545.0,INDUSTRY,COMPLETED,RANDOMIZED,True,QUADRUPLE,4.0,True,True,PARALLEL,True,True,True,False,True,False,0,True
NCT02618616,2016.0,2016-2020,PHASE2,drug,2,129.0,INDUSTRY,COMPLETED,RANDOMIZED,True,QUADRUPLE,4.0,True,True,PARALLEL,True,False,True,False,True,False,0,False
NCT01194219,2010.0,<=2015,PHASE3,drug,3,844.0,INDUSTRY,COMPLETED,RANDOMIZED,True,QUADRUPLE,4.0,True,True,PARALLEL,True,True,True,True,True,True,1,False
NCT00432406,2006.0,<=2015,PHASE4,drug,2,40.0,OTHER,COMPLETED,RANDOMIZED,True,NONE,0.0,False,False,PARALLEL,False,True,True,False,False,False,0,False
NCT00710580,2008.0,<=2015,PHASE3,drug,3,350.0,INDUSTRY,COMPLETED,RANDOMIZED,True,TRIPLE,3.0,True,True,PARALLEL,True,True,True,True,False,False,1,False
NCT07672561,2026.0,2021-2026,PHASE3,drug,2,375.0,OTHER,RECRUITING,RANDOMIZED,True,QUADRUPLE,4.0,True,True,PARALLEL,True,True,True,False,False,False,0,False
NCT04211363,2019.0,2016-2020,PHASE3,drug,2,439.0,INDUSTRY,COMPLETED,RANDOMIZED,True,TRIPLE,3.0,True,True,PARALLEL,True,True,True,False,True,False,3,False
NCT02024646,2014.0,<=2015,PHASE3,drug,3,484.0,INDUSTRY,COMPLETED,RANDOMIZED,True,QUADRUPLE,4.0,True,True,PARALLEL,True,True,True,True,True,False,0,True
NCT06088199,2023.0,2021-2026,PHASE3,drug,1,51.0,INDUSTRY,ACTIVE_NOT_RECRUITING,NA,False,NONE,0.0,False,False,SINGLE_GROUP,False,True,True,False,False,False,0,
NCT05772520,2023.0,2021-2026,PHASE2,drug,3,82.0,INDUSTRY,COMPLETED,RANDOMIZED,True,TRIPLE,3.0,True,True,PARALLEL,True,False,True,True,False,False,0,
NCT02969018,2016.0,2016-2020,PHASE2,drug,8,212.0,INDUSTRY,COMPLETED,RANDOMIZED,True,QUADRUPLE,4.0,True,True,PARALLEL,True,False,True,True,True,False,3,False
NCT00995969,2010.0,<=2015,PHASE2,drug,2,58.0,INDUSTRY,COMPLETED,RANDOMIZED,True,TRIPLE,3.0,True,True,PARALLEL,True,False,True,False,False,False,0,False
NCT01483924,2011.0,<=2015,PHASE2,drug,4,60.0,INDUSTRY,COMPLETED,RANDOMIZED,True,QUADRUPLE,4.0,True,True,PARALLEL,True,False,True,True,True,False,0,True
NCT07290036,2025.0,2021-2026,PHASE1,drug,2,392.0,INDUSTRY,RECRUITING,RANDOMIZED,True,NONE,0.0,False,False,PARALLEL,True,False,True,False,False,False,0,False
NCT06671483,2025.0,2021-2026,PHASE3,drug,4,1088.0,INDUSTRY,RECRUITING,RANDOMIZED,True,QUADRUPLE,4.0,True,True,PARALLEL,True,True,True,True,False,False,0,True
NCT05252533,2022.0,2021-2026,PHASE1,drug,2,31.0,INDUSTRY,COMPLETED,NON_RANDOMIZED,False,NONE,0.0,False,False,PARALLEL,True,False,False,False,False,False,1,False
NCT03835481,2019.0,2016-2020,PHASE2,drug,5,165.0,INDUSTRY,TERMINATED,NON_RANDOMIZED,False,DOUBLE,2.0,True,True,PARALLEL,True,False,True,True,True,False,2,True
NCT03421197,2018.0,2016-2020,PHASE2,drug,4,426.0,INDUSTRY,COMPLETED,RANDOMIZED,True,QUADRUPLE,4.0,True,True,PARALLEL,True,False,True,True,True,False,0,False
NCT01163253,2010.0,<=2015,PHASE3,drug,1,2867.0,INDUSTRY,TERMINATED,NA,False,NONE,0.0,False,False,SINGLE_GROUP,True,True,True,False,True,False,4,True
NCT02671188,2018.0,2016-2020,PHASE1,drug,2,0.0,INDUSTRY,WITHDRAWN,RANDOMIZED,True,TRIPLE,3.0,True,True,PARALLEL,False,False,True,False,False,False,0,False
NCT02771210,2016.0,2016-2020,PHASE3,drug,2,204.0,INDUSTRY,COMPLETED,RANDOMIZED,True,QUADRUPLE,4.0,True,True,PARALLEL,True,True,True,False,True,False,3,False
NCT00338143,2003.0,<=2015,PHASE3,drug,0,1200.0,INDUSTRY,COMPLETED,,False,,,False,False,,True,True,True,False,False,False,0,
NCT03941431,2019.0,2016-2020,PHASE2,both,5,378.0,OTHER,UNKNOWN,RANDOMIZED,True,SINGLE,1.0,True,False,PARALLEL,True,False,True,True,False,False,2,True
NCT07581418,2026.0,2021-2026,NA,drug,2,88.0,OTHER,NOT_YET_RECRUITING,RANDOMIZED,True,NONE,0.0,False,False,PARALLEL,True,False,True,False,False,False,0,
NCT04269993,2022.0,2021-2026,PHASE2,drug,2,3.0,OTHER,TERMINATED,RANDOMIZED,True,DOUBLE,2.0,True,True,CROSSOVER,False,False,False,False,True,False,0,False
NCT06610903,2024.0,2021-2026,PHASE1,drug,2,28.0,INDUSTRY,COMPLETED,RANDOMIZED,True,NONE,0.0,False,False,CROSSOVER,False,False,False,False,False,False,0,False
NCT04772079,2021.0,2021-2026,PHASE3,drug,3,153.0,INDUSTRY,RECRUITING,RANDOMIZED,True,QUADRUPLE,4.0,True,True,SEQUENTIAL,True,True,True,True,False,False,0,True
NCT07234591,2025.0,2021-2026,NA,drug,4,140.0,INDUSTRY,RECRUITING,RANDOMIZED,True,QUADRUPLE,4.0,True,True,PARALLEL,True,False,True,True,False,False,0,
NCT00350116,2001.0,<=2015,PHASE3,drug,0,48.0,OTHER,COMPLETED,RANDOMIZED,True,DOUBLE,2.0,True,True,SINGLE_GROUP,False,True,True,False,False,False,0,
NCT06602219,2024.0,2021-2026,PHASE2,drug,4,222.0,INDUSTRY,COMPLETED,RANDOMIZED,True,DOUBLE,2.0,True,True,PARALLEL,True,False,True,True,False,False,0,False
NCT01072383,2010.0,<=2015,PHASE2,drug,2,49.0,INDUSTRY,COMPLETED,RANDOMIZED,True,QUADRUPLE,4.0,True,True,PARALLEL,False,False,True,False,False,False,0,True
NCT02429895,2015.0,<=2015,PHASE2,drug,1,168.0,INDUSTRY,TERMINATED,NA,False,NONE,0.0,False,False,SINGLE_GROUP,True,False,True,False,False,False,1,True
NCT01657513,2012.0,<=2015,NA,drug,1,60.0,OTHER,UNKNOWN,NA,False,NONE,0.0,False,False,SINGLE_GROUP,True,False,True,False,False,False,0,False
NCT00678782,2005.0,<=2015,PHASE2,drug,0,31.0,OTHER,COMPLETED,RANDOMIZED,True,SINGLE,1.0,True,False,CROSSOVER,False,False,True,False,False,False,2,True
NCT03440736,2018.0,2016-2020,PHASE4,drug,2,781.0,INDUSTRY,COMPLETED,RANDOMIZED,True,NONE,0.0,False,False,PARALLEL,True,True,True,False,True,False,0,False
NCT02624544,2016.0,2016-2020,PHASE4,drug,2,0.0,INDUSTRY,WITHDRAWN,RANDOMIZED,True,NONE,0.0,False,False,PARALLEL,False,True,True,False,False,True,0,True
NCT07543640,2026.0,2021-2026,PHASE2,drug,2,56.0,OTHER,NOT_YET_RECRUITING,RANDOMIZED,True,NONE,0.0,False,False,PARALLEL,True,False,True,False,False,False,0,
NCT00368654,2007.0,<=2015,PHASE1;PHASE2,drug,4,12.0,OTHER,COMPLETED,NON_RANDOMIZED,False,NONE,0.0,False,False,PARALLEL,False,False,True,True,True,False,0,False
NCT02131324,2014.0,<=2015,PHASE2,drug,2,50.0,INDUSTRY,COMPLETED,RANDOMIZED,True,NONE,0.0,False,False,PARALLEL,True,False,True,False,True,False,0,False
NCT02993471,2016.0,2016-2020,PHASE1,drug,2,28.0,INDUSTRY,COMPLETED,NON_RANDOMIZED,False,NONE,0.0,False,False,SINGLE_GROUP,False,False,False,False,True,False,0,False
NCT02317627,2014.0,<=2015,PHASE2,drug,3,38.0,INDUSTRY,COMPLETED,NON_RANDOMIZED,False,NONE,0.0,False,False,PARALLEL,False,False,True,True,True,False,0,True
NCT01999868,2014.0,<=2015,PHASE2,drug,2,108.0,NIH,COMPLETED,RANDOMIZED,True,QUADRUPLE,4.0,True,True,PARALLEL,True,False,True,False,True,False,1,True
NCT02054481,2014.0,<=2015,PHASE2,drug,4,166.0,INDUSTRY,COMPLETED,RANDOMIZED,True,DOUBLE,2.0,True,True,PARALLEL,True,False,True,True,True,False,3,
NCT01120223,2010.0,<=2015,PHASE2,drug,1,78.0,INDUSTRY,COMPLETED,NA,False,NONE,0.0,False,False,SINGLE_GROUP,True,False,True,False,True,False,0,False
NCT03783026,2019.0,2016-2020,PHASE4,drug,1,123.0,INDUSTRY,COMPLETED,NA,False,NONE,0.0,False,False,SINGLE_GROUP,True,True,True,False,True,False,0,False
NCT06584058,2024.0,2021-2026,NA,drug,1,8.0,INDUSTRY,NOT_YET_RECRUITING,NA,False,NONE,0.0,False,False,SINGLE_GROUP,False,False,False,False,False,False,0,False
NCT01782937,2013.0,<=2015,PHASE3,drug,1,30.0,INDUSTRY,COMPLETED,NA,False,NONE,0.0,False,False,SINGLE_GROUP,False,True,True,False,False,False,0,False
NCT06277635,2024.0,2021-2026,NA,drug,2,72.0,OTHER,UNKNOWN,RANDOMIZED,True,DOUBLE,2.0,True,True,PARALLEL,True,False,True,False,False,False,0,False
NCT03614078,2018.0,2016-2020,PHASE2,drug,3,92.0,OTHER,COMPLETED,RANDOMIZED,True,DOUBLE,2.0,True,True,PARALLEL,True,False,True,True,True,False,0,False
NCT04015518,2019.0,2016-2020,PHASE2,drug,5,152.0,INDUSTRY,COMPLETED,RANDOMIZED,True,QUADRUPLE,4.0,True,True,PARALLEL,True,False,True,True,True,False,1,True
NCT04603027,2020.0,2016-2020,PHASE2,drug,3,249.0,INDUSTRY,COMPLETED,RANDOMIZED,True,DOUBLE,2.0,True,True,PARALLEL,True,False,True,True,True,False,1,False
NCT03926195,2019.0,2016-2020,PHASE2,drug,2,109.0,INDUSTRY,COMPLETED,RANDOMIZED,True,DOUBLE,2.0,True,True,PARALLEL,True,False,True,False,True,False,2,True
NCT00763204,2008.0,<=2015,PHASE1,drug,5,12.0,INDUSTRY,COMPLETED,RANDOMIZED,True,DOUBLE,2.0,True,True,,False,False,True,True,False,False,0,False
NCT05390515,2022.0,2021-2026,PHASE4,drug,1,10.0,OTHER,RECRUITING,NA,False,NONE,0.0,False,False,SINGLE_GROUP,False,True,False,False,False,False,0,False
NCT00251641,2005.0,<=2015,PHASE3,drug,2,868.0,INDUSTRY,COMPLETED,RANDOMIZED,True,NONE,0.0,False,False,PARALLEL,True,True,True,False,True,True,0,True
NCT05124080,2024.0,2021-2026,EARLY_PHASE1,drug,1,1.0,OTHER,COMPLETED,NA,False,NONE,0.0,False,False,SINGLE_GROUP,False,False,True,False,False,False,0,False
NCT01170715,2010.0,<=2015,NA,drug,1,29.0,OTHER,COMPLETED,NA,False,NONE,0.0,False,False,SINGLE_GROUP,False,False,False,False,True,False,0,False
NCT07401992,2026.0,2021-2026,PHASE4,drug,2,62.0,OTHER,RECRUITING,RANDOMIZED,True,QUADRUPLE,4.0,True,True,PARALLEL,False,True,True,False,False,False,0,True
NCT06043752,2022.0,2021-2026,PHASE4,drug,1,51.0,OTHER,COMPLETED,NA,False,NONE,0.0,False,False,SINGLE_GROUP,False,True,True,False,False,False,0,False
NCT05710185,2023.0,2021-2026,PHASE4,drug,1,3.0,OTHER,TERMINATED,NA,False,NONE,0.0,False,False,SINGLE_GROUP,False,True,True,False,True,False,0,False
NCT03827876,2019.0,2016-2020,PHASE4,drug,1,30.0,OTHER,RECRUITING,NA,False,NONE,0.0,False,False,SINGLE_GROUP,False,True,True,False,False,False,0,False
NCT05375955,2022.0,2021-2026,PHASE2,drug,7,263.0,INDUSTRY,COMPLETED,RANDOMIZED,True,QUADRUPLE,4.0,True,True,PARALLEL,True,False,True,True,True,False,0,False
NCT01845987,2013.0,<=2015,PHASE2,drug,2,49.0,INDUSTRY,COMPLETED,RANDOMIZED,True,DOUBLE,2.0,True,True,PARALLEL,False,False,True,False,False,False,1,False
NCT00689481,2008.0,<=2015,PHASE3,drug,2,323.0,INDUSTRY,COMPLETED,RANDOMIZED,True,QUADRUPLE,4.0,True,True,PARALLEL,True,True,True,False,True,False,1,False
NCT00438360,2006.0,<=2015,PHASE3,drug,2,243.0,INDUSTRY,COMPLETED,RANDOMIZED,True,NONE,0.0,False,False,PARALLEL,True,True,True,False,True,False,0,
NCT04720105,2020.0,2016-2020,PHASE4,drug,1,22.0,OTHER,COMPLETED,NA,False,NONE,0.0,False,False,SINGLE_GROUP,False,True,True,False,True,False,0,False
NCT03552276,2018.0,2016-2020,PHASE2;PHASE3,drug,5,281.0,INDUSTRY,COMPLETED,NON_RANDOMIZED,False,NONE,0.0,False,False,SEQUENTIAL,True,True,True,True,True,False,0,False
NCT05763082,2023.0,2021-2026,PHASE3,drug,3,414.0,INDUSTRY,COMPLETED,RANDOMIZED,True,DOUBLE,2.0,True,True,PARALLEL,True,True,True,True,False,False,0,False
NCT00192517,2003.0,<=2015,PHASE2,drug,2,44.0,INDUSTRY,COMPLETED,RANDOMIZED,True,DOUBLE,2.0,True,True,PARALLEL,False,False,True,False,False,False,0,
NCT01006096,,,PHASE2,drug,2,0.0,OTHER,WITHDRAWN,RANDOMIZED,True,QUADRUPLE,4.0,True,True,PARALLEL,False,False,True,False,False,False,0,False
NCT05408208,2022.0,2021-2026,NA,drug,2,30.0,OTHER,UNKNOWN,RANDOMIZED,True,SINGLE,1.0,True,False,PARALLEL,True,False,True,False,False,False,0,
NCT00195507,2004.0,<=2015,PHASE4,drug,0,720.0,INDUSTRY,COMPLETED,RANDOMIZED,True,NONE,0.0,False,False,PARALLEL,True,True,True,False,True,False,2,
NCT00747344,2008.0,<=2015,PHASE3,drug,4,121.0,INDUSTRY,COMPLETED,RANDOMIZED,True,DOUBLE,2.0,True,True,PARALLEL,True,True,True,True,True,False,0,True
NCT07038720,2025.0,2021-2026,PHASE1,drug,2,124.0,INDUSTRY,RECRUITING,RANDOMIZED,True,QUADRUPLE,4.0,True,True,SEQUENTIAL,True,False,True,False,False,False,0,
NCT01556672,2012.0,<=2015,PHASE4,both,1,100.0,OTHER,COMPLETED,NA,False,NONE,0.0,False,False,SINGLE_GROUP,True,True,True,False,False,False,0,False
NCT03506477,2018.0,2016-2020,PHASE4,drug,2,25.0,OTHER,COMPLETED,RANDOMIZED,True,QUADRUPLE,4.0,True,True,CROSSOVER,False,True,True,False,True,False,0,False
NCT00697034,2006.0,<=2015,PHASE4,drug,1,12.0,OTHER,TERMINATED,NA,False,NONE,0.0,False,False,SINGLE_GROUP,False,True,True,False,False,False,0,False
NCT00111111,,,PHASE3,drug,0,,INDUSTRY,COMPLETED,RANDOMIZED,True,NONE,0.0,False,False,FACTORIAL,,True,True,False,False,True,0,
NCT00581555,2007.0,<=2015,PHASE4,drug,2,120.0,INDUSTRY,COMPLETED,RANDOMIZED,True,DOUBLE,2.0,True,True,PARALLEL,True,True,True,False,True,False,1,False
NCT03279978,2018.0,2016-2020,PHASE1,drug,10,83.0,INDUSTRY,COMPLETED,RANDOMIZED,True,DOUBLE,2.0,True,True,PARALLEL,True,False,True,True,True,False,1,True
NCT01462643,2011.0,<=2015,PHASE2,drug,7,22.0,INDUSTRY,COMPLETED,RANDOMIZED,True,TRIPLE,3.0,True,True,PARALLEL,False,False,True,True,False,False,0,False
NCT04036435,2019.0,2016-2020,PHASE3,drug,2,1466.0,INDUSTRY,ACTIVE_NOT_RECRUITING,NA,False,NONE,0.0,False,False,SINGLE_GROUP,True,True,True,False,False,False,3,False
NCT03331523,2017.0,2016-2020,PHASE3,drug,3,643.0,INDUSTRY,COMPLETED,RANDOMIZED,True,QUADRUPLE,4.0,True,True,PARALLEL,True,True,True,True,False,False,0,False
NCT06176508,2024.0,2021-2026,PHASE2,drug,4,160.0,INDUSTRY,RECRUITING,RANDOMIZED,True,QUADRUPLE,4.0,True,True,PARALLEL,True,False,True,True,False,False,0,False
NCT05364554,2022.0,2021-2026,PHASE2,drug,6,227.0,INDUSTRY,COMPLETED,NON_RANDOMIZED,False,DOUBLE,2.0,True,True,PARALLEL,True,False,True,True,True,False,2,True
NCT02940002,2016.0,2016-2020,PHASE1,drug,6,23.0,INDUSTRY,COMPLETED,RANDOMIZED,True,DOUBLE,2.0,True,True,PARALLEL,False,False,False,True,False,False,0,False
NCT01704599,2009.0,<=2015,PHASE1;PHASE2,drug,1,8.0,OTHER,TERMINATED,NA,False,NONE,0.0,False,False,SINGLE_GROUP,False,False,True,False,True,False,0,True
NCT03662685,2018.0,2016-2020,PHASE1,both,3,4.0,OTHER,TERMINATED,NON_RANDOMIZED,False,NONE,0.0,False,False,PARALLEL,False,False,False,True,False,False,0,
NCT00800982,2008.0,<=2015,NA,both,2,30.0,OTHER,COMPLETED,RANDOMIZED,True,NONE,0.0,False,False,PARALLEL,True,False,True,False,True,True,0,True
NCT01708603,2012.0,<=2015,PHASE3,drug,4,1831.0,INDUSTRY,TERMINATED,RANDOMIZED,True,QUADRUPLE,4.0,True,True,PARALLEL,True,True,True,True,True,False,6,True
NCT02203851,2014.0,<=2015,PHASE2,drug,2,110.0,INDUSTRY,COMPLETED,NON_RANDOMIZED,False,NONE,0.0,False,False,SINGLE_GROUP,True,False,True,False,True,False,1,True
NCT02983981,2016.0,2016-2020,PHASE4,drug,1,20.0,OTHER,COMPLETED,NA,False,NONE,0.0,False,False,SINGLE_GROUP,False,True,True,False,True,False,0,False
NCT02181673,2014.0,<=2015,PHASE3,drug,2,480.0,INDUSTRY,COMPLETED,RANDOMIZED,True,DOUBLE,2.0,True,True,PARALLEL,True,True,True,False,True,False,5,True
NCT07313072,2026.0,2021-2026,PHASE2,drug,1,10.0,OTHER,NOT_YET_RECRUITING,NA,False,NONE,0.0,False,False,SINGLE_GROUP,False,False,True,False,False,False,0,False
NCT02660580,2016.0,2016-2020,PHASE3,drug,5,443.0,INDUSTRY,COMPLETED,RANDOMIZED,True,DOUBLE,2.0,True,True,PARALLEL,True,True,True,True,True,False,0,True
NCT00704262,2008.0,<=2015,PHASE2,drug,1,33.0,INDUSTRY,COMPLETED,NA,False,NONE,0.0,False,False,SINGLE_GROUP,False,False,True,False,True,False,0,False
NCT02694523,2016.0,2016-2020,PHASE3,drug,2,684.0,INDUSTRY,COMPLETED,RANDOMIZED,True,DOUBLE,2.0,True,True,PARALLEL,True,True,True,False,True,False,4,True
NCT06506916,2024.0,2021-2026,PHASE3,drug,3,89.0,INDUSTRY,ACTIVE_NOT_RECRUITING,RANDOMIZED,True,NONE,0.0,False,False,PARALLEL,False,True,True,True,False,False,0,False
NCT03611751,2018.0,2016-2020,PHASE3,drug,3,1020.0,INDUSTRY,COMPLETED,RANDOMIZED,True,QUADRUPLE,4.0,True,True,PARALLEL,True,True,True,True,True,False,6,True
NCT04275024,2020.0,2016-2020,NA,drug,1,8.0,OTHER,COMPLETED,NA,False,NONE,0.0,False,False,SINGLE_GROUP,False,False,True,False,False,False,0,True
NCT06066125,2023.0,2021-2026,PHASE3,drug,3,351.0,INDUSTRY,COMPLETED,RANDOMIZED,True,QUADRUPLE,4.0,True,True,PARALLEL,True,True,True,True,False,False,0,
NCT02749799,2016.0,2016-2020,PHASE4,drug,1,45.0,INDUSTRY,COMPLETED,NA,False,NONE,0.0,False,False,SINGLE_GROUP,False,True,True,False,True,False,0,False
NCT07223138,2025.0,2021-2026,PHASE3,drug,1,1560.0,INDUSTRY,ENROLLING_BY_INVITATION,NA,False,NONE,0.0,False,False,SINGLE_GROUP,True,True,True,False,False,False,0,True
NCT04571151,2021.0,2021-2026,PHASE4,drug,4,30.0,OTHER,UNKNOWN,RANDOMIZED,True,DOUBLE,2.0,True,True,SEQUENTIAL,False,True,True,True,False,False,0,
NCT02472717,2015.0,<=2015,PHASE2,drug,2,0.0,OTHER,WITHDRAWN,RANDOMIZED,True,TRIPLE,3.0,True,True,PARALLEL,False,False,True,False,False,False,0,False
NCT03733925,2019.0,2016-2020,PHASE4,drug,1,100.0,INDUSTRY,COMPLETED,NA,False,NONE,0.0,False,False,SINGLE_GROUP,True,True,True,False,True,False,0,False
NCT05623345,2022.0,2021-2026,PHASE2;PHASE3,drug,4,351.0,INDUSTRY,TERMINATED,RANDOMIZED,True,DOUBLE,2.0,True,True,PARALLEL,True,True,True,True,True,False,0,True
NCT01101100,2010.0,<=2015,PHASE2,drug,1,181.0,INDUSTRY,TERMINATED,NA,False,NONE,0.0,False,False,SINGLE_GROUP,True,False,True,False,True,False,2,False
NCT00509678,2006.0,<=2015,PHASE1,drug,0,6.0,OTHER,COMPLETED,NA,False,NONE,0.0,False,False,SINGLE_GROUP,False,False,True,False,False,False,0,True
NCT01925768,2013.0,<=2015,PHASE3,drug,2,219.0,INDUSTRY,COMPLETED,RANDOMIZED,True,QUADRUPLE,4.0,True,True,PARALLEL,True,True,True,False,True,False,1,True
NCT06357221,2024.0,2021-2026,PHASE4,drug,1,46.0,INDUSTRY,COMPLETED,NA,False,NONE,0.0,False,False,SINGLE_GROUP,False,True,True,False,True,False,0,False
NCT07337434,2025.0,2021-2026,EARLY_PHASE1,drug,2,106.0,OTHER_GOV,RECRUITING,RANDOMIZED,True,NONE,0.0,False,False,PARALLEL,True,False,True,False,False,False,0,True
NCT05478499,2022.0,2021-2026,PHASE4,drug,2,154.0,INDUSTRY,COMPLETED,RANDOMIZED,True,DOUBLE,2.0,True,True,PARALLEL,True,True,True,False,True,False,0,False
NCT03029741,2017.0,2016-2020,PHASE1,drug,1,6.0,INDUSTRY,COMPLETED,NA,False,NONE,0.0,False,False,SINGLE_GROUP,False,False,True,False,False,False,0,False
NCT02905331,2017.0,2016-2020,PHASE3,drug,2,78.0,INDUSTRY,COMPLETED,RANDOMIZED,True,DOUBLE,2.0,True,True,PARALLEL,False,True,True,False,True,False,2,False
NCT00442650,2004.0,<=2015,PHASE3,drug,0,,INDUSTRY,COMPLETED,NON_RANDOMIZED,False,NONE,0.0,False,False,SINGLE_GROUP,,True,True,False,False,True,0,
NCT07078695,2025.0,2021-2026,PHASE1,drug,3,24.0,INDUSTRY,ACTIVE_NOT_RECRUITING,RANDOMIZED,True,NONE,0.0,False,False,PARALLEL,False,False,True,True,False,False,0,False
NCT06095115,2023.0,2021-2026,PHASE3,drug,2,684.0,INDUSTRY,ACTIVE_NOT_RECRUITING,RANDOMIZED,True,DOUBLE,2.0,True,True,PARALLEL,True,True,True,False,True,False,1,True
NCT03217734,2017.0,2016-2020,PHASE2;PHASE3,drug,2,56.0,INDUSTRY,COMPLETED,RANDOMIZED,True,TRIPLE,3.0,True,True,PARALLEL,False,True,True,False,False,False,0,True
NCT02533375,2015.0,<=2015,PHASE3,drug,1,10.0,INDUSTRY,COMPLETED,NA,False,NONE,0.0,False,False,SINGLE_GROUP,False,True,True,False,True,False,0,False
NCT05555797,2022.0,2021-2026,PHASE4,both,1,30.0,OTHER,UNKNOWN,NA,False,NONE,0.0,False,False,SINGLE_GROUP,False,True,True,False,False,True,0,False
NCT03777436,2019.0,2016-2020,PHASE3,drug,2,289.0,INDUSTRY,COMPLETED,RANDOMIZED,True,QUADRUPLE,4.0,True,True,PARALLEL,True,True,True,False,True,False,1,False
NCT00443326,2007.0,<=2015,PHASE2,drug,1,22.0,INDUSTRY,COMPLETED,RANDOMIZED,True,DOUBLE,2.0,True,True,SINGLE_GROUP,False,False,True,False,False,False,0,
NCT04119557,2019.0,2016-2020,PHASE1,drug,3,30.0,INDUSTRY,COMPLETED,RANDOMIZED,True,DOUBLE,2.0,True,True,PARALLEL,True,False,False,True,False,False,1,False
NCT00692172,2001.0,<=2015,PHASE3,drug,1,175.0,INDUSTRY,COMPLETED,NON_RANDOMIZED,False,NONE,0.0,False,False,SINGLE_GROUP,True,True,True,False,False,False,0,False
NCT00884169,2009.0,<=2015,PHASE2,drug,0,,INDUSTRY,COMPLETED,RANDOMIZED,True,DOUBLE,2.0,True,True,,,False,False,False,False,False,0,
NCT03051217,2017.0,2016-2020,PHASE2;PHASE3,drug,3,127.0,INDUSTRY,COMPLETED,RANDOMIZED,True,QUADRUPLE,4.0,True,True,PARALLEL,True,True,True,True,True,True,3,False
NCT03577626,2018.0,2016-2020,PHASE1,drug,2,12.0,INDUSTRY,UNKNOWN,RANDOMIZED,True,NONE,0.0,False,False,CROSSOVER,False,False,True,False,False,False,0,False
NCT00581165,2006.0,<=2015,PHASE4,drug,0,500.0,INDUSTRY,COMPLETED,RANDOMIZED,True,NONE,0.0,False,False,SINGLE_GROUP,True,True,True,False,False,False,0,False
NCT02940561,2016.0,2016-2020,PHASE1,drug,2,48.0,INDUSTRY,UNKNOWN,RANDOMIZED,True,NONE,0.0,False,False,CROSSOVER,True,False,False,False,False,False,0,True
NCT01702493,2012.0,<=2015,PHASE1,drug,7,16.0,INDUSTRY,COMPLETED,RANDOMIZED,True,NONE,0.0,False,False,CROSSOVER,False,False,False,True,False,False,0,False
NCT03598790,2018.0,2016-2020,PHASE3,drug,2,1353.0,INDUSTRY,COMPLETED,RANDOMIZED,True,NONE,0.0,False,False,SINGLE_GROUP,True,True,True,False,True,True,3,False
NCT00317499,2000.0,<=2015,PHASE3,drug,2,205.0,INDUSTRY,COMPLETED,RANDOMIZED,True,QUADRUPLE,4.0,True,True,SINGLE_GROUP,True,True,False,False,False,True,1,
NCT02325219,2014.0,<=2015,PHASE3,drug,3,192.0,INDUSTRY,COMPLETED,RANDOMIZED,True,DOUBLE,2.0,True,True,PARALLEL,True,True,True,True,True,False,0,True
NCT00147329,2005.0,<=2015,PHASE2,drug,0,30.0,INDUSTRY,COMPLETED,RANDOMIZED,True,DOUBLE,2.0,True,True,PARALLEL,False,False,True,False,False,False,0,
NCT06077331,2023.0,2021-2026,PHASE2,drug,3,120.0,INDUSTRY,UNKNOWN,RANDOMIZED,True,DOUBLE,2.0,True,True,PARALLEL,True,False,True,True,False,False,0,False
NCT05046431,2021.0,2021-2026,PHASE3,drug,2,704.0,INDUSTRY,COMPLETED,RANDOMIZED,True,QUADRUPLE,4.0,True,True,PARALLEL,True,True,True,False,False,False,1,False
NCT01580488,2012.0,<=2015,PHASE1,drug,0,24.0,INDUSTRY,COMPLETED,NA,False,SINGLE,1.0,True,False,SINGLE_GROUP,False,False,False,False,True,False,0,False
NCT01516957,2011.0,<=2015,PHASE2,drug,4,168.0,INDUSTRY,TERMINATED,RANDOMIZED,True,TRIPLE,3.0,True,True,PARALLEL,True,False,True,True,True,False,1,False
NCT02097173,2013.0,<=2015,PHASE1,drug,2,35.0,INDUSTRY,COMPLETED,RANDOMIZED,True,NONE,0.0,False,False,CROSSOVER,True,False,False,False,False,False,0,False
NCT00723437,2005.0,<=2015,PHASE4,drug,0,36.0,OTHER,COMPLETED,NA,False,NONE,0.0,False,False,SINGLE_GROUP,False,True,False,False,False,False,0,False
NCT06846710,2025.0,2021-2026,PHASE1,drug,2,132.0,INDUSTRY,RECRUITING,RANDOMIZED,True,DOUBLE,2.0,True,True,SEQUENTIAL,True,False,True,False,False,False,0,
NCT06887322,2025.0,2021-2026,PHASE1;PHASE2,drug,2,40.0,OTHER,ENROLLING_BY_INVITATION,RANDOMIZED,True,NONE,0.0,False,False,PARALLEL,False,False,True,False,False,False,0,True
NCT03850483,2019.0,2016-2020,PHASE2,drug,9,344.0,INDUSTRY,COMPLETED,RANDOMIZED,True,QUADRUPLE,4.0,True,True,PARALLEL,True,False,True,True,True,False,1,True
NCT02432027,2015.0,<=2015,PHASE1;PHASE2,drug,4,14.0,INDUSTRY,COMPLETED,RANDOMIZED,True,QUADRUPLE,4.0,True,True,PARALLEL,False,False,True,True,False,False,0,False
NCT06742333,2025.0,2021-2026,PHASE2,drug,2,40.0,OTHER,RECRUITING,RANDOMIZED,True,NONE,0.0,False,False,PARALLEL,False,False,True,False,False,False,0,False
NCT05725876,2025.0,2021-2026,PHASE1,drug,2,56.0,OTHER,RECRUITING,NON_RANDOMIZED,False,NONE,0.0,False,False,SEQUENTIAL,True,False,False,False,False,False,1,False
NCT00606450,2006.0,<=2015,PHASE2,drug,3,260.0,INDUSTRY,COMPLETED,RANDOMIZED,True,QUADRUPLE,4.0,True,True,PARALLEL,True,False,True,True,False,False,0,True
NCT06042647,2023.0,2021-2026,PHASE4,drug,2,10.0,NETWORK,COMPLETED,NON_RANDOMIZED,False,SINGLE,1.0,True,False,SINGLE_GROUP,False,True,True,False,False,False,0,False
NCT03630939,2018.0,2016-2020,PHASE1;PHASE2,drug,3,104.0,INDUSTRY,COMPLETED,RANDOMIZED,True,TRIPLE,3.0,True,True,PARALLEL,True,False,True,True,False,False,0,False
NCT03004339,2016.0,2016-2020,PHASE1,drug,6,13.0,INDUSTRY,COMPLETED,RANDOMIZED,True,QUADRUPLE,4.0,True,True,PARALLEL,False,False,True,True,False,False,0,False
NCT01871402,2013.0,<=2015,PHASE3,drug,2,221.0,INDUSTRY,COMPLETED,RANDOMIZED,True,DOUBLE,2.0,True,True,PARALLEL,True,True,True,False,True,False,0,False
NCT07529925,2026.0,2021-2026,PHASE4,drug,1,30.0,INDUSTRY,NOT_YET_RECRUITING,NA,False,NONE,0.0,False,False,SINGLE_GROUP,False,True,True,False,False,False,0,
NCT05366855,2022.0,2021-2026,PHASE3,drug,8,42.0,INDUSTRY,TERMINATED,RANDOMIZED,True,QUADRUPLE,4.0,True,True,PARALLEL,False,True,True,True,True,False,1,True
NCT04843631,2021.0,2021-2026,PHASE1,drug,3,216.0,INDUSTRY,COMPLETED,RANDOMIZED,True,TRIPLE,3.0,True,True,PARALLEL,True,False,True,True,False,False,1,True
NCT00216879,2005.0,<=2015,PHASE3,drug,0,800.0,INDUSTRY,COMPLETED,RANDOMIZED,True,DOUBLE,2.0,True,True,PARALLEL,True,True,True,False,False,False,0,
NCT04914429,2021.0,2021-2026,PHASE4,drug,2,327.0,INDUSTRY,COMPLETED,RANDOMIZED,True,DOUBLE,2.0,True,True,PARALLEL,True,True,True,False,False,False,1,False
NCT01510951,2011.0,<=2015,PHASE1,drug,2,9.0,INDUSTRY,COMPLETED,RANDOMIZED,True,TRIPLE,3.0,True,True,PARALLEL,False,False,False,False,False,False,0,
NCT04009499,2019.0,2016-2020,PHASE3,drug,1,1131.0,INDUSTRY,COMPLETED,NA,False,NONE,0.0,False,False,SINGLE_GROUP,True,True,True,False,False,True,5,False
NCT06380153,2024.0,2021-2026,PHASE1,drug,3,26.0,INDUSTRY,COMPLETED,NON_RANDOMIZED,False,NONE,0.0,False,False,PARALLEL,False,False,True,True,False,False,0,
NCT06982352,2025.0,2021-2026,PHASE1,drug,2,48.0,INDUSTRY,RECRUITING,RANDOMIZED,True,TRIPLE,3.0,True,True,PARALLEL,True,False,True,False,False,False,0,
NCT01111123,2009.0,<=2015,PHASE4,drug,2,55.0,OTHER,COMPLETED,RANDOMIZED,True,DOUBLE,2.0,True,True,PARALLEL,False,True,True,False,True,True,0,True
NCT03983980,2019.0,2016-2020,PHASE3,drug,2,515.0,INDUSTRY,COMPLETED,RANDOMIZED,True,TRIPLE,3.0,True,True,PARALLEL,True,True,True,False,True,False,4,False
NCT02718898,2016.0,2016-2020,PHASE3,drug,2,149.0,INDUSTRY,COMPLETED,RANDOMIZED,True,DOUBLE,2.0,True,True,PARALLEL,True,True,True,False,True,False,0,False
NCT03025282,2016.0,2016-2020,PHASE2,drug,6,24.0,INDUSTRY,COMPLETED,RANDOMIZED,True,SINGLE,1.0,True,False,SINGLE_GROUP,False,False,True,True,True,False,0,False
NCT00747032,2010.0,<=2015,PHASE3,drug,2,0.0,INDUSTRY,WITHDRAWN,RANDOMIZED,True,DOUBLE,2.0,True,True,PARALLEL,False,True,True,False,False,False,0,False
NCT01039142,2008.0,<=2015,PHASE4,drug,3,61.0,OTHER,COMPLETED,RANDOMIZED,True,QUADRUPLE,4.0,True,True,PARALLEL,False,True,True,True,False,False,0,
NCT02112097,2016.0,2016-2020,PHASE1;PHASE2,drug,13,60.0,INDUSTRY,UNKNOWN,RANDOMIZED,True,DOUBLE,2.0,True,True,PARALLEL,True,False,True,True,False,False,0,True
NCT02899988,2016.0,2016-2020,PHASE2,drug,4,205.0,INDUSTRY,COMPLETED,RANDOMIZED,True,DOUBLE,2.0,True,True,PARALLEL,True,False,True,True,True,False,0,False
NCT02144857,2014.0,<=2015,PHASE4,drug,5,200.0,OTHER,UNKNOWN,RANDOMIZED,True,SINGLE,1.0,True,False,PARALLEL,True,True,True,True,False,False,2,False
NCT05020249,2021.0,2021-2026,PHASE3,drug,2,47.0,INDUSTRY,COMPLETED,RANDOMIZED,True,QUADRUPLE,4.0,True,True,PARALLEL,False,True,True,False,True,True,0,False
NCT01646567,2012.0,<=2015,PHASE1,drug,1,14.0,INDUSTRY,COMPLETED,NA,False,QUADRUPLE,4.0,True,True,SINGLE_GROUP,False,False,True,False,False,False,0,False
NCT04371185,2020.0,2016-2020,PHASE1,drug,3,270.0,INDUSTRY,COMPLETED,RANDOMIZED,True,QUADRUPLE,4.0,True,True,PARALLEL,True,False,True,True,False,False,1,
NCT05718921,2023.0,2021-2026,PHASE1,drug,12,54.0,INDUSTRY,COMPLETED,RANDOMIZED,True,TRIPLE,3.0,True,True,SEQUENTIAL,True,False,True,True,False,False,0,False
NCT03080545,2017.0,2016-2020,PHASE4,drug,1,25.0,OTHER,COMPLETED,NA,False,NONE,0.0,False,False,SINGLE_GROUP,False,True,True,False,False,False,0,False
NCT07321873,2026.0,2021-2026,PHASE2,drug,4,240.0,INDUSTRY,RECRUITING,RANDOMIZED,True,DOUBLE,2.0,True,True,PARALLEL,True,False,True,True,False,False,0,True
NCT06032858,2022.0,2021-2026,PHASE4,drug,1,30.0,OTHER,COMPLETED,NA,False,NONE,0.0,False,False,SINGLE_GROUP,False,True,True,False,False,False,0,False
NCT03875482,2019.0,2016-2020,PHASE3,drug,2,157.0,INDUSTRY,COMPLETED,RANDOMIZED,True,QUADRUPLE,4.0,True,True,PARALLEL,True,True,True,False,True,False,1,False
NCT03066609,2017.0,2016-2020,PHASE3,drug,3,543.0,INDUSTRY,COMPLETED,RANDOMIZED,True,QUADRUPLE,4.0,True,True,PARALLEL,True,True,True,True,True,False,1,True
NCT01373567,2010.0,<=2015,PHASE4,drug,1,298.0,INDUSTRY,COMPLETED,NA,False,NONE,0.0,False,False,SINGLE_GROUP,True,True,True,False,False,False,0,False
NCT03819218,2018.0,2016-2020,PHASE2,drug,1,7.0,INDUSTRY,TERMINATED,NA,False,NONE,0.0,False,False,SINGLE_GROUP,False,False,True,False,True,False,0,False
NCT03987763,2019.0,2016-2020,PHASE4,drug,1,45.0,INDUSTRY,RECRUITING,NA,False,NONE,0.0,False,False,SINGLE_GROUP,False,True,True,False,False,False,0,
NCT03412747,2018.0,2016-2020,PHASE3,drug,3,478.0,INDUSTRY,COMPLETED,RANDOMIZED,True,QUADRUPLE,4.0,True,True,PARALLEL,True,True,True,True,True,True,5,True
NCT06875934,2025.0,2021-2026,PHASE2,drug,2,145.0,INDUSTRY,ACTIVE_NOT_RECRUITING,RANDOMIZED,True,QUADRUPLE,4.0,True,True,PARALLEL,True,False,True,False,False,False,0,
NCT00236119,2005.0,<=2015,PHASE2,drug,4,46.0,INDUSTRY,COMPLETED,NON_RANDOMIZED,False,NONE,0.0,False,False,CROSSOVER,False,False,True,True,False,False,0,
NCT01465282,2011.0,<=2015,PHASE2,drug,4,160.0,INDUSTRY,COMPLETED,RANDOMIZED,True,QUADRUPLE,4.0,True,True,SINGLE_GROUP,True,False,True,True,False,False,0,False
NCT04801433,2018.0,2016-2020,NA,drug,3,240.0,OTHER,COMPLETED,RANDOMIZED,True,SINGLE,1.0,True,False,PARALLEL,True,False,True,True,False,False,0,
NCT05642182,2022.0,2021-2026,PHASE1,drug,2,90.0,INDUSTRY,RECRUITING,NON_RANDOMIZED,False,NONE,0.0,False,False,SEQUENTIAL,True,False,True,False,False,False,0,False
NCT07315061,2026.0,2021-2026,PHASE2,drug,3,222.0,INDUSTRY,RECRUITING,RANDOMIZED,True,QUADRUPLE,4.0,True,True,PARALLEL,True,False,True,True,False,False,0,False
NCT03961230,2019.0,2016-2020,PHASE2,drug,2,196.0,OTHER,UNKNOWN,RANDOMIZED,True,DOUBLE,2.0,True,True,PARALLEL,True,False,True,False,False,False,1,True
NCT02606760,2015.0,<=2015,PHASE3,drug,2,378.0,INDUSTRY,COMPLETED,RANDOMIZED,True,TRIPLE,3.0,True,True,PARALLEL,True,True,True,False,False,False,0,False
NCT05135312,2021.0,2021-2026,PHASE4,both,1,10.0,OTHER,UNKNOWN,NA,False,NONE,0.0,False,False,SINGLE_GROUP,False,True,True,False,False,False,0,False
NCT04246372,2020.0,2016-2020,PHASE2,drug,1,47.0,OTHER,COMPLETED,NA,False,NONE,0.0,False,False,SINGLE_GROUP,False,False,True,False,True,False,2,True
NCT07160231,2025.0,2021-2026,PHASE4,drug,4,200.0,OTHER,RECRUITING,RANDOMIZED,True,NONE,0.0,False,False,PARALLEL,True,True,True,True,False,False,0,True
NCT04882098,2021.0,2021-2026,PHASE3,drug,3,1054.0,INDUSTRY,ACTIVE_NOT_RECRUITING,RANDOMIZED,True,DOUBLE,2.0,True,True,PARALLEL,True,True,True,True,True,False,1,False
NCT03419910,2018.0,2016-2020,PHASE1,drug,1,54.0,INDUSTRY,COMPLETED,NA,False,NONE,0.0,False,False,SINGLE_GROUP,True,False,True,False,False,False,0,False
NCT00992394,2010.0,<=2015,PHASE4,drug,2,174.0,INDUSTRY,COMPLETED,RANDOMIZED,True,NONE,0.0,False,False,PARALLEL,True,True,True,False,True,False,0,False
NCT04908475,2021.0,2021-2026,PHASE4,drug,2,352.0,INDUSTRY,COMPLETED,RANDOMIZED,True,SINGLE,1.0,True,False,PARALLEL,True,True,True,False,True,False,1,False
NCT02156466,2014.0,<=2015,PHASE1,drug,5,41.0,INDUSTRY,COMPLETED,RANDOMIZED,True,TRIPLE,3.0,True,True,PARALLEL,True,False,True,True,True,False,0,
NCT00581100,2007.0,<=2015,PHASE4,drug,2,136.0,INDUSTRY,COMPLETED,RANDOMIZED,True,NONE,0.0,False,False,PARALLEL,True,True,True,False,True,False,0,False
NCT00540618,2001.0,<=2015,PHASE2,drug,4,420.0,INDUSTRY,COMPLETED,RANDOMIZED,True,DOUBLE,2.0,True,True,SINGLE_GROUP,True,False,True,True,False,False,0,False
NCT03298581,2017.0,2016-2020,PHASE2,drug,1,0.0,INDUSTRY,WITHDRAWN,NA,False,NONE,0.0,False,False,SINGLE_GROUP,False,False,True,False,False,False,0,False
NCT05988684,2023.0,2021-2026,PHASE4,drug,2,24.0,OTHER,COMPLETED,RANDOMIZED,True,NONE,0.0,False,False,PARALLEL,False,True,True,False,False,False,0,False
NCT01358578,2011.0,<=2015,PHASE3,drug,6,1306.0,INDUSTRY,COMPLETED,RANDOMIZED,True,QUADRUPLE,4.0,True,True,PARALLEL,True,True,True,True,True,False,9,True
NCT01544595,2012.0,<=2015,PHASE3,drug,2,1147.0,INDUSTRY,COMPLETED,RANDOMIZED,True,DOUBLE,2.0,True,True,PARALLEL,True,True,True,False,True,False,1,True
NCT06578728,2025.0,2021-2026,PHASE4,drug,3,1.0,OTHER,TERMINATED,RANDOMIZED,True,SINGLE,1.0,True,False,PARALLEL,False,True,True,True,False,False,0,True
NCT06203470,2024.0,2021-2026,PHASE4,drug,3,60.0,OTHER,NOT_YET_RECRUITING,RANDOMIZED,True,SINGLE,1.0,True,False,PARALLEL,False,True,True,True,False,False,0,
NCT02896868,2016.0,2016-2020,PHASE1,drug,2,60.0,INDUSTRY,COMPLETED,RANDOMIZED,True,DOUBLE,2.0,True,True,SINGLE_GROUP,True,False,False,False,False,False,0,False
NCT01009086,2009.0,<=2015,PHASE3,drug,3,615.0,INDUSTRY,COMPLETED,RANDOMIZED,True,QUADRUPLE,4.0,True,True,PARALLEL,True,True,True,True,True,False,8,True
NCT02134210,2014.0,<=2015,PHASE3,drug,2,521.0,INDUSTRY,COMPLETED,RANDOMIZED,True,QUADRUPLE,4.0,True,True,PARALLEL,True,True,True,False,True,False,0,True
NCT04146558,2019.0,2016-2020,PHASE3,drug,2,90.0,OTHER,COMPLETED,RANDOMIZED,True,DOUBLE,2.0,True,True,PARALLEL,False,True,True,False,False,False,0,False
NCT00937027,2009.0,<=2015,PHASE1,drug,2,22.0,INDUSTRY,COMPLETED,RANDOMIZED,True,NONE,0.0,False,False,CROSSOVER,False,False,True,False,False,False,1,True
NCT02635204,2015.0,<=2015,PHASE3,drug,2,267.0,INDUSTRY,COMPLETED,RANDOMIZED,True,QUADRUPLE,4.0,True,True,PARALLEL,True,True,True,False,True,False,0,False
NCT01891019,2003.0,<=2015,PHASE2,drug,0,21.0,OTHER,COMPLETED,NA,False,NONE,0.0,False,False,SINGLE_GROUP,False,False,True,False,False,False,0,False
NCT00333034,2006.0,<=2015,PHASE3,drug,0,120.0,INDUSTRY,COMPLETED,RANDOMIZED,True,DOUBLE,2.0,True,True,PARALLEL,True,True,True,False,False,False,1,
NCT03442244,2018.0,2016-2020,PHASE1,drug,2,20.0,INDUSTRY,COMPLETED,RANDOMIZED,True,DOUBLE,2.0,True,True,SINGLE_GROUP,False,False,False,False,False,False,0,
NCT07113756,2025.0,2021-2026,NA,drug,2,70.0,OTHER,NOT_YET_RECRUITING,RANDOMIZED,True,DOUBLE,2.0,True,True,PARALLEL,True,False,True,False,False,False,0,False
NCT02330237,2015.0,<=2015,PHASE2;PHASE3,drug,2,45.0,INDUSTRY,COMPLETED,RANDOMIZED,True,QUADRUPLE,4.0,True,True,PARALLEL,False,True,True,False,False,False,0,True
NCT00287547,1997.0,<=2015,PHASE2,drug,0,144.0,INDUSTRY,COMPLETED,RANDOMIZED,True,DOUBLE,2.0,True,True,PARALLEL,True,False,True,False,False,False,0,
NCT00817219,2009.0,<=2015,PHASE2,drug,1,33.0,INDUSTRY,COMPLETED,NON_RANDOMIZED,False,NONE,0.0,False,False,SINGLE_GROUP,False,False,True,False,True,False,0,False
NCT07261306,2025.0,2021-2026,EARLY_PHASE1,drug,2,75.0,OTHER_GOV,RECRUITING,RANDOMIZED,True,NONE,0.0,False,False,PARALLEL,True,False,True,False,False,False,0,True
NCT03895372,2019.0,2016-2020,PHASE2,drug,5,179.0,INDUSTRY,COMPLETED,RANDOMIZED,True,DOUBLE,2.0,True,True,PARALLEL,True,False,True,True,True,False,0,True
NCT02016105,2013.0,<=2015,PHASE3,drug,2,465.0,INDUSTRY,COMPLETED,RANDOMIZED,True,QUADRUPLE,4.0,True,True,PARALLEL,True,True,True,False,True,False,3,True
NCT06640257,2024.0,2021-2026,PHASE3,drug,2,200.0,INDUSTRY,RECRUITING,RANDOMIZED,True,QUADRUPLE,4.0,True,True,PARALLEL,True,True,True,False,False,False,0,
NCT06779097,2025.0,2021-2026,PHASE4,drug,1,1564.0,INDUSTRY,NOT_YET_RECRUITING,NA,False,NONE,0.0,False,False,SINGLE_GROUP,True,True,True,False,False,False,0,
NCT06477536,2024.0,2021-2026,PHASE2;PHASE3,drug,1,33.0,INDUSTRY,RECRUITING,NA,False,NONE,0.0,False,False,SINGLE_GROUP,False,True,True,False,False,False,0,False
NCT00417820,2006.0,<=2015,PHASE1,drug,0,35.0,INDUSTRY,COMPLETED,RANDOMIZED,True,DOUBLE,2.0,True,True,PARALLEL,True,False,True,False,False,False,0,
NCT01582932,2013.0,<=2015,PHASE1,drug,1,36.0,INDUSTRY,COMPLETED,NA,False,NONE,0.0,False,False,SINGLE_GROUP,True,False,True,False,False,False,0,False
NCT02310646,2015.0,<=2015,PHASE3,drug,2,219.0,INDUSTRY,COMPLETED,RANDOMIZED,True,NONE,0.0,False,False,CROSSOVER,True,True,False,False,True,False,0,False
NCT01043224,2010.0,<=2015,PHASE1,drug,1,24.0,INDUSTRY,COMPLETED,RANDOMIZED,True,DOUBLE,2.0,True,True,SINGLE_GROUP,False,False,True,False,False,False,0,False
NCT01018810,2009.0,<=2015,PHASE2,drug,7,8.0,INDUSTRY,TERMINATED,RANDOMIZED,True,TRIPLE,3.0,True,True,PARALLEL,False,False,True,True,True,False,0,True
NCT01079988,2004.0,<=2015,PHASE4,drug,5,41.0,INDUSTRY,COMPLETED,NON_RANDOMIZED,False,NONE,0.0,False,False,PARALLEL,False,True,True,True,True,True,0,False
NCT02902861,2013.0,<=2015,PHASE3,drug,2,120.0,INDUSTRY,COMPLETED,RANDOMIZED,True,DOUBLE,2.0,True,True,PARALLEL,True,True,False,False,False,False,0,False
NCT02899962,2017.0,2016-2020,PHASE3,drug,2,722.0,INDUSTRY,COMPLETED,RANDOMIZED,True,QUADRUPLE,4.0,True,True,PARALLEL,True,True,True,False,True,False,3,False
NCT01752634,2013.0,<=2015,PHASE3,drug,4,397.0,INDUSTRY,COMPLETED,RANDOMIZED,True,TRIPLE,3.0,True,True,PARALLEL,True,True,True,True,True,False,10,
NCT07623486,2026.0,2021-2026,PHASE1;PHASE2,drug,2,180.0,INDUSTRY,ACTIVE_NOT_RECRUITING,RANDOMIZED,True,QUADRUPLE,4.0,True,True,PARALLEL,True,False,True,False,False,False,0,False
NCT06833307,2025.0,2021-2026,PHASE3,drug,1,90.0,INDUSTRY,NOT_YET_RECRUITING,NA,False,NONE,0.0,False,False,SINGLE_GROUP,False,True,True,False,False,False,0,
NCT05889338,2023.0,2021-2026,NA,drug,2,140.0,OTHER,UNKNOWN,RANDOMIZED,True,NONE,0.0,False,False,PARALLEL,True,False,True,False,False,False,0,False
NCT02592018,2016.0,2016-2020,PHASE4,drug,1,15.0,OTHER,COMPLETED,NA,False,NONE,0.0,False,False,SINGLE_GROUP,False,True,False,False,True,False,0,False
NCT03626714,2018.0,2016-2020,EARLY_PHASE1,drug,1,8.0,INDUSTRY,COMPLETED,NA,False,NONE,0.0,False,False,SINGLE_GROUP,False,False,True,False,True,False,0,False
NCT02785172,2016.0,2016-2020,PHASE2,drug,4,154.0,INDUSTRY,COMPLETED,RANDOMIZED,True,QUADRUPLE,4.0,True,True,PARALLEL,True,False,True,True,True,False,0,True
NCT00001422,1995.0,<=2015,PHASE2,drug,0,20.0,NIH,COMPLETED,,False,,,False,False,,False,False,True,False,False,False,0,
NCT01251614,2010.0,<=2015,PHASE3,drug,3,114.0,INDUSTRY,COMPLETED,RANDOMIZED,True,QUADRUPLE,4.0,True,True,PARALLEL,True,True,True,True,True,True,1,True
NCT00645892,2003.0,<=2015,PHASE2,drug,2,32.0,INDUSTRY,COMPLETED,RANDOMIZED,True,DOUBLE,2.0,True,True,PARALLEL,False,False,True,False,False,False,0,False
NCT06231381,2024.0,2021-2026,PHASE2,drug,2,33.0,INDUSTRY,RECRUITING,RANDOMIZED,True,QUADRUPLE,4.0,True,True,PARALLEL,False,False,True,False,False,False,0,False
NCT01484964,2011.0,<=2015,PHASE1,drug,3,24.0,INDUSTRY,COMPLETED,RANDOMIZED,True,NONE,0.0,False,False,CROSSOVER,False,False,False,True,False,False,0,False
NCT02125279,2014.0,<=2015,PHASE4,drug,1,54.0,INDUSTRY,COMPLETED,NA,False,NONE,0.0,False,False,SINGLE_GROUP,False,True,True,False,True,False,0,True
NCT07443956,2026.0,2021-2026,NA,drug,3,45.0,OTHER,RECRUITING,RANDOMIZED,True,NONE,0.0,False,False,PARALLEL,True,False,False,True,False,False,0,False
NCT05000086,2019.0,2016-2020,PHASE4,drug,1,20.0,OTHER,COMPLETED,NA,False,NONE,0.0,False,False,SINGLE_GROUP,False,True,True,False,False,False,0,
NCT02191020,2013.0,<=2015,NA,drug,2,108.0,OTHER,COMPLETED,RANDOMIZED,True,DOUBLE,2.0,True,True,PARALLEL,True,False,True,False,False,False,0,
NCT04207801,2020.0,2016-2020,PHASE2,drug,3,90.0,INDUSTRY,COMPLETED,RANDOMIZED,True,QUADRUPLE,4.0,True,True,PARALLEL,True,False,True,True,True,False,0,False
NCT07713212,2026.0,2021-2026,PHASE4,both,2,32.0,OTHER,NOT_YET_RECRUITING,RANDOMIZED,True,SINGLE,1.0,True,False,PARALLEL,False,True,True,False,False,False,0,True
NCT06550076,2024.0,2021-2026,PHASE3,drug,1,2099.0,INDUSTRY,ACTIVE_NOT_RECRUITING,NON_RANDOMIZED,False,NONE,0.0,False,False,SINGLE_GROUP,True,True,True,False,False,False,0,True
NCT03518047,2018.0,2016-2020,PHASE3,drug,2,50.0,INDUSTRY,COMPLETED,RANDOMIZED,True,TRIPLE,3.0,True,True,PARALLEL,False,True,True,False,False,False,1,False
NCT00004468,1998.0,<=2015,NA,drug,0,0.0,NIH,WITHDRAWN,,False,,,False,False,,False,False,True,False,False,False,0,
NCT04250792,2019.0,2016-2020,PHASE1,drug,1,42.0,OTHER_GOV,COMPLETED,NA,False,NONE,0.0,False,False,SINGLE_GROUP,True,False,True,False,False,True,0,
NCT07426120,2026.0,2021-2026,PHASE3,drug,2,300.0,INDUSTRY,RECRUITING,RANDOMIZED,True,QUADRUPLE,4.0,True,True,PARALLEL,True,True,True,False,False,False,0,True
NCT06299982,2024.0,2021-2026,PHASE3,drug,2,750.0,INDUSTRY,UNKNOWN,RANDOMIZED,True,NONE,0.0,False,False,PARALLEL,True,True,True,False,False,False,1,
NCT06729463,2024.0,2021-2026,NA,drug,3,50.0,OTHER,COMPLETED,RANDOMIZED,True,NONE,0.0,False,False,PARALLEL,True,False,True,True,False,False,0,True
NCT07158268,2025.0,2021-2026,PHASE2,drug,4,220.0,INDUSTRY,NOT_YET_RECRUITING,RANDOMIZED,True,QUADRUPLE,4.0,True,True,PARALLEL,True,False,True,True,False,False,0,
NCT07362017,2026.0,2021-2026,PHASE3,drug,1,300.0,INDUSTRY,RECRUITING,NA,False,NONE,0.0,False,False,SINGLE_GROUP,True,True,True,False,False,False,0,False
NCT00195676,2004.0,<=2015,PHASE3,drug,1,1469.0,INDUSTRY,COMPLETED,NON_RANDOMIZED,False,NONE,0.0,False,False,SINGLE_GROUP,True,True,True,False,True,False,2,
NCT00929578,2008.0,<=2015,PHASE2,drug,2,15.0,OTHER,COMPLETED,RANDOMIZED,True,TRIPLE,3.0,True,True,PARALLEL,False,False,True,False,True,False,0,False
NCT02772601,2016.0,2016-2020,PHASE1,drug,1,21.0,INDUSTRY,COMPLETED,NA,False,NONE,0.0,False,False,SINGLE_GROUP,False,False,True,False,False,False,1,
NCT01844973,2013.0,<=2015,PHASE1,drug,2,30.0,INDUSTRY,COMPLETED,RANDOMIZED,True,DOUBLE,2.0,True,True,PARALLEL,True,False,False,False,False,False,0,False
NCT00946686,2002.0,<=2015,PHASE1,drug,2,52.0,INDUSTRY,COMPLETED,RANDOMIZED,True,NONE,0.0,False,False,PARALLEL,True,False,True,False,False,False,0,
NCT00788424,2008.0,<=2015,PHASE2,drug,2,0.0,INDUSTRY,WITHDRAWN,RANDOMIZED,True,DOUBLE,2.0,True,True,PARALLEL,False,False,True,False,False,False,0,False
NCT02164214,2011.0,<=2015,PHASE3,drug,2,60.0,OTHER,COMPLETED,NON_RANDOMIZED,False,NONE,0.0,False,False,PARALLEL,False,True,True,False,False,False,1,False
NCT00113542,2004.0,<=2015,PHASE2,drug,0,10.0,OTHER,COMPLETED,NON_RANDOMIZED,False,NONE,0.0,False,False,SINGLE_GROUP,False,False,True,False,False,False,0,
NCT00763503,2008.0,<=2015,PHASE2,drug,1,26.0,INDUSTRY,COMPLETED,NON_RANDOMIZED,False,NONE,0.0,False,False,SINGLE_GROUP,False,False,True,False,False,False,0,
NCT02595970,2015.0,<=2015,PHASE3,drug,1,120.0,INDUSTRY,COMPLETED,NA,False,NONE,0.0,False,False,SINGLE_GROUP,True,True,True,False,True,False,0,False
NCT01301157,2011.0,<=2015,PHASE2,drug,4,294.0,INDUSTRY,COMPLETED,RANDOMIZED,True,DOUBLE,2.0,True,True,PARALLEL,True,False,True,True,False,False,0,
NCT01511315,2012.0,<=2015,PHASE4,drug,1,36.0,OTHER,COMPLETED,NA,False,NONE,0.0,False,False,SINGLE_GROUP,False,True,True,False,True,False,0,False
NCT04785326,2021.0,2021-2026,PHASE3,drug,2,598.0,INDUSTRY,COMPLETED,RANDOMIZED,True,TRIPLE,3.0,True,True,PARALLEL,True,True,True,False,True,False,0,True
NCT07543224,2026.0,2021-2026,PHASE3,drug,2,600.0,INDUSTRY,NOT_YET_RECRUITING,RANDOMIZED,True,QUADRUPLE,4.0,True,True,PARALLEL,True,True,True,False,False,False,0,
NCT06084663,2023.0,2021-2026,PHASE3,drug,2,36.0,INDUSTRY,COMPLETED,RANDOMIZED,True,NONE,0.0,False,False,CROSSOVER,False,True,False,False,False,False,0,False
NCT02319759,2015.0,<=2015,PHASE2,drug,2,149.0,INDUSTRY,COMPLETED,RANDOMIZED,True,DOUBLE,2.0,True,True,PARALLEL,True,False,True,False,True,False,5,True
NCT03733353,2018.0,2016-2020,PHASE1,drug,10,204.0,INDUSTRY,COMPLETED,RANDOMIZED,True,DOUBLE,2.0,True,True,SEQUENTIAL,True,False,True,True,False,False,1,True
NCT04572997,2018.0,2016-2020,PHASE2,drug,1,21.0,OTHER,COMPLETED,NA,False,NONE,0.0,False,False,SINGLE_GROUP,False,False,True,False,True,True,0,False
NCT04080206,2020.0,2016-2020,PHASE2,drug,2,55.0,INDUSTRY,COMPLETED,RANDOMIZED,True,NONE,0.0,False,False,PARALLEL,True,False,True,False,False,False,0,False
NCT00133315,2004.0,<=2015,PHASE4,drug,0,50.0,OTHER,COMPLETED,NON_RANDOMIZED,False,NONE,0.0,False,False,SINGLE_GROUP,False,True,True,False,False,False,3,
NCT01166646,2010.0,<=2015,PHASE2,drug,2,43.0,INDUSTRY,COMPLETED,RANDOMIZED,True,SINGLE,1.0,True,False,PARALLEL,False,False,True,False,True,False,0,False
NCT07013201,2025.0,2021-2026,PHASE2,drug,2,135.0,INDUSTRY,RECRUITING,RANDOMIZED,True,DOUBLE,2.0,True,True,PARALLEL,True,False,True,False,False,False,0,False
NCT02235480,2014.0,<=2015,PHASE2,drug,2,66.0,INDUSTRY,COMPLETED,RANDOMIZED,True,DOUBLE,2.0,True,True,PARALLEL,True,False,True,False,False,False,0,False
NCT04862286,2021.0,2021-2026,PHASE3,drug,1,132.0,INDUSTRY,ACTIVE_NOT_RECRUITING,NA,False,NONE,0.0,False,False,SINGLE_GROUP,True,True,True,False,False,False,0,True
NCT05401006,2021.0,2021-2026,PHASE4,drug,3,30.0,OTHER,UNKNOWN,RANDOMIZED,True,SINGLE,1.0,True,False,PARALLEL,False,True,True,True,False,False,0,
NCT01483599,2011.0,<=2015,PHASE2,drug,7,293.0,INDUSTRY,COMPLETED,RANDOMIZED,True,TRIPLE,3.0,True,True,PARALLEL,True,False,True,True,True,False,2,True
NCT01882647,2013.0,<=2015,PHASE3,drug,2,222.0,INDUSTRY,COMPLETED,RANDOMIZED,True,DOUBLE,2.0,True,True,PARALLEL,True,True,True,False,True,False,0,False
NCT03364309,2018.0,2016-2020,PHASE3,drug,3,438.0,INDUSTRY,COMPLETED,RANDOMIZED,True,DOUBLE,2.0,True,True,PARALLEL,True,True,True,True,True,False,2,True
NCT02376790,2015.0,<=2015,PHASE3,drug,3,851.0,INDUSTRY,COMPLETED,RANDOMIZED,True,QUADRUPLE,4.0,True,True,PARALLEL,True,True,True,True,True,False,0,False
NCT03000075,2016.0,2016-2020,PHASE2,drug,3,182.0,INDUSTRY,COMPLETED,RANDOMIZED,True,DOUBLE,2.0,True,True,PARALLEL,True,False,True,True,True,False,2,True
NCT03431974,2018.0,2016-2020,PHASE2,drug,2,19.0,INDUSTRY,COMPLETED,RANDOMIZED,True,QUADRUPLE,4.0,True,True,PARALLEL,False,False,True,False,True,True,0,False
NCT00684593,2007.0,<=2015,PHASE2,drug,2,31.0,INDUSTRY,COMPLETED,RANDOMIZED,True,TRIPLE,3.0,True,True,PARALLEL,False,False,True,False,True,False,0,False
NCT06191042,2024.0,2021-2026,PHASE1,drug,2,45.0,INDUSTRY,COMPLETED,RANDOMIZED,True,TRIPLE,3.0,True,True,PARALLEL,True,False,True,False,False,False,0,False
NCT03766685,2018.0,2016-2020,PHASE3,drug,2,172.0,INDUSTRY,COMPLETED,RANDOMIZED,True,NONE,0.0,False,False,PARALLEL,True,True,True,False,True,True,1,False
NCT06857942,2025.0,2021-2026,PHASE4,drug,1,200.0,INDUSTRY,RECRUITING,NA,False,NONE,0.0,False,False,SINGLE_GROUP,True,True,True,False,False,False,0,False
NCT04555707,2020.0,2016-2020,PHASE4,drug,1,30.0,OTHER,UNKNOWN,NA,False,NONE,0.0,False,False,SINGLE_GROUP,False,True,True,False,False,False,0,False
NCT01422434,2011.0,<=2015,PHASE3,drug,3,676.0,INDUSTRY,COMPLETED,RANDOMIZED,True,QUADRUPLE,4.0,True,True,PARALLEL,True,True,True,True,True,False,0,False
NCT07102888,2025.0,2021-2026,PHASE2,drug,1,20.0,INDUSTRY,NOT_YET_RECRUITING,NA,False,NONE,0.0,False,False,SINGLE_GROUP,False,False,True,False,False,False,0,
NCT03462927,2018.0,2016-2020,PHASE2,drug,2,63.0,INDUSTRY,COMPLETED,RANDOMIZED,True,NONE,0.0,False,False,PARALLEL,True,False,True,False,True,False,0,False
NCT01536938,2012.0,<=2015,PHASE2,drug,3,303.0,INDUSTRY,COMPLETED,RANDOMIZED,True,QUADRUPLE,4.0,True,True,PARALLEL,True,False,True,True,True,False,1,False
NCT02387801,2015.0,<=2015,PHASE3,drug,2,12.0,INDUSTRY,COMPLETED,RANDOMIZED,True,NONE,0.0,False,False,PARALLEL,False,True,True,False,True,False,0,False
NCT01577550,2012.0,<=2015,PHASE1,drug,4,39.0,INDUSTRY,COMPLETED,RANDOMIZED,True,DOUBLE,2.0,True,True,PARALLEL,True,False,True,True,False,False,1,
NCT07251556,2025.0,2021-2026,PHASE4,drug,2,40.0,OTHER,NOT_YET_RECRUITING,RANDOMIZED,True,NONE,0.0,False,False,PARALLEL,False,True,True,False,False,False,0,
NCT05453942,2022.0,2021-2026,PHASE1,drug,2,38.0,INDUSTRY,COMPLETED,RANDOMIZED,True,DOUBLE,2.0,True,True,PARALLEL,True,False,True,False,False,False,0,False
NCT03573323,2018.0,2016-2020,PHASE4,drug,2,1027.0,INDUSTRY,COMPLETED,RANDOMIZED,True,DOUBLE,2.0,True,True,PARALLEL,True,True,True,False,True,False,4,False
NCT02662985,2016.0,2016-2020,PHASE3,drug,2,166.0,INDUSTRY,COMPLETED,RANDOMIZED,True,TRIPLE,3.0,True,True,PARALLEL,True,True,True,False,True,False,2,False
NCT05488990,2013.0,<=2015,PHASE1;PHASE2,drug,1,24.0,INDUSTRY,COMPLETED,NA,False,NONE,0.0,False,False,SINGLE_GROUP,False,False,True,False,False,False,0,False
NCT07233291,2025.0,2021-2026,PHASE2,drug,1,36.0,OTHER,RECRUITING,NA,False,NONE,0.0,False,False,SINGLE_GROUP,False,False,True,False,False,False,0,False
NCT03073213,2017.0,2016-2020,PHASE1,drug,3,32.0,INDUSTRY,COMPLETED,RANDOMIZED,True,NONE,0.0,False,False,PARALLEL,True,False,False,True,True,False,1,False
NCT05295979,2023.0,2021-2026,PHASE2,drug,2,60.0,OTHER,UNKNOWN,RANDOMIZED,True,TRIPLE,3.0,True,True,PARALLEL,True,False,True,False,False,False,0,True
NCT01872546,2013.0,<=2015,PHASE2,drug,1,18.0,OTHER,COMPLETED,NA,False,NONE,0.0,False,False,SINGLE_GROUP,False,False,True,False,True,True,0,
NCT00438399,2007.0,<=2015,PHASE3,drug,6,219.0,INDUSTRY,COMPLETED,RANDOMIZED,True,SINGLE,1.0,True,False,CROSSOVER,True,True,True,True,True,False,0,False
NCT00658788,2008.0,<=2015,PHASE3,drug,1,305.0,INDUSTRY,COMPLETED,NA,False,NONE,0.0,False,False,SINGLE_GROUP,True,True,True,False,True,False,0,False
NCT05601492,2025.0,2021-2026,EARLY_PHASE1,drug,3,0.0,OTHER,WITHDRAWN,RANDOMIZED,True,SINGLE,1.0,True,False,PARALLEL,False,False,False,True,False,False,0,False
NCT06095102,2023.0,2021-2026,PHASE3,drug,2,311.0,INDUSTRY,ACTIVE_NOT_RECRUITING,RANDOMIZED,True,DOUBLE,2.0,True,True,PARALLEL,True,True,True,False,True,False,1,True
NCT03880357,2018.0,2016-2020,PHASE1,drug,3,485.0,INDUSTRY,COMPLETED,RANDOMIZED,True,QUADRUPLE,4.0,True,True,PARALLEL,True,False,True,True,False,False,0,False
NCT00437619,2007.0,<=2015,PHASE4,drug,1,200.0,INDUSTRY,COMPLETED,NON_RANDOMIZED,False,NONE,0.0,False,False,SINGLE_GROUP,True,True,True,False,False,False,0,
NCT05125679,2021.0,2021-2026,PHASE4,drug,1,15.0,INDUSTRY,TERMINATED,NA,False,NONE,0.0,False,False,SINGLE_GROUP,False,True,True,False,True,False,0,False
NCT02191007,2013.0,<=2015,NA,drug,3,230.0,OTHER,COMPLETED,RANDOMIZED,True,SINGLE,1.0,True,False,PARALLEL,True,False,True,True,False,False,0,
NCT07489885,2026.0,2021-2026,PHASE2,drug,3,75.0,INDUSTRY,RECRUITING,RANDOMIZED,True,QUADRUPLE,4.0,True,True,PARALLEL,True,False,True,True,False,False,0,False
NCT01053819,2007.0,<=2015,PHASE4,drug,1,6.0,OTHER,COMPLETED,NA,False,NONE,0.0,False,False,SINGLE_GROUP,False,True,True,False,True,False,0,False
NCT03358290,2017.0,2016-2020,PHASE2,drug,5,13.0,INDUSTRY,TERMINATED,RANDOMIZED,True,QUADRUPLE,4.0,True,True,PARALLEL,False,False,True,True,True,False,0,False
NCT04316585,2020.0,2016-2020,PHASE1,drug,2,29.0,INDUSTRY,COMPLETED,RANDOMIZED,True,DOUBLE,2.0,True,True,PARALLEL,False,False,True,False,True,False,0,True
NCT00510536,2007.0,<=2015,PHASE4,drug,0,50.0,NETWORK,COMPLETED,NON_RANDOMIZED,False,NONE,0.0,False,False,PARALLEL,False,True,True,False,False,False,0,False
NCT00820950,2007.0,<=2015,PHASE2,drug,5,29.0,INDUSTRY,COMPLETED,RANDOMIZED,True,DOUBLE,2.0,True,True,PARALLEL,False,False,True,True,True,False,1,False
NCT04908202,2021.0,2021-2026,PHASE3,drug,2,670.0,INDUSTRY,ACTIVE_NOT_RECRUITING,RANDOMIZED,True,QUADRUPLE,4.0,True,True,PARALLEL,True,True,True,False,True,False,0,True
NCT02801435,2016.0,2016-2020,PHASE1,drug,8,41.0,INDUSTRY,COMPLETED,RANDOMIZED,True,DOUBLE,2.0,True,True,PARALLEL,True,False,True,True,False,False,0,False
NCT00001797,1999.0,<=2015,PHASE2,drug,0,36.0,NIH,COMPLETED,,False,,,False,False,,False,False,True,False,False,False,0,
NCT01466478,2011.0,<=2015,PHASE1,drug,1,24.0,INDUSTRY,COMPLETED,NA,False,SINGLE,1.0,True,False,SINGLE_GROUP,False,False,False,False,False,False,0,False
NCT02622386,2016.0,2016-2020,PHASE2,drug,2,23.0,OTHER,COMPLETED,RANDOMIZED,True,DOUBLE,2.0,True,True,CROSSOVER,False,False,True,False,True,False,0,False
NCT04929210,2021.0,2021-2026,PHASE4,drug,3,411.0,INDUSTRY,ACTIVE_NOT_RECRUITING,RANDOMIZED,True,DOUBLE,2.0,True,True,PARALLEL,True,True,True,True,False,False,2,False
NCT04927195,2021.0,2021-2026,PHASE1,drug,5,52.0,INDUSTRY,COMPLETED,RANDOMIZED,True,DOUBLE,2.0,True,True,PARALLEL,True,False,True,True,False,False,0,False
NCT01137032,2004.0,<=2015,PHASE4,drug,1,19.0,INDUSTRY,COMPLETED,NA,False,NONE,0.0,False,False,SINGLE_GROUP,False,True,True,False,True,False,0,False
NCT06333860,2024.0,2021-2026,PHASE4,drug,5,393.0,INDUSTRY,COMPLETED,RANDOMIZED,True,SINGLE,1.0,True,False,PARALLEL,True,True,True,True,False,False,1,False
NCT01946386,2013.0,<=2015,PHASE1,drug,1,35.0,INDUSTRY,COMPLETED,RANDOMIZED,True,SINGLE,1.0,True,False,SINGLE_GROUP,True,False,True,False,False,True,0,False
NCT05872256,2023.0,2021-2026,PHASE4,drug,1,20.0,NETWORK,COMPLETED,NA,False,NONE,0.0,False,False,SINGLE_GROUP,False,True,True,False,False,False,0,False
NCT03390101,2017.0,2016-2020,PHASE3,drug,3,213.0,INDUSTRY,COMPLETED,RANDOMIZED,True,QUADRUPLE,4.0,True,True,PARALLEL,True,True,True,True,True,True,0,False
NCT00716144,2006.0,<=2015,PHASE2,drug,4,176.0,INDUSTRY,COMPLETED,RANDOMIZED,True,DOUBLE,2.0,True,True,PARALLEL,True,False,True,True,True,False,0,False
NCT02695940,2016.0,2016-2020,PHASE2,drug,2,69.0,INDUSTRY,COMPLETED,RANDOMIZED,True,QUADRUPLE,4.0,True,True,PARALLEL,True,False,True,False,False,False,0,False
NCT02533973,2015.0,<=2015,PHASE4,drug,2,951.0,INDUSTRY,COMPLETED,RANDOMIZED,True,SINGLE,1.0,True,False,PARALLEL,True,True,True,False,False,False,0,False
NCT00109252,2002.0,<=2015,PHASE3,drug,0,0.0,INDUSTRY,COMPLETED,,False,NONE,0.0,False,False,,False,True,True,False,False,False,0,
NCT07033234,2025.0,2021-2026,PHASE1,drug,2,142.0,INDUSTRY,RECRUITING,RANDOMIZED,True,QUADRUPLE,4.0,True,True,SEQUENTIAL,True,False,True,False,False,False,0,False
NCT06918743,2025.0,2021-2026,PHASE2,drug,3,147.0,INDUSTRY,NOT_YET_RECRUITING,RANDOMIZED,True,QUADRUPLE,4.0,True,True,PARALLEL,True,False,True,True,False,False,0,
NCT01640951,2012.0,<=2015,PHASE3,drug,5,675.0,INDUSTRY,COMPLETED,NON_RANDOMIZED,False,DOUBLE,2.0,True,True,PARALLEL,True,True,True,True,True,False,1,True
NCT02209753,2001.0,<=2015,PHASE2,drug,5,182.0,INDUSTRY,COMPLETED,RANDOMIZED,True,DOUBLE,2.0,True,True,PARALLEL,True,False,True,True,False,False,0,
NCT03410992,2018.0,2016-2020,PHASE3,drug,3,435.0,INDUSTRY,COMPLETED,RANDOMIZED,True,QUADRUPLE,4.0,True,True,PARALLEL,True,True,True,True,True,True,4,True
NCT04855721,2021.0,2021-2026,PHASE2,drug,4,141.0,INDUSTRY,COMPLETED,RANDOMIZED,True,QUADRUPLE,4.0,True,True,PARALLEL,True,False,True,True,False,False,0,False
NCT02322086,2015.0,<=2015,PHASE2,drug,1,30.0,INDUSTRY,COMPLETED,NA,False,NONE,0.0,False,False,SINGLE_GROUP,False,False,True,False,False,False,0,False
NCT02445807,2015.0,<=2015,PHASE3,drug,2,265.0,INDUSTRY,COMPLETED,RANDOMIZED,True,QUADRUPLE,4.0,True,True,PARALLEL,True,True,True,False,True,False,0,False
NCT02101216,2014.0,<=2015,PHASE1,drug,5,18.0,INDUSTRY,COMPLETED,RANDOMIZED,True,NONE,0.0,False,False,CROSSOVER,False,False,False,True,False,False,0,True
NCT03798236,2018.0,2016-2020,PHASE1,drug,5,32.0,INDUSTRY,COMPLETED,RANDOMIZED,True,DOUBLE,2.0,True,True,SEQUENTIAL,True,False,True,True,False,False,0,False
NCT00382512,2003.0,<=2015,PHASE1,drug,0,60.0,INDUSTRY,COMPLETED,RANDOMIZED,True,SINGLE,1.0,True,False,PARALLEL,True,False,True,False,False,False,0,
NCT06150794,2023.0,2021-2026,NA,both,2,20.0,OTHER,UNKNOWN,NON_RANDOMIZED,False,NONE,0.0,False,False,PARALLEL,False,False,True,False,False,False,0,False
NCT02529956,2012.0,<=2015,PHASE1,drug,6,39.0,INDUSTRY,COMPLETED,RANDOMIZED,True,DOUBLE,2.0,True,True,PARALLEL,True,False,True,True,False,False,1,False
NCT00462072,2007.0,<=2015,PHASE4,drug,0,31.0,OTHER,COMPLETED,NA,False,NONE,0.0,False,False,SINGLE_GROUP,False,True,True,False,True,False,0,False
NCT02936492,2016.0,2016-2020,PHASE1,drug,3,32.0,INDUSTRY,TERMINATED,RANDOMIZED,True,DOUBLE,2.0,True,True,PARALLEL,True,False,False,True,False,False,0,False
NCT03942198,2019.0,2016-2020,PHASE2,drug,2,216.0,OTHER,UNKNOWN,RANDOMIZED,True,DOUBLE,2.0,True,True,PARALLEL,True,False,True,False,False,False,1,True
NCT02976831,2016.0,2016-2020,PHASE1,drug,2,83.0,INDUSTRY,COMPLETED,RANDOMIZED,True,SINGLE,1.0,True,False,PARALLEL,True,False,True,False,False,False,0,True
NCT04887597,2019.0,2016-2020,PHASE4,drug,1,10.0,OTHER,UNKNOWN,NA,False,NONE,0.0,False,False,SINGLE_GROUP,False,True,False,False,False,False,0,False
NCT00111449,2003.0,<=2015,PHASE3,drug,0,600.0,INDUSTRY,COMPLETED,RANDOMIZED,True,DOUBLE,2.0,True,True,PARALLEL,True,True,True,False,False,True,1,
NCT06763783,2024.0,2021-2026,PHASE4,drug,1,240.0,OTHER,ENROLLING_BY_INVITATION,NA,False,NONE,0.0,False,False,SINGLE_GROUP,True,True,False,False,False,False,0,True
NCT03963401,2019.0,2016-2020,PHASE2,drug,6,219.0,INDUSTRY,COMPLETED,RANDOMIZED,True,QUADRUPLE,4.0,True,True,PARALLEL,True,False,True,True,True,False,1,True
NCT07250802,2025.0,2021-2026,PHASE3,drug,4,110.0,INDUSTRY,RECRUITING,RANDOMIZED,True,DOUBLE,2.0,True,True,PARALLEL,True,True,True,True,False,False,0,True
NCT03156062,2017.0,2016-2020,NA,drug,2,30.0,OTHER,UNKNOWN,RANDOMIZED,True,NONE,0.0,False,False,PARALLEL,True,False,False,False,False,False,0,False
NCT00002143,,,PHASE3,drug,0,30.0,INDUSTRY,COMPLETED,,False,,,False,False,,False,True,True,False,False,False,0,
NCT06323356,2024.0,2021-2026,PHASE3,drug,2,18.0,INDUSTRY,ACTIVE_NOT_RECRUITING,NON_RANDOMIZED,False,NONE,0.0,False,False,PARALLEL,False,True,True,False,False,False,0,False
NCT01490632,2011.0,<=2015,PHASE2,drug,5,271.0,INDUSTRY,COMPLETED,RANDOMIZED,True,TRIPLE,3.0,True,True,PARALLEL,True,False,True,True,True,False,0,True
NCT01622348,2012.0,<=2015,PHASE2,drug,3,44.0,INDUSTRY,COMPLETED,RANDOMIZED,True,QUADRUPLE,4.0,True,True,PARALLEL,False,False,False,True,True,False,0,True
NCT04994951,2021.0,2021-2026,PHASE2,drug,2,200.0,OTHER,UNKNOWN,RANDOMIZED,True,NONE,0.0,False,False,PARALLEL,True,False,True,False,False,False,0,True
NCT07474792,2026.0,2021-2026,PHASE2,drug,4,160.0,INDUSTRY,RECRUITING,RANDOMIZED,True,DOUBLE,2.0,True,True,PARALLEL,True,False,True,True,False,False,0,True
NCT01077362,2010.0,<=2015,PHASE3,drug,3,312.0,INDUSTRY,COMPLETED,RANDOMIZED,True,QUADRUPLE,4.0,True,True,PARALLEL,True,True,True,True,True,False,6,True
NCT04957550,2021.0,2021-2026,PHASE3,drug,3,444.0,INDUSTRY,UNKNOWN,RANDOMIZED,True,QUADRUPLE,4.0,True,True,PARALLEL,True,True,True,True,False,False,0,
NCT01743118,2013.0,<=2015,PHASE1,drug,1,24.0,INDUSTRY,COMPLETED,NA,False,SINGLE,1.0,True,False,SINGLE_GROUP,False,False,True,False,False,False,0,False
NCT03419650,2018.0,2016-2020,PHASE4,drug,1,10.0,OTHER,COMPLETED,NA,False,NONE,0.0,False,False,SINGLE_GROUP,False,True,True,False,False,False,0,False
NCT03222622,2017.0,2016-2020,PHASE2,drug,4,136.0,INDUSTRY,TERMINATED,RANDOMIZED,True,DOUBLE,2.0,True,True,PARALLEL,True,False,True,True,False,False,0,False
NCT03263624,2017.0,2016-2020,PHASE4,both,2,30.0,OTHER,UNKNOWN,RANDOMIZED,True,NONE,0.0,False,False,PARALLEL,False,True,True,False,False,False,0,False
NCT00470392,2007.0,<=2015,NA,drug,2,9.0,FED,TERMINATED,NON_RANDOMIZED,False,SINGLE,1.0,True,False,FACTORIAL,False,False,False,False,True,False,0,True
NCT02486939,2015.0,<=2015,PHASE3,drug,1,359.0,INDUSTRY,COMPLETED,NA,False,NONE,0.0,False,False,SINGLE_GROUP,True,True,True,False,True,False,0,True
NCT02181790,2014.0,<=2015,PHASE4,both,2,2.0,OTHER,TERMINATED,NON_RANDOMIZED,False,NONE,0.0,False,False,PARALLEL,False,True,True,False,True,False,0,False
NCT02413229,2015.0,<=2015,PHASE2,drug,2,151.0,INDUSTRY,COMPLETED,RANDOMIZED,True,DOUBLE,2.0,True,True,PARALLEL,True,False,True,False,True,False,0,False
NCT03848871,2017.0,2016-2020,PHASE4,drug,1,20.0,OTHER,COMPLETED,NA,False,NONE,0.0,False,False,SINGLE_GROUP,False,True,True,False,True,False,0,
NCT03818035,2019.0,2016-2020,PHASE3,drug,4,880.0,INDUSTRY,COMPLETED,RANDOMIZED,True,TRIPLE,3.0,True,True,PARALLEL,True,True,True,True,True,False,2,
NCT01837420,2012.0,<=2015,PHASE2,drug,3,194.0,INDUSTRY,COMPLETED,RANDOMIZED,True,QUADRUPLE,4.0,True,True,CROSSOVER,True,False,True,True,False,False,0,False
NCT03090100,2017.0,2016-2020,PHASE3,drug,2,1048.0,INDUSTRY,COMPLETED,RANDOMIZED,True,DOUBLE,2.0,True,True,PARALLEL,True,True,True,False,True,False,4,False
NCT00833053,2009.0,<=2015,PHASE3,drug,2,39.0,INDUSTRY,TERMINATED,RANDOMIZED,True,NONE,0.0,False,False,PARALLEL,False,True,True,False,True,False,0,False
NCT02949388,2016.0,2016-2020,PHASE2,drug,3,199.0,INDUSTRY,COMPLETED,RANDOMIZED,True,TRIPLE,3.0,True,True,PARALLEL,True,False,True,True,False,False,0,False
NCT04746911,2021.0,2021-2026,PHASE2,drug,1,10.0,INDUSTRY,COMPLETED,NA,False,NONE,0.0,False,False,SINGLE_GROUP,False,False,True,False,False,False,1,False
NCT05174598,2018.0,2016-2020,PHASE3,drug,3,278.0,INDUSTRY,COMPLETED,RANDOMIZED,True,SINGLE,1.0,True,False,PARALLEL,True,True,True,True,False,False,0,False
NCT02407041,2015.0,<=2015,PHASE2,drug,1,5.0,INDUSTRY,COMPLETED,NA,False,NONE,0.0,False,False,SINGLE_GROUP,False,False,True,False,True,False,0,False
NCT02462083,2015.0,<=2015,PHASE3,drug,1,555.0,INDUSTRY,COMPLETED,NA,False,NONE,0.0,False,False,SINGLE_GROUP,True,True,True,False,True,False,0,False
NCT07530367,2026.0,2021-2026,PHASE3,drug,3,135.0,OTHER,NOT_YET_RECRUITING,RANDOMIZED,True,QUADRUPLE,4.0,True,True,PARALLEL,True,True,True,True,False,False,0,True
NCT01729754,2013.0,<=2015,PHASE3,drug,4,1090.0,INDUSTRY,COMPLETED,RANDOMIZED,True,QUADRUPLE,4.0,True,True,PARALLEL,True,True,True,True,True,True,8,True
NCT02475304,2015.0,<=2015,PHASE2,drug,2,0.0,OTHER,WITHDRAWN,RANDOMIZED,True,QUADRUPLE,4.0,True,True,PARALLEL,False,False,True,False,False,False,0,False
NCT00669916,2007.0,<=2015,PHASE1;PHASE2,drug,2,36.0,INDUSTRY,COMPLETED,RANDOMIZED,True,DOUBLE,2.0,True,True,PARALLEL,False,False,False,False,True,False,1,False
NCT03622021,2018.0,2016-2020,PHASE1,drug,6,68.0,INDUSTRY,COMPLETED,RANDOMIZED,True,TRIPLE,3.0,True,True,PARALLEL,True,False,False,True,False,False,0,False
NCT01205880,2009.0,<=2015,PHASE4,drug,1,12.0,INDIV,COMPLETED,RANDOMIZED,True,SINGLE,1.0,True,False,,False,True,True,False,False,False,0,True
NCT05510063,2022.0,2021-2026,PHASE4,drug,2,371.0,INDUSTRY,COMPLETED,RANDOMIZED,True,QUADRUPLE,4.0,True,True,PARALLEL,True,True,True,False,False,False,0,
NCT02538341,2016.0,2016-2020,PHASE2,drug,2,617.0,OTHER,COMPLETED,RANDOMIZED,True,QUADRUPLE,4.0,True,True,PARALLEL,True,False,False,False,True,False,1,True
NCT01539213,2012.0,<=2015,PHASE1,drug,1,16.0,INDUSTRY,COMPLETED,NON_RANDOMIZED,False,NONE,0.0,False,False,SINGLE_GROUP,False,False,False,False,False,True,0,False
NCT01047943,2007.0,<=2015,PHASE1;PHASE2,drug,1,8.0,OTHER,COMPLETED,RANDOMIZED,True,SINGLE,1.0,True,False,SINGLE_GROUP,False,False,True,False,False,False,1,False
NCT03630198,2018.0,2016-2020,PHASE4,drug,2,31.0,OTHER,COMPLETED,RANDOMIZED,True,TRIPLE,3.0,True,True,PARALLEL,False,True,True,False,True,False,1,False
NCT03535194,2018.0,2016-2020,PHASE3,drug,5,1484.0,INDUSTRY,COMPLETED,RANDOMIZED,True,DOUBLE,2.0,True,True,PARALLEL,True,True,True,True,True,False,1,True
NCT07449702,2026.0,2021-2026,PHASE2,drug,4,240.0,INDUSTRY,RECRUITING,NON_RANDOMIZED,False,NONE,0.0,False,False,PARALLEL,True,False,True,True,False,False,0,True
NCT04209205,2020.0,2016-2020,PHASE3,drug,2,381.0,INDUSTRY,COMPLETED,RANDOMIZED,True,QUADRUPLE,4.0,True,True,PARALLEL,True,True,True,False,True,False,0,False
NCT04102007,2019.0,2016-2020,PHASE3,drug,1,244.0,INDUSTRY,COMPLETED,NA,False,NONE,0.0,False,False,SINGLE_GROUP,True,True,True,False,True,False,1,False
NCT03873415,2019.0,2016-2020,PHASE1,drug,8,9.0,INDUSTRY,COMPLETED,RANDOMIZED,True,NONE,0.0,False,False,CROSSOVER,False,False,True,True,False,False,0,
NCT00845481,2009.0,<=2015,PHASE2,drug,1,24.0,INDUSTRY,COMPLETED,RANDOMIZED,True,SINGLE,1.0,True,False,SINGLE_GROUP,False,False,False,False,True,False,0,False
NCT07295509,2025.0,2021-2026,PHASE2;PHASE3,drug,3,222.0,INDUSTRY,RECRUITING,RANDOMIZED,True,QUADRUPLE,4.0,True,True,PARALLEL,True,True,True,True,False,False,0,False
NCT04761627,2021.0,2021-2026,PHASE3,drug,2,494.0,INDUSTRY,COMPLETED,RANDOMIZED,True,DOUBLE,2.0,True,True,PARALLEL,True,True,True,False,True,False,0,True
NCT02303509,2013.0,<=2015,PHASE1,drug,2,57.0,INDUSTRY,COMPLETED,RANDOMIZED,True,DOUBLE,2.0,True,True,CROSSOVER,True,False,False,False,False,False,0,False
NCT01815723,2016.0,2016-2020,PHASE3,drug,3,0.0,INDUSTRY,WITHDRAWN,RANDOMIZED,True,DOUBLE,2.0,True,True,PARALLEL,False,True,True,True,False,False,0,
NCT05326659,2022.0,2021-2026,NA,drug,2,390.0,OTHER,UNKNOWN,RANDOMIZED,True,TRIPLE,3.0,True,True,PARALLEL,True,False,True,False,False,False,0,False
NCT03897088,2019.0,2016-2020,PHASE3,drug,3,231.0,INDUSTRY,COMPLETED,RANDOMIZED,True,DOUBLE,2.0,True,True,PARALLEL,True,True,True,True,True,False,2,False
NCT02733874,2015.0,<=2015,PHASE4,drug,2,240.0,OTHER,COMPLETED,RANDOMIZED,True,SINGLE,1.0,True,False,PARALLEL,True,True,True,False,False,False,0,
NCT00292396,2005.0,<=2015,PHASE2,drug,6,180.0,INDUSTRY,COMPLETED,RANDOMIZED,True,TRIPLE,3.0,True,True,PARALLEL,True,False,True,True,False,False,1,True
NCT02340169,2015.0,<=2015,PHASE4,drug,1,129.0,INDUSTRY,COMPLETED,NA,False,NONE,0.0,False,False,SINGLE_GROUP,True,True,True,False,True,False,0,False
NCT00302445,2006.0,<=2015,PHASE4,both,0,20.0,OTHER,COMPLETED,NON_RANDOMIZED,False,NONE,0.0,False,False,SINGLE_GROUP,False,True,True,False,False,False,0,True
NCT01527097,2012.0,<=2015,PHASE3,drug,2,0.0,OTHER,WITHDRAWN,RANDOMIZED,True,QUADRUPLE,4.0,True,True,PARALLEL,False,True,True,False,False,False,0,False
NCT03629639,2018.0,2016-2020,PHASE4,drug,2,80.0,OTHER,UNKNOWN,RANDOMIZED,True,QUADRUPLE,4.0,True,True,PARALLEL,False,True,True,False,False,False,0,True
NCT02349295,2014.0,<=2015,PHASE3,drug,3,363.0,INDUSTRY,COMPLETED,RANDOMIZED,True,QUADRUPLE,4.0,True,True,PARALLEL,True,True,True,True,True,False,15,True
NCT06542614,2024.0,2021-2026,PHASE2,drug,2,209.0,INDUSTRY,COMPLETED,RANDOMIZED,True,QUADRUPLE,4.0,True,True,PARALLEL,True,False,True,False,False,False,0,
NCT06361212,2022.0,2021-2026,PHASE1,drug,2,65.0,INDUSTRY,COMPLETED,RANDOMIZED,True,DOUBLE,2.0,True,True,PARALLEL,True,False,True,False,False,False,0,
NCT03895203,2019.0,2016-2020,PHASE3,drug,3,852.0,INDUSTRY,COMPLETED,RANDOMIZED,True,TRIPLE,3.0,True,True,PARALLEL,True,True,True,True,True,True,12,True
NCT02933866,2016.0,2016-2020,PHASE3,drug,2,371.0,INDUSTRY,COMPLETED,RANDOMIZED,True,QUADRUPLE,4.0,True,True,PARALLEL,True,True,True,False,True,False,0,False
NCT02132234,2013.0,<=2015,PHASE4,drug,2,100.0,OTHER,UNKNOWN,RANDOMIZED,True,TRIPLE,3.0,True,True,CROSSOVER,True,True,True,False,False,False,0,
NCT00688519,2008.0,<=2015,PHASE3,drug,2,336.0,INDUSTRY,COMPLETED,RANDOMIZED,True,QUADRUPLE,4.0,True,True,PARALLEL,True,True,True,False,True,False,1,False
NCT07086924,2025.0,2021-2026,NA,drug,3,50.0,OTHER,RECRUITING,RANDOMIZED,True,NONE,0.0,False,False,PARALLEL,True,False,True,True,False,False,0,True
NCT00168753,2004.0,<=2015,PHASE4,drug,1,114.0,INDUSTRY,COMPLETED,NON_RANDOMIZED,False,NONE,0.0,False,False,SINGLE_GROUP,True,True,True,False,False,False,0,False
NCT06974474,2024.0,2021-2026,PHASE4,drug,1,26.0,OTHER,RECRUITING,NA,False,NONE,0.0,False,False,SINGLE_GROUP,False,True,True,False,False,False,0,False
NCT03370133,2017.0,2016-2020,PHASE3,drug,3,567.0,INDUSTRY,COMPLETED,RANDOMIZED,True,QUADRUPLE,4.0,True,True,PARALLEL,True,True,True,True,True,True,6,True
NCT06402760,2024.0,2021-2026,EARLY_PHASE1,drug,2,300.0,OTHER,UNKNOWN,NON_RANDOMIZED,False,NONE,0.0,False,False,PARALLEL,True,False,False,False,False,False,0,False
NCT01307423,2010.0,<=2015,PHASE3,drug,4,529.0,INDUSTRY,COMPLETED,RANDOMIZED,True,QUADRUPLE,4.0,True,True,PARALLEL,True,True,True,True,True,False,3,False
NCT03392311,2019.0,2016-2020,PHASE1;PHASE2,drug,1,8.0,OTHER,COMPLETED,NA,False,NONE,0.0,False,False,SINGLE_GROUP,False,False,True,False,False,False,0,True
NCT00245765,2005.0,<=2015,PHASE2,drug,3,176.0,INDUSTRY,COMPLETED,RANDOMIZED,True,QUADRUPLE,4.0,True,True,PARALLEL,True,False,True,True,True,True,0,
NCT01687582,2012.0,<=2015,NA,drug,1,10.0,OTHER,COMPLETED,NA,False,NONE,0.0,False,False,SINGLE_GROUP,False,False,True,False,False,False,0,False
NCT02462070,2015.0,<=2015,PHASE3,drug,2,203.0,INDUSTRY,COMPLETED,RANDOMIZED,True,QUADRUPLE,4.0,True,True,PARALLEL,True,True,True,False,True,False,0,False
NCT00534313,2007.0,<=2015,PHASE2,drug,4,191.0,INDUSTRY,TERMINATED,RANDOMIZED,True,DOUBLE,2.0,True,True,PARALLEL,True,False,True,True,True,False,2,False
NCT00739882,2008.0,<=2015,PHASE4,drug,2,76.0,INDUSTRY,TERMINATED,RANDOMIZED,True,QUADRUPLE,4.0,True,True,PARALLEL,False,True,True,False,True,False,0,
NCT01714544,2012.0,<=2015,PHASE4,drug,1,60.0,INDUSTRY,COMPLETED,NA,False,NONE,0.0,False,False,SINGLE_GROUP,False,True,True,False,True,False,0,False
NCT00832364,2009.0,<=2015,PHASE4,drug,2,0.0,INDUSTRY,WITHDRAWN,RANDOMIZED,True,SINGLE,1.0,True,False,PARALLEL,False,True,True,False,False,False,0,False
NCT02829424,2017.0,2016-2020,PHASE4,drug,2,78.0,OTHER,TERMINATED,RANDOMIZED,True,QUADRUPLE,4.0,True,True,PARALLEL,False,True,True,False,False,False,0,False
NCT03104400,2017.0,2016-2020,PHASE3,drug,5,1705.0,INDUSTRY,COMPLETED,RANDOMIZED,True,QUADRUPLE,4.0,True,True,PARALLEL,True,True,True,True,True,False,14,True
NCT06586112,2024.0,2021-2026,PHASE3,drug,3,912.0,INDUSTRY,COMPLETED,RANDOMIZED,True,QUADRUPLE,4.0,True,True,PARALLEL,True,True,True,True,False,False,0,
NCT01429870,2011.0,<=2015,PHASE4,drug,2,0.0,OTHER,WITHDRAWN,RANDOMIZED,True,QUADRUPLE,4.0,True,True,PARALLEL,False,True,True,False,False,False,0,False
NCT05071664,2021.0,2021-2026,PHASE2,drug,2,91.0,INDUSTRY,COMPLETED,RANDOMIZED,True,DOUBLE,2.0,True,True,PARALLEL,True,False,True,False,False,False,0,True
NCT00875277,2009.0,<=2015,PHASE2,drug,6,24.0,INDUSTRY,COMPLETED,RANDOMIZED,True,SINGLE,1.0,True,False,PARALLEL,False,False,False,True,True,False,0,False
NCT04036188,2019.0,2016-2020,EARLY_PHASE1,drug,2,24.0,OTHER,RECRUITING,RANDOMIZED,True,DOUBLE,2.0,True,True,SEQUENTIAL,False,False,True,False,False,False,0,
NCT05003531,2021.0,2021-2026,PHASE2,drug,5,250.0,INDUSTRY,COMPLETED,RANDOMIZED,True,QUADRUPLE,4.0,True,True,PARALLEL,True,False,True,True,False,False,0,False
NCT04967508,2021.0,2021-2026,PHASE3,drug,2,503.0,INDUSTRY,COMPLETED,RANDOMIZED,True,QUADRUPLE,4.0,True,True,PARALLEL,True,True,True,False,True,False,0,
NCT05184348,2021.0,2021-2026,PHASE1,drug,4,200.0,OTHER,COMPLETED,RANDOMIZED,True,SINGLE,1.0,True,False,PARALLEL,True,False,True,True,False,False,0,True
NCT01976364,2014.0,<=2015,PHASE3,drug,1,686.0,INDUSTRY,COMPLETED,NA,False,NONE,0.0,False,False,SINGLE_GROUP,True,True,True,False,True,False,13,True
NCT01059773,2009.0,<=2015,PHASE4,drug,2,490.0,INDUSTRY,COMPLETED,RANDOMIZED,True,NONE,0.0,False,False,PARALLEL,True,True,True,False,True,False,0,True
NCT01258088,2010.0,<=2015,PHASE1,drug,4,16.0,INDUSTRY,COMPLETED,RANDOMIZED,True,QUADRUPLE,4.0,True,True,PARALLEL,False,False,True,True,False,False,0,True
NCT02641730,2015.0,<=2015,PHASE3,drug,3,159.0,INDUSTRY,COMPLETED,RANDOMIZED,True,DOUBLE,2.0,True,True,PARALLEL,True,True,True,True,True,False,1,True
NCT01200264,2010.0,<=2015,PHASE2,drug,1,0.0,OTHER,WITHDRAWN,NON_RANDOMIZED,False,NONE,0.0,False,False,SINGLE_GROUP,False,False,True,False,False,False,0,False
NCT03597620,2018.0,2016-2020,PHASE4,drug,2,11.0,OTHER,COMPLETED,NON_RANDOMIZED,False,NONE,0.0,False,False,PARALLEL,False,True,True,False,True,False,0,False
NCT03418493,2018.0,2016-2020,PHASE1,drug,5,63.0,INDUSTRY,COMPLETED,RANDOMIZED,True,DOUBLE,2.0,True,True,PARALLEL,True,False,False,True,True,False,0,False
NCT05706870,2022.0,2021-2026,PHASE2,drug,3,190.0,INDUSTRY,COMPLETED,RANDOMIZED,True,QUADRUPLE,4.0,True,True,PARALLEL,True,False,True,True,False,False,2,False
NCT07511647,2026.0,2021-2026,PHASE3,drug,2,318.0,INDUSTRY,RECRUITING,RANDOMIZED,True,QUADRUPLE,4.0,True,True,PARALLEL,True,True,True,False,False,False,0,
NCT01225731,2010.0,<=2015,PHASE2,drug,14,355.0,INDUSTRY,COMPLETED,RANDOMIZED,True,DOUBLE,2.0,True,True,PARALLEL,True,False,True,True,True,True,2,True
NCT00249808,2004.0,<=2015,PHASE4,drug,1,1266.0,INDUSTRY,COMPLETED,NA,False,NONE,0.0,False,False,SINGLE_GROUP,True,True,True,False,True,True,0,
NCT00356200,2006.0,<=2015,PHASE2,drug,2,10.0,OTHER,TERMINATED,RANDOMIZED,True,DOUBLE,2.0,True,True,PARALLEL,False,False,True,False,True,False,0,False
NCT03930186,2019.0,2016-2020,PHASE3,drug,1,152.0,INDUSTRY,COMPLETED,NA,False,NONE,0.0,False,False,SINGLE_GROUP,True,True,True,False,True,False,2,False
NCT00646191,2003.0,<=2015,PHASE2,drug,3,137.0,INDUSTRY,COMPLETED,RANDOMIZED,True,DOUBLE,2.0,True,True,PARALLEL,True,False,True,True,False,False,0,False
NCT01421069,2011.0,<=2015,PHASE3,drug,1,109.0,INDUSTRY,COMPLETED,NA,False,NONE,0.0,False,False,,True,True,True,False,True,False,3,True
NCT05451199,2022.0,2021-2026,PHASE1,drug,2,154.0,INDUSTRY,UNKNOWN,RANDOMIZED,True,DOUBLE,2.0,True,True,PARALLEL,True,False,True,False,False,False,0,
NCT05270733,2022.0,2021-2026,PHASE4,drug,1,56.0,OTHER,RECRUITING,NA,False,NONE,0.0,False,False,SINGLE_GROUP,False,True,True,False,False,False,0,
NCT02584855,2015.0,<=2015,PHASE3,drug,4,394.0,INDUSTRY,COMPLETED,RANDOMIZED,True,DOUBLE,2.0,True,True,PARALLEL,True,True,True,True,True,False,3,False
NCT03162796,2017.0,2016-2020,PHASE3,drug,3,383.0,INDUSTRY,COMPLETED,RANDOMIZED,True,DOUBLE,2.0,True,True,PARALLEL,True,True,True,True,True,False,15,True
NCT05442190,2022.0,2021-2026,PHASE2,drug,3,15.0,INDUSTRY,COMPLETED,RANDOMIZED,True,QUADRUPLE,4.0,True,True,SEQUENTIAL,False,False,True,True,False,False,0,True
NCT06278350,2024.0,2021-2026,PHASE2,drug,4,161.0,INDUSTRY,COMPLETED,RANDOMIZED,True,TRIPLE,3.0,True,True,PARALLEL,True,False,True,True,False,False,1,False
NCT00967538,2009.0,<=2015,PHASE4,drug,1,89.0,OTHER,COMPLETED,NA,False,NONE,0.0,False,False,SINGLE_GROUP,False,True,True,False,False,False,0,False
NCT01488201,2011.0,<=2015,PHASE1,drug,2,48.0,INDUSTRY,COMPLETED,RANDOMIZED,True,SINGLE,1.0,True,False,PARALLEL,True,False,True,False,False,False,0,False
NCT06073119,2023.0,2021-2026,PHASE2,drug,6,221.0,INDUSTRY,COMPLETED,RANDOMIZED,True,TRIPLE,3.0,True,True,PARALLEL,True,False,True,True,True,False,0,True
NCT00078819,2004.0,<=2015,PHASE3,drug,2,211.0,INDUSTRY,COMPLETED,RANDOMIZED,True,QUADRUPLE,4.0,True,True,PARALLEL,True,True,True,False,True,False,0,
NCT00143806,2003.0,<=2015,PHASE2,drug,0,13.0,OTHER,COMPLETED,NON_RANDOMIZED,False,NONE,0.0,False,False,SINGLE_GROUP,False,False,True,False,False,False,0,False
NCT04119102,2019.0,2016-2020,PHASE4,drug,1,25.0,OTHER,RECRUITING,NA,False,NONE,0.0,False,False,SINGLE_GROUP,False,True,True,False,False,False,0,False
NCT02748863,2016.0,2016-2020,PHASE3,drug,3,214.0,INDUSTRY,COMPLETED,RANDOMIZED,True,QUADRUPLE,4.0,True,True,PARALLEL,True,True,True,True,True,False,1,False
NCT03135548,2017.0,2016-2020,PHASE2,drug,3,59.0,INDUSTRY,COMPLETED,RANDOMIZED,True,DOUBLE,2.0,True,True,PARALLEL,True,False,True,True,True,False,0,True
NCT02514577,2015.0,<=2015,PHASE3,drug,2,217.0,INDUSTRY,COMPLETED,RANDOMIZED,True,QUADRUPLE,4.0,True,True,PARALLEL,True,True,True,False,True,False,0,False
NCT03486457,2018.0,2016-2020,PHASE3,drug,2,204.0,INDUSTRY,COMPLETED,RANDOMIZED,True,QUADRUPLE,4.0,True,True,PARALLEL,True,True,True,False,True,False,2,True
NCT02978690,2016.0,2016-2020,PHASE1,drug,1,7.0,INDUSTRY,COMPLETED,NA,False,NONE,0.0,False,False,SINGLE_GROUP,False,False,True,False,True,False,1,False
NCT02762994,2016.0,2016-2020,PHASE2,drug,4,120.0,INDUSTRY,COMPLETED,RANDOMIZED,True,TRIPLE,3.0,True,True,PARALLEL,True,False,True,True,True,False,0,False
NCT02690701,2016.0,2016-2020,PHASE4,drug,2,91.0,INDUSTRY,COMPLETED,RANDOMIZED,True,QUADRUPLE,4.0,True,True,PARALLEL,False,True,True,False,True,False,1,False
NCT03022045,2017.0,2016-2020,PHASE3,drug,2,18.0,INDUSTRY,COMPLETED,RANDOMIZED,True,NONE,0.0,False,False,PARALLEL,False,True,True,False,True,False,1,True
NCT02425826,2015.0,<=2015,PHASE4,drug,2,221.0,INDUSTRY,COMPLETED,RANDOMIZED,True,QUADRUPLE,4.0,True,True,PARALLEL,True,True,True,False,True,False,2,False
NCT04203433,2022.0,2021-2026,PHASE1,drug,2,10.0,INDUSTRY,COMPLETED,NON_RANDOMIZED,False,NONE,0.0,False,False,PARALLEL,False,False,True,False,False,False,0,True
NCT06888193,2025.0,2021-2026,PHASE1,drug,1,20.0,INDUSTRY,RECRUITING,NA,False,NONE,0.0,False,False,SINGLE_GROUP,False,False,False,False,False,False,0,False
NCT00975637,2009.0,<=2015,PHASE2,drug,5,198.0,INDUSTRY,COMPLETED,RANDOMIZED,True,TRIPLE,3.0,True,True,PARALLEL,True,False,True,True,True,False,2,
NCT04713592,2021.0,2021-2026,PHASE3,drug,2,174.0,INDUSTRY,COMPLETED,RANDOMIZED,True,QUADRUPLE,4.0,True,True,PARALLEL,True,True,True,False,True,False,1,False
NCT00678470,2007.0,<=2015,NA,drug,1,18.0,OTHER,COMPLETED,NA,False,NONE,0.0,False,False,SINGLE_GROUP,False,False,True,False,True,True,0,True
NCT00669214,2008.0,<=2015,PHASE4,drug,2,89.0,INDUSTRY,COMPLETED,RANDOMIZED,True,DOUBLE,2.0,True,True,PARALLEL,False,True,True,False,True,False,0,
NCT01230138,2010.0,<=2015,PHASE2,drug,5,252.0,INDUSTRY,COMPLETED,RANDOMIZED,True,QUADRUPLE,4.0,True,True,PARALLEL,True,False,True,True,False,False,0,False
NCT01001208,2009.0,<=2015,PHASE3,drug,2,478.0,INDUSTRY,COMPLETED,RANDOMIZED,True,TRIPLE,3.0,True,True,PARALLEL,True,True,True,False,True,False,0,
NCT03837743,2019.0,2016-2020,PHASE2,drug,2,25.0,INDUSTRY,COMPLETED,RANDOMIZED,True,QUADRUPLE,4.0,True,True,PARALLEL,False,False,True,False,True,False,0,False
NCT07455578,2026.0,2021-2026,PHASE1,drug,1,24.0,INDUSTRY,RECRUITING,NA,False,NONE,0.0,False,False,SINGLE_GROUP,False,False,True,False,False,False,0,False
NCT06281106,2024.0,2021-2026,PHASE2;PHASE3,drug,2,2.0,OTHER,TERMINATED,RANDOMIZED,True,QUADRUPLE,4.0,True,True,PARALLEL,False,True,True,False,False,False,0,False
NCT03254784,2017.0,2016-2020,PHASE1,drug,6,49.0,INDUSTRY,COMPLETED,RANDOMIZED,True,NONE,0.0,False,False,CROSSOVER,True,False,True,True,False,False,0,False
NCT03000309,2016.0,2016-2020,PHASE4,drug,1,20.0,OTHER,COMPLETED,NA,False,NONE,0.0,False,False,SINGLE_GROUP,False,True,True,False,True,False,0,False
NCT00216827,2004.0,<=2015,PHASE3,drug,0,1485.0,INDUSTRY,COMPLETED,RANDOMIZED,True,DOUBLE,2.0,True,True,PARALLEL,True,True,True,False,False,False,0,
NCT03624127,2018.0,2016-2020,PHASE3,drug,3,666.0,INDUSTRY,COMPLETED,RANDOMIZED,True,QUADRUPLE,4.0,True,True,PARALLEL,True,True,True,True,True,False,7,True
NCT06122649,2023.0,2021-2026,PHASE3,drug,2,203.0,INDUSTRY,COMPLETED,RANDOMIZED,True,DOUBLE,2.0,True,True,SEQUENTIAL,True,True,True,False,False,False,0,True
NCT03348462,2017.0,2016-2020,PHASE4,drug,2,20.0,OTHER,COMPLETED,RANDOMIZED,True,SINGLE,1.0,True,False,PARALLEL,False,True,True,False,False,False,1,False
NCT00121615,2004.0,<=2015,PHASE3,drug,0,391.0,INDUSTRY,COMPLETED,NON_RANDOMIZED,False,NONE,0.0,False,False,SINGLE_GROUP,True,True,True,False,False,False,1,
NCT04908514,2021.0,2021-2026,PHASE2,drug,1,10.0,INDUSTRY,COMPLETED,NA,False,NONE,0.0,False,False,SINGLE_GROUP,False,False,True,False,True,False,0,False
NCT00244842,2004.0,<=2015,PHASE3,drug,4,451.0,INDUSTRY,COMPLETED,RANDOMIZED,True,QUADRUPLE,4.0,True,True,PARALLEL,True,True,True,True,True,False,1,True
NCT00306878,1995.0,<=2015,PHASE1,drug,0,45.0,INDUSTRY,COMPLETED,NON_RANDOMIZED,False,NONE,0.0,False,False,SINGLE_GROUP,True,False,True,False,False,False,0,
NCT01283698,2011.0,<=2015,PHASE2,drug,5,20.0,INDUSTRY,COMPLETED,RANDOMIZED,True,SINGLE,1.0,True,False,PARALLEL,False,False,True,True,False,False,0,False
NCT00691964,2008.0,<=2015,PHASE3,drug,3,347.0,INDUSTRY,COMPLETED,RANDOMIZED,True,TRIPLE,3.0,True,True,PARALLEL,True,True,True,True,False,False,1,False
NCT01893567,2013.0,<=2015,PHASE4,drug,1,28.0,INDUSTRY,COMPLETED,NA,False,NONE,0.0,False,False,SINGLE_GROUP,False,True,True,False,True,False,0,False
NCT05120297,2021.0,2021-2026,PHASE3,drug,2,452.0,INDUSTRY,COMPLETED,RANDOMIZED,True,QUADRUPLE,4.0,True,True,PARALLEL,True,True,True,False,False,False,0,False
NCT00871598,2009.0,<=2015,PHASE1,drug,6,26.0,INDUSTRY,COMPLETED,RANDOMIZED,True,TRIPLE,3.0,True,True,PARALLEL,False,False,True,True,False,False,0,False
NCT01768013,2012.0,<=2015,PHASE1;PHASE2,drug,1,13.0,INDUSTRY,COMPLETED,NON_RANDOMIZED,False,NONE,0.0,False,False,SINGLE_GROUP,False,False,True,False,True,False,0,
NCT01186744,2010.0,<=2015,PHASE3,drug,4,666.0,INDUSTRY,COMPLETED,RANDOMIZED,True,QUADRUPLE,4.0,True,True,PARALLEL,True,True,True,True,True,False,2,True
NCT00555646,2007.0,<=2015,PHASE2,drug,1,6.0,INDUSTRY,TERMINATED,NA,False,NONE,0.0,False,False,SINGLE_GROUP,False,False,True,False,False,False,0,False
NCT04176978,2021.0,2021-2026,NA,drug,2,0.0,OTHER,WITHDRAWN,RANDOMIZED,True,NONE,0.0,False,False,PARALLEL,False,False,True,False,False,False,0,False
NCT02045277,2014.0,<=2015,PHASE2,drug,4,212.0,INDUSTRY,COMPLETED,RANDOMIZED,True,QUADRUPLE,4.0,True,True,FACTORIAL,True,False,True,True,True,False,0,False
NCT00852670,2008.0,<=2015,PHASE2,drug,2,66.0,INDUSTRY,COMPLETED,RANDOMIZED,True,QUADRUPLE,4.0,True,True,PARALLEL,True,False,True,False,False,False,0,True
NCT03442088,2018.0,2016-2020,PHASE2,drug,1,28.0,OTHER,COMPLETED,NA,False,NONE,0.0,False,False,SINGLE_GROUP,False,False,True,False,True,False,0,False
NCT03669757,2018.0,2016-2020,PHASE1,drug,6,13.0,INDUSTRY,COMPLETED,RANDOMIZED,True,SINGLE,1.0,True,False,PARALLEL,False,False,True,True,False,False,0,False
NCT03942185,2019.0,2016-2020,PHASE2,drug,4,2000.0,OTHER,UNKNOWN,NON_RANDOMIZED,False,SINGLE,1.0,True,False,PARALLEL,True,False,True,True,False,False,2,True
NCT03316781,2017.0,2016-2020,PHASE3,drug,2,262.0,INDUSTRY,COMPLETED,RANDOMIZED,True,QUADRUPLE,4.0,True,True,PARALLEL,True,True,True,False,False,True,0,True
NCT00601107,2008.0,<=2015,PHASE2,drug,4,111.0,INDUSTRY,COMPLETED,RANDOMIZED,True,QUADRUPLE,4.0,True,True,PARALLEL,True,False,True,True,True,False,0,True
NCT01206387,2010.0,<=2015,PHASE3,drug,2,120.0,INDUSTRY,COMPLETED,RANDOMIZED,True,TRIPLE,3.0,True,True,PARALLEL,True,True,True,False,True,False,1,False
NCT00006276,2000.0,<=2015,PHASE2,drug,0,25.0,NIH,COMPLETED,,False,,,False,False,,False,False,True,False,False,False,0,
NCT07130604,2025.0,2021-2026,PHASE3,drug,3,390.0,INDUSTRY,RECRUITING,RANDOMIZED,True,TRIPLE,3.0,True,True,PARALLEL,True,True,True,True,False,False,0,
NCT04645355,2021.0,2021-2026,PHASE4,drug,2,17.0,OTHER,COMPLETED,NON_RANDOMIZED,False,NONE,0.0,False,False,PARALLEL,False,True,True,False,True,False,0,False
NCT02201524,2014.0,<=2015,PHASE2,drug,4,59.0,INDUSTRY,TERMINATED,RANDOMIZED,True,TRIPLE,3.0,True,True,PARALLEL,True,False,True,True,True,False,3,False
NCT03000608,2017.0,2016-2020,PHASE2,drug,2,69.0,INDUSTRY,COMPLETED,RANDOMIZED,True,QUADRUPLE,4.0,True,True,PARALLEL,True,False,True,False,True,False,0,False
NCT01707043,2012.0,<=2015,PHASE4,drug,2,20.0,OTHER,COMPLETED,RANDOMIZED,True,SINGLE,1.0,True,False,CROSSOVER,False,True,False,False,True,False,0,False
NCT00705900,2007.0,<=2015,NA,drug,2,60.0,INDUSTRY,COMPLETED,RANDOMIZED,True,SINGLE,1.0,True,False,PARALLEL,True,False,True,False,False,False,2,True
NCT00823693,,,PHASE2,drug,2,107.0,INDUSTRY,COMPLETED,RANDOMIZED,True,QUADRUPLE,4.0,True,True,PARALLEL,True,False,True,False,False,False,0,
NCT02180464,2014.0,<=2015,PHASE2,drug,2,40.0,INDUSTRY,COMPLETED,RANDOMIZED,True,TRIPLE,3.0,True,True,SINGLE_GROUP,False,False,True,False,False,False,0,False
NCT01105286,2010.0,<=2015,PHASE1,drug,1,24.0,INDUSTRY,COMPLETED,RANDOMIZED,True,SINGLE,1.0,True,False,SINGLE_GROUP,False,False,True,False,False,False,0,False
NCT01008995,2009.0,<=2015,PHASE3,drug,2,322.0,INDUSTRY,COMPLETED,RANDOMIZED,True,QUADRUPLE,4.0,True,True,PARALLEL,True,True,True,False,True,False,0,True
NCT02129777,2014.0,<=2015,PHASE2,drug,7,122.0,INDUSTRY,COMPLETED,RANDOMIZED,True,QUADRUPLE,4.0,True,True,PARALLEL,True,False,True,True,True,False,1,True
NCT04117919,2019.0,2016-2020,PHASE2,drug,2,30.0,OTHER,UNKNOWN,RANDOMIZED,True,SINGLE,1.0,True,False,PARALLEL,False,False,True,False,False,False,0,
NCT06588296,2024.0,2021-2026,PHASE3,drug,2,279.0,INDUSTRY,COMPLETED,RANDOMIZED,True,NONE,0.0,False,False,PARALLEL,True,True,True,False,False,False,1,False
NCT01228656,2006.0,<=2015,PHASE2,drug,2,40.0,INDUSTRY,SUSPENDED,RANDOMIZED,True,DOUBLE,2.0,True,True,PARALLEL,False,False,True,False,False,False,0,False
NCT01566578,2012.0,<=2015,PHASE1,drug,2,24.0,INDUSTRY,UNKNOWN,RANDOMIZED,True,QUADRUPLE,4.0,True,True,PARALLEL,False,False,True,False,False,False,0,False
NCT00235625,2005.0,<=2015,PHASE2,drug,0,12.0,OTHER,COMPLETED,NON_RANDOMIZED,False,NONE,0.0,False,False,SINGLE_GROUP,False,False,True,False,False,False,0,True
NCT03262727,2017.0,2016-2020,PHASE1,drug,1,49.0,INDUSTRY,COMPLETED,NA,False,NONE,0.0,False,False,SINGLE_GROUP,True,False,True,False,False,False,0,False
NCT02995473,2017.0,2016-2020,PHASE2,drug,2,61.0,INDUSTRY,COMPLETED,RANDOMIZED,True,SINGLE,1.0,True,False,PARALLEL,True,False,True,False,False,False,0,False
NCT02684370,2016.0,2016-2020,PHASE3,drug,3,560.0,INDUSTRY,COMPLETED,RANDOMIZED,True,TRIPLE,3.0,True,True,PARALLEL,True,True,True,True,True,False,5,True
NCT03897075,2021.0,2021-2026,PHASE3,drug,2,99.0,INDUSTRY,COMPLETED,RANDOMIZED,True,DOUBLE,2.0,True,True,PARALLEL,False,True,True,False,True,False,0,True
NCT00279162,2005.0,<=2015,PHASE3,drug,0,160.0,INDUSTRY,COMPLETED,RANDOMIZED,True,DOUBLE,2.0,True,True,PARALLEL,True,True,True,False,False,False,0,
NCT07219420,2025.0,2021-2026,PHASE3,drug,2,320.0,INDUSTRY,RECRUITING,RANDOMIZED,True,DOUBLE,2.0,True,True,PARALLEL,True,True,True,False,False,False,0,False
NCT03334136,2017.0,2016-2020,NA,drug,2,115.0,OTHER,COMPLETED,RANDOMIZED,True,QUADRUPLE,4.0,True,True,PARALLEL,True,False,True,False,False,False,1,False
NCT05701995,2023.0,2021-2026,PHASE4,drug,2,180.0,INDUSTRY,COMPLETED,RANDOMIZED,True,DOUBLE,2.0,True,True,PARALLEL,True,True,True,False,True,False,0,False
NCT00578370,2007.0,<=2015,PHASE1;PHASE2,drug,5,25.0,INDUSTRY,COMPLETED,RANDOMIZED,True,TRIPLE,3.0,True,True,PARALLEL,False,False,True,True,False,False,0,False
NCT01989429,2013.0,<=2015,PHASE3,drug,3,788.0,INDUSTRY,COMPLETED,RANDOMIZED,True,TRIPLE,3.0,True,True,PARALLEL,True,True,True,True,False,False,0,False
NCT03004846,2017.0,2016-2020,PHASE1;PHASE2,drug,2,8.0,INDUSTRY,COMPLETED,RANDOMIZED,True,DOUBLE,2.0,True,True,PARALLEL,False,False,True,False,True,False,0,False
NCT03693833,2018.0,2016-2020,PHASE2,drug,2,136.0,OTHER,COMPLETED,RANDOMIZED,True,QUADRUPLE,4.0,True,True,PARALLEL,True,False,True,False,False,False,0,True
NCT01991197,2014.0,<=2015,PHASE2,drug,2,20.0,OTHER,COMPLETED,RANDOMIZED,True,QUADRUPLE,4.0,True,True,CROSSOVER,False,False,True,False,True,False,0,True
NCT02561806,2015.0,<=2015,PHASE3,drug,2,302.0,INDUSTRY,COMPLETED,RANDOMIZED,True,DOUBLE,2.0,True,True,PARALLEL,True,True,True,False,True,False,3,False
NCT00885196,2009.0,<=2015,PHASE2,drug,4,336.0,INDUSTRY,COMPLETED,RANDOMIZED,True,DOUBLE,2.0,True,True,PARALLEL,True,False,True,True,False,False,0,
NCT03131570,2017.0,2016-2020,PHASE2,drug,2,23.0,OTHER,COMPLETED,RANDOMIZED,True,QUADRUPLE,4.0,True,True,PARALLEL,False,False,True,False,True,False,0,False
NCT00237887,2004.0,<=2015,PHASE3,drug,0,1212.0,INDUSTRY,COMPLETED,RANDOMIZED,True,DOUBLE,2.0,True,True,PARALLEL,True,True,True,False,False,False,5,False
NCT00096980,2001.0,<=2015,PHASE4,drug,0,300.0,INDUSTRY,COMPLETED,RANDOMIZED,True,NONE,0.0,False,False,,True,True,True,False,False,False,1,
NCT00456092,2007.0,<=2015,PHASE2,drug,3,204.0,INDUSTRY,COMPLETED,RANDOMIZED,True,QUADRUPLE,4.0,True,True,PARALLEL,True,False,True,True,True,True,0,True
NCT03832738,2019.0,2016-2020,PHASE2,drug,3,152.0,INDUSTRY,COMPLETED,RANDOMIZED,True,QUADRUPLE,4.0,True,True,PARALLEL,True,False,True,True,True,False,0,False
NCT01735864,2012.0,<=2015,NA,drug,4,100.0,OTHER,COMPLETED,RANDOMIZED,True,DOUBLE,2.0,True,True,PARALLEL,True,False,True,True,False,False,0,True
NCT05194839,2022.0,2021-2026,PHASE2,drug,3,79.0,INDUSTRY,TERMINATED,RANDOMIZED,True,DOUBLE,2.0,True,True,PARALLEL,True,False,True,True,True,False,0,
NCT02749370,2016.0,2016-2020,PHASE4,drug,1,80.0,INDUSTRY,COMPLETED,NA,False,NONE,0.0,False,False,SINGLE_GROUP,False,True,True,False,True,False,0,False
NCT01555125,2012.0,<=2015,PHASE3,drug,3,177.0,INDUSTRY,COMPLETED,RANDOMIZED,True,DOUBLE,2.0,True,True,PARALLEL,True,True,True,True,True,False,5,True
NCT03764475,2018.0,2016-2020,PHASE2,drug,1,332.0,INDUSTRY,COMPLETED,NA,False,NONE,0.0,False,False,SINGLE_GROUP,True,False,True,False,True,False,0,
NCT02494479,2015.0,<=2015,PHASE2,drug,4,115.0,INDUSTRY,COMPLETED,RANDOMIZED,True,TRIPLE,3.0,True,True,PARALLEL,True,False,True,True,False,False,0,False
NCT01484587,2011.0,<=2015,PHASE1,drug,2,24.0,INDUSTRY,COMPLETED,RANDOMIZED,True,DOUBLE,2.0,True,True,CROSSOVER,False,False,True,False,False,False,0,True
NCT01154101,2010.0,<=2015,PHASE2,drug,3,40.0,INDUSTRY,COMPLETED,RANDOMIZED,True,DOUBLE,2.0,True,True,PARALLEL,False,False,True,True,True,False,1,True
NCT04535999,2022.0,2021-2026,PHASE4,drug,1,16.0,OTHER,COMPLETED,NA,False,NONE,0.0,False,False,SINGLE_GROUP,False,True,True,False,False,False,0,
NCT01177800,2009.0,<=2015,PHASE3,drug,2,129.0,INDUSTRY,COMPLETED,RANDOMIZED,True,DOUBLE,2.0,True,True,PARALLEL,True,True,True,False,True,False,0,False
NCT06926582,2025.0,2021-2026,PHASE2,drug,3,305.0,INDUSTRY,NOT_YET_RECRUITING,RANDOMIZED,True,DOUBLE,2.0,True,True,PARALLEL,True,False,True,True,False,False,0,False
NCT00987870,2009.0,<=2015,PHASE1;PHASE2,drug,5,15.0,INDUSTRY,COMPLETED,RANDOMIZED,True,TRIPLE,3.0,True,True,SINGLE_GROUP,False,False,True,True,False,False,0,
NCT07181343,2025.0,2021-2026,PHASE1,drug,1,18.0,INDUSTRY,COMPLETED,NA,False,NONE,0.0,False,False,SINGLE_GROUP,False,False,False,False,False,False,0,False
NCT01877668,2014.0,<=2015,PHASE3,drug,5,422.0,INDUSTRY,COMPLETED,RANDOMIZED,True,QUADRUPLE,4.0,True,True,PARALLEL,True,True,True,True,True,False,31,True
NCT06005532,2023.0,2021-2026,PHASE3,drug,2,494.0,INDUSTRY,UNKNOWN,RANDOMIZED,True,TRIPLE,3.0,True,True,PARALLEL,True,True,True,False,False,False,0,False
NCT00050648,1997.0,<=2015,PHASE1;PHASE2,drug,3,20.0,OTHER,COMPLETED,RANDOMIZED,True,NONE,0.0,False,False,PARALLEL,False,False,True,True,False,False,0,False
NCT02126371,2014.0,<=2015,PHASE1,drug,1,24.0,INDUSTRY,COMPLETED,NA,False,NONE,0.0,False,False,SINGLE_GROUP,False,False,False,False,False,False,0,False
NCT03408756,2018.0,2016-2020,PHASE4,drug,2,100.0,OTHER,UNKNOWN,RANDOMIZED,True,SINGLE,1.0,True,False,PARALLEL,True,True,True,False,False,False,0,
NCT02634801,2016.0,2016-2020,PHASE3,drug,3,162.0,INDUSTRY,COMPLETED,RANDOMIZED,True,SINGLE,1.0,True,False,PARALLEL,True,True,True,True,True,False,1,False
NCT04451720,2020.0,2016-2020,PHASE3,drug,2,119.0,INDUSTRY,COMPLETED,RANDOMIZED,True,QUADRUPLE,4.0,True,True,PARALLEL,True,True,True,False,False,False,0,False
NCT07204639,2025.0,2021-2026,PHASE2,drug,2,100.0,INDUSTRY,RECRUITING,RANDOMIZED,True,QUADRUPLE,4.0,True,True,PARALLEL,True,False,True,False,False,False,0,False
NCT07357831,2025.0,2021-2026,PHASE3,drug,3,537.0,INDUSTRY,ACTIVE_NOT_RECRUITING,RANDOMIZED,True,SINGLE,1.0,True,False,PARALLEL,True,True,True,True,False,False,0,True
NCT01132612,2010.0,<=2015,PHASE2,drug,3,275.0,INDUSTRY,COMPLETED,RANDOMIZED,True,DOUBLE,2.0,True,True,PARALLEL,True,False,True,True,True,False,0,False
NCT06220604,2024.0,2021-2026,PHASE3,drug,3,731.0,INDUSTRY,ACTIVE_NOT_RECRUITING,RANDOMIZED,True,DOUBLE,2.0,True,True,PARALLEL,True,True,True,True,True,False,1,True
NCT07707141,2021.0,2021-2026,PHASE2,drug,4,123.0,INDUSTRY,COMPLETED,RANDOMIZED,True,TRIPLE,3.0,True,True,PARALLEL,True,False,True,True,False,False,0,False
NCT06398106,2024.0,2021-2026,PHASE4,drug,2,210.0,OTHER,RECRUITING,RANDOMIZED,True,NONE,0.0,False,False,PARALLEL,True,True,True,False,False,False,0,False
NCT03536884,2018.0,2016-2020,PHASE3,drug,3,743.0,INDUSTRY,COMPLETED,RANDOMIZED,True,QUADRUPLE,4.0,True,True,PARALLEL,True,True,True,True,True,True,8,True
NCT02153840,2013.0,<=2015,NA,drug,3,35.0,OTHER,TERMINATED,RANDOMIZED,True,TRIPLE,3.0,True,True,PARALLEL,True,False,True,True,False,False,0,True
NCT06396013,2024.0,2021-2026,PHASE1,drug,2,96.0,OTHER,NOT_YET_RECRUITING,RANDOMIZED,True,DOUBLE,2.0,True,True,PARALLEL,True,False,True,False,False,False,0,
NCT00235885,2005.0,<=2015,PHASE3,drug,0,445.0,INDUSTRY,COMPLETED,NON_RANDOMIZED,False,NONE,0.0,False,False,SINGLE_GROUP,True,True,True,False,False,False,2,
NCT05669833,2023.0,2021-2026,PHASE3,drug,3,63.0,OTHER,RECRUITING,RANDOMIZED,True,NONE,0.0,False,False,PARALLEL,False,True,True,True,False,False,1,True
NCT03018509,2016.0,2016-2020,PHASE1,drug,5,47.0,INDUSTRY,COMPLETED,RANDOMIZED,True,DOUBLE,2.0,True,True,PARALLEL,True,False,True,True,False,False,0,False
NCT07432386,2026.0,2021-2026,PHASE4,drug,2,80.0,OTHER,NOT_YET_RECRUITING,RANDOMIZED,True,NONE,0.0,False,False,PARALLEL,False,True,True,False,False,False,0,
NCT02749656,2016.0,2016-2020,PHASE3,drug,3,105.0,OTHER,UNKNOWN,RANDOMIZED,True,TRIPLE,3.0,True,True,PARALLEL,True,True,True,True,False,False,0,True
NCT02148640,2014.0,<=2015,PHASE4,drug,2,482.0,OTHER,COMPLETED,RANDOMIZED,True,QUADRUPLE,4.0,True,True,PARALLEL,True,True,True,False,False,False,3,False
NCT07503652,2026.0,2021-2026,PHASE4,drug,1,10.0,OTHER,RECRUITING,NA,False,NONE,0.0,False,False,SINGLE_GROUP,False,True,True,False,False,False,0,
NCT07286058,2026.0,2021-2026,PHASE3,drug,2,1182.0,INDUSTRY,RECRUITING,RANDOMIZED,True,QUADRUPLE,4.0,True,True,PARALLEL,True,True,True,False,False,False,0,True
NCT00707070,2008.0,<=2015,PHASE4,drug,2,100.0,OTHER,UNKNOWN,RANDOMIZED,True,DOUBLE,2.0,True,True,PARALLEL,True,True,True,False,False,False,0,False
NCT00842153,2007.0,<=2015,PHASE4,drug,2,58.0,INDUSTRY,COMPLETED,RANDOMIZED,True,DOUBLE,2.0,True,True,PARALLEL,False,True,True,False,True,False,0,False
NCT04975295,2021.0,2021-2026,PHASE1,drug,2,21.0,INDUSTRY,COMPLETED,RANDOMIZED,True,DOUBLE,2.0,True,True,PARALLEL,False,False,False,False,False,False,0,False
NCT01460069,2011.0,<=2015,NA,drug,2,20.0,OTHER,COMPLETED,RANDOMIZED,True,QUADRUPLE,4.0,True,True,PARALLEL,False,False,True,False,False,False,0,True
NCT01597245,2012.0,<=2015,PHASE3,drug,5,1224.0,INDUSTRY,COMPLETED,RANDOMIZED,True,QUADRUPLE,4.0,True,True,PARALLEL,True,True,True,True,True,False,11,True
NCT00678210,2008.0,<=2015,PHASE2,drug,4,197.0,INDUSTRY,COMPLETED,RANDOMIZED,True,DOUBLE,2.0,True,True,PARALLEL,True,False,True,True,True,False,6,False
NCT01967069,2013.0,<=2015,PHASE3,drug,2,277.0,INDUSTRY,COMPLETED,RANDOMIZED,True,DOUBLE,2.0,True,True,PARALLEL,True,True,True,False,True,False,0,False
NCT02742441,2016.0,2016-2020,PHASE3,drug,2,409.0,INDUSTRY,COMPLETED,RANDOMIZED,True,QUADRUPLE,4.0,True,True,PARALLEL,True,True,True,False,True,False,1,False
NCT00277225,1995.0,<=2015,PHASE1,drug,0,32.0,INDUSTRY,COMPLETED,RANDOMIZED,True,DOUBLE,2.0,True,True,SINGLE_GROUP,True,False,True,False,False,False,0,
NCT05906498,2022.0,2021-2026,PHASE3,drug,3,60.0,OTHER,UNKNOWN,RANDOMIZED,True,NONE,0.0,False,False,PARALLEL,False,True,True,True,False,False,0,
NCT01094093,2010.0,<=2015,PHASE1,drug,2,73.0,INDUSTRY,COMPLETED,RANDOMIZED,True,QUADRUPLE,4.0,True,True,PARALLEL,True,False,True,False,False,False,0,
NCT01090063,2010.0,<=2015,NA,drug,0,26.0,OTHER,COMPLETED,NA,False,NONE,0.0,False,False,SINGLE_GROUP,False,False,True,False,True,False,0,False
NCT06433531,2024.0,2021-2026,PHASE1,drug,1,9.0,INDUSTRY,ACTIVE_NOT_RECRUITING,NA,False,NONE,0.0,False,False,SINGLE_GROUP,False,False,True,False,False,False,0,
NCT07051538,2024.0,2021-2026,PHASE1,drug,2,64.0,INDUSTRY,COMPLETED,RANDOMIZED,True,QUADRUPLE,4.0,True,True,PARALLEL,True,False,True,False,False,False,0,
NCT03381625,2018.0,2016-2020,PHASE2,drug,2,139.0,INDUSTRY,COMPLETED,RANDOMIZED,True,QUADRUPLE,4.0,True,True,PARALLEL,True,False,True,False,False,False,0,False
NCT00161655,2005.0,<=2015,PHASE4,drug,0,60.0,INDUSTRY,COMPLETED,RANDOMIZED,True,NONE,0.0,False,False,PARALLEL,False,True,True,False,False,False,0,
NCT00477191,2007.0,<=2015,NA,drug,1,18.0,OTHER,TERMINATED,NA,False,NONE,0.0,False,False,SINGLE_GROUP,False,False,False,False,True,False,0,False
NCT05891964,2021.0,2021-2026,PHASE4,drug,1,50.0,OTHER_GOV,COMPLETED,NA,False,NONE,0.0,False,False,SINGLE_GROUP,False,True,True,False,False,False,0,
NCT05969223,2023.0,2021-2026,PHASE4,drug,8,214.0,INDUSTRY,COMPLETED,RANDOMIZED,True,DOUBLE,2.0,True,True,PARALLEL,True,True,True,True,True,False,1,False
NCT05896527,2023.0,2021-2026,PHASE2,drug,5,229.0,INDUSTRY,COMPLETED,RANDOMIZED,True,DOUBLE,2.0,True,True,PARALLEL,True,False,True,True,True,False,0,
NCT01107457,2010.0,<=2015,PHASE2,drug,7,142.0,INDUSTRY,COMPLETED,RANDOMIZED,True,QUADRUPLE,4.0,True,True,PARALLEL,True,False,True,True,True,False,3,False
NCT00796211,2008.0,<=2015,PHASE2,drug,5,20.0,INDUSTRY,COMPLETED,RANDOMIZED,True,TRIPLE,3.0,True,True,PARALLEL,False,False,True,True,False,False,0,False
NCT05600036,2022.0,2021-2026,PHASE2,drug,6,228.0,INDUSTRY,COMPLETED,RANDOMIZED,True,TRIPLE,3.0,True,True,PARALLEL,True,False,True,True,True,False,1,True
NCT05739435,2023.0,2021-2026,PHASE2,drug,2,165.0,INDUSTRY,ACTIVE_NOT_RECRUITING,RANDOMIZED,True,NONE,0.0,False,False,PARALLEL,True,False,True,False,False,False,1,True
NCT03347110,2017.0,2016-2020,PHASE2,drug,1,184.0,INDUSTRY,COMPLETED,NA,False,NONE,0.0,False,False,SINGLE_GROUP,True,False,True,False,True,True,3,False
NCT05512598,2022.0,2021-2026,PHASE1,drug,1,9.0,INDUSTRY,COMPLETED,NA,False,NONE,0.0,False,False,SINGLE_GROUP,False,False,True,False,False,False,0,False
NCT01550744,2012.0,<=2015,PHASE3,drug,2,478.0,INDUSTRY,COMPLETED,RANDOMIZED,True,QUADRUPLE,4.0,True,True,PARALLEL,True,True,True,False,True,False,2,True
NCT06742957,2024.0,2021-2026,PHASE3,drug,3,560.0,INDUSTRY,COMPLETED,RANDOMIZED,True,QUADRUPLE,4.0,True,True,PARALLEL,True,True,True,True,False,False,0,False
NCT03731052,2018.0,2016-2020,PHASE3,drug,2,217.0,INDUSTRY,COMPLETED,RANDOMIZED,True,QUADRUPLE,4.0,True,True,PARALLEL,True,True,True,False,False,False,0,False
NCT01782924,2013.0,<=2015,PHASE3,drug,2,145.0,INDUSTRY,COMPLETED,RANDOMIZED,True,,,False,False,PARALLEL,True,True,True,False,False,False,0,False
NCT00608777,2008.0,<=2015,PHASE4,drug,0,6.0,OTHER,TERMINATED,NA,False,NONE,0.0,False,False,SINGLE_GROUP,False,True,True,False,True,False,0,False
NCT07373847,2026.0,2021-2026,PHASE4,drug,2,40.0,OTHER,NOT_YET_RECRUITING,RANDOMIZED,True,QUADRUPLE,4.0,True,True,PARALLEL,False,True,True,False,False,True,0,
NCT01199809,2011.0,<=2015,PHASE1,drug,2,19.0,INDUSTRY,COMPLETED,RANDOMIZED,True,DOUBLE,2.0,True,True,PARALLEL,False,False,True,False,False,False,0,
NCT03782792,2019.0,2016-2020,PHASE2,drug,2,53.0,INDUSTRY,COMPLETED,RANDOMIZED,True,DOUBLE,2.0,True,True,PARALLEL,True,False,True,False,True,False,4,True
NCT05268016,2022.0,2021-2026,PHASE2,drug,5,132.0,INDUSTRY,COMPLETED,RANDOMIZED,True,QUADRUPLE,4.0,True,True,PARALLEL,True,False,True,True,True,False,0,
NCT00301002,2005.0,<=2015,PHASE2,drug,0,15.0,OTHER,COMPLETED,NON_RANDOMIZED,False,NONE,0.0,False,False,SINGLE_GROUP,False,False,True,False,False,False,0,
NCT02872285,2016.0,2016-2020,PHASE2,drug,2,33.0,INDUSTRY,COMPLETED,RANDOMIZED,True,DOUBLE,2.0,True,True,PARALLEL,False,False,True,False,True,False,0,True
NCT01232283,2010.0,<=2015,PHASE3,drug,2,413.0,INDUSTRY,COMPLETED,RANDOMIZED,True,QUADRUPLE,4.0,True,True,PARALLEL,True,True,True,False,True,False,1,False
NCT02577185,2015.0,<=2015,PHASE1,drug,2,10.0,INDUSTRY,COMPLETED,RANDOMIZED,True,SINGLE,1.0,True,False,PARALLEL,False,False,False,False,False,False,0,False
NCT00400725,2006.0,<=2015,PHASE3,drug,3,288.0,INDUSTRY,COMPLETED,RANDOMIZED,True,DOUBLE,2.0,True,True,PARALLEL,True,True,True,True,True,False,0,
NCT03469336,2018.0,2016-2020,PHASE1,drug,1,18.0,INDUSTRY,COMPLETED,RANDOMIZED,True,NONE,0.0,False,False,SINGLE_GROUP,False,False,True,False,True,False,1,False
NCT01634087,2012.0,<=2015,PHASE2,drug,8,50.0,INDUSTRY,COMPLETED,RANDOMIZED,True,TRIPLE,3.0,True,True,PARALLEL,True,False,True,True,False,False,0,False
NCT02106195,2014.0,<=2015,PHASE2,drug,1,8.0,INDUSTRY,COMPLETED,NA,False,NONE,0.0,False,False,SINGLE_GROUP,False,False,True,False,True,False,0,False
NCT01261767,2008.0,<=2015,PHASE1,drug,2,55.0,INDUSTRY,TERMINATED,RANDOMIZED,True,DOUBLE,2.0,True,True,PARALLEL,True,False,True,False,False,True,1,False
NCT06641076,2024.0,2021-2026,PHASE3,drug,3,960.0,INDUSTRY,ACTIVE_NOT_RECRUITING,RANDOMIZED,True,TRIPLE,3.0,True,True,PARALLEL,True,True,True,True,False,False,0,True
NCT01748539,2012.0,<=2015,PHASE2,drug,4,140.0,INDUSTRY,COMPLETED,RANDOMIZED,True,DOUBLE,2.0,True,True,PARALLEL,True,False,True,True,False,False,1,False
NCT03874975,2019.0,2016-2020,EARLY_PHASE1,drug,0,40.0,OTHER,UNKNOWN,RANDOMIZED,True,SINGLE,1.0,True,False,SINGLE_GROUP,True,False,True,False,False,False,0,
NCT03101670,2017.0,2016-2020,PHASE2,drug,2,131.0,INDUSTRY,COMPLETED,RANDOMIZED,True,QUADRUPLE,4.0,True,True,PARALLEL,True,False,True,False,False,False,3,True
NCT02934412,2016.0,2016-2020,PHASE1,drug,5,40.0,INDUSTRY,COMPLETED,RANDOMIZED,True,TRIPLE,3.0,True,True,PARALLEL,True,False,False,True,False,False,0,False
NCT01891864,2013.0,<=2015,PHASE3,drug,2,531.0,INDUSTRY,COMPLETED,RANDOMIZED,True,QUADRUPLE,4.0,True,True,PARALLEL,True,True,True,False,True,False,1,True
NCT01012713,2010.0,<=2015,PHASE4,both,1,30.0,OTHER,COMPLETED,NON_RANDOMIZED,False,NONE,0.0,False,False,SINGLE_GROUP,False,True,True,False,True,False,0,False
NCT01914627,2013.0,<=2015,PHASE2,drug,2,90.0,INDUSTRY,COMPLETED,RANDOMIZED,True,SINGLE,1.0,True,False,PARALLEL,True,False,True,False,False,False,0,True
NCT00670241,2008.0,<=2015,PHASE3,drug,3,458.0,INDUSTRY,COMPLETED,RANDOMIZED,True,SINGLE,1.0,True,False,PARALLEL,True,True,True,True,True,False,0,False
NCT01384630,2011.0,<=2015,PHASE2,drug,1,8.0,INDUSTRY,COMPLETED,NA,False,NONE,0.0,False,False,SINGLE_GROUP,False,False,True,False,False,False,0,False
NCT02933528,2016.0,2016-2020,PHASE2,drug,1,24.0,INDUSTRY,COMPLETED,NA,False,NONE,0.0,False,False,SINGLE_GROUP,False,False,True,False,True,False,0,False
NCT00833729,2009.0,<=2015,PHASE4,drug,1,10.0,OTHER,COMPLETED,NA,False,NONE,0.0,False,False,SINGLE_GROUP,False,True,True,False,False,False,1,
NCT07611747,2026.0,2021-2026,PHASE4,drug,2,1944.0,OTHER,RECRUITING,RANDOMIZED,True,NONE,0.0,False,False,PARALLEL,True,True,False,False,False,False,0,False
NCT03774875,2019.0,2016-2020,PHASE4,drug,2,277.0,INDUSTRY,COMPLETED,RANDOMIZED,True,QUADRUPLE,4.0,True,True,PARALLEL,True,True,True,False,True,False,0,False
NCT02655705,2014.0,<=2015,PHASE4,drug,2,34.0,OTHER,COMPLETED,RANDOMIZED,True,NONE,0.0,False,False,PARALLEL,False,True,True,False,False,False,0,True
NCT00143819,2005.0,<=2015,PHASE2,drug,2,13.0,OTHER,TERMINATED,RANDOMIZED,True,TRIPLE,3.0,True,True,PARALLEL,False,False,True,False,True,False,0,False
NCT00852761,2009.0,<=2015,PHASE4,drug,2,34.0,INDUSTRY,COMPLETED,RANDOMIZED,True,SINGLE,1.0,True,False,PARALLEL,False,True,True,False,True,False,0,False
NCT04967950,2021.0,2021-2026,PHASE1,drug,3,60.0,OTHER,UNKNOWN,RANDOMIZED,True,NONE,0.0,False,False,PARALLEL,True,False,True,True,False,False,0,
NCT01936688,2013.0,<=2015,PHASE3,drug,4,0.0,INDUSTRY,WITHDRAWN,RANDOMIZED,True,QUADRUPLE,4.0,True,True,PARALLEL,False,True,True,True,False,False,0,True
NCT05522816,2015.0,<=2015,PHASE1,drug,6,28.0,INDUSTRY,COMPLETED,RANDOMIZED,True,QUADRUPLE,4.0,True,True,SEQUENTIAL,False,False,True,True,False,False,0,False
NCT04152759,2019.0,2016-2020,PHASE1,drug,2,182.0,INDUSTRY,COMPLETED,RANDOMIZED,True,QUADRUPLE,4.0,True,True,PARALLEL,True,False,True,False,False,False,1,False
NCT01181570,2010.0,<=2015,PHASE4,drug,2,20.0,OTHER,COMPLETED,RANDOMIZED,True,QUADRUPLE,4.0,True,True,PARALLEL,False,True,True,False,False,False,0,False
NCT01297166,2011.0,<=2015,PHASE1,drug,1,25.0,INDUSTRY,COMPLETED,RANDOMIZED,True,SINGLE,1.0,True,False,SINGLE_GROUP,False,False,True,False,False,False,0,False
NCT06301997,2023.0,2021-2026,PHASE2,drug,2,104.0,OTHER,ACTIVE_NOT_RECRUITING,RANDOMIZED,True,TRIPLE,3.0,True,True,PARALLEL,True,False,True,False,False,False,0,False
NCT00267956,2005.0,<=2015,PHASE2,drug,2,146.0,INDUSTRY,COMPLETED,RANDOMIZED,True,QUADRUPLE,4.0,True,True,CROSSOVER,True,False,True,False,True,False,2,True
NCT01356004,2010.0,<=2015,PHASE4,drug,2,35.0,OTHER,COMPLETED,RANDOMIZED,True,DOUBLE,2.0,True,True,PARALLEL,False,True,True,False,False,False,0,True
NCT05855967,2023.0,2021-2026,PHASE4,drug,2,250.0,INDUSTRY,COMPLETED,NA,False,NONE,0.0,False,False,SINGLE_GROUP,True,True,True,False,True,False,0,False
NCT07706530,2026.0,2021-2026,PHASE2,drug,3,240.0,INDUSTRY,NOT_YET_RECRUITING,RANDOMIZED,True,QUADRUPLE,4.0,True,True,PARALLEL,True,False,True,True,False,False,0,False
NCT02387853,2016.0,2016-2020,PHASE2,drug,1,117.0,INDUSTRY,COMPLETED,NA,False,NONE,0.0,False,False,SINGLE_GROUP,True,False,True,False,True,False,0,False
NCT04711902,2021.0,2021-2026,PHASE3,drug,4,41.0,INDUSTRY,COMPLETED,RANDOMIZED,True,QUADRUPLE,4.0,True,True,PARALLEL,False,True,True,True,True,False,0,False
NCT04167462,2019.0,2016-2020,PHASE3,drug,2,220.0,INDUSTRY,COMPLETED,RANDOMIZED,True,QUADRUPLE,4.0,True,True,PARALLEL,True,True,True,False,True,False,1,True
NCT01815424,2013.0,<=2015,PHASE3,drug,3,266.0,INDUSTRY,COMPLETED,RANDOMIZED,True,QUADRUPLE,4.0,True,True,PARALLEL,True,True,True,True,True,False,1,True
NCT04279119,2020.0,2016-2020,PHASE1,drug,1,26.0,INDUSTRY,COMPLETED,NA,False,NONE,0.0,False,False,SINGLE_GROUP,False,False,True,False,False,False,1,False
NCT05203354,2018.0,2016-2020,PHASE4,drug,3,60.0,OTHER,COMPLETED,RANDOMIZED,True,DOUBLE,2.0,True,True,PARALLEL,False,True,True,True,False,False,0,True
NCT04229836,2019.0,2016-2020,PHASE4,drug,1,178.0,INDUSTRY,COMPLETED,NA,False,NONE,0.0,False,False,SINGLE_GROUP,True,True,True,False,False,False,0,False
NCT06846541,2025.0,2021-2026,PHASE3,drug,3,1680.0,INDUSTRY,ACTIVE_NOT_RECRUITING,RANDOMIZED,True,QUADRUPLE,4.0,True,True,PARALLEL,True,True,True,True,False,False,0,True
NCT05042635,2021.0,2021-2026,NA,drug,2,90.0,OTHER,UNKNOWN,RANDOMIZED,True,DOUBLE,2.0,True,True,PARALLEL,True,False,True,False,False,False,0,True
NCT00733954,2007.0,<=2015,PHASE4,drug,2,250.0,INDUSTRY,COMPLETED,RANDOMIZED,True,NONE,0.0,False,False,PARALLEL,True,True,True,False,True,False,0,False
NCT05200247,2022.0,2021-2026,PHASE3,drug,1,11.0,INDUSTRY,COMPLETED,NA,False,NONE,0.0,False,False,SINGLE_GROUP,False,True,True,False,True,False,0,False
NCT06033742,2021.0,2021-2026,PHASE1,drug,2,84.0,INDUSTRY,COMPLETED,RANDOMIZED,True,DOUBLE,2.0,True,True,SEQUENTIAL,True,False,True,False,False,False,0,False
NCT03146247,2017.0,2016-2020,PHASE4,drug,1,0.0,OTHER,WITHDRAWN,NA,False,NONE,0.0,False,False,SINGLE_GROUP,False,True,False,False,False,False,0,False
NCT06972888,2024.0,2021-2026,PHASE2,drug,4,145.0,INDUSTRY,COMPLETED,RANDOMIZED,True,QUADRUPLE,4.0,True,True,PARALLEL,True,False,True,True,False,False,0,
NCT05004727,2022.0,2021-2026,PHASE4,drug,3,176.0,OTHER,RECRUITING,RANDOMIZED,True,TRIPLE,3.0,True,True,PARALLEL,True,True,True,True,False,False,1,True
NCT03210259,2017.0,2016-2020,PHASE3,drug,2,259.0,INDUSTRY,COMPLETED,RANDOMIZED,True,DOUBLE,2.0,True,True,PARALLEL,True,True,True,False,True,False,1,False
NCT01710046,2013.0,<=2015,PHASE2,drug,2,12.0,INDUSTRY,COMPLETED,RANDOMIZED,True,TRIPLE,3.0,True,True,PARALLEL,False,False,True,False,True,False,2,True
NCT03971825,2018.0,2016-2020,PHASE1,drug,2,131.0,INDUSTRY,TERMINATED,RANDOMIZED,True,QUADRUPLE,4.0,True,True,PARALLEL,True,False,True,False,False,False,0,False
NCT01276847,2011.0,<=2015,PHASE1,drug,3,40.0,INDUSTRY,COMPLETED,RANDOMIZED,True,NONE,0.0,False,False,PARALLEL,True,False,True,True,True,False,0,False
NCT03255382,2017.0,2016-2020,PHASE3,drug,2,120.0,INDUSTRY,COMPLETED,RANDOMIZED,True,NONE,0.0,False,False,PARALLEL,True,True,True,False,True,False,0,False
NCT03310320,2017.0,2016-2020,PHASE1,drug,2,9.0,INDUSTRY,TERMINATED,RANDOMIZED,True,QUADRUPLE,4.0,True,True,PARALLEL,False,False,True,False,False,False,0,False
NCT03230292,2017.0,2016-2020,PHASE2,drug,1,43.0,INDUSTRY,COMPLETED,NA,False,NONE,0.0,False,False,SINGLE_GROUP,False,False,True,False,True,True,0,True
NCT01493518,2011.0,<=2015,PHASE1,drug,2,6.0,INDUSTRY,TERMINATED,RANDOMIZED,True,TRIPLE,3.0,True,True,SINGLE_GROUP,False,False,False,False,False,False,0,
NCT07398651,2026.0,2021-2026,NA,drug,2,60.0,OTHER,NOT_YET_RECRUITING,RANDOMIZED,True,DOUBLE,2.0,True,True,PARALLEL,True,False,True,False,False,False,0,False
NCT01339741,2011.0,<=2015,NA,drug,2,30.0,OTHER,UNKNOWN,RANDOMIZED,True,DOUBLE,2.0,True,True,PARALLEL,True,False,True,False,False,False,0,
NCT04744363,2021.0,2021-2026,PHASE1,drug,3,294.0,INDUSTRY,COMPLETED,RANDOMIZED,True,SINGLE,1.0,True,False,PARALLEL,True,False,True,True,False,False,1,False
NCT06624228,2024.0,2021-2026,PHASE3,drug,2,684.0,INDUSTRY,COMPLETED,RANDOMIZED,True,QUADRUPLE,4.0,True,True,PARALLEL,True,True,True,False,False,False,0,False
NCT03896581,2019.0,2016-2020,PHASE3,drug,2,400.0,INDUSTRY,COMPLETED,RANDOMIZED,True,TRIPLE,3.0,True,True,PARALLEL,True,True,True,False,True,True,10,True
NCT01392326,2011.0,<=2015,PHASE3,drug,3,606.0,INDUSTRY,COMPLETED,RANDOMIZED,True,QUADRUPLE,4.0,True,True,PARALLEL,True,True,True,True,True,False,5,True
NCT02052609,2014.0,<=2015,PHASE3,drug,2,155.0,INDUSTRY,COMPLETED,NON_RANDOMIZED,False,NONE,0.0,False,False,PARALLEL,True,True,True,False,False,False,0,False
NCT01894373,2015.0,<=2015,PHASE1;PHASE2,drug,1,10.0,OTHER,COMPLETED,NA,False,NONE,0.0,False,False,SINGLE_GROUP,False,False,True,False,False,False,1,True
NCT06015152,2022.0,2021-2026,NA,drug,2,90.0,OTHER_GOV,COMPLETED,RANDOMIZED,True,NONE,0.0,False,False,PARALLEL,True,False,True,False,False,False,0,False
NCT00941278,2009.0,<=2015,PHASE2,drug,1,30.0,INDUSTRY,COMPLETED,NON_RANDOMIZED,False,NONE,0.0,False,False,SINGLE_GROUP,False,False,True,False,False,False,0,False
NCT02951533,2016.0,2016-2020,PHASE3,drug,2,119.0,INDUSTRY,COMPLETED,RANDOMIZED,True,NONE,0.0,False,False,PARALLEL,True,True,True,False,True,False,0,False
NCT00932113,2009.0,<=2015,PHASE4,drug,2,33.0,OTHER,COMPLETED,RANDOMIZED,True,SINGLE,1.0,True,False,PARALLEL,False,True,False,False,True,True,1,False
NCT05536726,2023.0,2021-2026,PHASE3,drug,3,458.0,INDUSTRY,COMPLETED,RANDOMIZED,True,QUADRUPLE,4.0,True,True,PARALLEL,True,True,True,True,False,False,0,False
NCT03747939,2018.0,2016-2020,PHASE4,drug,2,310.0,INDUSTRY,COMPLETED,RANDOMIZED,True,QUADRUPLE,4.0,True,True,PARALLEL,True,True,True,False,True,False,1,False
NCT07552454,2026.0,2021-2026,NA,drug,1,60.0,OTHER,RECRUITING,NON_RANDOMIZED,False,NONE,0.0,False,False,SINGLE_GROUP,True,False,True,False,False,False,0,
NCT00629772,2007.0,<=2015,PHASE3,drug,2,24.0,OTHER,COMPLETED,RANDOMIZED,True,QUADRUPLE,4.0,True,True,CROSSOVER,False,True,True,False,True,False,0,False
NCT05858047,2023.0,2021-2026,PHASE2,drug,4,93.0,INDUSTRY,COMPLETED,RANDOMIZED,True,QUADRUPLE,4.0,True,True,PARALLEL,True,False,True,True,False,False,0,False
NCT02474069,2015.0,<=2015,PHASE3,drug,2,772.0,INDUSTRY,COMPLETED,RANDOMIZED,True,DOUBLE,2.0,True,True,PARALLEL,True,True,True,False,True,False,0,False
NCT05858645,2023.0,2021-2026,PHASE4,drug,1,25.0,OTHER,RECRUITING,NA,False,NONE,0.0,False,False,SINGLE_GROUP,False,True,False,False,False,False,0,False
NCT00007306,2000.0,<=2015,PHASE1;PHASE2,drug,0,40.0,NIH,COMPLETED,RANDOMIZED,True,DOUBLE,2.0,True,True,SINGLE_GROUP,False,False,True,False,False,False,0,
NCT05789576,2023.0,2021-2026,PHASE4,drug,1,31.0,INDUSTRY,COMPLETED,NA,False,NONE,0.0,False,False,SINGLE_GROUP,False,True,True,False,True,False,0,False
NCT00333411,2006.0,<=2015,PHASE2,drug,4,360.0,INDUSTRY,COMPLETED,RANDOMIZED,True,DOUBLE,2.0,True,True,PARALLEL,True,False,True,True,False,False,0,
NCT02343744,2015.0,<=2015,PHASE3,drug,1,21.0,INDUSTRY,COMPLETED,NA,False,NONE,0.0,False,False,SINGLE_GROUP,False,True,True,False,False,False,0,True
NCT02397382,2015.0,<=2015,PHASE1,drug,1,16.0,INDUSTRY,COMPLETED,NA,False,NONE,0.0,False,False,SINGLE_GROUP,False,False,True,False,False,False,1,False
NCT02502188,2015.0,<=2015,PHASE1,drug,2,24.0,INDUSTRY,TERMINATED,RANDOMIZED,True,QUADRUPLE,4.0,True,True,PARALLEL,False,False,True,False,False,False,0,False
NCT04839328,2022.0,2021-2026,PHASE3,drug,2,306.0,INDUSTRY,COMPLETED,RANDOMIZED,True,SINGLE,1.0,True,False,PARALLEL,True,True,True,False,False,False,0,False
NCT01595997,2012.0,<=2015,PHASE1;PHASE2,drug,2,20.0,INDUSTRY,COMPLETED,RANDOMIZED,True,DOUBLE,2.0,True,True,PARALLEL,False,False,True,False,False,False,0,True
NCT04493424,2020.0,2016-2020,PHASE2,drug,1,108.0,INDUSTRY,TERMINATED,NA,False,NONE,0.0,False,False,SINGLE_GROUP,True,False,True,False,True,False,0,True
NCT00377325,2007.0,<=2015,PHASE2,drug,3,0.0,OTHER,WITHDRAWN,RANDOMIZED,True,QUADRUPLE,4.0,True,True,FACTORIAL,False,False,True,True,False,False,0,True
NCT01045577,2005.0,<=2015,PHASE2,drug,2,25.0,INDUSTRY,COMPLETED,RANDOMIZED,True,QUADRUPLE,4.0,True,True,PARALLEL,False,False,True,False,False,False,0,False
NCT03406117,2016.0,2016-2020,PHASE4,drug,3,182.0,INDUSTRY,COMPLETED,NON_RANDOMIZED,False,NONE,0.0,False,False,PARALLEL,True,True,False,True,False,False,0,True
NCT03210961,2017.0,2016-2020,PHASE1,drug,4,109.0,INDUSTRY,COMPLETED,RANDOMIZED,True,QUADRUPLE,4.0,True,True,SEQUENTIAL,True,False,True,True,True,False,1,False
NCT01406938,2011.0,<=2015,PHASE3,drug,6,967.0,INDUSTRY,COMPLETED,RANDOMIZED,True,QUADRUPLE,4.0,True,True,PARALLEL,True,True,True,True,True,False,2,True
NCT03998683,2019.0,2016-2020,PHASE3,drug,2,117.0,INDUSTRY,COMPLETED,RANDOMIZED,True,DOUBLE,2.0,True,True,PARALLEL,True,True,True,False,False,False,0,False
NCT01090310,2010.0,<=2015,PHASE3,drug,4,86.0,INDUSTRY,TERMINATED,RANDOMIZED,True,TRIPLE,3.0,True,True,PARALLEL,False,True,True,True,True,False,0,True
NCT04785027,2021.0,2021-2026,PHASE1;PHASE2,drug,2,16.0,OTHER,UNKNOWN,RANDOMIZED,True,NONE,0.0,False,False,PARALLEL,False,False,True,False,False,False,0,True
NCT01007591,2009.0,<=2015,PHASE3,drug,2,40.0,INDUSTRY,COMPLETED,RANDOMIZED,True,DOUBLE,2.0,True,True,PARALLEL,False,True,True,False,True,False,0,True
NCT05645627,2023.0,2021-2026,PHASE3,drug,3,500.0,INDUSTRY,COMPLETED,RANDOMIZED,True,QUADRUPLE,4.0,True,True,PARALLEL,True,True,True,True,False,False,0,False
NCT04680676,2022.0,2021-2026,PHASE2,drug,4,0.0,INDUSTRY,WITHDRAWN,RANDOMIZED,True,QUADRUPLE,4.0,True,True,PARALLEL,False,False,True,True,False,False,0,True
NCT03329885,2017.0,2016-2020,PHASE1;PHASE2,drug,3,38.0,INDUSTRY,TERMINATED,RANDOMIZED,True,QUADRUPLE,4.0,True,True,PARALLEL,False,False,True,True,True,False,0,
NCT06973291,2025.0,2021-2026,PHASE3,drug,2,606.0,INDUSTRY,COMPLETED,RANDOMIZED,True,DOUBLE,2.0,True,True,PARALLEL,True,True,True,False,False,False,0,True
NCT02111499,2014.0,<=2015,PHASE1;PHASE2,drug,6,18.0,INDUSTRY,COMPLETED,RANDOMIZED,True,DOUBLE,2.0,True,True,PARALLEL,False,False,True,True,False,False,0,False
NCT03007810,2016.0,2016-2020,PHASE1,drug,2,68.0,INDUSTRY,COMPLETED,RANDOMIZED,True,DOUBLE,2.0,True,True,PARALLEL,True,False,True,False,False,False,1,False
NCT03402087,2018.0,2016-2020,PHASE1,drug,1,30.0,INDUSTRY,COMPLETED,NA,False,NONE,0.0,False,False,SINGLE_GROUP,True,False,True,False,False,False,0,
NCT07128472,2025.0,2021-2026,NA,drug,2,40.0,OTHER,RECRUITING,RANDOMIZED,True,NONE,0.0,False,False,PARALLEL,True,False,True,False,False,False,0,True
NCT03424629,2018.0,2016-2020,PHASE1,drug,3,57.0,INDUSTRY,UNKNOWN,RANDOMIZED,True,NONE,0.0,False,False,CROSSOVER,True,False,True,True,False,False,0,False
NCT01083758,2010.0,<=2015,PHASE2,drug,1,31.0,INDUSTRY,COMPLETED,NA,False,NONE,0.0,False,False,SINGLE_GROUP,False,False,True,False,True,False,0,False
NCT01939132,2013.0,<=2015,PHASE4,drug,1,10.0,INDIV,UNKNOWN,NON_RANDOMIZED,False,NONE,0.0,False,False,SINGLE_GROUP,False,True,True,False,False,False,0,False
NCT00258713,2005.0,<=2015,PHASE3,drug,3,309.0,INDUSTRY,COMPLETED,RANDOMIZED,True,QUADRUPLE,4.0,True,True,PARALLEL,True,True,True,True,False,False,0,True
NCT01235442,2010.0,<=2015,PHASE3,drug,2,592.0,INDUSTRY,COMPLETED,RANDOMIZED,True,SINGLE,1.0,True,False,PARALLEL,True,True,True,False,True,False,0,False
NCT04664153,2020.0,2016-2020,PHASE2,drug,4,104.0,INDUSTRY,COMPLETED,RANDOMIZED,True,QUADRUPLE,4.0,True,True,PARALLEL,True,False,True,True,True,False,1,False
NCT03158285,2017.0,2016-2020,PHASE3,drug,3,741.0,INDUSTRY,COMPLETED,RANDOMIZED,True,DOUBLE,2.0,True,True,PARALLEL,True,True,True,True,True,False,27,True
NCT00640393,2008.0,<=2015,PHASE4,both,3,99.0,OTHER,COMPLETED,RANDOMIZED,True,SINGLE,1.0,True,False,PARALLEL,False,True,True,True,True,False,1,False
NCT01195831,2010.0,<=2015,PHASE3,drug,2,244.0,INDUSTRY,COMPLETED,RANDOMIZED,True,SINGLE,1.0,True,False,PARALLEL,True,True,True,False,True,False,0,False
NCT02933502,2016.0,2016-2020,PHASE2,drug,1,3.0,INDUSTRY,COMPLETED,NA,False,NONE,0.0,False,False,SINGLE_GROUP,False,False,True,False,True,False,0,False
NCT04930042,2021.0,2021-2026,PHASE3,drug,2,581.0,INDUSTRY,COMPLETED,RANDOMIZED,True,QUADRUPLE,4.0,True,True,PARALLEL,True,True,True,False,False,False,1,False
NCT03307447,2017.0,2016-2020,PHASE4,drug,1,30.0,OTHER,UNKNOWN,NA,False,NONE,0.0,False,False,SINGLE_GROUP,False,True,True,False,False,False,0,
NCT00051623,2003.0,<=2015,PHASE3,drug,0,70.0,INDUSTRY,COMPLETED,RANDOMIZED,True,DOUBLE,2.0,True,True,PARALLEL,False,True,True,False,False,True,1,
NCT03542994,2019.0,2016-2020,PHASE1,drug,9,114.0,INDUSTRY,COMPLETED,RANDOMIZED,True,DOUBLE,2.0,True,True,SEQUENTIAL,True,False,True,True,False,False,0,True
NCT04394936,2020.0,2016-2020,NA,drug,3,37.0,OTHER,TERMINATED,RANDOMIZED,True,TRIPLE,3.0,True,True,PARALLEL,True,False,True,True,False,False,1,False
NCT03104374,2017.0,2016-2020,PHASE3,drug,4,642.0,INDUSTRY,COMPLETED,RANDOMIZED,True,QUADRUPLE,4.0,True,True,PARALLEL,True,True,True,True,True,False,14,True
NCT05686876,2022.0,2021-2026,EARLY_PHASE1,drug,1,20.0,OTHER,UNKNOWN,NA,False,NONE,0.0,False,False,SINGLE_GROUP,False,False,False,False,False,False,1,
NCT04221906,2020.0,2016-2020,PHASE1,drug,6,15.0,INDUSTRY,COMPLETED,RANDOMIZED,True,TRIPLE,3.0,True,True,PARALLEL,False,False,True,True,False,False,0,
NCT01465438,2006.0,<=2015,PHASE4,drug,1,42.0,OTHER,COMPLETED,NA,False,NONE,0.0,False,False,SINGLE_GROUP,False,True,True,False,False,False,1,True
NCT04239859,2024.0,2021-2026,PHASE4,drug,2,40.0,OTHER,NOT_YET_RECRUITING,NON_RANDOMIZED,False,NONE,0.0,False,False,PARALLEL,False,True,False,False,False,False,0,True
NCT01317017,2010.0,<=2015,EARLY_PHASE1,drug,0,2.0,OTHER,TERMINATED,NA,False,NONE,0.0,False,False,SINGLE_GROUP,False,False,False,False,False,False,0,False
NCT00353119,2006.0,<=2015,PHASE3,drug,2,15.0,OTHER,COMPLETED,RANDOMIZED,True,QUADRUPLE,4.0,True,True,CROSSOVER,False,True,True,False,True,False,0,False
NCT03463187,2017.0,2016-2020,PHASE1;PHASE2,drug,8,211.0,INDUSTRY,COMPLETED,RANDOMIZED,True,QUADRUPLE,4.0,True,True,SEQUENTIAL,True,False,True,True,False,False,1,False
NCT07432854,2026.0,2021-2026,PHASE2;PHASE3,drug,3,540.0,INDUSTRY,NOT_YET_RECRUITING,RANDOMIZED,True,QUADRUPLE,4.0,True,True,PARALLEL,True,True,True,True,False,False,0,
NCT00358384,2005.0,<=2015,PHASE1,drug,6,10.0,INDUSTRY,COMPLETED,RANDOMIZED,True,,,False,False,PARALLEL,False,False,True,True,False,False,0,
NCT05153148,2022.0,2021-2026,PHASE2,drug,4,305.0,INDUSTRY,COMPLETED,RANDOMIZED,True,DOUBLE,2.0,True,True,PARALLEL,True,False,True,True,True,False,0,False
NCT02074982,2014.0,<=2015,PHASE3,drug,2,676.0,INDUSTRY,COMPLETED,RANDOMIZED,True,QUADRUPLE,4.0,True,True,PARALLEL,True,True,True,False,True,False,5,False
NCT01871649,2013.0,<=2015,PHASE3,drug,2,51.0,OTHER,COMPLETED,RANDOMIZED,True,DOUBLE,2.0,True,True,PARALLEL,False,True,True,False,False,False,2,False
NCT02474082,2015.0,<=2015,PHASE3,drug,2,202.0,INDUSTRY,COMPLETED,RANDOMIZED,True,SINGLE,1.0,True,False,PARALLEL,True,True,True,False,True,False,0,False
NCT07352566,2026.0,2021-2026,PHASE4,both,1,10.0,OTHER,NOT_YET_RECRUITING,NA,False,NONE,0.0,False,False,SINGLE_GROUP,False,True,False,False,False,False,0,True
NCT01519089,2012.0,<=2015,PHASE3,drug,2,95.0,INDUSTRY,COMPLETED,RANDOMIZED,True,QUADRUPLE,4.0,True,True,PARALLEL,False,True,True,False,True,False,0,True
NCT05254249,2022.0,2021-2026,PHASE1;PHASE2,drug,3,75.0,OTHER_GOV,UNKNOWN,RANDOMIZED,True,DOUBLE,2.0,True,True,PARALLEL,True,False,True,True,False,False,0,
NCT02132936,2014.0,<=2015,PHASE3,drug,4,504.0,INDUSTRY,COMPLETED,RANDOMIZED,True,SINGLE,1.0,True,False,PARALLEL,True,True,True,True,True,True,3,False
NCT00111436,2003.0,<=2015,PHASE3,drug,2,912.0,INDUSTRY,COMPLETED,NON_RANDOMIZED,False,NONE,0.0,False,False,PARALLEL,True,True,True,False,False,True,0,
NCT00953329,2008.0,<=2015,PHASE4,drug,1,1.0,OTHER,TERMINATED,NA,False,NONE,0.0,False,False,SINGLE_GROUP,False,True,True,False,True,False,0,False
NCT00604682,2005.0,<=2015,PHASE2,drug,1,19.0,INDUSTRY,COMPLETED,NA,False,NONE,0.0,False,False,SINGLE_GROUP,False,False,True,False,False,False,0,False
NCT06611163,2025.0,2021-2026,PHASE3,drug,2,206.0,INDUSTRY,ACTIVE_NOT_RECRUITING,RANDOMIZED,True,DOUBLE,2.0,True,True,PARALLEL,True,True,True,False,False,False,0,False
NCT01563068,2012.0,<=2015,PHASE1,drug,1,18.0,INDUSTRY,COMPLETED,NA,False,NONE,0.0,False,False,SINGLE_GROUP,False,False,False,False,False,False,0,False
NCT03718299,2019.0,2016-2020,PHASE4,drug,1,55.0,INDUSTRY,COMPLETED,NA,False,NONE,0.0,False,False,SINGLE_GROUP,False,True,True,False,True,False,1,False
NCT06061471,2023.0,2021-2026,PHASE2,drug,2,454.0,INDUSTRY,COMPLETED,RANDOMIZED,True,QUADRUPLE,4.0,True,True,PARALLEL,True,False,True,False,False,False,0,
NCT02187172,2014.0,<=2015,PHASE4,drug,2,43.0,OTHER,COMPLETED,RANDOMIZED,True,QUADRUPLE,4.0,True,True,PARALLEL,False,True,True,False,True,False,0,False
NCT00216892,2005.0,<=2015,PHASE4,drug,0,1032.0,INDUSTRY,COMPLETED,RANDOMIZED,True,DOUBLE,2.0,True,True,PARALLEL,True,True,True,False,False,False,0,
NCT06863493,2025.0,2021-2026,PHASE2;PHASE3,drug,3,125.0,INDUSTRY,NOT_YET_RECRUITING,RANDOMIZED,True,QUADRUPLE,4.0,True,True,PARALLEL,True,True,True,True,False,False,0,False
NCT03058900,2017.0,2016-2020,NA,drug,2,31.0,OTHER,COMPLETED,RANDOMIZED,True,TRIPLE,3.0,True,True,PARALLEL,True,False,True,False,False,False,5,False
NCT05728489,2023.0,2021-2026,PHASE1,drug,6,64.0,INDUSTRY,COMPLETED,RANDOMIZED,True,QUADRUPLE,4.0,True,True,PARALLEL,True,False,True,True,False,False,0,False
NCT01094717,2010.0,<=2015,NA,both,4,13.0,OTHER,TERMINATED,RANDOMIZED,True,DOUBLE,2.0,True,True,PARALLEL,False,False,True,True,True,False,0,False
NCT00723528,2008.0,<=2015,PHASE3,drug,7,158.0,INDUSTRY,COMPLETED,RANDOMIZED,True,DOUBLE,2.0,True,True,PARALLEL,True,True,True,True,True,False,0,False
NCT01309737,2011.0,<=2015,PHASE3,drug,3,960.0,INDUSTRY,COMPLETED,RANDOMIZED,True,QUADRUPLE,4.0,True,True,PARALLEL,True,True,True,True,True,False,4,True
NCT00789880,2008.0,<=2015,PHASE2,drug,2,82.0,NIH,COMPLETED,RANDOMIZED,True,QUADRUPLE,4.0,True,True,PARALLEL,True,False,True,False,True,True,0,True
NCT01988103,2013.0,<=2015,PHASE2,drug,3,254.0,INDUSTRY,COMPLETED,RANDOMIZED,True,QUADRUPLE,4.0,True,True,PARALLEL,True,False,True,True,True,False,1,True
NCT04936308,2021.0,2021-2026,PHASE3,drug,3,453.0,INDUSTRY,ACTIVE_NOT_RECRUITING,RANDOMIZED,True,DOUBLE,2.0,True,True,PARALLEL,True,True,True,True,True,False,1,False
NCT04414605,2020.0,2016-2020,EARLY_PHASE1,drug,1,10.0,OTHER,UNKNOWN,NA,False,NONE,0.0,False,False,SINGLE_GROUP,False,False,True,False,False,False,0,
NCT07148414,2025.0,2021-2026,PHASE2,drug,7,285.0,INDUSTRY,ACTIVE_NOT_RECRUITING,RANDOMIZED,True,QUADRUPLE,4.0,True,True,PARALLEL,True,False,True,True,False,False,0,True
NCT00329303,2006.0,<=2015,PHASE2,drug,2,71.0,INDUSTRY,COMPLETED,RANDOMIZED,True,SINGLE,1.0,True,False,PARALLEL,True,False,True,False,True,True,0,False
NCT03445013,2017.0,2016-2020,PHASE1,drug,2,36.0,INDUSTRY,COMPLETED,RANDOMIZED,True,DOUBLE,2.0,True,True,PARALLEL,True,False,True,False,False,False,0,False
NCT03478280,2018.0,2016-2020,PHASE4,drug,2,50.0,OTHER,UNKNOWN,RANDOMIZED,True,TRIPLE,3.0,True,True,PARALLEL,False,True,True,False,False,False,0,True
NCT00407342,2004.0,<=2015,NA,both,0,14.0,OTHER,COMPLETED,RANDOMIZED,True,NONE,0.0,False,False,SINGLE_GROUP,False,False,True,False,False,False,1,False
NCT03504852,2018.0,2016-2020,PHASE3,drug,3,331.0,INDUSTRY,COMPLETED,RANDOMIZED,True,QUADRUPLE,4.0,True,True,PARALLEL,True,True,False,True,True,False,1,False
NCT04102449,2020.0,2016-2020,PHASE4,drug,1,0.0,OTHER,WITHDRAWN,NA,False,NONE,0.0,False,False,SINGLE_GROUP,False,True,False,False,False,False,0,
NCT03991936,2020.0,2016-2020,PHASE4,drug,5,11.0,OTHER,COMPLETED,RANDOMIZED,True,DOUBLE,2.0,True,True,PARALLEL,False,True,True,True,True,False,0,False
NCT00925574,2009.0,<=2015,PHASE1,drug,0,71.0,INDUSTRY,COMPLETED,RANDOMIZED,True,DOUBLE,2.0,True,True,SINGLE_GROUP,True,False,True,False,False,False,0,False
NCT01937260,2013.0,<=2015,PHASE1,drug,2,31.0,INDUSTRY,COMPLETED,RANDOMIZED,True,NONE,0.0,False,False,PARALLEL,True,False,False,False,True,False,0,False
NCT02186665,2014.0,<=2015,PHASE4,drug,2,19.0,INDUSTRY,COMPLETED,RANDOMIZED,True,QUADRUPLE,4.0,True,True,PARALLEL,False,True,True,False,True,False,0,
NCT04123795,2020.0,2016-2020,PHASE3,drug,3,49.0,INDUSTRY,ACTIVE_NOT_RECRUITING,RANDOMIZED,True,QUADRUPLE,4.0,True,True,PARALLEL,False,True,True,True,False,False,0,True
NCT02412644,2015.0,<=2015,PHASE4,drug,2,29.0,OTHER,COMPLETED,RANDOMIZED,True,QUADRUPLE,4.0,True,True,PARALLEL,False,True,True,False,True,False,0,False
NCT05072886,2022.0,2021-2026,PHASE1,drug,2,34.0,INDUSTRY,UNKNOWN,RANDOMIZED,True,QUADRUPLE,4.0,True,True,PARALLEL,True,False,True,False,False,False,0,False
NCT01198509,2010.0,<=2015,NA,drug,3,178.0,OTHER,COMPLETED,RANDOMIZED,True,SINGLE,1.0,True,False,PARALLEL,True,False,False,True,True,True,0,True
NCT02196701,2014.0,<=2015,PHASE3,drug,1,46.0,INDUSTRY,COMPLETED,NA,False,NONE,0.0,False,False,SINGLE_GROUP,False,True,True,False,True,False,0,False
NCT03008590,2018.0,2016-2020,PHASE2,drug,2,29.0,FED,COMPLETED,RANDOMIZED,True,DOUBLE,2.0,True,True,CROSSOVER,False,False,True,False,True,False,1,True
NCT07406035,2026.0,2021-2026,PHASE2,drug,4,156.0,INDUSTRY,NOT_YET_RECRUITING,RANDOMIZED,True,QUADRUPLE,4.0,True,True,PARALLEL,True,False,True,True,False,False,0,
NCT01670513,2012.0,<=2015,PHASE1;PHASE2,drug,2,60.0,INDUSTRY,UNKNOWN,RANDOMIZED,True,SINGLE,1.0,True,False,PARALLEL,True,False,True,False,False,False,0,False
NCT03079973,2017.0,2016-2020,PHASE3,drug,2,0.0,INDUSTRY,WITHDRAWN,RANDOMIZED,True,TRIPLE,3.0,True,True,PARALLEL,False,True,True,False,False,False,0,False
NCT02243787,2014.0,<=2015,PHASE1;PHASE2,drug,2,24.0,INDUSTRY,TERMINATED,RANDOMIZED,True,QUADRUPLE,4.0,True,True,PARALLEL,False,False,True,False,False,False,1,True
NCT00848055,2008.0,<=2015,PHASE1,drug,8,40.0,INDUSTRY,COMPLETED,NON_RANDOMIZED,False,NONE,0.0,False,False,,True,False,True,True,False,False,0,
NCT02160665,2014.0,<=2015,PHASE3,drug,3,866.0,INDUSTRY,COMPLETED,RANDOMIZED,True,TRIPLE,3.0,True,True,PARALLEL,True,True,True,True,False,False,0,False
NCT02400749,2015.0,<=2015,PHASE4,drug,2,100.0,OTHER,COMPLETED,RANDOMIZED,True,QUADRUPLE,4.0,True,True,PARALLEL,True,True,True,False,True,False,0,False
NCT02173392,2014.0,<=2015,PHASE1,drug,2,145.0,INDUSTRY,COMPLETED,RANDOMIZED,True,NONE,0.0,False,False,CROSSOVER,True,False,True,False,True,False,0,False
NCT00763529,2003.0,<=2015,PHASE4,drug,2,245.0,INDUSTRY,COMPLETED,RANDOMIZED,True,NONE,0.0,False,False,PARALLEL,True,True,True,False,False,False,0,False
NCT01098721,2010.0,<=2015,PHASE2,drug,2,61.0,INDUSTRY,COMPLETED,RANDOMIZED,True,TRIPLE,3.0,True,True,PARALLEL,True,False,True,False,False,False,0,True
NCT01313221,2011.0,<=2015,PHASE3,drug,2,310.0,INDUSTRY,COMPLETED,RANDOMIZED,True,SINGLE,1.0,True,False,PARALLEL,True,True,True,False,True,False,0,
NCT00090129,2004.0,<=2015,PHASE3,drug,2,854.0,INDUSTRY,TERMINATED,RANDOMIZED,True,DOUBLE,2.0,True,True,PARALLEL,True,True,True,False,False,True,0,
NCT02955693,2016.0,2016-2020,PHASE1,drug,4,32.0,INDUSTRY,COMPLETED,RANDOMIZED,True,NONE,0.0,False,False,CROSSOVER,True,False,True,True,False,False,0,False
NCT00678561,2008.0,<=2015,PHASE2,drug,8,81.0,INDUSTRY,COMPLETED,RANDOMIZED,True,DOUBLE,2.0,True,True,PARALLEL,True,False,True,True,True,False,1,False
NCT02932878,2016.0,2016-2020,PHASE2,drug,1,16.0,INDUSTRY,COMPLETED,NA,False,NONE,0.0,False,False,SINGLE_GROUP,False,False,True,False,True,False,0,False
NCT04607980,2020.0,2016-2020,PHASE3,drug,2,563.0,INDUSTRY,COMPLETED,RANDOMIZED,True,QUADRUPLE,4.0,True,True,PARALLEL,True,True,True,False,True,False,1,True
NCT07516821,2026.0,2021-2026,NA,drug,2,55.0,OTHER,NOT_YET_RECRUITING,RANDOMIZED,True,QUADRUPLE,4.0,True,True,PARALLEL,True,False,True,False,False,False,0,True
NCT02684357,2016.0,2016-2020,PHASE3,drug,3,577.0,INDUSTRY,COMPLETED,RANDOMIZED,True,DOUBLE,2.0,True,True,PARALLEL,True,True,True,True,True,False,6,
NCT03721172,2019.0,2016-2020,PHASE3,drug,3,595.0,INDUSTRY,COMPLETED,RANDOMIZED,True,QUADRUPLE,4.0,True,True,PARALLEL,True,True,True,True,True,False,0,False
NCT00236171,2004.0,<=2015,NA,both,0,14.0,OTHER,COMPLETED,RANDOMIZED,True,TRIPLE,3.0,True,True,SINGLE_GROUP,False,False,True,False,False,False,0,False
NCT01140061,2010.0,<=2015,PHASE1,drug,10,42.0,INDUSTRY,COMPLETED,RANDOMIZED,True,DOUBLE,2.0,True,True,PARALLEL,True,False,True,True,True,False,0,False
NCT05249972,2022.0,2021-2026,PHASE3,drug,3,294.0,INDUSTRY,UNKNOWN,RANDOMIZED,True,TRIPLE,3.0,True,True,PARALLEL,True,True,True,True,False,False,0,False
NCT02982005,2017.0,2016-2020,PHASE3,drug,2,62.0,INDUSTRY,COMPLETED,RANDOMIZED,True,TRIPLE,3.0,True,True,PARALLEL,False,True,True,False,False,False,0,False
NCT07111494,2025.0,2021-2026,PHASE4,drug,2,22.0,OTHER,NOT_YET_RECRUITING,RANDOMIZED,True,NONE,0.0,False,False,PARALLEL,False,True,True,False,False,False,0,False
NCT00746434,2008.0,<=2015,PHASE2,drug,2,0.0,INDUSTRY,WITHDRAWN,RANDOMIZED,True,DOUBLE,2.0,True,True,PARALLEL,False,False,True,False,False,False,0,True
NCT02888236,2016.0,2016-2020,PHASE2,drug,2,36.0,INDUSTRY,COMPLETED,RANDOMIZED,True,QUADRUPLE,4.0,True,True,PARALLEL,False,False,True,False,False,False,0,False
NCT00127842,2005.0,<=2015,PHASE4,drug,1,110.0,INDUSTRY,COMPLETED,NA,False,NONE,0.0,False,False,SINGLE_GROUP,True,True,True,False,True,False,0,
NCT06671496,2025.0,2021-2026,PHASE3,drug,3,600.0,INDUSTRY,RECRUITING,RANDOMIZED,True,QUADRUPLE,4.0,True,True,PARALLEL,True,True,True,True,False,False,0,True
NCT04286607,2020.0,2016-2020,PHASE3,drug,1,333.0,INDUSTRY,COMPLETED,NA,False,NONE,0.0,False,False,SINGLE_GROUP,True,True,True,False,False,False,0,False
NCT00927069,2007.0,<=2015,PHASE3,drug,4,85.0,OTHER,COMPLETED,NON_RANDOMIZED,False,NONE,0.0,False,False,PARALLEL,False,True,True,True,True,False,0,False
NCT07169019,2025.0,2021-2026,EARLY_PHASE1,drug,2,24.0,OTHER,RECRUITING,RANDOMIZED,True,DOUBLE,2.0,True,True,PARALLEL,False,False,False,False,False,True,0,False
NCT02719171,2016.0,2016-2020,PHASE2,drug,5,185.0,INDUSTRY,COMPLETED,RANDOMIZED,True,DOUBLE,2.0,True,True,PARALLEL,True,False,True,True,True,False,2,True
NCT04109976,2019.0,2016-2020,PHASE3,drug,2,214.0,INDUSTRY,COMPLETED,RANDOMIZED,True,NONE,0.0,False,False,PARALLEL,True,True,True,False,True,False,0,False
NCT06723171,2026.0,2021-2026,PHASE2,drug,2,20.0,INDUSTRY,SUSPENDED,RANDOMIZED,True,QUADRUPLE,4.0,True,True,PARALLEL,False,False,True,False,False,False,0,False
NCT02854163,2016.0,2016-2020,PHASE2,drug,1,30.0,OTHER,COMPLETED,NA,False,NONE,0.0,False,False,SINGLE_GROUP,False,False,False,False,False,False,0,True
NCT05028582,2021.0,2021-2026,PHASE3,drug,2,432.0,INDUSTRY,COMPLETED,RANDOMIZED,True,QUADRUPLE,4.0,True,True,PARALLEL,True,True,True,False,True,False,1,False
NCT02969525,2016.0,2016-2020,PHASE2,drug,5,206.0,INDUSTRY,COMPLETED,RANDOMIZED,True,QUADRUPLE,4.0,True,True,PARALLEL,True,False,True,True,True,True,3,True
NCT02514694,2015.0,<=2015,PHASE1,drug,2,27.0,INDUSTRY,COMPLETED,RANDOMIZED,True,SINGLE,1.0,True,False,PARALLEL,False,False,False,False,False,False,0,
NCT01106079,2008.0,<=2015,PHASE3,drug,2,206.0,OTHER,COMPLETED,RANDOMIZED,True,NONE,0.0,False,False,PARALLEL,True,True,True,False,False,False,5,True
NCT04175613,2019.0,2016-2020,PHASE3,drug,1,160.0,INDUSTRY,COMPLETED,NA,False,NONE,0.0,False,False,SINGLE_GROUP,True,True,True,False,False,False,0,True
NCT06125808,2023.0,2021-2026,PHASE2,drug,3,521.0,INDUSTRY,COMPLETED,RANDOMIZED,True,QUADRUPLE,4.0,True,True,PARALLEL,True,False,True,True,False,False,0,True
NCT05730725,2023.0,2021-2026,PHASE2,drug,4,109.0,INDUSTRY,COMPLETED,RANDOMIZED,True,QUADRUPLE,4.0,True,True,PARALLEL,True,False,True,True,True,False,0,True
NCT05282771,2021.0,2021-2026,EARLY_PHASE1,drug,3,402.0,INDUSTRY,COMPLETED,RANDOMIZED,True,SINGLE,1.0,True,False,PARALLEL,True,False,True,True,False,False,0,False
NCT04243486,2020.0,2016-2020,PHASE2,drug,2,22.0,INDUSTRY,COMPLETED,RANDOMIZED,True,QUADRUPLE,4.0,True,True,PARALLEL,False,False,True,False,False,False,0,
NCT06329258,2022.0,2021-2026,PHASE4,drug,2,30.0,OTHER,COMPLETED,NON_RANDOMIZED,False,NONE,0.0,False,False,SINGLE_GROUP,False,True,True,False,False,False,0,False
NCT06562894,2025.0,2021-2026,PHASE2,drug,4,156.0,INDUSTRY,NOT_YET_RECRUITING,RANDOMIZED,True,QUADRUPLE,4.0,True,True,PARALLEL,True,False,True,True,False,False,0,False
NCT01043393,2010.0,<=2015,PHASE2,drug,2,24.0,INDUSTRY,COMPLETED,NON_RANDOMIZED,False,NONE,0.0,False,False,PARALLEL,False,False,True,False,True,False,0,False
NCT03625089,2018.0,2016-2020,NA,drug,2,0.0,OTHER,WITHDRAWN,RANDOMIZED,True,NONE,0.0,False,False,PARALLEL,False,False,False,False,False,False,0,False
NCT02721966,2016.0,2016-2020,PHASE3,drug,3,503.0,INDUSTRY,COMPLETED,RANDOMIZED,True,QUADRUPLE,4.0,True,True,PARALLEL,True,True,True,True,True,False,2,False
NCT00395941,2006.0,<=2015,PHASE2,drug,2,40.0,OTHER,COMPLETED,RANDOMIZED,True,QUADRUPLE,4.0,True,True,PARALLEL,False,False,True,False,False,False,1,True
NCT02295865,2014.0,<=2015,PHASE2,drug,4,62.0,INDUSTRY,COMPLETED,RANDOMIZED,True,DOUBLE,2.0,True,True,PARALLEL,True,False,True,True,False,False,0,False
NCT06011733,2023.0,2021-2026,PHASE3,drug,2,133.0,INDUSTRY,COMPLETED,RANDOMIZED,True,QUADRUPLE,4.0,True,True,PARALLEL,True,True,True,False,True,True,0,False
NCT06103695,2023.0,2021-2026,PHASE4,drug,1,30.0,OTHER,COMPLETED,NA,False,NONE,0.0,False,False,SINGLE_GROUP,False,True,True,False,False,False,0,False
NCT04340076,2020.0,2016-2020,PHASE4,drug,2,244.0,OTHER,COMPLETED,RANDOMIZED,True,NONE,0.0,False,False,PARALLEL,True,True,True,False,False,False,1,False
NCT06380907,2024.0,2021-2026,PHASE2,drug,5,250.0,INDUSTRY,RECRUITING,RANDOMIZED,True,QUADRUPLE,4.0,True,True,PARALLEL,True,False,True,True,False,False,0,False
NCT07141004,2025.0,2021-2026,PHASE4,drug,1,100.0,INDUSTRY,RECRUITING,NA,False,NONE,0.0,False,False,SINGLE_GROUP,True,True,True,False,False,False,0,False
NCT03308799,2017.0,2016-2020,PHASE3,drug,3,794.0,INDUSTRY,COMPLETED,RANDOMIZED,True,SINGLE,1.0,True,False,PARALLEL,True,True,True,True,True,False,4,False
NCT04614298,2021.0,2021-2026,PHASE4,drug,2,0.0,INDUSTRY,WITHDRAWN,RANDOMIZED,True,QUADRUPLE,4.0,True,True,PARALLEL,False,True,True,False,False,False,0,False
NCT03960450,2019.0,2016-2020,PHASE1,drug,4,20.0,INDUSTRY,COMPLETED,RANDOMIZED,True,TRIPLE,3.0,True,True,SEQUENTIAL,False,False,True,True,False,False,0,
NCT01321164,2011.0,<=2015,PHASE3,both,2,30.0,OTHER,COMPLETED,RANDOMIZED,True,SINGLE,1.0,True,False,PARALLEL,False,True,True,False,False,False,0,True
NCT00248456,2005.0,<=2015,PHASE4,drug,0,320.0,INDUSTRY,COMPLETED,RANDOMIZED,True,DOUBLE,2.0,True,True,PARALLEL,True,True,True,False,False,False,0,
NCT00691002,2008.0,<=2015,PHASE3,drug,4,1245.0,INDUSTRY,COMPLETED,RANDOMIZED,True,DOUBLE,2.0,True,True,PARALLEL,True,True,True,True,True,False,0,False
NCT01553058,2012.0,<=2015,PHASE4,drug,3,97.0,OTHER,COMPLETED,RANDOMIZED,True,TRIPLE,3.0,True,True,FACTORIAL,False,True,True,True,True,False,2,True
NCT00384098,2006.0,<=2015,PHASE2,drug,0,140.0,INDUSTRY,COMPLETED,RANDOMIZED,True,DOUBLE,2.0,True,True,PARALLEL,True,False,True,False,False,False,0,False
NCT04183881,2016.0,2016-2020,PHASE4,drug,1,138.0,INDUSTRY,COMPLETED,NA,False,NONE,0.0,False,False,SINGLE_GROUP,True,True,True,False,False,False,0,False
NCT03656627,2019.0,2016-2020,PHASE1,drug,2,7.0,OTHER,TERMINATED,NON_RANDOMIZED,False,NONE,0.0,False,False,PARALLEL,False,False,True,False,False,False,0,True
NCT03392168,2017.0,2016-2020,PHASE1;PHASE2,drug,4,91.0,INDUSTRY,COMPLETED,RANDOMIZED,True,DOUBLE,2.0,True,True,PARALLEL,True,False,True,True,True,False,2,
NCT01736696,2002.0,<=2015,PHASE1,drug,6,59.0,INDUSTRY,COMPLETED,RANDOMIZED,True,TRIPLE,3.0,True,True,PARALLEL,True,False,True,True,True,False,0,False
NCT01948271,2013.0,<=2015,PHASE1,drug,1,3.0,OTHER,TERMINATED,NA,False,NONE,0.0,False,False,SINGLE_GROUP,False,False,True,False,False,False,0,False
NCT07410793,2026.0,2021-2026,PHASE2,both,2,28.0,OTHER,RECRUITING,RANDOMIZED,True,SINGLE,1.0,True,False,PARALLEL,False,False,True,False,False,False,0,False
NCT00593177,2007.0,<=2015,PHASE2,drug,3,61.0,INDUSTRY,COMPLETED,RANDOMIZED,True,QUADRUPLE,4.0,True,True,PARALLEL,True,False,True,True,False,False,0,False
NCT01365455,2011.0,<=2015,PHASE3,drug,5,738.0,INDUSTRY,COMPLETED,RANDOMIZED,True,QUADRUPLE,4.0,True,True,PARALLEL,True,True,True,True,True,False,9,
NCT00755196,2008.0,<=2015,PHASE2,drug,2,30.0,INDUSTRY,COMPLETED,RANDOMIZED,True,TRIPLE,3.0,True,True,PARALLEL,False,False,True,False,True,False,0,False
NCT04271540,2020.0,2016-2020,PHASE4,drug,1,36.0,OTHER,COMPLETED,NA,False,NONE,0.0,False,False,SINGLE_GROUP,False,True,True,False,True,False,0,False
NCT00867100,2007.0,<=2015,PHASE1,drug,4,84.0,INDUSTRY,COMPLETED,RANDOMIZED,True,TRIPLE,3.0,True,True,PARALLEL,True,False,True,True,True,False,1,False
NCT04347473,2020.0,2016-2020,PHASE4,drug,1,25.0,OTHER,RECRUITING,NA,False,NONE,0.0,False,False,SINGLE_GROUP,False,True,True,False,False,False,0,
NCT01636687,2012.0,<=2015,PHASE3,drug,3,182.0,INDUSTRY,COMPLETED,RANDOMIZED,True,QUADRUPLE,4.0,True,True,PARALLEL,True,True,True,True,True,False,6,True
NCT04106804,2018.0,2016-2020,PHASE4,drug,0,20.0,OTHER,UNKNOWN,NON_RANDOMIZED,False,NONE,0.0,False,False,SINGLE_GROUP,False,True,False,False,False,False,0,False
NCT03025542,2016.0,2016-2020,PHASE2,drug,2,49.0,INDUSTRY,COMPLETED,RANDOMIZED,True,DOUBLE,2.0,True,True,PARALLEL,False,False,True,False,True,True,0,True
NCT03478787,2018.0,2016-2020,PHASE3,drug,2,327.0,INDUSTRY,COMPLETED,RANDOMIZED,True,SINGLE,1.0,True,False,PARALLEL,True,True,True,False,True,False,1,False
NCT04417114,2021.0,2021-2026,PHASE4,drug,1,0.0,OTHER,WITHDRAWN,NA,False,NONE,0.0,False,False,SINGLE_GROUP,False,True,False,False,False,False,0,False
NCT02558361,2016.0,2016-2020,PHASE4,drug,1,0.0,OTHER,WITHDRAWN,NA,False,NONE,0.0,False,False,SINGLE_GROUP,False,True,True,False,False,False,0,False
NCT01763424,2011.0,<=2015,PHASE2;PHASE3,drug,2,66.0,OTHER,COMPLETED,RANDOMIZED,True,TRIPLE,3.0,True,True,PARALLEL,False,True,True,False,False,False,0,False
NCT04274595,2020.0,2016-2020,NA,drug,1,8.0,OTHER,COMPLETED,NA,False,NONE,0.0,False,False,SINGLE_GROUP,False,False,True,False,False,False,0,
NCT06628206,2024.0,2021-2026,PHASE1,drug,2,48.0,INDUSTRY,RECRUITING,RANDOMIZED,True,TRIPLE,3.0,True,True,PARALLEL,True,False,True,False,False,False,0,True
NCT01866592,2013.0,<=2015,PHASE4,drug,1,81.0,OTHER,COMPLETED,NA,False,NONE,0.0,False,False,SINGLE_GROUP,False,True,True,False,True,False,1,True
NCT02029495,2014.0,<=2015,PHASE3,drug,3,478.0,INDUSTRY,TERMINATED,RANDOMIZED,True,QUADRUPLE,4.0,True,True,PARALLEL,True,True,True,True,True,False,0,True
NCT02814175,2016.0,2016-2020,PHASE4,drug,6,246.0,INDUSTRY,COMPLETED,RANDOMIZED,True,NONE,0.0,False,False,PARALLEL,True,True,True,True,True,False,1,False
NCT05427175,2022.0,2021-2026,PHASE4,drug,3,30.0,OTHER,UNKNOWN,RANDOMIZED,True,SINGLE,1.0,True,False,PARALLEL,False,True,True,True,False,False,0,
NCT00109317,2002.0,<=2015,PHASE3,drug,0,686.0,INDUSTRY,COMPLETED,RANDOMIZED,True,DOUBLE,2.0,True,True,PARALLEL,True,True,True,False,False,False,0,
NCT03731091,2018.0,2016-2020,PHASE3,drug,3,494.0,INDUSTRY,COMPLETED,RANDOMIZED,True,QUADRUPLE,4.0,True,True,PARALLEL,True,True,True,True,False,False,0,False
NCT01908595,2013.0,<=2015,PHASE3,drug,1,480.0,INDUSTRY,COMPLETED,NON_RANDOMIZED,False,NONE,0.0,False,False,SINGLE_GROUP,True,True,True,False,False,False,0,False
NCT04108468,2015.0,<=2015,PHASE3,drug,2,84.0,OTHER,COMPLETED,RANDOMIZED,True,DOUBLE,2.0,True,True,PARALLEL,False,True,True,False,True,False,1,True
NCT02618759,2015.0,<=2015,PHASE3,drug,2,119.0,INDUSTRY,COMPLETED,RANDOMIZED,True,QUADRUPLE,4.0,True,True,PARALLEL,True,True,True,False,True,False,0,False
NCT05858632,2023.0,2021-2026,PHASE4,drug,1,10.0,OTHER,RECRUITING,NA,False,NONE,0.0,False,False,SINGLE_GROUP,False,True,False,False,False,False,0,False
NCT06042920,2023.0,2021-2026,PHASE4,drug,2,130.0,INDUSTRY,TERMINATED,RANDOMIZED,True,DOUBLE,2.0,True,True,PARALLEL,True,True,True,False,True,False,0,False
NCT02258282,2014.0,<=2015,NA,drug,2,80.0,OTHER,UNKNOWN,RANDOMIZED,True,SINGLE,1.0,True,False,PARALLEL,True,False,True,False,False,False,0,True
NCT01558310,2012.0,<=2015,PHASE4,drug,2,30.0,INDIV,UNKNOWN,RANDOMIZED,True,TRIPLE,3.0,True,True,CROSSOVER,False,True,True,False,False,False,0,False
NCT04071106,2019.0,2016-2020,PHASE2;PHASE3,both,5,50.0,OTHER_GOV,UNKNOWN,RANDOMIZED,True,DOUBLE,2.0,True,True,PARALLEL,False,True,True,True,False,False,0,True
NCT02527421,2015.0,<=2015,PHASE3,drug,2,3.0,INDUSTRY,TERMINATED,RANDOMIZED,True,NONE,0.0,False,False,PARALLEL,False,True,True,False,True,False,0,False
NCT02432040,2013.0,<=2015,PHASE2,drug,2,28.0,NETWORK,COMPLETED,RANDOMIZED,True,TRIPLE,3.0,True,True,PARALLEL,False,False,True,False,True,False,0,True
NCT03004768,2017.0,2016-2020,PHASE1,drug,1,6.0,INDUSTRY,COMPLETED,NA,False,NONE,0.0,False,False,SINGLE_GROUP,False,False,True,False,False,False,0,
NCT01245140,2011.0,<=2015,PHASE2,drug,2,33.0,INDUSTRY,COMPLETED,RANDOMIZED,True,QUADRUPLE,4.0,True,True,PARALLEL,False,False,True,False,True,False,0,False
NCT02550080,2015.0,<=2015,PHASE4,drug,2,3130.0,OTHER,UNKNOWN,RANDOMIZED,True,DOUBLE,2.0,True,True,PARALLEL,True,True,True,False,False,False,0,False
NCT02970331,2019.0,2016-2020,PHASE2,drug,1,0.0,INDUSTRY,WITHDRAWN,NA,False,NONE,0.0,False,False,SINGLE_GROUP,False,False,True,False,False,False,0,False
NCT03441789,2017.0,2016-2020,PHASE4,drug,2,28.0,OTHER,COMPLETED,RANDOMIZED,True,SINGLE,1.0,True,False,PARALLEL,False,True,True,False,True,False,0,
NCT04629950,2021.0,2021-2026,PHASE2,drug,4,41.0,OTHER,COMPLETED,RANDOMIZED,True,TRIPLE,3.0,True,True,PARALLEL,False,False,True,True,True,False,0,False
NCT00235820,2005.0,<=2015,PHASE3,drug,3,271.0,INDUSTRY,COMPLETED,RANDOMIZED,True,DOUBLE,2.0,True,True,PARALLEL,True,True,True,True,False,False,1,False
NCT01539915,2007.0,<=2015,PHASE1,drug,1,12.0,INDUSTRY,COMPLETED,NA,False,,,False,False,SINGLE_GROUP,False,False,False,False,False,False,0,
NCT04227288,2021.0,2021-2026,PHASE4,drug,1,6.0,OTHER,COMPLETED,NA,False,NONE,0.0,False,False,SINGLE_GROUP,False,True,True,False,True,False,0,False
NCT02203032,2014.0,<=2015,PHASE3,drug,3,872.0,INDUSTRY,COMPLETED,RANDOMIZED,True,TRIPLE,3.0,True,True,PARALLEL,True,True,True,True,True,False,2,True
NCT03556202,2018.0,2016-2020,PHASE3,drug,3,1936.0,INDUSTRY,TERMINATED,NON_RANDOMIZED,False,NONE,0.0,False,False,SINGLE_GROUP,True,True,True,True,True,False,1,True
NCT05725057,2023.0,2021-2026,PHASE1;PHASE2,drug,2,31.0,INDUSTRY,COMPLETED,RANDOMIZED,True,TRIPLE,3.0,True,True,PARALLEL,False,False,True,False,False,False,0,True
NCT01300052,2011.0,<=2015,PHASE2,drug,2,68.0,INDUSTRY,COMPLETED,RANDOMIZED,True,QUADRUPLE,4.0,True,True,PARALLEL,True,False,True,False,True,False,0,False
NCT00881868,2009.0,<=2015,PHASE4,drug,2,81.0,INDUSTRY,COMPLETED,RANDOMIZED,True,TRIPLE,3.0,True,True,PARALLEL,False,True,True,False,True,False,0,False
NCT05523011,2022.0,2021-2026,PHASE1,drug,1,10.0,INDUSTRY,COMPLETED,NA,False,NONE,0.0,False,False,SINGLE_GROUP,False,False,True,False,True,False,0,True
NCT01971346,2014.0,<=2015,PHASE4,drug,1,50.0,OTHER,COMPLETED,NA,False,NONE,0.0,False,False,SINGLE_GROUP,False,True,True,False,True,False,0,False
NCT02193815,2014.0,<=2015,PHASE1,drug,1,15.0,INDUSTRY,COMPLETED,RANDOMIZED,True,DOUBLE,2.0,True,True,PARALLEL,False,False,True,False,True,False,0,False
NCT06336343,2024.0,2021-2026,PHASE4,drug,1,60.0,OTHER,COMPLETED,NA,False,NONE,0.0,False,False,SINGLE_GROUP,False,True,True,False,False,False,0,False
NCT06454188,2024.0,2021-2026,PHASE4,drug,2,100.0,INDUSTRY,RECRUITING,RANDOMIZED,True,QUADRUPLE,4.0,True,True,PARALLEL,True,True,True,False,False,False,0,False
NCT01860976,2013.0,<=2015,PHASE3,drug,2,489.0,INDUSTRY,COMPLETED,RANDOMIZED,True,QUADRUPLE,4.0,True,True,PARALLEL,True,True,True,False,True,False,3,False
NCT03320876,2017.0,2016-2020,PHASE2,drug,1,122.0,INDUSTRY,TERMINATED,NA,False,NONE,0.0,False,False,SINGLE_GROUP,True,False,True,False,False,False,0,False
NCT03151551,2017.0,2016-2020,PHASE4,drug,2,566.0,INDUSTRY,COMPLETED,RANDOMIZED,True,SINGLE,1.0,True,False,PARALLEL,True,True,True,False,True,False,6,False
NCT01451905,2011.0,<=2015,NA,drug,2,12.0,OTHER,UNKNOWN,RANDOMIZED,True,QUADRUPLE,4.0,True,True,PARALLEL,False,False,False,False,False,False,0,
NCT01585233,2012.0,<=2015,PHASE2,drug,5,60.0,INDUSTRY,COMPLETED,RANDOMIZED,True,DOUBLE,2.0,True,True,PARALLEL,True,False,True,True,False,False,0,False
NCT05352893,2022.0,2021-2026,PHASE3,drug,3,45.0,INDUSTRY,COMPLETED,RANDOMIZED,True,QUADRUPLE,4.0,True,True,PARALLEL,False,True,True,True,True,False,1,True
NCT01116895,2010.0,<=2015,PHASE2,drug,4,63.0,INDUSTRY,COMPLETED,RANDOMIZED,True,DOUBLE,2.0,True,True,PARALLEL,True,False,True,True,True,False,0,True
NCT03718884,2018.0,2016-2020,PHASE1,drug,2,29.0,INDUSTRY,COMPLETED,NON_RANDOMIZED,False,NONE,0.0,False,False,SEQUENTIAL,False,False,False,False,True,False,0,False
NCT04776629,2021.0,2021-2026,PHASE2,drug,2,77.0,INDUSTRY,COMPLETED,RANDOMIZED,True,QUADRUPLE,4.0,True,True,PARALLEL,True,False,True,False,True,False,1,
NCT00106834,,,PHASE3,drug,0,378.0,INDUSTRY,COMPLETED,RANDOMIZED,True,DOUBLE,2.0,True,True,CROSSOVER,True,True,True,False,False,True,0,
NCT07626788,2026.0,2021-2026,NA,drug,2,140.0,OTHER,NOT_YET_RECRUITING,RANDOMIZED,True,DOUBLE,2.0,True,True,PARALLEL,True,False,True,False,False,False,0,True
NCT00454584,2007.0,<=2015,PHASE3,drug,3,903.0,INDUSTRY,COMPLETED,RANDOMIZED,True,DOUBLE,2.0,True,True,PARALLEL,True,True,True,True,True,False,2,True
NCT01246583,2011.0,<=2015,PHASE2,drug,4,71.0,INDUSTRY,COMPLETED,RANDOMIZED,True,DOUBLE,2.0,True,True,PARALLEL,True,False,True,True,True,False,1,False
NCT06308393,2024.0,2021-2026,PHASE1,drug,3,98.0,INDUSTRY,ACTIVE_NOT_RECRUITING,RANDOMIZED,True,QUADRUPLE,4.0,True,True,PARALLEL,True,False,True,True,False,False,0,
NCT03796858,2019.0,2016-2020,PHASE3,drug,2,285.0,INDUSTRY,COMPLETED,RANDOMIZED,True,TRIPLE,3.0,True,True,PARALLEL,True,True,True,False,False,False,7,False
NCT04057937,2019.0,2016-2020,PHASE2,drug,2,90.0,INDUSTRY,COMPLETED,RANDOMIZED,True,QUADRUPLE,4.0,True,True,PARALLEL,True,False,True,False,True,False,0,False
NCT02038569,2014.0,<=2015,PHASE2,drug,1,125.0,INDUSTRY,COMPLETED,NA,False,NONE,0.0,False,False,SINGLE_GROUP,True,False,True,False,True,False,0,False
NCT02274792,2015.0,<=2015,PHASE4,drug,1,132.0,INDUSTRY,COMPLETED,NA,False,NONE,0.0,False,False,SINGLE_GROUP,True,True,True,False,True,False,0,False
NCT01260844,2011.0,<=2015,PHASE1,drug,1,12.0,INDUSTRY,WITHDRAWN,NON_RANDOMIZED,False,NONE,0.0,False,False,SINGLE_GROUP,False,False,False,False,False,False,0,False
NCT07090330,2025.0,2021-2026,PHASE2,drug,5,80.0,INDUSTRY,ACTIVE_NOT_RECRUITING,RANDOMIZED,True,DOUBLE,2.0,True,True,PARALLEL,True,False,True,True,False,False,0,True
NCT02555709,2015.0,<=2015,PHASE1;PHASE2,drug,13,74.0,INDUSTRY,COMPLETED,RANDOMIZED,True,TRIPLE,3.0,True,True,FACTORIAL,True,False,True,True,False,False,0,False
NCT00936065,2009.0,<=2015,PHASE4,drug,3,60.0,INDUSTRY,COMPLETED,RANDOMIZED,True,NONE,0.0,False,False,PARALLEL,False,True,True,True,True,False,1,False
NCT02188654,2013.0,<=2015,NA,drug,2,56.0,OTHER,COMPLETED,RANDOMIZED,True,DOUBLE,2.0,True,True,PARALLEL,True,False,True,False,False,False,0,True
NCT01694264,2012.0,<=2015,PHASE3,drug,2,43.0,OTHER,TERMINATED,RANDOMIZED,True,DOUBLE,2.0,True,True,PARALLEL,False,True,False,False,False,False,0,False
NCT00574249,2007.0,<=2015,PHASE3,drug,2,730.0,INDUSTRY,COMPLETED,RANDOMIZED,True,QUADRUPLE,4.0,True,True,PARALLEL,True,True,True,False,True,False,1,False
NCT03145948,2017.0,2016-2020,PHASE1,drug,6,12.0,INDUSTRY,TERMINATED,RANDOMIZED,True,QUADRUPLE,4.0,True,True,SINGLE_GROUP,False,False,False,True,False,False,0,False
NCT07008547,2024.0,2021-2026,PHASE3,drug,2,202.0,INDUSTRY,COMPLETED,RANDOMIZED,True,QUADRUPLE,4.0,True,True,PARALLEL,True,True,True,False,False,False,0,
NCT02559622,2014.0,<=2015,PHASE3,drug,4,151.0,INDUSTRY,COMPLETED,RANDOMIZED,True,QUADRUPLE,4.0,True,True,PARALLEL,True,True,True,True,True,False,0,False
NCT04580537,2020.0,2016-2020,PHASE2,both,2,11.0,OTHER,COMPLETED,RANDOMIZED,True,NONE,0.0,False,False,PARALLEL,False,False,True,False,False,False,0,True
NCT05604898,2021.0,2021-2026,PHASE2,drug,7,139.0,INDUSTRY,UNKNOWN,RANDOMIZED,True,QUADRUPLE,4.0,True,True,PARALLEL,True,False,True,True,False,False,0,False
NCT06878404,2025.0,2021-2026,PHASE3,drug,4,552.0,INDUSTRY,ACTIVE_NOT_RECRUITING,RANDOMIZED,True,DOUBLE,2.0,True,True,PARALLEL,True,True,True,True,False,False,0,True
NCT02004574,2013.0,<=2015,PHASE4,drug,3,201.0,OTHER,COMPLETED,RANDOMIZED,True,NONE,0.0,False,False,PARALLEL,True,True,True,True,False,True,0,False
NCT06011083,2022.0,2021-2026,NA,both,2,40.0,OTHER,COMPLETED,RANDOMIZED,True,SINGLE,1.0,True,False,PARALLEL,True,False,True,False,False,False,0,
NCT05190419,2021.0,2021-2026,PHASE2,drug,4,202.0,INDUSTRY,COMPLETED,RANDOMIZED,True,QUADRUPLE,4.0,True,True,PARALLEL,True,False,True,True,True,False,1,False
NCT00408187,2006.0,<=2015,PHASE3,drug,3,642.0,INDUSTRY,COMPLETED,RANDOMIZED,True,QUADRUPLE,4.0,True,True,PARALLEL,True,True,True,True,False,False,0,True
NCT02564042,2015.0,<=2015,PHASE2,drug,6,227.0,INDUSTRY,COMPLETED,RANDOMIZED,True,DOUBLE,2.0,True,True,PARALLEL,True,False,True,True,True,False,1,True
NCT02483234,2015.0,<=2015,PHASE2,drug,1,40.0,OTHER,COMPLETED,NA,False,NONE,0.0,False,False,SINGLE_GROUP,False,False,True,False,False,False,3,False
NCT03073200,2017.0,2016-2020,PHASE3,drug,3,201.0,INDUSTRY,COMPLETED,RANDOMIZED,True,TRIPLE,3.0,True,True,PARALLEL,True,True,True,True,True,False,1,True
NCT05080218,2021.0,2021-2026,PHASE4,drug,9,841.0,OTHER,COMPLETED,RANDOMIZED,True,NONE,0.0,False,False,PARALLEL,True,True,False,True,False,False,0,False
NCT01935869,2013.0,<=2015,PHASE1,drug,3,224.0,INDUSTRY,COMPLETED,RANDOMIZED,True,SINGLE,1.0,True,False,SINGLE_GROUP,True,False,False,True,False,True,0,False
NCT04630652,2021.0,2021-2026,PHASE4,both,1,24.0,OTHER,COMPLETED,NA,False,NONE,0.0,False,False,SINGLE_GROUP,False,True,True,False,False,False,1,
NCT06425549,2024.0,2021-2026,PHASE3,drug,2,168.0,INDUSTRY,RECRUITING,RANDOMIZED,True,QUADRUPLE,4.0,True,True,PARALLEL,True,True,True,False,False,False,0,True
NCT07532486,2024.0,2021-2026,NA,drug,2,400.0,OTHER,RECRUITING,NON_RANDOMIZED,False,SINGLE,1.0,True,False,PARALLEL,True,False,True,False,False,False,0,
NCT05684744,2023.0,2021-2026,PHASE2;PHASE3,drug,2,30.0,OTHER,COMPLETED,RANDOMIZED,True,DOUBLE,2.0,True,True,PARALLEL,False,True,True,False,False,False,0,
NCT03005964,2016.0,2016-2020,PHASE2,drug,2,74.0,INDUSTRY,COMPLETED,RANDOMIZED,True,TRIPLE,3.0,True,True,PARALLEL,True,False,True,False,False,False,0,False
NCT00096603,2002.0,<=2015,PHASE3,drug,0,450.0,INDUSTRY,COMPLETED,,False,NONE,0.0,False,False,,True,True,True,False,False,False,0,
NCT01268527,2010.0,<=2015,PHASE2,drug,2,30.0,INDUSTRY,COMPLETED,RANDOMIZED,True,,,False,False,PARALLEL,False,False,True,False,True,False,0,
NCT02785185,2016.0,2016-2020,PHASE2,drug,4,150.0,INDUSTRY,COMPLETED,RANDOMIZED,True,QUADRUPLE,4.0,True,True,PARALLEL,True,False,True,True,True,False,1,True
NCT01702324,2012.0,<=2015,PHASE1;PHASE2,drug,1,30.0,INDUSTRY,UNKNOWN,NA,False,NONE,0.0,False,False,SINGLE_GROUP,False,False,True,False,False,False,0,True
NCT00428974,2007.0,<=2015,PHASE2,drug,4,76.0,INDUSTRY,COMPLETED,RANDOMIZED,True,QUADRUPLE,4.0,True,True,PARALLEL,True,False,True,True,True,True,0,False
NCT06870500,2025.0,2021-2026,NA,drug,3,50.0,OTHER,RECRUITING,RANDOMIZED,True,NONE,0.0,False,False,PARALLEL,True,False,True,True,False,False,0,True
NCT01745133,2013.0,<=2015,PHASE4,drug,3,63.0,OTHER,COMPLETED,RANDOMIZED,True,SINGLE,1.0,True,False,PARALLEL,False,True,True,True,True,False,0,False
NCT01011621,2010.0,<=2015,PHASE3,drug,2,170.0,INDUSTRY,UNKNOWN,RANDOMIZED,True,NONE,0.0,False,False,PARALLEL,True,True,True,False,False,False,0,True
NCT04549870,2021.0,2021-2026,PHASE2,drug,2,46.0,OTHER,COMPLETED,RANDOMIZED,True,DOUBLE,2.0,True,True,PARALLEL,False,False,True,False,False,False,2,True
NCT06865105,2025.0,2021-2026,PHASE2,drug,3,120.0,INDUSTRY,RECRUITING,RANDOMIZED,True,NONE,0.0,False,False,PARALLEL,True,False,True,True,False,False,0,False
NCT07375654,2024.0,2021-2026,PHASE1,drug,2,32.0,OTHER,COMPLETED,RANDOMIZED,True,SINGLE,1.0,True,False,PARALLEL,True,False,True,False,False,False,0,True
NCT06182384,2023.0,2021-2026,PHASE1,drug,2,46.0,INDUSTRY,COMPLETED,RANDOMIZED,True,NONE,0.0,False,False,CROSSOVER,True,False,True,False,False,False,1,
NCT01276639,2011.0,<=2015,PHASE3,drug,3,901.0,INDUSTRY,COMPLETED,RANDOMIZED,True,QUADRUPLE,4.0,True,True,PARALLEL,True,True,True,True,True,False,5,True
NCT01777191,2013.0,<=2015,PHASE3,drug,2,204.0,INDUSTRY,COMPLETED,RANDOMIZED,True,NONE,0.0,False,False,PARALLEL,True,True,True,False,True,True,0,False
NCT07549828,2026.0,2021-2026,NA,drug,1,200.0,OTHER,NOT_YET_RECRUITING,NA,False,NONE,0.0,False,False,SINGLE_GROUP,True,False,False,False,False,False,0,False
NCT04999839,2021.0,2021-2026,PHASE2,drug,5,259.0,INDUSTRY,COMPLETED,RANDOMIZED,True,QUADRUPLE,4.0,True,True,PARALLEL,True,False,True,True,True,False,2,False
NCT07352306,2026.0,2021-2026,PHASE4,drug,2,60.0,OTHER,NOT_YET_RECRUITING,RANDOMIZED,True,QUADRUPLE,4.0,True,True,PARALLEL,False,True,True,False,False,False,0,True
NCT03148860,2016.0,2016-2020,PHASE3,drug,4,186.0,OTHER,COMPLETED,RANDOMIZED,True,TRIPLE,3.0,True,True,PARALLEL,True,True,True,True,False,False,2,True
NCT00563524,2007.0,<=2015,PHASE1,drug,1,76.0,INDUSTRY,COMPLETED,RANDOMIZED,True,QUADRUPLE,4.0,True,True,SINGLE_GROUP,True,False,True,False,True,False,0,False
NCT00715975,2008.0,<=2015,PHASE2;PHASE3,drug,2,140.0,INDUSTRY,COMPLETED,RANDOMIZED,True,DOUBLE,2.0,True,True,PARALLEL,True,True,True,False,False,False,0,False
NCT01936337,2013.0,<=2015,PHASE2,drug,2,59.0,INDUSTRY,COMPLETED,RANDOMIZED,True,QUADRUPLE,4.0,True,True,PARALLEL,True,False,True,False,False,False,0,False
NCT00678756,2008.0,<=2015,PHASE2,drug,0,12.0,OTHER,UNKNOWN,NON_RANDOMIZED,False,NONE,0.0,False,False,PARALLEL,False,False,True,False,False,False,0,True
NCT04612699,2021.0,2021-2026,PHASE2,drug,4,123.0,INDUSTRY,COMPLETED,RANDOMIZED,True,DOUBLE,2.0,True,True,PARALLEL,True,False,True,True,False,False,0,False
NCT03589885,2018.0,2016-2020,PHASE3,drug,4,122.0,INDUSTRY,COMPLETED,RANDOMIZED,True,QUADRUPLE,4.0,True,True,PARALLEL,True,True,True,True,True,False,0,False
NCT07251998,2025.0,2021-2026,PHASE2,drug,4,172.0,INDUSTRY,RECRUITING,RANDOMIZED,True,DOUBLE,2.0,True,True,PARALLEL,True,False,True,True,False,False,0,False
NCT04367441,2019.0,2016-2020,PHASE1,drug,2,62.0,INDUSTRY,UNKNOWN,RANDOMIZED,True,QUADRUPLE,4.0,True,True,PARALLEL,True,False,True,False,False,False,0,False
NCT00759161,2007.0,<=2015,PHASE2,drug,2,35.0,INDUSTRY,COMPLETED,RANDOMIZED,True,TRIPLE,3.0,True,True,PARALLEL,False,False,True,False,True,False,0,False
NCT01474512,2011.0,<=2015,PHASE3,drug,4,1296.0,INDUSTRY,COMPLETED,RANDOMIZED,True,QUADRUPLE,4.0,True,True,PARALLEL,True,True,True,True,True,False,6,True
NCT06934226,2025.0,2021-2026,PHASE3,drug,3,752.0,INDUSTRY,ACTIVE_NOT_RECRUITING,RANDOMIZED,True,DOUBLE,2.0,True,True,PARALLEL,True,True,True,True,False,False,0,True
NCT02999776,2016.0,2016-2020,PHASE1,both,3,30.0,INDUSTRY,UNKNOWN,RANDOMIZED,True,SINGLE,1.0,True,False,PARALLEL,True,False,True,True,False,False,0,True
NCT00116181,2004.0,<=2015,PHASE3,drug,2,30.0,OTHER,COMPLETED,RANDOMIZED,True,NONE,0.0,False,False,PARALLEL,False,True,True,False,False,False,0,False
NCT01091051,2010.0,<=2015,PHASE3,drug,2,33.0,OTHER,TERMINATED,RANDOMIZED,True,QUADRUPLE,4.0,True,True,PARALLEL,False,True,True,False,False,False,0,False
NCT04711343,2022.0,2021-2026,PHASE1,drug,3,216.0,INDUSTRY,COMPLETED,RANDOMIZED,True,QUADRUPLE,4.0,True,True,PARALLEL,True,False,True,True,False,False,0,
NCT05461456,2022.0,2021-2026,PHASE1,drug,1,12.0,INDUSTRY,COMPLETED,NA,False,NONE,0.0,False,False,SINGLE_GROUP,False,False,True,False,False,False,0,False
NCT06088043,2023.0,2021-2026,PHASE3,drug,3,693.0,INDUSTRY,COMPLETED,RANDOMIZED,True,QUADRUPLE,4.0,True,True,PARALLEL,True,True,True,True,False,False,0,True
NCT02515097,2015.0,<=2015,PHASE3,drug,2,213.0,INDUSTRY,COMPLETED,RANDOMIZED,True,QUADRUPLE,4.0,True,True,PARALLEL,True,True,True,False,True,False,0,False
NCT02798211,2016.0,2016-2020,PHASE4,drug,3,258.0,INDUSTRY,COMPLETED,RANDOMIZED,True,DOUBLE,2.0,True,True,PARALLEL,True,True,True,True,True,False,1,False
NCT06808815,2021.0,2021-2026,PHASE1,drug,6,104.0,INDUSTRY,COMPLETED,RANDOMIZED,True,DOUBLE,2.0,True,True,PARALLEL,True,False,True,True,False,False,0,False
NCT06844799,2025.0,2021-2026,PHASE3,drug,4,720.0,INDUSTRY,NOT_YET_RECRUITING,RANDOMIZED,True,TRIPLE,3.0,True,True,PARALLEL,True,True,True,True,False,False,0,False
NCT05239039,2022.0,2021-2026,PHASE3,drug,2,39.0,INDUSTRY,COMPLETED,NON_RANDOMIZED,False,NONE,0.0,False,False,PARALLEL,False,True,True,False,True,False,0,False
NCT03739853,2019.0,2016-2020,PHASE4,drug,3,192.0,OTHER,COMPLETED,RANDOMIZED,True,SINGLE,1.0,True,False,SINGLE_GROUP,True,True,True,True,True,False,1,True
NCT03191539,2017.0,2016-2020,PHASE3,drug,1,56.0,OTHER,UNKNOWN,NA,False,NONE,0.0,False,False,SINGLE_GROUP,False,True,True,False,False,False,0,False
NCT00493324,2007.0,<=2015,PHASE4,drug,1,43.0,INDUSTRY,COMPLETED,NON_RANDOMIZED,False,NONE,0.0,False,False,SINGLE_GROUP,False,True,False,False,False,False,0,False
NCT05172726,2021.0,2021-2026,PHASE3,drug,1,58.0,INDUSTRY,ACTIVE_NOT_RECRUITING,NA,False,NONE,0.0,False,False,SINGLE_GROUP,False,True,True,False,False,False,1,False
NCT00320216,2003.0,<=2015,PHASE2,drug,5,320.0,INDUSTRY,COMPLETED,RANDOMIZED,True,DOUBLE,2.0,True,True,PARALLEL,True,False,True,True,True,False,2,False
NCT00764751,2008.0,<=2015,PHASE2,drug,3,51.0,INDUSTRY,COMPLETED,RANDOMIZED,True,SINGLE,1.0,True,False,PARALLEL,True,False,True,True,True,False,0,False
NCT05531682,2022.0,2021-2026,PHASE2,drug,4,160.0,INDUSTRY,COMPLETED,RANDOMIZED,True,QUADRUPLE,4.0,True,True,PARALLEL,True,False,True,True,False,False,0,False
NCT00243464,2005.0,<=2015,PHASE3,drug,0,300.0,INDUSTRY,COMPLETED,RANDOMIZED,True,SINGLE,1.0,True,False,PARALLEL,True,True,True,False,False,False,0,
NCT03231124,2017.0,2016-2020,PHASE1,drug,2,26.0,INDUSTRY,COMPLETED,RANDOMIZED,True,DOUBLE,2.0,True,True,PARALLEL,False,False,True,False,False,False,0,
NCT02207231,2014.0,<=2015,PHASE3,drug,3,837.0,INDUSTRY,COMPLETED,RANDOMIZED,True,QUADRUPLE,4.0,True,True,PARALLEL,True,True,True,True,True,False,10,True
NCT03343639,2017.0,2016-2020,PHASE2,drug,2,204.0,INDUSTRY,COMPLETED,RANDOMIZED,True,QUADRUPLE,4.0,True,True,PARALLEL,True,False,True,False,True,False,1,False
NCT02462122,2015.0,<=2015,PHASE3,drug,2,215.0,INDUSTRY,COMPLETED,RANDOMIZED,True,QUADRUPLE,4.0,True,True,PARALLEL,True,True,True,False,True,False,0,False
NCT03493269,2018.0,2016-2020,PHASE1,drug,4,72.0,INDUSTRY,COMPLETED,RANDOMIZED,True,QUADRUPLE,4.0,True,True,PARALLEL,True,False,True,True,False,False,1,False
NCT00002286,,,NA,drug,0,,INDUSTRY,COMPLETED,,False,,,False,False,,,False,True,False,False,False,0,
NCT04128007,2020.0,2016-2020,PHASE2,drug,2,304.0,INDUSTRY,COMPLETED,RANDOMIZED,True,QUADRUPLE,4.0,True,True,PARALLEL,True,False,True,False,True,False,0,False
NCT01206660,2010.0,<=2015,PHASE3,drug,2,120.0,INDUSTRY,COMPLETED,RANDOMIZED,True,TRIPLE,3.0,True,True,PARALLEL,True,True,True,False,True,False,0,False
NCT00762658,2007.0,<=2015,PHASE1,drug,6,12.0,INDUSTRY,COMPLETED,RANDOMIZED,True,DOUBLE,2.0,True,True,,False,False,True,True,False,False,0,False
NCT01698333,2012.0,<=2015,PHASE2,drug,1,25.0,INDUSTRY,COMPLETED,NA,False,NONE,0.0,False,False,SINGLE_GROUP,False,False,True,False,True,False,0,False
NCT00988637,2009.0,<=2015,PHASE4,drug,2,138.0,INDUSTRY,COMPLETED,RANDOMIZED,True,SINGLE,1.0,True,False,PARALLEL,True,True,True,False,True,False,2,False
NCT03058744,2015.0,<=2015,PHASE1,drug,4,94.0,INDUSTRY,COMPLETED,RANDOMIZED,True,NONE,0.0,False,False,PARALLEL,True,False,True,True,False,False,0,False
NCT02908347,2016.0,2016-2020,PHASE2,drug,2,46.0,INDUSTRY,COMPLETED,RANDOMIZED,True,QUADRUPLE,4.0,True,True,PARALLEL,False,False,True,False,True,False,0,False
NCT01001468,2009.0,<=2015,PHASE2,drug,3,185.0,INDUSTRY,COMPLETED,RANDOMIZED,True,QUADRUPLE,4.0,True,True,PARALLEL,True,False,True,True,False,False,0,True
NCT03875508,2019.0,2016-2020,PHASE3,both,1,108.0,INDUSTRY,COMPLETED,NA,False,NONE,0.0,False,False,SINGLE_GROUP,True,True,True,False,True,False,0,False
NCT03759197,2018.0,2016-2020,PHASE3,drug,2,206.0,INDUSTRY,COMPLETED,RANDOMIZED,True,QUADRUPLE,4.0,True,True,PARALLEL,True,True,True,False,False,False,0,False
NCT06049810,2023.0,2021-2026,PHASE3,drug,6,566.0,INDUSTRY,COMPLETED,RANDOMIZED,True,TRIPLE,3.0,True,True,PARALLEL,True,True,True,True,False,False,0,False
NCT02248792,2013.0,<=2015,PHASE4,drug,2,50.0,OTHER,UNKNOWN,RANDOMIZED,True,QUADRUPLE,4.0,True,True,PARALLEL,False,True,True,False,False,False,0,False
NCT01761019,2013.0,<=2015,PHASE4,drug,1,8.0,OTHER,COMPLETED,NA,False,NONE,0.0,False,False,SINGLE_GROUP,False,True,True,False,True,False,1,True
NCT06013969,2023.0,2021-2026,PHASE4,drug,1,42.0,INDUSTRY,ACTIVE_NOT_RECRUITING,NA,False,NONE,0.0,False,False,SINGLE_GROUP,False,True,True,False,False,False,0,False
NCT03701763,2018.0,2016-2020,PHASE3,drug,3,245.0,INDUSTRY,COMPLETED,RANDOMIZED,True,QUADRUPLE,4.0,True,True,PARALLEL,True,True,True,True,True,False,0,True
NCT03168256,2018.0,2016-2020,PHASE3,drug,4,528.0,INDUSTRY,COMPLETED,RANDOMIZED,True,QUADRUPLE,4.0,True,True,PARALLEL,True,True,True,True,False,False,1,False
NCT03372811,2015.0,<=2015,PHASE2,drug,2,88.0,INDUSTRY,COMPLETED,RANDOMIZED,True,QUADRUPLE,4.0,True,True,PARALLEL,True,False,True,False,True,True,0,True
NCT02644954,2016.0,2016-2020,PHASE3,drug,2,40.0,OTHER,UNKNOWN,RANDOMIZED,True,QUADRUPLE,4.0,True,True,PARALLEL,False,True,True,False,False,False,0,True
NCT01987843,2013.0,<=2015,PHASE2,drug,4,142.0,INDUSTRY,COMPLETED,RANDOMIZED,True,DOUBLE,2.0,True,True,PARALLEL,True,False,True,True,False,False,0,True
NCT01351805,2010.0,<=2015,NA,drug,4,25871.0,OTHER,COMPLETED,RANDOMIZED,True,TRIPLE,3.0,True,True,FACTORIAL,True,False,False,True,True,True,0,True
NCT01443338,2011.0,<=2015,PHASE4,drug,2,720.0,OTHER_GOV,UNKNOWN,RANDOMIZED,True,DOUBLE,2.0,True,True,PARALLEL,True,True,True,False,False,False,0,True
NCT03816345,2019.0,2016-2020,PHASE1,both,11,300.0,NIH,RECRUITING,NA,False,NONE,0.0,False,False,PARALLEL,True,False,True,True,False,False,1,False
NCT05499416,2023.0,2021-2026,PHASE4,drug,1,0.0,OTHER,WITHDRAWN,NA,False,NONE,0.0,False,False,SINGLE_GROUP,False,True,True,False,False,False,0,False
NCT02548052,2015.0,<=2015,PHASE1,drug,1,15.0,INDUSTRY,COMPLETED,RANDOMIZED,True,TRIPLE,3.0,True,True,SINGLE_GROUP,False,False,True,False,False,False,1,False
NCT01878461,2013.0,<=2015,PHASE3,drug,2,542.0,INDUSTRY,COMPLETED,RANDOMIZED,True,DOUBLE,2.0,True,True,PARALLEL,True,True,True,False,False,False,0,False
NCT00666354,2007.0,<=2015,PHASE2,drug,3,83.0,INDUSTRY,UNKNOWN,RANDOMIZED,True,QUADRUPLE,4.0,True,True,PARALLEL,True,False,True,True,False,False,0,True
NCT01088165,2010.0,<=2015,PHASE4,drug,2,66.0,OTHER,UNKNOWN,RANDOMIZED,True,TRIPLE,3.0,True,True,PARALLEL,False,True,False,False,False,False,0,False
NCT00924950,2009.0,<=2015,PHASE4,drug,2,35.0,OTHER,TERMINATED,NON_RANDOMIZED,False,NONE,0.0,False,False,SINGLE_GROUP,False,True,True,False,True,False,0,False
NCT00773734,2008.0,<=2015,PHASE2,drug,6,352.0,INDUSTRY,COMPLETED,RANDOMIZED,True,QUADRUPLE,4.0,True,True,PARALLEL,True,False,True,True,True,True,1,True
NCT03587194,2018.0,2016-2020,PHASE4,drug,1,50.0,OTHER,COMPLETED,NA,False,NONE,0.0,False,False,SINGLE_GROUP,False,True,True,False,True,False,0,False
NCT03942042,2019.0,2016-2020,PHASE4,drug,1,12.0,INDUSTRY,COMPLETED,NA,False,NONE,0.0,False,False,SINGLE_GROUP,False,True,True,False,True,False,1,False
NCT01537432,2012.0,<=2015,PHASE2,drug,2,36.0,INDUSTRY,COMPLETED,RANDOMIZED,True,DOUBLE,2.0,True,True,PARALLEL,False,False,True,False,True,False,0,False
NCT03988439,2021.0,2021-2026,PHASE4,drug,1,16.0,INDUSTRY,COMPLETED,NA,False,NONE,0.0,False,False,SINGLE_GROUP,False,True,True,False,False,False,0,
NCT07150988,2025.0,2021-2026,PHASE2,drug,3,150.0,INDUSTRY,NOT_YET_RECRUITING,RANDOMIZED,True,QUADRUPLE,4.0,True,True,PARALLEL,True,False,True,True,False,False,0,False
NCT07000630,2025.0,2021-2026,NA,drug,1,3.0,OTHER,TERMINATED,NA,False,NONE,0.0,False,False,SINGLE_GROUP,False,False,True,False,False,False,0,False
NCT06864026,2025.0,2021-2026,PHASE4,drug,1,200.0,INDUSTRY,RECRUITING,NA,False,NONE,0.0,False,False,SINGLE_GROUP,True,True,True,False,False,False,0,False
NCT05565560,2023.0,2021-2026,PHASE3,drug,1,17.0,INDUSTRY,ACTIVE_NOT_RECRUITING,NA,False,NONE,0.0,False,False,SINGLE_GROUP,False,True,True,False,False,False,0,False
NCT02668692,2016.0,2016-2020,PHASE3,drug,2,213.0,INDUSTRY,COMPLETED,RANDOMIZED,True,NONE,0.0,False,False,PARALLEL,True,True,True,False,True,False,0,False
NCT01139580,2010.0,<=2015,PHASE3,drug,2,363.0,INDUSTRY,COMPLETED,RANDOMIZED,True,DOUBLE,2.0,True,True,PARALLEL,True,True,True,False,True,False,0,False
NCT03706209,2018.0,2016-2020,PHASE2,drug,3,155.0,INDUSTRY,COMPLETED,RANDOMIZED,True,QUADRUPLE,4.0,True,True,PARALLEL,True,False,True,True,True,False,0,False
NCT01368887,2013.0,<=2015,PHASE2,drug,4,160.0,INDUSTRY,SUSPENDED,RANDOMIZED,True,DOUBLE,2.0,True,True,PARALLEL,True,False,True,True,False,False,0,True
NCT06738277,2025.0,2021-2026,PHASE1,drug,2,186.0,INDUSTRY,COMPLETED,RANDOMIZED,True,NONE,0.0,False,False,PARALLEL,True,False,True,False,False,False,0,False
NCT05377944,2022.0,2021-2026,PHASE3,drug,2,502.0,INDUSTRY,COMPLETED,RANDOMIZED,True,DOUBLE,2.0,True,True,PARALLEL,True,True,True,False,False,False,1,False
NCT06648772,2024.0,2021-2026,PHASE3,drug,2,190.0,INDUSTRY,COMPLETED,RANDOMIZED,True,QUADRUPLE,4.0,True,True,PARALLEL,True,True,True,False,False,False,0,
NCT04537689,2020.0,2016-2020,PHASE4,drug,2,40.0,OTHER,RECRUITING,NON_RANDOMIZED,False,NONE,0.0,False,False,PARALLEL,False,True,False,False,False,False,0,True
NCT03010527,2016.0,2016-2020,PHASE2,drug,4,217.0,INDUSTRY,COMPLETED,NON_RANDOMIZED,False,QUADRUPLE,4.0,True,True,PARALLEL,True,False,True,True,True,True,0,True
NCT01782664,2013.0,<=2015,PHASE2,drug,5,68.0,INDUSTRY,COMPLETED,RANDOMIZED,True,DOUBLE,2.0,True,True,PARALLEL,True,False,True,True,True,False,0,False
NCT02701205,2015.0,<=2015,PHASE3,drug,3,216.0,INDUSTRY,UNKNOWN,RANDOMIZED,True,TRIPLE,3.0,True,True,PARALLEL,True,True,True,True,False,True,0,False
NCT02973776,2016.0,2016-2020,PHASE1,drug,6,36.0,INDUSTRY,COMPLETED,RANDOMIZED,True,SINGLE,1.0,True,False,SINGLE_GROUP,True,False,True,True,False,False,0,False
NCT01802580,2012.0,<=2015,EARLY_PHASE1,drug,2,40.0,OTHER,COMPLETED,RANDOMIZED,True,SINGLE,1.0,True,False,PARALLEL,True,False,True,False,True,False,0,False
NCT01228409,2010.0,<=2015,PHASE4,drug,1,20.0,OTHER,UNKNOWN,NA,False,NONE,0.0,False,False,SINGLE_GROUP,False,True,True,False,False,False,0,True
NCT04211389,2019.0,2016-2020,PHASE3,drug,2,442.0,INDUSTRY,COMPLETED,RANDOMIZED,True,TRIPLE,3.0,True,True,PARALLEL,True,True,True,False,True,False,3,False
NCT03219437,2018.0,2016-2020,PHASE3,drug,2,104.0,INDUSTRY,COMPLETED,RANDOMIZED,True,DOUBLE,2.0,True,True,PARALLEL,True,True,True,False,False,False,0,False
NCT01121081,2010.0,<=2015,PHASE3,drug,2,0.0,OTHER_GOV,WITHDRAWN,RANDOMIZED,True,DOUBLE,2.0,True,True,PARALLEL,False,True,True,False,False,False,0,False
NCT01875991,2013.0,<=2015,PHASE4,drug,2,217.0,INDUSTRY,COMPLETED,RANDOMIZED,True,NONE,0.0,False,False,CROSSOVER,True,True,True,False,True,False,0,False
NCT04106297,2019.0,2016-2020,PHASE1,drug,8,100.0,INDUSTRY,COMPLETED,RANDOMIZED,True,QUADRUPLE,4.0,True,True,PARALLEL,True,False,False,True,False,False,0,False
NCT00663052,2008.0,<=2015,PHASE4,drug,2,273.0,INDUSTRY,COMPLETED,RANDOMIZED,True,DOUBLE,2.0,True,True,SINGLE_GROUP,True,True,True,False,True,False,2,False
NCT04571567,2019.0,2016-2020,PHASE4,drug,1,20.0,OTHER,COMPLETED,NA,False,NONE,0.0,False,False,SINGLE_GROUP,False,True,True,False,False,False,0,False
NCT05357755,2022.0,2021-2026,PHASE2,drug,3,90.0,INDUSTRY,COMPLETED,RANDOMIZED,True,DOUBLE,2.0,True,True,PARALLEL,True,False,True,True,True,False,0,True
NCT01993433,2013.0,<=2015,PHASE2,drug,2,23.0,INDUSTRY,COMPLETED,RANDOMIZED,True,TRIPLE,3.0,True,True,PARALLEL,False,False,True,False,False,False,0,False
NCT03633396,2019.0,2016-2020,PHASE2,drug,2,59.0,INDUSTRY,COMPLETED,RANDOMIZED,True,DOUBLE,2.0,True,True,PARALLEL,True,False,True,False,True,False,0,False
NCT03675542,2018.0,2016-2020,PHASE1,drug,1,16.0,OTHER,UNKNOWN,NA,False,NONE,0.0,False,False,SINGLE_GROUP,False,False,True,False,False,False,0,
NCT00769184,2008.0,<=2015,NA,drug,2,15.0,INDUSTRY,COMPLETED,RANDOMIZED,True,QUADRUPLE,4.0,True,True,SINGLE_GROUP,False,False,True,False,True,False,0,True
NCT07116967,2025.0,2021-2026,PHASE3,drug,2,3040.0,INDUSTRY,RECRUITING,RANDOMIZED,True,NONE,0.0,False,False,PARALLEL,True,True,True,False,False,False,0,True
NCT06640517,2024.0,2021-2026,PHASE3,drug,3,140.0,INDUSTRY,ACTIVE_NOT_RECRUITING,RANDOMIZED,True,QUADRUPLE,4.0,True,True,PARALLEL,True,True,True,True,False,False,0,True
NCT04811911,2020.0,2016-2020,PHASE4,drug,3,30.0,OTHER,UNKNOWN,RANDOMIZED,True,SINGLE,1.0,True,False,FACTORIAL,False,True,True,True,False,False,0,
NCT00990561,2009.0,<=2015,PHASE4,drug,2,40.0,OTHER,COMPLETED,RANDOMIZED,True,SINGLE,1.0,True,False,PARALLEL,False,True,True,False,True,False,0,True
NCT00106847,2003.0,<=2015,PHASE3,drug,0,683.0,INDUSTRY,COMPLETED,RANDOMIZED,True,DOUBLE,2.0,True,True,PARALLEL,True,True,True,False,False,True,0,
NCT03635099,2018.0,2016-2020,PHASE2,drug,8,274.0,INDUSTRY,COMPLETED,RANDOMIZED,True,DOUBLE,2.0,True,True,PARALLEL,True,False,True,True,True,False,2,True
NCT02630901,2016.0,2016-2020,PHASE1,drug,2,48.0,INDUSTRY,COMPLETED,RANDOMIZED,True,QUADRUPLE,4.0,True,True,PARALLEL,True,False,True,False,False,False,0,False
NCT07663331,2026.0,2021-2026,PHASE4,drug,1,30.0,INDUSTRY,RECRUITING,NA,False,NONE,0.0,False,False,SINGLE_GROUP,False,True,True,False,False,False,0,
NCT03399526,2013.0,<=2015,PHASE1,drug,5,24.0,INDUSTRY,COMPLETED,RANDOMIZED,True,DOUBLE,2.0,True,True,PARALLEL,False,False,True,True,False,False,0,False
NCT02411162,2015.0,<=2015,PHASE1,drug,1,15.0,INDUSTRY,COMPLETED,NON_RANDOMIZED,False,NONE,0.0,False,False,SINGLE_GROUP,False,False,False,False,False,False,0,False
NCT03979664,2021.0,2021-2026,EARLY_PHASE1,both,2,0.0,OTHER,WITHDRAWN,RANDOMIZED,True,SINGLE,1.0,True,False,PARALLEL,False,False,True,False,False,False,0,False
NCT05203315,2022.0,2021-2026,PHASE3,drug,2,21.0,NETWORK,COMPLETED,RANDOMIZED,True,NONE,0.0,False,False,SINGLE_GROUP,False,True,True,False,False,False,0,True
NCT01188928,2010.0,<=2015,PHASE3,drug,4,1152.0,INDUSTRY,COMPLETED,RANDOMIZED,True,DOUBLE,2.0,True,True,PARALLEL,True,True,True,True,True,False,0,False
NCT05332704,2022.0,2021-2026,PHASE1,drug,6,33.0,INDUSTRY,COMPLETED,RANDOMIZED,True,DOUBLE,2.0,True,True,SEQUENTIAL,True,False,True,True,False,False,0,False
NCT00763555,2008.0,<=2015,PHASE2,drug,2,88.0,INDUSTRY,COMPLETED,RANDOMIZED,True,QUADRUPLE,4.0,True,True,PARALLEL,True,False,True,False,True,False,0,
NCT07314060,2026.0,2021-2026,PHASE2,drug,2,36.0,INDUSTRY,RECRUITING,RANDOMIZED,True,QUADRUPLE,4.0,True,True,PARALLEL,False,False,True,False,False,False,0,
NCT06588283,2024.0,2021-2026,PHASE3,drug,2,281.0,INDUSTRY,COMPLETED,RANDOMIZED,True,NONE,0.0,False,False,PARALLEL,True,True,True,False,False,False,1,False
NCT05174065,2022.0,2021-2026,PHASE3,drug,2,176.0,INDUSTRY,COMPLETED,RANDOMIZED,True,DOUBLE,2.0,True,True,PARALLEL,True,True,True,False,True,False,1,False
NCT04372277,2020.0,2016-2020,PHASE4,drug,1,25.0,OTHER,RECRUITING,NA,False,NONE,0.0,False,False,SINGLE_GROUP,False,True,True,False,False,False,0,False
NCT01690299,2012.0,<=2015,PHASE3,drug,3,250.0,INDUSTRY,COMPLETED,RANDOMIZED,True,QUADRUPLE,4.0,True,True,PARALLEL,True,True,True,True,True,False,2,True
NCT02207244,2014.0,<=2015,PHASE3,drug,3,992.0,INDUSTRY,COMPLETED,RANDOMIZED,True,QUADRUPLE,4.0,True,True,PARALLEL,True,True,True,True,True,False,10,True
NCT01882439,2013.0,<=2015,PHASE3,drug,4,395.0,INDUSTRY,COMPLETED,RANDOMIZED,True,TRIPLE,3.0,True,True,PARALLEL,True,True,True,True,True,False,29,True
NCT01794117,2013.0,<=2015,PHASE2,drug,1,18.0,NIH,COMPLETED,NA,False,NONE,0.0,False,False,SINGLE_GROUP,False,False,True,False,True,False,0,False
NCT02690142,2016.0,2016-2020,PHASE1,drug,4,72.0,INDUSTRY,COMPLETED,RANDOMIZED,True,DOUBLE,2.0,True,True,PARALLEL,True,False,True,True,False,False,1,False
NCT01831466,2013.0,<=2015,PHASE2,drug,6,476.0,INDUSTRY,COMPLETED,RANDOMIZED,True,QUADRUPLE,4.0,True,True,PARALLEL,True,False,True,True,True,False,1,True
NCT03065556,2017.0,2016-2020,PHASE2,drug,2,89.0,INDUSTRY,COMPLETED,RANDOMIZED,True,QUADRUPLE,4.0,True,True,PARALLEL,True,False,True,False,False,False,0,False
NCT05514353,2021.0,2021-2026,PHASE1,drug,2,32.0,INDUSTRY,COMPLETED,RANDOMIZED,True,DOUBLE,2.0,True,True,SEQUENTIAL,True,False,True,False,False,False,0,False
NCT00295425,2000.0,<=2015,PHASE2,drug,0,50.0,OTHER,UNKNOWN,RANDOMIZED,True,NONE,0.0,False,False,PARALLEL,True,False,True,False,False,False,0,
NCT01892436,2013.0,<=2015,PHASE3,drug,4,460.0,INDUSTRY,COMPLETED,RANDOMIZED,True,DOUBLE,2.0,True,True,PARALLEL,True,True,True,True,True,False,1,True
NCT00539929,2007.0,<=2015,PHASE2,drug,4,100.0,INDUSTRY,COMPLETED,RANDOMIZED,True,DOUBLE,2.0,True,True,PARALLEL,True,False,True,True,False,False,0,False
NCT02547714,2015.0,<=2015,PHASE4,drug,1,34.0,INDUSTRY,COMPLETED,NON_RANDOMIZED,False,NONE,0.0,False,False,SINGLE_GROUP,False,True,True,False,True,False,0,False
NCT01837576,2013.0,<=2015,PHASE1,drug,1,24.0,INDUSTRY,COMPLETED,NA,False,SINGLE,1.0,True,False,SINGLE_GROUP,False,False,False,False,False,False,0,False
NCT00427609,2007.0,<=2015,PHASE2,drug,2,5.0,OTHER,TERMINATED,RANDOMIZED,True,DOUBLE,2.0,True,True,PARALLEL,False,False,True,False,False,False,0,False
NCT00192452,2001.0,<=2015,PHASE2,drug,0,120.0,INDUSTRY,COMPLETED,RANDOMIZED,True,DOUBLE,2.0,True,True,SINGLE_GROUP,True,False,True,False,False,False,0,
NCT06842199,2025.0,2021-2026,PHASE3,drug,2,383.0,INDUSTRY,RECRUITING,RANDOMIZED,True,QUADRUPLE,4.0,True,True,PARALLEL,True,True,True,False,False,False,0,True
NCT00373516,2004.0,<=2015,PHASE2,drug,0,150.0,INDUSTRY,COMPLETED,RANDOMIZED,True,DOUBLE,2.0,True,True,PARALLEL,True,False,True,False,False,False,1,
NCT02070965,2014.0,<=2015,PHASE2,drug,3,75.0,INDUSTRY,COMPLETED,RANDOMIZED,True,NONE,0.0,False,False,PARALLEL,True,False,True,True,True,False,1,
NCT00216840,2004.0,<=2015,PHASE3,drug,0,1350.0,INDUSTRY,COMPLETED,RANDOMIZED,True,DOUBLE,2.0,True,True,PARALLEL,True,True,True,False,False,False,1,
NCT00110981,2005.0,<=2015,PHASE4,both,1,86.0,INDUSTRY,COMPLETED,NON_RANDOMIZED,False,NONE,0.0,False,False,SINGLE_GROUP,False,True,True,False,False,True,0,
NCT05083078,2021.0,2021-2026,PHASE1,drug,3,11.0,INDUSTRY,TERMINATED,RANDOMIZED,True,NONE,0.0,False,False,PARALLEL,False,False,False,True,False,False,0,False
NCT01229085,2006.0,<=2015,PHASE3,drug,1,71.0,INDUSTRY,COMPLETED,NON_RANDOMIZED,False,NONE,0.0,False,False,SINGLE_GROUP,False,True,True,False,False,False,0,False
NCT06807424,2025.0,2021-2026,PHASE3,drug,3,750.0,INDUSTRY,RECRUITING,RANDOMIZED,True,DOUBLE,2.0,True,True,PARALLEL,True,True,True,True,False,False,0,True
NCT04115020,2020.0,2016-2020,PHASE2,drug,2,0.0,OTHER,WITHDRAWN,RANDOMIZED,True,QUADRUPLE,4.0,True,True,CROSSOVER,False,False,True,False,False,False,0,False
NCT06108544,2023.0,2021-2026,PHASE3,drug,3,1108.0,INDUSTRY,COMPLETED,RANDOMIZED,True,QUADRUPLE,4.0,True,True,PARALLEL,True,True,True,True,False,False,0,True
NCT00141921,2005.0,<=2015,PHASE3,drug,1,182.0,INDUSTRY,COMPLETED,NA,False,NONE,0.0,False,False,SINGLE_GROUP,True,True,True,False,True,False,0,True
NCT05332730,2022.0,2021-2026,PHASE1,drug,3,375.0,INDUSTRY,COMPLETED,RANDOMIZED,True,QUADRUPLE,4.0,True,True,PARALLEL,True,False,True,True,False,False,0,
NCT01938599,2013.0,<=2015,PHASE2,drug,2,92.0,INDUSTRY,COMPLETED,RANDOMIZED,True,TRIPLE,3.0,True,True,PARALLEL,True,False,True,False,False,False,0,False
NCT05064748,2021.0,2021-2026,PHASE4,drug,1,2000.0,OTHER,UNKNOWN,NA,False,NONE,0.0,False,False,SINGLE_GROUP,True,True,True,False,False,False,0,False
NCT04610476,2020.0,2016-2020,PHASE3,drug,2,270.0,OTHER,UNKNOWN,RANDOMIZED,True,NONE,0.0,False,False,PARALLEL,True,True,True,False,False,False,0,
NCT02310750,2014.0,<=2015,PHASE1,drug,3,96.0,INDUSTRY,COMPLETED,RANDOMIZED,True,TRIPLE,3.0,True,True,PARALLEL,True,False,False,True,True,False,3,False
NCT04971239,2021.0,2021-2026,PHASE4,both,3,30.0,OTHER,UNKNOWN,RANDOMIZED,True,NONE,0.0,False,False,PARALLEL,False,True,True,True,False,True,0,
NCT01320293,2011.0,<=2015,NA,drug,1,18.0,OTHER,COMPLETED,NA,False,NONE,0.0,False,False,SINGLE_GROUP,False,False,True,False,True,False,0,False
NCT01022502,2009.0,<=2015,PHASE2,drug,2,38.0,OTHER,COMPLETED,RANDOMIZED,True,SINGLE,1.0,True,False,SINGLE_GROUP,False,False,True,False,True,False,0,True
NCT05055934,2021.0,2021-2026,PHASE2,drug,2,112.0,INDUSTRY,COMPLETED,RANDOMIZED,True,QUADRUPLE,4.0,True,True,PARALLEL,True,False,True,False,False,False,1,
NCT01726933,2012.0,<=2015,PHASE3,drug,3,839.0,INDUSTRY,COMPLETED,RANDOMIZED,True,DOUBLE,2.0,True,True,PARALLEL,True,True,True,True,False,False,1,True
NCT02574091,2015.0,<=2015,PHASE1,drug,8,28.0,INDUSTRY,COMPLETED,RANDOMIZED,True,DOUBLE,2.0,True,True,PARALLEL,False,False,True,True,False,False,0,False
NCT01071252,2010.0,<=2015,PHASE2,drug,5,125.0,INDUSTRY,COMPLETED,RANDOMIZED,True,QUADRUPLE,4.0,True,True,PARALLEL,True,False,True,True,True,False,0,
NCT05504317,2020.0,2016-2020,PHASE1,drug,2,48.0,INDUSTRY,COMPLETED,RANDOMIZED,True,QUADRUPLE,4.0,True,True,PARALLEL,True,False,True,False,False,False,1,False
NCT01212757,2010.0,<=2015,PHASE3,drug,4,488.0,INDUSTRY,COMPLETED,RANDOMIZED,True,QUADRUPLE,4.0,True,True,PARALLEL,True,True,True,True,True,False,5,True
NCT02850965,2016.0,2016-2020,PHASE3,drug,2,318.0,INDUSTRY,COMPLETED,RANDOMIZED,True,DOUBLE,2.0,True,True,PARALLEL,True,True,True,False,True,False,3,
NCT03797872,2019.0,2016-2020,PHASE4,drug,2,1.0,OTHER,COMPLETED,RANDOMIZED,True,SINGLE,1.0,True,False,PARALLEL,False,True,True,False,True,False,1,True
NCT03358134,2014.0,<=2015,PHASE3,drug,1,20.0,OTHER,COMPLETED,NA,False,NONE,0.0,False,False,SINGLE_GROUP,False,True,False,False,False,False,0,False
NCT02458677,2015.0,<=2015,PHASE1,drug,2,40.0,INDUSTRY,COMPLETED,RANDOMIZED,True,QUADRUPLE,4.0,True,True,PARALLEL,True,False,True,False,False,False,0,False
NCT05073315,2021.0,2021-2026,PHASE3,drug,2,425.0,INDUSTRY,COMPLETED,RANDOMIZED,True,DOUBLE,2.0,True,True,PARALLEL,True,True,True,False,True,False,1,True
NCT00230529,,,PHASE2,drug,0,249.0,INDUSTRY,COMPLETED,RANDOMIZED,True,DOUBLE,2.0,True,True,PARALLEL,True,False,True,False,False,True,0,
NCT04305327,2022.0,2021-2026,PHASE3,drug,4,12.0,INDUSTRY,TERMINATED,RANDOMIZED,True,DOUBLE,2.0,True,True,PARALLEL,False,True,True,True,True,False,0,True
NCT03451851,2018.0,2016-2020,PHASE3,drug,4,120.0,INDUSTRY,ACTIVE_NOT_RECRUITING,RANDOMIZED,True,QUADRUPLE,4.0,True,True,PARALLEL,True,True,True,True,True,False,2,True
NCT00150982,2003.0,<=2015,PHASE2,drug,0,9.0,OTHER,COMPLETED,NON_RANDOMIZED,False,NONE,0.0,False,False,SINGLE_GROUP,False,False,True,False,False,False,0,False
NCT06588738,2024.0,2021-2026,PHASE3,drug,3,862.0,INDUSTRY,COMPLETED,RANDOMIZED,True,QUADRUPLE,4.0,True,True,PARALLEL,True,True,True,True,False,False,0,
NCT06982196,2025.0,2021-2026,PHASE3,drug,2,160.0,OTHER,ENROLLING_BY_INVITATION,RANDOMIZED,True,QUADRUPLE,4.0,True,True,PARALLEL,True,True,False,False,False,True,0,False
NCT02735187,2016.0,2016-2020,NA,both,2,51.0,INDUSTRY,COMPLETED,RANDOMIZED,True,SINGLE,1.0,True,False,PARALLEL,True,False,True,False,True,False,0,
NCT00999687,2009.0,<=2015,PHASE2;PHASE3,drug,2,31.0,OTHER,COMPLETED,RANDOMIZED,True,SINGLE,1.0,True,False,SINGLE_GROUP,False,True,True,False,True,False,0,True
NCT00422617,2005.0,<=2015,NA,drug,0,40.0,INDUSTRY,COMPLETED,NON_RANDOMIZED,False,NONE,0.0,False,False,SINGLE_GROUP,True,False,False,False,False,False,0,
NCT07654751,2026.0,2021-2026,PHASE4,both,2,10.0,INDUSTRY,NOT_YET_RECRUITING,NON_RANDOMIZED,False,NONE,0.0,False,False,PARALLEL,False,True,False,False,False,False,0,False
NCT06170840,2023.0,2021-2026,PHASE2,drug,3,160.0,INDUSTRY,UNKNOWN,RANDOMIZED,True,TRIPLE,3.0,True,True,PARALLEL,True,False,True,True,False,False,0,False
NCT02601469,2015.0,<=2015,PHASE2,drug,1,26.0,INDUSTRY,COMPLETED,NA,False,NONE,0.0,False,False,SINGLE_GROUP,False,False,True,False,True,False,0,False
NCT06663332,2024.0,2021-2026,PHASE3,drug,2,196.0,INDUSTRY,RECRUITING,NON_RANDOMIZED,False,NONE,0.0,False,False,PARALLEL,True,True,False,False,False,False,0,False
NCT01646177,2012.0,<=2015,PHASE3,drug,4,1346.0,INDUSTRY,COMPLETED,RANDOMIZED,True,QUADRUPLE,4.0,True,True,PARALLEL,True,True,True,True,True,False,13,True
NCT06555497,2022.0,2021-2026,EARLY_PHASE1,drug,2,2.0,OTHER,COMPLETED,RANDOMIZED,True,QUADRUPLE,4.0,True,True,PARALLEL,False,False,False,False,False,False,0,
NCT01899729,2013.0,<=2015,PHASE2,drug,5,46.0,INDUSTRY,COMPLETED,RANDOMIZED,True,TRIPLE,3.0,True,True,PARALLEL,False,False,True,True,True,False,1,False
NCT01700985,2012.0,<=2015,PHASE2,drug,2,44.0,INDUSTRY,COMPLETED,RANDOMIZED,True,DOUBLE,2.0,True,True,PARALLEL,False,False,True,False,True,False,0,False
NCT02852967,2016.0,2016-2020,PHASE2,drug,5,110.0,INDUSTRY,COMPLETED,RANDOMIZED,True,QUADRUPLE,4.0,True,True,PARALLEL,True,False,True,True,True,False,0,False
NCT03232580,2017.0,2016-2020,PHASE2,drug,1,5.0,INDUSTRY,TERMINATED,NA,False,NONE,0.0,False,False,SINGLE_GROUP,False,False,False,False,True,False,0,True
NCT05185258,2022.0,2021-2026,PHASE4,drug,2,12.0,OTHER,ACTIVE_NOT_RECRUITING,NON_RANDOMIZED,False,NONE,0.0,False,False,SINGLE_GROUP,False,True,False,False,False,False,0,True
NCT00673556,2003.0,<=2015,PHASE3,drug,3,195.0,INDUSTRY,COMPLETED,RANDOMIZED,True,TRIPLE,3.0,True,True,PARALLEL,True,True,True,True,False,False,0,False
NCT01119339,2010.0,<=2015,PHASE2,drug,8,20.0,INDUSTRY,COMPLETED,RANDOMIZED,True,SINGLE,1.0,True,False,FACTORIAL,False,False,True,True,False,False,0,False
NCT00617994,2007.0,<=2015,PHASE2,drug,3,25.0,INDUSTRY,COMPLETED,NON_RANDOMIZED,False,NONE,0.0,False,False,PARALLEL,False,False,True,True,True,False,0,False
NCT02347501,2013.0,<=2015,PHASE2,drug,2,118.0,OTHER,COMPLETED,RANDOMIZED,True,NONE,0.0,False,False,PARALLEL,True,False,True,False,False,True,1,True
NCT02795416,2016.0,2016-2020,PHASE3,drug,1,0.0,INDUSTRY,WITHDRAWN,NA,False,NONE,0.0,False,False,SINGLE_GROUP,False,True,True,False,False,False,0,False
NCT06039189,2023.0,2021-2026,PHASE3,drug,2,338.0,INDUSTRY,COMPLETED,RANDOMIZED,True,DOUBLE,2.0,True,True,PARALLEL,True,True,True,False,True,False,0,False
NCT00645905,2003.0,<=2015,PHASE2,drug,2,148.0,INDUSTRY,COMPLETED,RANDOMIZED,True,DOUBLE,2.0,True,True,PARALLEL,True,False,True,False,False,False,0,False
NCT00626002,2008.0,<=2015,PHASE3,drug,1,2301.0,INDUSTRY,COMPLETED,NON_RANDOMIZED,False,NONE,0.0,False,False,SINGLE_GROUP,True,True,True,False,False,False,0,False
NCT02065713,2014.0,<=2015,PHASE3,drug,2,44.0,OTHER,COMPLETED,RANDOMIZED,True,QUADRUPLE,4.0,True,True,PARALLEL,False,True,True,False,True,False,1,True
NCT03848806,2016.0,2016-2020,PHASE2,drug,2,174.0,INDUSTRY,COMPLETED,RANDOMIZED,True,QUADRUPLE,4.0,True,True,PARALLEL,True,False,True,False,False,False,0,True
NCT01722812,2012.0,<=2015,PHASE2,drug,2,30.0,INDUSTRY,COMPLETED,RANDOMIZED,True,DOUBLE,2.0,True,True,PARALLEL,False,False,True,False,False,False,0,False
NCT01010542,2009.0,<=2015,PHASE1,drug,2,39.0,INDUSTRY,TERMINATED,RANDOMIZED,True,SINGLE,1.0,True,False,,True,False,True,False,True,False,0,False
NCT00115076,2003.0,<=2015,PHASE3,drug,1,31.0,OTHER,COMPLETED,NA,False,NONE,0.0,False,False,SINGLE_GROUP,False,True,True,False,True,False,1,False
NCT05428202,2022.0,2021-2026,PHASE1,drug,2,24.0,OTHER,COMPLETED,RANDOMIZED,True,TRIPLE,3.0,True,True,PARALLEL,False,False,True,False,False,False,1,False
NCT03806790,2019.0,2016-2020,PHASE3,drug,2,182.0,INDUSTRY,COMPLETED,RANDOMIZED,True,NONE,0.0,False,False,PARALLEL,True,True,True,False,True,False,0,False
NCT01347255,2011.0,<=2015,PHASE2,drug,4,24.0,INDUSTRY,COMPLETED,RANDOMIZED,True,SINGLE,1.0,True,False,SINGLE_GROUP,False,False,False,True,True,True,0,False
NCT03322137,2017.0,2016-2020,PHASE2,drug,3,208.0,INDUSTRY,COMPLETED,RANDOMIZED,True,DOUBLE,2.0,True,True,PARALLEL,True,False,True,True,False,False,0,False
NCT00267969,2005.0,<=2015,PHASE3,drug,3,766.0,INDUSTRY,COMPLETED,RANDOMIZED,True,DOUBLE,2.0,True,True,PARALLEL,True,True,True,True,True,False,2,True
NCT00162253,2005.0,<=2015,PHASE2,drug,0,120.0,INDUSTRY,TERMINATED,RANDOMIZED,True,DOUBLE,2.0,True,True,PARALLEL,True,False,True,False,False,False,0,
NCT04595409,2020.0,2016-2020,PHASE3,drug,2,392.0,INDUSTRY,COMPLETED,RANDOMIZED,True,QUADRUPLE,4.0,True,True,PARALLEL,True,True,True,False,False,False,1,
NCT03553433,2018.0,2016-2020,PHASE4,drug,2,90.0,OTHER,UNKNOWN,RANDOMIZED,True,QUADRUPLE,4.0,True,True,PARALLEL,False,True,True,False,False,False,0,False
NCT01866163,2013.0,<=2015,PHASE3,drug,2,426.0,INDUSTRY,COMPLETED,RANDOMIZED,True,QUADRUPLE,4.0,True,True,PARALLEL,True,True,True,False,True,False,4,False
NCT01901705,2013.0,<=2015,PHASE2,drug,2,24.0,OTHER,COMPLETED,RANDOMIZED,True,TRIPLE,3.0,True,True,PARALLEL,False,False,True,False,False,False,1,True
NCT03082729,2017.0,2016-2020,PHASE4,drug,1,70.0,OTHER,COMPLETED,NA,False,NONE,0.0,False,False,SINGLE_GROUP,False,True,True,False,True,False,1,False
NCT02796053,2016.0,2016-2020,PHASE1;PHASE2,drug,2,9.0,INDUSTRY,COMPLETED,RANDOMIZED,True,DOUBLE,2.0,True,True,PARALLEL,False,False,True,False,False,False,0,False
NCT01610596,2011.0,<=2015,PHASE2,drug,2,72.0,INDUSTRY,COMPLETED,RANDOMIZED,True,DOUBLE,2.0,True,True,PARALLEL,True,False,True,False,True,False,0,False
NCT03179605,2017.0,2016-2020,PHASE2,drug,1,22.0,INDUSTRY,TERMINATED,NA,False,NONE,0.0,False,False,SEQUENTIAL,False,False,True,False,True,False,0,False
NCT03540160,2018.0,2016-2020,PHASE3,drug,1,558.0,INDUSTRY,TERMINATED,NA,False,NONE,0.0,False,False,SINGLE_GROUP,True,True,True,False,True,False,0,False
NCT01090427,2010.0,<=2015,PHASE3,drug,3,110.0,INDUSTRY,COMPLETED,RANDOMIZED,True,QUADRUPLE,4.0,True,True,PARALLEL,True,True,True,True,True,False,2,True
NCT01624233,2012.0,<=2015,PHASE3,drug,1,91.0,INDUSTRY,COMPLETED,NA,False,NONE,0.0,False,False,SINGLE_GROUP,False,True,True,False,True,False,2,False
NCT00256139,2003.0,<=2015,PHASE3,drug,0,793.0,INDUSTRY,COMPLETED,RANDOMIZED,True,DOUBLE,2.0,True,True,PARALLEL,True,True,True,False,False,True,1,
NCT06522035,2024.0,2021-2026,PHASE1,drug,2,5.0,INDUSTRY,TERMINATED,NON_RANDOMIZED,False,NONE,0.0,False,False,SEQUENTIAL,False,False,True,False,False,False,0,False
NCT05092269,2021.0,2021-2026,PHASE3,drug,1,159.0,INDUSTRY,ACTIVE_NOT_RECRUITING,NA,False,NONE,0.0,False,False,SINGLE_GROUP,True,True,False,False,False,False,0,False
NCT02886702,2016.0,2016-2020,PHASE3,drug,3,855.0,INDUSTRY,COMPLETED,RANDOMIZED,True,DOUBLE,2.0,True,True,PARALLEL,True,True,True,True,True,False,0,False
NCT01229098,2010.0,<=2015,PHASE2,drug,1,102.0,INDUSTRY,COMPLETED,NA,False,NONE,0.0,False,False,SINGLE_GROUP,True,False,True,False,False,False,1,False
NCT00151008,2003.0,<=2015,PHASE2,drug,0,35.0,OTHER,COMPLETED,RANDOMIZED,True,DOUBLE,2.0,True,True,PARALLEL,False,False,True,False,False,False,0,False
NCT02931838,2016.0,2016-2020,PHASE2,drug,6,268.0,INDUSTRY,COMPLETED,RANDOMIZED,True,DOUBLE,2.0,True,True,PARALLEL,True,False,True,True,True,False,4,True
NCT04018599,2019.0,2016-2020,PHASE1,drug,2,216.0,INDUSTRY,COMPLETED,RANDOMIZED,True,NONE,0.0,False,False,PARALLEL,True,False,False,False,False,False,1,False
NCT04718896,2021.0,2021-2026,PHASE2,drug,2,41.0,INDUSTRY,COMPLETED,RANDOMIZED,True,NONE,0.0,False,False,PARALLEL,False,False,True,False,True,False,0,True
NCT01212770,2010.0,<=2015,PHASE3,drug,4,505.0,INDUSTRY,COMPLETED,RANDOMIZED,True,QUADRUPLE,4.0,True,True,PARALLEL,True,True,True,True,True,True,5,True
NCT06126718,2024.0,2021-2026,PHASE1,drug,2,88.0,INDUSTRY,COMPLETED,RANDOMIZED,True,NONE,0.0,False,False,PARALLEL,True,False,True,False,False,False,0,False
NCT03946826,2015.0,<=2015,NA,drug,4,20.0,OTHER,COMPLETED,RANDOMIZED,True,DOUBLE,2.0,True,True,FACTORIAL,False,False,True,True,False,False,0,True
NCT01899755,2013.0,<=2015,PHASE1,drug,3,45.0,INDUSTRY,COMPLETED,RANDOMIZED,True,DOUBLE,2.0,True,True,PARALLEL,True,False,True,True,False,False,0,False
NCT00824980,2009.0,<=2015,PHASE2,drug,2,24.0,INDUSTRY,UNKNOWN,RANDOMIZED,True,QUADRUPLE,4.0,True,True,PARALLEL,False,False,True,False,False,False,0,False
NCT03638258,2018.0,2016-2020,PHASE2,drug,3,331.0,INDUSTRY,COMPLETED,RANDOMIZED,True,DOUBLE,2.0,True,True,PARALLEL,True,False,True,True,True,False,2,False
NCT03403036,2017.0,2016-2020,PHASE4,drug,1,39.0,OTHER,COMPLETED,NA,False,NONE,0.0,False,False,SINGLE_GROUP,False,True,True,False,True,False,0,True
NCT02698475,2016.0,2016-2020,PHASE3,drug,1,44.0,INDUSTRY,COMPLETED,NA,False,NONE,0.0,False,False,SINGLE_GROUP,False,True,True,False,True,False,1,
NCT00338754,2005.0,<=2015,PHASE2;PHASE3,drug,0,160.0,INDUSTRY,COMPLETED,RANDOMIZED,True,DOUBLE,2.0,True,True,PARALLEL,True,True,True,False,False,False,0,
NCT00427362,2006.0,<=2015,PHASE3,drug,0,127.0,INDUSTRY,COMPLETED,NON_RANDOMIZED,False,NONE,0.0,False,False,SINGLE_GROUP,True,True,True,False,False,False,1,False
NCT03339999,2017.0,2016-2020,PHASE2,drug,4,24.0,INDUSTRY,TERMINATED,RANDOMIZED,True,QUADRUPLE,4.0,True,True,PARALLEL,False,False,True,True,True,False,0,
NCT01766440,2013.0,<=2015,PHASE4,drug,1,18.0,INDUSTRY,COMPLETED,NA,False,NONE,0.0,False,False,SINGLE_GROUP,False,True,True,False,True,False,0,False
NCT00437255,2006.0,<=2015,PHASE4,drug,2,122.0,INDUSTRY,COMPLETED,RANDOMIZED,True,SINGLE,1.0,True,False,PARALLEL,True,True,True,False,False,False,0,False
NCT02976779,2017.0,2016-2020,PHASE1,drug,2,26.0,INDUSTRY,COMPLETED,RANDOMIZED,True,DOUBLE,2.0,True,True,PARALLEL,False,False,True,False,False,False,0,True
NCT04061252,2019.0,2016-2020,PHASE3,drug,2,126.0,INDUSTRY,COMPLETED,RANDOMIZED,True,DOUBLE,2.0,True,True,PARALLEL,True,True,True,False,False,False,1,False
NCT04435600,2020.0,2016-2020,PHASE3,drug,5,139.0,INDUSTRY,COMPLETED,RANDOMIZED,True,SINGLE,1.0,True,False,SEQUENTIAL,True,True,True,True,True,False,0,True
NCT00521339,2007.0,<=2015,PHASE2,drug,1,31.0,INDUSTRY,COMPLETED,NA,False,NONE,0.0,False,False,SINGLE_GROUP,False,False,True,False,True,True,0,True
NCT07712705,2023.0,2021-2026,PHASE3,drug,3,515.0,INDUSTRY,COMPLETED,RANDOMIZED,True,TRIPLE,3.0,True,True,PARALLEL,True,True,True,True,False,False,0,False
NCT02313922,2014.0,<=2015,PHASE4,drug,2,466.0,OTHER,COMPLETED,RANDOMIZED,True,DOUBLE,2.0,True,True,PARALLEL,True,True,True,False,False,False,0,
NCT02576678,2015.0,<=2015,PHASE2,drug,1,42.0,INDUSTRY,COMPLETED,NA,False,NONE,0.0,False,False,SINGLE_GROUP,False,False,True,False,True,True,0,True
NCT02826603,2016.0,2016-2020,PHASE3,drug,2,1114.0,INDUSTRY,COMPLETED,RANDOMIZED,True,QUADRUPLE,4.0,True,True,PARALLEL,True,True,True,False,True,False,4,False
NCT07024602,2025.0,2021-2026,PHASE1,drug,9,94.0,INDUSTRY,RECRUITING,RANDOMIZED,True,QUADRUPLE,4.0,True,True,SEQUENTIAL,True,False,True,True,False,False,0,True
NCT07486960,2026.0,2021-2026,PHASE2,drug,4,140.0,INDUSTRY,RECRUITING,RANDOMIZED,True,QUADRUPLE,4.0,True,True,PARALLEL,True,False,True,True,False,False,0,True
NCT01722331,2012.0,<=2015,PHASE3,drug,3,772.0,INDUSTRY,COMPLETED,RANDOMIZED,True,TRIPLE,3.0,True,True,PARALLEL,True,True,True,True,True,True,8,True
NCT06912165,2024.0,2021-2026,PHASE2,drug,4,140.0,OTHER,RECRUITING,RANDOMIZED,True,DOUBLE,2.0,True,True,PARALLEL,True,False,True,True,False,False,0,
NCT05283135,2022.0,2021-2026,PHASE2,drug,2,20.0,OTHER,COMPLETED,RANDOMIZED,True,TRIPLE,3.0,True,True,PARALLEL,False,False,True,False,True,False,0,
NCT00336973,2006.0,<=2015,PHASE4,drug,1,73.0,INDUSTRY,COMPLETED,NA,False,NONE,0.0,False,False,SINGLE_GROUP,False,True,True,False,True,False,0,
NCT00396422,2006.0,<=2015,PHASE2,drug,0,60.0,INDUSTRY,COMPLETED,RANDOMIZED,True,DOUBLE,2.0,True,True,PARALLEL,True,False,True,False,False,False,0,
NCT04515732,2018.0,2016-2020,PHASE4,drug,2,115.0,OTHER,UNKNOWN,NON_RANDOMIZED,False,NONE,0.0,False,False,PARALLEL,True,True,False,False,False,False,0,True
NCT06295692,2024.0,2021-2026,PHASE3,drug,1,19.0,INDUSTRY,ACTIVE_NOT_RECRUITING,NA,False,NONE,0.0,False,False,SINGLE_GROUP,False,True,True,False,True,False,0,False
NCT03050294,2017.0,2016-2020,PHASE4,drug,4,24.0,OTHER,COMPLETED,RANDOMIZED,True,NONE,0.0,False,False,PARALLEL,False,True,True,True,True,False,0,False
NCT03384745,2018.0,2016-2020,PHASE2,drug,6,313.0,INDUSTRY,COMPLETED,RANDOMIZED,True,TRIPLE,3.0,True,True,PARALLEL,True,False,True,True,True,True,0,True
NCT02368210,2015.0,<=2015,PHASE3,drug,2,151.0,INDUSTRY,COMPLETED,RANDOMIZED,True,DOUBLE,2.0,True,True,PARALLEL,True,True,True,False,True,False,1,False
NCT06376474,2024.0,2021-2026,PHASE1,drug,3,24.0,INDUSTRY,RECRUITING,NON_RANDOMIZED,False,NONE,0.0,False,False,PARALLEL,False,False,True,True,False,False,0,
NCT07265284,2025.0,2021-2026,PHASE3,drug,2,104.0,INDUSTRY,RECRUITING,RANDOMIZED,True,QUADRUPLE,4.0,True,True,PARALLEL,True,True,True,False,False,False,0,False
NCT05044234,2021.0,2021-2026,PHASE2,drug,4,156.0,INDUSTRY,TERMINATED,RANDOMIZED,True,TRIPLE,3.0,True,True,PARALLEL,True,False,True,True,True,False,0,True
NCT03069144,2012.0,<=2015,PHASE1;PHASE2,drug,2,28.0,INDUSTRY,COMPLETED,NON_RANDOMIZED,False,NONE,0.0,False,False,PARALLEL,False,False,True,False,False,False,0,True
NCT00725348,2004.0,<=2015,PHASE2,drug,1,19.0,INDUSTRY,COMPLETED,NON_RANDOMIZED,False,NONE,0.0,False,False,SINGLE_GROUP,False,False,True,False,False,False,0,False
NCT00005922,2000.0,<=2015,NA,drug,3,138.0,OTHER,COMPLETED,RANDOMIZED,True,DOUBLE,2.0,True,True,PARALLEL,True,False,True,True,False,False,0,True
NCT01486017,2011.0,<=2015,PHASE1,drug,3,30.0,INDUSTRY,COMPLETED,RANDOMIZED,True,NONE,0.0,False,False,CROSSOVER,True,False,False,True,False,False,0,False
NCT00697593,2008.0,<=2015,PHASE4,drug,1,70.0,INDUSTRY,TERMINATED,NA,False,NONE,0.0,False,False,SINGLE_GROUP,False,True,True,False,True,False,0,
NCT01235728,2010.0,<=2015,PHASE1,drug,8,24.0,INDUSTRY,COMPLETED,RANDOMIZED,True,TRIPLE,3.0,True,True,CROSSOVER,False,False,True,True,True,False,0,False
NCT01607853,2012.0,<=2015,PHASE2,drug,1,24.0,INDUSTRY,COMPLETED,RANDOMIZED,True,SINGLE,1.0,True,False,SINGLE_GROUP,False,False,False,False,True,False,0,False
NCT01873677,2013.0,<=2015,PHASE3,drug,2,537.0,INDUSTRY,COMPLETED,RANDOMIZED,True,DOUBLE,2.0,True,True,PARALLEL,True,True,True,False,False,False,0,False
NCT02513550,2015.0,<=2015,PHASE3,drug,6,1257.0,INDUSTRY,COMPLETED,RANDOMIZED,True,DOUBLE,2.0,True,True,PARALLEL,True,True,True,True,True,False,0,False
NCT05342428,2022.0,2021-2026,PHASE1,drug,4,73.0,INDUSTRY,COMPLETED,RANDOMIZED,True,DOUBLE,2.0,True,True,PARALLEL,True,False,False,True,False,False,0,False
NCT00205465,2004.0,<=2015,PHASE2,drug,0,64.0,INDUSTRY,COMPLETED,RANDOMIZED,True,DOUBLE,2.0,True,True,PARALLEL,True,False,True,False,False,False,0,
NCT01916629,2013.0,<=2015,NA,drug,2,12.0,INDUSTRY,COMPLETED,RANDOMIZED,True,QUADRUPLE,4.0,True,True,PARALLEL,False,False,True,False,True,False,0,False
NCT03570346,2018.0,2016-2020,PHASE1,drug,2,24.0,INDUSTRY,UNKNOWN,RANDOMIZED,True,DOUBLE,2.0,True,True,PARALLEL,False,False,True,False,False,False,1,False
NCT00833872,2009.0,<=2015,PHASE1,drug,2,58.0,INDUSTRY,COMPLETED,RANDOMIZED,True,DOUBLE,2.0,True,True,PARALLEL,True,False,False,False,False,False,0,False
NCT04837235,2021.0,2021-2026,PHASE1,drug,3,12.0,INDUSTRY,COMPLETED,NON_RANDOMIZED,False,NONE,0.0,False,False,SEQUENTIAL,False,False,True,True,False,False,0,False
NCT04263610,2019.0,2016-2020,PHASE4,drug,3,190.0,INDUSTRY,COMPLETED,RANDOMIZED,True,NONE,0.0,False,False,PARALLEL,True,True,True,True,False,False,0,False
NCT02693470,2014.0,<=2015,PHASE4,drug,1,100.0,OTHER,UNKNOWN,NA,False,NONE,0.0,False,False,SINGLE_GROUP,True,True,True,False,False,False,0,False
NCT05640245,2022.0,2021-2026,PHASE2,drug,5,207.0,INDUSTRY,COMPLETED,RANDOMIZED,True,TRIPLE,3.0,True,True,PARALLEL,True,False,True,True,False,False,1,
NCT03629379,2019.0,2016-2020,PHASE4,drug,2,20.0,OTHER,COMPLETED,NON_RANDOMIZED,False,NONE,0.0,False,False,PARALLEL,False,True,False,False,False,True,0,False
NCT06508372,2024.0,2021-2026,NA,drug,2,30.0,OTHER,NOT_YET_RECRUITING,RANDOMIZED,True,TRIPLE,3.0,True,True,SINGLE_GROUP,True,False,True,False,False,False,0,
NCT01901185,2013.0,<=2015,PHASE3,drug,1,77.0,INDUSTRY,COMPLETED,NA,False,NONE,0.0,False,False,SINGLE_GROUP,False,True,True,False,True,False,0,False
NCT00287118,2004.0,<=2015,PHASE4,drug,1,189.0,INDUSTRY,COMPLETED,NA,False,NONE,0.0,False,False,SINGLE_GROUP,True,True,True,False,True,True,0,
NCT02993328,2018.0,2016-2020,PHASE2,drug,2,0.0,INDUSTRY,WITHDRAWN,RANDOMIZED,True,QUADRUPLE,4.0,True,True,PARALLEL,False,False,True,False,False,False,0,False
NCT03802344,2018.0,2016-2020,PHASE3,drug,3,498.0,INDUSTRY,COMPLETED,RANDOMIZED,True,TRIPLE,3.0,True,True,PARALLEL,True,True,True,True,True,False,3,False
NCT03924427,2019.0,2016-2020,PHASE3,drug,1,74.0,INDUSTRY,COMPLETED,NA,False,NONE,0.0,False,False,SINGLE_GROUP,False,True,True,False,True,False,2,False
NCT02367911,2015.0,<=2015,PHASE3,drug,2,144.0,INDUSTRY,COMPLETED,RANDOMIZED,True,DOUBLE,2.0,True,True,PARALLEL,True,True,True,False,True,False,0,False
NCT06109818,2024.0,2021-2026,PHASE2,drug,3,129.0,INDUSTRY,COMPLETED,RANDOMIZED,True,QUADRUPLE,4.0,True,True,PARALLEL,True,False,True,True,False,False,0,False
NCT03988335,2019.0,2016-2020,PHASE2,drug,2,35.0,INDUSTRY,COMPLETED,RANDOMIZED,True,DOUBLE,2.0,True,True,PARALLEL,False,False,True,False,True,False,1,
NCT04102241,2019.0,2016-2020,PHASE2,drug,4,216.0,INDUSTRY,COMPLETED,RANDOMIZED,True,QUADRUPLE,4.0,True,True,PARALLEL,True,False,True,True,False,False,0,
NCT05223868,2022.0,2021-2026,PHASE2,drug,6,255.0,INDUSTRY,COMPLETED,RANDOMIZED,True,DOUBLE,2.0,True,True,PARALLEL,True,False,True,True,True,False,2,True
NCT00293917,2006.0,<=2015,PHASE3,drug,0,658.0,INDUSTRY,COMPLETED,NON_RANDOMIZED,False,NONE,0.0,False,False,SINGLE_GROUP,True,True,True,False,False,False,0,False
NCT00805480,2008.0,<=2015,PHASE2,drug,4,130.0,INDUSTRY,COMPLETED,RANDOMIZED,True,DOUBLE,2.0,True,True,PARALLEL,True,False,True,True,True,False,0,False
NCT02763969,2016.0,2016-2020,PHASE1,drug,5,357.0,INDUSTRY,COMPLETED,RANDOMIZED,True,QUADRUPLE,4.0,True,True,FACTORIAL,True,False,True,True,False,False,0,True
NCT03201978,2017.0,2016-2020,PHASE1,drug,2,0.0,INDUSTRY,WITHDRAWN,RANDOMIZED,True,DOUBLE,2.0,True,True,SEQUENTIAL,False,False,True,False,False,False,0,False
NCT04755127,2021.0,2021-2026,NA,both,2,80.0,OTHER,UNKNOWN,RANDOMIZED,True,NONE,0.0,False,False,PARALLEL,True,False,True,False,False,False,0,True
NCT07129382,2025.0,2021-2026,PHASE1;PHASE2,drug,5,220.0,INDUSTRY,RECRUITING,RANDOMIZED,True,QUADRUPLE,4.0,True,True,PARALLEL,True,False,True,True,False,False,0,False
NCT01708590,2012.0,<=2015,PHASE3,drug,3,661.0,INDUSTRY,TERMINATED,RANDOMIZED,True,QUADRUPLE,4.0,True,True,PARALLEL,True,True,True,True,True,False,1,True
NCT04399837,2020.0,2016-2020,PHASE2,drug,4,123.0,INDUSTRY,COMPLETED,RANDOMIZED,True,QUADRUPLE,4.0,True,True,PARALLEL,True,False,True,True,True,False,2,True
NCT01247818,2010.0,<=2015,PHASE2,drug,4,99.0,INDUSTRY,COMPLETED,RANDOMIZED,True,SINGLE,1.0,True,False,PARALLEL,True,False,True,True,False,False,0,False
NCT03898583,2019.0,2016-2020,PHASE1,drug,4,15.0,INDUSTRY,COMPLETED,RANDOMIZED,True,SINGLE,1.0,True,False,CROSSOVER,False,False,True,True,False,False,0,False
NCT02518048,2015.0,<=2015,PHASE2,drug,2,35.0,INDUSTRY,COMPLETED,RANDOMIZED,True,SINGLE,1.0,True,False,SINGLE_GROUP,False,False,True,False,True,True,0,False
NCT00658606,2007.0,<=2015,PHASE4,both,2,98.0,INDUSTRY,COMPLETED,RANDOMIZED,True,NONE,0.0,False,False,PARALLEL,False,True,True,False,True,False,0,True
NCT05680740,2022.0,2021-2026,PHASE4,drug,1,34.0,INDUSTRY,COMPLETED,NA,False,NONE,0.0,False,False,SINGLE_GROUP,False,True,True,False,True,False,0,False
NCT07635043,2026.0,2021-2026,PHASE4,drug,2,120.0,OTHER_GOV,NOT_YET_RECRUITING,NON_RANDOMIZED,False,NONE,0.0,False,False,PARALLEL,True,True,True,False,False,False,0,
NCT03736161,2017.0,2016-2020,PHASE3,drug,2,61.0,OTHER,COMPLETED,RANDOMIZED,True,NONE,0.0,False,False,PARALLEL,False,True,True,False,False,True,0,True
NCT00504270,2007.0,<=2015,PHASE2,drug,3,66.0,INDUSTRY,COMPLETED,RANDOMIZED,True,DOUBLE,2.0,True,True,PARALLEL,True,False,True,True,False,False,0,
NCT04991116,2022.0,2021-2026,PHASE3,drug,1,529.0,INDUSTRY,ACTIVE_NOT_RECRUITING,NA,False,NONE,0.0,False,False,SINGLE_GROUP,True,True,True,False,False,False,0,False
NCT06230588,2024.0,2021-2026,PHASE1,drug,2,96.0,INDUSTRY,COMPLETED,RANDOMIZED,True,TRIPLE,3.0,True,True,PARALLEL,True,False,True,False,False,False,0,
NCT03482011,2018.0,2016-2020,PHASE3,drug,2,530.0,INDUSTRY,COMPLETED,RANDOMIZED,True,DOUBLE,2.0,True,True,PARALLEL,True,True,True,False,True,False,1,True
NCT03122353,2017.0,2016-2020,PHASE1,drug,3,699.0,INDUSTRY,COMPLETED,RANDOMIZED,True,DOUBLE,2.0,True,True,PARALLEL,True,False,True,True,False,False,0,False
NCT07290569,2025.0,2021-2026,PHASE2,drug,7,160.0,INDUSTRY,RECRUITING,RANDOMIZED,True,DOUBLE,2.0,True,True,PARALLEL,True,False,True,True,False,False,0,True
NCT00307437,2005.0,<=2015,PHASE3,drug,3,1230.0,INDUSTRY,COMPLETED,RANDOMIZED,True,TRIPLE,3.0,True,True,PARALLEL,True,True,True,True,True,False,2,True
NCT00625326,2008.0,<=2015,PHASE2,drug,5,321.0,INDUSTRY,COMPLETED,RANDOMIZED,True,DOUBLE,2.0,True,True,PARALLEL,True,False,True,True,False,False,0,False
NCT04911751,2021.0,2021-2026,PHASE2,drug,2,80.0,INDUSTRY,COMPLETED,RANDOMIZED,True,DOUBLE,2.0,True,True,PARALLEL,True,False,True,False,False,False,0,False
NCT01536886,2012.0,<=2015,PHASE2,drug,4,376.0,INDUSTRY,COMPLETED,RANDOMIZED,True,TRIPLE,3.0,True,True,PARALLEL,True,False,True,True,True,False,1,False
NCT03668613,2018.0,2016-2020,PHASE3,drug,2,84.0,INDUSTRY,COMPLETED,RANDOMIZED,True,NONE,0.0,False,False,PARALLEL,False,True,True,False,True,False,4,True
NCT05815797,2024.0,2021-2026,PHASE2,drug,2,58.0,OTHER,UNKNOWN,RANDOMIZED,True,TRIPLE,3.0,True,True,PARALLEL,True,False,True,False,False,False,0,True
NCT07486843,2026.0,2021-2026,PHASE4,drug,2,108.0,OTHER,RECRUITING,RANDOMIZED,True,NONE,0.0,False,False,PARALLEL,True,True,True,False,False,False,0,
NCT03886246,2019.0,2016-2020,PHASE2,drug,3,131.0,INDUSTRY,ACTIVE_NOT_RECRUITING,NON_RANDOMIZED,False,NONE,0.0,False,False,SINGLE_GROUP,True,False,True,True,False,False,0,False
NCT01988506,2014.0,<=2015,PHASE2,drug,1,81.0,OTHER,COMPLETED,NA,False,NONE,0.0,False,False,SINGLE_GROUP,True,False,True,False,False,False,1,True
NCT03584360,2018.0,2016-2020,PHASE2,drug,3,30.0,OTHER,COMPLETED,RANDOMIZED,True,SINGLE,1.0,True,False,PARALLEL,False,False,False,True,False,True,0,False
NCT06475586,2023.0,2021-2026,PHASE4,drug,2,30.0,OTHER,COMPLETED,RANDOMIZED,True,DOUBLE,2.0,True,True,PARALLEL,False,True,True,False,False,True,0,True
NCT03956355,2019.0,2016-2020,PHASE3,drug,2,510.0,INDUSTRY,COMPLETED,RANDOMIZED,True,QUADRUPLE,4.0,True,True,PARALLEL,True,True,True,False,True,True,4,False
NCT02088281,2012.0,<=2015,PHASE2,drug,1,20.0,OTHER,COMPLETED,NA,False,NONE,0.0,False,False,SINGLE_GROUP,False,False,True,False,False,False,0,True
NCT06058546,2023.0,2021-2026,PHASE2,drug,3,180.0,INDUSTRY,RECRUITING,RANDOMIZED,True,QUADRUPLE,4.0,True,True,PARALLEL,True,False,True,True,False,False,0,
NCT01133561,2010.0,<=2015,NA,drug,2,48.0,OTHER,COMPLETED,RANDOMIZED,True,DOUBLE,2.0,True,True,PARALLEL,True,False,True,False,False,False,0,True
NCT03212963,2017.0,2016-2020,PHASE4,drug,1,16.0,INDUSTRY,TERMINATED,NA,False,NONE,0.0,False,False,SINGLE_GROUP,False,True,False,False,True,False,0,False
NCT02985736,2016.0,2016-2020,PHASE4,drug,1,20.0,OTHER,COMPLETED,NA,False,NONE,0.0,False,False,SINGLE_GROUP,False,True,True,False,True,False,0,False
NCT03062618,2017.0,2016-2020,PHASE1,drug,6,50.0,OTHER,COMPLETED,RANDOMIZED,True,DOUBLE,2.0,True,True,CROSSOVER,True,False,True,True,False,False,0,False
NCT01029405,2009.0,<=2015,PHASE2,drug,5,145.0,INDUSTRY,COMPLETED,RANDOMIZED,True,QUADRUPLE,4.0,True,True,PARALLEL,True,False,True,True,True,False,0,False
NCT02753218,2016.0,2016-2020,PHASE1,drug,1,12.0,INDUSTRY,TERMINATED,NA,False,NONE,0.0,False,False,SINGLE_GROUP,False,False,False,False,False,False,0,False
NCT01412944,2011.0,<=2015,PHASE3,drug,2,43.0,INDUSTRY,COMPLETED,RANDOMIZED,True,QUADRUPLE,4.0,True,True,PARALLEL,False,True,True,False,True,False,0,
NCT01989689,2010.0,<=2015,PHASE2,drug,2,24.0,OTHER,COMPLETED,RANDOMIZED,True,TRIPLE,3.0,True,True,CROSSOVER,False,False,True,False,True,False,0,True
NCT00111124,,,PHASE4,drug,0,,INDUSTRY,COMPLETED,,False,,,False,False,,,True,True,False,False,True,0,
NCT02715947,2015.0,<=2015,PHASE2,drug,1,400.0,OTHER,UNKNOWN,NA,False,NONE,0.0,False,False,SINGLE_GROUP,True,False,True,False,False,False,0,True
NCT05655299,2022.0,2021-2026,PHASE2,drug,5,222.0,INDUSTRY,TERMINATED,RANDOMIZED,True,QUADRUPLE,4.0,True,True,PARALLEL,True,False,True,True,False,False,0,True
NCT01680159,2012.0,<=2015,PHASE3,drug,1,51.0,INDUSTRY,COMPLETED,NA,False,NONE,0.0,False,False,SINGLE_GROUP,False,True,True,False,True,False,0,False
NCT03331835,2017.0,2016-2020,PHASE4,drug,2,210.0,INDUSTRY,COMPLETED,RANDOMIZED,True,SINGLE,1.0,True,False,PARALLEL,True,True,True,False,True,False,0,False
NCT06176768,2023.0,2021-2026,PHASE2,drug,2,33.0,INDUSTRY,COMPLETED,RANDOMIZED,True,DOUBLE,2.0,True,True,PARALLEL,False,False,True,False,True,False,0,False
NCT01826201,2013.0,<=2015,PHASE2,drug,1,21.0,INDUSTRY,COMPLETED,NA,False,DOUBLE,2.0,True,True,SINGLE_GROUP,False,False,True,False,True,False,0,False
NCT05715125,2023.0,2021-2026,PHASE2,drug,3,205.0,INDUSTRY,TERMINATED,RANDOMIZED,True,QUADRUPLE,4.0,True,True,PARALLEL,True,False,True,True,False,False,0,False
NCT06100744,2024.0,2021-2026,PHASE3,drug,2,40.0,INDUSTRY,RECRUITING,RANDOMIZED,True,SINGLE,1.0,True,False,PARALLEL,False,True,True,False,False,False,0,False
NCT01172938,2010.0,<=2015,PHASE3,drug,4,504.0,INDUSTRY,COMPLETED,RANDOMIZED,True,QUADRUPLE,4.0,True,True,PARALLEL,True,True,True,True,True,True,6,True
NCT04594928,2020.0,2016-2020,PHASE1,drug,3,30.0,INDUSTRY,COMPLETED,RANDOMIZED,True,QUADRUPLE,4.0,True,True,PARALLEL,True,False,False,True,False,False,0,False
NCT04115748,2019.0,2016-2020,PHASE3,drug,6,67.0,INDUSTRY,TERMINATED,RANDOMIZED,True,DOUBLE,2.0,True,True,PARALLEL,False,True,True,True,True,False,0,True
NCT00293930,,,PHASE3,drug,0,645.0,INDUSTRY,COMPLETED,RANDOMIZED,True,DOUBLE,2.0,True,True,PARALLEL,True,True,True,False,False,False,0,
NCT03123471,2017.0,2016-2020,PHASE3,drug,2,303.0,INDUSTRY,COMPLETED,RANDOMIZED,True,QUADRUPLE,4.0,True,True,PARALLEL,True,True,True,False,True,False,2,False
NCT02715960,2015.0,<=2015,PHASE2,drug,1,500.0,OTHER,UNKNOWN,NA,False,NONE,0.0,False,False,SINGLE_GROUP,True,False,True,False,False,False,0,True
NCT02932462,2016.0,2016-2020,PHASE3,drug,2,373.0,INDUSTRY,COMPLETED,RANDOMIZED,True,QUADRUPLE,4.0,True,True,PARALLEL,True,True,True,False,True,False,0,False
NCT05981118,2024.0,2021-2026,PHASE2;PHASE3,drug,2,40.0,OTHER,ENROLLING_BY_INVITATION,RANDOMIZED,True,NONE,0.0,False,False,PARALLEL,False,True,False,False,False,False,0,False
NCT00674063,2003.0,<=2015,PHASE3,drug,2,78.0,INDUSTRY,COMPLETED,RANDOMIZED,True,TRIPLE,3.0,True,True,PARALLEL,False,True,True,False,False,False,0,False
NCT00239720,2006.0,<=2015,PHASE2,drug,2,4.0,NIH,TERMINATED,RANDOMIZED,True,DOUBLE,2.0,True,True,PARALLEL,False,False,True,False,True,False,0,True
NCT04062695,2020.0,2016-2020,PHASE2,drug,2,80.0,OTHER,UNKNOWN,RANDOMIZED,True,QUADRUPLE,4.0,True,True,PARALLEL,True,False,True,False,False,False,1,True
NCT01237262,2010.0,<=2015,PHASE4,drug,1,20.0,OTHER,UNKNOWN,NA,False,NONE,0.0,False,False,SINGLE_GROUP,False,True,False,False,False,False,0,True
NCT00293891,,,PHASE3,drug,0,658.0,INDUSTRY,COMPLETED,RANDOMIZED,True,DOUBLE,2.0,True,True,PARALLEL,True,True,True,False,False,False,0,
NCT02416258,2015.0,<=2015,PHASE2,drug,6,50.0,INDUSTRY,COMPLETED,RANDOMIZED,True,SINGLE,1.0,True,False,SINGLE_GROUP,True,False,True,True,False,False,0,False
NCT03022617,2017.0,2016-2020,PHASE4,drug,1,12.0,OTHER,COMPLETED,NA,False,NONE,0.0,False,False,SINGLE_GROUP,False,True,True,False,True,False,0,False
NCT02607774,2015.0,<=2015,PHASE1,drug,1,25.0,INDUSTRY,COMPLETED,NA,False,NONE,0.0,False,False,SINGLE_GROUP,False,False,False,False,False,False,0,False
NCT03922607,2019.0,2016-2020,PHASE1,drug,5,65.0,INDUSTRY,COMPLETED,RANDOMIZED,True,QUADRUPLE,4.0,True,True,SEQUENTIAL,True,False,True,True,False,False,1,False
NCT01018134,2009.0,<=2015,PHASE2,drug,6,151.0,INDUSTRY,COMPLETED,RANDOMIZED,True,QUADRUPLE,4.0,True,True,PARALLEL,True,False,True,True,True,False,0,False
NCT00436540,2006.0,<=2015,PHASE4,drug,2,78.0,INDUSTRY,COMPLETED,RANDOMIZED,True,SINGLE,1.0,True,False,PARALLEL,False,True,True,False,False,False,0,False
NCT01208090,2010.0,<=2015,PHASE2,drug,3,326.0,INDUSTRY,COMPLETED,RANDOMIZED,True,QUADRUPLE,4.0,True,True,PARALLEL,True,False,True,True,False,False,1,
NCT00006275,2000.0,<=2015,NA,drug,0,20.0,NIH,COMPLETED,,False,,,False,False,,False,False,True,False,False,False,0,
NCT01241591,2010.0,<=2015,PHASE3,drug,4,1101.0,INDUSTRY,COMPLETED,RANDOMIZED,True,QUADRUPLE,4.0,True,True,PARALLEL,True,True,True,True,True,False,3,True
NCT02776033,2016.0,2016-2020,PHASE2,drug,4,65.0,INDUSTRY,COMPLETED,RANDOMIZED,True,DOUBLE,2.0,True,True,PARALLEL,True,False,True,True,True,False,0,True
NCT00655564,2008.0,<=2015,PHASE4,drug,1,15.0,OTHER,COMPLETED,NA,False,NONE,0.0,False,False,SINGLE_GROUP,False,True,True,False,True,False,0,False
NCT03448081,2018.0,2016-2020,PHASE2,drug,2,73.0,INDUSTRY,COMPLETED,RANDOMIZED,True,DOUBLE,2.0,True,True,PARALLEL,True,False,True,False,False,False,0,False
NCT00570986,2007.0,<=2015,PHASE3,drug,3,1465.0,INDUSTRY,COMPLETED,RANDOMIZED,True,QUADRUPLE,4.0,True,True,PARALLEL,True,True,True,True,False,False,0,True
NCT07340216,2025.0,2021-2026,PHASE1,drug,1,22.0,INDUSTRY,COMPLETED,NA,False,NONE,0.0,False,False,SINGLE_GROUP,False,False,True,False,False,False,0,False
NCT06643260,2025.0,2021-2026,PHASE3,drug,2,705.0,INDUSTRY,NOT_YET_RECRUITING,RANDOMIZED,True,QUADRUPLE,4.0,True,True,PARALLEL,True,True,True,False,False,False,0,True
NCT01404338,2011.0,<=2015,PHASE1,drug,2,10.0,INDIV,COMPLETED,RANDOMIZED,True,DOUBLE,2.0,True,True,SINGLE_GROUP,False,False,False,False,False,False,0,False
NCT01187264,2008.0,<=2015,PHASE4,drug,2,100.0,OTHER,COMPLETED,RANDOMIZED,True,QUADRUPLE,4.0,True,True,PARALLEL,True,True,True,False,False,False,0,True
NCT07432815,2026.0,2021-2026,PHASE4,drug,2,40.0,OTHER,RECRUITING,RANDOMIZED,True,NONE,0.0,False,False,PARALLEL,False,True,True,False,False,False,0,
NCT07280702,2026.0,2021-2026,PHASE4,drug,2,128.0,OTHER,NOT_YET_RECRUITING,RANDOMIZED,True,DOUBLE,2.0,True,True,PARALLEL,True,True,True,False,False,False,0,False
NCT07546214,2025.0,2021-2026,PHASE1,drug,3,575.0,INDUSTRY,COMPLETED,RANDOMIZED,True,SINGLE,1.0,True,False,PARALLEL,True,False,True,True,False,False,0,False
NCT01265667,2011.0,<=2015,PHASE2;PHASE3,drug,2,293.0,INDUSTRY,COMPLETED,RANDOMIZED,True,QUADRUPLE,4.0,True,True,PARALLEL,True,True,True,False,True,False,0,True
NCT04028713,2021.0,2021-2026,PHASE4,both,2,19.0,OTHER,TERMINATED,RANDOMIZED,True,SINGLE,1.0,True,False,PARALLEL,False,True,True,False,False,False,1,False
NCT02173301,2014.0,<=2015,PHASE2,drug,4,200.0,INDUSTRY,COMPLETED,RANDOMIZED,True,DOUBLE,2.0,True,True,PARALLEL,True,False,True,True,True,False,0,False
NCT06586281,2025.0,2021-2026,NA,drug,1,20.0,OTHER,RECRUITING,NA,False,NONE,0.0,False,False,SINGLE_GROUP,False,False,False,False,False,False,0,
NCT00645814,2003.0,<=2015,PHASE2,drug,3,148.0,INDUSTRY,COMPLETED,RANDOMIZED,True,DOUBLE,2.0,True,True,PARALLEL,True,False,True,True,False,False,2,False
NCT07487831,2026.0,2021-2026,PHASE4,drug,2,50.0,OTHER,NOT_YET_RECRUITING,RANDOMIZED,True,TRIPLE,3.0,True,True,CROSSOVER,False,True,False,False,False,False,0,False
NCT00233662,2002.0,<=2015,PHASE3,drug,0,400.0,INDUSTRY,COMPLETED,NON_RANDOMIZED,False,NONE,0.0,False,False,SINGLE_GROUP,True,True,True,False,False,False,0,
NCT00263718,2005.0,<=2015,PHASE2,drug,0,360.0,INDUSTRY,COMPLETED,RANDOMIZED,True,DOUBLE,2.0,True,True,PARALLEL,True,False,True,False,False,False,0,
NCT04115839,2019.0,2016-2020,PHASE3,drug,5,106.0,INDUSTRY,TERMINATED,RANDOMIZED,True,DOUBLE,2.0,True,True,PARALLEL,True,True,True,True,True,False,0,True
NCT02672852,2016.0,2016-2020,PHASE3,drug,2,507.0,INDUSTRY,COMPLETED,RANDOMIZED,True,QUADRUPLE,4.0,True,True,PARALLEL,True,True,True,False,True,False,4,True
NCT04566666,2021.0,2021-2026,PHASE2,drug,4,263.0,INDUSTRY,COMPLETED,RANDOMIZED,True,DOUBLE,2.0,True,True,PARALLEL,True,False,True,True,True,False,0,
NCT01836939,2013.0,<=2015,PHASE1,drug,2,8.0,OTHER,COMPLETED,RANDOMIZED,True,NONE,0.0,False,False,PARALLEL,False,False,True,False,False,False,0,False
NCT06945107,2025.0,2021-2026,PHASE3,drug,2,308.0,INDUSTRY,ACTIVE_NOT_RECRUITING,RANDOMIZED,True,QUADRUPLE,4.0,True,True,PARALLEL,True,True,True,False,False,False,0,False
NCT00156247,2005.0,<=2015,PHASE2,drug,1,10.0,OTHER,COMPLETED,NA,False,NONE,0.0,False,False,SINGLE_GROUP,False,False,True,False,True,False,0,False
NCT04839016,2021.0,2021-2026,PHASE3,drug,2,660.0,INDUSTRY,UNKNOWN,RANDOMIZED,True,DOUBLE,2.0,True,True,PARALLEL,True,True,True,False,False,False,1,
NCT06979453,2025.0,2021-2026,PHASE3,drug,2,366.0,INDUSTRY,RECRUITING,RANDOMIZED,True,DOUBLE,2.0,True,True,PARALLEL,True,True,True,False,False,False,0,True
NCT00050661,1997.0,<=2015,PHASE1;PHASE2,both,2,6.0,OTHER,COMPLETED,RANDOMIZED,True,NONE,0.0,False,False,PARALLEL,False,False,True,False,False,False,0,False
NCT06620692,2025.0,2021-2026,PHASE2,drug,2,65.0,INDUSTRY,NOT_YET_RECRUITING,RANDOMIZED,True,DOUBLE,2.0,True,True,PARALLEL,True,False,True,False,False,False,0,True
NCT03858634,2019.0,2016-2020,PHASE2,drug,2,58.0,INDUSTRY,COMPLETED,RANDOMIZED,True,QUADRUPLE,4.0,True,True,PARALLEL,True,False,True,False,True,False,0,False
NCT00794807,2004.0,<=2015,PHASE4,drug,1,20.0,OTHER,COMPLETED,NA,False,NONE,0.0,False,False,SINGLE_GROUP,False,True,True,False,False,False,0,False
NCT00659412,2003.0,<=2015,PHASE2,drug,3,185.0,INDUSTRY,COMPLETED,RANDOMIZED,True,TRIPLE,3.0,True,True,PARALLEL,True,False,True,True,False,False,0,False
NCT02905006,2016.0,2016-2020,PHASE2,drug,6,250.0,INDUSTRY,COMPLETED,RANDOMIZED,True,QUADRUPLE,4.0,True,True,PARALLEL,True,False,True,True,True,True,0,True
NCT00134394,2005.0,<=2015,PHASE2,drug,0,20.0,OTHER,COMPLETED,RANDOMIZED,True,DOUBLE,2.0,True,True,PARALLEL,False,False,True,False,False,False,0,False
NCT00679731,2008.0,<=2015,PHASE3,drug,2,317.0,INDUSTRY,COMPLETED,RANDOMIZED,True,TRIPLE,3.0,True,True,PARALLEL,True,True,True,False,False,False,2,True
NCT07326813,2026.0,2021-2026,PHASE3,drug,4,477.0,INDUSTRY,RECRUITING,RANDOMIZED,True,QUADRUPLE,4.0,True,True,PARALLEL,True,True,True,True,False,False,0,False
NCT05511519,2022.0,2021-2026,PHASE2,drug,2,47.0,INDUSTRY,TERMINATED,RANDOMIZED,True,QUADRUPLE,4.0,True,True,PARALLEL,False,False,True,False,False,False,0,False
NCT01543204,2012.0,<=2015,PHASE4,drug,1,64.0,INDUSTRY,TERMINATED,NA,False,NONE,0.0,False,False,SINGLE_GROUP,False,True,True,False,True,False,0,False
NCT03992261,2019.0,2016-2020,PHASE4,drug,1,24.0,INDUSTRY,COMPLETED,NA,False,NONE,0.0,False,False,SINGLE_GROUP,False,True,True,False,True,False,0,False
NCT02435342,2014.0,<=2015,PHASE1,drug,2,24.0,INDUSTRY,COMPLETED,RANDOMIZED,True,DOUBLE,2.0,True,True,PARALLEL,False,False,False,False,False,False,0,True
NCT02605057,2015.0,<=2015,PHASE1,drug,2,32.0,INDUSTRY,COMPLETED,RANDOMIZED,True,NONE,0.0,False,False,SINGLE_GROUP,True,False,False,False,False,False,0,False
NCT01360944,2011.0,<=2015,PHASE2,drug,8,22.0,INDUSTRY,COMPLETED,RANDOMIZED,True,TRIPLE,3.0,True,True,PARALLEL,False,False,True,True,False,False,0,False
NCT01000714,,,PHASE2,drug,0,,INDUSTRY,COMPLETED,,False,,,False,False,,,False,False,False,False,False,0,
NCT02075632,2006.0,<=2015,PHASE2,drug,1,310.0,INDUSTRY,COMPLETED,NA,False,NONE,0.0,False,False,SINGLE_GROUP,True,False,True,False,True,False,0,False
NCT02408159,2016.0,2016-2020,PHASE4,drug,2,3.0,OTHER,TERMINATED,RANDOMIZED,True,QUADRUPLE,4.0,True,True,PARALLEL,False,True,False,False,False,False,0,False
NCT06672393,2024.0,2021-2026,PHASE3,drug,2,375.0,INDUSTRY,NOT_YET_RECRUITING,RANDOMIZED,True,DOUBLE,2.0,True,True,PARALLEL,True,True,True,False,False,False,0,False
NCT02750293,2015.0,<=2015,PHASE3,drug,2,411.0,OTHER,COMPLETED,RANDOMIZED,True,QUADRUPLE,4.0,True,True,PARALLEL,True,True,True,False,False,False,1,False
NCT00669123,,,PHASE4,drug,2,126.0,INDUSTRY,COMPLETED,RANDOMIZED,True,DOUBLE,2.0,True,True,PARALLEL,True,True,True,False,False,False,1,False
NCT06143878,2024.0,2021-2026,PHASE3,drug,3,774.0,INDUSTRY,ACTIVE_NOT_RECRUITING,RANDOMIZED,True,DOUBLE,2.0,True,True,PARALLEL,True,True,True,True,True,False,1,True
NCT07529236,2026.0,2021-2026,NA,drug,1,40.0,OTHER,RECRUITING,NA,False,NONE,0.0,False,False,SINGLE_GROUP,True,False,False,False,False,False,0,False
NCT06482398,2024.0,2021-2026,NA,drug,2,30.0,OTHER,UNKNOWN,RANDOMIZED,True,QUADRUPLE,4.0,True,True,PARALLEL,True,False,True,False,False,False,0,
NCT04722640,2021.0,2021-2026,PHASE4,drug,1,240.0,OTHER,UNKNOWN,NA,False,NONE,0.0,False,False,SINGLE_GROUP,True,True,True,False,False,False,0,False
NCT07366268,2026.0,2021-2026,NA,drug,3,36.0,OTHER,NOT_YET_RECRUITING,RANDOMIZED,True,DOUBLE,2.0,True,True,CROSSOVER,True,False,True,True,False,False,0,False
NCT06943950,2025.0,2021-2026,PHASE3,drug,3,500.0,INDUSTRY,NOT_YET_RECRUITING,RANDOMIZED,True,SINGLE,1.0,True,False,PARALLEL,True,True,True,True,False,False,0,
NCT01695239,2012.0,<=2015,PHASE3,drug,4,417.0,INDUSTRY,COMPLETED,RANDOMIZED,True,QUADRUPLE,4.0,True,True,PARALLEL,True,True,True,True,True,False,18,True
NCT04655313,2020.0,2016-2020,PHASE2,drug,1,20.0,INDUSTRY,COMPLETED,NA,False,NONE,0.0,False,False,SINGLE_GROUP,False,False,True,False,True,False,1,False
NCT05108766,2020.0,2016-2020,PHASE3,drug,2,220.0,INDUSTRY,COMPLETED,RANDOMIZED,True,QUADRUPLE,4.0,True,True,PARALLEL,True,True,True,False,False,False,1,True
NCT01445886,2011.0,<=2015,PHASE2;PHASE3,drug,2,33.0,OTHER,COMPLETED,RANDOMIZED,True,SINGLE,1.0,True,False,SINGLE_GROUP,False,True,True,False,True,False,1,True
NCT05970978,2023.0,2021-2026,PHASE2,drug,2,152.0,INDUSTRY,COMPLETED,NON_RANDOMIZED,False,NONE,0.0,False,False,PARALLEL,True,False,True,False,False,False,1,False
NCT02534636,2015.0,<=2015,PHASE1,drug,4,140.0,INDUSTRY,COMPLETED,RANDOMIZED,True,QUADRUPLE,4.0,True,True,CROSSOVER,True,False,False,True,False,False,1,False
NCT03997786,2020.0,2016-2020,PHASE2;PHASE3,drug,5,135.0,INDUSTRY,ACTIVE_NOT_RECRUITING,RANDOMIZED,True,SINGLE,1.0,True,False,PARALLEL,True,True,True,True,False,False,0,True
NCT01600222,2012.0,<=2015,PHASE2,drug,1,37.0,INDUSTRY,COMPLETED,NA,False,NONE,0.0,False,False,SINGLE_GROUP,False,False,True,False,True,True,0,False
NCT04042103,2019.0,2016-2020,PHASE2,drug,1,21.0,INDUSTRY,COMPLETED,NA,False,NONE,0.0,False,False,SINGLE_GROUP,False,False,True,False,True,True,0,False
NCT01096862,2010.0,<=2015,PHASE2,drug,6,124.0,INDUSTRY,COMPLETED,RANDOMIZED,True,QUADRUPLE,4.0,True,True,PARALLEL,True,False,True,True,False,False,1,False
NCT02858713,2017.0,2016-2020,PHASE4,both,2,134.0,OTHER,COMPLETED,RANDOMIZED,True,SINGLE,1.0,True,False,PARALLEL,True,True,False,False,True,True,0,False
NCT04728360,2021.0,2021-2026,PHASE3,drug,2,556.0,INDUSTRY,COMPLETED,RANDOMIZED,True,QUADRUPLE,4.0,True,True,PARALLEL,True,True,True,False,False,False,0,False
NCT00782613,2008.0,<=2015,PHASE2,drug,2,30.0,INDUSTRY,TERMINATED,RANDOMIZED,True,QUADRUPLE,4.0,True,True,PARALLEL,False,False,True,False,False,False,0,False
NCT04469829,2020.0,2016-2020,PHASE4,drug,2,70.0,OTHER,UNKNOWN,NON_RANDOMIZED,False,NONE,0.0,False,False,PARALLEL,False,True,True,False,False,False,0,True
NCT05919082,2023.0,2021-2026,PHASE3,drug,2,604.0,INDUSTRY,COMPLETED,RANDOMIZED,True,SINGLE,1.0,True,False,PARALLEL,True,True,True,False,True,True,1,False
NCT00787137,2008.0,<=2015,PHASE1,drug,3,17.0,INDUSTRY,TERMINATED,RANDOMIZED,True,QUADRUPLE,4.0,True,True,PARALLEL,False,False,True,True,True,False,0,True
NCT07485764,2026.0,2021-2026,PHASE4,drug,2,186.0,OTHER,NOT_YET_RECRUITING,RANDOMIZED,True,QUADRUPLE,4.0,True,True,PARALLEL,True,True,True,False,False,False,0,True
NCT01984775,2013.0,<=2015,PHASE1,drug,6,52.0,INDUSTRY,COMPLETED,RANDOMIZED,True,DOUBLE,2.0,True,True,PARALLEL,True,False,True,True,False,False,0,False
NCT01987609,2015.0,<=2015,PHASE2,drug,2,7.0,OTHER,COMPLETED,RANDOMIZED,True,TRIPLE,3.0,True,True,PARALLEL,False,False,True,False,True,False,0,False
NCT03598751,2018.0,2016-2020,PHASE3,drug,2,194.0,INDUSTRY,COMPLETED,RANDOMIZED,True,DOUBLE,2.0,True,True,PARALLEL,True,True,True,False,False,False,0,
NCT03904680,2019.0,2016-2020,PHASE4,drug,2,30.0,OTHER,UNKNOWN,RANDOMIZED,True,NONE,0.0,False,False,PARALLEL,False,True,True,False,False,False,0,
NCT06416566,2024.0,2021-2026,NA,drug,1,30.0,OTHER_GOV,UNKNOWN,NA,False,NONE,0.0,False,False,SINGLE_GROUP,True,False,True,False,False,False,0,True
NCT06156280,2023.0,2021-2026,PHASE1,drug,6,40.0,INDUSTRY,COMPLETED,RANDOMIZED,True,QUADRUPLE,4.0,True,True,PARALLEL,True,False,True,True,False,False,0,
NCT00941031,2009.0,<=2015,PHASE2,drug,4,404.0,INDUSTRY,COMPLETED,RANDOMIZED,True,DOUBLE,2.0,True,True,PARALLEL,True,False,True,True,True,False,1,False
NCT07270003,2025.0,2021-2026,NA,drug,1,60.0,OTHER,RECRUITING,NA,False,NONE,0.0,False,False,SINGLE_GROUP,True,False,True,False,False,False,0,True
NCT00419666,2006.0,<=2015,PHASE2,drug,1,25.0,INDUSTRY,COMPLETED,NA,False,NONE,0.0,False,False,SINGLE_GROUP,False,False,True,False,True,False,0,
NCT06610890,2024.0,2021-2026,PHASE1,drug,1,20.0,INDUSTRY,COMPLETED,NA,False,NONE,0.0,False,False,SINGLE_GROUP,False,False,True,False,False,False,0,
NCT02141763,2014.0,<=2015,PHASE1,drug,5,53.0,INDUSTRY,COMPLETED,RANDOMIZED,True,DOUBLE,2.0,True,True,SINGLE_GROUP,True,False,True,True,False,False,1,False
NCT05272150,2022.0,2021-2026,PHASE3,drug,2,211.0,INDUSTRY,COMPLETED,RANDOMIZED,True,DOUBLE,2.0,True,True,PARALLEL,True,True,True,False,True,False,4,False
NCT00312026,2006.0,<=2015,PHASE4,drug,0,75.0,INDUSTRY,COMPLETED,RANDOMIZED,True,DOUBLE,2.0,True,True,PARALLEL,False,True,True,False,False,False,0,
NCT04053387,2019.0,2016-2020,PHASE3,drug,1,763.0,INDUSTRY,COMPLETED,NA,False,NONE,0.0,False,False,SINGLE_GROUP,True,True,True,False,True,False,3,False
NCT04908189,2021.0,2021-2026,PHASE3,drug,3,729.0,INDUSTRY,ACTIVE_NOT_RECRUITING,RANDOMIZED,True,QUADRUPLE,4.0,True,True,PARALLEL,True,True,True,True,True,False,0,True
NCT00051662,,,PHASE1,drug,0,45.0,INDUSTRY,COMPLETED,RANDOMIZED,True,DOUBLE,2.0,True,True,SINGLE_GROUP,True,False,True,False,False,False,0,
NCT03724292,2015.0,<=2015,PHASE1,drug,6,40.0,INDUSTRY,COMPLETED,RANDOMIZED,True,QUADRUPLE,4.0,True,True,FACTORIAL,True,False,True,True,False,False,0,False
NCT00557739,2007.0,<=2015,PHASE2,drug,6,20.0,INDUSTRY,COMPLETED,RANDOMIZED,True,DOUBLE,2.0,True,True,PARALLEL,False,False,True,True,False,False,0,False
NCT00399906,2007.0,<=2015,PHASE2,drug,4,99.0,INDUSTRY,COMPLETED,RANDOMIZED,True,DOUBLE,2.0,True,True,PARALLEL,True,False,True,True,False,False,0,True
NCT03337022,2018.0,2016-2020,PHASE1,drug,5,34.0,INDUSTRY,COMPLETED,RANDOMIZED,True,QUADRUPLE,4.0,True,True,PARALLEL,True,False,True,True,False,False,0,False
NCT07712731,2025.0,2021-2026,PHASE3,drug,2,607.0,INDUSTRY,COMPLETED,RANDOMIZED,True,TRIPLE,3.0,True,True,PARALLEL,True,True,True,False,False,False,0,False
