nct,year,epoch,phase,int_class,n_arms,n_enroll,sponsor_class,overall_status,allocation,randomized,masking,masking_ord,blinded_any,blinded_double_plus,model,power_ok,pivotal,treatment,multiarm,has_results,has_result_ref,n_derived,dmc
NCT01090154,2010.0,<=2015,PHASE2,drug,1,27.0,OTHER,COMPLETED,NA,False,NONE,0.0,False,False,SINGLE_GROUP,False,False,True,False,False,False,0,True
NCT05030064,2021.0,2021-2026,NA,both,2,54.0,OTHER,UNKNOWN,RANDOMIZED,True,NONE,0.0,False,False,PARALLEL,True,False,True,False,False,False,0,True
NCT06201793,2024.0,2021-2026,PHASE2,drug,2,46.0,OTHER,COMPLETED,RANDOMIZED,True,NONE,0.0,False,False,PARALLEL,False,False,True,False,False,False,1,
NCT07235904,2025.0,2021-2026,PHASE4,drug,2,300.0,OTHER,RECRUITING,RANDOMIZED,True,NONE,0.0,False,False,PARALLEL,True,True,True,False,False,False,0,False
NCT07691138,2026.0,2021-2026,PHASE4,drug,2,80.0,OTHER,RECRUITING,RANDOMIZED,True,NONE,0.0,False,False,PARALLEL,False,True,True,False,False,False,0,True
NCT00659802,2008.0,<=2015,PHASE2,drug,3,224.0,INDUSTRY,COMPLETED,RANDOMIZED,True,QUADRUPLE,4.0,True,True,PARALLEL,True,False,True,True,True,False,0,False
NCT04469062,2021.0,2021-2026,PHASE3,drug,3,0.0,INDUSTRY,WITHDRAWN,RANDOMIZED,True,DOUBLE,2.0,True,True,PARALLEL,False,True,True,True,False,False,0,True
NCT00269438,2005.0,<=2015,PHASE3,drug,0,225.0,INDUSTRY,COMPLETED,RANDOMIZED,True,DOUBLE,2.0,True,True,SINGLE_GROUP,True,True,True,False,False,False,0,
NCT00748410,2009.0,<=2015,PHASE2,drug,1,3.0,INDUSTRY,TERMINATED,RANDOMIZED,True,NONE,0.0,False,False,PARALLEL,False,False,True,False,True,False,0,False
NCT07507513,2026.0,2021-2026,PHASE2,drug,8,288.0,INDUSTRY,NOT_YET_RECRUITING,RANDOMIZED,True,QUADRUPLE,4.0,True,True,PARALLEL,True,False,True,True,False,False,0,False
NCT02914535,2017.0,2016-2020,PHASE3,drug,5,1173.0,INDUSTRY,ACTIVE_NOT_RECRUITING,NON_RANDOMIZED,False,DOUBLE,2.0,True,True,PARALLEL,True,True,True,True,False,False,3,False
NCT03290781,2018.0,2016-2020,PHASE3,drug,3,366.0,INDUSTRY,COMPLETED,RANDOMIZED,True,DOUBLE,2.0,True,True,PARALLEL,True,True,True,True,True,False,1,True
NCT01900574,2013.0,<=2015,PHASE1,drug,1,35.0,INDUSTRY,COMPLETED,NA,False,NONE,0.0,False,False,SINGLE_GROUP,True,False,True,False,False,False,0,True
NCT04969679,2018.0,2016-2020,PHASE4,drug,2,134.0,OTHER,COMPLETED,RANDOMIZED,True,DOUBLE,2.0,True,True,PARALLEL,True,True,True,False,False,False,1,
NCT00486031,2006.0,<=2015,PHASE3,drug,1,443.0,INDUSTRY,COMPLETED,NA,False,NONE,0.0,False,False,SINGLE_GROUP,True,True,False,False,True,False,0,False
NCT01640496,2012.0,<=2015,NA,drug,2,0.0,OTHER,WITHDRAWN,RANDOMIZED,True,QUADRUPLE,4.0,True,True,PARALLEL,False,False,True,False,False,False,0,False
NCT01067547,2010.0,<=2015,PHASE4,drug,2,130.0,OTHER,COMPLETED,RANDOMIZED,True,NONE,0.0,False,False,SINGLE_GROUP,True,True,True,False,False,False,1,False
NCT04767984,2021.0,2021-2026,PHASE2,both,2,42.0,OTHER,ACTIVE_NOT_RECRUITING,RANDOMIZED,True,QUADRUPLE,4.0,True,True,PARALLEL,False,False,False,False,False,False,0,True
NCT02566889,2016.0,2016-2020,PHASE4,drug,2,53.0,INDUSTRY,TERMINATED,NON_RANDOMIZED,False,NONE,0.0,False,False,PARALLEL,False,True,True,False,True,False,0,True
NCT06651281,2024.0,2021-2026,PHASE3,drug,4,1380.0,INDUSTRY,RECRUITING,NON_RANDOMIZED,False,QUADRUPLE,4.0,True,True,PARALLEL,True,True,True,True,False,False,0,True
NCT07071519,2025.0,2021-2026,PHASE3,drug,15,120.0,INDUSTRY,RECRUITING,RANDOMIZED,True,DOUBLE,2.0,True,True,SEQUENTIAL,True,True,True,True,False,False,0,True
NCT04577794,2020.0,2016-2020,PHASE2,drug,2,31.0,INDUSTRY,COMPLETED,RANDOMIZED,True,QUADRUPLE,4.0,True,True,PARALLEL,False,False,True,False,True,False,0,True
NCT00963287,2009.0,<=2015,NA,drug,2,200.0,OTHER,COMPLETED,RANDOMIZED,True,DOUBLE,2.0,True,True,PARALLEL,True,False,True,False,False,False,0,True
NCT00261118,2004.0,<=2015,PHASE2;PHASE3,drug,2,24.0,OTHER_GOV,COMPLETED,RANDOMIZED,True,DOUBLE,2.0,True,True,PARALLEL,False,True,True,False,False,False,1,True
NCT02998112,2016.0,2016-2020,PHASE4,drug,2,188.0,OTHER,UNKNOWN,RANDOMIZED,True,SINGLE,1.0,True,False,PARALLEL,True,True,True,False,False,True,0,False
NCT06421818,2024.0,2021-2026,PHASE2,drug,4,144.0,OTHER,RECRUITING,RANDOMIZED,True,QUADRUPLE,4.0,True,True,PARALLEL,True,False,True,True,False,True,0,True
NCT06937086,2025.0,2021-2026,PHASE3,drug,2,350.0,INDUSTRY,RECRUITING,RANDOMIZED,True,DOUBLE,2.0,True,True,PARALLEL,True,True,True,False,False,False,0,True
NCT03412682,2018.0,2016-2020,PHASE3,drug,3,274.0,INDUSTRY,COMPLETED,RANDOMIZED,True,DOUBLE,2.0,True,True,PARALLEL,True,True,True,True,False,False,0,False
NCT00209300,2005.0,<=2015,PHASE3,drug,0,362.0,INDUSTRY,COMPLETED,RANDOMIZED,True,DOUBLE,2.0,True,True,SINGLE_GROUP,True,True,False,False,False,False,0,True
NCT04029649,2019.0,2016-2020,PHASE2;PHASE3,drug,2,204.0,OTHER,UNKNOWN,RANDOMIZED,True,TRIPLE,3.0,True,True,PARALLEL,True,True,True,False,False,False,0,
NCT05372939,2021.0,2021-2026,PHASE2,drug,2,51.0,INDUSTRY,COMPLETED,RANDOMIZED,True,QUADRUPLE,4.0,True,True,PARALLEL,True,False,True,False,False,False,0,False
NCT04596293,2021.0,2021-2026,PHASE2,drug,3,38.0,INDUSTRY,COMPLETED,RANDOMIZED,True,TRIPLE,3.0,True,True,PARALLEL,False,False,True,True,True,False,0,
NCT04999228,2021.0,2021-2026,PHASE4,drug,2,40.0,OTHER,RECRUITING,RANDOMIZED,True,SINGLE,1.0,True,False,PARALLEL,False,True,True,False,False,False,0,False
NCT04360343,2020.0,2016-2020,PHASE1,drug,2,18.0,INDUSTRY,COMPLETED,RANDOMIZED,True,NONE,0.0,False,False,CROSSOVER,False,False,False,False,False,False,0,
NCT03196427,2018.0,2016-2020,PHASE2,drug,2,59.0,INDUSTRY,COMPLETED,RANDOMIZED,True,DOUBLE,2.0,True,True,PARALLEL,True,False,True,False,True,False,0,True
NCT02277223,2020.0,2016-2020,PHASE3,drug,2,0.0,OTHER,WITHDRAWN,RANDOMIZED,True,DOUBLE,2.0,True,True,PARALLEL,False,True,True,False,False,False,0,True
NCT02818686,2016.0,2016-2020,PHASE1,drug,4,40.0,INDUSTRY,COMPLETED,RANDOMIZED,True,QUADRUPLE,4.0,True,True,PARALLEL,True,False,True,True,False,False,1,False
NCT04750135,2021.0,2021-2026,PHASE2,drug,2,40.0,OTHER_GOV,UNKNOWN,RANDOMIZED,True,DOUBLE,2.0,True,True,PARALLEL,False,False,True,False,False,False,0,
NCT02227602,2014.0,<=2015,NA,drug,1,20.0,OTHER,COMPLETED,NA,False,NONE,0.0,False,False,SINGLE_GROUP,False,False,True,False,False,False,0,True
NCT03627052,2018.0,2016-2020,PHASE2,drug,2,0.0,INDUSTRY,WITHDRAWN,RANDOMIZED,True,DOUBLE,2.0,True,True,PARALLEL,False,False,True,False,False,False,0,True
NCT03518086,2018.0,2016-2020,PHASE3,drug,4,1281.0,INDUSTRY,COMPLETED,RANDOMIZED,True,DOUBLE,2.0,True,True,PARALLEL,True,True,True,True,True,False,12,True
NCT00259545,2003.0,<=2015,PHASE2,drug,0,60.0,OTHER,COMPLETED,RANDOMIZED,True,DOUBLE,2.0,True,True,PARALLEL,True,False,True,False,False,False,1,False
NCT02910245,2016.0,2016-2020,PHASE3,drug,2,136.0,OTHER,UNKNOWN,RANDOMIZED,True,QUADRUPLE,4.0,True,True,PARALLEL,True,True,True,False,False,False,1,False
NCT03724175,2019.0,2016-2020,PHASE2;PHASE3,drug,1,2.0,OTHER,TERMINATED,NA,False,NONE,0.0,False,False,SINGLE_GROUP,False,True,True,False,False,False,0,False
NCT06897150,2022.0,2021-2026,PHASE4,drug,1,50.0,OTHER,COMPLETED,NA,False,NONE,0.0,False,False,SINGLE_GROUP,False,True,True,False,False,False,0,False
NCT03018054,2016.0,2016-2020,PHASE2,drug,3,147.0,INDUSTRY,COMPLETED,RANDOMIZED,True,QUADRUPLE,4.0,True,True,PARALLEL,True,False,True,True,False,False,0,True
NCT00449722,2005.0,<=2015,PHASE3,drug,0,380.0,INDUSTRY,COMPLETED,RANDOMIZED,True,DOUBLE,2.0,True,True,PARALLEL,True,True,True,False,False,True,0,True
NCT03596645,2018.0,2016-2020,PHASE3,drug,2,84.0,INDUSTRY,ACTIVE_NOT_RECRUITING,RANDOMIZED,True,NONE,0.0,False,False,PARALLEL,False,True,True,False,True,False,1,False
NCT07243639,2025.0,2021-2026,NA,drug,1,30.0,OTHER,RECRUITING,NA,False,NONE,0.0,False,False,SINGLE_GROUP,True,False,True,False,False,False,0,True
NCT04096573,2020.0,2016-2020,PHASE2,drug,4,0.0,INDUSTRY,WITHDRAWN,RANDOMIZED,True,DOUBLE,2.0,True,True,PARALLEL,False,False,True,True,False,False,0,True
NCT02620046,2016.0,2016-2020,PHASE3,drug,2,746.0,INDUSTRY,COMPLETED,NON_RANDOMIZED,False,NONE,0.0,False,False,PARALLEL,True,True,True,False,True,False,1,True
NCT02517151,2014.0,<=2015,PHASE2,drug,2,36.0,OTHER,UNKNOWN,RANDOMIZED,True,QUADRUPLE,4.0,True,True,PARALLEL,False,False,True,False,False,False,0,False
NCT05907330,2024.0,2021-2026,PHASE2,drug,2,45.0,INDUSTRY,UNKNOWN,RANDOMIZED,True,TRIPLE,3.0,True,True,PARALLEL,False,False,True,False,False,False,0,
NCT00790933,2009.0,<=2015,PHASE3,drug,1,2243.0,INDUSTRY,COMPLETED,NA,False,NONE,0.0,False,False,SINGLE_GROUP,True,True,False,False,True,False,6,True
NCT04613518,2021.0,2021-2026,PHASE2,drug,3,38.0,INDUSTRY,COMPLETED,RANDOMIZED,True,QUADRUPLE,4.0,True,True,PARALLEL,False,False,True,True,True,False,0,True
NCT04131322,2019.0,2016-2020,PHASE4,drug,2,24.0,OTHER,TERMINATED,RANDOMIZED,True,NONE,0.0,False,False,PARALLEL,False,True,True,False,False,False,0,False
NCT05033431,2021.0,2021-2026,PHASE1,drug,6,48.0,INDUSTRY,COMPLETED,NON_RANDOMIZED,False,NONE,0.0,False,False,PARALLEL,True,False,False,True,False,False,0,False
NCT05644665,2022.0,2021-2026,PHASE3,drug,2,131.0,INDUSTRY,TERMINATED,RANDOMIZED,True,TRIPLE,3.0,True,True,PARALLEL,True,True,True,False,False,False,0,False
NCT04457960,2020.0,2016-2020,PHASE1,drug,2,82.0,INDUSTRY,TERMINATED,RANDOMIZED,True,DOUBLE,2.0,True,True,SEQUENTIAL,True,False,True,False,False,False,0,True
NCT02768974,2016.0,2016-2020,PHASE2,drug,2,20.0,INDUSTRY,UNKNOWN,RANDOMIZED,True,NONE,0.0,False,False,PARALLEL,False,False,True,False,False,False,0,False
NCT06117423,2024.0,2021-2026,PHASE1;PHASE2,drug,5,21.0,OTHER,UNKNOWN,NON_RANDOMIZED,False,NONE,0.0,False,False,SEQUENTIAL,False,False,False,True,False,False,0,False
NCT01658605,2013.0,<=2015,PHASE2,drug,2,0.0,INDUSTRY,WITHDRAWN,RANDOMIZED,True,DOUBLE,2.0,True,True,PARALLEL,False,False,True,False,False,False,0,
NCT03662542,2018.0,2016-2020,PHASE2,drug,3,214.0,INDUSTRY,COMPLETED,RANDOMIZED,True,DOUBLE,2.0,True,True,PARALLEL,True,False,True,True,True,False,2,True
NCT04607837,2021.0,2021-2026,PHASE2,drug,2,234.0,INDUSTRY,COMPLETED,RANDOMIZED,True,DOUBLE,2.0,True,True,PARALLEL,True,False,True,False,True,False,1,True
NCT06260163,2024.0,2021-2026,PHASE3,drug,5,112.0,INDUSTRY,ACTIVE_NOT_RECRUITING,RANDOMIZED,True,DOUBLE,2.0,True,True,PARALLEL,True,True,True,True,False,False,0,True
NCT05181137,2021.0,2021-2026,PHASE3,drug,5,368.0,INDUSTRY,UNKNOWN,RANDOMIZED,True,QUADRUPLE,4.0,True,True,PARALLEL,True,True,True,True,False,False,0,True
NCT03398135,2018.0,2016-2020,PHASE3,drug,8,1242.0,INDUSTRY,ACTIVE_NOT_RECRUITING,RANDOMIZED,True,TRIPLE,3.0,True,True,PARALLEL,True,True,True,True,False,False,5,True
NCT01375179,2010.0,<=2015,PHASE2,drug,2,27.0,INDUSTRY,TERMINATED,RANDOMIZED,True,DOUBLE,2.0,True,True,PARALLEL,False,False,True,False,False,False,0,
NCT01647516,2012.0,<=2015,PHASE2,drug,3,199.0,INDUSTRY,COMPLETED,RANDOMIZED,True,QUADRUPLE,4.0,True,True,PARALLEL,True,False,True,True,True,False,2,True
NCT03944447,2018.0,2016-2020,PHASE2,both,4,200000.0,NETWORK,UNKNOWN,NON_RANDOMIZED,False,NONE,0.0,False,False,PARALLEL,True,False,True,True,False,False,0,True
NCT03948919,2019.0,2016-2020,PHASE1,drug,2,26.0,OTHER,COMPLETED,RANDOMIZED,True,QUADRUPLE,4.0,True,True,PARALLEL,False,False,False,False,False,False,0,True
NCT06636656,2024.0,2021-2026,PHASE2,drug,1,80.0,INDUSTRY,RECRUITING,NA,False,NONE,0.0,False,False,SEQUENTIAL,True,False,True,False,False,False,0,False
NCT03235752,2018.0,2016-2020,PHASE2,drug,3,91.0,INDUSTRY,COMPLETED,RANDOMIZED,True,QUADRUPLE,4.0,True,True,PARALLEL,True,False,True,True,False,False,1,True
NCT03415711,2017.0,2016-2020,NA,drug,3,14.0,INDUSTRY,TERMINATED,RANDOMIZED,True,DOUBLE,2.0,True,True,PARALLEL,False,False,False,True,False,False,0,True
NCT06788340,2025.0,2021-2026,PHASE4,drug,2,166.0,OTHER,NOT_YET_RECRUITING,RANDOMIZED,True,NONE,0.0,False,False,PARALLEL,True,True,True,False,False,False,1,True
NCT03519945,2018.0,2016-2020,PHASE3,drug,1,1058.0,INDUSTRY,ACTIVE_NOT_RECRUITING,NA,False,NONE,0.0,False,False,SINGLE_GROUP,True,True,True,False,False,False,2,True
NCT06127043,2023.0,2021-2026,PHASE2,drug,3,132.0,INDUSTRY,ACTIVE_NOT_RECRUITING,RANDOMIZED,True,QUADRUPLE,4.0,True,True,PARALLEL,True,False,True,True,False,False,0,False
NCT00747110,2007.0,<=2015,PHASE3,drug,2,343.0,INDUSTRY,COMPLETED,RANDOMIZED,True,QUADRUPLE,4.0,True,True,PARALLEL,True,True,True,False,False,True,0,True
NCT02665845,2016.0,2016-2020,PHASE3,drug,2,160.0,OTHER,COMPLETED,RANDOMIZED,True,SINGLE,1.0,True,False,PARALLEL,True,True,True,False,False,False,0,False
NCT05456932,2022.0,2021-2026,PHASE4,drug,3,90.0,OTHER,UNKNOWN,RANDOMIZED,True,NONE,0.0,False,False,PARALLEL,False,True,False,True,False,False,2,True
NCT02412085,2015.0,<=2015,PHASE4,drug,1,100.0,OTHER,UNKNOWN,NA,False,NONE,0.0,False,False,SINGLE_GROUP,True,True,True,False,False,False,0,False
NCT06627556,2024.0,2021-2026,PHASE1,drug,10,64.0,INDUSTRY,RECRUITING,RANDOMIZED,True,TRIPLE,3.0,True,True,PARALLEL,True,False,True,True,False,False,0,False
NCT07295834,2026.0,2021-2026,PHASE2,drug,2,70.0,OTHER,NOT_YET_RECRUITING,RANDOMIZED,True,QUADRUPLE,4.0,True,True,PARALLEL,True,False,True,False,False,False,0,False
NCT03368118,2018.0,2016-2020,PHASE2,drug,1,22.0,INDUSTRY,COMPLETED,NA,False,NONE,0.0,False,False,SINGLE_GROUP,False,False,True,False,True,False,0,True
NCT00267306,2004.0,<=2015,PHASE1;PHASE2,drug,0,144.0,INDUSTRY,COMPLETED,RANDOMIZED,True,NONE,0.0,False,False,PARALLEL,True,False,True,False,False,False,1,
NCT07216014,2025.0,2021-2026,PHASE4,both,1,200.0,OTHER,RECRUITING,NA,False,NONE,0.0,False,False,SINGLE_GROUP,True,True,True,False,False,False,0,
NCT00787202,2008.0,<=2015,PHASE2,drug,5,195.0,INDUSTRY,COMPLETED,RANDOMIZED,True,TRIPLE,3.0,True,True,PARALLEL,True,False,True,True,True,False,19,False
NCT07582458,2026.0,2021-2026,PHASE2;PHASE3,drug,2,60.0,OTHER,NOT_YET_RECRUITING,RANDOMIZED,True,SINGLE,1.0,True,False,PARALLEL,False,True,True,False,False,False,0,False
NCT03124121,2017.0,2016-2020,PHASE4,drug,2,112.0,OTHER,COMPLETED,NON_RANDOMIZED,False,NONE,0.0,False,False,SINGLE_GROUP,True,True,True,False,True,False,1,False
NCT06867094,2025.0,2021-2026,PHASE2,drug,4,204.0,INDUSTRY,RECRUITING,RANDOMIZED,True,QUADRUPLE,4.0,True,True,PARALLEL,True,False,True,True,False,False,0,True
NCT00718094,2008.0,<=2015,PHASE2,drug,2,20.0,OTHER,COMPLETED,RANDOMIZED,True,TRIPLE,3.0,True,True,PARALLEL,False,False,True,False,True,True,0,True
NCT00767728,2004.0,<=2015,PHASE3,drug,2,256.0,INDUSTRY,COMPLETED,RANDOMIZED,True,DOUBLE,2.0,True,True,PARALLEL,True,True,False,False,False,False,3,False
NCT06188637,2024.0,2021-2026,PHASE4,drug,1,0.0,OTHER,WITHDRAWN,NA,False,NONE,0.0,False,False,SINGLE_GROUP,False,True,True,False,False,False,0,False
NCT07577856,2026.0,2021-2026,PHASE3,drug,2,644.0,INDUSTRY,RECRUITING,RANDOMIZED,True,DOUBLE,2.0,True,True,PARALLEL,True,True,True,False,False,False,0,True
NCT01493960,2011.0,<=2015,PHASE3,drug,2,131.0,INDUSTRY,COMPLETED,RANDOMIZED,True,QUADRUPLE,4.0,True,True,PARALLEL,True,True,True,False,True,False,1,True
NCT00503243,2003.0,<=2015,PHASE3,drug,0,280.0,INDUSTRY,COMPLETED,RANDOMIZED,True,DOUBLE,2.0,True,True,PARALLEL,True,True,True,False,False,True,0,
NCT05587673,2022.0,2021-2026,PHASE1,drug,1,3.0,OTHER,COMPLETED,NA,False,NONE,0.0,False,False,SINGLE_GROUP,False,False,True,False,False,False,0,False
NCT00303381,2001.0,<=2015,PHASE2,drug,3,194.0,INDUSTRY,COMPLETED,RANDOMIZED,True,DOUBLE,2.0,True,True,PARALLEL,True,False,True,True,False,True,0,
NCT04521205,2020.0,2016-2020,PHASE1,drug,2,200.0,OTHER,UNKNOWN,RANDOMIZED,True,NONE,0.0,False,False,PARALLEL,True,False,True,False,False,False,0,True
NCT06853522,2025.0,2021-2026,EARLY_PHASE1,drug,2,40.0,OTHER,NOT_YET_RECRUITING,RANDOMIZED,True,SINGLE,1.0,True,False,PARALLEL,True,False,True,False,False,False,0,False
NCT00064454,2003.0,<=2015,PHASE3,drug,0,375.0,INDUSTRY,COMPLETED,RANDOMIZED,True,DOUBLE,2.0,True,True,PARALLEL,True,True,True,False,False,False,0,
NCT01336465,2011.0,<=2015,PHASE2,drug,2,124.0,INDUSTRY,COMPLETED,RANDOMIZED,True,DOUBLE,2.0,True,True,PARALLEL,True,False,True,False,False,False,1,
NCT05499130,2022.0,2021-2026,PHASE2,drug,8,290.0,INDUSTRY,COMPLETED,RANDOMIZED,True,QUADRUPLE,4.0,True,True,PARALLEL,True,False,True,True,True,False,2,True
NCT05852574,2023.0,2021-2026,PHASE1,drug,2,30.0,OTHER,ACTIVE_NOT_RECRUITING,RANDOMIZED,True,QUADRUPLE,4.0,True,True,PARALLEL,True,False,True,False,False,False,0,True
NCT02463045,2015.0,<=2015,PHASE1,drug,10,67.0,INDUSTRY,COMPLETED,RANDOMIZED,True,TRIPLE,3.0,True,True,SINGLE_GROUP,True,False,True,True,False,False,0,
NCT05535946,2023.0,2021-2026,PHASE3,drug,6,1116.0,INDUSTRY,ACTIVE_NOT_RECRUITING,RANDOMIZED,True,TRIPLE,3.0,True,True,PARALLEL,True,True,True,True,False,False,0,True
NCT00577473,2001.0,<=2015,PHASE3,drug,2,301.0,INDUSTRY,COMPLETED,RANDOMIZED,True,DOUBLE,2.0,True,True,PARALLEL,True,True,True,False,True,False,2,False
NCT07550673,2026.0,2021-2026,PHASE4,drug,2,226.0,OTHER,RECRUITING,RANDOMIZED,True,NONE,0.0,False,False,PARALLEL,True,True,True,False,False,False,0,
NCT01929668,2013.0,<=2015,NA,drug,2,114.0,OTHER,COMPLETED,RANDOMIZED,True,SINGLE,1.0,True,False,PARALLEL,True,False,False,False,False,False,0,False
NCT01033305,2010.0,<=2015,PHASE2,drug,2,118.0,INDUSTRY,COMPLETED,RANDOMIZED,True,QUADRUPLE,4.0,True,True,PARALLEL,True,False,True,False,False,False,0,True
NCT05202990,2026.0,2021-2026,PHASE2,drug,2,26.0,OTHER,NOT_YET_RECRUITING,RANDOMIZED,True,NONE,0.0,False,False,PARALLEL,False,False,True,False,False,False,0,True
NCT07257588,2024.0,2021-2026,NA,both,2,44.0,OTHER,ENROLLING_BY_INVITATION,RANDOMIZED,True,NONE,0.0,False,False,PARALLEL,True,False,True,False,False,True,0,False
NCT02266849,2014.0,<=2015,PHASE3,drug,2,12.0,OTHER,TERMINATED,RANDOMIZED,True,QUADRUPLE,4.0,True,True,CROSSOVER,False,True,True,False,False,False,1,True
NCT02435992,2015.0,<=2015,PHASE3,drug,2,1012.0,INDUSTRY,COMPLETED,RANDOMIZED,True,QUADRUPLE,4.0,True,True,PARALLEL,True,True,True,False,True,False,7,True
NCT02579733,2016.0,2016-2020,PHASE4,drug,2,16.0,OTHER,TERMINATED,RANDOMIZED,True,QUADRUPLE,4.0,True,True,PARALLEL,False,True,True,False,False,False,1,
NCT06754891,2025.0,2021-2026,PHASE1,drug,3,135.0,INDUSTRY,RECRUITING,RANDOMIZED,True,QUADRUPLE,4.0,True,True,PARALLEL,True,False,True,True,False,False,0,
NCT03616821,2018.0,2016-2020,PHASE2,drug,3,242.0,INDUSTRY,TERMINATED,RANDOMIZED,True,TRIPLE,3.0,True,True,PARALLEL,True,False,True,True,True,False,0,True
NCT07335055,2026.0,2021-2026,PHASE2,drug,3,150.0,INDUSTRY,RECRUITING,RANDOMIZED,True,QUADRUPLE,4.0,True,True,PARALLEL,True,False,True,True,False,False,0,
NCT05180175,2022.0,2021-2026,PHASE4,drug,2,300.0,OTHER,COMPLETED,RANDOMIZED,True,NONE,0.0,False,False,PARALLEL,True,True,True,False,False,False,1,
NCT00151944,2003.0,<=2015,PHASE3,drug,0,400.0,INDUSTRY,COMPLETED,RANDOMIZED,True,NONE,0.0,False,False,PARALLEL,True,True,True,False,False,True,0,
NCT06725017,2025.0,2021-2026,PHASE2,drug,3,60.0,OTHER,NOT_YET_RECRUITING,RANDOMIZED,True,QUADRUPLE,4.0,True,True,PARALLEL,True,False,True,True,False,False,0,False
NCT03151525,2017.0,2016-2020,PHASE4,drug,2,100.0,OTHER,UNKNOWN,RANDOMIZED,True,NONE,0.0,False,False,PARALLEL,True,True,True,False,False,False,1,False
NCT02818543,2016.0,2016-2020,PHASE1,drug,2,6.0,INDUSTRY,COMPLETED,NON_RANDOMIZED,False,NONE,0.0,False,False,PARALLEL,False,False,False,False,False,False,0,False
NCT03935451,2021.0,2021-2026,EARLY_PHASE1,drug,2,60.0,OTHER,UNKNOWN,RANDOMIZED,True,TRIPLE,3.0,True,True,PARALLEL,True,False,False,False,False,False,1,True
NCT07463183,2026.0,2021-2026,PHASE2,drug,4,100.0,INDUSTRY,RECRUITING,RANDOMIZED,True,TRIPLE,3.0,True,True,PARALLEL,True,False,True,True,False,False,0,True
NCT01805791,2013.0,<=2015,PHASE3,drug,3,201.0,INDUSTRY,TERMINATED,RANDOMIZED,True,QUADRUPLE,4.0,True,True,PARALLEL,True,True,True,True,True,False,0,
NCT00355602,2006.0,<=2015,NA,drug,0,40.0,OTHER,COMPLETED,NON_RANDOMIZED,False,NONE,0.0,False,False,SINGLE_GROUP,True,False,True,False,False,False,0,
NCT04925973,2021.0,2021-2026,PHASE2,drug,1,24.0,OTHER,ACTIVE_NOT_RECRUITING,NA,False,NONE,0.0,False,False,SINGLE_GROUP,False,False,True,False,False,False,2,False
NCT01984047,2014.0,<=2015,PHASE1,drug,6,49.0,INDUSTRY,COMPLETED,RANDOMIZED,True,DOUBLE,2.0,True,True,SINGLE_GROUP,True,False,True,True,False,False,1,False
NCT06614387,2024.0,2021-2026,PHASE3,drug,2,60.0,OTHER,NOT_YET_RECRUITING,RANDOMIZED,True,SINGLE,1.0,True,False,PARALLEL,False,True,True,False,False,False,0,False
NCT00038922,,,PHASE1,drug,0,,INDUSTRY,TERMINATED,,False,,,False,False,,,False,True,False,False,False,0,
NCT02611830,2015.0,<=2015,PHASE3,drug,3,383.0,INDUSTRY,COMPLETED,RANDOMIZED,True,QUADRUPLE,4.0,True,True,PARALLEL,True,True,True,True,True,False,3,True
NCT02345733,2015.0,<=2015,PHASE4,drug,2,20.0,OTHER_GOV,COMPLETED,NON_RANDOMIZED,False,NONE,0.0,False,False,SINGLE_GROUP,False,True,True,False,False,False,0,False
NCT05528510,2022.0,2021-2026,PHASE3,drug,3,418.0,INDUSTRY,ACTIVE_NOT_RECRUITING,RANDOMIZED,True,DOUBLE,2.0,True,True,PARALLEL,True,True,True,True,True,False,1,False
NCT02065622,2014.0,<=2015,PHASE3,drug,5,952.0,INDUSTRY,COMPLETED,RANDOMIZED,True,QUADRUPLE,4.0,True,True,PARALLEL,True,True,True,True,True,False,4,False
NCT00167882,2005.0,<=2015,PHASE4,drug,0,24.0,OTHER,COMPLETED,NON_RANDOMIZED,False,SINGLE,1.0,True,False,SINGLE_GROUP,False,True,True,False,False,False,0,
NCT02118584,2014.0,<=2015,PHASE3,drug,2,1822.0,INDUSTRY,TERMINATED,NA,False,NONE,0.0,False,False,SINGLE_GROUP,True,True,True,False,True,False,1,True
NCT05588843,2022.0,2021-2026,PHASE2,drug,4,187.0,INDUSTRY,ACTIVE_NOT_RECRUITING,RANDOMIZED,True,QUADRUPLE,4.0,True,True,PARALLEL,True,False,True,True,False,False,0,True
NCT04373473,2020.0,2016-2020,PHASE2,drug,2,58.0,OTHER,RECRUITING,RANDOMIZED,True,QUADRUPLE,4.0,True,True,PARALLEL,True,False,True,False,False,False,0,True
NCT04924114,2021.0,2021-2026,PHASE1,drug,5,57.0,INDUSTRY,COMPLETED,RANDOMIZED,True,QUADRUPLE,4.0,True,True,SEQUENTIAL,True,False,True,True,True,False,0,True
NCT07576452,2026.0,2021-2026,PHASE4,drug,4,240.0,OTHER,NOT_YET_RECRUITING,RANDOMIZED,True,NONE,0.0,False,False,PARALLEL,True,True,True,True,False,False,0,False
NCT05341401,2022.0,2021-2026,PHASE2;PHASE3,drug,2,100.0,OTHER,UNKNOWN,RANDOMIZED,True,SINGLE,1.0,True,False,PARALLEL,True,True,True,False,False,False,0,False
NCT04176588,2019.0,2016-2020,PHASE3,drug,3,341.0,INDUSTRY,UNKNOWN,RANDOMIZED,True,TRIPLE,3.0,True,True,PARALLEL,True,True,True,True,False,False,2,True
NCT03167437,2017.0,2016-2020,PHASE1;PHASE2,drug,3,35.0,NIH,RECRUITING,NON_RANDOMIZED,False,NONE,0.0,False,False,SINGLE_GROUP,False,False,True,True,False,False,1,
NCT01433471,2012.0,<=2015,NA,drug,2,4.0,OTHER,COMPLETED,RANDOMIZED,True,DOUBLE,2.0,True,True,CROSSOVER,False,False,False,False,True,False,0,True
NCT02550418,2015.0,<=2015,PHASE2,drug,1,60.0,INDUSTRY,COMPLETED,NA,False,NONE,0.0,False,False,SINGLE_GROUP,True,False,True,False,False,False,1,False
NCT02849951,2016.0,2016-2020,PHASE3,drug,2,25.0,INDUSTRY,TERMINATED,RANDOMIZED,True,QUADRUPLE,4.0,True,True,PARALLEL,False,True,True,False,False,False,0,False
NCT04835506,2021.0,2021-2026,PHASE4,drug,2,124.0,OTHER,ACTIVE_NOT_RECRUITING,RANDOMIZED,True,NONE,0.0,False,False,PARALLEL,True,True,True,False,False,False,1,True
NCT03398148,2018.0,2016-2020,PHASE2;PHASE3,drug,15,1558.0,INDUSTRY,COMPLETED,RANDOMIZED,True,DOUBLE,2.0,True,True,PARALLEL,True,True,True,True,True,False,5,True
NCT01772615,2011.0,<=2015,PHASE4,drug,4,100.0,OTHER,COMPLETED,RANDOMIZED,True,QUADRUPLE,4.0,True,True,PARALLEL,True,True,True,True,False,False,0,True
NCT02368717,2015.0,<=2015,PHASE3,drug,2,281.0,INDUSTRY,COMPLETED,RANDOMIZED,True,DOUBLE,2.0,True,True,PARALLEL,True,True,True,False,False,False,0,False
NCT01941589,2013.0,<=2015,PHASE4,drug,4,149.0,OTHER_GOV,COMPLETED,RANDOMIZED,True,SINGLE,1.0,True,False,PARALLEL,True,True,True,True,False,False,1,False
NCT02559713,2017.0,2016-2020,PHASE4,drug,1,11.0,INDUSTRY,COMPLETED,NA,False,NONE,0.0,False,False,SINGLE_GROUP,False,True,True,False,True,False,1,False
NCT05844592,2022.0,2021-2026,PHASE1,drug,5,40.0,INDUSTRY,COMPLETED,RANDOMIZED,True,DOUBLE,2.0,True,True,SEQUENTIAL,True,False,True,True,False,False,0,True
NCT06758024,2025.0,2021-2026,NA,drug,2,72.0,OTHER,RECRUITING,RANDOMIZED,True,NONE,0.0,False,False,PARALLEL,True,False,True,False,False,False,0,False
NCT05672199,2023.0,2021-2026,PHASE2,drug,4,25.0,INDUSTRY,TERMINATED,RANDOMIZED,True,DOUBLE,2.0,True,True,PARALLEL,False,False,True,True,False,False,0,True
NCT01290042,2011.0,<=2015,PHASE1,drug,2,43.0,INDUSTRY,COMPLETED,RANDOMIZED,True,QUADRUPLE,4.0,True,True,SINGLE_GROUP,True,False,True,False,False,False,0,
NCT00063830,2003.0,<=2015,PHASE2,drug,0,,INDUSTRY,COMPLETED,,False,,,False,False,,,False,True,False,False,False,0,
NCT05112263,2023.0,2021-2026,NA,drug,2,96.0,OTHER,UNKNOWN,RANDOMIZED,True,NONE,0.0,False,False,PARALLEL,True,False,True,False,False,False,0,False
NCT05785715,2023.0,2021-2026,PHASE2,drug,3,81.0,INDUSTRY,TERMINATED,RANDOMIZED,True,QUADRUPLE,4.0,True,True,PARALLEL,True,False,True,True,True,False,0,False
NCT02537210,2015.0,<=2015,NA,drug,2,177.0,OTHER,COMPLETED,RANDOMIZED,True,DOUBLE,2.0,True,True,PARALLEL,True,False,True,False,False,False,0,False
NCT07223424,2025.0,2021-2026,PHASE2,drug,2,880.0,OTHER,RECRUITING,RANDOMIZED,True,NONE,0.0,False,False,CROSSOVER,True,False,True,False,False,False,0,True
NCT03800420,2019.0,2016-2020,PHASE2,drug,2,16.0,INDUSTRY,TERMINATED,RANDOMIZED,True,QUADRUPLE,4.0,True,True,PARALLEL,False,False,True,False,True,False,0,
NCT04979832,2021.0,2021-2026,PHASE1;PHASE2,drug,1,18.0,OTHER,UNKNOWN,NA,False,NONE,0.0,False,False,SINGLE_GROUP,False,False,True,False,False,False,0,True
NCT07229950,2025.0,2021-2026,PHASE2,drug,3,48.0,INDUSTRY,RECRUITING,RANDOMIZED,True,QUADRUPLE,4.0,True,True,PARALLEL,False,False,True,True,False,False,0,
NCT07300553,2026.0,2021-2026,PHASE2,drug,2,45.0,OTHER,RECRUITING,NON_RANDOMIZED,False,NONE,0.0,False,False,PARALLEL,False,False,False,False,False,False,0,True
NCT00065065,2002.0,<=2015,PHASE2,drug,2,105.0,OTHER,COMPLETED,RANDOMIZED,True,QUADRUPLE,4.0,True,True,PARALLEL,True,False,True,False,True,True,1,True
NCT03100864,2017.0,2016-2020,PHASE2,drug,1,8.0,INDUSTRY,COMPLETED,NA,False,NONE,0.0,False,False,SINGLE_GROUP,False,False,True,False,True,False,0,True
NCT06052059,2023.0,2021-2026,PHASE3,drug,11,1020.0,INDUSTRY,ACTIVE_NOT_RECRUITING,RANDOMIZED,True,QUADRUPLE,4.0,True,True,PARALLEL,True,True,True,True,False,False,0,True
NCT04624230,2021.0,2021-2026,PHASE3,drug,1,118.0,INDUSTRY,ACTIVE_NOT_RECRUITING,NA,False,NONE,0.0,False,False,SEQUENTIAL,True,True,True,False,False,True,0,True
NCT01971814,2013.0,<=2015,PHASE1,drug,1,11.0,OTHER,COMPLETED,NA,False,NONE,0.0,False,False,SINGLE_GROUP,False,False,False,False,False,False,0,True
NCT04587141,2020.0,2016-2020,PHASE3,drug,3,300.0,OTHER,UNKNOWN,RANDOMIZED,True,NONE,0.0,False,False,PARALLEL,True,True,True,True,False,False,0,True
NCT02155335,2014.0,<=2015,PHASE4,drug,2,100.0,INDUSTRY,COMPLETED,RANDOMIZED,True,NONE,0.0,False,False,CROSSOVER,True,True,True,False,True,False,1,False
NCT05119140,2022.0,2021-2026,PHASE1;PHASE2,drug,1,3.0,OTHER,ACTIVE_NOT_RECRUITING,NA,False,NONE,0.0,False,False,SINGLE_GROUP,False,False,False,False,False,False,0,True
NCT03675477,2019.0,2016-2020,PHASE2,drug,4,164.0,INDUSTRY,COMPLETED,RANDOMIZED,True,DOUBLE,2.0,True,True,PARALLEL,True,False,True,True,True,False,1,
NCT04156984,2021.0,2021-2026,PHASE4,drug,2,27.0,OTHER,COMPLETED,RANDOMIZED,True,NONE,0.0,False,False,PARALLEL,False,True,True,False,False,True,0,False
NCT03329209,2018.0,2016-2020,PHASE1,drug,1,16.0,INDUSTRY,COMPLETED,NA,False,NONE,0.0,False,False,SINGLE_GROUP,False,False,False,False,True,False,0,False
NCT01562314,2012.0,<=2015,PHASE2,drug,2,60.0,INDUSTRY,COMPLETED,RANDOMIZED,True,QUADRUPLE,4.0,True,True,PARALLEL,True,False,True,False,True,True,0,False
NCT03923478,2019.0,2016-2020,PHASE1,drug,2,15.0,INDUSTRY,TERMINATED,RANDOMIZED,True,QUADRUPLE,4.0,True,True,PARALLEL,False,False,True,False,False,False,0,False
NCT04504383,2020.0,2016-2020,PHASE2,drug,3,169.0,INDUSTRY,COMPLETED,RANDOMIZED,True,TRIPLE,3.0,True,True,PARALLEL,True,False,True,True,False,False,0,True
NCT06346288,2024.0,2021-2026,PHASE4,both,1,10.0,INDUSTRY,COMPLETED,NA,False,NONE,0.0,False,False,SINGLE_GROUP,False,True,False,False,False,False,0,False
NCT03478956,2018.0,2016-2020,PHASE1,drug,2,24.0,INDUSTRY,TERMINATED,RANDOMIZED,True,NONE,0.0,False,False,PARALLEL,False,False,True,False,True,False,0,False
NCT01177228,2007.0,<=2015,PHASE2,drug,4,47.0,INDUSTRY,COMPLETED,RANDOMIZED,True,DOUBLE,2.0,True,True,PARALLEL,False,False,True,True,True,False,2,False
NCT00616434,2008.0,<=2015,PHASE2,drug,2,123.0,INDUSTRY,COMPLETED,RANDOMIZED,True,DOUBLE,2.0,True,True,PARALLEL,True,False,True,False,True,False,0,False
NCT05666960,2023.0,2021-2026,PHASE1,drug,0,36.0,INDUSTRY,RECRUITING,NA,False,NONE,0.0,False,False,SINGLE_GROUP,True,False,True,False,False,False,0,True
NCT05570006,2023.0,2021-2026,PHASE2,drug,1,30.0,INDUSTRY,COMPLETED,NA,False,NONE,0.0,False,False,SINGLE_GROUP,False,False,True,False,True,False,0,False
NCT07646223,2026.0,2021-2026,PHASE2,drug,5,140.0,OTHER,NOT_YET_RECRUITING,RANDOMIZED,True,NONE,0.0,False,False,PARALLEL,True,False,True,True,False,False,0,True
NCT00421642,2006.0,<=2015,PHASE1,drug,0,20.0,OTHER,COMPLETED,NA,False,NONE,0.0,False,False,SINGLE_GROUP,False,False,True,False,False,True,0,False
NCT02306798,2013.0,<=2015,PHASE1,drug,1,9.0,INDUSTRY,COMPLETED,NA,False,NONE,0.0,False,False,SINGLE_GROUP,False,False,False,False,False,False,0,False
NCT07665294,2026.0,2021-2026,PHASE4,drug,2,160.0,OTHER,NOT_YET_RECRUITING,RANDOMIZED,True,SINGLE,1.0,True,False,PARALLEL,True,True,True,False,False,False,0,True
NCT01149694,2009.0,<=2015,PHASE1,drug,4,24.0,INDUSTRY,COMPLETED,RANDOMIZED,True,DOUBLE,2.0,True,True,PARALLEL,False,False,True,True,False,False,0,False
NCT00446849,2007.0,<=2015,PHASE4,drug,1,290.0,INDUSTRY,COMPLETED,NA,False,NONE,0.0,False,False,SINGLE_GROUP,True,True,True,False,True,True,1,
NCT05975047,2023.0,2021-2026,PHASE1,drug,2,38.0,INDUSTRY,COMPLETED,RANDOMIZED,True,TRIPLE,3.0,True,True,SEQUENTIAL,True,False,True,False,False,False,0,True
NCT05867329,2023.0,2021-2026,PHASE4,drug,9,162.0,OTHER,RECRUITING,RANDOMIZED,True,NONE,0.0,False,False,SEQUENTIAL,True,True,True,True,False,False,1,
NCT00317356,2006.0,<=2015,PHASE2,drug,0,43.0,INDUSTRY,TERMINATED,RANDOMIZED,True,DOUBLE,2.0,True,True,PARALLEL,False,False,True,False,True,False,0,False
NCT01039597,2009.0,<=2015,PHASE1;PHASE2,drug,2,50.0,INDUSTRY,UNKNOWN,RANDOMIZED,True,QUADRUPLE,4.0,True,True,PARALLEL,True,False,True,False,False,False,0,False
NCT03482635,2018.0,2016-2020,PHASE2;PHASE3,drug,4,98.0,INDUSTRY,COMPLETED,RANDOMIZED,True,DOUBLE,2.0,True,True,PARALLEL,False,True,True,True,True,False,0,True
NCT01567956,2012.0,<=2015,PHASE3,drug,2,150.0,INDUSTRY,TERMINATED,RANDOMIZED,True,QUADRUPLE,4.0,True,True,PARALLEL,True,True,True,False,False,False,0,True
NCT04057547,2019.0,2016-2020,EARLY_PHASE1,drug,2,60.0,OTHER,UNKNOWN,RANDOMIZED,True,NONE,0.0,False,False,PARALLEL,True,False,True,False,False,False,0,True
NCT00676832,2008.0,<=2015,PHASE2,drug,5,190.0,INDUSTRY,COMPLETED,RANDOMIZED,True,DOUBLE,2.0,True,True,PARALLEL,True,False,True,True,False,False,0,False
NCT04630028,2021.0,2021-2026,PHASE3,drug,3,112.0,INDUSTRY,COMPLETED,RANDOMIZED,True,DOUBLE,2.0,True,True,PARALLEL,True,True,True,True,False,False,0,True
NCT04877990,2021.0,2021-2026,PHASE2,drug,1,67.0,INDUSTRY,COMPLETED,NA,False,NONE,0.0,False,False,SINGLE_GROUP,True,False,True,False,True,False,0,True
NCT03521232,2018.0,2016-2020,PHASE1;PHASE2,drug,2,27.0,INDUSTRY,TERMINATED,NON_RANDOMIZED,False,NONE,0.0,False,False,PARALLEL,False,False,False,False,False,False,0,True
NCT03209232,2018.0,2016-2020,NA,drug,2,10.0,OTHER,TERMINATED,RANDOMIZED,True,NONE,0.0,False,False,PARALLEL,False,False,True,False,False,False,0,True
NCT02531126,2015.0,<=2015,PHASE3,drug,1,877.0,INDUSTRY,COMPLETED,NA,False,NONE,0.0,False,False,SINGLE_GROUP,True,True,True,False,True,False,6,True
NCT00295282,2006.0,<=2015,PHASE1,drug,1,24.0,INDUSTRY,COMPLETED,RANDOMIZED,True,NONE,0.0,False,False,SINGLE_GROUP,False,False,True,False,False,False,0,False
NCT03917095,2019.0,2016-2020,NA,both,5,75.0,OTHER,UNKNOWN,RANDOMIZED,True,SINGLE,1.0,True,False,PARALLEL,True,False,False,True,False,True,0,True
NCT01586533,2012.0,<=2015,PHASE2,drug,2,120.0,INDUSTRY,UNKNOWN,RANDOMIZED,True,QUADRUPLE,4.0,True,True,PARALLEL,True,False,True,False,False,False,0,True
NCT07309744,2025.0,2021-2026,EARLY_PHASE1,drug,1,30.0,OTHER,NOT_YET_RECRUITING,NA,False,NONE,0.0,False,False,SINGLE_GROUP,True,False,True,False,False,False,0,False
NCT00537316,2007.0,<=2015,PHASE3,drug,7,242.0,INDUSTRY,TERMINATED,RANDOMIZED,True,DOUBLE,2.0,True,True,PARALLEL,True,True,True,True,True,True,1,False
NCT04064697,2021.0,2021-2026,PHASE3,drug,2,6.0,OTHER,TERMINATED,RANDOMIZED,True,NONE,0.0,False,False,PARALLEL,False,True,True,False,False,False,0,True
NCT05561062,2022.0,2021-2026,PHASE2,drug,2,50.0,OTHER,COMPLETED,RANDOMIZED,True,DOUBLE,2.0,True,True,PARALLEL,True,False,True,False,False,False,1,
NCT03341962,2018.0,2016-2020,PHASE2,drug,8,263.0,INDUSTRY,TERMINATED,RANDOMIZED,True,TRIPLE,3.0,True,True,PARALLEL,True,False,True,True,True,False,1,False
NCT06213857,2025.0,2021-2026,PHASE2,drug,2,44.0,OTHER,RECRUITING,RANDOMIZED,True,NONE,0.0,False,False,PARALLEL,False,False,True,False,False,False,0,
NCT02129439,2014.0,<=2015,PHASE1;PHASE2,drug,2,20.0,INDUSTRY,COMPLETED,RANDOMIZED,True,DOUBLE,2.0,True,True,PARALLEL,False,False,True,False,False,False,0,True
NCT00268164,2004.0,<=2015,PHASE2,drug,0,48.0,OTHER,TERMINATED,RANDOMIZED,True,DOUBLE,2.0,True,True,PARALLEL,False,False,True,False,False,False,1,
NCT02463305,2022.0,2021-2026,EARLY_PHASE1,drug,3,0.0,OTHER,WITHDRAWN,RANDOMIZED,True,TRIPLE,3.0,True,True,PARALLEL,False,False,True,True,False,False,0,True
NCT05781698,2023.0,2021-2026,PHASE2,drug,2,60.0,OTHER,COMPLETED,RANDOMIZED,True,DOUBLE,2.0,True,True,PARALLEL,True,False,True,False,False,False,1,
NCT06993974,2025.0,2021-2026,PHASE2,drug,2,70.0,OTHER,RECRUITING,RANDOMIZED,True,DOUBLE,2.0,True,True,PARALLEL,True,False,True,False,False,False,0,
NCT03934216,2019.0,2016-2020,PHASE2,drug,2,131.0,INDUSTRY,COMPLETED,RANDOMIZED,True,QUADRUPLE,4.0,True,True,PARALLEL,True,False,True,False,True,False,0,True
NCT03259334,2018.0,2016-2020,PHASE3,drug,3,380.0,INDUSTRY,TERMINATED,RANDOMIZED,True,DOUBLE,2.0,True,True,PARALLEL,True,True,True,True,True,False,0,True
NCT07012395,2025.0,2021-2026,PHASE2,drug,13,645.0,INDUSTRY,RECRUITING,RANDOMIZED,True,QUADRUPLE,4.0,True,True,PARALLEL,True,False,True,True,False,False,0,True
NCT00720538,2008.0,<=2015,PHASE3,drug,2,84.0,OTHER,COMPLETED,RANDOMIZED,True,QUADRUPLE,4.0,True,True,PARALLEL,False,True,True,False,False,False,1,True
NCT05767021,2023.0,2021-2026,PHASE3,drug,1,172.0,INDUSTRY,COMPLETED,NA,False,NONE,0.0,False,False,SINGLE_GROUP,True,True,True,False,True,False,1,False
NCT06525974,2024.0,2021-2026,EARLY_PHASE1,drug,2,46.0,OTHER,NOT_YET_RECRUITING,RANDOMIZED,True,SINGLE,1.0,True,False,PARALLEL,True,False,True,False,False,False,0,
NCT04677179,2021.0,2021-2026,PHASE2,drug,3,81.0,INDUSTRY,TERMINATED,RANDOMIZED,True,DOUBLE,2.0,True,True,PARALLEL,True,False,True,True,True,False,0,False
NCT02039505,2014.0,<=2015,PHASE3,drug,7,292.0,INDUSTRY,COMPLETED,RANDOMIZED,True,QUADRUPLE,4.0,True,True,PARALLEL,True,True,True,True,True,False,4,False
NCT02452151,2015.0,<=2015,PHASE4,drug,2,300.0,OTHER,UNKNOWN,RANDOMIZED,True,DOUBLE,2.0,True,True,PARALLEL,True,True,True,False,False,False,0,False
NCT00810030,2008.0,<=2015,PHASE3,drug,2,484.0,INDUSTRY,COMPLETED,RANDOMIZED,True,NONE,0.0,False,False,PARALLEL,True,True,True,False,False,False,0,False
NCT07062185,2025.0,2021-2026,NA,drug,1,10.0,OTHER,NOT_YET_RECRUITING,NA,False,NONE,0.0,False,False,SINGLE_GROUP,False,False,True,False,False,False,0,False
NCT07692165,2026.0,2021-2026,PHASE1;PHASE2,drug,2,24.0,INDUSTRY,RECRUITING,RANDOMIZED,True,NONE,0.0,False,False,PARALLEL,False,False,True,False,False,False,0,False
NCT02994836,2017.0,2016-2020,PHASE4,drug,2,139.0,OTHER,COMPLETED,RANDOMIZED,True,QUADRUPLE,4.0,True,True,PARALLEL,True,True,True,False,False,False,1,False
NCT00727324,2006.0,<=2015,PHASE2,drug,1,22.0,INDUSTRY,COMPLETED,NA,False,NONE,0.0,False,False,SINGLE_GROUP,False,False,True,False,False,True,0,True
NCT00618228,2004.0,<=2015,NA,drug,0,52.0,INDUSTRY,COMPLETED,RANDOMIZED,True,NONE,0.0,False,False,CROSSOVER,True,False,True,False,False,False,0,False
NCT01287195,2011.0,<=2015,PHASE1;PHASE2,drug,1,6.0,OTHER,COMPLETED,NA,False,NONE,0.0,False,False,SINGLE_GROUP,False,False,True,False,True,False,0,True
NCT01506362,2012.0,<=2015,PHASE2,drug,1,22.0,INDUSTRY,COMPLETED,NA,False,NONE,0.0,False,False,SINGLE_GROUP,False,False,True,False,True,False,0,False
NCT02186886,2014.0,<=2015,PHASE4,drug,1,50.0,OTHER,UNKNOWN,NA,False,NONE,0.0,False,False,SINGLE_GROUP,False,True,False,False,False,False,0,False
NCT02573844,2015.0,<=2015,PHASE4,drug,2,30.0,INDUSTRY,COMPLETED,RANDOMIZED,True,DOUBLE,2.0,True,True,CROSSOVER,False,True,True,False,False,False,0,True
NCT00820365,2009.0,<=2015,PHASE2,drug,0,34.0,INDUSTRY,COMPLETED,NA,False,NONE,0.0,False,False,SINGLE_GROUP,False,False,True,False,False,False,2,True
NCT04458805,2020.0,2016-2020,PHASE1,drug,2,56.0,INDUSTRY,COMPLETED,RANDOMIZED,True,QUADRUPLE,4.0,True,True,PARALLEL,True,False,True,False,False,False,0,
NCT00326209,2005.0,<=2015,PHASE3,drug,1,393.0,INDUSTRY,COMPLETED,NA,False,NONE,0.0,False,False,SINGLE_GROUP,True,True,True,False,True,False,1,
NCT01551290,2012.0,<=2015,PHASE3,drug,2,99.0,INDUSTRY,COMPLETED,RANDOMIZED,True,DOUBLE,2.0,True,True,PARALLEL,False,True,True,False,False,False,0,False
NCT00505778,2007.0,<=2015,PHASE3,drug,2,1027.0,INDUSTRY,COMPLETED,RANDOMIZED,True,SINGLE,1.0,True,False,PARALLEL,True,True,True,False,True,False,1,False
NCT06609447,2024.0,2021-2026,PHASE4,drug,2,100.0,OTHER,RECRUITING,RANDOMIZED,True,DOUBLE,2.0,True,True,PARALLEL,True,True,True,False,False,False,0,
NCT06829225,2024.0,2021-2026,PHASE1,drug,6,48.0,INDUSTRY,COMPLETED,RANDOMIZED,True,TRIPLE,3.0,True,True,PARALLEL,True,False,False,True,False,False,0,False
NCT02954159,2017.0,2016-2020,PHASE3,drug,2,4.0,OTHER,TERMINATED,RANDOMIZED,True,DOUBLE,2.0,True,True,PARALLEL,False,True,True,False,True,False,0,True
NCT05481619,2021.0,2021-2026,PHASE4,drug,2,30.0,OTHER,RECRUITING,NON_RANDOMIZED,False,SINGLE,1.0,True,False,PARALLEL,False,True,True,False,False,False,0,False
NCT01534312,2012.0,<=2015,NA,drug,2,24.0,OTHER,COMPLETED,RANDOMIZED,True,NONE,0.0,False,False,PARALLEL,False,False,True,False,False,False,0,True
NCT04991324,2022.0,2021-2026,PHASE3,drug,3,150.0,OTHER,COMPLETED,RANDOMIZED,True,NONE,0.0,False,False,PARALLEL,True,True,True,True,False,False,0,False
NCT02000453,2013.0,<=2015,PHASE1,drug,1,2.0,INDUSTRY,TERMINATED,NA,False,NONE,0.0,False,False,SINGLE_GROUP,False,False,True,False,False,False,0,False
NCT02280629,2014.0,<=2015,PHASE3,drug,3,150.0,INDUSTRY,COMPLETED,RANDOMIZED,True,QUADRUPLE,4.0,True,True,PARALLEL,True,True,True,True,False,False,1,True
NCT02743806,2016.0,2016-2020,PHASE4,drug,1,331.0,INDUSTRY,TERMINATED,NA,False,NONE,0.0,False,False,SINGLE_GROUP,True,True,True,False,True,False,2,False
NCT02267694,2013.0,<=2015,PHASE1,drug,1,7.0,OTHER,COMPLETED,NA,False,NONE,0.0,False,False,SINGLE_GROUP,False,False,True,False,False,False,0,True
NCT00092508,2004.0,<=2015,PHASE3,drug,0,1725.0,INDUSTRY,COMPLETED,RANDOMIZED,True,DOUBLE,2.0,True,True,PARALLEL,True,True,True,False,False,False,0,
NCT00572585,2010.0,<=2015,PHASE2,drug,2,60.0,INDUSTRY,COMPLETED,RANDOMIZED,True,DOUBLE,2.0,True,True,PARALLEL,True,False,True,False,False,False,0,False
NCT00853099,2009.0,<=2015,PHASE3,drug,3,274.0,INDUSTRY,COMPLETED,RANDOMIZED,True,DOUBLE,2.0,True,True,PARALLEL,True,True,True,True,True,False,0,False
NCT03937609,2019.0,2016-2020,PHASE4,drug,2,50.0,OTHER,TERMINATED,RANDOMIZED,True,NONE,0.0,False,False,PARALLEL,False,True,True,False,False,False,0,True
NCT06309472,2024.0,2021-2026,PHASE2,drug,2,76.0,OTHER,RECRUITING,RANDOMIZED,True,QUADRUPLE,4.0,True,True,PARALLEL,True,False,True,False,False,False,0,False
NCT04908644,2021.0,2021-2026,NA,drug,2,40.0,OTHER,UNKNOWN,RANDOMIZED,True,TRIPLE,3.0,True,True,PARALLEL,True,False,False,False,False,False,0,False
NCT01349673,2011.0,<=2015,PHASE3,drug,1,114.0,INDUSTRY,TERMINATED,NA,False,NONE,0.0,False,False,SINGLE_GROUP,True,True,True,False,True,False,0,False
NCT03950232,2019.0,2016-2020,PHASE3,drug,1,896.0,INDUSTRY,ACTIVE_NOT_RECRUITING,NA,False,NONE,0.0,False,False,SINGLE_GROUP,True,True,True,False,False,False,1,False
NCT04312113,2020.0,2016-2020,PHASE1,drug,1,20.0,OTHER,ACTIVE_NOT_RECRUITING,NA,False,NONE,0.0,False,False,SINGLE_GROUP,False,False,True,False,False,False,0,True
NCT04130919,2019.0,2016-2020,PHASE2,drug,4,19.0,INDUSTRY,TERMINATED,RANDOMIZED,True,DOUBLE,2.0,True,True,PARALLEL,False,False,True,True,True,False,0,True
NCT03110198,2017.0,2016-2020,PHASE4,drug,3,528.0,OTHER,UNKNOWN,RANDOMIZED,True,DOUBLE,2.0,True,True,PARALLEL,True,True,True,True,False,False,0,False
NCT03327558,2017.0,2016-2020,PHASE1,drug,2,60.0,INDUSTRY,COMPLETED,RANDOMIZED,True,DOUBLE,2.0,True,True,PARALLEL,True,False,True,False,False,False,0,False
NCT01320436,2011.0,<=2015,PHASE3,drug,2,50.0,OTHER_GOV,COMPLETED,RANDOMIZED,True,TRIPLE,3.0,True,True,PARALLEL,False,True,True,False,False,False,1,False
NCT03656627,2019.0,2016-2020,PHASE1,drug,2,7.0,OTHER,TERMINATED,NON_RANDOMIZED,False,NONE,0.0,False,False,PARALLEL,False,False,True,False,False,False,0,True
NCT06095596,2023.0,2021-2026,NA,drug,2,334.0,OTHER,RECRUITING,RANDOMIZED,True,NONE,0.0,False,False,PARALLEL,True,False,True,False,False,False,1,
NCT05558761,2022.0,2021-2026,PHASE2,drug,2,50.0,OTHER,COMPLETED,RANDOMIZED,True,DOUBLE,2.0,True,True,PARALLEL,True,False,True,False,False,False,1,
NCT02497469,2015.0,<=2015,PHASE3,drug,2,771.0,INDUSTRY,COMPLETED,RANDOMIZED,True,DOUBLE,2.0,True,True,PARALLEL,True,True,True,False,True,False,3,False
NCT07513181,2026.0,2021-2026,PHASE2,drug,2,120.0,INDUSTRY,NOT_YET_RECRUITING,RANDOMIZED,True,DOUBLE,2.0,True,True,PARALLEL,True,False,True,False,False,False,0,True
NCT03695185,2019.0,2016-2020,PHASE2,drug,1,42.0,INDUSTRY,COMPLETED,NA,False,NONE,0.0,False,False,SINGLE_GROUP,False,False,True,False,True,False,1,True
NCT00628433,2008.0,<=2015,PHASE1;PHASE2,drug,5,27.0,INDUSTRY,COMPLETED,RANDOMIZED,True,QUADRUPLE,4.0,True,True,PARALLEL,False,False,True,True,False,False,0,False
NCT02958865,2017.0,2016-2020,PHASE2,drug,10,319.0,INDUSTRY,COMPLETED,RANDOMIZED,True,DOUBLE,2.0,True,True,PARALLEL,True,False,True,True,True,False,5,True
NCT03832400,2019.0,2016-2020,PHASE1,drug,3,11.0,OTHER,COMPLETED,RANDOMIZED,True,SINGLE,1.0,True,False,PARALLEL,False,False,True,True,False,False,0,False
NCT02163759,2014.0,<=2015,PHASE3,drug,3,358.0,INDUSTRY,COMPLETED,RANDOMIZED,True,DOUBLE,2.0,True,True,PARALLEL,True,True,True,True,True,False,2,True
NCT03309865,2017.0,2016-2020,EARLY_PHASE1,drug,1,0.0,OTHER,WITHDRAWN,NA,False,NONE,0.0,False,False,SINGLE_GROUP,False,False,True,False,False,False,0,True
NCT06850727,2025.0,2021-2026,PHASE2,drug,3,57.0,INDUSTRY,RECRUITING,RANDOMIZED,True,QUADRUPLE,4.0,True,True,PARALLEL,True,False,True,True,False,False,0,True
NCT01453491,2012.0,<=2015,PHASE1,drug,2,17.0,INDUSTRY,COMPLETED,RANDOMIZED,True,QUADRUPLE,4.0,True,True,PARALLEL,False,False,True,False,False,False,1,False
NCT06693908,2025.0,2021-2026,PHASE1;PHASE2,drug,1,24.0,INDUSTRY,ACTIVE_NOT_RECRUITING,NA,False,NONE,0.0,False,False,SINGLE_GROUP,False,False,True,False,False,False,0,False
NCT06049017,2023.0,2021-2026,PHASE2,drug,4,252.0,INDUSTRY,COMPLETED,RANDOMIZED,True,DOUBLE,2.0,True,True,PARALLEL,True,False,True,True,False,False,0,True
NCT07269223,2025.0,2021-2026,NA,drug,2,60.0,OTHER,RECRUITING,RANDOMIZED,True,NONE,0.0,False,False,PARALLEL,True,False,True,False,False,False,0,
NCT06606808,2024.0,2021-2026,PHASE1;PHASE2,drug,4,18.0,OTHER,RECRUITING,NON_RANDOMIZED,False,NONE,0.0,False,False,SEQUENTIAL,False,False,False,True,False,False,0,False
NCT00279435,2006.0,<=2015,PHASE2;PHASE3,drug,2,25.0,INDUSTRY,TERMINATED,RANDOMIZED,True,TRIPLE,3.0,True,True,CROSSOVER,False,True,True,False,False,False,0,True
NCT02281799,2015.0,<=2015,PHASE4,drug,1,0.0,OTHER,WITHDRAWN,NA,False,NONE,0.0,False,False,SINGLE_GROUP,False,True,True,False,False,False,0,False
NCT05507203,2022.0,2021-2026,PHASE3,drug,3,639.0,INDUSTRY,COMPLETED,RANDOMIZED,True,TRIPLE,3.0,True,True,PARALLEL,True,True,True,True,False,False,0,True
NCT00347048,2006.0,<=2015,PHASE3,drug,2,62.0,INDUSTRY,COMPLETED,RANDOMIZED,True,QUADRUPLE,4.0,True,True,PARALLEL,False,True,True,False,False,False,0,True
NCT03059849,2018.0,2016-2020,PHASE4,drug,2,0.0,OTHER,WITHDRAWN,NON_RANDOMIZED,False,NONE,0.0,False,False,PARALLEL,False,True,True,False,False,False,0,False
NCT02749630,2016.0,2016-2020,PHASE1,drug,3,70.0,INDUSTRY,COMPLETED,RANDOMIZED,True,DOUBLE,2.0,True,True,SINGLE_GROUP,True,False,True,True,False,False,2,
NCT00652145,2008.0,<=2015,PHASE4,drug,2,119.0,OTHER,COMPLETED,RANDOMIZED,True,NONE,0.0,False,False,PARALLEL,True,True,False,False,True,True,0,False
NCT03237260,2017.0,2016-2020,PHASE4,drug,1,0.0,OTHER,WITHDRAWN,NA,False,NONE,0.0,False,False,SINGLE_GROUP,False,True,True,False,False,False,0,False
NCT05377580,2022.0,2021-2026,PHASE2,drug,6,150.0,INDUSTRY,COMPLETED,RANDOMIZED,True,QUADRUPLE,4.0,True,True,PARALLEL,True,False,True,True,False,False,0,False
NCT04277546,2020.0,2016-2020,PHASE2,drug,2,57.0,INDUSTRY,TERMINATED,NON_RANDOMIZED,False,NONE,0.0,False,False,PARALLEL,True,False,True,False,True,False,0,
NCT01988506,2014.0,<=2015,PHASE2,drug,1,81.0,OTHER,COMPLETED,NA,False,NONE,0.0,False,False,SINGLE_GROUP,True,False,True,False,False,False,1,True
NCT03281304,2017.0,2016-2020,PHASE4,drug,2,140.0,INDUSTRY,TERMINATED,RANDOMIZED,True,QUADRUPLE,4.0,True,True,PARALLEL,True,True,True,False,True,False,5,True
NCT07665723,2026.0,2021-2026,PHASE1,drug,1,25.0,INDUSTRY,RECRUITING,NA,False,NONE,0.0,False,False,SINGLE_GROUP,False,False,True,False,False,False,0,False
NCT07415044,2026.0,2021-2026,PHASE2,drug,3,1431.0,INDUSTRY,RECRUITING,RANDOMIZED,True,DOUBLE,2.0,True,True,PARALLEL,True,False,True,True,False,False,0,True
NCT03283085,2018.0,2016-2020,PHASE3,drug,6,557.0,INDUSTRY,COMPLETED,RANDOMIZED,True,DOUBLE,2.0,True,True,PARALLEL,True,True,True,True,True,False,0,True
NCT01216280,2010.0,<=2015,PHASE2,drug,3,75.0,INDUSTRY,UNKNOWN,RANDOMIZED,True,DOUBLE,2.0,True,True,PARALLEL,True,False,True,True,False,False,0,False
NCT01456052,2012.0,<=2015,PHASE2,drug,3,59.0,INDUSTRY,COMPLETED,RANDOMIZED,True,QUADRUPLE,4.0,True,True,PARALLEL,True,False,True,True,True,False,0,False
NCT01706159,2012.0,<=2015,PHASE2,drug,2,20.0,INDUSTRY,TERMINATED,RANDOMIZED,True,DOUBLE,2.0,True,True,PARALLEL,False,False,True,False,True,False,0,False
NCT06589986,2024.0,2021-2026,PHASE3,drug,2,400.0,INDUSTRY,ACTIVE_NOT_RECRUITING,RANDOMIZED,True,DOUBLE,2.0,True,True,PARALLEL,True,True,True,False,False,False,0,True
NCT04543994,2020.0,2016-2020,PHASE1;PHASE2,drug,3,7.0,OTHER,TERMINATED,RANDOMIZED,True,SINGLE,1.0,True,False,PARALLEL,False,False,True,True,False,False,0,True
NCT01670240,2012.0,<=2015,PHASE3,drug,2,13.0,OTHER,COMPLETED,RANDOMIZED,True,QUADRUPLE,4.0,True,True,PARALLEL,False,True,True,False,False,False,0,True
NCT06625450,2024.0,2021-2026,PHASE4,drug,2,75.0,OTHER,NOT_YET_RECRUITING,RANDOMIZED,True,SINGLE,1.0,True,False,PARALLEL,False,True,True,False,False,False,0,False
NCT02217722,2014.0,<=2015,NA,drug,2,9.0,OTHER_GOV,TERMINATED,NON_RANDOMIZED,False,NONE,0.0,False,False,SINGLE_GROUP,False,False,True,False,False,False,0,True
NCT00545389,2003.0,<=2015,PHASE2,drug,0,38.0,INDUSTRY,COMPLETED,RANDOMIZED,True,QUADRUPLE,4.0,True,True,PARALLEL,False,False,True,False,False,True,0,
NCT01477320,2013.0,<=2015,NA,drug,2,124.0,OTHER,COMPLETED,RANDOMIZED,True,TRIPLE,3.0,True,True,PARALLEL,True,False,False,False,True,False,0,True
NCT00791557,2008.0,<=2015,NA,drug,1,2.0,OTHER,COMPLETED,NA,False,NONE,0.0,False,False,SINGLE_GROUP,False,False,True,False,True,False,0,False
NCT05442567,2023.0,2021-2026,PHASE3,drug,7,240.0,INDUSTRY,RECRUITING,NON_RANDOMIZED,False,NONE,0.0,False,False,PARALLEL,True,True,True,True,False,False,0,True
NCT02840721,2016.0,2016-2020,PHASE2,drug,1,50.0,INDUSTRY,COMPLETED,NA,False,NONE,0.0,False,False,SINGLE_GROUP,True,False,True,False,True,False,1,False
NCT06335160,2024.0,2021-2026,NA,drug,2,46.0,OTHER,RECRUITING,RANDOMIZED,True,NONE,0.0,False,False,PARALLEL,True,False,True,False,False,False,0,
NCT00237653,2004.0,<=2015,PHASE3,drug,0,40.0,OTHER,TERMINATED,RANDOMIZED,True,DOUBLE,2.0,True,True,PARALLEL,False,True,True,False,False,False,0,
NCT02136069,2014.0,<=2015,PHASE3,drug,2,397.0,INDUSTRY,COMPLETED,RANDOMIZED,True,DOUBLE,2.0,True,True,PARALLEL,True,True,True,False,True,False,2,True
NCT05731128,2023.0,2021-2026,PHASE2,drug,3,68.0,INDUSTRY,ACTIVE_NOT_RECRUITING,RANDOMIZED,True,QUADRUPLE,4.0,True,True,PARALLEL,True,False,True,True,False,False,0,True
NCT07184996,2025.0,2021-2026,PHASE3,drug,3,980.0,INDUSTRY,RECRUITING,RANDOMIZED,True,QUADRUPLE,4.0,True,True,PARALLEL,True,True,True,True,False,False,0,True
NCT07248644,2026.0,2021-2026,PHASE4,drug,2,304.0,OTHER,NOT_YET_RECRUITING,RANDOMIZED,True,NONE,0.0,False,False,PARALLEL,True,True,True,False,False,False,0,True
NCT04004611,2020.0,2016-2020,PHASE2,drug,9,26.0,INDUSTRY,COMPLETED,NON_RANDOMIZED,False,NONE,0.0,False,False,PARALLEL,False,False,True,True,True,False,1,False
NCT01620255,2012.0,<=2015,PHASE2,drug,5,357.0,INDUSTRY,COMPLETED,RANDOMIZED,True,TRIPLE,3.0,True,True,PARALLEL,True,False,True,True,True,False,2,True
NCT02589665,2015.0,<=2015,PHASE2,drug,10,249.0,INDUSTRY,COMPLETED,RANDOMIZED,True,DOUBLE,2.0,True,True,PARALLEL,True,False,True,True,True,False,7,False
NCT07064707,2025.0,2021-2026,PHASE2,drug,2,60.0,OTHER,RECRUITING,RANDOMIZED,True,DOUBLE,2.0,True,True,PARALLEL,True,False,True,False,False,False,0,
NCT02465385,2015.0,<=2015,PHASE4,drug,1,30.0,OTHER,COMPLETED,NA,False,SINGLE,1.0,True,False,SINGLE_GROUP,False,True,True,False,False,False,1,False
NCT05553704,2022.0,2021-2026,PHASE2,drug,2,60.0,OTHER,COMPLETED,RANDOMIZED,True,DOUBLE,2.0,True,True,PARALLEL,True,False,True,False,False,False,2,
NCT06176560,2024.0,2021-2026,PHASE3,drug,2,376.0,INDUSTRY,UNKNOWN,RANDOMIZED,True,TRIPLE,3.0,True,True,PARALLEL,True,True,True,False,False,False,0,
NCT02447302,2015.0,<=2015,PHASE2,drug,3,156.0,INDUSTRY,COMPLETED,RANDOMIZED,True,TRIPLE,3.0,True,True,PARALLEL,True,False,True,True,True,False,4,True
NCT04882683,2021.0,2021-2026,NA,drug,2,50.0,INDUSTRY,UNKNOWN,RANDOMIZED,True,NONE,0.0,False,False,PARALLEL,True,False,True,False,False,False,0,
NCT00808977,2008.0,<=2015,PHASE2,drug,3,80.0,INDUSTRY,COMPLETED,RANDOMIZED,True,QUADRUPLE,4.0,True,True,PARALLEL,True,False,True,True,False,False,2,False
NCT00502294,,,PHASE3,drug,0,150.0,INDUSTRY,WITHDRAWN,RANDOMIZED,True,DOUBLE,2.0,True,True,PARALLEL,True,True,True,False,False,False,0,True
NCT02522767,2015.0,<=2015,PHASE3,drug,2,228.0,INDUSTRY,COMPLETED,RANDOMIZED,True,QUADRUPLE,4.0,True,True,PARALLEL,True,True,True,False,True,False,0,False
NCT01408810,2011.0,<=2015,PHASE4,drug,1,21.0,OTHER,COMPLETED,NON_RANDOMIZED,False,NONE,0.0,False,False,SINGLE_GROUP,False,True,True,False,False,False,0,False
NCT01839214,2013.0,<=2015,PHASE2,drug,2,112.0,INDUSTRY,COMPLETED,RANDOMIZED,True,QUADRUPLE,4.0,True,True,CROSSOVER,True,False,True,False,False,False,0,False
NCT05626166,2022.0,2021-2026,PHASE3,drug,2,60.0,OTHER,UNKNOWN,RANDOMIZED,True,DOUBLE,2.0,True,True,PARALLEL,False,True,True,False,False,False,0,
NCT02033408,2014.0,<=2015,NA,drug,3,28.0,OTHER,COMPLETED,RANDOMIZED,True,SINGLE,1.0,True,False,PARALLEL,False,False,True,True,False,False,1,True
NCT07196748,2025.0,2021-2026,PHASE3,drug,6,882.0,INDUSTRY,RECRUITING,RANDOMIZED,True,DOUBLE,2.0,True,True,PARALLEL,True,True,True,True,False,False,0,True
NCT01810185,2013.0,<=2015,PHASE2,drug,2,0.0,OTHER,WITHDRAWN,RANDOMIZED,True,QUADRUPLE,4.0,True,True,PARALLEL,False,False,True,False,False,True,1,False
NCT06095128,2024.0,2021-2026,PHASE4,drug,1,65.0,INDUSTRY,RECRUITING,NA,False,NONE,0.0,False,False,SINGLE_GROUP,False,True,True,False,False,False,0,True
NCT02493712,2016.0,2016-2020,PHASE2,drug,3,51.0,INDUSTRY,COMPLETED,RANDOMIZED,True,DOUBLE,2.0,True,True,PARALLEL,True,False,True,True,True,False,0,False
NCT04018599,2019.0,2016-2020,PHASE1,drug,2,216.0,INDUSTRY,COMPLETED,RANDOMIZED,True,NONE,0.0,False,False,PARALLEL,True,False,False,False,False,False,1,False
NCT06874673,2025.0,2021-2026,NA,drug,2,438.0,OTHER,NOT_YET_RECRUITING,RANDOMIZED,True,DOUBLE,2.0,True,True,PARALLEL,True,False,False,False,False,False,0,True
NCT00805285,2008.0,<=2015,PHASE2,drug,1,1.0,OTHER,TERMINATED,NA,False,NONE,0.0,False,False,SINGLE_GROUP,False,False,True,False,True,False,0,True
NCT05369832,2022.0,2021-2026,PHASE4,drug,2,139.0,INDUSTRY,TERMINATED,NON_RANDOMIZED,False,NONE,0.0,False,False,PARALLEL,True,True,True,False,True,False,0,False
NCT01697670,2012.0,<=2015,PHASE1,drug,1,7.0,OTHER,UNKNOWN,NA,False,NONE,0.0,False,False,SINGLE_GROUP,False,False,True,False,False,False,0,True
NCT01759056,2013.0,<=2015,PHASE1,drug,2,33.0,INDUSTRY,COMPLETED,RANDOMIZED,True,DOUBLE,2.0,True,True,PARALLEL,True,False,True,False,False,False,2,True
NCT03843385,2023.0,2021-2026,PHASE3,drug,3,129.0,OTHER,RECRUITING,RANDOMIZED,True,QUADRUPLE,4.0,True,True,PARALLEL,True,True,True,True,False,False,1,True
NCT01346826,2011.0,<=2015,PHASE4,drug,3,145.0,OTHER,COMPLETED,RANDOMIZED,True,DOUBLE,2.0,True,True,PARALLEL,True,True,True,True,False,False,0,True
NCT06583863,2023.0,2021-2026,NA,drug,3,120.0,OTHER,COMPLETED,RANDOMIZED,True,SINGLE,1.0,True,False,PARALLEL,True,False,True,True,False,False,0,
NCT04898348,2022.0,2021-2026,PHASE2,drug,2,0.0,INDUSTRY,WITHDRAWN,RANDOMIZED,True,TRIPLE,3.0,True,True,PARALLEL,False,False,True,False,False,False,0,False
NCT06964113,2025.0,2021-2026,PHASE4,drug,1,94.0,INDUSTRY,ACTIVE_NOT_RECRUITING,NA,False,NONE,0.0,False,False,SINGLE_GROUP,False,True,True,False,False,False,0,False
NCT01164904,2010.0,<=2015,PHASE1,drug,1,72.0,INDUSTRY,TERMINATED,RANDOMIZED,True,DOUBLE,2.0,True,True,SINGLE_GROUP,True,False,True,False,False,False,0,
NCT05668013,2023.0,2021-2026,PHASE2,drug,4,247.0,INDUSTRY,ACTIVE_NOT_RECRUITING,RANDOMIZED,True,QUADRUPLE,4.0,True,True,PARALLEL,True,False,True,True,False,False,1,True
NCT04882007,2020.0,2016-2020,PHASE2,drug,4,136.0,INDUSTRY,COMPLETED,RANDOMIZED,True,QUADRUPLE,4.0,True,True,PARALLEL,True,False,True,True,True,False,0,True
NCT01149707,2010.0,<=2015,PHASE2,drug,4,34.0,INDUSTRY,COMPLETED,RANDOMIZED,True,TRIPLE,3.0,True,True,PARALLEL,False,False,True,True,False,False,0,False
NCT06865417,2025.0,2021-2026,PHASE3,drug,1,80.0,INDUSTRY,RECRUITING,NA,False,NONE,0.0,False,False,SINGLE_GROUP,False,True,True,False,False,False,0,True
NCT02200445,2015.0,<=2015,PHASE1,drug,1,26.0,OTHER,COMPLETED,NA,False,NONE,0.0,False,False,SINGLE_GROUP,False,False,True,False,True,False,0,True
NCT02914522,2016.0,2016-2020,PHASE3,drug,11,1351.0,INDUSTRY,COMPLETED,RANDOMIZED,True,DOUBLE,2.0,True,True,PARALLEL,True,True,True,True,True,False,12,True
NCT03482648,2018.0,2016-2020,PHASE1,drug,2,80.0,INDUSTRY,COMPLETED,RANDOMIZED,True,QUADRUPLE,4.0,True,True,PARALLEL,True,False,True,False,False,False,0,
NCT01666327,2012.0,<=2015,PHASE1,drug,1,18.0,INDUSTRY,COMPLETED,NA,False,NONE,0.0,False,False,SINGLE_GROUP,False,False,True,False,False,False,0,
NCT06581328,2025.0,2021-2026,PHASE4,drug,2,400.0,INDUSTRY,RECRUITING,NON_RANDOMIZED,False,NONE,0.0,False,False,PARALLEL,True,True,True,False,False,False,0,False
NCT04209556,2020.0,2016-2020,PHASE2,drug,5,0.0,INDUSTRY,WITHDRAWN,RANDOMIZED,True,QUADRUPLE,4.0,True,True,PARALLEL,False,False,True,True,False,False,0,True
NCT00073021,2000.0,<=2015,PHASE3,drug,2,386.0,INDUSTRY,COMPLETED,RANDOMIZED,True,DOUBLE,2.0,True,True,PARALLEL,True,True,True,False,True,False,2,False
NCT00064441,2003.0,<=2015,PHASE3,drug,0,375.0,INDUSTRY,COMPLETED,RANDOMIZED,True,DOUBLE,2.0,True,True,PARALLEL,True,True,True,False,False,False,0,
NCT05988528,2023.0,2021-2026,PHASE2;PHASE3,drug,2,50.0,OTHER,COMPLETED,RANDOMIZED,True,DOUBLE,2.0,True,True,PARALLEL,False,True,True,False,False,False,1,
NCT07686757,2026.0,2021-2026,PHASE4,drug,2,400.0,NETWORK,NOT_YET_RECRUITING,RANDOMIZED,True,NONE,0.0,False,False,PARALLEL,True,True,False,False,False,False,0,False
NCT04254783,2020.0,2016-2020,PHASE1,drug,1,20.0,INDUSTRY,COMPLETED,NA,False,NONE,0.0,False,False,SINGLE_GROUP,False,False,True,False,False,False,1,False
NCT01458951,2012.0,<=2015,PHASE3,drug,2,547.0,INDUSTRY,COMPLETED,RANDOMIZED,True,QUADRUPLE,4.0,True,True,PARALLEL,True,True,True,False,True,False,36,True
NCT01026857,2006.0,<=2015,PHASE2,drug,3,121.0,INDUSTRY,COMPLETED,RANDOMIZED,True,TRIPLE,3.0,True,True,PARALLEL,True,False,True,True,False,False,1,False
NCT03869905,2019.0,2016-2020,PHASE2,drug,2,40.0,OTHER,ACTIVE_NOT_RECRUITING,RANDOMIZED,True,TRIPLE,3.0,True,True,PARALLEL,False,False,False,False,False,False,1,
NCT05659953,2025.0,2021-2026,PHASE1,drug,2,72.0,INDUSTRY,NOT_YET_RECRUITING,RANDOMIZED,True,QUADRUPLE,4.0,True,True,SEQUENTIAL,True,False,True,False,False,False,0,False
NCT05076175,2022.0,2021-2026,PHASE2;PHASE3,drug,2,120.0,INDUSTRY,RECRUITING,RANDOMIZED,True,QUADRUPLE,4.0,True,True,PARALLEL,True,True,True,False,False,False,0,True
NCT03029143,2017.0,2016-2020,PHASE4,drug,3,278.0,INDUSTRY,COMPLETED,RANDOMIZED,True,NONE,0.0,False,False,PARALLEL,True,True,True,True,True,False,1,False
NCT00296556,2006.0,<=2015,PHASE2,drug,0,7.0,OTHER,TERMINATED,RANDOMIZED,True,TRIPLE,3.0,True,True,PARALLEL,False,False,True,False,False,False,0,True
NCT06254950,2024.0,2021-2026,PHASE2,drug,3,207.0,INDUSTRY,ACTIVE_NOT_RECRUITING,RANDOMIZED,True,QUADRUPLE,4.0,True,True,PARALLEL,True,False,True,True,False,False,0,True
NCT00790478,2009.0,<=2015,PHASE2,drug,2,3.0,OTHER,TERMINATED,RANDOMIZED,True,TRIPLE,3.0,True,True,FACTORIAL,False,False,True,False,True,False,0,True
NCT04919252,2021.0,2021-2026,PHASE3,drug,1,60.0,OTHER,UNKNOWN,NA,False,NONE,0.0,False,False,SINGLE_GROUP,False,True,True,False,False,False,0,False
NCT05538026,2020.0,2016-2020,NA,drug,2,53.0,OTHER,COMPLETED,RANDOMIZED,True,NONE,0.0,False,False,PARALLEL,True,False,True,False,False,False,1,False
NCT07083193,2025.0,2021-2026,PHASE1;PHASE2,drug,2,24.0,INDUSTRY,RECRUITING,RANDOMIZED,True,SINGLE,1.0,True,False,PARALLEL,False,False,True,False,False,False,0,False
NCT01959165,2013.0,<=2015,PHASE2,drug,4,44.0,INDUSTRY,COMPLETED,RANDOMIZED,True,QUADRUPLE,4.0,True,True,PARALLEL,False,False,True,True,True,False,0,False
NCT04224857,2019.0,2016-2020,PHASE1,drug,2,52.0,INDUSTRY,COMPLETED,RANDOMIZED,True,DOUBLE,2.0,True,True,PARALLEL,True,False,True,False,False,False,0,True
NCT04353791,2020.0,2016-2020,PHASE1;PHASE2,drug,2,32.0,INDUSTRY,COMPLETED,RANDOMIZED,True,QUADRUPLE,4.0,True,True,SEQUENTIAL,False,False,True,False,False,False,0,True
NCT00279422,2006.0,<=2015,PHASE2;PHASE3,drug,2,127.0,INDUSTRY,TERMINATED,RANDOMIZED,True,QUADRUPLE,4.0,True,True,PARALLEL,True,True,True,False,False,False,1,True
NCT03915769,2019.0,2016-2020,PHASE3,drug,3,198.0,INDUSTRY,COMPLETED,RANDOMIZED,True,QUADRUPLE,4.0,True,True,PARALLEL,True,True,True,True,False,False,1,True
NCT05831670,2023.0,2021-2026,PHASE2,drug,2,108.0,INDUSTRY,COMPLETED,RANDOMIZED,True,QUADRUPLE,4.0,True,True,PARALLEL,True,False,True,False,False,False,0,False
NCT07265570,2025.0,2021-2026,PHASE2,drug,4,80.0,INDUSTRY,RECRUITING,RANDOMIZED,True,DOUBLE,2.0,True,True,PARALLEL,True,False,True,True,False,False,0,True
NCT07177118,2025.0,2021-2026,PHASE3,drug,2,260.0,OTHER,NOT_YET_RECRUITING,RANDOMIZED,True,NONE,0.0,False,False,PARALLEL,True,True,True,False,False,False,0,False
NCT01991314,2011.0,<=2015,PHASE4,drug,1,90.0,OTHER,COMPLETED,NA,False,NONE,0.0,False,False,SINGLE_GROUP,False,True,True,False,True,False,1,False
NCT07505030,2026.0,2021-2026,PHASE1,drug,7,50.0,INDUSTRY,NOT_YET_RECRUITING,RANDOMIZED,True,QUADRUPLE,4.0,True,True,SEQUENTIAL,True,False,True,True,False,False,0,
NCT02922374,2013.0,<=2015,PHASE1;PHASE2,drug,1,117.0,OTHER,UNKNOWN,NA,False,NONE,0.0,False,False,SINGLE_GROUP,True,False,True,False,False,False,0,True
NCT02209987,2014.0,<=2015,PHASE1,drug,2,28.0,INDUSTRY,COMPLETED,RANDOMIZED,True,NONE,0.0,False,False,PARALLEL,False,False,True,False,False,False,0,False
NCT07333716,2026.0,2021-2026,PHASE2,drug,2,44.0,OTHER,RECRUITING,RANDOMIZED,True,NONE,0.0,False,False,PARALLEL,False,False,True,False,False,False,0,True
NCT03221036,2017.0,2016-2020,PHASE3,drug,4,392.0,INDUSTRY,ACTIVE_NOT_RECRUITING,RANDOMIZED,True,QUADRUPLE,4.0,True,True,PARALLEL,True,True,True,True,False,False,0,False
NCT00708656,2006.0,<=2015,PHASE3,drug,2,213.0,OTHER_GOV,COMPLETED,RANDOMIZED,True,SINGLE,1.0,True,False,PARALLEL,True,True,True,False,False,False,1,True
NCT06667934,2024.0,2021-2026,PHASE1;PHASE2,drug,2,60.0,OTHER,NOT_YET_RECRUITING,RANDOMIZED,True,NONE,0.0,False,False,PARALLEL,True,False,True,False,False,False,0,True
NCT03558152,2018.0,2016-2020,PHASE2,drug,8,195.0,INDUSTRY,COMPLETED,RANDOMIZED,True,TRIPLE,3.0,True,True,PARALLEL,True,False,True,True,True,False,1,
NCT04721873,2020.0,2016-2020,PHASE2,drug,2,40.0,OTHER,RECRUITING,RANDOMIZED,True,QUADRUPLE,4.0,True,True,PARALLEL,False,False,True,False,False,False,0,False
NCT00151892,2005.0,<=2015,PHASE3,drug,2,829.0,INDUSTRY,COMPLETED,RANDOMIZED,True,QUADRUPLE,4.0,True,True,PARALLEL,True,True,True,False,True,False,0,
NCT03893565,2019.0,2016-2020,PHASE2,drug,3,104.0,INDUSTRY,TERMINATED,RANDOMIZED,True,DOUBLE,2.0,True,True,PARALLEL,True,False,True,True,True,False,1,False
NCT01585155,2012.0,<=2015,PHASE3,drug,1,21.0,INDUSTRY,COMPLETED,NA,False,NONE,0.0,False,False,SINGLE_GROUP,False,True,True,False,True,True,0,False
NCT01716039,2013.0,<=2015,PHASE2,drug,3,22.0,OTHER,TERMINATED,RANDOMIZED,True,TRIPLE,3.0,True,True,PARALLEL,False,False,True,True,True,False,0,False
NCT00801723,2008.0,<=2015,PHASE3,drug,2,123.0,INDUSTRY,COMPLETED,RANDOMIZED,True,QUADRUPLE,4.0,True,True,PARALLEL,True,True,True,False,True,False,0,False
NCT03546868,2018.0,2016-2020,PHASE2,drug,2,20.0,OTHER,COMPLETED,NON_RANDOMIZED,False,NONE,0.0,False,False,PARALLEL,False,False,False,False,False,False,0,False
NCT00096655,2002.0,<=2015,PHASE3,drug,0,364.0,INDUSTRY,COMPLETED,RANDOMIZED,True,DOUBLE,2.0,True,True,PARALLEL,True,True,True,False,False,True,3,
NCT06794944,2026.0,2021-2026,PHASE4,drug,2,60.0,OTHER,NOT_YET_RECRUITING,RANDOMIZED,True,QUADRUPLE,4.0,True,True,PARALLEL,False,True,True,False,False,False,0,True
NCT01745770,2013.0,<=2015,PHASE3,drug,2,306.0,INDUSTRY,COMPLETED,RANDOMIZED,True,QUADRUPLE,4.0,True,True,PARALLEL,True,True,True,False,False,False,0,True
NCT02903966,2016.0,2016-2020,PHASE2,drug,3,36.0,INDUSTRY,COMPLETED,RANDOMIZED,True,DOUBLE,2.0,True,True,PARALLEL,False,False,True,True,True,False,1,False
NCT03071081,2017.0,2016-2020,PHASE1,drug,6,37.0,INDUSTRY,COMPLETED,RANDOMIZED,True,QUADRUPLE,4.0,True,True,PARALLEL,True,False,True,True,False,False,0,True
NCT00548574,2003.0,<=2015,PHASE3,drug,0,343.0,INDUSTRY,COMPLETED,RANDOMIZED,True,QUADRUPLE,4.0,True,True,PARALLEL,True,True,True,False,False,True,0,False
NCT01434576,2011.0,<=2015,PHASE1,drug,3,0.0,INDUSTRY,WITHDRAWN,RANDOMIZED,True,QUADRUPLE,4.0,True,True,PARALLEL,False,False,True,True,False,False,0,False
NCT05507216,2022.0,2021-2026,PHASE3,drug,3,636.0,INDUSTRY,COMPLETED,RANDOMIZED,True,TRIPLE,3.0,True,True,PARALLEL,True,True,True,True,False,False,0,True
NCT06298461,2024.0,2021-2026,PHASE4,drug,2,418.0,OTHER,RECRUITING,RANDOMIZED,True,SINGLE,1.0,True,False,PARALLEL,True,True,True,False,False,False,0,False
NCT00430898,2007.0,<=2015,PHASE2,drug,2,181.0,INDUSTRY,COMPLETED,RANDOMIZED,True,DOUBLE,2.0,True,True,PARALLEL,True,False,True,False,False,False,1,True
NCT07652294,2026.0,2021-2026,PHASE2,drug,10,645.0,INDUSTRY,ENROLLING_BY_INVITATION,NON_RANDOMIZED,False,TRIPLE,3.0,True,True,PARALLEL,True,False,True,True,False,False,0,True
NCT05567068,2023.0,2021-2026,PHASE2,drug,2,54.0,OTHER,COMPLETED,RANDOMIZED,True,DOUBLE,2.0,True,True,PARALLEL,True,False,True,False,False,False,1,
NCT04706793,2020.0,2016-2020,PHASE3,drug,2,42.0,INDUSTRY,COMPLETED,RANDOMIZED,True,DOUBLE,2.0,True,True,PARALLEL,False,True,True,False,True,False,1,True
NCT03259308,2017.0,2016-2020,PHASE3,drug,3,279.0,INDUSTRY,TERMINATED,RANDOMIZED,True,DOUBLE,2.0,True,True,PARALLEL,True,True,True,True,True,False,0,True
NCT03006068,2017.0,2016-2020,PHASE3,drug,5,950.0,INDUSTRY,ACTIVE_NOT_RECRUITING,NON_RANDOMIZED,False,QUADRUPLE,4.0,True,True,PARALLEL,True,True,True,True,False,False,2,True
NCT06663605,2024.0,2021-2026,PHASE1,drug,2,89.0,INDUSTRY,COMPLETED,RANDOMIZED,True,TRIPLE,3.0,True,True,PARALLEL,True,False,True,False,False,False,0,True
NCT03138655,2017.0,2016-2020,PHASE2,drug,8,89.0,INDUSTRY,COMPLETED,RANDOMIZED,True,TRIPLE,3.0,True,True,PARALLEL,True,False,True,True,True,False,0,True
NCT01061996,2007.0,<=2015,PHASE2,drug,1,88.0,INDUSTRY,TERMINATED,NA,False,NONE,0.0,False,False,SINGLE_GROUP,True,False,True,False,False,False,0,False
NCT01863771,2013.0,<=2015,PHASE3,drug,2,144.0,INDUSTRY,COMPLETED,RANDOMIZED,True,DOUBLE,2.0,True,True,PARALLEL,True,True,True,False,True,False,1,False
NCT00004810,1996.0,<=2015,PHASE2,drug,0,30.0,NIH,COMPLETED,RANDOMIZED,True,,,False,False,,False,False,True,False,False,False,0,
NCT00036439,2002.0,<=2015,PHASE3,drug,0,364.0,INDUSTRY,COMPLETED,RANDOMIZED,True,DOUBLE,2.0,True,True,PARALLEL,True,True,True,False,False,True,3,
NCT05791487,2023.0,2021-2026,NA,drug,2,90.0,OTHER_GOV,RECRUITING,RANDOMIZED,True,SINGLE,1.0,True,False,PARALLEL,True,False,True,False,False,False,0,False
NCT07416383,2026.0,2021-2026,PHASE1,drug,1,40.0,OTHER,NOT_YET_RECRUITING,NA,False,NONE,0.0,False,False,SINGLE_GROUP,True,False,True,False,False,False,0,True
NCT02165215,2014.0,<=2015,PHASE3,drug,3,359.0,INDUSTRY,COMPLETED,RANDOMIZED,True,DOUBLE,2.0,True,True,PARALLEL,True,True,True,True,True,False,3,
NCT03943550,2019.0,2016-2020,PHASE1,drug,2,45.0,INDUSTRY,TERMINATED,RANDOMIZED,True,DOUBLE,2.0,True,True,SEQUENTIAL,True,False,True,False,True,False,0,False
NCT03847467,2019.0,2016-2020,PHASE1;PHASE2,drug,2,116.0,OTHER,RECRUITING,RANDOMIZED,True,QUADRUPLE,4.0,True,True,SEQUENTIAL,True,False,True,False,False,False,0,True
NCT02407236,2015.0,<=2015,PHASE3,drug,10,961.0,INDUSTRY,COMPLETED,RANDOMIZED,True,DOUBLE,2.0,True,True,PARALLEL,True,True,False,True,True,False,10,True
NCT04556383,2020.0,2016-2020,PHASE2,drug,4,236.0,INDUSTRY,TERMINATED,RANDOMIZED,True,TRIPLE,3.0,True,True,PARALLEL,True,False,True,True,True,False,1,True
NCT03370601,2017.0,2016-2020,NA,drug,2,9.0,OTHER,TERMINATED,RANDOMIZED,True,NONE,0.0,False,False,PARALLEL,False,False,True,False,False,False,1,False
NCT05574387,2023.0,2021-2026,PHASE2,drug,2,46.0,OTHER,RECRUITING,RANDOMIZED,True,DOUBLE,2.0,True,True,PARALLEL,False,False,True,False,False,False,0,
NCT01201122,2010.0,<=2015,PHASE4,drug,2,86.0,OTHER_GOV,COMPLETED,RANDOMIZED,True,SINGLE,1.0,True,False,PARALLEL,False,True,True,False,False,False,0,True
NCT03716388,2018.0,2016-2020,PHASE3,drug,3,20.0,OTHER,UNKNOWN,RANDOMIZED,True,DOUBLE,2.0,True,True,PARALLEL,False,True,True,True,False,False,0,True
NCT02819635,2016.0,2016-2020,PHASE2;PHASE3,drug,8,1302.0,INDUSTRY,COMPLETED,RANDOMIZED,True,QUADRUPLE,4.0,True,True,PARALLEL,True,True,True,True,True,False,13,True
NCT05466890,2022.0,2021-2026,PHASE2,drug,2,16.0,INDUSTRY,ACTIVE_NOT_RECRUITING,RANDOMIZED,True,TRIPLE,3.0,True,True,PARALLEL,False,False,True,False,False,False,0,True
NCT04314375,2023.0,2021-2026,PHASE4,drug,3,70.0,INDUSTRY,RECRUITING,RANDOMIZED,True,DOUBLE,2.0,True,True,PARALLEL,False,True,True,True,False,False,0,False
NCT04133194,2019.0,2016-2020,PHASE4,drug,2,200.0,OTHER,UNKNOWN,RANDOMIZED,True,NONE,0.0,False,False,PARALLEL,True,True,True,False,False,False,1,
NCT02808390,2016.0,2016-2020,PHASE2,drug,3,19.0,OTHER,TERMINATED,RANDOMIZED,True,QUADRUPLE,4.0,True,True,PARALLEL,False,False,True,True,True,False,0,False
NCT04090411,2019.0,2016-2020,PHASE2,drug,9,246.0,INDUSTRY,COMPLETED,RANDOMIZED,True,DOUBLE,2.0,True,True,PARALLEL,True,False,True,True,True,False,1,
NCT00343850,2006.0,<=2015,PHASE3,drug,0,30.0,OTHER,COMPLETED,RANDOMIZED,True,SINGLE,1.0,True,False,PARALLEL,False,True,False,False,False,False,0,
NCT01771809,2013.0,<=2015,PHASE2,drug,2,330.0,INDUSTRY,COMPLETED,RANDOMIZED,True,NONE,0.0,False,False,PARALLEL,True,False,True,False,True,False,0,True
NCT00408174,2006.0,<=2015,PHASE3,drug,0,400.0,INDUSTRY,COMPLETED,RANDOMIZED,True,DOUBLE,2.0,True,True,PARALLEL,True,True,True,False,False,False,0,
NCT03122613,2017.0,2016-2020,NA,drug,2,29.0,OTHER,TERMINATED,RANDOMIZED,True,DOUBLE,2.0,True,True,PARALLEL,False,False,False,False,False,False,0,True
NCT07349472,2026.0,2021-2026,PHASE2,drug,2,60.0,OTHER,RECRUITING,RANDOMIZED,True,DOUBLE,2.0,True,True,PARALLEL,True,False,True,False,False,False,0,
NCT02306772,2011.0,<=2015,PHASE1,drug,2,18.0,INDUSTRY,COMPLETED,NON_RANDOMIZED,False,NONE,0.0,False,False,PARALLEL,False,False,False,False,False,False,0,False
NCT05486104,2022.0,2021-2026,PHASE2,drug,3,92.0,INDUSTRY,ACTIVE_NOT_RECRUITING,RANDOMIZED,True,QUADRUPLE,4.0,True,True,PARALLEL,True,False,True,True,False,False,0,
NCT05575505,2023.0,2021-2026,PHASE2,drug,2,44.0,OTHER,RECRUITING,RANDOMIZED,True,DOUBLE,2.0,True,True,PARALLEL,False,False,True,False,False,False,0,
NCT00694980,2008.0,<=2015,PHASE1,drug,1,48.0,INDUSTRY,COMPLETED,RANDOMIZED,True,DOUBLE,2.0,True,True,PARALLEL,True,False,True,False,False,False,0,
NCT07427017,2026.0,2021-2026,PHASE2,drug,2,180.0,OTHER,RECRUITING,RANDOMIZED,True,TRIPLE,3.0,True,True,PARALLEL,True,False,True,False,False,False,0,False
NCT06681389,2024.0,2021-2026,PHASE1,drug,2,35.0,INDUSTRY,TERMINATED,RANDOMIZED,True,DOUBLE,2.0,True,True,SEQUENTIAL,True,False,True,False,False,False,0,True
NCT02092285,2014.0,<=2015,PHASE4,drug,1,205.0,INDUSTRY,COMPLETED,NA,False,NONE,0.0,False,False,SINGLE_GROUP,True,True,True,False,True,False,1,False
NCT01494857,2012.0,<=2015,PHASE3,drug,1,200.0,OTHER,UNKNOWN,NA,False,NONE,0.0,False,False,SINGLE_GROUP,True,True,True,False,False,False,0,False
NCT03829475,2020.0,2016-2020,PHASE2,drug,2,61.0,OTHER,COMPLETED,RANDOMIZED,True,DOUBLE,2.0,True,True,PARALLEL,True,False,True,False,True,False,0,
NCT03358706,2018.0,2016-2020,PHASE1,drug,2,28.0,INDUSTRY,TERMINATED,NON_RANDOMIZED,False,NONE,0.0,False,False,PARALLEL,False,False,False,False,False,False,0,False
NCT00679380,2008.0,<=2015,PHASE3,both,4,514.0,INDUSTRY,COMPLETED,RANDOMIZED,True,QUADRUPLE,4.0,True,True,PARALLEL,True,True,True,True,True,False,1,False
NCT02365480,2016.0,2016-2020,PHASE1,drug,2,18.0,NIH,COMPLETED,RANDOMIZED,True,DOUBLE,2.0,True,True,PARALLEL,False,False,False,False,True,False,0,True
NCT07650942,2026.0,2021-2026,PHASE3,drug,4,360.0,INDUSTRY,NOT_YET_RECRUITING,RANDOMIZED,True,QUADRUPLE,4.0,True,True,PARALLEL,True,True,True,True,False,False,0,False
NCT07686081,2026.0,2021-2026,PHASE3,drug,2,150.0,INDUSTRY,NOT_YET_RECRUITING,RANDOMIZED,True,QUADRUPLE,4.0,True,True,PARALLEL,True,True,True,False,False,False,0,True
NCT03860896,2019.0,2016-2020,PHASE1,drug,2,34.0,INDUSTRY,COMPLETED,RANDOMIZED,True,DOUBLE,2.0,True,True,PARALLEL,True,False,True,False,False,False,1,
NCT06582264,2024.0,2021-2026,PHASE1,drug,2,29.0,INDUSTRY,COMPLETED,RANDOMIZED,True,QUADRUPLE,4.0,True,True,PARALLEL,False,False,True,False,False,False,0,
NCT03759041,2018.0,2016-2020,PHASE2,drug,3,203.0,INDUSTRY,TERMINATED,RANDOMIZED,True,TRIPLE,3.0,True,True,PARALLEL,True,False,True,True,True,False,0,False
NCT04434872,2015.0,<=2015,PHASE2,both,2,80.0,OTHER_GOV,TERMINATED,RANDOMIZED,True,DOUBLE,2.0,True,True,PARALLEL,True,False,True,False,False,False,0,
NCT06663332,2024.0,2021-2026,PHASE3,drug,2,196.0,INDUSTRY,RECRUITING,NON_RANDOMIZED,False,NONE,0.0,False,False,PARALLEL,True,True,False,False,False,False,0,False
NCT00619489,2007.0,<=2015,PHASE2,drug,2,72.0,INDUSTRY,COMPLETED,NON_RANDOMIZED,False,NONE,0.0,False,False,PARALLEL,True,False,True,False,True,False,1,False
NCT07526519,2026.0,2021-2026,PHASE1,drug,6,48.0,INDUSTRY,RECRUITING,RANDOMIZED,True,DOUBLE,2.0,True,True,SEQUENTIAL,True,False,True,True,False,False,0,False
NCT07632573,2026.0,2021-2026,PHASE1,drug,2,68.0,INDUSTRY,RECRUITING,RANDOMIZED,True,QUADRUPLE,4.0,True,True,SEQUENTIAL,True,False,True,False,False,False,0,True
NCT01016262,2009.0,<=2015,PHASE3,drug,3,119.0,INDUSTRY,TERMINATED,RANDOMIZED,True,QUADRUPLE,4.0,True,True,PARALLEL,True,True,True,True,True,False,0,False
NCT05743010,2023.0,2021-2026,PHASE1,drug,2,36.0,INDUSTRY,UNKNOWN,RANDOMIZED,True,QUADRUPLE,4.0,True,True,PARALLEL,True,False,True,False,False,False,0,
NCT03861143,2019.0,2016-2020,PHASE2,drug,3,198.0,INDUSTRY,COMPLETED,RANDOMIZED,True,TRIPLE,3.0,True,True,PARALLEL,True,False,True,True,True,False,0,
NCT05313620,2022.0,2021-2026,PHASE4,drug,3,30.0,OTHER,RECRUITING,NON_RANDOMIZED,False,NONE,0.0,False,False,PARALLEL,False,True,True,True,False,False,0,False
NCT06896305,2025.0,2021-2026,NA,drug,2,80.0,OTHER,RECRUITING,RANDOMIZED,True,NONE,0.0,False,False,PARALLEL,True,False,True,False,False,False,0,True
NCT02601300,2015.0,<=2015,PHASE2,drug,1,41.0,INDUSTRY,COMPLETED,NA,False,NONE,0.0,False,False,SINGLE_GROUP,False,False,True,False,True,False,0,False
NCT07113522,2025.0,2021-2026,PHASE2,drug,3,140.0,INDUSTRY,RECRUITING,NA,False,SINGLE,1.0,True,False,SINGLE_GROUP,True,False,True,True,False,False,0,True
NCT03038711,2017.0,2016-2020,PHASE1,drug,3,213.0,INDUSTRY,COMPLETED,RANDOMIZED,True,DOUBLE,2.0,True,True,PARALLEL,True,False,False,True,False,False,1,False
NCT00349388,2006.0,<=2015,NA,drug,2,1.0,OTHER,TERMINATED,RANDOMIZED,True,NONE,0.0,False,False,PARALLEL,False,False,True,False,True,False,0,False
NCT02289417,2015.0,<=2015,PHASE2,drug,3,170.0,INDUSTRY,COMPLETED,RANDOMIZED,True,QUADRUPLE,4.0,True,True,PARALLEL,True,False,True,True,True,False,1,True
NCT04223479,2020.0,2016-2020,PHASE2;PHASE3,drug,2,30.0,OTHER,COMPLETED,RANDOMIZED,True,QUADRUPLE,4.0,True,True,PARALLEL,False,True,True,False,True,False,2,True
NCT05117749,2023.0,2021-2026,PHASE2,drug,6,60.0,OTHER,UNKNOWN,RANDOMIZED,True,DOUBLE,2.0,True,True,PARALLEL,True,False,True,True,False,False,0,
NCT02425852,2016.0,2016-2020,PHASE4,drug,2,65.0,OTHER,COMPLETED,RANDOMIZED,True,NONE,0.0,False,False,PARALLEL,False,True,True,False,False,False,1,False
NCT01804166,2013.0,<=2015,PHASE4,drug,1,1.0,INDUSTRY,COMPLETED,NA,False,NONE,0.0,False,False,SINGLE_GROUP,False,True,False,False,True,False,0,False
NCT06619990,2024.0,2021-2026,PHASE1;PHASE2,drug,6,270.0,INDUSTRY,RECRUITING,RANDOMIZED,True,DOUBLE,2.0,True,True,PARALLEL,True,False,True,True,False,False,0,True
NCT03182166,2017.0,2016-2020,PHASE2,drug,1,51.0,OTHER,COMPLETED,NA,False,NONE,0.0,False,False,SINGLE_GROUP,True,False,True,False,False,False,0,False
NCT03945188,2019.0,2016-2020,PHASE3,drug,2,433.0,INDUSTRY,COMPLETED,RANDOMIZED,True,DOUBLE,2.0,True,True,PARALLEL,True,True,True,False,True,False,18,True
NCT01320332,2010.0,<=2015,PHASE1,drug,3,16.0,INDUSTRY,COMPLETED,RANDOMIZED,True,QUADRUPLE,4.0,True,True,PARALLEL,False,False,False,True,False,False,0,False
NCT02895100,2016.0,2016-2020,PHASE2,drug,4,98.0,INDUSTRY,TERMINATED,RANDOMIZED,True,TRIPLE,3.0,True,True,PARALLEL,True,False,True,True,True,False,1,True
NCT00299013,2006.0,<=2015,PHASE3,drug,4,796.0,INDUSTRY,COMPLETED,RANDOMIZED,True,QUADRUPLE,4.0,True,True,PARALLEL,True,True,True,True,False,False,0,False
NCT05931458,2023.0,2021-2026,NA,both,2,94.0,OTHER,NOT_YET_RECRUITING,RANDOMIZED,True,NONE,0.0,False,False,PARALLEL,True,False,True,False,False,False,0,
NCT00048347,2002.0,<=2015,PHASE2,drug,1,18.0,NIH,COMPLETED,NON_RANDOMIZED,False,NONE,0.0,False,False,SINGLE_GROUP,False,False,True,False,True,False,0,False
NCT01846026,2013.0,<=2015,PHASE1;PHASE2,drug,2,0.0,OTHER,WITHDRAWN,RANDOMIZED,True,QUADRUPLE,4.0,True,True,PARALLEL,False,False,True,False,False,False,0,True
NCT04074590,2020.0,2016-2020,PHASE2,drug,2,23.0,INDUSTRY,TERMINATED,RANDOMIZED,True,DOUBLE,2.0,True,True,PARALLEL,False,False,True,False,True,False,0,False
NCT05786404,2023.0,2021-2026,PHASE1,drug,2,20.0,OTHER,RECRUITING,RANDOMIZED,True,NONE,0.0,False,False,PARALLEL,False,False,True,False,False,False,0,True
NCT05370885,2023.0,2021-2026,PHASE2,drug,2,114.0,INDUSTRY,TERMINATED,RANDOMIZED,True,QUADRUPLE,4.0,True,True,PARALLEL,True,False,True,False,False,False,1,True
NCT05404074,2021.0,2021-2026,PHASE1,drug,1,6.0,INDUSTRY,UNKNOWN,NA,False,NONE,0.0,False,False,SINGLE_GROUP,False,False,True,False,False,False,0,False
NCT01045018,2008.0,<=2015,PHASE3,drug,3,,INDUSTRY,COMPLETED,RANDOMIZED,True,,,False,False,PARALLEL,,True,False,True,False,False,0,False
NCT04183608,2020.0,2016-2020,PHASE4,drug,2,238.0,OTHER,RECRUITING,RANDOMIZED,True,NONE,0.0,False,False,PARALLEL,True,True,False,False,False,False,1,False
NCT07147842,2024.0,2021-2026,NA,drug,3,60.0,OTHER,COMPLETED,NON_RANDOMIZED,False,SINGLE,1.0,True,False,PARALLEL,True,False,False,True,False,False,0,
NCT04883840,2020.0,2016-2020,PHASE2;PHASE3,drug,2,177.0,OTHER,TERMINATED,RANDOMIZED,True,DOUBLE,2.0,True,True,CROSSOVER,True,True,True,False,False,False,0,True
NCT04779307,2021.0,2021-2026,PHASE3,drug,9,121.0,INDUSTRY,COMPLETED,RANDOMIZED,True,QUADRUPLE,4.0,True,True,PARALLEL,True,True,True,True,True,False,0,True
NCT03441893,2015.0,<=2015,PHASE1;PHASE2,drug,5,300.0,OTHER_GOV,UNKNOWN,RANDOMIZED,True,SINGLE,1.0,True,False,PARALLEL,True,False,True,True,False,True,0,True
NCT04862741,2021.0,2021-2026,PHASE1,drug,4,39.0,INDUSTRY,COMPLETED,RANDOMIZED,True,TRIPLE,3.0,True,True,PARALLEL,True,False,True,True,False,False,1,
NCT01659138,2012.0,<=2015,PHASE2,drug,2,28.0,INDUSTRY,TERMINATED,RANDOMIZED,True,DOUBLE,2.0,True,True,PARALLEL,False,False,True,False,False,False,0,True
NCT02335281,2015.0,<=2015,PHASE2,both,2,40.0,OTHER,UNKNOWN,RANDOMIZED,True,SINGLE,1.0,True,False,PARALLEL,False,False,True,False,False,False,0,True
NCT03986996,2019.0,2016-2020,PHASE2,drug,2,20.0,OTHER_GOV,TERMINATED,RANDOMIZED,True,SINGLE,1.0,True,False,PARALLEL,False,False,True,False,False,False,0,False
NCT00521950,2007.0,<=2015,NA,drug,2,853.0,OTHER,COMPLETED,RANDOMIZED,True,QUADRUPLE,4.0,True,True,PARALLEL,True,False,False,False,False,False,3,False
NCT00152841,2002.0,<=2015,PHASE2,drug,0,30.0,OTHER,TERMINATED,RANDOMIZED,True,NONE,0.0,False,False,CROSSOVER,False,False,False,False,False,False,0,False
NCT04855799,2021.0,2021-2026,PHASE2,drug,1,35.0,OTHER,COMPLETED,NA,False,NONE,0.0,False,False,SINGLE_GROUP,False,False,True,False,True,True,1,
NCT04987333,2021.0,2021-2026,PHASE1,drug,4,32.0,INDUSTRY,COMPLETED,NON_RANDOMIZED,False,NONE,0.0,False,False,SEQUENTIAL,True,False,True,True,True,False,0,
NCT04987307,2022.0,2021-2026,PHASE2,drug,4,221.0,INDUSTRY,TERMINATED,RANDOMIZED,True,DOUBLE,2.0,True,True,PARALLEL,True,False,True,True,True,False,0,True
NCT02646657,2015.0,<=2015,PHASE4,drug,2,120.0,OTHER,COMPLETED,NON_RANDOMIZED,False,NONE,0.0,False,False,PARALLEL,True,True,True,False,False,False,0,False
NCT04753775,2010.0,<=2015,NA,drug,2,44.0,OTHER,COMPLETED,RANDOMIZED,True,SINGLE,1.0,True,False,PARALLEL,True,False,True,False,False,False,0,True
NCT02862132,2017.0,2016-2020,NA,drug,1,142.0,OTHER,COMPLETED,NA,False,NONE,0.0,False,False,SINGLE_GROUP,True,False,True,False,False,False,3,False
NCT05549323,2022.0,2021-2026,PHASE1,drug,2,44.0,INDUSTRY,TERMINATED,RANDOMIZED,True,QUADRUPLE,4.0,True,True,PARALLEL,True,False,True,False,False,False,0,True
NCT03998488,2020.0,2016-2020,PHASE2,drug,3,27.0,OTHER,COMPLETED,RANDOMIZED,True,TRIPLE,3.0,True,True,CROSSOVER,False,False,True,True,True,False,1,True
NCT05104229,2024.0,2021-2026,PHASE3,drug,2,0.0,OTHER,WITHDRAWN,NON_RANDOMIZED,False,NONE,0.0,False,False,PARALLEL,False,True,False,False,False,False,0,True
NCT00061282,2002.0,<=2015,PHASE1;PHASE2,drug,3,11.0,OTHER,TERMINATED,RANDOMIZED,True,TRIPLE,3.0,True,True,PARALLEL,False,False,True,True,False,False,0,True
NCT03093259,2017.0,2016-2020,PHASE2,drug,2,32.0,INDUSTRY,COMPLETED,RANDOMIZED,True,QUADRUPLE,4.0,True,True,PARALLEL,False,False,True,False,True,False,0,True
NCT06353828,2023.0,2021-2026,PHASE2,drug,2,45.0,INDUSTRY,UNKNOWN,RANDOMIZED,True,QUADRUPLE,4.0,True,True,PARALLEL,False,False,True,False,False,False,0,False
NCT01418131,2012.0,<=2015,PHASE4,drug,2,21.0,OTHER,COMPLETED,RANDOMIZED,True,QUADRUPLE,4.0,True,True,PARALLEL,False,True,True,False,False,False,1,True
NCT06867042,2025.0,2021-2026,PHASE2,drug,2,150.0,INDUSTRY,NOT_YET_RECRUITING,RANDOMIZED,True,QUADRUPLE,4.0,True,True,PARALLEL,True,False,True,False,False,False,0,False
NCT00309660,2005.0,<=2015,PHASE1;PHASE2,drug,0,20.0,OTHER,UNKNOWN,RANDOMIZED,True,SINGLE,1.0,True,False,PARALLEL,False,False,True,False,False,False,0,
NCT00457171,2004.0,<=2015,PHASE1,drug,0,16.0,INDUSTRY,TERMINATED,RANDOMIZED,True,DOUBLE,2.0,True,True,SINGLE_GROUP,False,False,True,False,False,False,0,
NCT01482884,2012.0,<=2015,PHASE2,drug,2,147.0,INDUSTRY,COMPLETED,RANDOMIZED,True,QUADRUPLE,4.0,True,True,PARALLEL,True,False,True,False,True,True,0,
NCT06274294,2024.0,2021-2026,PHASE3,drug,2,130.0,OTHER,UNKNOWN,RANDOMIZED,True,SINGLE,1.0,True,False,PARALLEL,True,True,True,False,False,True,0,False
NCT01059344,2009.0,<=2015,PHASE3,drug,2,281.0,INDUSTRY,COMPLETED,RANDOMIZED,True,QUADRUPLE,4.0,True,True,PARALLEL,True,True,True,False,True,False,1,False
NCT00350415,2006.0,<=2015,PHASE3,drug,2,772.0,INDUSTRY,COMPLETED,RANDOMIZED,True,DOUBLE,2.0,True,True,PARALLEL,True,True,True,False,False,False,0,False
NCT06137183,2024.0,2021-2026,PHASE2,drug,3,79.0,INDUSTRY,TERMINATED,RANDOMIZED,True,QUADRUPLE,4.0,True,True,PARALLEL,True,False,True,True,True,False,0,False
NCT05610956,2023.0,2021-2026,EARLY_PHASE1,drug,2,60.0,OTHER,RECRUITING,RANDOMIZED,True,DOUBLE,2.0,True,True,PARALLEL,True,False,True,False,False,False,0,True
NCT01831427,2013.0,<=2015,PHASE1,drug,11,74.0,INDUSTRY,COMPLETED,RANDOMIZED,True,TRIPLE,3.0,True,True,SEQUENTIAL,True,False,True,True,True,True,0,True
NCT07341282,2026.0,2021-2026,PHASE2,drug,2,14.0,OTHER,NOT_YET_RECRUITING,RANDOMIZED,True,QUADRUPLE,4.0,True,True,PARALLEL,False,False,True,False,False,False,0,True
NCT05287126,2022.0,2021-2026,PHASE2,drug,1,36.0,INDUSTRY,RECRUITING,NA,False,NONE,0.0,False,False,SINGLE_GROUP,False,False,True,False,False,False,0,False
NCT07700446,2026.0,2021-2026,PHASE4,drug,1,100.0,OTHER,NOT_YET_RECRUITING,NA,False,NONE,0.0,False,False,SINGLE_GROUP,True,True,True,False,False,False,0,False
NCT03794765,2019.0,2016-2020,PHASE2,drug,2,50.0,OTHER,COMPLETED,RANDOMIZED,True,TRIPLE,3.0,True,True,PARALLEL,True,False,True,False,False,True,0,False
NCT06029972,2023.0,2021-2026,PHASE2,drug,4,176.0,INDUSTRY,RECRUITING,RANDOMIZED,True,DOUBLE,2.0,True,True,PARALLEL,True,False,True,True,False,False,0,True
NCT04844606,2021.0,2021-2026,PHASE3,drug,7,150.0,INDUSTRY,RECRUITING,NON_RANDOMIZED,False,NONE,0.0,False,False,PARALLEL,True,True,True,True,False,False,0,True
NCT05061446,2021.0,2021-2026,PHASE2,drug,3,54.0,INDUSTRY,COMPLETED,RANDOMIZED,True,DOUBLE,2.0,True,True,PARALLEL,True,False,True,True,True,False,1,True
NCT02618187,2016.0,2016-2020,PHASE1,drug,4,58.0,INDUSTRY,COMPLETED,RANDOMIZED,True,DOUBLE,2.0,True,True,PARALLEL,True,False,True,True,True,False,1,True
NCT02913508,2014.0,<=2015,PHASE2,drug,5,0.0,INDUSTRY,WITHDRAWN,RANDOMIZED,True,NONE,0.0,False,False,PARALLEL,False,False,True,True,False,False,0,True
NCT06749795,2025.0,2021-2026,PHASE1,drug,2,15.0,INDUSTRY,NOT_YET_RECRUITING,RANDOMIZED,True,TRIPLE,3.0,True,True,PARALLEL,False,False,True,False,False,False,0,False
NCT01829321,2013.0,<=2015,PHASE2,drug,2,45.0,INDUSTRY,COMPLETED,RANDOMIZED,True,QUADRUPLE,4.0,True,True,PARALLEL,False,False,True,False,False,False,0,True
NCT01532648,2012.0,<=2015,PHASE3,drug,2,510.0,INDUSTRY,COMPLETED,RANDOMIZED,True,QUADRUPLE,4.0,True,True,PARALLEL,True,True,True,False,True,False,1,False
NCT00114803,2004.0,<=2015,NA,drug,0,66.0,OTHER,COMPLETED,RANDOMIZED,True,DOUBLE,2.0,True,True,PARALLEL,True,False,False,False,False,False,0,
NCT00063414,2002.0,<=2015,PHASE2,drug,0,,INDUSTRY,COMPLETED,,False,,,False,False,,,False,True,False,False,False,0,
NCT04259060,2024.0,2021-2026,PHASE2,drug,2,0.0,OTHER,WITHDRAWN,RANDOMIZED,True,DOUBLE,2.0,True,True,SEQUENTIAL,False,False,True,False,False,False,0,True
NCT03581149,2018.0,2016-2020,PHASE4,drug,2,68.0,OTHER,UNKNOWN,RANDOMIZED,True,SINGLE,1.0,True,False,PARALLEL,False,True,False,False,False,False,0,True
NCT03169894,2017.0,2016-2020,PHASE1,drug,1,8.0,INDUSTRY,TERMINATED,NA,False,NONE,0.0,False,False,SINGLE_GROUP,False,False,True,False,True,False,0,True
NCT03574948,2018.0,2016-2020,PHASE2,drug,2,175.0,OTHER,COMPLETED,RANDOMIZED,True,QUADRUPLE,4.0,True,True,CROSSOVER,True,False,True,False,False,False,1,
NCT07297069,2026.0,2021-2026,PHASE2,drug,3,60.0,OTHER,NOT_YET_RECRUITING,RANDOMIZED,True,NONE,0.0,False,False,PARALLEL,True,False,True,True,False,False,0,True
NCT02683733,2016.0,2016-2020,PHASE3,drug,2,50.0,OTHER,UNKNOWN,RANDOMIZED,True,TRIPLE,3.0,True,True,PARALLEL,False,True,True,False,False,False,1,True
NCT07158242,2026.0,2021-2026,PHASE3,drug,2,100.0,INDUSTRY,RECRUITING,RANDOMIZED,True,QUADRUPLE,4.0,True,True,PARALLEL,True,True,True,False,False,False,0,True
NCT02760615,2016.0,2016-2020,PHASE4,drug,3,0.0,INDUSTRY,WITHDRAWN,NON_RANDOMIZED,False,QUADRUPLE,4.0,True,True,PARALLEL,False,True,True,True,False,False,0,False
NCT00889161,2009.0,<=2015,PHASE1,drug,0,11.0,OTHER,COMPLETED,NA,False,NONE,0.0,False,False,SINGLE_GROUP,False,False,True,False,False,False,1,
NCT05684484,2023.0,2021-2026,PHASE4,drug,2,52.0,OTHER,COMPLETED,RANDOMIZED,True,NONE,0.0,False,False,PARALLEL,False,True,True,False,False,False,0,
NCT07435779,2026.0,2021-2026,EARLY_PHASE1,drug,1,12.0,INDUSTRY,RECRUITING,NA,False,NONE,0.0,False,False,SINGLE_GROUP,False,False,True,False,False,False,0,True
NCT01612039,2012.0,<=2015,PHASE2,drug,2,112.0,INDUSTRY,COMPLETED,RANDOMIZED,True,QUADRUPLE,4.0,True,True,PARALLEL,True,False,True,False,False,False,0,True
NCT01111292,2010.0,<=2015,PHASE1;PHASE2,drug,2,5.0,NIH,TERMINATED,RANDOMIZED,True,DOUBLE,2.0,True,True,PARALLEL,False,False,False,False,True,False,0,True
NCT04032652,2012.0,<=2015,PHASE2,both,2,2.0,OTHER,TERMINATED,RANDOMIZED,True,NONE,0.0,False,False,CROSSOVER,False,False,False,False,True,False,0,True
NCT00032305,2002.0,<=2015,PHASE2;PHASE3,drug,0,20.0,INDUSTRY,COMPLETED,RANDOMIZED,True,NONE,0.0,False,False,SINGLE_GROUP,False,True,True,False,False,False,1,
NCT05611671,2022.0,2021-2026,PHASE2,drug,4,280.0,INDUSTRY,ACTIVE_NOT_RECRUITING,RANDOMIZED,True,TRIPLE,3.0,True,True,PARALLEL,True,False,True,True,True,False,0,True
NCT02687724,2016.0,2016-2020,PHASE4,drug,2,136.0,OTHER,UNKNOWN,RANDOMIZED,True,NONE,0.0,False,False,PARALLEL,True,True,True,False,False,False,0,True
NCT07370220,2025.0,2021-2026,PHASE2,drug,3,60.0,OTHER,COMPLETED,NON_RANDOMIZED,False,SINGLE,1.0,True,False,PARALLEL,True,False,False,True,False,False,0,
NCT05104723,2022.0,2021-2026,PHASE1;PHASE2,drug,1,10.0,NIH,COMPLETED,NA,False,NONE,0.0,False,False,SINGLE_GROUP,False,False,True,False,False,False,0,
NCT00410410,2006.0,<=2015,PHASE3,drug,3,591.0,INDUSTRY,COMPLETED,RANDOMIZED,True,DOUBLE,2.0,True,True,PARALLEL,True,True,True,True,True,False,1,True
NCT00746447,2005.0,<=2015,PHASE3,drug,3,648.0,INDUSTRY,COMPLETED,RANDOMIZED,True,QUADRUPLE,4.0,True,True,PARALLEL,True,True,False,True,False,True,0,False
NCT00583531,2007.0,<=2015,PHASE2,drug,1,2.0,INDUSTRY,TERMINATED,NA,False,NONE,0.0,False,False,SINGLE_GROUP,False,False,True,False,False,False,0,False
NCT04000139,2019.0,2016-2020,PHASE2,drug,2,48.0,OTHER,COMPLETED,RANDOMIZED,True,QUADRUPLE,4.0,True,True,PARALLEL,False,False,True,False,False,False,0,False
NCT02745678,2016.0,2016-2020,PHASE1,drug,1,3.0,OTHER,COMPLETED,NA,False,NONE,0.0,False,False,SINGLE_GROUP,False,False,True,False,False,False,0,False
NCT01130844,2010.0,<=2015,PHASE1,drug,3,52.0,INDUSTRY,COMPLETED,RANDOMIZED,True,NONE,0.0,False,False,PARALLEL,True,False,False,True,True,False,1,False
NCT01124149,2010.0,<=2015,PHASE4,drug,1,759.0,INDUSTRY,COMPLETED,NA,False,NONE,0.0,False,False,SINGLE_GROUP,True,True,True,False,True,False,3,
NCT07483073,2026.0,2021-2026,PHASE2,drug,2,60.0,INDUSTRY,RECRUITING,RANDOMIZED,True,NONE,0.0,False,False,PARALLEL,True,False,True,False,False,False,0,False
NCT00618202,2005.0,<=2015,NA,drug,0,52.0,INDUSTRY,COMPLETED,RANDOMIZED,True,NONE,0.0,False,False,CROSSOVER,True,False,True,False,False,False,0,False
NCT06975722,2025.0,2021-2026,PHASE2,drug,3,99.0,INDUSTRY,RECRUITING,RANDOMIZED,True,QUADRUPLE,4.0,True,True,PARALLEL,True,False,True,True,False,False,0,True
NCT05218850,2022.0,2021-2026,PHASE2,drug,1,10.0,OTHER,RECRUITING,NA,False,NONE,0.0,False,False,SINGLE_GROUP,False,False,True,False,False,False,0,True
NCT07502339,2026.0,2021-2026,PHASE4,drug,1,50.0,OTHER,NOT_YET_RECRUITING,NA,False,NONE,0.0,False,False,SINGLE_GROUP,False,True,True,False,False,False,0,False
NCT01458574,2012.0,<=2015,PHASE3,drug,3,593.0,INDUSTRY,COMPLETED,RANDOMIZED,True,DOUBLE,2.0,True,True,PARALLEL,True,True,True,True,True,False,34,True
NCT05177835,2021.0,2021-2026,PHASE2,drug,1,203.0,INDUSTRY,ACTIVE_NOT_RECRUITING,NA,False,NONE,0.0,False,False,SINGLE_GROUP,True,False,True,False,False,False,0,True
NCT02306785,2012.0,<=2015,PHASE1,drug,3,26.0,INDUSTRY,COMPLETED,NON_RANDOMIZED,False,NONE,0.0,False,False,PARALLEL,False,False,False,True,False,False,0,False
NCT01861249,2013.0,<=2015,PHASE2,drug,1,6.0,INDUSTRY,TERMINATED,NA,False,NONE,0.0,False,False,SINGLE_GROUP,False,False,True,False,False,False,0,True
NCT01340872,2011.0,<=2015,PHASE3,drug,2,128.0,INDUSTRY,COMPLETED,RANDOMIZED,True,DOUBLE,2.0,True,True,PARALLEL,True,True,True,False,True,True,0,False
NCT07035041,2025.0,2021-2026,PHASE2,drug,3,120.0,INDUSTRY,ACTIVE_NOT_RECRUITING,RANDOMIZED,True,QUADRUPLE,4.0,True,True,PARALLEL,True,False,True,True,False,False,0,True
NCT05121402,2022.0,2021-2026,PHASE2,drug,4,0.0,INDUSTRY,WITHDRAWN,RANDOMIZED,True,TRIPLE,3.0,True,True,PARALLEL,False,False,True,True,False,False,0,
NCT01257386,2010.0,<=2015,PHASE3,drug,2,251.0,INDUSTRY,COMPLETED,RANDOMIZED,True,SINGLE,1.0,True,False,PARALLEL,True,True,True,False,False,False,1,False
NCT00254618,2005.0,<=2015,PHASE1,drug,3,34.0,INDUSTRY,TERMINATED,RANDOMIZED,True,NONE,0.0,False,False,PARALLEL,True,False,False,True,False,False,0,False
NCT00783718,2009.0,<=2015,PHASE3,drug,2,895.0,INDUSTRY,COMPLETED,RANDOMIZED,True,TRIPLE,3.0,True,True,PARALLEL,True,True,True,False,True,True,13,True
NCT07222189,2026.0,2021-2026,PHASE2,drug,8,325.0,INDUSTRY,ENROLLING_BY_INVITATION,NON_RANDOMIZED,False,QUADRUPLE,4.0,True,True,PARALLEL,True,False,True,True,False,False,0,True
NCT02864264,2016.0,2016-2020,PHASE1,drug,4,7.0,INDUSTRY,TERMINATED,RANDOMIZED,True,DOUBLE,2.0,True,True,PARALLEL,False,False,False,True,False,False,0,False
NCT02606032,2016.0,2016-2020,PHASE2,drug,2,75.0,OTHER,COMPLETED,RANDOMIZED,True,QUADRUPLE,4.0,True,True,PARALLEL,True,False,True,False,False,False,0,True
NCT02413047,2015.0,<=2015,NA,drug,1,3.0,OTHER,TERMINATED,NA,False,NONE,0.0,False,False,SINGLE_GROUP,False,False,True,False,True,False,0,False
NCT06681181,2024.0,2021-2026,PHASE1,drug,7,48.0,INDUSTRY,ACTIVE_NOT_RECRUITING,RANDOMIZED,True,DOUBLE,2.0,True,True,PARALLEL,True,False,True,True,False,False,0,False
NCT01959282,2013.0,<=2015,PHASE2,drug,5,219.0,INDUSTRY,COMPLETED,RANDOMIZED,True,QUADRUPLE,4.0,True,True,PARALLEL,True,False,True,True,False,False,2,True
NCT06398808,2024.0,2021-2026,PHASE2,drug,2,24.0,INDUSTRY,COMPLETED,RANDOMIZED,True,DOUBLE,2.0,True,True,PARALLEL,False,False,True,False,False,False,0,False
NCT04985968,2021.0,2021-2026,PHASE3,drug,3,171.0,INDUSTRY,TERMINATED,RANDOMIZED,True,QUADRUPLE,4.0,True,True,PARALLEL,True,True,True,True,False,False,0,True
NCT07673497,2022.0,2021-2026,PHASE4,drug,1,43.0,OTHER,COMPLETED,NA,False,NONE,0.0,False,False,SINGLE_GROUP,False,True,True,False,False,False,0,False
NCT03996369,2020.0,2016-2020,PHASE3,drug,2,354.0,INDUSTRY,COMPLETED,RANDOMIZED,True,TRIPLE,3.0,True,True,PARALLEL,True,True,True,False,True,False,18,True
NCT07470879,2026.0,2021-2026,PHASE2,drug,1,24.0,INDUSTRY,RECRUITING,NA,False,NONE,0.0,False,False,SINGLE_GROUP,False,False,True,False,False,False,0,False
NCT04968951,2021.0,2021-2026,EARLY_PHASE1,drug,2,4.0,OTHER,TERMINATED,RANDOMIZED,True,TRIPLE,3.0,True,True,PARALLEL,False,False,True,False,False,False,0,True
NCT04505410,2020.0,2016-2020,PHASE3,drug,2,32.0,OTHER,COMPLETED,RANDOMIZED,True,SINGLE,1.0,True,False,PARALLEL,False,True,True,False,True,False,0,False
NCT03103412,2017.0,2016-2020,PHASE1,drug,4,32.0,INDUSTRY,COMPLETED,RANDOMIZED,True,TRIPLE,3.0,True,True,PARALLEL,True,False,True,True,False,False,0,False
NCT05578508,2022.0,2021-2026,PHASE1,drug,1,0.0,OTHER,WITHDRAWN,NA,False,NONE,0.0,False,False,SINGLE_GROUP,False,False,True,False,False,False,0,True
NCT05976802,2027.0,2021-2026,PHASE4,drug,3,100.0,INDUSTRY,NOT_YET_RECRUITING,RANDOMIZED,True,DOUBLE,2.0,True,True,PARALLEL,True,True,True,True,False,False,0,False
NCT00603733,2007.0,<=2015,PHASE3,drug,2,288.0,INDUSTRY,COMPLETED,RANDOMIZED,True,DOUBLE,2.0,True,True,PARALLEL,True,True,True,False,True,False,0,False
NCT03653026,2018.0,2016-2020,PHASE3,drug,2,522.0,INDUSTRY,COMPLETED,RANDOMIZED,True,QUADRUPLE,4.0,True,True,PARALLEL,True,True,True,False,True,False,9,True
NCT05084261,2021.0,2021-2026,PHASE1,drug,4,24.0,INDUSTRY,COMPLETED,RANDOMIZED,True,QUADRUPLE,4.0,True,True,PARALLEL,False,False,True,True,False,False,1,False
NCT00737789,2008.0,<=2015,PHASE3,drug,2,206.0,INDUSTRY,COMPLETED,RANDOMIZED,True,SINGLE,1.0,True,False,PARALLEL,True,True,True,False,False,False,1,False
NCT05852587,2026.0,2021-2026,PHASE1,drug,3,99.0,OTHER,NOT_YET_RECRUITING,RANDOMIZED,True,QUADRUPLE,4.0,True,True,PARALLEL,True,False,True,True,False,False,0,True
NCT03977480,2019.0,2016-2020,PHASE2,drug,4,70.0,INDUSTRY,TERMINATED,RANDOMIZED,True,TRIPLE,3.0,True,True,PARALLEL,True,False,True,True,False,False,0,False
NCT06420375,2025.0,2021-2026,PHASE2,drug,2,20.0,OTHER,RECRUITING,RANDOMIZED,True,QUADRUPLE,4.0,True,True,CROSSOVER,False,False,True,False,False,False,0,True
NCT03804931,2019.0,2016-2020,PHASE2;PHASE3,both,3,120.0,OTHER,RECRUITING,RANDOMIZED,True,SINGLE,1.0,True,False,PARALLEL,True,True,True,True,False,False,0,True
NCT05194007,2022.0,2021-2026,PHASE2;PHASE3,drug,2,13.0,OTHER,COMPLETED,RANDOMIZED,True,QUADRUPLE,4.0,True,True,PARALLEL,False,True,True,False,False,False,1,False
NCT07186101,2025.0,2021-2026,PHASE2,drug,2,252.0,INDUSTRY,RECRUITING,RANDOMIZED,True,DOUBLE,2.0,True,True,PARALLEL,True,False,True,False,False,False,0,True
NCT07389824,2026.0,2021-2026,NA,both,2,80.0,OTHER,NOT_YET_RECRUITING,RANDOMIZED,True,DOUBLE,2.0,True,True,PARALLEL,True,False,True,False,False,False,0,False
NCT04309058,2020.0,2016-2020,EARLY_PHASE1,drug,2,100.0,OTHER,UNKNOWN,NON_RANDOMIZED,False,NONE,0.0,False,False,PARALLEL,True,False,True,False,False,False,0,
NCT03104036,2017.0,2016-2020,PHASE2,drug,2,61.0,OTHER_GOV,COMPLETED,RANDOMIZED,True,NONE,0.0,False,False,PARALLEL,True,False,True,False,False,False,0,False
NCT03648541,2018.0,2016-2020,PHASE2,drug,2,79.0,INDUSTRY,COMPLETED,NON_RANDOMIZED,False,NONE,0.0,False,False,PARALLEL,True,False,True,False,True,False,0,True
NCT01240915,2011.0,<=2015,PHASE2,drug,3,105.0,INDUSTRY,COMPLETED,RANDOMIZED,True,TRIPLE,3.0,True,True,PARALLEL,True,False,True,True,True,False,0,True
NCT00033943,2001.0,<=2015,PHASE2;PHASE3,drug,0,270.0,INDUSTRY,COMPLETED,RANDOMIZED,True,DOUBLE,2.0,True,True,PARALLEL,True,True,True,False,False,False,0,
NCT02764229,2016.0,2016-2020,PHASE2,drug,1,112.0,INDUSTRY,TERMINATED,NA,False,NONE,0.0,False,False,SINGLE_GROUP,True,False,True,False,True,False,0,False
NCT01903252,2013.0,<=2015,PHASE3,drug,2,817.0,INDUSTRY,COMPLETED,RANDOMIZED,True,QUADRUPLE,4.0,True,True,PARALLEL,True,True,True,False,True,False,3,False
NCT01011322,2009.0,<=2015,PHASE2,drug,4,156.0,INDUSTRY,UNKNOWN,RANDOMIZED,True,QUADRUPLE,4.0,True,True,PARALLEL,True,False,True,True,False,False,1,False
NCT05479058,2022.0,2021-2026,PHASE3,drug,2,22.0,INDUSTRY,TERMINATED,RANDOMIZED,True,QUADRUPLE,4.0,True,True,PARALLEL,False,True,True,False,True,False,0,False
NCT07697456,2026.0,2021-2026,PHASE2,drug,22,2000.0,INDUSTRY,NOT_YET_RECRUITING,RANDOMIZED,True,DOUBLE,2.0,True,True,PARALLEL,True,False,True,True,False,False,0,False
NCT07529236,2026.0,2021-2026,NA,drug,1,40.0,OTHER,RECRUITING,NA,False,NONE,0.0,False,False,SINGLE_GROUP,True,False,False,False,False,False,0,False
NCT00679432,2008.0,<=2015,PHASE3,both,4,510.0,INDUSTRY,COMPLETED,RANDOMIZED,True,QUADRUPLE,4.0,True,True,PARALLEL,True,True,True,True,True,True,0,False
NCT01882764,2013.0,<=2015,PHASE3,drug,2,66.0,INDUSTRY,TERMINATED,RANDOMIZED,True,QUADRUPLE,4.0,True,True,PARALLEL,False,True,True,False,True,False,0,False
NCT01040910,2010.0,<=2015,PHASE1;PHASE2,drug,2,20.0,OTHER,UNKNOWN,RANDOMIZED,True,TRIPLE,3.0,True,True,PARALLEL,False,False,True,False,False,False,2,False
NCT01020708,2009.0,<=2015,PHASE1,drug,3,9.0,INDUSTRY,COMPLETED,RANDOMIZED,True,DOUBLE,2.0,True,True,PARALLEL,False,False,True,True,False,False,0,True
NCT00073047,2003.0,<=2015,PHASE2,drug,0,150.0,INDUSTRY,COMPLETED,RANDOMIZED,True,DOUBLE,2.0,True,True,PARALLEL,True,False,True,False,False,False,0,
NCT06979336,2025.0,2021-2026,PHASE2,drug,5,224.0,INDUSTRY,RECRUITING,RANDOMIZED,True,QUADRUPLE,4.0,True,True,PARALLEL,True,False,True,True,False,False,0,False
NCT01171807,2003.0,<=2015,PHASE2,drug,2,33.0,INDUSTRY,COMPLETED,RANDOMIZED,True,NONE,0.0,False,False,PARALLEL,False,False,True,False,True,False,1,True
NCT03123120,2017.0,2016-2020,PHASE2,drug,2,22.0,INDUSTRY,COMPLETED,RANDOMIZED,True,DOUBLE,2.0,True,True,PARALLEL,False,False,True,False,True,False,0,True
NCT07240649,2026.0,2021-2026,PHASE4,both,1,100.0,OTHER,NOT_YET_RECRUITING,NA,False,NONE,0.0,False,False,SINGLE_GROUP,True,True,True,False,False,False,0,False
NCT05316220,2025.0,2021-2026,PHASE3,drug,2,0.0,INDUSTRY,WITHDRAWN,RANDOMIZED,True,QUADRUPLE,4.0,True,True,PARALLEL,False,True,True,False,False,False,0,True
NCT00463151,2007.0,<=2015,PHASE2,drug,4,124.0,INDUSTRY,COMPLETED,RANDOMIZED,True,QUADRUPLE,4.0,True,True,PARALLEL,True,False,True,True,True,False,0,False
NCT07535489,2026.0,2021-2026,PHASE2,drug,4,144.0,INDUSTRY,NOT_YET_RECRUITING,RANDOMIZED,True,QUADRUPLE,4.0,True,True,PARALLEL,True,False,True,True,False,False,0,
NCT05784246,2023.0,2021-2026,PHASE3,drug,3,63.0,INDUSTRY,COMPLETED,NON_RANDOMIZED,False,NONE,0.0,False,False,PARALLEL,False,True,True,True,False,False,0,True
NCT06206811,2024.0,2021-2026,PHASE1,drug,4,101.0,INDUSTRY,COMPLETED,RANDOMIZED,True,SINGLE,1.0,True,False,SINGLE_GROUP,True,False,True,True,False,False,0,False
NCT01393405,2012.0,<=2015,PHASE2,drug,2,179.0,OTHER,COMPLETED,RANDOMIZED,True,DOUBLE,2.0,True,True,PARALLEL,True,False,True,False,True,False,1,True
NCT06290934,2024.0,2021-2026,PHASE2,drug,4,228.0,INDUSTRY,ACTIVE_NOT_RECRUITING,RANDOMIZED,True,DOUBLE,2.0,True,True,SEQUENTIAL,True,False,True,True,False,False,0,True
NCT01008423,2009.0,<=2015,PHASE3,drug,2,281.0,INDUSTRY,COMPLETED,RANDOMIZED,True,TRIPLE,3.0,True,True,PARALLEL,True,True,True,False,True,False,2,False
NCT06626165,2024.0,2021-2026,PHASE4,drug,2,100.0,OTHER,COMPLETED,NON_RANDOMIZED,False,TRIPLE,3.0,True,True,PARALLEL,True,True,True,False,False,False,0,True
NCT05327790,2022.0,2021-2026,PHASE2,drug,4,40.0,OTHER,RECRUITING,RANDOMIZED,True,QUADRUPLE,4.0,True,True,PARALLEL,False,False,True,True,False,False,0,True
NCT05807971,2023.0,2021-2026,PHASE1,drug,5,76.0,INDUSTRY,COMPLETED,RANDOMIZED,True,QUADRUPLE,4.0,True,True,SEQUENTIAL,True,False,True,True,False,False,0,True
NCT02171429,2014.0,<=2015,PHASE3,drug,3,358.0,INDUSTRY,COMPLETED,RANDOMIZED,True,DOUBLE,2.0,True,True,PARALLEL,True,True,True,True,True,False,2,True
NCT01100112,2010.0,<=2015,PHASE3,drug,1,61.0,INDUSTRY,COMPLETED,NA,False,NONE,0.0,False,False,SINGLE_GROUP,False,True,True,False,True,False,0,False
NCT02093663,2014.0,<=2015,PHASE3,drug,2,107.0,INDUSTRY,COMPLETED,RANDOMIZED,True,QUADRUPLE,4.0,True,True,PARALLEL,True,True,True,False,True,False,1,
NCT04114292,2019.0,2016-2020,PHASE1,drug,1,14.0,OTHER,COMPLETED,NA,False,NONE,0.0,False,False,SINGLE_GROUP,False,False,False,False,False,False,1,
NCT07428096,2025.0,2021-2026,PHASE1,drug,1,6.0,INDUSTRY,ACTIVE_NOT_RECRUITING,NA,False,NONE,0.0,False,False,SINGLE_GROUP,False,False,True,False,False,False,0,
NCT05131971,2021.0,2021-2026,PHASE1,drug,14,54.0,INDUSTRY,COMPLETED,RANDOMIZED,True,DOUBLE,2.0,True,True,SEQUENTIAL,True,False,True,True,True,False,0,False
NCT02985593,2016.0,2016-2020,PHASE1,drug,2,155.0,INDUSTRY,COMPLETED,RANDOMIZED,True,SINGLE,1.0,True,False,PARALLEL,True,False,True,False,False,False,0,True
NCT03650413,2019.0,2016-2020,PHASE2,drug,1,143.0,INDUSTRY,TERMINATED,NA,False,NONE,0.0,False,False,SINGLE_GROUP,True,False,True,False,True,False,0,
NCT00194818,2003.0,<=2015,PHASE4,drug,2,7.0,OTHER,COMPLETED,RANDOMIZED,True,NONE,0.0,False,False,PARALLEL,False,True,False,False,False,False,0,False
NCT06598943,2024.0,2021-2026,PHASE2,drug,4,140.0,INDUSTRY,RECRUITING,RANDOMIZED,True,DOUBLE,2.0,True,True,PARALLEL,True,False,True,True,False,False,0,True
NCT06420492,2025.0,2021-2026,PHASE2,drug,1,20.0,OTHER,RECRUITING,NA,False,NONE,0.0,False,False,SINGLE_GROUP,False,False,True,False,False,False,0,True
NCT04804540,2021.0,2021-2026,PHASE4,drug,1,150.0,INDUSTRY,COMPLETED,NA,False,NONE,0.0,False,False,SINGLE_GROUP,True,True,True,False,True,False,0,False
NCT07149441,2025.0,2021-2026,NA,both,2,94.0,OTHER,ACTIVE_NOT_RECRUITING,RANDOMIZED,True,NONE,0.0,False,False,PARALLEL,True,False,True,False,False,False,1,False
NCT03758443,2019.0,2016-2020,PHASE2;PHASE3,drug,4,239.0,INDUSTRY,TERMINATED,RANDOMIZED,True,QUADRUPLE,4.0,True,True,PARALLEL,True,True,True,True,True,False,0,True
NCT00467922,2007.0,<=2015,PHASE3,drug,0,69.0,OTHER,COMPLETED,RANDOMIZED,True,DOUBLE,2.0,True,True,SINGLE_GROUP,False,True,True,False,False,False,0,False
NCT06764615,2025.0,2021-2026,PHASE2,drug,3,192.0,INDUSTRY,RECRUITING,NA,False,NONE,0.0,False,False,SINGLE_GROUP,True,False,True,True,False,False,0,True
NCT05782907,2023.0,2021-2026,PHASE3,drug,5,122.0,INDUSTRY,ACTIVE_NOT_RECRUITING,RANDOMIZED,True,QUADRUPLE,4.0,True,True,SEQUENTIAL,True,True,True,True,False,False,0,True
NCT02148640,2014.0,<=2015,PHASE4,drug,2,482.0,OTHER,COMPLETED,RANDOMIZED,True,QUADRUPLE,4.0,True,True,PARALLEL,True,True,True,False,False,False,3,False
NCT05088369,2021.0,2021-2026,PHASE1,drug,4,53.0,OTHER,COMPLETED,RANDOMIZED,True,QUADRUPLE,4.0,True,True,PARALLEL,True,False,True,True,False,False,0,False
NCT05753267,2023.0,2021-2026,PHASE2;PHASE3,drug,2,60.0,OTHER,COMPLETED,RANDOMIZED,True,DOUBLE,2.0,True,True,PARALLEL,False,True,True,False,False,False,1,
NCT02683759,2016.0,2016-2020,PHASE3,drug,2,50.0,OTHER,UNKNOWN,RANDOMIZED,True,TRIPLE,3.0,True,True,PARALLEL,False,True,True,False,False,False,0,True
NCT02921555,2018.0,2016-2020,PHASE4,drug,2,75.0,OTHER,TERMINATED,RANDOMIZED,True,NONE,0.0,False,False,PARALLEL,False,True,False,False,True,False,1,True
NCT06405087,2025.0,2021-2026,PHASE3,drug,3,70.0,INDUSTRY,RECRUITING,RANDOMIZED,True,NONE,0.0,False,False,PARALLEL,False,True,True,True,False,False,0,True
NCT01536535,2012.0,<=2015,PHASE4,both,2,431.0,OTHER,COMPLETED,NON_RANDOMIZED,False,NONE,0.0,False,False,PARALLEL,True,True,True,False,True,True,2,True
NCT03679546,2019.0,2016-2020,PHASE4,drug,2,151.0,OTHER,COMPLETED,RANDOMIZED,True,TRIPLE,3.0,True,True,PARALLEL,True,True,True,False,False,False,0,False
NCT01479660,2011.0,<=2015,PHASE4,drug,2,100.0,OTHER,UNKNOWN,RANDOMIZED,True,QUADRUPLE,4.0,True,True,PARALLEL,True,True,True,False,False,False,0,False
NCT01036022,2009.0,<=2015,PHASE2,drug,3,120.0,INDUSTRY,COMPLETED,RANDOMIZED,True,TRIPLE,3.0,True,True,PARALLEL,True,False,True,True,True,False,0,False
NCT06715540,2024.0,2021-2026,PHASE1,drug,10,48.0,INDUSTRY,RECRUITING,NON_RANDOMIZED,False,NONE,0.0,False,False,SEQUENTIAL,True,False,False,True,False,False,0,True
NCT06113913,2024.0,2021-2026,PHASE4,drug,3,275.0,OTHER,RECRUITING,RANDOMIZED,True,NONE,0.0,False,False,PARALLEL,True,True,True,True,False,False,0,False
NCT02647866,2016.0,2016-2020,PHASE2,drug,5,66.0,INDUSTRY,COMPLETED,RANDOMIZED,True,QUADRUPLE,4.0,True,True,SEQUENTIAL,True,False,True,True,True,False,0,False
NCT00542152,2007.0,<=2015,PHASE4,drug,2,115.0,OTHER,COMPLETED,RANDOMIZED,True,NONE,0.0,False,False,PARALLEL,True,True,True,False,False,False,3,False
NCT07501078,2026.0,2021-2026,PHASE2,drug,2,52.0,OTHER,RECRUITING,RANDOMIZED,True,TRIPLE,3.0,True,True,PARALLEL,True,False,True,False,False,False,0,
NCT05092269,2021.0,2021-2026,PHASE3,drug,1,159.0,INDUSTRY,ACTIVE_NOT_RECRUITING,NA,False,NONE,0.0,False,False,SINGLE_GROUP,True,True,False,False,False,False,0,False
NCT07185009,2026.0,2021-2026,PHASE3,drug,4,671.0,INDUSTRY,RECRUITING,RANDOMIZED,True,QUADRUPLE,4.0,True,True,PARALLEL,True,True,True,True,False,False,0,True
NCT03483246,2018.0,2016-2020,PHASE3,drug,2,150.0,OTHER,ACTIVE_NOT_RECRUITING,RANDOMIZED,True,SINGLE,1.0,True,False,PARALLEL,True,True,True,False,False,False,0,True
NCT02762500,2016.0,2016-2020,PHASE2,drug,2,124.0,INDUSTRY,COMPLETED,RANDOMIZED,True,DOUBLE,2.0,True,True,PARALLEL,True,False,True,False,True,False,0,True
NCT06100289,2025.0,2021-2026,PHASE3,drug,5,70.0,INDUSTRY,RECRUITING,NON_RANDOMIZED,False,NONE,0.0,False,False,PARALLEL,False,True,True,True,False,False,0,True
NCT04112212,2020.0,2016-2020,PHASE1,drug,6,38.0,OTHER,COMPLETED,NON_RANDOMIZED,False,NONE,0.0,False,False,SEQUENTIAL,True,False,False,True,False,False,1,True
NCT06880744,2025.0,2021-2026,PHASE3,drug,2,573.0,INDUSTRY,ACTIVE_NOT_RECRUITING,RANDOMIZED,True,NONE,0.0,False,False,PARALLEL,True,True,True,False,False,False,0,False
NCT01538251,2012.0,<=2015,PHASE3,drug,2,147.0,INDUSTRY,TERMINATED,RANDOMIZED,True,QUADRUPLE,4.0,True,True,PARALLEL,True,True,True,False,False,False,0,True
NCT06660693,2025.0,2021-2026,PHASE3,drug,2,134.0,OTHER,RECRUITING,RANDOMIZED,True,NONE,0.0,False,False,PARALLEL,True,True,True,False,False,False,0,True
NCT05156125,2021.0,2021-2026,PHASE2,drug,3,213.0,INDUSTRY,TERMINATED,RANDOMIZED,True,QUADRUPLE,4.0,True,True,PARALLEL,True,False,True,True,True,False,1,True
NCT01470612,2012.0,<=2015,PHASE3,drug,2,944.0,INDUSTRY,COMPLETED,NON_RANDOMIZED,False,NONE,0.0,False,False,PARALLEL,True,True,True,False,True,False,27,True
NCT01694485,2012.0,<=2015,PHASE2,drug,5,359.0,INDUSTRY,COMPLETED,RANDOMIZED,True,TRIPLE,3.0,True,True,PARALLEL,True,False,True,True,True,False,1,True
NCT05715099,2023.0,2021-2026,PHASE4,drug,6,90.0,OTHER,UNKNOWN,RANDOMIZED,True,DOUBLE,2.0,True,True,PARALLEL,False,True,True,True,False,False,0,
NCT00259571,,,PHASE2;PHASE3,drug,0,0.0,OTHER,WITHDRAWN,RANDOMIZED,True,DOUBLE,2.0,True,True,PARALLEL,False,True,False,False,False,False,0,
NCT04738942,2021.0,2021-2026,PHASE3,drug,2,56.0,INDUSTRY,ACTIVE_NOT_RECRUITING,NON_RANDOMIZED,False,NONE,0.0,False,False,PARALLEL,False,True,True,False,True,False,0,False
NCT04033445,2019.0,2016-2020,PHASE2;PHASE3,drug,8,1064.0,INDUSTRY,ACTIVE_NOT_RECRUITING,RANDOMIZED,True,DOUBLE,2.0,True,True,PARALLEL,True,True,True,True,True,False,5,True
NCT03531892,2018.0,2016-2020,PHASE3,drug,2,198.0,INDUSTRY,COMPLETED,RANDOMIZED,True,QUADRUPLE,4.0,True,True,PARALLEL,True,True,True,False,False,False,1,False
NCT00498589,2007.0,<=2015,PHASE2,drug,2,110.0,OTHER,COMPLETED,RANDOMIZED,True,DOUBLE,2.0,True,True,PARALLEL,True,False,True,False,False,False,1,True
NCT02246686,2014.0,<=2015,PHASE2,drug,2,3.0,INDUSTRY,TERMINATED,RANDOMIZED,True,DOUBLE,2.0,True,True,PARALLEL,False,False,True,False,False,False,0,False
NCT06588855,2024.0,2021-2026,PHASE3,drug,2,350.0,INDUSTRY,RECRUITING,RANDOMIZED,True,DOUBLE,2.0,True,True,PARALLEL,True,True,True,False,False,False,0,True
NCT04023396,2020.0,2016-2020,PHASE2,drug,1,217.0,INDUSTRY,COMPLETED,NA,False,NONE,0.0,False,False,SINGLE_GROUP,True,False,True,False,True,False,2,True
NCT05225545,2019.0,2016-2020,PHASE3,drug,2,30.0,OTHER,UNKNOWN,RANDOMIZED,True,DOUBLE,2.0,True,True,PARALLEL,False,True,True,False,False,False,0,False
NCT04857112,2021.0,2021-2026,PHASE2,drug,4,322.0,INDUSTRY,COMPLETED,RANDOMIZED,True,DOUBLE,2.0,True,True,PARALLEL,True,False,True,True,False,False,0,False
NCT00307827,2006.0,<=2015,PHASE2,drug,3,38.0,INDUSTRY,TERMINATED,RANDOMIZED,True,QUADRUPLE,4.0,True,True,PARALLEL,False,False,True,True,False,False,0,True
NCT01461317,2011.0,<=2015,PHASE2,drug,1,121.0,INDUSTRY,COMPLETED,NA,False,NONE,0.0,False,False,SINGLE_GROUP,True,False,True,False,False,False,0,
NCT07546097,2026.0,2021-2026,PHASE4,drug,2,46.0,OTHER,RECRUITING,RANDOMIZED,True,NONE,0.0,False,False,PARALLEL,False,True,True,False,False,False,0,
NCT05205603,2022.0,2021-2026,PHASE4,drug,2,438.0,OTHER,COMPLETED,RANDOMIZED,True,NONE,0.0,False,False,PARALLEL,True,True,True,False,False,False,0,False
NCT02100696,2014.0,<=2015,PHASE3,drug,6,609.0,INDUSTRY,COMPLETED,RANDOMIZED,True,DOUBLE,2.0,True,True,PARALLEL,True,True,True,True,True,False,3,
NCT02962245,2016.0,2016-2020,PHASE4,drug,2,0.0,OTHER,WITHDRAWN,RANDOMIZED,True,NONE,0.0,False,False,PARALLEL,False,True,True,False,False,False,0,
NCT03816345,2019.0,2016-2020,PHASE1,both,11,300.0,NIH,RECRUITING,NA,False,NONE,0.0,False,False,PARALLEL,True,False,True,True,False,False,1,False
NCT02442960,2014.0,<=2015,PHASE1,drug,2,15.0,OTHER,COMPLETED,NON_RANDOMIZED,False,NONE,0.0,False,False,SINGLE_GROUP,False,False,True,False,False,False,1,False
NCT07296315,2026.0,2021-2026,PHASE2,drug,3,204.0,INDUSTRY,RECRUITING,RANDOMIZED,True,QUADRUPLE,4.0,True,True,PARALLEL,True,False,True,True,False,False,0,True
NCT05780723,2023.0,2021-2026,NA,drug,2,60.0,OTHER,COMPLETED,RANDOMIZED,True,NONE,0.0,False,False,PARALLEL,True,False,True,False,False,False,0,True
NCT04828031,2021.0,2021-2026,PHASE1,drug,1,48.0,OTHER,COMPLETED,NA,False,NONE,0.0,False,False,SINGLE_GROUP,True,False,True,False,False,False,1,False
NCT05242484,2022.0,2021-2026,PHASE2,drug,6,577.0,INDUSTRY,ACTIVE_NOT_RECRUITING,RANDOMIZED,True,DOUBLE,2.0,True,True,PARALLEL,True,False,True,True,False,False,0,True
NCT01465763,2012.0,<=2015,PHASE3,drug,2,614.0,INDUSTRY,COMPLETED,RANDOMIZED,True,QUADRUPLE,4.0,True,True,PARALLEL,True,True,True,False,True,False,35,True
NCT03980080,2018.0,2016-2020,PHASE1,drug,4,63.0,INDUSTRY,COMPLETED,RANDOMIZED,True,DOUBLE,2.0,True,True,PARALLEL,True,False,True,True,False,False,0,True
NCT00713310,2008.0,<=2015,PHASE3,drug,2,83.0,INDUSTRY,COMPLETED,RANDOMIZED,True,TRIPLE,3.0,True,True,PARALLEL,False,True,True,False,True,False,1,False
NCT00984568,2009.0,<=2015,PHASE3,drug,2,28.0,INDUSTRY,TERMINATED,RANDOMIZED,True,NONE,0.0,False,False,PARALLEL,False,True,True,False,True,False,1,False
NCT07258641,2026.0,2021-2026,PHASE1;PHASE2,drug,4,30.0,OTHER,NOT_YET_RECRUITING,NON_RANDOMIZED,False,NONE,0.0,False,False,SEQUENTIAL,False,False,False,True,False,False,0,False
NCT06488625,2024.0,2021-2026,PHASE2;PHASE3,drug,4,459.0,OTHER,RECRUITING,RANDOMIZED,True,DOUBLE,2.0,True,True,PARALLEL,True,True,True,True,False,False,0,True
NCT01790061,2013.0,<=2015,PHASE2;PHASE3,both,2,500.0,OTHER,UNKNOWN,NON_RANDOMIZED,False,NONE,0.0,False,False,PARALLEL,True,True,True,False,False,False,8,True
NCT05291689,2022.0,2021-2026,PHASE2,drug,1,39.0,INDUSTRY,COMPLETED,NA,False,NONE,0.0,False,False,SINGLE_GROUP,False,False,True,False,True,False,1,True
NCT06067698,2023.0,2021-2026,NA,drug,2,60.0,OTHER,RECRUITING,RANDOMIZED,True,SINGLE,1.0,True,False,PARALLEL,True,False,True,False,False,False,0,True
NCT02453776,2015.0,<=2015,PHASE4,drug,2,80.0,OTHER,COMPLETED,RANDOMIZED,True,NONE,0.0,False,False,PARALLEL,False,True,False,False,False,False,1,False
NCT05912712,2023.0,2021-2026,PHASE1,drug,3,60.0,OTHER,UNKNOWN,RANDOMIZED,True,TRIPLE,3.0,True,True,PARALLEL,True,False,True,True,False,False,0,
NCT01678911,2012.0,<=2015,PHASE4,drug,2,11.0,OTHER,TERMINATED,RANDOMIZED,True,DOUBLE,2.0,True,True,CROSSOVER,False,True,True,False,True,False,0,True
NCT05770609,2023.0,2021-2026,PHASE2,drug,3,53.0,INDUSTRY,COMPLETED,RANDOMIZED,True,DOUBLE,2.0,True,True,PARALLEL,True,False,True,True,False,False,0,
NCT04348890,2020.0,2016-2020,PHASE1;PHASE2,drug,1,0.0,INDUSTRY,WITHDRAWN,NA,False,NONE,0.0,False,False,SINGLE_GROUP,False,False,True,False,False,False,0,True
NCT00488774,2007.0,<=2015,PHASE2;PHASE3,drug,4,291.0,INDUSTRY,TERMINATED,RANDOMIZED,True,QUADRUPLE,4.0,True,True,PARALLEL,True,True,True,True,True,False,2,True
NCT00643071,2006.0,<=2015,PHASE3,drug,1,32.0,INDUSTRY,COMPLETED,NON_RANDOMIZED,False,NONE,0.0,False,False,SINGLE_GROUP,False,True,True,False,False,False,0,True
NCT04478825,2021.0,2021-2026,PHASE1,drug,1,2.0,INDUSTRY,TERMINATED,NA,False,NONE,0.0,False,False,SINGLE_GROUP,False,False,True,False,False,False,0,
NCT05019742,2022.0,2021-2026,PHASE2,drug,3,3.0,INDUSTRY,TERMINATED,RANDOMIZED,True,QUADRUPLE,4.0,True,True,PARALLEL,False,False,True,True,True,False,0,False
NCT02536404,2016.0,2016-2020,PHASE2,drug,2,118.0,INDUSTRY,COMPLETED,RANDOMIZED,True,,,False,False,PARALLEL,True,False,True,False,True,False,1,True
NCT03178669,2017.0,2016-2020,PHASE2,drug,5,213.0,INDUSTRY,COMPLETED,RANDOMIZED,True,QUADRUPLE,4.0,True,True,PARALLEL,True,False,True,True,True,False,1,True
NCT01560819,2012.0,<=2015,PHASE1,drug,1,20.0,OTHER,COMPLETED,NA,False,NONE,0.0,False,False,SINGLE_GROUP,False,False,True,False,True,True,0,True
NCT02878083,2017.0,2016-2020,NA,drug,1,19.0,OTHER,TERMINATED,NA,False,NONE,0.0,False,False,SINGLE_GROUP,False,False,True,False,False,False,1,False
NCT02888379,2016.0,2016-2020,PHASE2,drug,2,77.0,INDUSTRY,COMPLETED,RANDOMIZED,True,QUADRUPLE,4.0,True,True,PARALLEL,True,False,True,False,False,False,0,False
NCT03773952,2018.0,2016-2020,PHASE2,drug,2,34.0,INDUSTRY,COMPLETED,RANDOMIZED,True,QUADRUPLE,4.0,True,True,PARALLEL,False,False,True,False,False,False,0,False
NCT01008410,2009.0,<=2015,PHASE3,drug,2,265.0,INDUSTRY,COMPLETED,RANDOMIZED,True,TRIPLE,3.0,True,True,PARALLEL,True,True,True,False,True,False,2,False
NCT04583358,2020.0,2016-2020,PHASE2,drug,2,105.0,INDUSTRY,UNKNOWN,RANDOMIZED,True,QUADRUPLE,4.0,True,True,PARALLEL,True,False,True,False,False,False,0,False
NCT02425865,2016.0,2016-2020,PHASE4,drug,1,202.0,OTHER,COMPLETED,NA,False,NONE,0.0,False,False,SINGLE_GROUP,True,True,True,False,False,False,0,False
NCT05999708,2023.0,2021-2026,PHASE1,drug,8,0.0,INDUSTRY,WITHDRAWN,RANDOMIZED,True,QUADRUPLE,4.0,True,True,SEQUENTIAL,False,False,True,True,False,False,0,True
NCT01257399,2010.0,<=2015,PHASE3,drug,2,251.0,INDUSTRY,COMPLETED,RANDOMIZED,True,SINGLE,1.0,True,False,PARALLEL,True,True,True,False,False,False,1,False
NCT02522780,2016.0,2016-2020,PHASE3,drug,2,276.0,INDUSTRY,COMPLETED,RANDOMIZED,True,QUADRUPLE,4.0,True,True,PARALLEL,True,True,True,False,True,False,0,False
NCT03162432,2017.0,2016-2020,PHASE3,drug,1,50.0,OTHER,UNKNOWN,NA,False,NONE,0.0,False,False,SINGLE_GROUP,False,True,True,False,False,False,1,False
NCT03269695,2017.0,2016-2020,PHASE2,drug,2,20.0,INDUSTRY,TERMINATED,RANDOMIZED,True,TRIPLE,3.0,True,True,PARALLEL,False,False,True,False,True,False,1,True
NCT03760003,2019.0,2016-2020,PHASE2,drug,4,355.0,INDUSTRY,COMPLETED,RANDOMIZED,True,QUADRUPLE,4.0,True,True,PARALLEL,True,False,True,True,True,False,0,True
NCT07258771,2026.0,2021-2026,PHASE4,drug,4,110.0,OTHER,RECRUITING,RANDOMIZED,True,TRIPLE,3.0,True,True,PARALLEL,True,True,True,True,False,False,0,True
NCT07654751,2026.0,2021-2026,PHASE4,both,2,10.0,INDUSTRY,NOT_YET_RECRUITING,NON_RANDOMIZED,False,NONE,0.0,False,False,PARALLEL,False,True,False,False,False,False,0,False
NCT06080048,2023.0,2021-2026,PHASE1,drug,3,22.0,INDUSTRY,COMPLETED,RANDOMIZED,True,TRIPLE,3.0,True,True,SEQUENTIAL,False,False,True,True,False,False,1,True
NCT03920254,2020.0,2016-2020,PHASE2;PHASE3,drug,3,46.0,INDUSTRY,TERMINATED,NON_RANDOMIZED,False,QUADRUPLE,4.0,True,True,PARALLEL,False,True,True,True,True,False,0,True
NCT03669029,2018.0,2016-2020,PHASE4,drug,2,50.0,OTHER,UNKNOWN,NON_RANDOMIZED,False,NONE,0.0,False,False,SEQUENTIAL,False,True,True,False,False,False,0,False
NCT02760940,2016.0,2016-2020,PHASE4,drug,1,200.0,OTHER,UNKNOWN,NA,False,NONE,0.0,False,False,SINGLE_GROUP,True,True,True,False,False,True,0,True
NCT02770040,2016.0,2016-2020,PHASE4,drug,3,138.0,OTHER_GOV,COMPLETED,RANDOMIZED,True,NONE,0.0,False,False,PARALLEL,True,True,True,True,False,True,0,True
NCT04996797,2021.0,2021-2026,PHASE2,both,4,178.0,INDUSTRY,COMPLETED,RANDOMIZED,True,QUADRUPLE,4.0,True,True,PARALLEL,True,False,True,True,True,True,0,True
NCT03524092,2018.0,2016-2020,PHASE3,drug,12,1328.0,INDUSTRY,COMPLETED,NON_RANDOMIZED,False,DOUBLE,2.0,True,True,PARALLEL,True,True,True,True,True,False,13,True
NCT01037322,2010.0,<=2015,PHASE1;PHASE2,drug,2,20.0,OTHER,COMPLETED,RANDOMIZED,True,TRIPLE,3.0,True,True,PARALLEL,False,False,True,False,False,False,1,False
NCT00232258,2005.0,<=2015,PHASE2,drug,0,307.0,INDUSTRY,COMPLETED,RANDOMIZED,True,DOUBLE,2.0,True,True,PARALLEL,True,False,True,False,False,False,0,
NCT01294410,2011.0,<=2015,PHASE2,drug,5,305.0,INDUSTRY,COMPLETED,RANDOMIZED,True,QUADRUPLE,4.0,True,True,PARALLEL,True,False,True,True,False,False,1,True
NCT07232576,2025.0,2021-2026,PHASE2,drug,1,21.0,INDUSTRY,ACTIVE_NOT_RECRUITING,NA,False,NONE,0.0,False,False,SINGLE_GROUP,False,False,True,False,False,False,0,
NCT06257875,2024.0,2021-2026,PHASE2,drug,8,156.0,INDUSTRY,ACTIVE_NOT_RECRUITING,RANDOMIZED,True,NONE,0.0,False,False,SEQUENTIAL,True,False,True,True,False,False,0,False
NCT05058417,2021.0,2021-2026,PHASE2,drug,2,0.0,OTHER,WITHDRAWN,RANDOMIZED,True,DOUBLE,2.0,True,True,PARALLEL,False,False,True,False,False,False,0,True
NCT01914887,2013.0,<=2015,PHASE1;PHASE2,drug,1,8.0,OTHER,UNKNOWN,NA,False,NONE,0.0,False,False,SINGLE_GROUP,False,False,True,False,False,False,0,False
NCT02142725,2014.0,<=2015,PHASE3,drug,3,468.0,INDUSTRY,TERMINATED,RANDOMIZED,True,QUADRUPLE,4.0,True,True,PARALLEL,True,True,True,True,False,False,1,True
NCT04700449,2019.0,2016-2020,PHASE2,drug,4,145.0,INDUSTRY,COMPLETED,RANDOMIZED,True,QUADRUPLE,4.0,True,True,PARALLEL,True,False,True,True,True,False,0,True
NCT03597971,2018.0,2016-2020,PHASE1,drug,2,32.0,INDUSTRY,TERMINATED,RANDOMIZED,True,TRIPLE,3.0,True,True,PARALLEL,True,False,True,False,False,False,0,True
NCT03844932,2019.0,2016-2020,PHASE2,drug,4,235.0,INDUSTRY,TERMINATED,RANDOMIZED,True,TRIPLE,3.0,True,True,PARALLEL,True,False,True,True,False,False,0,True
NCT02337608,2014.0,<=2015,PHASE2,drug,2,64.0,INDUSTRY,COMPLETED,RANDOMIZED,True,QUADRUPLE,4.0,True,True,PARALLEL,True,False,True,False,False,False,0,True
NCT00259558,2003.0,<=2015,PHASE2,drug,0,60.0,OTHER,COMPLETED,RANDOMIZED,True,DOUBLE,2.0,True,True,PARALLEL,True,False,True,False,False,False,1,
NCT03101800,2016.0,2016-2020,PHASE3,drug,2,84.0,OTHER,UNKNOWN,RANDOMIZED,True,SINGLE,1.0,True,False,PARALLEL,False,True,True,False,False,False,2,True
NCT01387594,2012.0,<=2015,PHASE1,both,2,49.0,INDUSTRY,COMPLETED,NON_RANDOMIZED,False,NONE,0.0,False,False,SINGLE_GROUP,True,False,False,False,True,False,1,True
NCT06260267,2024.0,2021-2026,PHASE1,drug,4,0.0,INDUSTRY,WITHDRAWN,RANDOMIZED,True,TRIPLE,3.0,True,True,PARALLEL,False,False,True,True,False,False,0,False
NCT01004185,2009.0,<=2015,PHASE3,drug,2,39.0,INDUSTRY,TERMINATED,RANDOMIZED,True,QUADRUPLE,4.0,True,True,PARALLEL,False,True,True,False,True,False,0,False
NCT05992142,2023.0,2021-2026,PHASE4,drug,1,200.0,OTHER,COMPLETED,NA,False,NONE,0.0,False,False,SINGLE_GROUP,True,True,True,False,False,False,0,True
NCT00744016,2004.0,<=2015,PHASE3,drug,2,305.0,INDUSTRY,COMPLETED,RANDOMIZED,True,DOUBLE,2.0,True,True,PARALLEL,True,True,False,False,False,False,3,False
