nct,year,epoch,phase,int_class,n_arms,n_enroll,sponsor_class,overall_status,allocation,randomized,masking,masking_ord,blinded_any,blinded_double_plus,model,power_ok,comparator_kind,has_comparator,n_started,n_completed,attrition,low_attrition,pivotal,treatment,multiarm,has_results,has_result_ref,n_derived,has_derived,ipd,ipd_yes,dmc
NCT01997801,2013.0,<=2015,NA,drug,2,64.0,OTHER,UNKNOWN,RANDOMIZED,True,QUADRUPLE,4.0,True,True,PARALLEL,True,placebo/sham,True,,,,,False,False,False,False,False,1,True,,False,True
NCT06423703,2024.0,2021-2026,PHASE3,drug,3,240.0,INDUSTRY,COMPLETED,RANDOMIZED,True,QUADRUPLE,4.0,True,True,PARALLEL,True,placebo/sham,True,,,,,True,True,True,False,False,0,False,,False,False
NCT01107899,2009.0,<=2015,PHASE1,drug,3,29.0,INDUSTRY,TERMINATED,RANDOMIZED,True,NONE,0.0,False,False,PARALLEL,False,active,True,29.0,20.0,0.31034482758620685,False,False,True,True,True,False,1,True,,False,False
NCT05509400,2022.0,2021-2026,PHASE4,drug,2,813.0,INDUSTRY,COMPLETED,RANDOMIZED,True,QUADRUPLE,4.0,True,True,SEQUENTIAL,True,placebo/sham,True,633.0,569.0,0.10110584518167454,True,True,True,False,True,False,2,True,YES,True,False
NCT00668434,2008.0,<=2015,PHASE2,drug,2,269.0,OTHER,COMPLETED,RANDOMIZED,True,TRIPLE,3.0,True,True,PARALLEL,True,placebo/sham,True,269.0,267.0,0.0074349442379182396,True,False,True,False,True,False,1,True,,False,True
NCT06267820,2023.0,2021-2026,PHASE2,drug,2,90.0,OTHER,COMPLETED,RANDOMIZED,True,QUADRUPLE,4.0,True,True,PARALLEL,True,active,True,,,,,False,False,False,False,False,0,False,,False,True
NCT06887959,2025.0,2021-2026,PHASE4,drug,1,47.0,INDUSTRY,COMPLETED,NA,False,NONE,0.0,False,False,SINGLE_GROUP,False,none/single-group,False,,,,,True,True,False,False,False,0,False,NO,False,
NCT01637077,2012.0,<=2015,PHASE2,drug,2,46.0,OTHER,COMPLETED,RANDOMIZED,True,DOUBLE,2.0,True,True,PARALLEL,False,placebo/sham,True,46.0,41.0,0.10869565217391308,True,False,False,False,True,False,0,False,UNDECIDED,False,True
NCT07248540,2025.0,2021-2026,NA,drug,2,60.0,OTHER_GOV,RECRUITING,RANDOMIZED,True,NONE,0.0,False,False,PARALLEL,True,active,True,,,,,False,True,False,False,False,0,False,NO,False,False
NCT06949059,2025.0,2021-2026,PHASE1;PHASE2,drug,1,30.0,OTHER,RECRUITING,NA,False,NONE,0.0,False,False,SINGLE_GROUP,False,none/single-group,False,,,,,False,True,False,False,False,0,False,NO,False,True
NCT02729805,2015.0,<=2015,PHASE4,drug,3,135.0,OTHER,SUSPENDED,RANDOMIZED,True,QUADRUPLE,4.0,True,True,PARALLEL,True,placebo/sham,True,,,,,True,True,True,False,False,0,False,UNDECIDED,False,True
NCT04291599,2022.0,2021-2026,PHASE2,drug,2,23.0,OTHER,TERMINATED,RANDOMIZED,True,NONE,0.0,False,False,PARALLEL,False,active,True,,,,,False,False,False,False,False,0,False,NO,False,True
NCT04606836,2020.0,2016-2020,PHASE4,drug,2,40.0,OTHER,UNKNOWN,NON_RANDOMIZED,False,DOUBLE,2.0,True,True,PARALLEL,False,no-intervention,True,,,,,True,False,False,False,True,0,False,NO,False,True
NCT03574376,2018.0,2016-2020,PHASE4,drug,2,258.0,OTHER,UNKNOWN,RANDOMIZED,True,NONE,0.0,False,False,PARALLEL,True,active,True,,,,,True,True,False,False,True,0,False,NO,False,True
NCT00718406,,,PHASE4,drug,2,,OTHER,COMPLETED,,False,,,False,False,,,active,True,,,,,True,False,False,False,False,0,False,,False,
NCT00364533,2006.0,<=2015,PHASE3,drug,4,367.0,INDUSTRY,TERMINATED,RANDOMIZED,True,QUADRUPLE,4.0,True,True,PARALLEL,True,placebo/sham,True,365.0,156.0,0.5726027397260274,False,True,True,True,True,False,0,False,,False,False
NCT00293631,2005.0,<=2015,PHASE2,drug,0,100.0,INDUSTRY,COMPLETED,RANDOMIZED,True,DOUBLE,2.0,True,True,PARALLEL,True,none/single-group,False,,,,,False,True,False,False,False,0,False,,False,
NCT03088826,2017.0,2016-2020,PHASE2,drug,2,80.0,OTHER,COMPLETED,RANDOMIZED,True,QUADRUPLE,4.0,True,True,PARALLEL,True,active,True,80.0,80.0,0.0,True,False,True,False,True,False,0,False,NO,False,False
NCT00237731,2005.0,<=2015,PHASE4,drug,2,106.0,OTHER,COMPLETED,RANDOMIZED,True,DOUBLE,2.0,True,True,PARALLEL,True,active,True,,,,,True,True,False,False,True,0,False,,False,False
NCT05321121,2021.0,2021-2026,PHASE4,drug,2,41.0,OTHER,COMPLETED,RANDOMIZED,True,QUADRUPLE,4.0,True,True,PARALLEL,False,placebo/sham,True,41.0,41.0,0.0,True,True,True,False,True,True,1,True,NO,False,False
NCT01280331,2011.0,<=2015,PHASE3,drug,3,375.0,INDUSTRY,COMPLETED,RANDOMIZED,True,DOUBLE,2.0,True,True,PARALLEL,True,active,True,,,,,True,True,True,False,False,0,False,,False,False
NCT00720330,2008.0,<=2015,NA,drug,3,12.0,OTHER,TERMINATED,RANDOMIZED,True,QUADRUPLE,4.0,True,True,PARALLEL,False,placebo/sham,True,12.0,12.0,0.0,True,False,True,True,True,False,0,False,,False,False
NCT04875039,2021.0,2021-2026,PHASE4,drug,2,50.0,OTHER,COMPLETED,RANDOMIZED,True,QUADRUPLE,4.0,True,True,PARALLEL,False,active,True,,,,,True,False,False,False,False,1,True,NO,False,True
NCT02460913,2012.0,<=2015,PHASE2,both,2,300.0,OTHER,COMPLETED,RANDOMIZED,True,NONE,0.0,False,False,PARALLEL,True,active,True,,,,,False,True,False,False,False,0,False,,False,False
NCT02985671,2021.0,2021-2026,PHASE3,drug,2,110.0,INDUSTRY,UNKNOWN,RANDOMIZED,True,TRIPLE,3.0,True,True,PARALLEL,True,active,True,,,,,True,True,False,False,False,0,False,NO,False,False
NCT03071601,2017.0,2016-2020,PHASE4,drug,2,132.0,OTHER,COMPLETED,RANDOMIZED,True,NONE,0.0,False,False,PARALLEL,True,none/single-group,False,,,,,True,True,False,False,True,0,False,NO,False,True
NCT00804973,2008.0,<=2015,PHASE2,drug,3,120.0,INDUSTRY,TERMINATED,RANDOMIZED,True,TRIPLE,3.0,True,True,PARALLEL,True,placebo/sham,True,120.0,120.0,0.0,True,False,True,True,True,False,0,False,,False,False
NCT03062644,2017.0,2016-2020,PHASE3,drug,6,1138.0,INDUSTRY,COMPLETED,RANDOMIZED,True,TRIPLE,3.0,True,True,PARALLEL,True,placebo/sham,True,,,,,True,True,True,False,False,2,True,NO,False,False
NCT00886002,2004.0,<=2015,PHASE1,drug,0,20.0,INDUSTRY,COMPLETED,RANDOMIZED,True,DOUBLE,2.0,True,True,CROSSOVER,False,none/single-group,False,,,,,False,True,False,False,False,0,False,,False,
NCT06602271,2025.0,2021-2026,PHASE3,drug,4,320.0,INDUSTRY,RECRUITING,RANDOMIZED,True,QUADRUPLE,4.0,True,True,PARALLEL,True,placebo/sham,True,,,,,True,True,True,False,False,0,False,YES,True,True
NCT02630719,2016.0,2016-2020,NA,drug,2,10.0,OTHER,TERMINATED,RANDOMIZED,True,SINGLE,1.0,True,False,CROSSOVER,False,placebo/sham,True,10.0,10.0,0.0,True,False,True,False,True,False,1,True,,False,False
NCT03928015,2019.0,2016-2020,PHASE2,drug,2,0.0,OTHER,WITHDRAWN,RANDOMIZED,True,NONE,0.0,False,False,PARALLEL,False,active,True,,,,,False,False,False,False,False,1,True,NO,False,True
NCT01070329,2010.0,<=2015,PHASE4,drug,2,527.0,INDUSTRY,COMPLETED,RANDOMIZED,True,DOUBLE,2.0,True,True,PARALLEL,True,placebo/sham,True,527.0,426.0,0.19165085388994307,True,True,True,False,True,False,1,True,,False,False
NCT00904540,2002.0,<=2015,PHASE4,drug,1,131.0,INDUSTRY,COMPLETED,NON_RANDOMIZED,False,NONE,0.0,False,False,SINGLE_GROUP,True,none/single-group,False,,,,,True,True,False,False,False,0,False,,False,
NCT04651361,2021.0,2021-2026,PHASE2;PHASE3,drug,2,60.0,OTHER,UNKNOWN,RANDOMIZED,True,QUADRUPLE,4.0,True,True,PARALLEL,False,placebo/sham,True,,,,,True,True,False,False,False,0,False,,False,False
NCT04271917,2020.0,2016-2020,PHASE3,drug,4,68.0,OTHER,COMPLETED,RANDOMIZED,True,DOUBLE,2.0,True,True,PARALLEL,False,placebo/sham,True,,,,,True,True,True,False,False,0,False,UNDECIDED,False,True
NCT00089895,2004.0,<=2015,PHASE3,drug,2,9406.0,INDUSTRY,COMPLETED,RANDOMIZED,True,TRIPLE,3.0,True,True,PARALLEL,True,placebo/sham,True,9406.0,9329.0,0.008186264086753159,True,True,True,False,True,False,15,True,NO,False,True
NCT00139607,2002.0,<=2015,PHASE3,drug,0,60.0,INDUSTRY,TERMINATED,NON_RANDOMIZED,False,NONE,0.0,False,False,PARALLEL,False,none/single-group,False,,,,,True,True,False,False,False,0,False,,False,
NCT03224039,2017.0,2016-2020,PHASE4,drug,2,40.0,OTHER,UNKNOWN,RANDOMIZED,True,TRIPLE,3.0,True,True,PARALLEL,False,active,True,,,,,True,True,False,False,False,0,False,,False,False
NCT01975753,2014.0,<=2015,PHASE1;PHASE2,drug,3,35.0,OTHER,COMPLETED,RANDOMIZED,True,SINGLE,1.0,True,False,PARALLEL,False,active,True,,,,,False,True,True,False,False,1,True,,False,True
NCT07046949,2025.0,2021-2026,NA,both,2,56.0,OTHER,COMPLETED,RANDOMIZED,True,DOUBLE,2.0,True,True,PARALLEL,True,active,True,,,,,False,True,False,False,False,0,False,YES,True,False
NCT07624006,2027.0,2021-2026,PHASE4,drug,2,1150.0,OTHER,NOT_YET_RECRUITING,RANDOMIZED,True,NONE,0.0,False,False,PARALLEL,True,active,True,,,,,True,True,False,False,False,0,False,NO,False,False
NCT06384456,2025.0,2021-2026,PHASE4,drug,2,90.0,OTHER,RECRUITING,RANDOMIZED,True,QUADRUPLE,4.0,True,True,PARALLEL,False,placebo/sham,True,,,,,True,True,False,False,False,1,True,UNDECIDED,False,False
NCT01675778,2011.0,<=2015,PHASE2,drug,1,174.0,OTHER,COMPLETED,NA,False,NONE,0.0,False,False,SINGLE_GROUP,True,none/single-group,False,174.0,174.0,0.0,True,False,True,False,True,False,1,True,,False,True
NCT02000401,2012.0,<=2015,PHASE4,drug,1,15.0,OTHER,COMPLETED,NA,False,NONE,0.0,False,False,SINGLE_GROUP,False,none/single-group,False,,,,,True,True,False,False,False,0,False,,False,False
NCT02324270,2014.0,<=2015,PHASE3,drug,3,658.0,INDUSTRY,COMPLETED,RANDOMIZED,True,QUADRUPLE,4.0,True,True,PARALLEL,True,placebo/sham,True,658.0,641.0,0.02583586626139822,True,True,True,True,True,False,0,False,,False,False
NCT00682955,2007.0,<=2015,NA,drug,2,300.0,OTHER,COMPLETED,NON_RANDOMIZED,False,NONE,0.0,False,False,PARALLEL,True,active,True,,,,,False,True,False,False,False,0,False,,False,False
NCT03944447,2018.0,2016-2020,PHASE2,both,4,200000.0,NETWORK,UNKNOWN,NON_RANDOMIZED,False,NONE,0.0,False,False,PARALLEL,True,none/single-group,False,,,,,False,True,True,False,False,0,False,NO,False,True
NCT01929044,2013.0,<=2015,PHASE3,drug,2,299.0,INDUSTRY,COMPLETED,RANDOMIZED,True,DOUBLE,2.0,True,True,PARALLEL,True,active,True,299.0,271.0,0.09364548494983282,True,True,True,False,True,False,0,False,,False,
NCT00774475,2008.0,<=2015,PHASE3,drug,2,442.0,OTHER,UNKNOWN,RANDOMIZED,True,NONE,0.0,False,False,PARALLEL,True,placebo/sham,True,,,,,True,True,False,False,False,0,False,,False,False
NCT02665286,2016.0,2016-2020,PHASE4,drug,3,240.0,OTHER,COMPLETED,RANDOMIZED,True,QUADRUPLE,4.0,True,True,PARALLEL,True,placebo/sham,True,240.0,234.0,0.025000000000000022,True,True,True,True,True,False,1,True,NO,False,True
NCT07562945,2026.0,2021-2026,NA,both,2,40.0,OTHER,NOT_YET_RECRUITING,RANDOMIZED,True,SINGLE,1.0,True,False,PARALLEL,True,no-intervention,True,,,,,False,True,False,False,False,0,False,NO,False,False
NCT05082155,2022.0,2021-2026,PHASE4,drug,2,0.0,OTHER,WITHDRAWN,RANDOMIZED,True,QUADRUPLE,4.0,True,True,PARALLEL,False,none/single-group,False,,,,,True,True,False,False,False,0,False,NO,False,False
NCT05702151,2022.0,2021-2026,NA,both,2,50.0,OTHER,UNKNOWN,RANDOMIZED,True,NONE,0.0,False,False,PARALLEL,True,active,True,,,,,False,True,False,False,False,0,False,NO,False,False
NCT03664622,2018.0,2016-2020,NA,drug,2,160.0,OTHER,COMPLETED,RANDOMIZED,True,TRIPLE,3.0,True,True,PARALLEL,True,none/single-group,False,,,,,False,True,False,False,False,0,False,NO,False,False
NCT07676357,2026.0,2021-2026,PHASE1,drug,5,28.0,OTHER,ACTIVE_NOT_RECRUITING,RANDOMIZED,True,QUADRUPLE,4.0,True,True,PARALLEL,False,placebo/sham,True,,,,,False,False,True,False,False,0,False,,False,True
NCT02700815,2016.0,2016-2020,PHASE3,drug,4,746.0,INDUSTRY,COMPLETED,RANDOMIZED,True,DOUBLE,2.0,True,True,PARALLEL,True,placebo/sham,True,746.0,727.0,0.025469168900804307,True,True,True,True,True,False,1,True,,False,
NCT07536594,2026.0,2021-2026,NA,drug,2,250.0,OTHER,NOT_YET_RECRUITING,RANDOMIZED,True,SINGLE,1.0,True,False,PARALLEL,True,active,True,,,,,False,True,False,False,True,0,False,NO,False,False
NCT05575700,2023.0,2021-2026,PHASE4,drug,2,2904.0,OTHER,COMPLETED,RANDOMIZED,True,QUADRUPLE,4.0,True,True,PARALLEL,True,placebo/sham,True,,,,,True,True,False,False,False,0,False,YES,True,True
NCT01710345,2012.0,<=2015,PHASE2,drug,3,101.0,INDUSTRY,COMPLETED,RANDOMIZED,True,QUADRUPLE,4.0,True,True,PARALLEL,True,placebo/sham,True,100.0,91.0,0.08999999999999997,True,False,True,True,True,False,0,False,,False,
NCT04003506,2024.0,2021-2026,PHASE4,drug,2,90.0,OTHER,NOT_YET_RECRUITING,RANDOMIZED,True,DOUBLE,2.0,True,True,PARALLEL,False,active,True,,,,,True,True,False,False,False,0,False,,False,
NCT04287803,2021.0,2021-2026,PHASE4,drug,1,97.0,OTHER,COMPLETED,NA,False,NONE,0.0,False,False,SINGLE_GROUP,False,none/single-group,False,,,,,True,False,False,False,False,0,False,NO,False,True
NCT05282706,2022.0,2021-2026,PHASE1,drug,4,165.0,OTHER,COMPLETED,RANDOMIZED,True,SINGLE,1.0,True,False,PARALLEL,True,placebo/sham,True,,,,,False,True,True,False,False,0,False,YES,True,False
NCT01110382,2010.0,<=2015,PHASE3,drug,2,41.0,INDUSTRY,TERMINATED,RANDOMIZED,True,QUADRUPLE,4.0,True,True,PARALLEL,False,none/single-group,False,41.0,39.0,0.04878048780487809,True,True,True,False,True,False,0,False,,False,True
NCT04674670,2021.0,2021-2026,NA,drug,2,48.0,OTHER,COMPLETED,RANDOMIZED,True,DOUBLE,2.0,True,True,CROSSOVER,True,none/single-group,False,,,,,False,False,False,False,False,0,False,NO,False,False
NCT07311369,2025.0,2021-2026,PHASE2,drug,2,40.0,INDUSTRY,RECRUITING,RANDOMIZED,True,QUADRUPLE,4.0,True,True,PARALLEL,False,placebo/sham,True,,,,,False,True,False,False,False,0,False,NO,False,False
NCT07225140,2026.0,2021-2026,PHASE3,drug,3,180.0,INDUSTRY,NOT_YET_RECRUITING,RANDOMIZED,True,QUADRUPLE,4.0,True,True,PARALLEL,True,active,True,,,,,True,True,True,False,False,0,False,NO,False,
NCT01224756,2010.0,<=2015,PHASE4,drug,2,342.0,INDUSTRY,COMPLETED,RANDOMIZED,True,QUADRUPLE,4.0,True,True,PARALLEL,True,placebo/sham,True,,,,,True,True,False,False,False,0,False,,False,True
NCT05509868,2022.0,2021-2026,PHASE3,drug,3,182.0,INDUSTRY,COMPLETED,RANDOMIZED,True,QUADRUPLE,4.0,True,True,PARALLEL,True,placebo/sham,True,,,,,True,True,True,False,False,1,True,,False,False
NCT06051227,2024.0,2021-2026,PHASE3,drug,4,608.0,OTHER,RECRUITING,RANDOMIZED,True,DOUBLE,2.0,True,True,PARALLEL,True,active,True,,,,,True,True,True,False,False,1,True,YES,True,False
NCT02930122,2019.0,2016-2020,PHASE2,drug,2,6.0,OTHER,TERMINATED,RANDOMIZED,True,DOUBLE,2.0,True,True,PARALLEL,False,placebo/sham,True,6.0,0.0,1.0,False,False,True,False,True,False,0,False,NO,False,True
NCT05861791,2023.0,2021-2026,NA,drug,2,98.0,OTHER,COMPLETED,RANDOMIZED,True,SINGLE,1.0,True,False,PARALLEL,True,active,True,,,,,False,False,False,False,False,0,False,,False,
NCT01635101,2012.0,<=2015,PHASE3,drug,3,197.0,INDUSTRY,COMPLETED,RANDOMIZED,True,DOUBLE,2.0,True,True,PARALLEL,True,placebo/sham,True,197.0,159.0,0.19289340101522845,True,True,True,True,True,False,1,True,NO,False,False
NCT03403842,2018.0,2016-2020,NA,both,3,159.0,OTHER,UNKNOWN,RANDOMIZED,True,NONE,0.0,False,False,SEQUENTIAL,True,active,True,,,,,False,True,True,False,False,0,False,UNDECIDED,False,True
NCT00391872,2006.0,<=2015,PHASE3,drug,2,18624.0,INDUSTRY,COMPLETED,RANDOMIZED,True,QUADRUPLE,4.0,True,True,PARALLEL,True,active,True,18624.0,18062.0,0.030176116838487976,True,True,True,False,True,False,62,True,,False,
NCT00099788,2004.0,<=2015,PHASE3,drug,2,6560.0,INDUSTRY,COMPLETED,RANDOMIZED,True,QUADRUPLE,4.0,True,True,PARALLEL,True,placebo/sham,True,,,,,True,True,False,False,False,14,True,,False,True
NCT07271849,2025.0,2021-2026,PHASE4,drug,3,162.0,OTHER,RECRUITING,RANDOMIZED,True,SINGLE,1.0,True,False,PARALLEL,True,active,True,,,,,True,False,True,False,False,0,False,,False,
NCT04647084,2022.0,2021-2026,PHASE4,both,2,0.0,OTHER,WITHDRAWN,RANDOMIZED,True,SINGLE,1.0,True,False,PARALLEL,False,none/single-group,False,,,,,True,False,False,False,False,0,False,NO,False,False
NCT07335913,2026.0,2021-2026,PHASE1,drug,2,80.0,INDUSTRY,RECRUITING,RANDOMIZED,True,QUADRUPLE,4.0,True,True,SEQUENTIAL,True,none/single-group,False,,,,,False,True,False,False,False,0,False,NO,False,True
NCT02317198,2013.0,<=2015,PHASE4,drug,2,1011.0,OTHER,COMPLETED,RANDOMIZED,True,NONE,0.0,False,False,PARALLEL,True,active,True,,,,,True,True,False,False,False,4,True,,False,True
NCT03307174,2016.0,2016-2020,PHASE4,drug,2,120.0,OTHER,COMPLETED,RANDOMIZED,True,SINGLE,1.0,True,False,PARALLEL,True,active,True,120.0,99.0,0.17500000000000004,True,True,True,False,True,False,0,False,NO,False,
NCT05764525,2021.0,2021-2026,PHASE3,drug,2,285.0,INDUSTRY,COMPLETED,RANDOMIZED,True,QUADRUPLE,4.0,True,True,PARALLEL,True,placebo/sham,True,285.0,271.0,0.0491228070175439,True,True,True,False,True,True,0,False,UNDECIDED,False,False
NCT01528722,2009.0,<=2015,NA,drug,2,42.0,OTHER,COMPLETED,RANDOMIZED,True,QUADRUPLE,4.0,True,True,PARALLEL,True,placebo/sham,True,,,,,False,True,False,False,False,1,True,,False,False
NCT07650877,2026.0,2021-2026,NA,drug,2,90.0,OTHER,RECRUITING,RANDOMIZED,True,DOUBLE,2.0,True,True,PARALLEL,True,active,True,,,,,False,True,False,False,False,0,False,,False,False
NCT00384579,2008.0,<=2015,PHASE4,drug,2,0.0,FED,TERMINATED,RANDOMIZED,True,TRIPLE,3.0,True,True,PARALLEL,False,placebo/sham,True,,,,,True,True,False,False,False,0,False,,False,True
NCT04037878,2017.0,2016-2020,NA,both,3,135.0,OTHER,COMPLETED,RANDOMIZED,True,DOUBLE,2.0,True,True,PARALLEL,True,none/single-group,False,,,,,False,True,True,False,True,0,False,,False,False
NCT00615875,2008.0,<=2015,PHASE4,drug,2,24.0,OTHER,UNKNOWN,RANDOMIZED,True,TRIPLE,3.0,True,True,PARALLEL,False,placebo/sham,True,,,,,True,True,False,False,False,0,False,,False,False
NCT03909607,2019.0,2016-2020,PHASE4,drug,3,120.0,OTHER,COMPLETED,RANDOMIZED,True,QUADRUPLE,4.0,True,True,PARALLEL,True,active,True,120.0,109.0,0.09166666666666667,True,True,True,True,True,False,0,False,NO,False,True
NCT00877799,2009.0,<=2015,PHASE2,drug,2,114.0,INDUSTRY,COMPLETED,RANDOMIZED,True,TRIPLE,3.0,True,True,PARALLEL,True,placebo/sham,True,68.0,57.0,0.16176470588235292,True,False,True,False,True,False,0,False,,False,False
NCT04716413,2021.0,2021-2026,PHASE4,drug,2,3.0,OTHER,TERMINATED,NON_RANDOMIZED,False,NONE,0.0,False,False,PARALLEL,False,no-intervention,True,3.0,3.0,0.0,True,True,True,False,True,False,0,False,NO,False,
NCT05793736,2023.0,2021-2026,NA,both,2,17.0,OTHER,COMPLETED,NON_RANDOMIZED,False,SINGLE,1.0,True,False,PARALLEL,False,active,True,,,,,False,False,False,False,False,0,False,,False,False
NCT05480553,2022.0,2021-2026,PHASE3,drug,2,51.0,INDUSTRY,COMPLETED,RANDOMIZED,True,DOUBLE,2.0,True,True,PARALLEL,False,placebo/sham,True,,,,,True,True,False,False,False,0,False,NO,False,False
NCT02617199,2015.0,<=2015,PHASE2;PHASE3,drug,2,60.0,OTHER_GOV,UNKNOWN,RANDOMIZED,True,NONE,0.0,False,False,PARALLEL,False,active,True,,,,,True,True,False,False,True,0,False,,False,False
NCT01920386,2013.0,<=2015,PHASE3,drug,2,240.0,INDUSTRY,COMPLETED,RANDOMIZED,True,DOUBLE,2.0,True,True,PARALLEL,True,active,True,,,,,True,True,False,False,False,0,False,,False,
NCT04837170,2021.0,2021-2026,PHASE4,drug,2,12000.0,OTHER,UNKNOWN,RANDOMIZED,True,NONE,0.0,False,False,PARALLEL,True,active,True,,,,,True,True,False,False,False,1,True,NO,False,False
NCT06994442,2025.0,2021-2026,PHASE3,drug,4,644.0,OTHER,RECRUITING,RANDOMIZED,True,QUADRUPLE,4.0,True,True,FACTORIAL,True,placebo/sham,True,,,,,True,True,True,False,False,0,False,YES,True,True
NCT00317512,2003.0,<=2015,PHASE2,both,3,45.0,INDUSTRY,COMPLETED,RANDOMIZED,True,TRIPLE,3.0,True,True,FACTORIAL,False,active,True,,,,,False,True,True,False,True,0,False,,False,True
NCT03355846,2018.0,2016-2020,PHASE4,drug,5,99.0,OTHER,COMPLETED,RANDOMIZED,True,SINGLE,1.0,True,False,PARALLEL,False,none/single-group,False,,,,,True,True,True,False,True,0,False,NO,False,True
NCT05770596,2023.0,2021-2026,NA,drug,2,204.0,OTHER,COMPLETED,RANDOMIZED,True,DOUBLE,2.0,True,True,PARALLEL,True,placebo/sham,True,,,,,False,False,False,False,False,0,False,YES,True,False
NCT07604376,2024.0,2021-2026,NA,drug,2,70.0,OTHER,RECRUITING,RANDOMIZED,True,NONE,0.0,False,False,PARALLEL,True,active,True,,,,,False,True,False,False,False,0,False,YES,True,False
NCT05286190,2017.0,2016-2020,NA,drug,2,60.0,OTHER,COMPLETED,RANDOMIZED,True,DOUBLE,2.0,True,True,PARALLEL,True,active,True,,,,,False,False,False,False,False,1,True,,False,False
NCT06904248,2024.0,2021-2026,PHASE3,drug,2,224.0,INDUSTRY,COMPLETED,RANDOMIZED,True,DOUBLE,2.0,True,True,PARALLEL,True,placebo/sham,True,,,,,True,True,False,False,False,0,False,,False,
NCT01419405,2011.0,<=2015,PHASE4,drug,4,12.0,OTHER,COMPLETED,RANDOMIZED,True,TRIPLE,3.0,True,True,CROSSOVER,False,placebo/sham,True,,,,,True,True,True,False,False,0,False,,False,False
NCT03765658,2006.0,<=2015,PHASE1,drug,1,21.0,INDUSTRY,COMPLETED,NA,False,DOUBLE,2.0,True,True,SINGLE_GROUP,False,none/single-group,False,,,,,False,True,False,False,False,0,False,NO,False,False
NCT04582786,2020.0,2016-2020,PHASE2,drug,3,118.0,INDUSTRY,UNKNOWN,RANDOMIZED,True,QUADRUPLE,4.0,True,True,PARALLEL,True,active,True,,,,,False,True,True,False,False,0,False,YES,True,False
NCT01112540,,,PHASE4,drug,2,,OTHER,COMPLETED,,False,,,False,False,,,placebo/sham,True,,,,,True,False,False,False,False,0,False,,False,
NCT03933865,2018.0,2016-2020,PHASE1,drug,1,1.0,OTHER,TERMINATED,NA,False,NONE,0.0,False,False,SINGLE_GROUP,False,none/single-group,False,,,,,False,False,False,False,False,0,False,NO,False,False
NCT01588535,2012.0,<=2015,PHASE2,drug,2,38.0,INDUSTRY,COMPLETED,RANDOMIZED,True,QUADRUPLE,4.0,True,True,PARALLEL,False,placebo/sham,True,,,,,False,False,False,False,False,0,False,,False,False
NCT05781685,2017.0,2016-2020,EARLY_PHASE1,drug,2,20.0,OTHER,COMPLETED,RANDOMIZED,True,DOUBLE,2.0,True,True,CROSSOVER,False,placebo/sham,True,20.0,20.0,0.0,True,False,False,False,True,False,0,False,NO,False,False
NCT02239497,2013.0,<=2015,PHASE4,both,2,30.0,OTHER,COMPLETED,RANDOMIZED,True,NONE,0.0,False,False,PARALLEL,False,none/single-group,False,,,,,True,True,False,False,False,0,False,,False,
NCT04917406,2021.0,2021-2026,NA,both,2,76.0,OTHER,COMPLETED,RANDOMIZED,True,SINGLE,1.0,True,False,PARALLEL,True,active,True,,,,,False,True,False,False,False,0,False,YES,True,False
NCT05386121,2022.0,2021-2026,PHASE4,both,2,60.0,OTHER,UNKNOWN,RANDOMIZED,True,DOUBLE,2.0,True,True,PARALLEL,False,active,True,,,,,True,False,False,False,False,0,False,,False,False
NCT00801398,2009.0,<=2015,PHASE3,drug,1,58.0,INDUSTRY,COMPLETED,NA,False,NONE,0.0,False,False,SINGLE_GROUP,False,none/single-group,False,58.0,20.0,0.6551724137931034,False,True,True,False,True,False,0,False,,False,True
NCT00699114,2007.0,<=2015,PHASE4,drug,7,350.0,OTHER,COMPLETED,RANDOMIZED,True,QUADRUPLE,4.0,True,True,PARALLEL,True,placebo/sham,True,,,,,True,True,True,False,False,1,True,,False,False
NCT02640053,2015.0,<=2015,NA,both,2,46.0,OTHER,COMPLETED,RANDOMIZED,True,NONE,0.0,False,False,PARALLEL,True,active,True,42.0,34.0,0.19047619047619047,True,False,True,False,True,False,0,False,,False,True
NCT00609466,2007.0,<=2015,PHASE3,drug,3,291.0,INDUSTRY,COMPLETED,RANDOMIZED,True,QUADRUPLE,4.0,True,True,PARALLEL,True,placebo/sham,True,291.0,279.0,0.04123711340206182,True,True,True,True,True,False,0,False,,False,False
NCT03151434,2017.0,2016-2020,PHASE3,drug,3,147.0,OTHER,COMPLETED,RANDOMIZED,True,NONE,0.0,False,False,PARALLEL,True,active,True,147.0,120.0,0.18367346938775508,True,True,True,True,True,True,0,False,NO,False,True
NCT03755700,2018.0,2016-2020,PHASE3,drug,3,1000.0,OTHER,UNKNOWN,RANDOMIZED,True,DOUBLE,2.0,True,True,PARALLEL,True,placebo/sham,True,,,,,True,False,True,False,False,0,False,UNDECIDED,False,True
NCT02346916,2013.0,<=2015,NA,drug,1,22.0,OTHER,COMPLETED,NA,False,NONE,0.0,False,False,SINGLE_GROUP,False,none/single-group,False,20.0,20.0,0.0,True,False,False,False,True,False,0,False,,False,False
NCT03413280,2017.0,2016-2020,NA,drug,2,200.0,OTHER,COMPLETED,RANDOMIZED,True,TRIPLE,3.0,True,True,PARALLEL,True,active,True,,,,,False,False,False,False,False,0,False,,False,
NCT00627744,2008.0,<=2015,PHASE4,drug,2,85.0,OTHER,COMPLETED,RANDOMIZED,True,QUADRUPLE,4.0,True,True,PARALLEL,False,placebo/sham,True,,,,,True,True,False,False,False,1,True,,False,True
NCT04646694,2020.0,2016-2020,PHASE3,drug,2,40.0,OTHER,COMPLETED,RANDOMIZED,True,QUADRUPLE,4.0,True,True,PARALLEL,False,placebo/sham,True,,,,,True,True,False,False,False,0,False,NO,False,False
NCT02841982,2016.0,2016-2020,NA,both,2,30.0,OTHER,COMPLETED,RANDOMIZED,True,DOUBLE,2.0,True,True,PARALLEL,True,active,True,,,,,False,False,False,False,False,0,False,NO,False,False
NCT00671879,2008.0,<=2015,PHASE3,drug,3,830.0,INDUSTRY,COMPLETED,RANDOMIZED,True,QUADRUPLE,4.0,True,True,PARALLEL,True,placebo/sham,True,840.0,830.0,0.011904761904761862,True,True,True,True,True,False,0,False,,False,False
NCT07435077,2026.0,2021-2026,PHASE4,drug,2,282.0,OTHER,NOT_YET_RECRUITING,RANDOMIZED,True,SINGLE,1.0,True,False,PARALLEL,True,none/single-group,False,,,,,True,True,False,False,False,0,False,NO,False,False
NCT00474721,2002.0,<=2015,NA,drug,0,68.0,OTHER,COMPLETED,RANDOMIZED,True,DOUBLE,2.0,True,True,PARALLEL,True,none/single-group,False,,,,,False,True,False,False,False,0,False,,False,True
NCT00618423,2007.0,<=2015,PHASE2,drug,2,160.0,OTHER,COMPLETED,RANDOMIZED,True,QUADRUPLE,4.0,True,True,SINGLE_GROUP,True,placebo/sham,True,,,,,False,False,False,False,False,1,True,,False,False
NCT05172739,2021.0,2021-2026,PHASE4,drug,2,70.0,OTHER,RECRUITING,RANDOMIZED,True,QUADRUPLE,4.0,True,True,PARALLEL,False,active,True,,,,,True,False,False,False,False,0,False,NO,False,False
NCT03950817,2019.0,2016-2020,PHASE4,drug,3,80.0,OTHER,COMPLETED,RANDOMIZED,True,QUADRUPLE,4.0,True,True,PARALLEL,False,active,True,80.0,72.0,0.09999999999999998,True,True,True,True,True,False,0,False,NO,False,True
NCT06562816,2024.0,2021-2026,PHASE4,drug,2,100.0,OTHER,RECRUITING,RANDOMIZED,True,QUADRUPLE,4.0,True,True,PARALLEL,True,active,True,,,,,True,True,False,False,False,0,False,NO,False,False
NCT02582307,2017.0,2016-2020,PHASE3,drug,2,236.0,OTHER,COMPLETED,RANDOMIZED,True,QUADRUPLE,4.0,True,True,PARALLEL,True,active,True,,,,,True,True,False,False,False,1,True,NO,False,False
NCT05156060,2022.0,2021-2026,PHASE1;PHASE2,drug,1,64.0,OTHER,RECRUITING,NA,False,NONE,0.0,False,False,SINGLE_GROUP,True,none/single-group,False,,,,,False,True,False,False,False,0,False,NO,False,True
NCT01361568,2011.0,<=2015,PHASE2,drug,2,203.0,INDUSTRY,COMPLETED,RANDOMIZED,True,QUADRUPLE,4.0,True,True,PARALLEL,True,placebo/sham,True,203.0,197.0,0.029556650246305383,True,False,True,False,True,False,0,False,,False,False
NCT00115752,2005.0,<=2015,PHASE2,drug,0,96.0,NIH,COMPLETED,,False,,,False,False,,True,none/single-group,False,,,,,False,True,False,False,False,0,False,,False,
NCT04330183,2020.0,2016-2020,PHASE4,drug,2,20.0,OTHER,COMPLETED,RANDOMIZED,True,TRIPLE,3.0,True,True,PARALLEL,False,placebo/sham,True,,,,,True,True,False,False,False,1,True,NO,False,True
NCT07666009,2026.0,2021-2026,NA,drug,2,100.0,OTHER,NOT_YET_RECRUITING,RANDOMIZED,True,DOUBLE,2.0,True,True,PARALLEL,True,active,True,,,,,False,True,False,False,False,0,False,NO,False,True
NCT00565760,2007.0,<=2015,PHASE3,drug,2,16.0,INDUSTRY,COMPLETED,RANDOMIZED,True,DOUBLE,2.0,True,True,PARALLEL,False,placebo/sham,True,,,,,True,True,False,False,False,0,False,,False,False
NCT04178109,2019.0,2016-2020,PHASE2,drug,2,226.0,OTHER,COMPLETED,RANDOMIZED,True,SINGLE,1.0,True,False,PARALLEL,True,placebo/sham,True,,,,,False,True,False,False,False,1,True,YES,True,
NCT07270159,2025.0,2021-2026,NA,drug,2,75.0,OTHER,COMPLETED,RANDOMIZED,True,DOUBLE,2.0,True,True,SINGLE_GROUP,True,active,True,,,,,False,True,False,False,False,0,False,,False,True
NCT04834427,2022.0,2021-2026,PHASE4,drug,2,3000.0,OTHER,UNKNOWN,RANDOMIZED,True,NONE,0.0,False,False,PARALLEL,True,active,True,,,,,True,True,False,False,False,1,True,NO,False,False
NCT05243940,2022.0,2021-2026,NA,drug,2,60.0,OTHER,UNKNOWN,RANDOMIZED,True,DOUBLE,2.0,True,True,PARALLEL,True,active,True,,,,,False,False,False,False,False,0,False,NO,False,False
NCT00863980,2009.0,<=2015,NA,drug,2,1500.0,OTHER,TERMINATED,RANDOMIZED,True,SINGLE,1.0,True,False,PARALLEL,True,active,True,,,,,False,False,False,False,False,0,False,,False,True
NCT04947085,2021.0,2021-2026,PHASE4,drug,2,150.0,OTHER,COMPLETED,RANDOMIZED,True,TRIPLE,3.0,True,True,PARALLEL,True,active,True,150.0,147.0,0.020000000000000018,True,True,True,False,True,False,0,False,NO,False,True
NCT00730054,2005.0,<=2015,PHASE1;PHASE2,drug,4,12.0,OTHER,COMPLETED,RANDOMIZED,True,TRIPLE,3.0,True,True,CROSSOVER,False,placebo/sham,True,,,,,False,True,True,False,False,0,False,,False,False
NCT04666701,2023.0,2021-2026,PHASE2,drug,3,0.0,INDUSTRY,WITHDRAWN,RANDOMIZED,True,DOUBLE,2.0,True,True,PARALLEL,False,active,True,,,,,False,True,True,False,False,0,False,NO,False,True
NCT07068243,2026.0,2021-2026,PHASE2,drug,2,25.0,OTHER,NOT_YET_RECRUITING,RANDOMIZED,True,DOUBLE,2.0,True,True,PARALLEL,False,active,True,,,,,False,False,False,False,False,0,False,NO,False,False
NCT06859554,2025.0,2021-2026,PHASE4,drug,4,110.0,OTHER,COMPLETED,RANDOMIZED,True,DOUBLE,2.0,True,True,PARALLEL,True,active,True,,,,,True,True,True,False,True,0,False,UNDECIDED,False,False
NCT06180759,2025.0,2021-2026,PHASE1,drug,3,17.0,OTHER,COMPLETED,RANDOMIZED,True,TRIPLE,3.0,True,True,CROSSOVER,False,placebo/sham,True,,,,,False,False,True,False,False,0,False,,False,True
NCT07494214,2026.0,2021-2026,PHASE1,drug,4,20.0,OTHER,RECRUITING,RANDOMIZED,True,TRIPLE,3.0,True,True,CROSSOVER,False,none/single-group,False,,,,,False,False,True,False,False,0,False,,False,True
NCT04226690,2022.0,2021-2026,PHASE1,drug,3,24.0,OTHER,COMPLETED,RANDOMIZED,True,QUADRUPLE,4.0,True,True,PARALLEL,False,placebo/sham,True,,,,,False,True,True,False,False,0,False,,False,
NCT00139815,2003.0,<=2015,PHASE3,drug,2,20078.0,INDUSTRY,COMPLETED,RANDOMIZED,True,DOUBLE,2.0,True,True,PARALLEL,True,active,True,,,,,True,True,False,False,True,2,True,YES,True,True
NCT04129437,2020.0,2016-2020,PHASE4,both,3,174.0,OTHER,UNKNOWN,RANDOMIZED,True,NONE,0.0,False,False,FACTORIAL,True,active,True,,,,,True,True,True,False,False,0,False,,False,
NCT05069350,2021.0,2021-2026,EARLY_PHASE1,drug,2,100.0,OTHER,COMPLETED,RANDOMIZED,True,TRIPLE,3.0,True,True,PARALLEL,True,none/single-group,False,,,,,False,False,False,False,False,0,False,NO,False,False
NCT07316660,2026.0,2021-2026,NA,drug,2,120.0,OTHER,NOT_YET_RECRUITING,RANDOMIZED,True,DOUBLE,2.0,True,True,PARALLEL,True,active,True,,,,,False,True,False,False,False,0,False,UNDECIDED,False,
NCT04059978,2020.0,2016-2020,NA,drug,2,21.0,OTHER,COMPLETED,RANDOMIZED,True,DOUBLE,2.0,True,True,CROSSOVER,False,placebo/sham,True,,,,,False,False,False,False,False,1,True,,False,False
NCT03478423,2018.0,2016-2020,NA,drug,3,5.0,OTHER,TERMINATED,RANDOMIZED,True,QUADRUPLE,4.0,True,True,PARALLEL,False,none/single-group,False,,,,,False,True,True,False,False,0,False,,False,True
NCT06603662,2025.0,2021-2026,PHASE4,drug,3,192.0,OTHER,RECRUITING,RANDOMIZED,True,TRIPLE,3.0,True,True,PARALLEL,True,placebo/sham,True,,,,,True,True,True,False,False,0,False,NO,False,True
NCT02929524,2015.0,<=2015,PHASE2;PHASE3,drug,2,39.0,OTHER,COMPLETED,RANDOMIZED,True,DOUBLE,2.0,True,True,PARALLEL,False,placebo/sham,True,,,,,True,True,False,False,False,0,False,UNDECIDED,False,False
NCT04398316,2021.0,2021-2026,PHASE4,drug,2,4.0,OTHER,TERMINATED,RANDOMIZED,True,QUADRUPLE,4.0,True,True,PARALLEL,False,active,True,4.0,4.0,0.0,True,True,True,False,True,False,0,False,NO,False,True
NCT00297375,2003.0,<=2015,PHASE4,drug,0,375.0,INDUSTRY,COMPLETED,RANDOMIZED,True,DOUBLE,2.0,True,True,PARALLEL,True,none/single-group,False,,,,,True,True,False,False,True,0,False,,False,
NCT07500454,2024.0,2021-2026,NA,drug,3,30.0,OTHER_GOV,COMPLETED,RANDOMIZED,True,DOUBLE,2.0,True,True,PARALLEL,True,active,True,,,,,False,True,True,False,False,0,False,YES,True,False
NCT01339624,2009.0,<=2015,NA,drug,2,65.0,OTHER,COMPLETED,RANDOMIZED,True,NONE,0.0,False,False,PARALLEL,True,active,True,,,,,False,True,False,False,False,0,False,,False,
NCT07109388,2025.0,2021-2026,NA,drug,2,50.0,OTHER,NOT_YET_RECRUITING,RANDOMIZED,True,QUADRUPLE,4.0,True,True,PARALLEL,True,active,True,,,,,False,True,False,False,False,0,False,NO,False,True
NCT04209868,2019.0,2016-2020,PHASE2;PHASE3,drug,2,100.0,OTHER,UNKNOWN,RANDOMIZED,True,QUADRUPLE,4.0,True,True,PARALLEL,True,placebo/sham,True,,,,,True,True,False,False,False,0,False,NO,False,False
NCT05117034,2022.0,2021-2026,NA,drug,2,115.0,OTHER_GOV,ACTIVE_NOT_RECRUITING,RANDOMIZED,True,QUADRUPLE,4.0,True,True,PARALLEL,True,placebo/sham,True,,,,,False,True,False,False,False,0,False,,False,
NCT04061330,2022.0,2021-2026,PHASE2,drug,2,0.0,OTHER,WITHDRAWN,RANDOMIZED,True,NONE,0.0,False,False,PARALLEL,False,active,True,,,,,False,True,False,False,False,0,False,NO,False,False
NCT01730326,2012.0,<=2015,PHASE4,drug,2,200.0,OTHER,COMPLETED,RANDOMIZED,True,TRIPLE,3.0,True,True,PARALLEL,True,active,True,,,,,True,True,False,False,False,1,True,,False,True
NCT05074056,2022.0,2021-2026,PHASE4,drug,2,142.0,OTHER,COMPLETED,RANDOMIZED,True,QUADRUPLE,4.0,True,True,PARALLEL,True,placebo/sham,True,,,,,True,True,False,False,False,0,False,NO,False,True
NCT07504601,2026.0,2021-2026,PHASE2,drug,3,92.0,NIH,NOT_YET_RECRUITING,RANDOMIZED,True,QUADRUPLE,4.0,True,True,CROSSOVER,True,placebo/sham,True,,,,,False,False,True,False,False,0,False,YES,True,
NCT01300312,2011.0,<=2015,PHASE3,drug,2,239.0,INDUSTRY,COMPLETED,RANDOMIZED,True,SINGLE,1.0,True,False,PARALLEL,True,active,True,,,,,True,True,False,False,False,0,False,,False,
NCT02244437,2014.0,<=2015,PHASE4,drug,2,288.0,OTHER,COMPLETED,RANDOMIZED,True,DOUBLE,2.0,True,True,PARALLEL,True,active,True,,,,,True,False,False,False,False,0,False,,False,True
NCT06276231,2024.0,2021-2026,NA,drug,2,214.0,OTHER_GOV,UNKNOWN,RANDOMIZED,True,QUADRUPLE,4.0,True,True,PARALLEL,True,placebo/sham,True,,,,,False,True,False,False,False,0,False,NO,False,True
NCT01543165,2012.0,<=2015,PHASE4,drug,3,111.0,OTHER,UNKNOWN,RANDOMIZED,True,TRIPLE,3.0,True,True,PARALLEL,True,placebo/sham,True,,,,,True,True,True,False,False,0,False,,False,
NCT02161484,2014.0,<=2015,NA,both,2,10.0,OTHER,TERMINATED,RANDOMIZED,True,DOUBLE,2.0,True,True,PARALLEL,False,active,True,10.0,3.0,0.7,False,False,True,False,True,False,0,False,,False,False
NCT02504008,2015.0,<=2015,PHASE3,drug,2,190.0,INDUSTRY,UNKNOWN,RANDOMIZED,True,DOUBLE,2.0,True,True,PARALLEL,True,placebo/sham,True,,,,,True,True,False,False,False,0,False,,False,True
NCT03080350,2017.0,2016-2020,PHASE4,drug,2,108.0,OTHER,COMPLETED,RANDOMIZED,True,TRIPLE,3.0,True,True,PARALLEL,True,active,True,,,,,True,True,False,False,False,0,False,NO,False,False
NCT00680472,2008.0,<=2015,PHASE3,drug,2,368.0,INDUSTRY,COMPLETED,RANDOMIZED,True,QUADRUPLE,4.0,True,True,PARALLEL,True,placebo/sham,True,,,,,True,True,False,False,False,0,False,,False,True
NCT03508167,2020.0,2016-2020,PHASE3,both,2,0.0,INDUSTRY,WITHDRAWN,RANDOMIZED,True,TRIPLE,3.0,True,True,PARALLEL,False,none/single-group,False,,,,,True,True,False,False,False,0,False,,False,False
NCT00904098,2005.0,<=2015,PHASE4,drug,2,192.0,INDUSTRY,COMPLETED,NON_RANDOMIZED,False,NONE,0.0,False,False,SINGLE_GROUP,True,active,True,,,,,True,True,False,False,False,1,True,,False,False
NCT01287052,2011.0,<=2015,NA,drug,1,30.0,OTHER,COMPLETED,NA,False,NONE,0.0,False,False,SINGLE_GROUP,True,none/single-group,False,,,,,False,True,False,False,False,0,False,,False,False
NCT00834899,2009.0,<=2015,PHASE1;PHASE2,drug,2,13.0,OTHER,TERMINATED,RANDOMIZED,True,QUADRUPLE,4.0,True,True,PARALLEL,False,placebo/sham,True,13.0,11.0,0.15384615384615385,True,False,True,False,True,False,1,True,,False,True
NCT00003687,1998.0,<=2015,PHASE3,drug,0,87.0,NETWORK,COMPLETED,RANDOMIZED,True,TRIPLE,3.0,True,True,PARALLEL,False,none/single-group,False,,,,,True,False,False,False,True,0,False,NO,False,True
NCT04967118,2023.0,2021-2026,NA,drug,3,36.0,OTHER,UNKNOWN,RANDOMIZED,True,SINGLE,1.0,True,False,CROSSOVER,True,active,True,,,,,False,True,True,False,False,1,True,,False,
NCT05785689,2023.0,2021-2026,PHASE4,drug,2,220.0,OTHER,UNKNOWN,RANDOMIZED,True,TRIPLE,3.0,True,True,PARALLEL,True,placebo/sham,True,,,,,True,True,False,False,False,0,False,YES,True,True
NCT07441421,2026.0,2021-2026,NA,both,4,2000.0,OTHER,NOT_YET_RECRUITING,RANDOMIZED,True,TRIPLE,3.0,True,True,FACTORIAL,True,no-intervention,True,,,,,False,False,True,False,False,0,False,,False,True
NCT01789216,2013.0,<=2015,PHASE3,drug,3,450.0,OTHER,COMPLETED,RANDOMIZED,True,QUADRUPLE,4.0,True,True,PARALLEL,True,placebo/sham,True,,,,,True,True,True,False,False,0,False,,False,True
NCT00656773,2008.0,<=2015,PHASE3,drug,2,108.0,OTHER,COMPLETED,RANDOMIZED,True,DOUBLE,2.0,True,True,PARALLEL,True,active,True,,,,,True,True,False,False,True,0,False,NO,False,True
NCT02062879,2014.0,<=2015,PHASE3,drug,2,20.0,OTHER,TERMINATED,RANDOMIZED,True,TRIPLE,3.0,True,True,PARALLEL,False,active,True,20.0,15.0,0.25,False,True,True,False,True,False,1,True,NO,False,False
NCT07102459,2025.0,2021-2026,PHASE2,drug,4,343.0,INDUSTRY,COMPLETED,RANDOMIZED,True,QUADRUPLE,4.0,True,True,PARALLEL,True,placebo/sham,True,,,,,False,True,True,False,False,0,False,NO,False,True
NCT02887534,2016.0,2016-2020,PHASE2,drug,5,0.0,INDUSTRY,WITHDRAWN,RANDOMIZED,True,DOUBLE,2.0,True,True,PARALLEL,False,placebo/sham,True,,,,,False,True,True,False,False,0,False,NO,False,False
NCT02271698,2014.0,<=2015,PHASE4,drug,4,45.0,OTHER,COMPLETED,RANDOMIZED,True,QUADRUPLE,4.0,True,True,PARALLEL,False,placebo/sham,True,42.0,42.0,0.0,True,True,True,True,True,False,0,False,,False,False
NCT01687101,2012.0,<=2015,NA,drug,1,32.0,OTHER,COMPLETED,NA,False,NONE,0.0,False,False,SINGLE_GROUP,True,none/single-group,False,32.0,25.0,0.21875,False,False,True,False,True,False,0,False,,False,False
NCT04412694,2020.0,2016-2020,PHASE4,both,2,100.0,OTHER,UNKNOWN,RANDOMIZED,True,DOUBLE,2.0,True,True,PARALLEL,True,placebo/sham,True,,,,,True,False,False,False,False,0,False,YES,True,False
NCT00771758,2008.0,<=2015,PHASE3,drug,3,108.0,INDUSTRY,COMPLETED,RANDOMIZED,True,QUADRUPLE,4.0,True,True,PARALLEL,True,placebo/sham,True,108.0,86.0,0.20370370370370372,False,True,True,True,True,False,0,False,,False,False
NCT05379179,2022.0,2021-2026,PHASE4,drug,2,3.0,OTHER,TERMINATED,RANDOMIZED,True,SINGLE,1.0,True,False,PARALLEL,False,active,True,3.0,3.0,0.0,True,True,True,False,True,False,0,False,NO,False,False
NCT02728323,2013.0,<=2015,PHASE3,drug,2,96.0,OTHER,TERMINATED,RANDOMIZED,True,TRIPLE,3.0,True,True,PARALLEL,False,placebo/sham,True,,,,,True,False,False,False,False,1,True,NO,False,True
NCT00814580,2008.0,<=2015,PHASE3,drug,2,382.0,INDUSTRY,COMPLETED,RANDOMIZED,True,QUADRUPLE,4.0,True,True,PARALLEL,True,active,True,382.0,304.0,0.20418848167539272,False,True,True,False,True,False,1,True,,False,False
NCT02767882,2016.0,2016-2020,PHASE4,drug,3,138.0,OTHER,COMPLETED,RANDOMIZED,True,DOUBLE,2.0,True,True,PARALLEL,True,placebo/sham,True,,,,,True,True,True,False,False,1,True,NO,False,True
NCT05974423,2022.0,2021-2026,PHASE4,drug,2,60.0,OTHER,UNKNOWN,RANDOMIZED,True,NONE,0.0,False,False,PARALLEL,False,active,True,,,,,True,True,False,False,False,0,False,,False,False
NCT04858711,2021.0,2021-2026,NA,drug,2,60.0,OTHER,UNKNOWN,RANDOMIZED,True,QUADRUPLE,4.0,True,True,PARALLEL,True,active,True,,,,,False,False,False,False,False,0,False,NO,False,False
NCT01892709,2013.0,<=2015,PHASE4,drug,1,215.0,OTHER,COMPLETED,NA,False,NONE,0.0,False,False,SINGLE_GROUP,True,none/single-group,False,215.0,215.0,0.0,True,True,True,False,True,False,0,False,,False,False
NCT07666971,2026.0,2021-2026,NA,drug,2,100.0,OTHER,NOT_YET_RECRUITING,RANDOMIZED,True,DOUBLE,2.0,True,True,PARALLEL,True,active,True,,,,,False,True,False,False,False,0,False,NO,False,True
NCT06176222,2023.0,2021-2026,PHASE4,drug,2,70.0,OTHER,UNKNOWN,RANDOMIZED,True,QUADRUPLE,4.0,True,True,PARALLEL,False,placebo/sham,True,,,,,True,True,False,False,False,0,False,,False,
NCT01375348,2011.0,<=2015,PHASE3,drug,2,23.0,OTHER,COMPLETED,RANDOMIZED,True,DOUBLE,2.0,True,True,CROSSOVER,False,placebo/sham,True,,,,,True,False,False,False,False,1,True,,False,True
NCT02447848,2015.0,<=2015,PHASE3,drug,1,76.0,INDUSTRY,COMPLETED,NA,False,NONE,0.0,False,False,SINGLE_GROUP,False,none/single-group,False,76.0,65.0,0.14473684210526316,True,True,True,False,True,False,0,False,,False,False
NCT00655291,2008.0,<=2015,PHASE3,drug,2,190.0,INDUSTRY,COMPLETED,RANDOMIZED,True,DOUBLE,2.0,True,True,PARALLEL,True,placebo/sham,True,,,,,True,True,False,False,False,0,False,,False,False
NCT01316744,2009.0,<=2015,PHASE3,both,0,214.0,OTHER,UNKNOWN,RANDOMIZED,True,DOUBLE,2.0,True,True,,True,none/single-group,False,,,,,True,False,False,False,False,0,False,,False,
NCT05515822,2022.0,2021-2026,PHASE4,drug,3,90.0,OTHER,UNKNOWN,RANDOMIZED,True,DOUBLE,2.0,True,True,PARALLEL,False,active,True,,,,,True,True,True,False,False,0,False,NO,False,False
NCT01887951,2014.0,<=2015,PHASE4,drug,2,380.0,OTHER,COMPLETED,NON_RANDOMIZED,False,SINGLE,1.0,True,False,CROSSOVER,True,active,True,,,,,True,True,False,False,False,0,False,,False,False
NCT07198412,2025.0,2021-2026,NA,both,3,180.0,OTHER,RECRUITING,RANDOMIZED,True,DOUBLE,2.0,True,True,PARALLEL,True,placebo/sham,True,,,,,False,False,True,False,False,0,False,NO,False,
NCT06131593,2023.0,2021-2026,NA,drug,2,50.0,OTHER,COMPLETED,RANDOMIZED,True,DOUBLE,2.0,True,True,PARALLEL,True,active,True,,,,,False,True,False,False,False,0,False,NO,False,False
NCT03107338,2013.0,<=2015,PHASE4,drug,2,100.0,OTHER,COMPLETED,RANDOMIZED,True,TRIPLE,3.0,True,True,PARALLEL,True,placebo/sham,True,,,,,True,False,False,False,False,0,False,YES,True,False
NCT05137184,2021.0,2021-2026,PHASE3,drug,3,338.0,OTHER,COMPLETED,RANDOMIZED,True,NONE,0.0,False,False,PARALLEL,True,active,True,,,,,True,True,True,False,False,1,True,NO,False,True
NCT04635696,2019.0,2016-2020,PHASE4,drug,2,100.0,OTHER,COMPLETED,RANDOMIZED,True,SINGLE,1.0,True,False,PARALLEL,True,placebo/sham,True,,,,,True,True,False,False,False,1,True,UNDECIDED,False,False
NCT07436806,2026.0,2021-2026,NA,drug,2,40.0,OTHER,RECRUITING,RANDOMIZED,True,SINGLE,1.0,True,False,PARALLEL,True,active,True,,,,,False,True,False,False,False,0,False,NO,False,False
NCT02619617,2016.0,2016-2020,PHASE2,drug,2,28.0,INDUSTRY,TERMINATED,NON_RANDOMIZED,False,DOUBLE,2.0,True,True,SEQUENTIAL,False,none/single-group,False,28.0,28.0,0.0,True,False,True,False,True,False,0,False,YES,True,False
NCT00790907,2009.0,<=2015,PHASE4,drug,3,3235.0,INDUSTRY,COMPLETED,RANDOMIZED,True,QUADRUPLE,4.0,True,True,PARALLEL,True,none/single-group,False,3235.0,2101.0,0.3505409582689335,False,True,True,True,True,False,2,True,YES,True,True
NCT00822224,2009.0,<=2015,NA,drug,1,50.0,OTHER,COMPLETED,NA,False,NONE,0.0,False,False,SINGLE_GROUP,True,none/single-group,False,,,,,False,True,False,False,False,0,False,,False,False
NCT02240602,2015.0,<=2015,PHASE3,drug,3,0.0,OTHER,WITHDRAWN,RANDOMIZED,True,QUADRUPLE,4.0,True,True,PARALLEL,False,none/single-group,False,,,,,True,True,True,False,False,0,False,,False,True
NCT00880828,2010.0,<=2015,NA,drug,3,72.0,OTHER,UNKNOWN,RANDOMIZED,True,SINGLE,1.0,True,False,PARALLEL,True,placebo/sham,True,,,,,False,True,True,False,False,0,False,,False,False
NCT05478382,2022.0,2021-2026,PHASE4,drug,4,132.0,OTHER,UNKNOWN,RANDOMIZED,True,QUADRUPLE,4.0,True,True,PARALLEL,True,placebo/sham,True,,,,,True,True,True,False,False,1,True,NO,False,False
NCT00450099,2005.0,<=2015,NA,drug,1,50.0,OTHER,COMPLETED,RANDOMIZED,True,SINGLE,1.0,True,False,SINGLE_GROUP,True,none/single-group,False,,,,,False,True,False,False,False,0,False,,False,False
NCT02089425,2014.0,<=2015,PHASE3,drug,2,384.0,INDUSTRY,TERMINATED,RANDOMIZED,True,DOUBLE,2.0,True,True,PARALLEL,True,placebo/sham,True,,,,,True,True,False,False,False,0,False,,False,
NCT03798899,2018.0,2016-2020,PHASE4,drug,2,360.0,INDUSTRY,COMPLETED,RANDOMIZED,True,QUADRUPLE,4.0,True,True,PARALLEL,True,placebo/sham,True,,,,,True,True,False,False,False,0,False,,False,False
NCT05374057,2022.0,2021-2026,PHASE4,drug,4,320.0,OTHER,UNKNOWN,RANDOMIZED,True,QUADRUPLE,4.0,True,True,PARALLEL,True,placebo/sham,True,,,,,True,True,True,False,False,1,True,NO,False,True
NCT00657449,2003.0,<=2015,PHASE4,drug,2,45.0,INDUSTRY,TERMINATED,RANDOMIZED,True,DOUBLE,2.0,True,True,PARALLEL,False,active,True,,,,,True,True,False,False,False,0,False,,False,False
NCT03799757,2016.0,2016-2020,PHASE4,drug,2,168.0,OTHER,COMPLETED,RANDOMIZED,True,TRIPLE,3.0,True,True,PARALLEL,True,placebo/sham,True,,,,,True,False,False,False,False,0,False,,False,True
NCT00240630,2005.0,<=2015,PHASE3,drug,2,646.0,INDUSTRY,COMPLETED,RANDOMIZED,True,DOUBLE,2.0,True,True,CROSSOVER,True,placebo/sham,True,,,,,True,True,False,False,True,0,False,,False,
NCT01318187,2011.0,<=2015,PHASE4,drug,2,73.0,OTHER,COMPLETED,RANDOMIZED,True,DOUBLE,2.0,True,True,PARALLEL,False,active,True,,,,,True,True,False,False,True,1,True,,False,True
NCT06258213,2024.0,2021-2026,PHASE1,drug,2,90.0,INDUSTRY,COMPLETED,RANDOMIZED,True,TRIPLE,3.0,True,True,SEQUENTIAL,True,placebo/sham,True,,,,,False,False,False,False,False,0,False,NO,False,True
NCT00364806,2006.0,<=2015,PHASE4,drug,0,76.0,OTHER,COMPLETED,RANDOMIZED,True,DOUBLE,2.0,True,True,PARALLEL,False,none/single-group,False,,,,,True,True,False,False,False,0,False,,False,
NCT00943098,2009.0,<=2015,PHASE3,drug,2,142.0,INDUSTRY,COMPLETED,RANDOMIZED,True,DOUBLE,2.0,True,True,PARALLEL,True,active,True,142.0,142.0,0.0,True,True,True,False,True,False,0,False,,False,False
NCT01825941,2013.0,<=2015,PHASE4,drug,2,208.0,OTHER,COMPLETED,RANDOMIZED,True,QUADRUPLE,4.0,True,True,PARALLEL,True,placebo/sham,True,208.0,203.0,0.024038461538461564,True,True,True,False,True,False,1,True,,False,True
NCT05001555,2021.0,2021-2026,PHASE3,drug,2,174.0,INDUSTRY,COMPLETED,RANDOMIZED,True,DOUBLE,2.0,True,True,PARALLEL,True,active,True,,,,,True,True,False,False,False,1,True,NO,False,False
NCT02519023,2016.0,2016-2020,PHASE4,both,2,87.0,OTHER,COMPLETED,RANDOMIZED,True,QUADRUPLE,4.0,True,True,PARALLEL,False,active,True,87.0,62.0,0.28735632183908044,False,True,True,False,True,False,0,False,NO,False,True
NCT05494645,2022.0,2021-2026,PHASE4,drug,3,248.0,OTHER,COMPLETED,RANDOMIZED,True,SINGLE,1.0,True,False,SEQUENTIAL,True,active,True,,,,,True,True,True,False,False,0,False,NO,False,False
NCT03165149,2017.0,2016-2020,PHASE2;PHASE3,drug,3,90.0,OTHER,COMPLETED,RANDOMIZED,True,QUADRUPLE,4.0,True,True,PARALLEL,False,active,True,,,,,True,False,True,False,False,0,False,NO,False,True
NCT04611529,2021.0,2021-2026,PHASE4,drug,3,198.0,OTHER,COMPLETED,RANDOMIZED,True,QUADRUPLE,4.0,True,True,PARALLEL,True,active,True,197.0,183.0,0.07106598984771573,True,True,True,True,True,False,1,True,NO,False,True
NCT06344091,2024.0,2021-2026,PHASE4,drug,1,232.0,INDUSTRY,RECRUITING,NA,False,NONE,0.0,False,False,SINGLE_GROUP,True,none/single-group,False,,,,,True,False,False,False,False,0,False,UNDECIDED,False,
NCT01685658,2016.0,2016-2020,PHASE4,drug,2,0.0,OTHER,WITHDRAWN,RANDOMIZED,True,QUADRUPLE,4.0,True,True,PARALLEL,False,active,True,,,,,True,True,False,False,False,0,False,,False,False
NCT04408794,2020.0,2016-2020,PHASE2;PHASE3,drug,1,974.0,INDUSTRY,COMPLETED,NA,False,NONE,0.0,False,False,SINGLE_GROUP,True,none/single-group,False,608.0,341.0,0.4391447368421053,False,True,True,False,True,False,3,True,,False,
NCT01457820,2012.0,<=2015,PHASE4,drug,3,26.0,OTHER,TERMINATED,RANDOMIZED,True,QUADRUPLE,4.0,True,True,CROSSOVER,False,placebo/sham,True,,,,,True,True,True,False,False,0,False,,False,False
NCT04413799,2020.0,2016-2020,EARLY_PHASE1,drug,2,32.0,OTHER,TERMINATED,RANDOMIZED,True,NONE,0.0,False,False,PARALLEL,True,active,True,,,,,False,False,False,False,False,0,False,NO,False,True
NCT05054179,2022.0,2021-2026,PHASE2;PHASE3,drug,2,80.0,OTHER,UNKNOWN,RANDOMIZED,True,QUADRUPLE,4.0,True,True,PARALLEL,False,placebo/sham,True,,,,,True,False,False,False,False,1,True,NO,False,False
NCT07698665,2026.0,2021-2026,NA,drug,2,90.0,OTHER,RECRUITING,RANDOMIZED,True,TRIPLE,3.0,True,True,PARALLEL,True,active,True,,,,,False,True,False,False,False,0,False,UNDECIDED,False,False
NCT01816334,2013.0,<=2015,PHASE4,drug,3,50.0,OTHER,COMPLETED,RANDOMIZED,True,DOUBLE,2.0,True,True,PARALLEL,False,placebo/sham,True,,,,,True,True,True,False,False,0,False,,False,True
NCT05507554,2022.0,2021-2026,NA,drug,3,176.0,OTHER,UNKNOWN,RANDOMIZED,True,DOUBLE,2.0,True,True,PARALLEL,True,active,True,,,,,False,True,True,False,False,0,False,NO,False,False
NCT00374881,2006.0,<=2015,PHASE1;PHASE2,drug,5,9.0,INDUSTRY,COMPLETED,RANDOMIZED,True,TRIPLE,3.0,True,True,CROSSOVER,False,placebo/sham,True,,,,,False,True,True,False,False,0,False,,False,False
NCT03300674,2018.0,2016-2020,PHASE4,drug,2,154.0,OTHER,COMPLETED,RANDOMIZED,True,QUADRUPLE,4.0,True,True,PARALLEL,True,active,True,154.0,154.0,0.0,True,True,True,False,True,False,1,True,NO,False,True
NCT04827030,2021.0,2021-2026,PHASE4,drug,2,292.0,OTHER,COMPLETED,RANDOMIZED,True,TRIPLE,3.0,True,True,PARALLEL,True,active,True,,,,,True,True,False,False,True,0,False,YES,True,False
NCT02222246,2015.0,<=2015,PHASE4,drug,2,106.0,OTHER,COMPLETED,RANDOMIZED,True,NONE,0.0,False,False,PARALLEL,True,active,True,106.0,52.0,0.5094339622641509,False,True,False,False,True,False,0,False,NO,False,True
NCT05054023,2021.0,2021-2026,PHASE2;PHASE3,drug,2,1525.0,OTHER,COMPLETED,RANDOMIZED,True,TRIPLE,3.0,True,True,PARALLEL,True,active,True,,,,,True,True,False,False,False,0,False,UNDECIDED,False,True
NCT03464461,2018.0,2016-2020,PHASE4,drug,3,289.0,OTHER,TERMINATED,RANDOMIZED,True,DOUBLE,2.0,True,True,PARALLEL,True,placebo/sham,True,258.0,254.0,0.015503875968992276,True,True,True,True,True,False,0,False,UNDECIDED,False,False
NCT04772781,2022.0,2021-2026,PHASE2,drug,2,177.0,INDUSTRY,COMPLETED,RANDOMIZED,True,TRIPLE,3.0,True,True,PARALLEL,True,active,True,,,,,False,True,False,False,False,0,False,NO,False,False
NCT01522417,2012.0,<=2015,PHASE2,drug,3,535.0,INDUSTRY,COMPLETED,RANDOMIZED,True,NONE,0.0,False,False,PARALLEL,True,active,True,535.0,535.0,0.0,True,False,True,True,True,False,0,False,,False,False
NCT01979510,2013.0,<=2015,PHASE3,drug,2,0.0,INDUSTRY,WITHDRAWN,RANDOMIZED,True,DOUBLE,2.0,True,True,PARALLEL,False,none/single-group,False,,,,,True,True,False,False,False,0,False,,False,True
NCT03529032,2012.0,<=2015,PHASE4,drug,2,160.0,OTHER,COMPLETED,RANDOMIZED,True,TRIPLE,3.0,True,True,PARALLEL,True,no-intervention,True,,,,,True,True,False,False,False,0,False,,False,True
NCT00320281,2006.0,<=2015,PHASE4,drug,2,19.0,OTHER,COMPLETED,RANDOMIZED,True,QUADRUPLE,4.0,True,True,PARALLEL,False,placebo/sham,True,19.0,19.0,0.0,True,True,True,False,True,False,0,False,,False,True
NCT00226395,2004.0,<=2015,PHASE3,drug,0,320.0,INDUSTRY,COMPLETED,RANDOMIZED,True,DOUBLE,2.0,True,True,PARALLEL,True,none/single-group,False,,,,,True,True,False,False,False,0,False,,False,
NCT03158376,2015.0,<=2015,PHASE3,drug,2,201.0,OTHER,COMPLETED,RANDOMIZED,True,QUADRUPLE,4.0,True,True,PARALLEL,True,placebo/sham,True,,,,,True,True,False,False,False,0,False,NO,False,True
NCT05721287,2023.0,2021-2026,PHASE1,drug,2,48.0,INDUSTRY,COMPLETED,RANDOMIZED,True,QUADRUPLE,4.0,True,True,SEQUENTIAL,True,placebo/sham,True,,,,,False,True,False,False,False,0,False,NO,False,False
NCT02044341,2013.0,<=2015,PHASE3,drug,2,304.0,INDUSTRY,COMPLETED,RANDOMIZED,True,QUADRUPLE,4.0,True,True,PARALLEL,True,placebo/sham,True,,,,,True,True,False,False,False,0,False,,False,False
NCT04139330,2019.0,2016-2020,PHASE2,drug,3,16.0,INDUSTRY,TERMINATED,RANDOMIZED,True,TRIPLE,3.0,True,True,PARALLEL,False,placebo/sham,True,,,,,False,True,True,False,False,1,True,UNDECIDED,False,False
NCT06484439,2018.0,2016-2020,EARLY_PHASE1,drug,2,80.0,FED,COMPLETED,RANDOMIZED,True,TRIPLE,3.0,True,True,PARALLEL,True,active,True,,,,,False,True,False,False,False,0,False,NO,False,True
NCT05100706,2023.0,2021-2026,NA,drug,2,60.0,OTHER,COMPLETED,RANDOMIZED,True,QUADRUPLE,4.0,True,True,PARALLEL,True,placebo/sham,True,,,,,False,True,False,False,False,0,False,UNDECIDED,False,False
NCT06315920,2026.0,2021-2026,PHASE3,drug,2,226.0,OTHER_GOV,NOT_YET_RECRUITING,RANDOMIZED,True,QUADRUPLE,4.0,True,True,PARALLEL,True,active,True,,,,,True,True,False,False,False,0,False,NO,False,True
NCT00305110,2006.0,<=2015,PHASE2,drug,1,298.0,OTHER,COMPLETED,NA,False,NONE,0.0,False,False,SINGLE_GROUP,True,none/single-group,False,298.0,269.0,0.09731543624161076,True,False,True,False,True,False,0,False,,False,
NCT07349680,2023.0,2021-2026,PHASE3,both,2,100.0,OTHER,COMPLETED,RANDOMIZED,True,SINGLE,1.0,True,False,PARALLEL,True,active,True,,,,,True,True,False,False,False,0,False,NO,False,
NCT05553366,2022.0,2021-2026,PHASE3,drug,3,1075.0,INDUSTRY,COMPLETED,RANDOMIZED,True,DOUBLE,2.0,True,True,PARALLEL,True,placebo/sham,True,1075.0,1045.0,0.027906976744186074,True,True,True,True,True,False,0,False,NO,False,
NCT06926764,2025.0,2021-2026,NA,both,2,100.0,OTHER,NOT_YET_RECRUITING,RANDOMIZED,True,QUADRUPLE,4.0,True,True,PARALLEL,True,placebo/sham,True,,,,,False,True,False,False,True,0,False,NO,False,False
NCT00874172,2009.0,<=2015,NA,drug,2,176.0,OTHER,COMPLETED,RANDOMIZED,True,NONE,0.0,False,False,PARALLEL,True,active,True,,,,,False,True,False,False,False,0,False,,False,True
NCT02341963,2015.0,<=2015,PHASE1,drug,1,5.0,OTHER,TERMINATED,NA,False,NONE,0.0,False,False,SINGLE_GROUP,False,none/single-group,False,,,,,False,True,False,False,True,0,False,,False,True
NCT00580151,2004.0,<=2015,NA,drug,2,9.0,OTHER,TERMINATED,RANDOMIZED,True,DOUBLE,2.0,True,True,PARALLEL,False,placebo/sham,True,9.0,9.0,0.0,True,False,True,False,True,False,0,False,,False,False
NCT03107481,2017.0,2016-2020,PHASE4,drug,2,220.0,OTHER,COMPLETED,RANDOMIZED,True,QUADRUPLE,4.0,True,True,PARALLEL,True,active,True,,,,,True,True,False,False,False,1,True,NO,False,True
NCT04082715,2019.0,2016-2020,PHASE2,drug,3,0.0,OTHER,WITHDRAWN,RANDOMIZED,True,QUADRUPLE,4.0,True,True,PARALLEL,False,placebo/sham,True,,,,,False,True,True,False,False,0,False,,False,True
NCT04854395,2021.0,2021-2026,PHASE4,drug,3,165.0,OTHER,COMPLETED,RANDOMIZED,True,QUADRUPLE,4.0,True,True,PARALLEL,True,active,True,,,,,True,True,True,False,False,0,False,YES,True,True
NCT04002271,2020.0,2016-2020,PHASE4,both,3,180.0,OTHER,UNKNOWN,RANDOMIZED,True,SINGLE,1.0,True,False,PARALLEL,True,active,True,,,,,True,True,True,False,False,0,False,,False,False
NCT00330941,2003.0,<=2015,PHASE4,drug,0,45.0,OTHER,COMPLETED,RANDOMIZED,True,DOUBLE,2.0,True,True,PARALLEL,False,none/single-group,False,,,,,True,False,False,False,False,0,False,,False,
NCT04528173,2020.0,2016-2020,PHASE4,drug,2,35.0,OTHER,TERMINATED,RANDOMIZED,True,TRIPLE,3.0,True,True,PARALLEL,False,active,True,35.0,35.0,0.0,True,True,True,False,True,False,0,False,,False,True
NCT02397603,2015.0,<=2015,PHASE2,drug,2,40.0,OTHER,COMPLETED,RANDOMIZED,True,TRIPLE,3.0,True,True,PARALLEL,False,active,True,,,,,False,True,False,False,True,0,False,,False,True
NCT02107339,2014.0,<=2015,PHASE4,drug,2,120.0,OTHER,COMPLETED,RANDOMIZED,True,QUADRUPLE,4.0,True,True,PARALLEL,True,active,True,120.0,115.0,0.04166666666666663,True,True,True,False,True,False,0,False,,False,False
NCT06968546,2026.0,2021-2026,PHASE2,drug,2,116.0,OTHER,NOT_YET_RECRUITING,RANDOMIZED,True,NONE,0.0,False,False,PARALLEL,True,active,True,,,,,False,True,False,False,False,1,True,NO,False,True
NCT05825495,2023.0,2021-2026,PHASE4,drug,2,78.0,OTHER,UNKNOWN,RANDOMIZED,True,DOUBLE,2.0,True,True,PARALLEL,False,placebo/sham,True,,,,,True,True,False,False,False,0,False,,False,
NCT01304134,2010.0,<=2015,PHASE3,drug,2,240.0,INDUSTRY,COMPLETED,RANDOMIZED,True,SINGLE,1.0,True,False,PARALLEL,True,active,True,,,,,True,True,False,False,False,0,False,,False,True
NCT03105765,2011.0,<=2015,NA,drug,2,200.0,INDUSTRY,COMPLETED,RANDOMIZED,True,QUADRUPLE,4.0,True,True,PARALLEL,True,placebo/sham,True,,,,,False,False,False,False,False,1,True,,False,False
NCT03714620,2018.0,2016-2020,PHASE4,drug,2,98.0,OTHER,COMPLETED,RANDOMIZED,True,QUADRUPLE,4.0,True,True,PARALLEL,False,active,True,98.0,98.0,0.0,True,True,True,False,True,False,0,False,NO,False,False
NCT06273813,2024.0,2021-2026,PHASE1,drug,1,30.0,INDUSTRY,UNKNOWN,NA,False,NONE,0.0,False,False,SEQUENTIAL,True,none/single-group,False,,,,,False,True,False,False,False,0,False,UNDECIDED,False,False
NCT02603900,2015.0,<=2015,PHASE4,both,2,0.0,OTHER,WITHDRAWN,RANDOMIZED,True,DOUBLE,2.0,True,True,PARALLEL,False,none/single-group,False,,,,,True,True,False,False,False,0,False,,False,True
NCT02697071,2016.0,2016-2020,NA,drug,2,34.0,OTHER,COMPLETED,RANDOMIZED,True,TRIPLE,3.0,True,True,PARALLEL,True,placebo/sham,True,34.0,34.0,0.0,True,False,True,False,True,False,0,False,,False,
NCT05023278,2021.0,2021-2026,PHASE4,drug,2,100.0,OTHER,COMPLETED,RANDOMIZED,True,QUADRUPLE,4.0,True,True,PARALLEL,True,placebo/sham,True,,,,,True,True,False,False,False,0,False,YES,True,True
NCT03554018,2018.0,2016-2020,PHASE3,drug,2,120.0,OTHER,COMPLETED,RANDOMIZED,True,QUADRUPLE,4.0,True,True,PARALLEL,True,active,True,120.0,110.0,0.08333333333333337,True,True,True,False,True,False,0,False,NO,False,True
NCT04129086,2020.0,2016-2020,PHASE4,drug,2,305.0,OTHER,COMPLETED,RANDOMIZED,True,SINGLE,1.0,True,False,PARALLEL,True,active,True,300.0,300.0,0.0,True,True,True,False,True,False,2,True,NO,False,True
NCT02984098,2014.0,<=2015,PHASE4,drug,2,200.0,OTHER,COMPLETED,RANDOMIZED,True,DOUBLE,2.0,True,True,PARALLEL,True,active,True,,,,,True,True,False,False,False,0,False,YES,True,True
NCT01380197,2010.0,<=2015,PHASE3,drug,2,40.0,OTHER,COMPLETED,RANDOMIZED,True,QUADRUPLE,4.0,True,True,PARALLEL,False,active,True,40.0,40.0,0.0,True,True,True,False,True,False,0,False,,False,False
NCT01420653,2013.0,<=2015,PHASE3,drug,4,408.0,INDUSTRY,COMPLETED,RANDOMIZED,True,DOUBLE,2.0,True,True,PARALLEL,True,placebo/sham,True,408.0,391.0,0.04166666666666663,True,True,True,True,True,False,1,True,,False,False
NCT00877838,2009.0,<=2015,PHASE2,drug,0,40.0,OTHER,UNKNOWN,RANDOMIZED,True,TRIPLE,3.0,True,True,CROSSOVER,False,none/single-group,False,,,,,False,True,False,False,False,0,False,,False,True
NCT03951649,2020.0,2016-2020,PHASE4,drug,2,62.0,OTHER,COMPLETED,RANDOMIZED,True,NONE,0.0,False,False,PARALLEL,False,active,True,62.0,62.0,0.0,True,True,True,False,True,False,1,True,NO,False,True
NCT07249827,2025.0,2021-2026,PHASE2,drug,3,69.0,OTHER,COMPLETED,RANDOMIZED,True,QUADRUPLE,4.0,True,True,PARALLEL,True,none/single-group,False,,,,,False,False,True,False,False,0,False,NO,False,True
NCT04470089,2020.0,2016-2020,PHASE2,drug,4,170.0,INDUSTRY,TERMINATED,RANDOMIZED,True,TRIPLE,3.0,True,True,PARALLEL,True,placebo/sham,True,,,,,False,True,True,False,False,0,False,,False,False
NCT03657810,2017.0,2016-2020,PHASE3,drug,3,349.0,INDUSTRY,COMPLETED,RANDOMIZED,True,DOUBLE,2.0,True,True,PARALLEL,True,placebo/sham,True,221.0,209.0,0.05429864253393668,True,True,True,True,True,False,0,False,NO,False,False
NCT04640376,2021.0,2021-2026,PHASE3,drug,4,407.0,INDUSTRY,COMPLETED,RANDOMIZED,True,DOUBLE,2.0,True,True,PARALLEL,True,placebo/sham,True,,,,,True,True,True,False,False,0,False,NO,False,False
NCT02462811,2014.0,<=2015,PHASE3,drug,3,552.0,INDUSTRY,COMPLETED,RANDOMIZED,True,DOUBLE,2.0,True,True,PARALLEL,True,placebo/sham,True,,,,,True,True,True,False,False,0,False,,False,False
NCT00661635,2002.0,<=2015,PHASE3,drug,3,490.0,INDUSTRY,COMPLETED,RANDOMIZED,True,TRIPLE,3.0,True,True,PARALLEL,True,placebo/sham,True,,,,,True,True,True,False,False,0,False,,False,False
NCT01338129,2011.0,<=2015,NA,drug,2,100.0,OTHER,UNKNOWN,RANDOMIZED,True,TRIPLE,3.0,True,True,PARALLEL,True,placebo/sham,True,,,,,False,False,False,False,False,0,False,,False,True
NCT04917055,2021.0,2021-2026,PHASE4,drug,2,14.0,OTHER,TERMINATED,RANDOMIZED,True,DOUBLE,2.0,True,True,PARALLEL,False,placebo/sham,True,,,,,True,True,False,False,False,0,False,NO,False,False
NCT05518877,2022.0,2021-2026,PHASE4,drug,2,55.0,OTHER,COMPLETED,RANDOMIZED,True,QUADRUPLE,4.0,True,True,PARALLEL,False,active,True,55.0,48.0,0.12727272727272732,True,True,True,False,True,False,0,False,NO,False,False
NCT06721988,2025.0,2021-2026,NA,drug,2,1316.0,OTHER,NOT_YET_RECRUITING,RANDOMIZED,True,QUADRUPLE,4.0,True,True,PARALLEL,True,placebo/sham,True,,,,,False,False,False,False,False,0,False,NO,False,True
NCT01502904,2010.0,<=2015,PHASE4,both,6,120.0,OTHER,COMPLETED,RANDOMIZED,True,SINGLE,1.0,True,False,PARALLEL,True,active,True,,,,,True,True,True,False,False,2,True,,False,False
NCT07200544,2025.0,2021-2026,PHASE4,drug,3,300.0,OTHER,RECRUITING,RANDOMIZED,True,NONE,0.0,False,False,PARALLEL,True,active,True,,,,,True,False,True,False,False,0,False,NO,False,True
NCT04252833,2020.0,2016-2020,PHASE1,drug,1,10.0,OTHER,COMPLETED,NA,False,NONE,0.0,False,False,SINGLE_GROUP,False,none/single-group,False,,,,,False,True,False,False,False,1,True,NO,False,False
NCT06087211,2023.0,2021-2026,NA,drug,3,90.0,OTHER,COMPLETED,RANDOMIZED,True,DOUBLE,2.0,True,True,PARALLEL,True,placebo/sham,True,,,,,False,False,True,False,False,0,False,YES,True,
NCT04816994,2018.0,2016-2020,PHASE3,drug,3,200.0,OTHER,RECRUITING,RANDOMIZED,True,SINGLE,1.0,True,False,SEQUENTIAL,True,placebo/sham,True,,,,,True,True,True,False,False,0,False,NO,False,True
NCT01324544,2011.0,<=2015,PHASE3,drug,1,0.0,INDUSTRY,WITHDRAWN,NON_RANDOMIZED,False,NONE,0.0,False,False,SINGLE_GROUP,False,none/single-group,False,,,,,True,True,False,False,False,0,False,,False,False
NCT03222518,2017.0,2016-2020,PHASE3,drug,3,1500.0,OTHER,COMPLETED,RANDOMIZED,True,DOUBLE,2.0,True,True,PARALLEL,True,active,True,,,,,True,True,True,False,False,0,False,NO,False,True
NCT05260008,2022.0,2021-2026,PHASE2,drug,3,112.0,INDUSTRY,TERMINATED,RANDOMIZED,True,DOUBLE,2.0,True,True,PARALLEL,True,active,True,112.0,111.0,0.008928571428571397,True,False,True,True,True,False,0,False,NO,False,True
NCT02820324,2016.0,2016-2020,PHASE3,drug,5,407.0,INDUSTRY,COMPLETED,RANDOMIZED,True,QUADRUPLE,4.0,True,True,PARALLEL,True,placebo/sham,True,407.0,393.0,0.03439803439803435,True,True,True,True,True,False,1,True,,False,False
NCT02513979,2015.0,<=2015,PHASE4,drug,2,90.0,OTHER,UNKNOWN,NON_RANDOMIZED,False,SINGLE,1.0,True,False,PARALLEL,False,active,True,,,,,True,True,False,False,False,0,False,,False,False
NCT05848531,2023.0,2021-2026,PHASE4,drug,2,40.0,OTHER,UNKNOWN,RANDOMIZED,True,TRIPLE,3.0,True,True,PARALLEL,False,no-intervention,True,,,,,True,True,False,False,False,0,False,NO,False,
NCT00614354,2008.0,<=2015,PHASE2,drug,1,66.0,INDUSTRY,COMPLETED,NA,False,NONE,0.0,False,False,SINGLE_GROUP,True,none/single-group,False,,,,,False,False,False,False,False,0,False,,False,False
NCT04012424,2019.0,2016-2020,NA,drug,2,44.0,OTHER,COMPLETED,RANDOMIZED,True,DOUBLE,2.0,True,True,PARALLEL,True,placebo/sham,True,,,,,False,True,False,False,False,0,False,,False,False
NCT05810116,2023.0,2021-2026,PHASE4,drug,2,80.0,INDUSTRY,COMPLETED,RANDOMIZED,True,DOUBLE,2.0,True,True,PARALLEL,False,placebo/sham,True,,,,,True,True,False,False,False,0,False,NO,False,False
NCT00140933,2003.0,<=2015,PHASE3,drug,0,274.0,INDUSTRY,TERMINATED,RANDOMIZED,True,DOUBLE,2.0,True,True,PARALLEL,True,none/single-group,False,,,,,True,True,False,False,False,1,True,,False,
NCT02455518,2015.0,<=2015,PHASE4,drug,4,416.0,OTHER,COMPLETED,RANDOMIZED,True,TRIPLE,3.0,True,True,PARALLEL,True,active,True,416.0,411.0,0.012019230769230727,True,True,True,True,True,False,1,True,,False,True
NCT03173456,2017.0,2016-2020,PHASE2,drug,5,600.0,OTHER,COMPLETED,RANDOMIZED,True,QUADRUPLE,4.0,True,True,PARALLEL,True,active,True,600.0,597.0,0.0050000000000000044,True,False,True,True,True,False,1,True,NO,False,True
NCT06274905,2023.0,2021-2026,NA,drug,4,124.0,OTHER,COMPLETED,RANDOMIZED,True,SINGLE,1.0,True,False,SEQUENTIAL,True,placebo/sham,True,,,,,False,True,True,False,False,0,False,NO,False,False
NCT01228552,2011.0,<=2015,PHASE3,drug,2,100.0,INDIV,UNKNOWN,RANDOMIZED,True,DOUBLE,2.0,True,True,PARALLEL,True,placebo/sham,True,,,,,True,True,False,False,False,0,False,,False,True
NCT07657468,2026.0,2021-2026,PHASE2,drug,2,40.0,OTHER,NOT_YET_RECRUITING,RANDOMIZED,True,DOUBLE,2.0,True,True,PARALLEL,False,placebo/sham,True,,,,,False,True,False,False,True,0,False,NO,False,False
NCT02361775,2012.0,<=2015,EARLY_PHASE1,both,2,50.0,OTHER,COMPLETED,RANDOMIZED,True,NONE,0.0,False,False,PARALLEL,True,active,True,,,,,False,True,False,False,False,0,False,,False,True
NCT03271151,2017.0,2016-2020,PHASE4,drug,2,160.0,OTHER,COMPLETED,RANDOMIZED,True,QUADRUPLE,4.0,True,True,PARALLEL,True,placebo/sham,True,160.0,155.0,0.03125,True,True,True,False,True,False,0,False,NO,False,
NCT06005480,2023.0,2021-2026,PHASE1,drug,2,40.0,OTHER,COMPLETED,RANDOMIZED,True,NONE,0.0,False,False,PARALLEL,True,no-intervention,True,,,,,False,False,False,False,False,1,True,NO,False,False
NCT07566663,2026.0,2021-2026,NA,drug,2,274.0,OTHER,RECRUITING,RANDOMIZED,True,DOUBLE,2.0,True,True,PARALLEL,True,active,True,,,,,False,True,False,False,False,0,False,NO,False,False
NCT04052620,2019.0,2016-2020,PHASE3,drug,2,313.0,INDUSTRY,COMPLETED,RANDOMIZED,True,QUADRUPLE,4.0,True,True,PARALLEL,True,active,True,302.0,288.0,0.04635761589403975,True,True,True,False,True,False,1,True,YES,True,False
NCT06364072,2024.0,2021-2026,PHASE2;PHASE3,drug,1,155.0,INDUSTRY,COMPLETED,NA,False,NONE,0.0,False,False,SINGLE_GROUP,True,none/single-group,False,155.0,154.0,0.006451612903225823,True,True,True,False,True,False,0,False,,False,False
NCT07412938,2025.0,2021-2026,PHASE1,drug,5,44.0,INDUSTRY,COMPLETED,RANDOMIZED,True,TRIPLE,3.0,True,True,PARALLEL,True,none/single-group,False,,,,,False,True,True,False,False,1,True,NO,False,False
NCT00091507,2006.0,<=2015,PHASE3,drug,2,911.0,OTHER,COMPLETED,RANDOMIZED,True,QUADRUPLE,4.0,True,True,PARALLEL,True,placebo/sham,True,911.0,871.0,0.04390779363336994,True,True,True,False,True,True,3,True,,False,True
NCT03768024,2007.0,<=2015,PHASE1,drug,7,76.0,INDUSTRY,COMPLETED,RANDOMIZED,True,QUADRUPLE,4.0,True,True,SINGLE_GROUP,True,none/single-group,False,,,,,False,True,True,False,False,0,False,NO,False,False
NCT06395155,2023.0,2021-2026,PHASE1,drug,6,54.0,INDUSTRY,COMPLETED,RANDOMIZED,True,NONE,0.0,False,False,CROSSOVER,True,none/single-group,False,,,,,False,True,True,False,False,0,False,,False,False
NCT01471639,2011.0,<=2015,NA,drug,1,37.0,OTHER,COMPLETED,NA,False,NONE,0.0,False,False,SINGLE_GROUP,True,none/single-group,False,37.0,37.0,0.0,True,False,True,False,True,False,0,False,NO,False,False
NCT03714672,2017.0,2016-2020,PHASE3,drug,4,1151.0,INDUSTRY,COMPLETED,RANDOMIZED,True,QUADRUPLE,4.0,True,True,PARALLEL,True,active,True,829.0,818.0,0.013268998793727338,True,True,True,True,True,False,0,False,YES,True,False
NCT01402375,2012.0,<=2015,PHASE3,drug,6,720.0,OTHER,COMPLETED,RANDOMIZED,True,DOUBLE,2.0,True,True,PARALLEL,True,active,True,720.0,720.0,0.0,True,True,False,True,True,False,0,False,,False,False
NCT02985177,2020.0,2016-2020,PHASE4,drug,2,0.0,OTHER,WITHDRAWN,RANDOMIZED,True,TRIPLE,3.0,True,True,PARALLEL,False,active,True,,,,,True,True,False,False,False,0,False,NO,False,True
NCT05214690,2020.0,2016-2020,PHASE1,drug,2,37.0,INDUSTRY,COMPLETED,RANDOMIZED,True,NONE,0.0,False,False,CROSSOVER,True,none/single-group,False,,,,,False,True,False,False,False,0,False,,False,
NCT00532883,2007.0,<=2015,PHASE2,drug,4,44.0,OTHER,TERMINATED,RANDOMIZED,True,QUADRUPLE,4.0,True,True,PARALLEL,False,placebo/sham,True,44.0,22.0,0.5,False,False,True,True,True,False,1,True,,False,True
NCT06517823,2024.0,2021-2026,PHASE3,drug,2,190.0,INDUSTRY,COMPLETED,RANDOMIZED,True,DOUBLE,2.0,True,True,PARALLEL,True,active,True,,,,,True,True,False,False,False,0,False,NO,False,True
NCT02417298,2015.0,<=2015,NA,drug,2,12.0,OTHER,TERMINATED,RANDOMIZED,True,QUADRUPLE,4.0,True,True,SINGLE_GROUP,False,placebo/sham,True,,,,,False,True,False,False,False,0,False,,False,False
NCT01356992,2012.0,<=2015,PHASE3,drug,2,62.0,INDUSTRY,TERMINATED,RANDOMIZED,True,NONE,0.0,False,False,PARALLEL,False,active,True,,,,,True,True,False,False,False,0,False,,False,False
NCT03446456,2018.0,2016-2020,PHASE1;PHASE2,drug,2,56.0,OTHER,RECRUITING,RANDOMIZED,True,DOUBLE,2.0,True,True,PARALLEL,True,placebo/sham,True,40.0,32.0,0.19999999999999996,True,False,False,False,True,False,0,False,NO,False,True
NCT05097976,2022.0,2021-2026,PHASE4,drug,2,420.0,OTHER,RECRUITING,RANDOMIZED,True,DOUBLE,2.0,True,True,PARALLEL,True,placebo/sham,True,,,,,True,False,False,False,False,0,False,UNDECIDED,False,False
NCT04010266,2021.0,2021-2026,NA,both,2,63.0,INDUSTRY,COMPLETED,RANDOMIZED,True,SINGLE,1.0,True,False,PARALLEL,True,active,True,63.0,42.0,0.33333333333333337,False,False,False,False,True,False,0,False,,False,False
NCT00006289,2000.0,<=2015,PHASE2,drug,2,21.0,NIH,TERMINATED,RANDOMIZED,True,QUADRUPLE,4.0,True,True,CROSSOVER,False,active,True,21.0,20.0,0.04761904761904767,True,False,True,False,True,False,0,False,,False,False
NCT03836664,2017.0,2016-2020,PHASE2,drug,2,25.0,OTHER,COMPLETED,RANDOMIZED,True,DOUBLE,2.0,True,True,CROSSOVER,False,placebo/sham,True,25.0,19.0,0.24,False,False,True,False,True,False,0,False,,False,False
NCT06569953,2024.0,2021-2026,PHASE4,drug,2,284.0,OTHER,RECRUITING,RANDOMIZED,True,QUADRUPLE,4.0,True,True,PARALLEL,True,active,True,,,,,True,True,False,False,False,0,False,,False,False
NCT06863662,2024.0,2021-2026,PHASE3,drug,2,136.0,INDUSTRY,COMPLETED,RANDOMIZED,True,DOUBLE,2.0,True,True,PARALLEL,True,active,True,,,,,True,True,False,False,False,0,False,NO,False,True
NCT03341832,2018.0,2016-2020,PHASE2,drug,3,91.0,INDUSTRY,COMPLETED,RANDOMIZED,True,QUADRUPLE,4.0,True,True,PARALLEL,True,placebo/sham,True,,,,,False,True,True,False,False,0,False,NO,False,
NCT06859723,2025.0,2021-2026,PHASE1,drug,3,30.0,OTHER,RECRUITING,RANDOMIZED,True,DOUBLE,2.0,True,True,CROSSOVER,True,placebo/sham,True,,,,,False,False,True,False,False,0,False,NO,False,False
NCT07438366,2026.0,2021-2026,NA,both,2,60.0,OTHER,NOT_YET_RECRUITING,RANDOMIZED,True,DOUBLE,2.0,True,True,PARALLEL,True,placebo/sham,True,,,,,False,False,False,False,False,0,False,NO,False,True
NCT03471507,2020.0,2016-2020,PHASE2,drug,2,164.0,OTHER,COMPLETED,RANDOMIZED,True,QUADRUPLE,4.0,True,True,PARALLEL,True,active,True,164.0,156.0,0.04878048780487809,True,False,True,False,True,False,0,False,,False,False
NCT00353067,2006.0,<=2015,PHASE3,drug,0,3450.0,INDUSTRY,SUSPENDED,RANDOMIZED,True,DOUBLE,2.0,True,True,PARALLEL,True,none/single-group,False,,,,,True,False,False,False,False,0,False,,False,
NCT07053774,2025.0,2021-2026,PHASE2,drug,2,24.0,OTHER,COMPLETED,RANDOMIZED,True,TRIPLE,3.0,True,True,CROSSOVER,False,none/single-group,False,,,,,False,False,False,False,False,0,False,,False,False
NCT00694174,2005.0,<=2015,PHASE4,drug,2,56.0,OTHER,COMPLETED,RANDOMIZED,True,QUADRUPLE,4.0,True,True,PARALLEL,False,placebo/sham,True,,,,,True,True,False,False,False,1,True,,False,True
NCT00229567,2005.0,<=2015,NA,drug,0,60.0,OTHER,TERMINATED,RANDOMIZED,True,DOUBLE,2.0,True,True,PARALLEL,True,none/single-group,False,,,,,False,False,False,False,False,0,False,,False,
NCT01740492,2012.0,<=2015,PHASE1,drug,3,75.0,OTHER,COMPLETED,RANDOMIZED,True,TRIPLE,3.0,True,True,PARALLEL,True,placebo/sham,True,,,,,False,True,True,False,False,0,False,,False,True
NCT03272139,2017.0,2016-2020,PHASE4,both,2,126.0,OTHER,COMPLETED,RANDOMIZED,True,TRIPLE,3.0,True,True,PARALLEL,True,none/single-group,False,126.0,126.0,0.0,True,True,True,False,True,False,0,False,NO,False,
NCT01333722,2011.0,<=2015,PHASE2,drug,2,100.0,INDUSTRY,COMPLETED,RANDOMIZED,True,DOUBLE,2.0,True,True,PARALLEL,True,placebo/sham,True,100.0,97.0,0.030000000000000027,True,False,True,False,True,False,0,False,,False,False
NCT01626118,2012.0,<=2015,PHASE3,drug,4,373.0,INDUSTRY,COMPLETED,RANDOMIZED,True,TRIPLE,3.0,True,True,PARALLEL,True,placebo/sham,True,373.0,364.0,0.024128686327077764,True,True,True,True,True,False,0,False,,False,False
NCT00403234,2006.0,<=2015,PHASE2,drug,4,10.0,INDUSTRY,TERMINATED,RANDOMIZED,True,DOUBLE,2.0,True,True,PARALLEL,False,placebo/sham,True,10.0,7.0,0.30000000000000004,False,False,True,True,True,False,0,False,,False,
NCT00671502,2008.0,<=2015,PHASE3,drug,3,840.0,INDUSTRY,COMPLETED,RANDOMIZED,True,QUADRUPLE,4.0,True,True,PARALLEL,True,placebo/sham,True,840.0,735.0,0.125,True,True,True,True,True,False,0,False,,False,False
NCT00831051,2008.0,<=2015,PHASE2,drug,6,197.0,INDUSTRY,COMPLETED,RANDOMIZED,True,QUADRUPLE,4.0,True,True,PARALLEL,True,active,True,,,,,False,True,True,False,False,0,False,,False,False
NCT05214677,2020.0,2016-2020,PHASE1,drug,2,38.0,INDUSTRY,COMPLETED,RANDOMIZED,True,NONE,0.0,False,False,CROSSOVER,True,none/single-group,False,,,,,False,True,False,False,False,0,False,,False,
NCT05534945,2022.0,2021-2026,NA,drug,12,60.0,OTHER,RECRUITING,RANDOMIZED,True,TRIPLE,3.0,True,True,SEQUENTIAL,True,none/single-group,False,,,,,False,True,True,False,False,0,False,NO,False,False
NCT04571515,2020.0,2016-2020,PHASE2,drug,5,114.0,INDUSTRY,COMPLETED,RANDOMIZED,True,QUADRUPLE,4.0,True,True,PARALLEL,True,placebo/sham,True,114.0,110.0,0.03508771929824561,True,False,True,True,True,False,0,False,,False,False
NCT02460640,2015.0,<=2015,NA,both,2,96.0,OTHER,COMPLETED,RANDOMIZED,True,QUADRUPLE,4.0,True,True,PARALLEL,True,active,True,,,,,False,True,False,False,False,1,True,,False,False
NCT06064175,2022.0,2021-2026,PHASE4,drug,2,144.0,OTHER,COMPLETED,RANDOMIZED,True,TRIPLE,3.0,True,True,PARALLEL,True,none/single-group,False,,,,,True,True,False,False,False,0,False,NO,False,False
NCT07706348,2026.0,2021-2026,PHASE1;PHASE2,drug,2,20.0,OTHER,RECRUITING,RANDOMIZED,True,DOUBLE,2.0,True,True,PARALLEL,False,placebo/sham,True,,,,,False,True,False,False,False,0,False,UNDECIDED,False,False
NCT04244695,2019.0,2016-2020,PHASE4,drug,3,40.0,OTHER,UNKNOWN,RANDOMIZED,True,QUADRUPLE,4.0,True,True,PARALLEL,False,placebo/sham,True,,,,,True,True,True,False,False,0,False,NO,False,True
NCT00538850,2007.0,<=2015,PHASE3,drug,1,130.0,INDUSTRY,COMPLETED,,False,TRIPLE,3.0,True,True,CROSSOVER,True,none/single-group,False,130.0,98.0,0.24615384615384617,False,True,True,False,True,True,1,True,,False,
NCT01536717,2012.0,<=2015,PHASE4,drug,2,36.0,OTHER,SUSPENDED,RANDOMIZED,True,TRIPLE,3.0,True,True,PARALLEL,False,placebo/sham,True,,,,,True,True,False,False,False,0,False,,False,False
NCT06241742,2024.0,2021-2026,PHASE2,drug,2,81.0,INDUSTRY,COMPLETED,RANDOMIZED,True,QUADRUPLE,4.0,True,True,PARALLEL,True,placebo/sham,True,,,,,False,True,False,False,False,0,False,NO,False,False
NCT00809965,2008.0,<=2015,PHASE3,drug,3,15526.0,INDUSTRY,COMPLETED,RANDOMIZED,True,QUADRUPLE,4.0,True,True,PARALLEL,True,placebo/sham,True,15526.0,13124.0,0.15470823135385803,True,True,True,True,True,False,8,True,,False,True
NCT01591382,2008.0,<=2015,PHASE4,drug,2,64.0,OTHER,COMPLETED,RANDOMIZED,True,QUADRUPLE,4.0,True,True,SINGLE_GROUP,False,placebo/sham,True,64.0,59.0,0.078125,True,True,True,False,True,False,0,False,,False,False
NCT00088686,2004.0,<=2015,PHASE2,drug,0,75.0,NIH,COMPLETED,,False,,,False,False,,True,none/single-group,False,,,,,False,True,False,False,False,0,False,,False,
NCT07353983,2026.0,2021-2026,NA,drug,2,30.0,OTHER,NOT_YET_RECRUITING,NON_RANDOMIZED,False,NONE,0.0,False,False,SINGLE_GROUP,True,none/single-group,False,,,,,False,True,False,False,False,0,False,UNDECIDED,False,False
NCT03003000,2016.0,2016-2020,PHASE3,drug,3,635.0,INDUSTRY,COMPLETED,RANDOMIZED,True,DOUBLE,2.0,True,True,PARALLEL,True,placebo/sham,True,635.0,621.0,0.022047244094488216,True,True,True,True,True,False,0,False,,False,
NCT05204667,2021.0,2021-2026,PHASE4,drug,2,172.0,INDUSTRY,TERMINATED,RANDOMIZED,True,NONE,0.0,False,False,PARALLEL,True,active,True,,,,,True,True,False,False,False,0,False,,False,False
NCT01708915,2012.0,<=2015,PHASE3,drug,4,805.0,INDUSTRY,COMPLETED,RANDOMIZED,True,DOUBLE,2.0,True,True,PARALLEL,True,placebo/sham,True,805.0,578.0,0.2819875776397516,False,True,True,True,True,False,1,True,,False,
NCT06630858,2024.0,2021-2026,NA,both,2,80.0,OTHER,COMPLETED,RANDOMIZED,True,TRIPLE,3.0,True,True,PARALLEL,True,active,True,,,,,False,False,False,False,False,1,True,NO,False,False
NCT05118399,2021.0,2021-2026,PHASE4,drug,2,80.0,OTHER,COMPLETED,RANDOMIZED,True,TRIPLE,3.0,True,True,PARALLEL,False,active,True,,,,,True,True,False,False,False,0,False,,False,False
NCT04169256,2020.0,2016-2020,PHASE1,drug,2,32.0,INDUSTRY,COMPLETED,RANDOMIZED,True,TRIPLE,3.0,True,True,PARALLEL,True,active,True,,,,,False,True,False,False,False,0,False,NO,False,True
NCT05080985,2018.0,2016-2020,NA,both,2,86.0,OTHER,COMPLETED,RANDOMIZED,True,DOUBLE,2.0,True,True,PARALLEL,True,none/single-group,False,,,,,False,True,False,False,False,0,False,,False,False
NCT00942448,2009.0,<=2015,PHASE3,drug,4,306.0,INDUSTRY,COMPLETED,RANDOMIZED,True,DOUBLE,2.0,True,True,PARALLEL,True,placebo/sham,True,306.0,306.0,0.0,True,True,True,True,True,False,0,False,,False,False
NCT05375916,2022.0,2021-2026,NA,drug,2,80.0,OTHER,COMPLETED,RANDOMIZED,True,SINGLE,1.0,True,False,PARALLEL,True,active,True,,,,,False,True,False,False,False,0,False,,False,False
NCT05004636,2020.0,2016-2020,NA,drug,2,119.0,OTHER,COMPLETED,RANDOMIZED,True,TRIPLE,3.0,True,True,PARALLEL,True,no-intervention,True,,,,,False,False,False,False,False,0,False,NO,False,False
NCT04005755,2019.0,2016-2020,PHASE3,drug,1,232.0,INDUSTRY,COMPLETED,NA,False,NONE,0.0,False,False,SINGLE_GROUP,True,none/single-group,False,232.0,215.0,0.07327586206896552,True,True,True,False,True,False,0,False,NO,False,False
NCT04327063,2020.0,2016-2020,PHASE3,drug,2,182.0,OTHER,COMPLETED,RANDOMIZED,True,DOUBLE,2.0,True,True,PARALLEL,True,placebo/sham,True,,,,,True,True,False,False,True,0,False,YES,True,False
NCT04042545,2020.0,2016-2020,PHASE2,drug,2,78.0,INDUSTRY,UNKNOWN,RANDOMIZED,True,QUADRUPLE,4.0,True,True,PARALLEL,True,placebo/sham,True,,,,,False,True,False,False,False,0,False,NO,False,True
NCT05565664,2022.0,2021-2026,PHASE4,drug,2,38.0,OTHER,COMPLETED,RANDOMIZED,True,DOUBLE,2.0,True,True,PARALLEL,False,active,True,,,,,True,False,False,False,False,0,False,,False,False
NCT05091905,2022.0,2021-2026,PHASE4,drug,2,140.0,OTHER,ENROLLING_BY_INVITATION,RANDOMIZED,True,NONE,0.0,False,False,PARALLEL,True,active,True,,,,,True,True,False,False,False,0,False,NO,False,False
NCT07164677,2025.0,2021-2026,NA,both,2,50.0,OTHER,RECRUITING,RANDOMIZED,True,QUADRUPLE,4.0,True,True,PARALLEL,True,placebo/sham,True,,,,,False,True,False,False,False,0,False,,False,False
NCT01429298,2010.0,<=2015,PHASE4,drug,2,350.0,OTHER,COMPLETED,RANDOMIZED,True,SINGLE,1.0,True,False,PARALLEL,True,active,True,350.0,340.0,0.02857142857142858,True,True,True,False,True,False,1,True,,False,False
NCT07469826,2022.0,2021-2026,PHASE3,drug,2,100.0,OTHER_GOV,COMPLETED,RANDOMIZED,True,DOUBLE,2.0,True,True,PARALLEL,True,active,True,,,,,True,False,False,False,False,0,False,NO,False,False
NCT03583658,2018.0,2016-2020,PHASE3,drug,2,390.0,INDUSTRY,COMPLETED,RANDOMIZED,True,DOUBLE,2.0,True,True,PARALLEL,True,placebo/sham,True,,,,,True,True,False,False,False,1,True,YES,True,False
NCT05631769,2020.0,2016-2020,PHASE4,drug,4,4900.0,OTHER,ACTIVE_NOT_RECRUITING,RANDOMIZED,True,SINGLE,1.0,True,False,PARALLEL,True,active,True,,,,,True,True,True,False,False,1,True,NO,False,True
NCT05611749,2023.0,2021-2026,PHASE2,drug,2,17.0,OTHER,TERMINATED,RANDOMIZED,True,QUADRUPLE,4.0,True,True,PARALLEL,False,placebo/sham,True,,,,,False,False,False,False,False,0,False,,False,True
NCT03525509,2018.0,2016-2020,EARLY_PHASE1,drug,2,13.0,OTHER,COMPLETED,RANDOMIZED,True,TRIPLE,3.0,True,True,CROSSOVER,False,active,True,,,,,False,True,False,False,False,0,False,UNDECIDED,False,True
NCT00935311,2009.0,<=2015,PHASE2,drug,3,122.0,INDUSTRY,COMPLETED,RANDOMIZED,True,TRIPLE,3.0,True,True,PARALLEL,True,placebo/sham,True,122.0,122.0,0.0,True,False,True,True,True,False,0,False,,False,False
NCT05779059,2023.0,2021-2026,PHASE3,drug,2,50.0,OTHER,UNKNOWN,RANDOMIZED,True,NONE,0.0,False,False,CROSSOVER,False,none/single-group,False,,,,,True,True,False,False,False,0,False,,False,True
NCT02662556,2016.0,2016-2020,PHASE3,drug,1,140.0,INDUSTRY,COMPLETED,NA,False,NONE,0.0,False,False,SINGLE_GROUP,True,none/single-group,False,140.0,132.0,0.05714285714285716,True,True,True,False,True,False,0,False,,False,False
NCT06381401,2024.0,2021-2026,PHASE4,drug,2,60.0,OTHER,UNKNOWN,RANDOMIZED,True,DOUBLE,2.0,True,True,PARALLEL,False,active,True,,,,,True,False,False,False,False,0,False,,False,False
NCT06001112,2023.0,2021-2026,NA,drug,2,76.0,OTHER,COMPLETED,RANDOMIZED,True,SINGLE,1.0,True,False,PARALLEL,True,active,True,,,,,False,True,False,False,False,0,False,YES,True,True
NCT04005209,2022.0,2021-2026,PHASE4,drug,2,0.0,OTHER,WITHDRAWN,RANDOMIZED,True,NONE,0.0,False,False,PARALLEL,False,active,True,,,,,True,True,False,False,False,0,False,NO,False,
NCT00955994,2005.0,<=2015,PHASE2,drug,0,100.0,OTHER,COMPLETED,RANDOMIZED,True,DOUBLE,2.0,True,True,PARALLEL,True,none/single-group,False,,,,,False,True,False,False,False,0,False,,False,
NCT02947243,2018.0,2016-2020,NA,both,2,0.0,OTHER,WITHDRAWN,RANDOMIZED,True,NONE,0.0,False,False,CROSSOVER,False,active,True,,,,,False,True,False,False,False,0,False,,False,False
NCT05560230,2022.0,2021-2026,PHASE4,drug,2,120.0,OTHER,COMPLETED,RANDOMIZED,True,QUADRUPLE,4.0,True,True,PARALLEL,True,placebo/sham,True,,,,,True,True,False,False,False,0,False,NO,False,
NCT02508935,2015.0,<=2015,PHASE4,drug,1,23.0,INDUSTRY,TERMINATED,NA,False,NONE,0.0,False,False,SINGLE_GROUP,False,none/single-group,False,23.0,0.0,1.0,False,True,True,False,True,False,0,False,NO,False,False
NCT04860804,2021.0,2021-2026,PHASE4,drug,2,60.0,OTHER,COMPLETED,RANDOMIZED,True,NONE,0.0,False,False,PARALLEL,False,active,True,60.0,56.0,0.06666666666666665,True,True,True,False,True,False,1,True,NO,False,True
NCT06008795,2023.0,2021-2026,PHASE2,both,3,195.0,OTHER,RECRUITING,RANDOMIZED,True,QUADRUPLE,4.0,True,True,SEQUENTIAL,True,placebo/sham,True,,,,,False,True,True,False,False,1,True,,False,True
NCT00409578,2007.0,<=2015,PHASE2,drug,4,1101.0,INDUSTRY,COMPLETED,RANDOMIZED,True,TRIPLE,3.0,True,True,PARALLEL,True,placebo/sham,True,1101.0,858.0,0.22070844686648505,False,False,True,True,True,False,0,False,,False,
NCT01506453,2012.0,<=2015,PHASE2,drug,2,51.0,OTHER,COMPLETED,RANDOMIZED,True,TRIPLE,3.0,True,True,PARALLEL,True,placebo/sham,True,51.0,49.0,0.039215686274509776,True,False,False,False,True,False,0,False,,False,False
NCT04906889,2021.0,2021-2026,NA,drug,2,0.0,OTHER,WITHDRAWN,RANDOMIZED,True,TRIPLE,3.0,True,True,PARALLEL,False,active,True,,,,,False,False,False,False,False,0,False,NO,False,True
NCT03137030,2017.0,2016-2020,PHASE1,drug,6,0.0,INDUSTRY,WITHDRAWN,RANDOMIZED,True,NONE,0.0,False,False,CROSSOVER,False,active,True,,,,,False,True,True,False,False,0,False,NO,False,False
NCT05630222,2022.0,2021-2026,PHASE3,drug,3,150.0,OTHER,COMPLETED,RANDOMIZED,True,DOUBLE,2.0,True,True,PARALLEL,True,active,True,,,,,True,True,True,False,False,1,True,YES,True,False
NCT06408519,2024.0,2021-2026,NA,drug,2,57.0,OTHER,COMPLETED,RANDOMIZED,True,NONE,0.0,False,False,PARALLEL,True,active,True,,,,,False,False,False,False,False,1,True,NO,False,False
NCT02297412,2014.0,<=2015,PHASE2,drug,2,47.0,OTHER,COMPLETED,RANDOMIZED,True,DOUBLE,2.0,True,True,PARALLEL,False,placebo/sham,True,47.0,45.0,0.04255319148936165,True,False,False,False,True,False,0,False,,False,True
NCT04694300,2021.0,2021-2026,PHASE4,drug,2,30.0,INDIV,COMPLETED,RANDOMIZED,True,QUADRUPLE,4.0,True,True,PARALLEL,False,active,True,30.0,30.0,0.0,True,True,False,False,True,True,0,False,NO,False,False
NCT02032290,2014.0,<=2015,PHASE4,both,2,88.0,OTHER,UNKNOWN,RANDOMIZED,True,NONE,0.0,False,False,PARALLEL,False,active,True,,,,,True,False,False,False,False,0,False,,False,
NCT01539538,2012.0,<=2015,PHASE3,drug,2,357.0,INDUSTRY,COMPLETED,RANDOMIZED,True,NONE,0.0,False,False,PARALLEL,True,active,True,357.0,282.0,0.2100840336134454,False,True,True,False,True,False,0,False,,False,False
NCT04787198,2022.0,2021-2026,NA,drug,2,44.0,OTHER,UNKNOWN,RANDOMIZED,True,SINGLE,1.0,True,False,PARALLEL,True,placebo/sham,True,,,,,False,False,False,False,False,0,False,NO,False,True
NCT06077487,2024.0,2021-2026,PHASE4,drug,2,1.0,OTHER,TERMINATED,RANDOMIZED,True,TRIPLE,3.0,True,True,PARALLEL,False,none/single-group,False,1.0,0.0,1.0,False,True,False,False,True,False,0,False,NO,False,True
NCT07099924,2025.0,2021-2026,NA,drug,2,40.0,OTHER,NOT_YET_RECRUITING,RANDOMIZED,True,DOUBLE,2.0,True,True,PARALLEL,True,placebo/sham,True,,,,,False,True,False,False,False,0,False,YES,True,False
NCT07361796,2025.0,2021-2026,NA,drug,2,832.0,OTHER,RECRUITING,RANDOMIZED,True,NONE,0.0,False,False,PARALLEL,True,active,True,,,,,False,True,False,False,False,0,False,YES,True,True
NCT05323175,2022.0,2021-2026,PHASE4,drug,2,24.0,OTHER,COMPLETED,RANDOMIZED,True,SINGLE,1.0,True,False,PARALLEL,False,active,True,,,,,True,False,False,False,False,0,False,NO,False,
NCT07606911,2026.0,2021-2026,PHASE4,drug,2,668.0,OTHER,NOT_YET_RECRUITING,RANDOMIZED,True,TRIPLE,3.0,True,True,PARALLEL,True,placebo/sham,True,,,,,True,False,False,False,False,0,False,UNDECIDED,False,True
NCT03896230,2019.0,2016-2020,PHASE4,drug,3,11.0,OTHER,TERMINATED,RANDOMIZED,True,QUADRUPLE,4.0,True,True,PARALLEL,False,active,True,11.0,11.0,0.0,True,True,True,True,True,False,0,False,NO,False,False
NCT06960317,2025.0,2021-2026,NA,drug,6,204.0,OTHER,RECRUITING,RANDOMIZED,True,SINGLE,1.0,True,False,PARALLEL,True,placebo/sham,True,,,,,False,True,True,False,False,0,False,NO,False,False
NCT04280263,2020.0,2016-2020,NA,drug,2,70.0,OTHER,UNKNOWN,RANDOMIZED,True,DOUBLE,2.0,True,True,PARALLEL,True,placebo/sham,True,,,,,False,True,False,False,False,0,False,,False,
NCT04033471,2019.0,2016-2020,PHASE1;PHASE2,drug,3,20.0,OTHER,UNKNOWN,RANDOMIZED,True,DOUBLE,2.0,True,True,PARALLEL,False,active,True,,,,,False,True,True,False,False,0,False,,False,
NCT02856087,2014.0,<=2015,NA,drug,3,92.0,OTHER,COMPLETED,RANDOMIZED,True,QUADRUPLE,4.0,True,True,PARALLEL,True,placebo/sham,True,,,,,False,False,True,False,False,1,True,NO,False,False
NCT01017380,2008.0,<=2015,PHASE3,drug,1,30.0,OTHER,COMPLETED,RANDOMIZED,True,DOUBLE,2.0,True,True,PARALLEL,False,none/single-group,False,,,,,True,True,False,False,False,1,True,,False,False
NCT06974656,2025.0,2021-2026,NA,drug,2,40.0,OTHER,COMPLETED,RANDOMIZED,True,DOUBLE,2.0,True,True,PARALLEL,True,none/single-group,False,,,,,False,True,False,False,False,0,False,YES,True,
NCT02432677,2014.0,<=2015,PHASE2,both,4,48.0,OTHER,UNKNOWN,RANDOMIZED,True,TRIPLE,3.0,True,True,PARALLEL,False,none/single-group,False,,,,,False,True,True,False,False,1,True,,False,False
NCT03005548,2016.0,2016-2020,PHASE2,both,2,62.0,OTHER,COMPLETED,RANDOMIZED,True,QUADRUPLE,4.0,True,True,PARALLEL,True,placebo/sham,True,,,,,False,True,False,False,True,1,True,UNDECIDED,False,True
NCT06011746,2023.0,2021-2026,PHASE4,drug,2,60.0,OTHER,COMPLETED,RANDOMIZED,True,DOUBLE,2.0,True,True,PARALLEL,False,active,True,,,,,True,True,False,False,False,0,False,YES,True,True
NCT02785003,2016.0,2016-2020,PHASE4,drug,2,0.0,OTHER,WITHDRAWN,RANDOMIZED,True,TRIPLE,3.0,True,True,PARALLEL,False,placebo/sham,True,,,,,True,True,False,False,False,0,False,UNDECIDED,False,False
NCT03862391,2018.0,2016-2020,PHASE4,drug,2,60.0,OTHER,COMPLETED,RANDOMIZED,True,DOUBLE,2.0,True,True,PARALLEL,False,active,True,,,,,True,False,False,False,False,0,False,NO,False,True
NCT03553498,2018.0,2016-2020,PHASE3,drug,2,162.0,OTHER,COMPLETED,RANDOMIZED,True,QUADRUPLE,4.0,True,True,PARALLEL,True,placebo/sham,True,162.0,159.0,0.01851851851851849,True,True,True,False,True,False,0,False,NO,False,True
NCT02395653,2015.0,<=2015,PHASE3,drug,1,71.0,INDUSTRY,COMPLETED,NA,False,NONE,0.0,False,False,SINGLE_GROUP,False,none/single-group,False,71.0,59.0,0.16901408450704225,True,True,False,False,True,False,0,False,,False,False
NCT03523832,2015.0,<=2015,PHASE2,drug,3,30.0,OTHER,COMPLETED,RANDOMIZED,True,TRIPLE,3.0,True,True,FACTORIAL,False,placebo/sham,True,,,,,False,True,True,False,False,1,True,UNDECIDED,False,
NCT02678117,2015.0,<=2015,PHASE3,drug,4,120.0,OTHER,COMPLETED,RANDOMIZED,True,DOUBLE,2.0,True,True,PARALLEL,True,placebo/sham,True,,,,,True,False,True,False,False,1,True,YES,True,False
NCT04726878,2021.0,2021-2026,PHASE4,both,3,75.0,OTHER,COMPLETED,RANDOMIZED,True,TRIPLE,3.0,True,True,PARALLEL,False,placebo/sham,True,,,,,True,True,True,False,False,1,True,NO,False,False
NCT02646124,2015.0,<=2015,PHASE2;PHASE3,drug,2,114.0,OTHER,COMPLETED,RANDOMIZED,True,TRIPLE,3.0,True,True,PARALLEL,True,active,True,114.0,112.0,0.01754385964912286,True,True,True,False,True,False,0,False,,False,True
NCT02773472,2015.0,<=2015,NA,both,2,70.0,OTHER,TERMINATED,RANDOMIZED,True,NONE,0.0,False,False,PARALLEL,True,none/single-group,False,,,,,False,True,False,False,False,0,False,NO,False,True
NCT02074007,2013.0,<=2015,PHASE3,drug,2,178.0,INDUSTRY,TERMINATED,RANDOMIZED,True,QUADRUPLE,4.0,True,True,PARALLEL,True,placebo/sham,True,,,,,True,True,False,False,False,0,False,,False,False
NCT04251819,2021.0,2021-2026,PHASE2;PHASE3,drug,3,19.0,OTHER,TERMINATED,RANDOMIZED,True,NONE,0.0,False,False,PARALLEL,False,placebo/sham,True,19.0,19.0,0.0,True,True,True,True,True,False,0,False,,False,False
NCT05013567,2022.0,2021-2026,PHASE3,drug,2,300.0,INDUSTRY,UNKNOWN,RANDOMIZED,True,QUADRUPLE,4.0,True,True,PARALLEL,True,placebo/sham,True,,,,,True,True,False,False,False,0,False,,False,
NCT00721110,2008.0,<=2015,NA,drug,4,64.0,OTHER,TERMINATED,RANDOMIZED,True,QUADRUPLE,4.0,True,True,FACTORIAL,True,placebo/sham,True,64.0,62.0,0.03125,True,False,True,True,True,False,0,False,NO,False,False
NCT04236908,2020.0,2016-2020,NA,both,4,276.0,FED,COMPLETED,RANDOMIZED,True,NONE,0.0,False,False,PARALLEL,True,none/single-group,False,,,,,False,True,True,False,False,0,False,NO,False,False
NCT02300311,2015.0,<=2015,PHASE3,drug,2,138.0,INDUSTRY,COMPLETED,RANDOMIZED,True,DOUBLE,2.0,True,True,PARALLEL,True,placebo/sham,True,138.0,119.0,0.1376811594202898,True,True,True,False,True,False,0,False,,False,
NCT03790020,2018.0,2016-2020,PHASE4,drug,4,3.0,OTHER,COMPLETED,RANDOMIZED,True,NONE,0.0,False,False,CROSSOVER,False,active,True,,,,,True,False,True,False,False,0,False,NO,False,False
NCT02198378,2014.0,<=2015,PHASE4,drug,2,680.0,OTHER,COMPLETED,RANDOMIZED,True,NONE,0.0,False,False,PARALLEL,True,active,True,,,,,True,True,False,False,False,1,True,,False,False
NCT06406829,2026.0,2021-2026,NA,drug,4,2000.0,OTHER,NOT_YET_RECRUITING,RANDOMIZED,True,TRIPLE,3.0,True,True,FACTORIAL,True,placebo/sham,True,,,,,False,False,True,False,False,0,False,,False,True
NCT00411307,,,PHASE2,drug,0,50.0,INDUSTRY,COMPLETED,RANDOMIZED,True,NONE,0.0,False,False,SINGLE_GROUP,True,none/single-group,False,,,,,False,True,False,False,False,0,False,,False,
NCT02116790,2014.0,<=2015,PHASE2,drug,4,0.0,OTHER,WITHDRAWN,RANDOMIZED,True,TRIPLE,3.0,True,True,PARALLEL,False,placebo/sham,True,,,,,False,True,True,False,False,0,False,,False,False
NCT04669145,2021.0,2021-2026,PHASE2;PHASE3,drug,4,24.0,OTHER,COMPLETED,RANDOMIZED,True,NONE,0.0,False,False,PARALLEL,False,none/single-group,False,,,,,True,True,True,False,False,0,False,NO,False,False
NCT03246971,2017.0,2016-2020,PHASE2,drug,2,125.0,OTHER,COMPLETED,RANDOMIZED,True,QUADRUPLE,4.0,True,True,PARALLEL,True,placebo/sham,True,,,,,False,True,False,False,False,0,False,,False,
NCT05096468,2021.0,2021-2026,PHASE2;PHASE3,drug,2,90.0,OTHER,COMPLETED,RANDOMIZED,True,QUADRUPLE,4.0,True,True,PARALLEL,False,placebo/sham,True,,,,,True,True,False,False,False,2,True,,False,
NCT00402792,2006.0,<=2015,PHASE3,drug,3,150.0,INDUSTRY,COMPLETED,RANDOMIZED,True,DOUBLE,2.0,True,True,PARALLEL,True,placebo/sham,True,,,,,True,True,True,False,False,0,False,,False,False
NCT07211399,2026.0,2021-2026,EARLY_PHASE1,drug,2,0.0,OTHER,WITHDRAWN,RANDOMIZED,True,NONE,0.0,False,False,PARALLEL,False,active,True,,,,,False,True,False,False,False,0,False,NO,False,True
NCT05222724,2021.0,2021-2026,PHASE4,drug,2,176.0,INDUSTRY,COMPLETED,RANDOMIZED,True,NONE,0.0,False,False,PARALLEL,True,active,True,,,,,True,True,False,False,False,0,False,,False,False
NCT01756651,2013.0,<=2015,PHASE1,drug,2,20.0,OTHER,COMPLETED,NON_RANDOMIZED,False,SINGLE,1.0,True,False,PARALLEL,False,none/single-group,False,,,,,False,False,False,False,False,0,False,,False,True
NCT04082975,2020.0,2016-2020,PHASE3,drug,2,421.0,INDUSTRY,COMPLETED,RANDOMIZED,True,QUADRUPLE,4.0,True,True,PARALLEL,True,active,True,,,,,True,True,False,False,False,0,False,NO,False,
NCT00886236,2008.0,<=2015,NA,drug,3,62.0,OTHER,COMPLETED,RANDOMIZED,True,QUADRUPLE,4.0,True,True,CROSSOVER,True,placebo/sham,True,62.0,52.0,0.16129032258064513,True,False,True,True,True,False,0,False,,False,False
NCT05670561,2023.0,2021-2026,PHASE4,drug,2,60.0,OTHER,UNKNOWN,RANDOMIZED,True,DOUBLE,2.0,True,True,PARALLEL,False,active,True,,,,,True,True,False,False,False,0,False,YES,True,True
NCT02287350,2014.0,<=2015,PHASE4,drug,1,51.0,INDUSTRY,COMPLETED,NA,False,NONE,0.0,False,False,SINGLE_GROUP,False,none/single-group,False,51.0,48.0,0.05882352941176472,True,True,True,False,True,False,0,False,,False,
NCT07610408,2026.0,2021-2026,NA,drug,3,135.0,OTHER_GOV,RECRUITING,RANDOMIZED,True,DOUBLE,2.0,True,True,PARALLEL,True,none/single-group,False,,,,,False,True,True,False,False,0,False,NO,False,False
NCT04767542,2021.0,2021-2026,PHASE3,both,2,42.0,OTHER_GOV,UNKNOWN,RANDOMIZED,True,SINGLE,1.0,True,False,PARALLEL,False,placebo/sham,True,,,,,True,False,False,False,True,0,False,NO,False,True
NCT02221674,2014.0,<=2015,PHASE2,drug,1,40.0,INDUSTRY,TERMINATED,NA,False,NONE,0.0,False,False,SINGLE_GROUP,False,none/single-group,False,19.0,18.0,0.052631578947368474,True,False,True,False,True,False,0,False,YES,True,True
NCT03137017,2017.0,2016-2020,PHASE1,drug,4,0.0,INDUSTRY,WITHDRAWN,RANDOMIZED,True,NONE,0.0,False,False,CROSSOVER,False,active,True,,,,,False,True,True,False,False,0,False,NO,False,False
NCT03756038,2019.0,2016-2020,PHASE2,drug,2,1.0,OTHER,TERMINATED,RANDOMIZED,True,QUADRUPLE,4.0,True,True,PARALLEL,False,placebo/sham,True,1.0,1.0,0.0,True,False,True,False,True,False,0,False,UNDECIDED,False,True
NCT00869063,2009.0,<=2015,PHASE3,drug,2,214.0,INDUSTRY,COMPLETED,RANDOMIZED,True,QUADRUPLE,4.0,True,True,PARALLEL,True,placebo/sham,True,,,,,True,True,False,False,False,0,False,,False,False
NCT01211145,2010.0,<=2015,PHASE4,drug,4,1653.0,INDUSTRY,COMPLETED,RANDOMIZED,True,QUADRUPLE,4.0,True,True,PARALLEL,True,placebo/sham,True,798.0,722.0,0.09523809523809523,True,True,True,True,True,False,0,False,,False,False
NCT00931866,2009.0,<=2015,PHASE3,drug,2,407.0,INDUSTRY,COMPLETED,RANDOMIZED,True,QUADRUPLE,4.0,True,True,PARALLEL,True,placebo/sham,True,,,,,True,True,False,False,False,0,False,,False,False
NCT02229539,2014.0,<=2015,PHASE3,drug,3,275.0,OTHER,COMPLETED,RANDOMIZED,True,DOUBLE,2.0,True,True,PARALLEL,True,placebo/sham,True,230.0,227.0,0.013043478260869601,True,True,True,True,True,False,1,True,,False,True
NCT04441762,2020.0,2016-2020,PHASE2;PHASE3,drug,2,171.0,OTHER_GOV,COMPLETED,RANDOMIZED,True,QUADRUPLE,4.0,True,True,PARALLEL,True,active,True,,,,,True,True,False,False,True,0,False,NO,False,False
NCT04860713,2021.0,2021-2026,PHASE4,drug,2,5.0,OTHER,COMPLETED,RANDOMIZED,True,NONE,0.0,False,False,PARALLEL,False,active,True,5.0,5.0,0.0,True,True,True,False,True,False,0,False,NO,False,True
NCT00968955,2009.0,<=2015,PHASE4,drug,2,120.0,OTHER,COMPLETED,RANDOMIZED,True,QUADRUPLE,4.0,True,True,PARALLEL,True,placebo/sham,True,,,,,True,False,False,False,False,0,False,,False,False
NCT01490931,2011.0,<=2015,PHASE4,drug,1,28.0,INDIV,COMPLETED,NA,False,NONE,0.0,False,False,SINGLE_GROUP,False,none/single-group,False,25.0,25.0,0.0,True,True,True,False,True,True,0,False,,False,True
NCT04682860,2021.0,2021-2026,PHASE4,drug,2,50.0,OTHER,COMPLETED,RANDOMIZED,True,DOUBLE,2.0,True,True,PARALLEL,False,placebo/sham,True,,,,,True,True,False,False,False,0,False,NO,False,
NCT01544062,2012.0,<=2015,PHASE4,drug,2,68.0,OTHER,COMPLETED,RANDOMIZED,True,QUADRUPLE,4.0,True,True,PARALLEL,False,placebo/sham,True,68.0,68.0,0.0,True,True,True,False,True,False,0,False,NO,False,True
NCT06381063,2024.0,2021-2026,PHASE3,drug,2,238.0,OTHER,RECRUITING,RANDOMIZED,True,TRIPLE,3.0,True,True,PARALLEL,True,placebo/sham,True,,,,,True,True,False,False,False,1,True,NO,False,False
NCT04026022,2019.0,2016-2020,PHASE3,drug,2,145.0,OTHER,COMPLETED,RANDOMIZED,True,DOUBLE,2.0,True,True,PARALLEL,True,placebo/sham,True,,,,,True,True,False,False,False,1,True,YES,True,True
NCT03243006,2016.0,2016-2020,NA,drug,3,1500.0,OTHER,COMPLETED,RANDOMIZED,True,SINGLE,1.0,True,False,PARALLEL,True,placebo/sham,True,,,,,False,False,True,False,False,0,False,UNDECIDED,False,False
NCT05913284,2024.0,2021-2026,PHASE3,drug,2,86.0,OTHER,ACTIVE_NOT_RECRUITING,RANDOMIZED,True,DOUBLE,2.0,True,True,PARALLEL,False,active,True,,,,,True,True,False,False,False,1,True,,False,True
NCT03429140,2017.0,2016-2020,EARLY_PHASE1,drug,2,24.0,OTHER,COMPLETED,RANDOMIZED,True,DOUBLE,2.0,True,True,PARALLEL,False,placebo/sham,True,,,,,False,True,False,False,False,0,False,NO,False,
NCT02697240,2016.0,2016-2020,PHASE1,drug,1,4.0,OTHER,COMPLETED,NA,False,NONE,0.0,False,False,SINGLE_GROUP,False,none/single-group,False,4.0,4.0,0.0,True,False,True,False,True,False,0,False,NO,False,True
NCT05651633,2021.0,2021-2026,PHASE3,drug,2,29.0,OTHER,TERMINATED,RANDOMIZED,True,NONE,0.0,False,False,PARALLEL,False,no-intervention,True,29.0,28.0,0.03448275862068961,True,True,True,False,True,False,1,True,YES,True,False
NCT02729207,2016.0,2016-2020,PHASE2,drug,2,6.0,INDUSTRY,TERMINATED,RANDOMIZED,True,DOUBLE,2.0,True,True,PARALLEL,False,placebo/sham,True,,,,,False,True,False,False,False,0,False,NO,False,True
NCT01629329,2010.0,<=2015,PHASE4,drug,2,93.0,OTHER,TERMINATED,RANDOMIZED,True,TRIPLE,3.0,True,True,PARALLEL,False,active,True,0.0,0.0,,,True,True,False,True,False,0,False,NO,False,False
NCT03431285,2018.0,2016-2020,NA,drug,2,278.0,OTHER,COMPLETED,RANDOMIZED,True,TRIPLE,3.0,True,True,PARALLEL,True,active,True,278.0,278.0,0.0,True,False,True,False,True,False,1,True,YES,True,True
NCT05233683,2022.0,2021-2026,PHASE3,both,4,120.0,OTHER,UNKNOWN,RANDOMIZED,True,DOUBLE,2.0,True,True,PARALLEL,True,active,True,,,,,True,False,True,False,False,0,False,,False,False
NCT05653401,2022.0,2021-2026,PHASE2,drug,3,800.0,OTHER,COMPLETED,RANDOMIZED,True,DOUBLE,2.0,True,True,PARALLEL,True,active,True,,,,,False,True,True,False,False,0,False,NO,False,False
NCT03868436,2019.0,2016-2020,PHASE4,drug,1,99.0,INDUSTRY,COMPLETED,NA,False,NONE,0.0,False,False,SINGLE_GROUP,False,none/single-group,False,,,,,True,True,False,False,False,0,False,NO,False,False
NCT00202878,2005.0,<=2015,PHASE3,drug,2,18144.0,INDUSTRY,COMPLETED,RANDOMIZED,True,TRIPLE,3.0,True,True,PARALLEL,True,active,True,18144.0,13728.0,0.24338624338624337,False,True,True,False,True,True,23,True,NO,False,True
NCT02083315,2013.0,<=2015,PHASE1,drug,5,30.0,INDUSTRY,COMPLETED,RANDOMIZED,True,QUADRUPLE,4.0,True,True,CROSSOVER,True,placebo/sham,True,,,,,False,True,True,False,False,1,True,,False,False
NCT06448923,2025.0,2021-2026,PHASE2,drug,3,225.0,OTHER,RECRUITING,RANDOMIZED,True,QUADRUPLE,4.0,True,True,PARALLEL,True,placebo/sham,True,,,,,False,True,True,False,False,1,True,,False,False
NCT01755520,2013.0,<=2015,PHASE3,drug,2,1893.0,OTHER,TERMINATED,RANDOMIZED,True,QUADRUPLE,4.0,True,True,PARALLEL,True,active,True,,,,,True,True,False,False,False,2,True,UNDECIDED,False,True
NCT05095025,2021.0,2021-2026,NA,drug,1,50.0,OTHER,UNKNOWN,NA,False,NONE,0.0,False,False,SEQUENTIAL,True,none/single-group,False,,,,,False,True,False,False,False,0,False,NO,False,False
NCT03780556,2016.0,2016-2020,NA,drug,2,120.0,OTHER,COMPLETED,RANDOMIZED,True,DOUBLE,2.0,True,True,PARALLEL,True,active,True,,,,,False,True,False,False,False,0,False,NO,False,
NCT04932083,2021.0,2021-2026,NA,drug,4,100.0,OTHER,COMPLETED,RANDOMIZED,True,TRIPLE,3.0,True,True,PARALLEL,True,placebo/sham,True,,,,,False,True,True,False,False,0,False,NO,False,
NCT04475198,2021.0,2021-2026,PHASE1,drug,5,24.0,INDUSTRY,TERMINATED,RANDOMIZED,True,DOUBLE,2.0,True,True,PARALLEL,False,none/single-group,False,24.0,24.0,0.0,True,False,True,True,True,False,0,False,NO,False,True
NCT04522206,2020.0,2016-2020,PHASE4,drug,1,44.0,OTHER,COMPLETED,NA,False,NONE,0.0,False,False,SINGLE_GROUP,False,none/single-group,False,44.0,44.0,0.0,True,True,False,False,True,False,0,False,YES,True,True
NCT02434939,2015.0,<=2015,PHASE4,drug,2,240.0,OTHER,COMPLETED,RANDOMIZED,True,QUADRUPLE,4.0,True,True,PARALLEL,True,active,True,240.0,154.0,0.3583333333333333,False,True,True,False,True,False,1,True,,False,True
NCT00448110,2006.0,<=2015,PHASE3,drug,4,331.0,INDUSTRY,COMPLETED,RANDOMIZED,True,QUADRUPLE,4.0,True,True,PARALLEL,True,placebo/sham,True,,,,,True,True,True,False,False,2,True,,False,False
NCT03017248,2016.0,2016-2020,PHASE1,drug,3,125.0,OTHER,UNKNOWN,RANDOMIZED,True,TRIPLE,3.0,True,True,PARALLEL,True,active,True,,,,,False,True,True,False,False,0,False,UNDECIDED,False,True
NCT01462435,2011.0,<=2015,PHASE3,drug,4,428.0,INDUSTRY,COMPLETED,RANDOMIZED,True,TRIPLE,3.0,True,True,PARALLEL,True,placebo/sham,True,428.0,421.0,0.016355140186915862,True,True,True,True,True,False,1,True,,False,False
NCT07145346,2025.0,2021-2026,PHASE4,drug,2,80.0,OTHER,ENROLLING_BY_INVITATION,RANDOMIZED,True,DOUBLE,2.0,True,True,PARALLEL,False,placebo/sham,True,,,,,True,True,False,False,False,0,False,NO,False,True
NCT05967442,2019.0,2016-2020,PHASE3,drug,3,157.0,OTHER,COMPLETED,RANDOMIZED,True,QUADRUPLE,4.0,True,True,PARALLEL,True,active,True,157.0,157.0,0.0,True,True,True,True,True,False,0,False,NO,False,False
NCT01359098,2011.0,<=2015,PHASE2,drug,2,100.0,INDUSTRY,COMPLETED,RANDOMIZED,True,NONE,0.0,False,False,PARALLEL,True,active,True,,,,,False,True,False,False,False,0,False,,False,False
NCT06534801,2024.0,2021-2026,NA,drug,2,60.0,OTHER,NOT_YET_RECRUITING,NON_RANDOMIZED,False,QUADRUPLE,4.0,True,True,PARALLEL,True,none/single-group,False,,,,,False,False,False,False,False,1,True,NO,False,
NCT03886896,2019.0,2016-2020,PHASE4,drug,2,74.0,OTHER,COMPLETED,RANDOMIZED,True,SINGLE,1.0,True,False,PARALLEL,False,no-intervention,True,,,,,True,False,False,False,False,2,True,,False,False
NCT00210509,2004.0,<=2015,PHASE4,drug,0,378.0,INDUSTRY,COMPLETED,RANDOMIZED,True,DOUBLE,2.0,True,True,PARALLEL,True,none/single-group,False,,,,,True,True,False,False,True,0,False,,False,
NCT01703351,2012.0,<=2015,PHASE2,drug,2,79.0,OTHER,COMPLETED,RANDOMIZED,True,SINGLE,1.0,True,False,PARALLEL,True,active,True,,,,,False,True,False,False,False,0,False,,False,False
NCT05158647,2018.0,2016-2020,PHASE2,drug,2,90.0,OTHER,COMPLETED,RANDOMIZED,True,DOUBLE,2.0,True,True,PARALLEL,True,placebo/sham,True,,,,,False,False,False,False,True,0,False,NO,False,
NCT01843660,2007.0,<=2015,PHASE4,drug,1,1059.0,INDUSTRY,COMPLETED,NA,False,NONE,0.0,False,False,SINGLE_GROUP,True,none/single-group,False,1059.0,1029.0,0.028328611898016942,True,True,True,False,True,False,0,False,,False,False
NCT05170841,2020.0,2016-2020,PHASE4,drug,4,538.0,INDUSTRY,COMPLETED,RANDOMIZED,True,QUADRUPLE,4.0,True,True,PARALLEL,True,placebo/sham,True,538.0,533.0,0.009293680297397744,True,True,True,True,True,False,1,True,NO,False,
NCT05096494,2022.0,2021-2026,PHASE2,drug,2,76.0,INDUSTRY,COMPLETED,RANDOMIZED,True,QUADRUPLE,4.0,True,True,PARALLEL,True,placebo/sham,True,76.0,72.0,0.052631578947368474,True,False,True,False,True,False,0,False,NO,False,False
NCT01789476,2013.0,<=2015,PHASE2,drug,2,51.0,INDUSTRY,COMPLETED,RANDOMIZED,True,TRIPLE,3.0,True,True,PARALLEL,True,placebo/sham,True,51.0,41.0,0.196078431372549,True,False,True,False,True,False,0,False,,False,False
NCT00390039,2006.0,<=2015,PHASE3,drug,6,256.0,INDUSTRY,COMPLETED,RANDOMIZED,True,QUADRUPLE,4.0,True,True,PARALLEL,True,placebo/sham,True,,,,,True,True,True,False,False,0,False,,False,False
NCT03704623,2019.0,2016-2020,PHASE4,drug,2,200.0,OTHER,COMPLETED,RANDOMIZED,True,DOUBLE,2.0,True,True,PARALLEL,True,active,True,,,,,True,True,False,False,False,0,False,NO,False,False
NCT03672097,2018.0,2016-2020,PHASE4,drug,1,204.0,INDUSTRY,COMPLETED,NA,False,NONE,0.0,False,False,SINGLE_GROUP,True,none/single-group,False,204.0,200.0,0.019607843137254943,True,True,True,False,True,False,1,True,YES,True,False
NCT06130384,2021.0,2021-2026,PHASE4,drug,2,97.0,OTHER,COMPLETED,RANDOMIZED,True,DOUBLE,2.0,True,True,PARALLEL,False,placebo/sham,True,,,,,True,True,False,False,False,0,False,YES,True,
NCT00750633,2008.0,<=2015,PHASE3,both,3,990.0,INDUSTRY,COMPLETED,RANDOMIZED,True,TRIPLE,3.0,True,True,PARALLEL,True,active,True,,,,,True,True,True,False,False,0,False,,False,True
NCT00352651,2006.0,<=2015,PHASE2,drug,0,34.0,OTHER,TERMINATED,RANDOMIZED,True,DOUBLE,2.0,True,True,CROSSOVER,False,none/single-group,False,,,,,False,True,False,False,False,1,True,,False,
NCT06354478,2021.0,2021-2026,NA,drug,3,90.0,OTHER,COMPLETED,RANDOMIZED,True,DOUBLE,2.0,True,True,PARALLEL,True,none/single-group,False,,,,,False,True,True,False,False,0,False,NO,False,True
NCT02200185,2012.0,<=2015,NA,drug,3,300.0,OTHER,COMPLETED,RANDOMIZED,True,DOUBLE,2.0,True,True,PARALLEL,True,placebo/sham,True,,,,,False,True,True,False,False,1,True,,False,True
NCT00232492,2005.0,<=2015,PHASE4,drug,8,128.0,OTHER,COMPLETED,RANDOMIZED,True,QUADRUPLE,4.0,True,True,PARALLEL,True,placebo/sham,True,,,,,True,True,True,False,False,0,False,,False,False
NCT01544959,2010.0,<=2015,NA,drug,2,84.0,OTHER,COMPLETED,RANDOMIZED,True,QUADRUPLE,4.0,True,True,PARALLEL,True,active,True,,,,,False,False,False,False,False,0,False,,False,False
NCT07023497,2023.0,2021-2026,NA,drug,1,100.0,OTHER,RECRUITING,NA,False,NONE,0.0,False,False,SINGLE_GROUP,True,none/single-group,False,,,,,False,True,False,False,False,0,False,NO,False,
NCT00792181,2008.0,<=2015,PHASE1,drug,4,2800.0,OTHER,COMPLETED,RANDOMIZED,True,NONE,0.0,False,False,PARALLEL,True,no-intervention,True,,,,,False,True,True,False,False,2,True,,False,True
NCT05150795,2022.0,2021-2026,EARLY_PHASE1,drug,2,80.0,OTHER,RECRUITING,RANDOMIZED,True,TRIPLE,3.0,True,True,PARALLEL,True,active,True,,,,,False,True,False,False,False,0,False,NO,False,False
NCT00885586,2008.0,<=2015,PHASE4,both,3,68.0,OTHER,COMPLETED,RANDOMIZED,True,DOUBLE,2.0,True,True,PARALLEL,False,placebo/sham,True,,,,,True,True,True,False,False,0,False,,False,True
NCT01900847,2013.0,<=2015,NA,drug,2,17.0,OTHER,TERMINATED,RANDOMIZED,True,QUADRUPLE,4.0,True,True,PARALLEL,False,active,True,17.0,17.0,0.0,True,False,True,False,True,False,0,False,,False,False
NCT03080363,2017.0,2016-2020,PHASE4,drug,2,40.0,OTHER,COMPLETED,RANDOMIZED,True,DOUBLE,2.0,True,True,PARALLEL,False,active,True,,,,,True,True,False,False,False,0,False,UNDECIDED,False,False
NCT07665762,2026.0,2021-2026,PHASE3,drug,2,90.0,OTHER,NOT_YET_RECRUITING,RANDOMIZED,True,TRIPLE,3.0,True,True,PARALLEL,False,active,True,,,,,True,True,False,False,False,0,False,,False,False
NCT05579223,2022.0,2021-2026,PHASE2,drug,2,150.0,OTHER,COMPLETED,RANDOMIZED,True,QUADRUPLE,4.0,True,True,PARALLEL,True,placebo/sham,True,,,,,False,True,False,False,False,0,False,NO,False,True
NCT01821833,2016.0,2016-2020,NA,drug,2,60.0,OTHER,COMPLETED,RANDOMIZED,True,DOUBLE,2.0,True,True,PARALLEL,True,placebo/sham,True,,,,,False,False,False,False,False,1,True,NO,False,True
NCT04782310,2021.0,2021-2026,PHASE4,drug,3,75.0,OTHER,UNKNOWN,RANDOMIZED,True,QUADRUPLE,4.0,True,True,PARALLEL,False,none/single-group,False,,,,,True,True,True,False,False,0,False,NO,False,True
NCT03120962,2017.0,2016-2020,NA,drug,2,140.0,OTHER,UNKNOWN,RANDOMIZED,True,NONE,0.0,False,False,PARALLEL,True,active,True,,,,,False,True,False,False,True,0,False,NO,False,True
NCT03877718,2019.0,2016-2020,PHASE2,drug,6,475.0,INDUSTRY,COMPLETED,RANDOMIZED,True,DOUBLE,2.0,True,True,PARALLEL,True,none/single-group,False,,,,,False,True,True,False,False,0,False,NO,False,False
NCT04718116,2022.0,2021-2026,NA,drug,3,90.0,OTHER,UNKNOWN,RANDOMIZED,True,DOUBLE,2.0,True,True,PARALLEL,True,active,True,,,,,False,False,True,False,False,0,False,NO,False,False
NCT02290080,2014.0,<=2015,PHASE3,drug,2,175.0,OTHER,COMPLETED,RANDOMIZED,True,SINGLE,1.0,True,False,PARALLEL,True,no-intervention,True,,,,,True,True,False,False,True,2,True,,False,False
NCT02902770,2016.0,2016-2020,PHASE4,drug,3,150.0,OTHER,COMPLETED,RANDOMIZED,True,QUADRUPLE,4.0,True,True,PARALLEL,True,active,True,150.0,150.0,0.0,True,True,True,True,True,False,1,True,NO,False,False
NCT03985995,2019.0,2016-2020,NA,drug,2,20.0,OTHER,COMPLETED,RANDOMIZED,True,DOUBLE,2.0,True,True,CROSSOVER,False,placebo/sham,True,,,,,False,False,False,False,False,1,True,,False,False
NCT07409753,2025.0,2021-2026,PHASE2,drug,2,60.0,OTHER,RECRUITING,RANDOMIZED,True,QUADRUPLE,4.0,True,True,PARALLEL,True,placebo/sham,True,,,,,False,False,False,False,False,0,False,NO,False,True
NCT01016808,2009.0,<=2015,PHASE3,drug,3,522.0,INDUSTRY,COMPLETED,RANDOMIZED,True,QUADRUPLE,4.0,True,True,PARALLEL,True,active,True,,,,,True,True,True,False,False,0,False,,False,False
NCT04630834,2021.0,2021-2026,PHASE4,drug,2,100.0,OTHER,UNKNOWN,RANDOMIZED,True,QUADRUPLE,4.0,True,True,PARALLEL,True,placebo/sham,True,,,,,True,True,False,False,False,0,False,NO,False,True
NCT05089526,2021.0,2021-2026,NA,drug,2,70.0,OTHER,UNKNOWN,RANDOMIZED,True,QUADRUPLE,4.0,True,True,PARALLEL,True,active,True,,,,,False,False,False,False,False,0,False,NO,False,False
NCT03670810,2019.0,2016-2020,PHASE3,drug,9,1633.0,INDUSTRY,COMPLETED,RANDOMIZED,True,DOUBLE,2.0,True,True,PARALLEL,True,placebo/sham,True,1633.0,1379.0,0.1555419473361911,True,True,True,True,True,False,11,True,YES,True,False
NCT05641363,2023.0,2021-2026,PHASE3,drug,3,171.0,OTHER,COMPLETED,RANDOMIZED,True,QUADRUPLE,4.0,True,True,PARALLEL,True,active,True,,,,,True,True,True,False,False,1,True,YES,True,False
NCT07595302,2026.0,2021-2026,PHASE4,drug,2,140.0,OTHER,NOT_YET_RECRUITING,RANDOMIZED,True,QUADRUPLE,4.0,True,True,PARALLEL,True,active,True,,,,,True,True,False,False,False,0,False,NO,False,True
NCT03481517,2018.0,2016-2020,PHASE4,drug,2,47.0,OTHER,COMPLETED,RANDOMIZED,True,DOUBLE,2.0,True,True,PARALLEL,False,no-intervention,True,,,,,True,True,False,False,False,0,False,,False,False
NCT03597776,2019.0,2016-2020,PHASE4,drug,2,62.0,OTHER,COMPLETED,RANDOMIZED,True,DOUBLE,2.0,True,True,PARALLEL,False,placebo/sham,True,,,,,True,True,False,False,False,0,False,,False,True
NCT06423859,2024.0,2021-2026,NA,drug,2,66.0,OTHER,UNKNOWN,RANDOMIZED,True,TRIPLE,3.0,True,True,PARALLEL,True,active,True,,,,,False,True,False,False,False,0,False,UNDECIDED,False,
NCT07024199,2025.0,2021-2026,PHASE4,drug,2,78.0,OTHER,RECRUITING,RANDOMIZED,True,DOUBLE,2.0,True,True,PARALLEL,False,none/single-group,False,,,,,True,True,False,False,False,0,False,UNDECIDED,False,False
NCT05759364,2023.0,2021-2026,NA,drug,2,128.0,OTHER_GOV,UNKNOWN,RANDOMIZED,True,TRIPLE,3.0,True,True,PARALLEL,True,placebo/sham,True,,,,,False,True,False,False,False,1,True,NO,False,True
NCT04614610,2024.0,2021-2026,PHASE2,drug,2,100.0,OTHER,UNKNOWN,RANDOMIZED,True,TRIPLE,3.0,True,True,PARALLEL,True,placebo/sham,True,,,,,False,True,False,False,False,0,False,UNDECIDED,False,False
NCT00402987,2006.0,<=2015,PHASE3,drug,4,269.0,INDUSTRY,COMPLETED,RANDOMIZED,True,QUADRUPLE,4.0,True,True,PARALLEL,True,placebo/sham,True,269.0,268.0,0.0037174721189591198,True,True,True,True,True,False,0,False,YES,True,False
NCT05567822,2022.0,2021-2026,NA,drug,2,70.0,OTHER,UNKNOWN,RANDOMIZED,True,QUADRUPLE,4.0,True,True,PARALLEL,True,placebo/sham,True,,,,,False,False,False,False,False,0,False,NO,False,False
NCT03187080,2017.0,2016-2020,PHASE4,both,8,113.0,OTHER,TERMINATED,RANDOMIZED,True,TRIPLE,3.0,True,True,SEQUENTIAL,True,placebo/sham,True,113.0,113.0,0.0,True,True,True,True,True,False,0,False,NO,False,False
NCT00195910,2004.0,<=2015,PHASE2,drug,2,198.0,OTHER,COMPLETED,RANDOMIZED,True,DOUBLE,2.0,True,True,PARALLEL,True,active,True,,,,,False,True,False,False,False,0,False,,False,
NCT06653608,2024.0,2021-2026,NA,drug,2,60.0,OTHER_GOV,COMPLETED,NON_RANDOMIZED,False,TRIPLE,3.0,True,True,PARALLEL,True,none/single-group,False,,,,,False,True,False,False,False,1,True,NO,False,False
NCT06629402,2023.0,2021-2026,PHASE2,drug,3,16.0,INDUSTRY,COMPLETED,RANDOMIZED,True,DOUBLE,2.0,True,True,CROSSOVER,False,placebo/sham,True,,,,,False,True,True,False,False,0,False,NO,False,False
NCT05069311,2021.0,2021-2026,NA,drug,1,62.0,OTHER,COMPLETED,NA,False,NONE,0.0,False,False,SINGLE_GROUP,True,none/single-group,False,,,,,False,False,False,False,False,0,False,UNDECIDED,False,
NCT03280017,2017.0,2016-2020,PHASE4,drug,2,32.0,OTHER,COMPLETED,RANDOMIZED,True,TRIPLE,3.0,True,True,PARALLEL,False,placebo/sham,True,,,,,True,True,False,False,False,0,False,NO,False,False
NCT01622335,2012.0,<=2015,NA,drug,2,0.0,OTHER,WITHDRAWN,RANDOMIZED,True,TRIPLE,3.0,True,True,PARALLEL,False,placebo/sham,True,,,,,False,False,False,False,False,0,False,,False,False
NCT04794205,2021.0,2021-2026,PHASE1;PHASE2,drug,4,0.0,OTHER,WITHDRAWN,RANDOMIZED,True,QUADRUPLE,4.0,True,True,CROSSOVER,False,none/single-group,False,,,,,False,False,True,False,False,0,False,UNDECIDED,False,True
NCT03379987,2018.0,2016-2020,NA,drug,2,120.0,OTHER,UNKNOWN,RANDOMIZED,True,SINGLE,1.0,True,False,PARALLEL,True,active,True,,,,,False,True,False,False,False,0,False,,False,
NCT04855240,2021.0,2021-2026,PHASE2,drug,3,239.0,INDUSTRY,COMPLETED,RANDOMIZED,True,QUADRUPLE,4.0,True,True,PARALLEL,True,placebo/sham,True,239.0,225.0,0.05857740585774063,True,False,True,True,True,False,0,False,NO,False,False
NCT06853041,2025.0,2021-2026,PHASE4,drug,2,74.0,OTHER,COMPLETED,RANDOMIZED,True,QUADRUPLE,4.0,True,True,PARALLEL,False,active,True,,,,,True,True,False,False,False,0,False,,False,False
NCT05121168,2022.0,2021-2026,PHASE4,drug,2,50.0,OTHER,COMPLETED,RANDOMIZED,True,QUADRUPLE,4.0,True,True,PARALLEL,False,placebo/sham,True,,,,,True,True,False,False,False,0,False,NO,False,False
NCT03080324,2016.0,2016-2020,PHASE4,drug,2,108.0,OTHER,COMPLETED,RANDOMIZED,True,TRIPLE,3.0,True,True,PARALLEL,True,active,True,,,,,True,True,False,False,False,0,False,NO,False,False
NCT05653024,2023.0,2021-2026,PHASE3,drug,2,24.0,OTHER,TERMINATED,RANDOMIZED,True,QUADRUPLE,4.0,True,True,PARALLEL,False,placebo/sham,True,,,,,True,True,False,False,False,0,False,YES,True,True
NCT00210561,2005.0,<=2015,PHASE4,drug,0,22.0,INDUSTRY,TERMINATED,RANDOMIZED,True,DOUBLE,2.0,True,True,PARALLEL,False,none/single-group,False,,,,,True,True,False,False,False,0,False,,False,False
NCT04111315,2019.0,2016-2020,PHASE4,drug,4,120.0,OTHER,UNKNOWN,RANDOMIZED,True,QUADRUPLE,4.0,True,True,FACTORIAL,True,active,True,,,,,True,True,True,False,False,0,False,YES,True,False
NCT01762306,2012.0,<=2015,NA,drug,2,90.0,OTHER,UNKNOWN,RANDOMIZED,True,TRIPLE,3.0,True,True,PARALLEL,True,placebo/sham,True,,,,,False,True,False,False,False,0,False,,False,False
NCT04339023,2020.0,2016-2020,NA,drug,2,76.0,OTHER,COMPLETED,RANDOMIZED,True,SINGLE,1.0,True,False,PARALLEL,True,none/single-group,False,,,,,False,True,False,False,False,1,True,,False,False
NCT05717361,2022.0,2021-2026,NA,drug,2,60.0,OTHER,UNKNOWN,RANDOMIZED,True,QUADRUPLE,4.0,True,True,PARALLEL,True,active,True,,,,,False,False,False,False,False,0,False,,False,False
NCT05406752,2022.0,2021-2026,PHASE1,drug,1,32.0,INDUSTRY,COMPLETED,NA,False,NONE,0.0,False,False,SINGLE_GROUP,True,none/single-group,False,32.0,32.0,0.0,True,False,True,False,True,False,0,False,NO,False,False
NCT00335452,2006.0,<=2015,PHASE3,drug,4,25086.0,INDUSTRY,COMPLETED,RANDOMIZED,True,QUADRUPLE,4.0,True,True,FACTORIAL,True,active,True,25086.0,24491.0,0.023718408674160862,True,True,True,True,True,True,3,True,,False,True
NCT07330479,2024.0,2021-2026,NA,both,2,60.0,OTHER,COMPLETED,RANDOMIZED,True,SINGLE,1.0,True,False,PARALLEL,True,active,True,,,,,False,False,False,False,False,0,False,,False,False
NCT00650039,2004.0,<=2015,PHASE3,drug,3,488.0,INDUSTRY,COMPLETED,RANDOMIZED,True,TRIPLE,3.0,True,True,PARALLEL,True,placebo/sham,True,,,,,True,True,True,False,False,0,False,,False,False
NCT03428503,2015.0,<=2015,PHASE4,drug,2,200.0,OTHER,COMPLETED,RANDOMIZED,True,TRIPLE,3.0,True,True,FACTORIAL,True,none/single-group,False,,,,,True,True,False,False,False,1,True,NO,False,True
NCT06158620,2025.0,2021-2026,PHASE1;PHASE2,drug,2,80.0,OTHER,RECRUITING,RANDOMIZED,True,NONE,0.0,False,False,PARALLEL,True,active,True,,,,,False,True,False,False,False,0,False,NO,False,False
NCT05398757,2022.0,2021-2026,NA,drug,3,0.0,OTHER,WITHDRAWN,RANDOMIZED,True,DOUBLE,2.0,True,True,PARALLEL,False,active,True,,,,,False,False,True,False,False,0,False,,False,False
NCT04019093,2019.0,2016-2020,NA,drug,2,48.0,OTHER,COMPLETED,RANDOMIZED,True,DOUBLE,2.0,True,True,CROSSOVER,True,none/single-group,False,48.0,48.0,0.0,True,False,False,False,True,False,1,True,NO,False,False
NCT01667679,2012.0,<=2015,PHASE3,drug,2,275.0,INDUSTRY,COMPLETED,RANDOMIZED,True,QUADRUPLE,4.0,True,True,CROSSOVER,True,active,True,275.0,229.0,0.16727272727272724,True,True,True,False,True,False,2,True,,False,False
NCT07386288,2024.0,2021-2026,NA,drug,3,102.0,OTHER,COMPLETED,RANDOMIZED,True,SINGLE,1.0,True,False,PARALLEL,True,none/single-group,False,,,,,False,True,True,False,False,0,False,NO,False,True
NCT03571737,2018.0,2016-2020,PHASE3,drug,2,23.0,OTHER,COMPLETED,RANDOMIZED,True,NONE,0.0,False,False,PARALLEL,False,active,True,23.0,23.0,0.0,True,True,True,False,True,False,0,False,UNDECIDED,False,
NCT03975296,2019.0,2016-2020,NA,both,2,60.0,OTHER,COMPLETED,RANDOMIZED,True,DOUBLE,2.0,True,True,PARALLEL,True,active,True,,,,,False,False,False,False,False,1,True,,False,False
NCT05924412,2023.0,2021-2026,PHASE4,drug,2,40.0,OTHER,COMPLETED,RANDOMIZED,True,QUADRUPLE,4.0,True,True,PARALLEL,False,placebo/sham,True,,,,,True,True,False,False,True,0,False,NO,False,True
NCT03971708,2015.0,<=2015,NA,drug,2,80.0,OTHER,COMPLETED,RANDOMIZED,True,QUADRUPLE,4.0,True,True,PARALLEL,True,active,True,,,,,False,True,False,False,False,0,False,,False,False
NCT01281501,2011.0,<=2015,PHASE4,drug,2,87.0,OTHER,COMPLETED,RANDOMIZED,True,TRIPLE,3.0,True,True,PARALLEL,False,active,True,87.0,87.0,0.0,True,True,True,False,True,True,0,False,,False,False
NCT01223053,,,PHASE3,drug,2,0.0,INDUSTRY,WITHDRAWN,RANDOMIZED,True,QUADRUPLE,4.0,True,True,PARALLEL,False,placebo/sham,True,,,,,True,True,False,False,False,0,False,,False,
NCT06344403,2025.0,2021-2026,NA,drug,2,136.0,OTHER,ACTIVE_NOT_RECRUITING,RANDOMIZED,True,NONE,0.0,False,False,CROSSOVER,True,active,True,,,,,False,True,False,False,False,0,False,YES,True,True
NCT02656875,2015.0,<=2015,PHASE3,drug,1,768.0,INDUSTRY,COMPLETED,NA,False,NONE,0.0,False,False,SINGLE_GROUP,True,none/single-group,False,768.0,698.0,0.09114583333333337,True,True,True,False,True,False,1,True,,False,False
NCT04414917,2026.0,2021-2026,PHASE2,both,2,133.0,OTHER,SUSPENDED,RANDOMIZED,True,DOUBLE,2.0,True,True,PARALLEL,True,placebo/sham,True,,,,,False,True,False,False,False,0,False,NO,False,True
NCT07480135,2021.0,2021-2026,PHASE4,drug,2,70.0,OTHER,COMPLETED,NON_RANDOMIZED,False,NONE,0.0,False,False,PARALLEL,False,active,True,,,,,True,True,False,False,False,0,False,YES,True,False
NCT03206749,2017.0,2016-2020,PHASE2,drug,3,243.0,INDUSTRY,COMPLETED,RANDOMIZED,True,QUADRUPLE,4.0,True,True,PARALLEL,True,placebo/sham,True,243.0,228.0,0.06172839506172845,True,False,True,True,True,False,0,False,,False,True
NCT04100590,2019.0,2016-2020,PHASE2,drug,2,1.0,OTHER,TERMINATED,RANDOMIZED,True,TRIPLE,3.0,True,True,CROSSOVER,False,placebo/sham,True,1.0,1.0,0.0,True,False,False,False,True,False,0,False,UNDECIDED,False,False
NCT00679146,2008.0,<=2015,PHASE3,drug,2,334.0,INDUSTRY,COMPLETED,RANDOMIZED,True,DOUBLE,2.0,True,True,PARALLEL,True,active,True,,,,,True,True,False,False,False,0,False,,False,
NCT01012999,2009.0,<=2015,PHASE1;PHASE2,drug,1,16.0,OTHER,TERMINATED,NA,False,NONE,0.0,False,False,SINGLE_GROUP,False,none/single-group,False,16.0,15.0,0.0625,True,False,True,False,True,False,0,False,NO,False,False
NCT05598307,2022.0,2021-2026,NA,drug,3,90.0,OTHER,UNKNOWN,RANDOMIZED,True,QUADRUPLE,4.0,True,True,PARALLEL,True,placebo/sham,True,,,,,False,False,True,False,False,0,False,NO,False,
NCT02815709,2016.0,2016-2020,PHASE3,drug,5,418.0,INDUSTRY,COMPLETED,RANDOMIZED,True,QUADRUPLE,4.0,True,True,PARALLEL,True,placebo/sham,True,418.0,378.0,0.09569377990430628,True,True,True,True,True,False,0,False,,False,
NCT03852459,2018.0,2016-2020,PHASE2,drug,2,251.0,INDUSTRY,COMPLETED,RANDOMIZED,True,QUADRUPLE,4.0,True,True,PARALLEL,True,placebo/sham,True,251.0,245.0,0.0239043824701195,True,False,True,False,True,False,0,False,NO,False,
NCT05465226,2023.0,2021-2026,PHASE4,drug,2,31.0,OTHER,COMPLETED,NON_RANDOMIZED,False,NONE,0.0,False,False,PARALLEL,False,active,True,,,,,True,True,False,False,False,0,False,NO,False,False
NCT02314351,2014.0,<=2015,PHASE4,drug,2,148.0,OTHER,COMPLETED,RANDOMIZED,True,DOUBLE,2.0,True,True,PARALLEL,True,placebo/sham,True,,,,,True,True,False,False,False,0,False,,False,True
NCT06046105,2023.0,2021-2026,PHASE2;PHASE3,drug,3,180.0,OTHER,UNKNOWN,RANDOMIZED,True,DOUBLE,2.0,True,True,PARALLEL,True,placebo/sham,True,,,,,True,True,True,False,False,0,False,NO,False,False
NCT02620631,2011.0,<=2015,PHASE4,drug,2,54.0,OTHER,UNKNOWN,RANDOMIZED,True,QUADRUPLE,4.0,True,True,PARALLEL,False,placebo/sham,True,,,,,True,False,False,False,False,1,True,,False,False
NCT00990418,2008.0,<=2015,PHASE1,drug,0,60.0,INDUSTRY,COMPLETED,RANDOMIZED,True,NONE,0.0,False,False,CROSSOVER,True,none/single-group,False,,,,,False,True,False,False,False,0,False,,False,
NCT03959852,2019.0,2016-2020,PHASE4,drug,3,6.0,OTHER,TERMINATED,RANDOMIZED,True,SINGLE,1.0,True,False,PARALLEL,False,active,True,,,,,True,True,True,False,False,0,False,,False,
NCT05446727,2022.0,2021-2026,NA,drug,2,100.0,OTHER,COMPLETED,RANDOMIZED,True,SINGLE,1.0,True,False,PARALLEL,True,none/single-group,False,,,,,False,True,False,False,False,1,True,NO,False,True
NCT01420159,2011.0,<=2015,PHASE3,drug,2,300.0,INDUSTRY,COMPLETED,RANDOMIZED,True,TRIPLE,3.0,True,True,PARALLEL,True,placebo/sham,True,,,,,True,True,False,False,False,3,True,,False,True
NCT01210352,2010.0,<=2015,PHASE3,drug,1,61.0,INDUSTRY,COMPLETED,NA,False,NONE,0.0,False,False,SINGLE_GROUP,False,none/single-group,False,61.0,50.0,0.180327868852459,True,True,True,False,True,False,0,False,,False,True
NCT00470509,2005.0,<=2015,PHASE2,drug,2,61.0,OTHER,COMPLETED,RANDOMIZED,True,QUADRUPLE,4.0,True,True,PARALLEL,True,placebo/sham,True,,,,,False,True,False,False,False,1,True,,False,False
NCT02778880,2016.0,2016-2020,PHASE3,drug,2,90.0,OTHER,COMPLETED,RANDOMIZED,True,QUADRUPLE,4.0,True,True,PARALLEL,False,active,True,90.0,86.0,0.0444444444444444,True,True,True,False,True,False,1,True,NO,False,False
NCT01479556,2011.0,<=2015,PHASE4,drug,2,82.0,OTHER,UNKNOWN,RANDOMIZED,True,TRIPLE,3.0,True,True,CROSSOVER,False,placebo/sham,True,,,,,True,True,False,False,False,0,False,,False,False
NCT00935116,2009.0,<=2015,PHASE4,drug,1,70.0,OTHER,UNKNOWN,RANDOMIZED,True,TRIPLE,3.0,True,True,PARALLEL,False,active,True,,,,,True,True,False,False,False,0,False,,False,False
NCT06914206,2025.0,2021-2026,NA,drug,2,184.0,OTHER,NOT_YET_RECRUITING,RANDOMIZED,True,SINGLE,1.0,True,False,PARALLEL,True,active,True,,,,,False,True,False,False,False,0,False,NO,False,True
NCT05087914,2021.0,2021-2026,PHASE2,drug,2,0.0,OTHER,WITHDRAWN,RANDOMIZED,True,QUADRUPLE,4.0,True,True,PARALLEL,False,placebo/sham,True,,,,,False,True,False,False,False,0,False,YES,True,False
NCT04160520,2019.0,2016-2020,PHASE1;PHASE2,drug,2,19.0,OTHER,COMPLETED,RANDOMIZED,True,DOUBLE,2.0,True,True,PARALLEL,False,active,True,,,,,False,True,False,False,False,1,True,NO,False,True
NCT04199572,2022.0,2021-2026,PHASE4,drug,3,162.0,INDUSTRY,COMPLETED,RANDOMIZED,True,TRIPLE,3.0,True,True,PARALLEL,True,none/single-group,False,,,,,True,True,True,False,True,1,True,NO,False,True
NCT05658575,2023.0,2021-2026,PHASE2;PHASE3,drug,2,300.0,INDUSTRY,RECRUITING,RANDOMIZED,True,DOUBLE,2.0,True,True,PARALLEL,True,placebo/sham,True,,,,,True,True,False,False,False,0,False,,False,True
NCT07445737,2026.0,2021-2026,PHASE3,drug,2,700.0,OTHER,NOT_YET_RECRUITING,RANDOMIZED,True,NONE,0.0,False,False,PARALLEL,True,active,True,,,,,True,True,False,False,False,0,False,UNDECIDED,False,False
NCT05502159,2022.0,2021-2026,NA,drug,2,60.0,OTHER,COMPLETED,RANDOMIZED,True,DOUBLE,2.0,True,True,PARALLEL,True,active,True,,,,,False,True,False,False,False,0,False,NO,False,False
NCT03472339,2018.0,2016-2020,PHASE4,drug,2,300.0,INDUSTRY,UNKNOWN,RANDOMIZED,True,DOUBLE,2.0,True,True,PARALLEL,True,active,True,,,,,True,True,False,False,False,0,False,NO,False,True
NCT07684742,2026.0,2021-2026,PHASE4,drug,2,1900.0,OTHER,NOT_YET_RECRUITING,RANDOMIZED,True,NONE,0.0,False,False,PARALLEL,True,active,True,,,,,True,True,False,False,False,0,False,NO,False,True
NCT02152410,2012.0,<=2015,EARLY_PHASE1,both,2,100.0,OTHER,COMPLETED,RANDOMIZED,True,NONE,0.0,False,False,PARALLEL,True,active,True,,,,,False,True,False,False,True,0,False,YES,True,True
NCT05172570,2021.0,2021-2026,PHASE3,drug,3,20.0,OTHER,TERMINATED,RANDOMIZED,True,NONE,0.0,False,False,PARALLEL,False,active,True,20.0,18.0,0.09999999999999998,True,True,True,True,True,False,0,False,NO,False,True
NCT02732262,2016.0,2016-2020,PHASE3,drug,3,134.0,OTHER,COMPLETED,RANDOMIZED,True,QUADRUPLE,4.0,True,True,PARALLEL,True,none/single-group,False,,,,,True,True,True,False,False,0,False,,False,True
NCT02645474,2018.0,2016-2020,PHASE4,both,2,23.0,OTHER,COMPLETED,RANDOMIZED,True,SINGLE,1.0,True,False,PARALLEL,False,active,True,,,,,True,True,False,False,False,1,True,NO,False,True
NCT01872910,2013.0,<=2015,PHASE2,drug,3,124.0,INDUSTRY,COMPLETED,RANDOMIZED,True,DOUBLE,2.0,True,True,PARALLEL,True,placebo/sham,True,124.0,120.0,0.032258064516129004,True,False,True,True,True,False,0,False,YES,True,False
NCT00210483,2003.0,<=2015,PHASE3,drug,0,866.0,INDUSTRY,COMPLETED,RANDOMIZED,True,DOUBLE,2.0,True,True,PARALLEL,True,none/single-group,False,,,,,True,True,False,False,False,1,True,,False,
NCT02462577,2015.0,<=2015,PHASE2,drug,4,120.0,OTHER,COMPLETED,RANDOMIZED,True,DOUBLE,2.0,True,True,CROSSOVER,True,placebo/sham,True,,,,,False,True,True,False,False,1,True,,False,True
NCT07629713,2018.0,2016-2020,PHASE4,drug,2,75.0,OTHER,COMPLETED,RANDOMIZED,True,NONE,0.0,False,False,CROSSOVER,False,active,True,,,,,True,False,False,False,False,0,False,YES,True,
NCT05091138,2021.0,2021-2026,NA,drug,2,100.0,OTHER,UNKNOWN,RANDOMIZED,True,TRIPLE,3.0,True,True,PARALLEL,True,active,True,,,,,False,False,False,False,False,0,False,NO,False,False
NCT01890902,2013.0,<=2015,PHASE3,drug,2,0.0,INDUSTRY,WITHDRAWN,RANDOMIZED,True,QUADRUPLE,4.0,True,True,PARALLEL,False,placebo/sham,True,,,,,True,True,False,False,False,0,False,,False,
NCT00666393,2008.0,<=2015,PHASE3,drug,1,0.0,INDUSTRY,WITHDRAWN,NA,False,NONE,0.0,False,False,SINGLE_GROUP,False,none/single-group,False,,,,,True,True,False,False,False,0,False,,False,False
NCT06707532,2024.0,2021-2026,NA,drug,2,32.0,OTHER,RECRUITING,RANDOMIZED,True,DOUBLE,2.0,True,True,PARALLEL,True,active,True,,,,,False,False,False,False,False,0,False,,False,False
NCT00504283,2007.0,<=2015,NA,drug,0,45.0,OTHER,COMPLETED,NON_RANDOMIZED,False,NONE,0.0,False,False,SINGLE_GROUP,True,none/single-group,False,,,,,False,True,False,False,False,0,False,,False,True
NCT01191918,2005.0,<=2015,PHASE4,drug,2,40.0,OTHER,COMPLETED,RANDOMIZED,True,DOUBLE,2.0,True,True,PARALLEL,False,placebo/sham,True,,,,,True,True,False,False,False,0,False,,False,True
NCT03116737,2017.0,2016-2020,PHASE3,drug,2,141.0,INDUSTRY,COMPLETED,RANDOMIZED,True,QUADRUPLE,4.0,True,True,PARALLEL,True,placebo/sham,True,,,,,True,True,False,False,False,0,False,NO,False,False
NCT02095366,2013.0,<=2015,PHASE4,drug,2,194.0,OTHER,COMPLETED,RANDOMIZED,True,TRIPLE,3.0,True,True,PARALLEL,True,active,True,,,,,True,True,False,False,True,0,False,,False,True
NCT02602483,2015.0,<=2015,PHASE1;PHASE2,drug,4,96.0,INDUSTRY,COMPLETED,RANDOMIZED,True,QUADRUPLE,4.0,True,True,PARALLEL,True,placebo/sham,True,,,,,False,True,True,False,False,0,False,UNDECIDED,False,True
NCT01156142,2010.0,<=2015,PHASE3,drug,2,155.0,OTHER,COMPLETED,RANDOMIZED,True,DOUBLE,2.0,True,True,CROSSOVER,True,placebo/sham,True,155.0,140.0,0.09677419354838712,True,True,False,False,True,False,1,True,,False,True
NCT00317447,2002.0,<=2015,PHASE3,drug,0,160.0,OTHER,COMPLETED,RANDOMIZED,True,DOUBLE,2.0,True,True,PARALLEL,True,none/single-group,False,,,,,True,True,False,False,False,0,False,,False,
NCT02268058,2013.0,<=2015,NA,drug,4,80.0,OTHER,COMPLETED,RANDOMIZED,True,NONE,0.0,False,False,PARALLEL,True,active,True,80.0,79.0,0.012499999999999956,True,False,False,True,True,False,0,False,,False,False
NCT04037085,2019.0,2016-2020,PHASE2,drug,1,8.0,OTHER,COMPLETED,NA,False,NONE,0.0,False,False,SINGLE_GROUP,False,none/single-group,False,8.0,8.0,0.0,True,False,False,False,True,False,0,False,NO,False,False
NCT03802565,2019.0,2016-2020,PHASE2,drug,5,415.0,INDUSTRY,COMPLETED,RANDOMIZED,True,DOUBLE,2.0,True,True,PARALLEL,True,placebo/sham,True,415.0,383.0,0.07710843373493981,True,False,True,True,True,False,0,False,NO,False,False
NCT02138409,2017.0,2016-2020,PHASE3,drug,5,0.0,INDUSTRY,WITHDRAWN,RANDOMIZED,True,DOUBLE,2.0,True,True,PARALLEL,False,placebo/sham,True,,,,,True,True,True,False,False,0,False,,False,False
NCT03477851,2017.0,2016-2020,PHASE4,drug,2,40.0,OTHER,COMPLETED,RANDOMIZED,True,SINGLE,1.0,True,False,PARALLEL,False,placebo/sham,True,,,,,True,True,False,False,False,0,False,NO,False,False
NCT05994287,2021.0,2021-2026,NA,drug,4,105.0,OTHER,COMPLETED,RANDOMIZED,True,QUADRUPLE,4.0,True,True,PARALLEL,True,active,True,,,,,False,True,True,False,False,0,False,,False,True
NCT06307106,2024.0,2021-2026,NA,drug,5,150.0,OTHER_GOV,COMPLETED,RANDOMIZED,True,SINGLE,1.0,True,False,PARALLEL,True,placebo/sham,True,,,,,False,False,True,False,False,0,False,NO,False,False
NCT00384371,2008.0,<=2015,PHASE4,drug,2,0.0,FED,TERMINATED,RANDOMIZED,True,TRIPLE,3.0,True,True,PARALLEL,False,placebo/sham,True,,,,,True,True,False,False,False,0,False,,False,True
NCT06974019,2025.0,2021-2026,NA,drug,2,68.0,OTHER,NOT_YET_RECRUITING,RANDOMIZED,True,SINGLE,1.0,True,False,PARALLEL,True,active,True,,,,,False,True,False,False,False,0,False,NO,False,False
NCT02094963,2014.0,<=2015,PHASE4,drug,2,800.0,OTHER,COMPLETED,RANDOMIZED,True,NONE,0.0,False,False,PARALLEL,True,active,True,,,,,True,True,False,False,False,4,True,NO,False,True
NCT00836082,2009.0,<=2015,PHASE1,drug,4,41.0,INDUSTRY,COMPLETED,RANDOMIZED,True,DOUBLE,2.0,True,True,PARALLEL,True,none/single-group,False,,,,,False,False,True,False,False,0,False,,False,False
NCT02982161,2016.0,2016-2020,PHASE3,drug,5,818.0,INDUSTRY,COMPLETED,RANDOMIZED,True,TRIPLE,3.0,True,True,PARALLEL,True,placebo/sham,True,,,,,True,True,True,False,False,2,True,NO,False,False
NCT05756504,2023.0,2021-2026,EARLY_PHASE1,drug,2,130.0,OTHER_GOV,UNKNOWN,RANDOMIZED,True,DOUBLE,2.0,True,True,PARALLEL,True,none/single-group,False,,,,,False,True,False,False,False,0,False,YES,True,True
NCT06660875,2024.0,2021-2026,NA,drug,2,80.0,OTHER_GOV,COMPLETED,RANDOMIZED,True,TRIPLE,3.0,True,True,PARALLEL,True,active,True,,,,,False,True,False,False,False,0,False,,False,False
NCT03441269,2018.0,2016-2020,PHASE4,drug,3,225.0,OTHER,COMPLETED,RANDOMIZED,True,QUADRUPLE,4.0,True,True,PARALLEL,True,active,True,225.0,223.0,0.008888888888888835,True,True,True,True,True,False,1,True,NO,False,True
NCT00093158,2003.0,<=2015,PHASE3,drug,0,13800.0,INDUSTRY,COMPLETED,RANDOMIZED,True,NONE,0.0,False,False,PARALLEL,True,none/single-group,False,,,,,True,True,False,False,False,36,True,,False,
NCT07678385,2024.0,2021-2026,PHASE4,drug,2,225.0,OTHER,COMPLETED,RANDOMIZED,True,QUADRUPLE,4.0,True,True,PARALLEL,True,placebo/sham,True,,,,,True,True,False,False,False,0,False,NO,False,False
NCT04000165,2019.0,2016-2020,EARLY_PHASE1,drug,1,17.0,NIH,COMPLETED,NA,False,NONE,0.0,False,False,SEQUENTIAL,False,none/single-group,False,17.0,15.0,0.11764705882352944,True,False,False,False,True,False,3,True,YES,True,
NCT02862769,2017.0,2016-2020,PHASE4,drug,2,120.0,OTHER,UNKNOWN,RANDOMIZED,True,QUADRUPLE,4.0,True,True,SINGLE_GROUP,True,placebo/sham,True,,,,,True,False,False,False,True,0,False,NO,False,False
NCT04123873,2020.0,2016-2020,PHASE4,drug,4,1060.0,OTHER,COMPLETED,RANDOMIZED,True,QUADRUPLE,4.0,True,True,PARALLEL,True,none/single-group,False,,,,,True,True,True,False,False,2,True,,False,False
NCT06868589,2025.0,2021-2026,PHASE4,drug,2,50.0,OTHER,ACTIVE_NOT_RECRUITING,RANDOMIZED,True,DOUBLE,2.0,True,True,PARALLEL,False,active,True,,,,,True,True,False,False,False,0,False,NO,False,True
NCT00008476,2001.0,<=2015,PHASE2,drug,0,162.0,NIH,COMPLETED,,False,,,False,False,,True,none/single-group,False,,,,,False,True,False,False,False,0,False,,False,
NCT00601458,2007.0,<=2015,PHASE1,drug,3,100.0,INDUSTRY,COMPLETED,RANDOMIZED,True,DOUBLE,2.0,True,True,PARALLEL,True,placebo/sham,True,100.0,89.0,0.10999999999999999,True,False,True,True,True,True,0,False,,False,
NCT02782169,2015.0,<=2015,PHASE4,drug,2,110.0,OTHER,COMPLETED,RANDOMIZED,True,QUADRUPLE,4.0,True,True,PARALLEL,True,placebo/sham,True,110.0,107.0,0.027272727272727226,True,True,True,False,True,False,2,True,,False,True
NCT02925923,2016.0,2016-2020,PHASE2,drug,2,100.0,OTHER,COMPLETED,RANDOMIZED,True,NONE,0.0,False,False,PARALLEL,True,active,True,100.0,98.0,0.020000000000000018,True,False,True,False,True,False,1,True,NO,False,False
NCT06160778,2024.0,2021-2026,PHASE3,drug,2,495.0,OTHER,RECRUITING,RANDOMIZED,True,QUADRUPLE,4.0,True,True,PARALLEL,True,active,True,,,,,True,True,False,False,False,0,False,YES,True,True
NCT04790812,2021.0,2021-2026,PHASE4,drug,2,65.0,OTHER,COMPLETED,RANDOMIZED,True,DOUBLE,2.0,True,True,PARALLEL,False,placebo/sham,True,65.0,10.0,0.8461538461538461,False,True,True,False,True,False,0,False,NO,False,False
NCT04484610,2020.0,2016-2020,PHASE4,drug,2,205.0,OTHER,COMPLETED,RANDOMIZED,True,NONE,0.0,False,False,PARALLEL,True,no-intervention,True,,,,,True,False,False,False,False,0,False,NO,False,False
NCT05317312,2022.0,2021-2026,PHASE2,drug,4,111.0,INDUSTRY,COMPLETED,RANDOMIZED,True,DOUBLE,2.0,True,True,PARALLEL,True,placebo/sham,True,110.0,107.0,0.027272727272727226,True,False,True,True,True,False,0,False,,False,False
NCT04414800,2017.0,2016-2020,PHASE3,drug,3,125.0,OTHER,COMPLETED,RANDOMIZED,True,DOUBLE,2.0,True,True,PARALLEL,True,placebo/sham,True,,,,,True,True,True,False,False,0,False,NO,False,False
NCT02679339,2015.0,<=2015,PHASE1,drug,2,1.0,INDUSTRY,TERMINATED,RANDOMIZED,True,DOUBLE,2.0,True,True,PARALLEL,False,placebo/sham,True,,,,,False,True,False,False,False,0,False,,False,
NCT03836807,2018.0,2016-2020,PHASE3,drug,2,70.0,INDUSTRY,COMPLETED,RANDOMIZED,True,DOUBLE,2.0,True,True,PARALLEL,False,placebo/sham,True,70.0,69.0,0.014285714285714235,True,True,True,False,True,False,0,False,,False,False
NCT01927640,2013.0,<=2015,EARLY_PHASE1,drug,2,115.0,OTHER,COMPLETED,RANDOMIZED,True,DOUBLE,2.0,True,True,PARALLEL,True,placebo/sham,True,,,,,False,True,False,False,False,0,False,,False,False
NCT06530563,2025.0,2021-2026,PHASE4,drug,2,606.0,OTHER,NOT_YET_RECRUITING,RANDOMIZED,True,QUADRUPLE,4.0,True,True,PARALLEL,True,active,True,,,,,True,True,False,False,False,0,False,NO,False,True
NCT00240617,2005.0,<=2015,PHASE3,drug,2,623.0,INDUSTRY,COMPLETED,RANDOMIZED,True,DOUBLE,2.0,True,True,CROSSOVER,True,placebo/sham,True,,,,,True,True,False,False,True,0,False,YES,True,False
NCT05324059,2022.0,2021-2026,PHASE3,drug,2,110.0,INDUSTRY,COMPLETED,RANDOMIZED,True,DOUBLE,2.0,True,True,PARALLEL,True,active,True,,,,,True,True,False,False,False,0,False,NO,False,False
NCT04871061,2021.0,2021-2026,NA,both,2,80.0,OTHER,COMPLETED,RANDOMIZED,True,DOUBLE,2.0,True,True,PARALLEL,True,active,True,,,,,False,True,False,False,True,1,True,,False,False
NCT00903994,2007.0,<=2015,PHASE2,drug,1,17.0,OTHER,COMPLETED,NON_RANDOMIZED,False,,,False,False,SINGLE_GROUP,False,none/single-group,False,,,,,False,True,False,False,False,0,False,,False,False
NCT02430818,2015.0,<=2015,NA,drug,2,13.0,OTHER,TERMINATED,RANDOMIZED,True,QUADRUPLE,4.0,True,True,PARALLEL,False,none/single-group,False,13.0,13.0,0.0,True,False,True,False,True,False,0,False,,False,True
NCT02662764,2016.0,2016-2020,PHASE3,drug,1,320.0,INDUSTRY,COMPLETED,NA,False,NONE,0.0,False,False,SINGLE_GROUP,True,none/single-group,False,320.0,290.0,0.09375,True,True,True,False,True,False,0,False,NO,False,False
NCT04941976,2020.0,2016-2020,PHASE4,drug,2,356.0,INDUSTRY,COMPLETED,RANDOMIZED,True,NONE,0.0,False,False,PARALLEL,True,active,True,,,,,True,True,False,False,False,0,False,,False,False
NCT04313335,2021.0,2021-2026,NA,drug,2,750.0,OTHER,COMPLETED,RANDOMIZED,True,SINGLE,1.0,True,False,PARALLEL,True,no-intervention,True,,,,,False,False,False,False,False,2,True,UNDECIDED,False,
NCT01248468,2010.0,<=2015,PHASE4,drug,3,752.0,INDUSTRY,COMPLETED,RANDOMIZED,True,DOUBLE,2.0,True,True,PARALLEL,True,placebo/sham,True,752.0,719.0,0.0438829787234043,True,True,True,True,True,False,0,False,,False,False
NCT04412642,2020.0,2016-2020,PHASE4,drug,1,10.0,OTHER,UNKNOWN,NA,False,NONE,0.0,False,False,SINGLE_GROUP,False,none/single-group,False,,,,,True,True,False,False,False,0,False,,False,
NCT03541980,2018.0,2016-2020,PHASE4,drug,2,71.0,OTHER,COMPLETED,RANDOMIZED,True,QUADRUPLE,4.0,True,True,PARALLEL,False,placebo/sham,True,71.0,71.0,0.0,True,True,True,False,True,False,1,True,UNDECIDED,False,False
NCT03420911,2013.0,<=2015,NA,drug,2,180.0,OTHER,COMPLETED,RANDOMIZED,True,TRIPLE,3.0,True,True,PARALLEL,True,active,True,,,,,False,True,False,False,False,0,False,UNDECIDED,False,True
NCT03859635,2019.0,2016-2020,PHASE3,drug,3,120.0,OTHER,COMPLETED,RANDOMIZED,True,NONE,0.0,False,False,PARALLEL,True,active,True,120.0,105.0,0.125,True,True,True,True,True,True,0,False,NO,False,True
NCT04259645,2021.0,2021-2026,PHASE4,drug,2,60.0,OTHER,COMPLETED,RANDOMIZED,True,DOUBLE,2.0,True,True,PARALLEL,False,active,True,60.0,60.0,0.0,True,True,True,False,True,False,0,False,NO,False,False
NCT05681507,2022.0,2021-2026,NA,both,2,140.0,OTHER,UNKNOWN,RANDOMIZED,True,TRIPLE,3.0,True,True,PARALLEL,True,active,True,,,,,False,True,False,False,False,0,False,,False,True
NCT00825370,2008.0,<=2015,PHASE3,drug,2,350.0,OTHER,COMPLETED,RANDOMIZED,True,NONE,0.0,False,False,PARALLEL,True,active,True,350.0,350.0,0.0,True,True,True,False,True,False,0,False,,False,False
NCT03005171,2017.0,2016-2020,PHASE2;PHASE3,drug,2,70.0,OTHER,COMPLETED,RANDOMIZED,True,SINGLE,1.0,True,False,PARALLEL,False,active,True,,,,,True,True,False,False,False,0,False,UNDECIDED,False,True
NCT02352402,2015.0,<=2015,PHASE3,drug,2,487.0,OTHER,UNKNOWN,RANDOMIZED,True,QUADRUPLE,4.0,True,True,PARALLEL,True,placebo/sham,True,,,,,True,True,False,False,False,2,True,,False,True
NCT05929339,2023.0,2021-2026,PHASE2,drug,3,25.0,OTHER,COMPLETED,RANDOMIZED,True,NONE,0.0,False,False,PARALLEL,False,none/single-group,False,25.0,25.0,0.0,True,False,False,True,True,False,0,False,YES,True,True
NCT02123979,2015.0,<=2015,PHASE2,drug,2,50.0,OTHER,UNKNOWN,RANDOMIZED,True,TRIPLE,3.0,True,True,SINGLE_GROUP,True,placebo/sham,True,,,,,False,True,False,False,False,0,False,,False,False
NCT05186467,2021.0,2021-2026,PHASE2,drug,2,44.0,OTHER,UNKNOWN,RANDOMIZED,True,QUADRUPLE,4.0,True,True,PARALLEL,False,active,True,,,,,False,False,False,False,False,0,False,,False,True
NCT02271854,2014.0,<=2015,PHASE3,drug,2,102.0,INDUSTRY,COMPLETED,RANDOMIZED,True,TRIPLE,3.0,True,True,SINGLE_GROUP,True,placebo/sham,True,102.0,98.0,0.039215686274509776,True,True,True,False,True,False,0,False,,False,False
NCT03893175,2019.0,2016-2020,PHASE1,drug,2,86.0,OTHER,COMPLETED,RANDOMIZED,True,QUADRUPLE,4.0,True,True,PARALLEL,True,placebo/sham,True,,,,,False,False,False,False,False,0,False,NO,False,False
NCT00026819,2001.0,<=2015,PHASE2,drug,0,150.0,NIH,COMPLETED,,False,,,False,False,,True,none/single-group,False,,,,,False,True,False,False,False,0,False,,False,
NCT07225634,2026.0,2021-2026,PHASE3,drug,1,60.0,INDUSTRY,NOT_YET_RECRUITING,NA,False,NONE,0.0,False,False,SINGLE_GROUP,False,none/single-group,False,,,,,True,True,False,False,False,0,False,NO,False,
NCT00649610,2002.0,<=2015,PHASE4,drug,2,340.0,INDUSTRY,COMPLETED,RANDOMIZED,True,TRIPLE,3.0,True,True,PARALLEL,True,active,True,,,,,True,True,False,False,False,0,False,,False,False
NCT04269993,2022.0,2021-2026,PHASE2,drug,2,3.0,OTHER,TERMINATED,RANDOMIZED,True,DOUBLE,2.0,True,True,CROSSOVER,False,none/single-group,False,3.0,3.0,0.0,True,False,False,False,True,False,0,False,NO,False,False
NCT00419471,2007.0,<=2015,PHASE4,drug,2,300.0,OTHER,COMPLETED,RANDOMIZED,True,QUADRUPLE,4.0,True,True,PARALLEL,True,placebo/sham,True,,,,,True,True,False,False,False,9,True,,False,True
NCT07287657,2024.0,2021-2026,NA,both,3,90.0,OTHER,ENROLLING_BY_INVITATION,RANDOMIZED,True,NONE,0.0,False,False,PARALLEL,True,active,True,,,,,False,False,True,False,False,0,False,UNDECIDED,False,False
NCT07048522,2025.0,2021-2026,NA,drug,2,40.0,OTHER,RECRUITING,RANDOMIZED,True,TRIPLE,3.0,True,True,PARALLEL,True,placebo/sham,True,,,,,False,True,False,False,False,0,False,NO,False,
NCT00305058,2005.0,<=2015,PHASE2;PHASE3,drug,2,194.0,OTHER,COMPLETED,RANDOMIZED,True,TRIPLE,3.0,True,True,PARALLEL,True,active,True,194.0,183.0,0.05670103092783507,True,True,True,False,True,False,0,False,,False,
NCT05399459,2022.0,2021-2026,PHASE3,drug,3,897.0,INDUSTRY,COMPLETED,RANDOMIZED,True,QUADRUPLE,4.0,True,True,PARALLEL,True,placebo/sham,True,803.0,705.0,0.12204234122042346,True,True,True,True,True,False,1,True,YES,True,
NCT03426137,2018.0,2016-2020,PHASE2,drug,3,3.0,OTHER,TERMINATED,RANDOMIZED,True,TRIPLE,3.0,True,True,PARALLEL,False,placebo/sham,True,0.0,0.0,,,False,True,True,True,False,0,False,NO,False,True
NCT00516009,2007.0,<=2015,NA,drug,2,40.0,OTHER_GOV,UNKNOWN,RANDOMIZED,True,DOUBLE,2.0,True,True,PARALLEL,True,placebo/sham,True,,,,,False,True,False,False,False,0,False,,False,False
NCT02417506,2014.0,<=2015,NA,drug,2,72.0,INDUSTRY,COMPLETED,RANDOMIZED,True,DOUBLE,2.0,True,True,PARALLEL,True,active,True,,,,,False,True,False,False,False,1,True,,False,False
NCT01522534,2012.0,<=2015,PHASE3,drug,2,26.0,OTHER,TERMINATED,RANDOMIZED,True,QUADRUPLE,4.0,True,True,PARALLEL,False,active,True,,,,,True,True,False,False,False,0,False,,False,True
NCT04996979,2021.0,2021-2026,NA,drug,2,60.0,OTHER,UNKNOWN,RANDOMIZED,True,DOUBLE,2.0,True,True,PARALLEL,True,placebo/sham,True,,,,,False,True,False,False,True,1,True,UNDECIDED,False,True
NCT05700214,2023.0,2021-2026,NA,drug,2,279.0,OTHER,COMPLETED,RANDOMIZED,True,SINGLE,1.0,True,False,PARALLEL,True,active,True,,,,,False,True,False,False,False,0,False,NO,False,True
NCT02653651,2016.0,2016-2020,PHASE4,drug,3,60.0,OTHER,COMPLETED,RANDOMIZED,True,TRIPLE,3.0,True,True,PARALLEL,False,placebo/sham,True,,,,,True,False,True,False,False,0,False,NO,False,False
NCT00349024,2005.0,<=2015,NA,drug,0,50.0,OTHER,UNKNOWN,,False,NONE,0.0,False,False,,True,none/single-group,False,,,,,False,False,False,False,False,0,False,,False,
NCT07511816,2026.0,2021-2026,PHASE2,drug,2,212.0,INDUSTRY,RECRUITING,RANDOMIZED,True,DOUBLE,2.0,True,True,PARALLEL,True,placebo/sham,True,,,,,False,True,False,False,False,0,False,YES,True,False
NCT02263222,2016.0,2016-2020,PHASE2,drug,1,0.0,INDUSTRY,WITHDRAWN,NA,False,NONE,0.0,False,False,SINGLE_GROUP,False,none/single-group,False,,,,,False,True,False,False,False,0,False,,False,True
NCT04133623,2019.0,2016-2020,PHASE3,drug,2,212.0,OTHER,COMPLETED,RANDOMIZED,True,TRIPLE,3.0,True,True,PARALLEL,True,active,True,,,,,True,True,False,False,False,1,True,,False,
NCT05661253,2022.0,2021-2026,NA,drug,3,99.0,OTHER_GOV,UNKNOWN,RANDOMIZED,True,TRIPLE,3.0,True,True,PARALLEL,True,active,True,,,,,False,True,True,False,False,1,True,NO,False,
NCT05229965,2022.0,2021-2026,PHASE3,drug,3,1500.0,OTHER,COMPLETED,RANDOMIZED,True,SINGLE,1.0,True,False,PARALLEL,True,active,True,,,,,True,True,True,False,False,0,False,NO,False,True
NCT05626140,2021.0,2021-2026,PHASE3,drug,3,120.0,OTHER_GOV,COMPLETED,NON_RANDOMIZED,False,SINGLE,1.0,True,False,PARALLEL,True,placebo/sham,True,,,,,True,True,True,False,False,0,False,NO,False,False
NCT04849455,2021.0,2021-2026,PHASE4,drug,2,70.0,OTHER,RECRUITING,RANDOMIZED,True,DOUBLE,2.0,True,True,PARALLEL,False,placebo/sham,True,,,,,True,True,False,False,False,0,False,NO,False,False
NCT02173418,2012.0,<=2015,PHASE4,drug,2,76.0,OTHER,COMPLETED,RANDOMIZED,True,QUADRUPLE,4.0,True,True,PARALLEL,False,placebo/sham,True,,,,,True,True,False,False,False,0,False,,False,True
NCT02687451,2016.0,2016-2020,PHASE3,drug,3,28.0,INDUSTRY,TERMINATED,RANDOMIZED,True,QUADRUPLE,4.0,True,True,PARALLEL,False,placebo/sham,True,28.0,26.0,0.0714285714285714,True,True,True,True,True,False,0,False,,False,True
NCT01356745,2010.0,<=2015,PHASE4,drug,2,60.0,OTHER,COMPLETED,RANDOMIZED,True,QUADRUPLE,4.0,True,True,PARALLEL,False,placebo/sham,True,,,,,True,True,False,False,True,0,False,,False,False
NCT03509740,2018.0,2016-2020,PHASE4,drug,2,100.0,OTHER,COMPLETED,RANDOMIZED,True,QUADRUPLE,4.0,True,True,PARALLEL,True,active,True,,,,,True,True,False,False,False,0,False,UNDECIDED,False,
NCT05995912,2021.0,2021-2026,PHASE2,drug,2,58.0,INDUSTRY,COMPLETED,RANDOMIZED,True,DOUBLE,2.0,True,True,PARALLEL,True,active,True,,,,,False,True,False,False,False,0,False,NO,False,False
NCT02540512,2017.0,2016-2020,EARLY_PHASE1,both,3,0.0,OTHER,WITHDRAWN,RANDOMIZED,True,DOUBLE,2.0,True,True,FACTORIAL,False,placebo/sham,True,,,,,False,True,True,False,False,0,False,UNDECIDED,False,True
NCT02817477,2012.0,<=2015,PHASE4,drug,3,90.0,OTHER,COMPLETED,RANDOMIZED,True,NONE,0.0,False,False,PARALLEL,False,active,True,,,,,True,True,True,False,False,1,True,NO,False,False
NCT03493191,2018.0,2016-2020,PHASE1,drug,6,48.0,INDUSTRY,COMPLETED,RANDOMIZED,True,TRIPLE,3.0,True,True,PARALLEL,True,none/single-group,False,,,,,False,True,True,False,False,0,False,,False,False
NCT04609254,2018.0,2016-2020,PHASE4,drug,3,210.0,OTHER,COMPLETED,RANDOMIZED,True,TRIPLE,3.0,True,True,FACTORIAL,True,none/single-group,False,,,,,True,True,True,False,False,0,False,NO,False,
NCT05608733,2022.0,2021-2026,PHASE3,drug,2,112.0,OTHER,UNKNOWN,RANDOMIZED,True,TRIPLE,3.0,True,True,PARALLEL,True,active,True,,,,,True,False,False,False,False,0,False,NO,False,False
NCT03585374,2018.0,2016-2020,PHASE3,drug,2,272.0,INDUSTRY,COMPLETED,RANDOMIZED,True,NONE,0.0,False,False,PARALLEL,True,active,True,,,,,True,True,False,False,False,3,True,,False,False
NCT00892203,2009.0,<=2015,PHASE2,drug,3,75.0,INDUSTRY,COMPLETED,RANDOMIZED,True,QUADRUPLE,4.0,True,True,PARALLEL,True,placebo/sham,True,,,,,False,True,True,False,False,1,True,,False,False
NCT04388111,2020.0,2016-2020,PHASE4,drug,2,65.0,OTHER,COMPLETED,RANDOMIZED,True,TRIPLE,3.0,True,True,PARALLEL,False,no-intervention,True,65.0,48.0,0.2615384615384615,False,True,True,False,True,False,0,False,,False,False
NCT06798662,2025.0,2021-2026,NA,both,4,120.0,OTHER,NOT_YET_RECRUITING,RANDOMIZED,True,QUADRUPLE,4.0,True,True,PARALLEL,True,none/single-group,False,,,,,False,True,True,False,False,0,False,YES,True,True
NCT06774274,2025.0,2021-2026,PHASE4,drug,2,120.0,OTHER,RECRUITING,RANDOMIZED,True,QUADRUPLE,4.0,True,True,PARALLEL,True,active,True,,,,,True,True,False,False,False,0,False,NO,False,True
NCT03421275,2017.0,2016-2020,PHASE4,drug,3,105.0,OTHER,UNKNOWN,RANDOMIZED,True,TRIPLE,3.0,True,True,PARALLEL,True,placebo/sham,True,,,,,True,True,True,False,False,0,False,NO,False,False
NCT04452344,2021.0,2021-2026,PHASE3,drug,2,1815.0,OTHER,ACTIVE_NOT_RECRUITING,RANDOMIZED,True,QUADRUPLE,4.0,True,True,PARALLEL,True,active,True,1815.0,1786.0,0.01597796143250685,True,True,False,False,True,False,2,True,YES,True,True
NCT02777970,2016.0,2016-2020,PHASE4,drug,3,654.0,INDUSTRY,COMPLETED,RANDOMIZED,True,QUADRUPLE,4.0,True,True,PARALLEL,True,placebo/sham,True,654.0,652.0,0.003058103975535187,True,True,True,True,True,False,1,True,NO,False,False
NCT03554772,2018.0,2016-2020,PHASE2,drug,4,120.0,INDUSTRY,COMPLETED,RANDOMIZED,True,QUADRUPLE,4.0,True,True,PARALLEL,True,placebo/sham,True,120.0,118.0,0.01666666666666672,True,False,True,True,True,False,1,True,NO,False,False
NCT03323528,2017.0,2016-2020,PHASE4,drug,2,321.0,INDUSTRY,COMPLETED,RANDOMIZED,True,QUADRUPLE,4.0,True,True,PARALLEL,True,placebo/sham,True,,,,,True,True,False,False,False,1,True,NO,False,True
NCT02070679,2014.0,<=2015,PHASE3,drug,2,284.0,OTHER,COMPLETED,RANDOMIZED,True,TRIPLE,3.0,True,True,PARALLEL,True,placebo/sham,True,,,,,True,False,False,False,False,1,True,,False,True
NCT04808544,2021.0,2021-2026,PHASE2;PHASE3,drug,2,80.0,OTHER,COMPLETED,RANDOMIZED,True,QUADRUPLE,4.0,True,True,PARALLEL,False,placebo/sham,True,,,,,True,True,False,False,False,0,False,NO,False,False
NCT04565600,2020.0,2016-2020,PHASE2,drug,2,144.0,OTHER,COMPLETED,RANDOMIZED,True,NONE,0.0,False,False,PARALLEL,True,no-intervention,True,,,,,False,False,False,False,False,1,True,,False,False
NCT05679453,2022.0,2021-2026,PHASE4,drug,2,20.0,OTHER,COMPLETED,RANDOMIZED,True,DOUBLE,2.0,True,True,SEQUENTIAL,False,active,True,,,,,True,False,False,False,False,0,False,,False,False
NCT02100748,2014.0,<=2015,PHASE2,drug,6,333.0,INDUSTRY,COMPLETED,RANDOMIZED,True,TRIPLE,3.0,True,True,PARALLEL,True,placebo/sham,True,333.0,313.0,0.06006006006006004,True,False,True,True,True,False,0,False,,False,True
NCT07171125,2025.0,2021-2026,PHASE4,drug,2,204.0,OTHER,COMPLETED,RANDOMIZED,True,DOUBLE,2.0,True,True,PARALLEL,True,active,True,,,,,True,True,False,False,False,0,False,NO,False,True
NCT03436121,2019.0,2016-2020,PHASE2;PHASE3,drug,2,0.0,OTHER,WITHDRAWN,RANDOMIZED,True,QUADRUPLE,4.0,True,True,PARALLEL,False,active,True,,,,,True,True,False,False,False,0,False,UNDECIDED,False,True
NCT01813890,2013.0,<=2015,PHASE3,drug,3,60.0,INDUSTRY,COMPLETED,RANDOMIZED,True,DOUBLE,2.0,True,True,PARALLEL,False,placebo/sham,True,60.0,41.0,0.31666666666666665,False,True,True,True,True,False,1,True,,False,False
NCT02412917,2015.0,<=2015,PHASE3,drug,3,237.0,INDUSTRY,TERMINATED,RANDOMIZED,True,TRIPLE,3.0,True,True,PARALLEL,True,active,True,,,,,True,False,True,False,False,0,False,,False,True
NCT04593329,2023.0,2021-2026,PHASE2,drug,3,0.0,INDUSTRY,WITHDRAWN,RANDOMIZED,True,DOUBLE,2.0,True,True,PARALLEL,False,active,True,,,,,False,True,True,False,False,0,False,,False,True
NCT00810121,2008.0,<=2015,PHASE3,drug,2,409.0,INDUSTRY,COMPLETED,RANDOMIZED,True,DOUBLE,2.0,True,True,PARALLEL,True,none/single-group,False,,,,,True,True,False,False,False,0,False,,False,
NCT00671320,2002.0,<=2015,PHASE4,drug,2,202.0,INDUSTRY,COMPLETED,RANDOMIZED,True,TRIPLE,3.0,True,True,PARALLEL,True,active,True,,,,,True,True,False,False,False,0,False,,False,False
NCT04671082,2020.0,2016-2020,PHASE3,drug,4,1004.0,INDUSTRY,COMPLETED,RANDOMIZED,True,DOUBLE,2.0,True,True,PARALLEL,True,placebo/sham,True,,,,,True,True,True,False,False,1,True,NO,False,False
NCT00726388,2008.0,<=2015,PHASE3,drug,1,1050.0,INDUSTRY,COMPLETED,NA,False,NONE,0.0,False,False,SINGLE_GROUP,True,none/single-group,False,1050.0,943.0,0.10190476190476194,True,True,True,False,True,False,1,True,,False,False
NCT03051503,2017.0,2016-2020,PHASE4,both,2,60.0,OTHER,UNKNOWN,RANDOMIZED,True,TRIPLE,3.0,True,True,PARALLEL,False,placebo/sham,True,,,,,True,False,False,False,False,0,False,YES,True,True
NCT01726920,2014.0,<=2015,PHASE3,drug,3,0.0,INDUSTRY,WITHDRAWN,RANDOMIZED,True,NONE,0.0,False,False,PARALLEL,False,active,True,,,,,True,True,True,False,False,0,False,,False,True
NCT03632161,2017.0,2016-2020,NA,drug,2,60.0,OTHER,COMPLETED,RANDOMIZED,True,DOUBLE,2.0,True,True,PARALLEL,True,active,True,,,,,False,False,False,False,False,1,True,UNDECIDED,False,True
NCT06863064,2025.0,2021-2026,NA,drug,1,140.0,OTHER,NOT_YET_RECRUITING,NA,False,NONE,0.0,False,False,SINGLE_GROUP,True,none/single-group,False,,,,,False,False,False,False,False,0,False,,False,False
NCT00446797,2007.0,<=2015,PHASE4,drug,2,278.0,INDUSTRY,COMPLETED,RANDOMIZED,True,NONE,0.0,False,False,PARALLEL,True,active,True,278.0,258.0,0.07194244604316546,True,True,True,False,True,False,1,True,,False,False
NCT03511833,2019.0,2016-2020,PHASE3,drug,2,120.0,OTHER_GOV,UNKNOWN,RANDOMIZED,True,QUADRUPLE,4.0,True,True,PARALLEL,True,active,True,,,,,True,False,False,False,False,0,False,YES,True,False
NCT01129934,2010.0,<=2015,PHASE4,drug,2,200.0,OTHER_GOV,UNKNOWN,RANDOMIZED,True,DOUBLE,2.0,True,True,PARALLEL,True,active,True,,,,,True,True,False,False,False,0,False,,False,False
NCT03214536,2017.0,2016-2020,NA,both,1,15.0,OTHER,COMPLETED,NA,False,NONE,0.0,False,False,SINGLE_GROUP,False,none/single-group,False,,,,,False,False,False,False,False,0,False,UNDECIDED,False,False
NCT04887480,2021.0,2021-2026,NA,both,2,200.0,OTHER,SUSPENDED,RANDOMIZED,True,NONE,0.0,False,False,PARALLEL,True,active,True,,,,,False,True,False,False,False,0,False,NO,False,False
NCT07164664,2025.0,2021-2026,NA,both,2,60.0,OTHER,COMPLETED,RANDOMIZED,True,QUADRUPLE,4.0,True,True,PARALLEL,True,active,True,,,,,False,True,False,False,False,0,False,,False,False
NCT04668456,2020.0,2016-2020,PHASE3,drug,3,75.0,OTHER,UNKNOWN,RANDOMIZED,True,DOUBLE,2.0,True,True,PARALLEL,False,placebo/sham,True,,,,,True,True,True,False,False,0,False,NO,False,True
NCT04218396,2020.0,2016-2020,NA,both,2,30.0,OTHER,UNKNOWN,RANDOMIZED,True,DOUBLE,2.0,True,True,CROSSOVER,True,none/single-group,False,,,,,False,True,False,False,False,0,False,NO,False,False
NCT03587584,2018.0,2016-2020,PHASE4,drug,2,80.0,OTHER,COMPLETED,RANDOMIZED,True,TRIPLE,3.0,True,True,PARALLEL,False,active,True,79.0,66.0,0.16455696202531644,True,True,True,False,True,False,1,True,,False,False
NCT04208542,2019.0,2016-2020,PHASE4,drug,2,72.0,OTHER,UNKNOWN,RANDOMIZED,True,TRIPLE,3.0,True,True,PARALLEL,False,active,True,,,,,True,True,False,False,False,0,False,,False,True
NCT02493231,2015.0,<=2015,PHASE4,drug,3,60.0,OTHER,UNKNOWN,RANDOMIZED,True,DOUBLE,2.0,True,True,SINGLE_GROUP,False,placebo/sham,True,,,,,True,False,True,False,False,0,False,,False,
NCT02703415,2016.0,2016-2020,PHASE2,drug,2,60.0,OTHER,COMPLETED,RANDOMIZED,True,TRIPLE,3.0,True,True,PARALLEL,True,active,True,,,,,False,True,False,False,False,0,False,UNDECIDED,False,True
NCT04122443,2019.0,2016-2020,PHASE4,drug,2,393.0,OTHER,COMPLETED,RANDOMIZED,True,QUADRUPLE,4.0,True,True,PARALLEL,True,active,True,393.0,154.0,0.6081424936386768,False,True,True,False,True,False,0,False,NO,False,True
NCT03924791,2019.0,2016-2020,NA,drug,2,142.0,OTHER,RECRUITING,RANDOMIZED,True,NONE,0.0,False,False,PARALLEL,True,no-intervention,True,,,,,False,True,False,False,False,1,True,NO,False,True
NCT03414593,2018.0,2016-2020,NA,drug,2,20.0,OTHER,UNKNOWN,RANDOMIZED,True,DOUBLE,2.0,True,True,PARALLEL,False,active,True,,,,,False,False,False,False,False,0,False,,False,
NCT06264739,2024.0,2021-2026,NA,drug,2,74.0,OTHER,UNKNOWN,RANDOMIZED,True,DOUBLE,2.0,True,True,CROSSOVER,True,none/single-group,False,,,,,False,False,False,False,False,0,False,UNDECIDED,False,False
NCT02037893,2013.0,<=2015,PHASE2,drug,4,112.0,INDUSTRY,COMPLETED,RANDOMIZED,True,TRIPLE,3.0,True,True,FACTORIAL,True,placebo/sham,True,112.0,111.0,0.008928571428571397,True,False,True,True,True,False,0,False,,False,False
NCT04977336,2021.0,2021-2026,PHASE2,drug,5,274.0,INDUSTRY,COMPLETED,RANDOMIZED,True,QUADRUPLE,4.0,True,True,PARALLEL,True,placebo/sham,True,274.0,269.0,0.018248175182481785,True,False,True,True,True,False,2,True,NO,False,
NCT07344246,2026.0,2021-2026,NA,drug,3,954.0,OTHER,NOT_YET_RECRUITING,RANDOMIZED,True,NONE,0.0,False,False,PARALLEL,True,no-intervention,True,,,,,False,True,True,False,False,0,False,YES,True,True
NCT05565235,2022.0,2021-2026,PHASE4,drug,3,78.0,OTHER,UNKNOWN,RANDOMIZED,True,DOUBLE,2.0,True,True,PARALLEL,False,active,True,,,,,True,False,True,False,False,0,False,NO,False,False
NCT00404222,2005.0,<=2015,PHASE2,drug,3,90.0,INDUSTRY,COMPLETED,RANDOMIZED,True,SINGLE,1.0,True,False,PARALLEL,True,placebo/sham,True,,,,,False,True,True,False,False,0,False,,False,False
NCT01435577,2011.0,<=2015,PHASE2,drug,2,177.0,INDUSTRY,COMPLETED,RANDOMIZED,True,TRIPLE,3.0,True,True,PARALLEL,True,placebo/sham,True,129.0,60.0,0.5348837209302326,False,False,True,False,True,False,0,False,,False,False
NCT04812860,2020.0,2016-2020,PHASE2,drug,5,187.0,INDUSTRY,COMPLETED,RANDOMIZED,True,QUADRUPLE,4.0,True,True,PARALLEL,True,placebo/sham,True,,,,,False,True,True,False,False,0,False,,False,
NCT03588689,2018.0,2016-2020,PHASE4,both,2,30.0,OTHER,COMPLETED,RANDOMIZED,True,NONE,0.0,False,False,PARALLEL,False,no-intervention,True,,,,,True,True,False,False,False,1,True,NO,False,False
NCT04019834,2020.0,2016-2020,EARLY_PHASE1,drug,2,21.0,OTHER,COMPLETED,RANDOMIZED,True,TRIPLE,3.0,True,True,PARALLEL,False,placebo/sham,True,,,,,False,False,False,False,False,0,False,NO,False,False
NCT00952068,2007.0,<=2015,PHASE2,drug,1,47.0,INDUSTRY,COMPLETED,NA,False,NONE,0.0,False,False,SINGLE_GROUP,False,none/single-group,False,47.0,40.0,0.14893617021276595,True,False,True,False,True,True,0,False,,False,False
NCT03127592,2020.0,2016-2020,PHASE3,drug,3,140.0,INDUSTRY,TERMINATED,RANDOMIZED,True,QUADRUPLE,4.0,True,True,PARALLEL,True,active,True,,,,,True,True,True,False,False,0,False,NO,False,True
NCT00869180,2009.0,<=2015,PHASE3,drug,2,219.0,INDUSTRY,COMPLETED,RANDOMIZED,True,QUADRUPLE,4.0,True,True,PARALLEL,True,placebo/sham,True,,,,,True,True,False,False,False,0,False,,False,False
NCT01151696,2010.0,<=2015,PHASE4,drug,2,140.0,OTHER,COMPLETED,RANDOMIZED,True,QUADRUPLE,4.0,True,True,PARALLEL,True,placebo/sham,True,,,,,True,True,False,False,False,0,False,,False,False
NCT02424578,2015.0,<=2015,PHASE2,drug,2,30.0,INDUSTRY,COMPLETED,NON_RANDOMIZED,False,NONE,0.0,False,False,PARALLEL,False,none/single-group,False,30.0,29.0,0.033333333333333326,True,False,True,False,True,False,0,False,,False,False
NCT01245725,,,PHASE3,drug,2,0.0,INDUSTRY,WITHDRAWN,RANDOMIZED,True,QUADRUPLE,4.0,True,True,PARALLEL,False,placebo/sham,True,,,,,True,True,False,False,False,0,False,,False,False
NCT00243308,2005.0,<=2015,PHASE2,drug,0,72.0,INDUSTRY,TERMINATED,RANDOMIZED,True,DOUBLE,2.0,True,True,PARALLEL,True,none/single-group,False,,,,,False,False,False,False,False,1,True,,False,
NCT07292324,2025.0,2021-2026,PHASE4,drug,2,62.0,OTHER,COMPLETED,RANDOMIZED,True,QUADRUPLE,4.0,True,True,PARALLEL,False,active,True,,,,,True,True,False,False,False,0,False,NO,False,False
NCT06215989,2024.0,2021-2026,NA,drug,2,6574.0,OTHER,RECRUITING,RANDOMIZED,True,QUADRUPLE,4.0,True,True,PARALLEL,True,placebo/sham,True,,,,,False,True,False,False,False,0,False,NO,False,True
NCT05266040,2023.0,2021-2026,PHASE2,drug,2,60.0,OTHER,RECRUITING,RANDOMIZED,True,QUADRUPLE,4.0,True,True,PARALLEL,True,placebo/sham,True,,,,,False,True,False,False,False,0,False,NO,False,False
NCT03108482,2017.0,2016-2020,PHASE3,drug,4,637.0,INDUSTRY,COMPLETED,RANDOMIZED,True,TRIPLE,3.0,True,True,PARALLEL,True,placebo/sham,True,637.0,628.0,0.014128728414442682,True,True,True,True,True,False,2,True,NO,False,False
NCT00553605,2007.0,<=2015,PHASE4,drug,2,340.0,INDUSTRY,COMPLETED,RANDOMIZED,True,QUADRUPLE,4.0,True,True,PARALLEL,True,active,True,340.0,333.0,0.020588235294117685,True,True,True,False,True,False,0,False,,False,False
NCT00819988,2009.0,<=2015,PHASE3,drug,2,240.0,OTHER,COMPLETED,RANDOMIZED,True,QUADRUPLE,4.0,True,True,PARALLEL,True,placebo/sham,True,,,,,True,False,False,False,False,0,False,,False,False
NCT06410911,2024.0,2021-2026,NA,both,2,100.0,OTHER,UNKNOWN,RANDOMIZED,True,NONE,0.0,False,False,PARALLEL,True,active,True,,,,,False,False,False,False,False,0,False,NO,False,False
NCT05657704,2022.0,2021-2026,PHASE4,drug,3,300.0,OTHER,UNKNOWN,RANDOMIZED,True,NONE,0.0,False,False,PARALLEL,True,no-intervention,True,,,,,True,True,True,False,False,0,False,NO,False,False
NCT05283434,2021.0,2021-2026,PHASE2;PHASE3,drug,2,324.0,OTHER,UNKNOWN,RANDOMIZED,True,TRIPLE,3.0,True,True,PARALLEL,True,placebo/sham,True,,,,,True,True,False,False,False,0,False,NO,False,True
NCT06233643,2024.0,2021-2026,NA,drug,2,120.0,OTHER,UNKNOWN,RANDOMIZED,True,SINGLE,1.0,True,False,PARALLEL,True,active,True,,,,,False,True,False,False,False,0,False,,False,False
NCT04754451,2021.0,2021-2026,PHASE4,drug,2,32.0,OTHER,COMPLETED,RANDOMIZED,True,TRIPLE,3.0,True,True,PARALLEL,False,no-intervention,True,,,,,True,True,False,False,False,1,True,,False,
NCT04996524,2021.0,2021-2026,NA,drug,2,647.0,OTHER,COMPLETED,NON_RANDOMIZED,False,NONE,0.0,False,False,PARALLEL,True,no-intervention,True,,,,,False,True,False,False,False,0,False,,False,False
NCT05834023,2023.0,2021-2026,PHASE4,drug,2,40.0,OTHER,COMPLETED,RANDOMIZED,True,QUADRUPLE,4.0,True,True,PARALLEL,False,active,True,,,,,True,False,False,False,False,1,True,,False,True
NCT00806247,2005.0,<=2015,PHASE2,drug,0,480.0,INDUSTRY,COMPLETED,RANDOMIZED,True,DOUBLE,2.0,True,True,PARALLEL,True,none/single-group,False,,,,,False,True,False,False,False,0,False,,False,
NCT02541396,2015.0,<=2015,PHASE2,drug,7,72.0,OTHER,COMPLETED,RANDOMIZED,True,QUADRUPLE,4.0,True,True,PARALLEL,True,placebo/sham,True,,,,,False,True,True,False,False,1,True,,False,True
NCT04223219,2019.0,2016-2020,PHASE4,drug,3,90.0,OTHER,UNKNOWN,RANDOMIZED,True,TRIPLE,3.0,True,True,PARALLEL,False,placebo/sham,True,,,,,True,True,True,False,False,0,False,UNDECIDED,False,
NCT03256903,2017.0,2016-2020,PHASE3,drug,2,310.0,INDUSTRY,COMPLETED,RANDOMIZED,True,NONE,0.0,False,False,PARALLEL,True,active,True,,,,,True,True,False,False,False,1,True,UNDECIDED,False,True
NCT01904149,2013.0,<=2015,PHASE3,drug,6,606.0,INDUSTRY,COMPLETED,RANDOMIZED,True,TRIPLE,3.0,True,True,PARALLEL,True,active,True,606.0,576.0,0.04950495049504955,True,True,True,True,True,True,0,False,,False,False
NCT00894790,2009.0,<=2015,PHASE4,drug,2,8.0,INDUSTRY,TERMINATED,RANDOMIZED,True,NONE,0.0,False,False,PARALLEL,False,active,True,8.0,5.0,0.375,False,True,True,False,True,False,0,False,,False,True
NCT01731184,2006.0,<=2015,PHASE3,drug,2,100.0,OTHER,COMPLETED,RANDOMIZED,True,DOUBLE,2.0,True,True,PARALLEL,True,placebo/sham,True,,,,,True,True,False,False,False,1,True,,False,False
NCT00325312,2001.0,<=2015,PHASE2,drug,0,114.0,OTHER_GOV,COMPLETED,RANDOMIZED,True,DOUBLE,2.0,True,True,PARALLEL,True,none/single-group,False,,,,,False,True,False,False,False,0,False,,False,
NCT06784882,2025.0,2021-2026,PHASE4,both,2,40.0,OTHER,RECRUITING,RANDOMIZED,True,NONE,0.0,False,False,PARALLEL,False,active,True,,,,,True,True,False,False,False,0,False,UNDECIDED,False,False
NCT02489630,2013.0,<=2015,PHASE4,drug,2,116.0,OTHER,COMPLETED,RANDOMIZED,True,QUADRUPLE,4.0,True,True,PARALLEL,True,placebo/sham,True,116.0,112.0,0.03448275862068961,True,True,True,False,True,False,0,False,,False,False
NCT02520297,2015.0,<=2015,PHASE2,drug,1,1.0,INDUSTRY,TERMINATED,NA,False,NONE,0.0,False,False,SINGLE_GROUP,False,none/single-group,False,1.0,1.0,0.0,True,False,True,False,True,False,0,False,,False,False
NCT02976337,2017.0,2016-2020,PHASE2,drug,2,23.0,OTHER,COMPLETED,RANDOMIZED,True,QUADRUPLE,4.0,True,True,CROSSOVER,False,placebo/sham,True,,,,,False,False,False,False,True,0,False,YES,True,False
NCT00144274,2005.0,<=2015,PHASE3,drug,0,220.0,INDUSTRY,COMPLETED,RANDOMIZED,True,DOUBLE,2.0,True,True,PARALLEL,True,none/single-group,False,,,,,True,True,False,False,False,0,False,,False,
NCT05572190,2022.0,2021-2026,PHASE1,drug,17,78.0,INDUSTRY,UNKNOWN,RANDOMIZED,True,SINGLE,1.0,True,False,CROSSOVER,True,active,True,,,,,False,False,True,False,False,0,False,NO,False,False
NCT02969733,2011.0,<=2015,PHASE2;PHASE3,drug,3,135.0,OTHER,COMPLETED,RANDOMIZED,True,TRIPLE,3.0,True,True,PARALLEL,True,placebo/sham,True,,,,,True,True,True,False,False,0,False,NO,False,False
NCT04718025,2022.0,2021-2026,PHASE3,drug,3,4500.0,OTHER,UNKNOWN,RANDOMIZED,True,QUADRUPLE,4.0,True,True,PARALLEL,True,active,True,,,,,True,True,True,False,False,1,True,,False,True
NCT07515885,2025.0,2021-2026,NA,both,3,228.0,OTHER_GOV,RECRUITING,RANDOMIZED,True,TRIPLE,3.0,True,True,PARALLEL,True,placebo/sham,True,,,,,False,True,True,False,False,0,False,,False,False
NCT04110119,2018.0,2016-2020,PHASE2,drug,2,98.0,OTHER,COMPLETED,RANDOMIZED,True,SINGLE,1.0,True,False,PARALLEL,True,active,True,,,,,False,True,False,False,False,0,False,,False,
NCT04539249,2020.0,2016-2020,NA,drug,2,324.0,OTHER_GOV,COMPLETED,RANDOMIZED,True,SINGLE,1.0,True,False,PARALLEL,True,active,True,100.0,100.0,0.0,True,False,False,False,True,False,0,False,YES,True,False
NCT02856750,2016.0,2016-2020,EARLY_PHASE1,drug,2,100.0,OTHER,COMPLETED,RANDOMIZED,True,TRIPLE,3.0,True,True,PARALLEL,True,no-intervention,True,,,,,False,True,False,False,False,0,False,NO,False,True
NCT01335724,2011.0,<=2015,PHASE4,drug,2,72.0,INDUSTRY,COMPLETED,RANDOMIZED,True,DOUBLE,2.0,True,True,PARALLEL,False,placebo/sham,True,72.0,72.0,0.0,True,True,True,False,True,False,1,True,,False,False
NCT04763876,2020.0,2016-2020,PHASE4,drug,2,110.0,FED,COMPLETED,RANDOMIZED,True,SINGLE,1.0,True,False,PARALLEL,True,active,True,110.0,110.0,0.0,True,True,True,False,True,False,0,False,NO,False,False
NCT03063359,2017.0,2016-2020,PHASE3,drug,2,22.0,OTHER,TERMINATED,RANDOMIZED,True,SINGLE,1.0,True,False,PARALLEL,False,active,True,,,,,True,True,False,False,False,0,False,UNDECIDED,False,True
NCT03996564,2016.0,2016-2020,NA,both,2,26.0,FED,COMPLETED,RANDOMIZED,True,NONE,0.0,False,False,PARALLEL,False,active,True,,,,,False,True,False,False,False,0,False,,False,
NCT01276977,2008.0,<=2015,NA,drug,2,80.0,OTHER,COMPLETED,RANDOMIZED,True,NONE,0.0,False,False,CROSSOVER,True,active,True,,,,,False,True,False,False,False,0,False,,False,False
NCT00693160,2007.0,<=2015,PHASE2,drug,2,30.0,OTHER,TERMINATED,RANDOMIZED,True,TRIPLE,3.0,True,True,PARALLEL,False,placebo/sham,True,30.0,30.0,0.0,True,False,False,False,True,False,0,False,,False,True
NCT01951105,2015.0,<=2015,PHASE4,drug,3,72.0,OTHER,COMPLETED,RANDOMIZED,True,TRIPLE,3.0,True,True,PARALLEL,False,placebo/sham,True,72.0,59.0,0.18055555555555558,True,True,True,True,True,False,1,True,,False,True
NCT05594407,2022.0,2021-2026,NA,drug,2,60.0,OTHER,UNKNOWN,RANDOMIZED,True,QUADRUPLE,4.0,True,True,PARALLEL,True,active,True,,,,,False,False,False,False,False,0,False,,False,False
NCT00879021,2009.0,<=2015,PHASE3,drug,2,5.0,OTHER,TERMINATED,RANDOMIZED,True,TRIPLE,3.0,True,True,PARALLEL,False,placebo/sham,True,,,,,True,False,False,False,False,0,False,,False,False
NCT00348491,2006.0,<=2015,PHASE4,drug,0,364.0,INDUSTRY,COMPLETED,RANDOMIZED,True,DOUBLE,2.0,True,True,PARALLEL,True,none/single-group,False,,,,,True,True,False,False,True,0,False,,False,
NCT00872209,2009.0,<=2015,PHASE1;PHASE2,drug,2,100.0,INDUSTRY,COMPLETED,RANDOMIZED,True,NONE,0.0,False,False,PARALLEL,True,active,True,,,,,False,True,False,False,False,0,False,,False,True
NCT02497911,2014.0,<=2015,PHASE4,both,2,110.0,OTHER,UNKNOWN,RANDOMIZED,True,SINGLE,1.0,True,False,PARALLEL,True,none/single-group,False,,,,,True,True,False,False,False,0,False,,False,True
NCT03599635,2018.0,2016-2020,PHASE4,drug,2,112.0,OTHER,COMPLETED,RANDOMIZED,True,TRIPLE,3.0,True,True,PARALLEL,True,active,True,111.0,111.0,0.0,True,True,True,False,True,False,0,False,,False,False
NCT02957097,2019.0,2016-2020,PHASE4,drug,2,0.0,OTHER,WITHDRAWN,RANDOMIZED,True,TRIPLE,3.0,True,True,PARALLEL,False,placebo/sham,True,,,,,True,True,False,False,False,0,False,UNDECIDED,False,True
NCT04685291,2021.0,2021-2026,NA,both,2,42.0,OTHER,COMPLETED,RANDOMIZED,True,NONE,0.0,False,False,PARALLEL,True,active,True,,,,,False,True,False,False,False,0,False,NO,False,False
NCT06843343,2025.0,2021-2026,PHASE4,both,2,13.0,OTHER,COMPLETED,RANDOMIZED,True,DOUBLE,2.0,True,True,PARALLEL,False,active,True,,,,,True,False,False,False,False,0,False,NO,False,False
NCT04094532,2019.0,2016-2020,NA,drug,2,48.0,OTHER,COMPLETED,RANDOMIZED,True,TRIPLE,3.0,True,True,PARALLEL,True,placebo/sham,True,,,,,False,True,False,False,False,0,False,UNDECIDED,False,False
NCT04660175,2020.0,2016-2020,NA,drug,2,120.0,OTHER,COMPLETED,RANDOMIZED,True,SINGLE,1.0,True,False,PARALLEL,True,active,True,,,,,False,True,False,False,False,2,True,NO,False,
NCT03063658,2017.0,2016-2020,PHASE4,drug,2,108.0,OTHER,UNKNOWN,RANDOMIZED,True,QUADRUPLE,4.0,True,True,PARALLEL,True,active,True,,,,,True,False,False,False,False,0,False,NO,False,False
NCT03301766,2017.0,2016-2020,PHASE4,drug,2,0.0,OTHER_GOV,WITHDRAWN,RANDOMIZED,True,DOUBLE,2.0,True,True,PARALLEL,False,active,True,,,,,True,True,False,False,False,0,False,NO,False,False
NCT04202406,2021.0,2021-2026,NA,drug,3,69.0,OTHER,COMPLETED,RANDOMIZED,True,DOUBLE,2.0,True,True,PARALLEL,True,placebo/sham,True,,,,,False,False,True,False,False,0,False,,False,
NCT04662242,2020.0,2016-2020,PHASE4,drug,4,36.0,OTHER,COMPLETED,RANDOMIZED,True,SINGLE,1.0,True,False,PARALLEL,False,placebo/sham,True,,,,,True,True,True,False,False,0,False,NO,False,True
NCT00327730,2006.0,<=2015,PHASE3,drug,0,240.0,INDUSTRY,COMPLETED,RANDOMIZED,True,DOUBLE,2.0,True,True,PARALLEL,True,none/single-group,False,,,,,True,True,False,False,False,0,False,,False,
NCT00435487,2007.0,<=2015,PHASE4,drug,2,173.0,INDUSTRY,TERMINATED,RANDOMIZED,True,NONE,0.0,False,False,PARALLEL,True,active,True,174.0,147.0,0.15517241379310343,True,True,True,False,True,False,0,False,,False,False
NCT04976842,2019.0,2016-2020,NA,both,2,200.0,OTHER,UNKNOWN,RANDOMIZED,True,DOUBLE,2.0,True,True,PARALLEL,True,active,True,,,,,False,True,False,False,False,0,False,,False,
NCT06017999,2023.0,2021-2026,PHASE2;PHASE3,drug,3,450.0,INDUSTRY,COMPLETED,RANDOMIZED,True,QUADRUPLE,4.0,True,True,PARALLEL,True,placebo/sham,True,450.0,425.0,0.05555555555555558,True,True,False,True,True,False,1,True,,False,
NCT00094887,2004.0,<=2015,PHASE2,drug,2,150.0,INDUSTRY,COMPLETED,RANDOMIZED,True,TRIPLE,3.0,True,True,PARALLEL,True,placebo/sham,True,150.0,142.0,0.053333333333333344,True,False,True,False,True,False,1,True,NO,False,True
NCT02926573,2016.0,2016-2020,PHASE4,drug,2,123.0,OTHER,COMPLETED,RANDOMIZED,True,DOUBLE,2.0,True,True,PARALLEL,True,placebo/sham,True,110.0,90.0,0.18181818181818177,True,True,True,False,True,False,1,True,UNDECIDED,False,True
NCT00685295,2008.0,<=2015,PHASE1;PHASE2,drug,2,60.0,OTHER,COMPLETED,RANDOMIZED,True,TRIPLE,3.0,True,True,PARALLEL,True,active,True,60.0,60.0,0.0,True,False,True,False,True,False,0,False,NO,False,True
NCT01902134,2013.0,<=2015,PHASE3,drug,6,641.0,INDUSTRY,COMPLETED,RANDOMIZED,True,TRIPLE,3.0,True,True,PARALLEL,True,active,True,641.0,589.0,0.08112324492979717,True,True,True,True,True,True,0,False,,False,False
NCT00779038,2008.0,<=2015,PHASE4,drug,1,13.0,INDUSTRY,TERMINATED,NA,False,NONE,0.0,False,False,SINGLE_GROUP,False,none/single-group,False,13.0,0.0,1.0,False,True,True,False,True,False,0,False,,False,False
NCT01538745,2012.0,<=2015,PHASE4,drug,2,45.0,FED,COMPLETED,RANDOMIZED,True,TRIPLE,3.0,True,True,PARALLEL,False,active,True,45.0,45.0,0.0,True,True,True,False,True,False,0,False,,False,True
NCT03540095,2018.0,2016-2020,NA,drug,2,7.0,OTHER,TERMINATED,RANDOMIZED,True,NONE,0.0,False,False,PARALLEL,False,none/single-group,False,,,,,False,True,False,False,False,0,False,NO,False,False
NCT01168531,2009.0,<=2015,NA,drug,3,108.0,OTHER,COMPLETED,RANDOMIZED,True,DOUBLE,2.0,True,True,FACTORIAL,True,placebo/sham,True,,,,,False,False,True,False,False,0,False,,False,False
NCT03088800,2018.0,2016-2020,PHASE2,drug,3,90.0,OTHER,COMPLETED,RANDOMIZED,True,QUADRUPLE,4.0,True,True,PARALLEL,True,active,True,90.0,90.0,0.0,True,False,True,True,True,False,0,False,NO,False,False
NCT05068063,2022.0,2021-2026,NA,drug,2,48.0,OTHER,UNKNOWN,RANDOMIZED,True,TRIPLE,3.0,True,True,PARALLEL,True,active,True,,,,,False,True,False,False,False,0,False,NO,False,False
NCT04680286,2020.0,2016-2020,PHASE3,drug,2,60.0,OTHER,TERMINATED,RANDOMIZED,True,QUADRUPLE,4.0,True,True,PARALLEL,False,placebo/sham,True,,,,,True,True,False,False,False,0,False,NO,False,True
NCT04799041,2019.0,2016-2020,PHASE1;PHASE2,drug,2,30.0,INDUSTRY,COMPLETED,RANDOMIZED,True,DOUBLE,2.0,True,True,PARALLEL,False,placebo/sham,True,,,,,False,True,False,False,False,0,False,NO,False,False
NCT05114265,2022.0,2021-2026,PHASE1,drug,2,60.0,INDUSTRY,COMPLETED,RANDOMIZED,True,QUADRUPLE,4.0,True,True,SEQUENTIAL,True,none/single-group,False,,,,,False,True,False,False,False,0,False,NO,False,False
NCT02629042,2017.0,2016-2020,PHASE3,both,2,5.0,OTHER,COMPLETED,RANDOMIZED,True,NONE,0.0,False,False,PARALLEL,False,active,True,,,,,True,False,False,False,False,1,True,,False,False
NCT05721027,2023.0,2021-2026,PHASE4,drug,2,132.0,OTHER,RECRUITING,RANDOMIZED,True,QUADRUPLE,4.0,True,True,PARALLEL,True,placebo/sham,True,,,,,True,True,False,False,False,0,False,NO,False,True
NCT03385967,2019.0,2016-2020,PHASE4,drug,2,0.0,OTHER,WITHDRAWN,RANDOMIZED,True,DOUBLE,2.0,True,True,PARALLEL,False,active,True,,,,,True,True,False,False,False,0,False,NO,False,True
NCT03967197,2019.0,2016-2020,PHASE2;PHASE3,drug,2,304.0,OTHER,COMPLETED,RANDOMIZED,True,DOUBLE,2.0,True,True,PARALLEL,True,placebo/sham,True,,,,,True,True,False,False,False,0,False,NO,False,False
NCT03363035,2018.0,2016-2020,PHASE4,drug,3,2055.0,OTHER,COMPLETED,RANDOMIZED,True,NONE,0.0,False,False,PARALLEL,True,active,True,,,,,True,True,True,False,False,3,True,NO,False,True
NCT04393207,2022.0,2021-2026,PHASE4,drug,3,147.0,OTHER,TERMINATED,RANDOMIZED,True,DOUBLE,2.0,True,True,PARALLEL,True,active,True,147.0,147.0,0.0,True,True,False,True,True,False,0,False,NO,False,True
NCT02077140,2014.0,<=2015,PHASE2,drug,2,192.0,INDUSTRY,COMPLETED,RANDOMIZED,True,DOUBLE,2.0,True,True,PARALLEL,True,active,True,192.0,175.0,0.08854166666666663,True,False,True,False,True,False,0,False,,False,True
NCT01666197,2012.0,<=2015,PHASE4,drug,2,100.0,INDUSTRY,COMPLETED,RANDOMIZED,True,QUADRUPLE,4.0,True,True,PARALLEL,True,placebo/sham,True,100.0,100.0,0.0,True,True,True,False,True,False,0,False,,False,False
NCT00246389,,,PHASE4,drug,0,1000.0,INDUSTRY,COMPLETED,RANDOMIZED,True,NONE,0.0,False,False,PARALLEL,True,none/single-group,False,,,,,True,True,False,False,True,0,False,,False,
NCT03111342,2017.0,2016-2020,PHASE4,both,3,300.0,OTHER,COMPLETED,RANDOMIZED,True,QUADRUPLE,4.0,True,True,PARALLEL,True,placebo/sham,True,,,,,True,True,True,False,False,0,False,UNDECIDED,False,False
NCT02187614,2014.0,<=2015,PHASE4,drug,3,1645.0,INDUSTRY,COMPLETED,RANDOMIZED,True,QUADRUPLE,4.0,True,True,PARALLEL,True,active,True,,,,,True,True,True,False,False,1,True,,False,False
NCT05383820,2021.0,2021-2026,PHASE4,drug,3,24.0,OTHER,UNKNOWN,RANDOMIZED,True,TRIPLE,3.0,True,True,PARALLEL,False,placebo/sham,True,,,,,True,False,True,False,False,0,False,NO,False,True
NCT02920528,2017.0,2016-2020,PHASE3,drug,3,106.0,OTHER,COMPLETED,RANDOMIZED,True,TRIPLE,3.0,True,True,PARALLEL,True,placebo/sham,True,106.0,97.0,0.08490566037735847,True,True,True,True,True,False,1,True,NO,False,True
NCT02437669,2015.0,<=2015,PHASE2,drug,1,35.0,OTHER,COMPLETED,NA,False,NONE,0.0,False,False,SINGLE_GROUP,False,none/single-group,False,35.0,35.0,0.0,True,False,True,False,True,True,0,False,,False,True
NCT03315533,2018.0,2016-2020,PHASE2,drug,3,76.0,OTHER,COMPLETED,RANDOMIZED,True,TRIPLE,3.0,True,True,PARALLEL,True,placebo/sham,True,,,,,False,True,True,False,False,2,True,UNDECIDED,False,True
NCT01858402,2009.0,<=2015,PHASE2,drug,2,2.0,OTHER,COMPLETED,RANDOMIZED,True,DOUBLE,2.0,True,True,CROSSOVER,False,active,True,,,,,False,True,False,False,False,1,True,,False,True
NCT00774540,2008.0,<=2015,PHASE4,drug,2,40.0,OTHER,COMPLETED,RANDOMIZED,True,QUADRUPLE,4.0,True,True,PARALLEL,False,placebo/sham,True,,,,,True,True,False,False,False,0,False,,False,True
NCT04622904,2020.0,2016-2020,NA,drug,3,90.0,OTHER,UNKNOWN,RANDOMIZED,True,QUADRUPLE,4.0,True,True,PARALLEL,True,active,True,,,,,False,False,True,False,False,0,False,NO,False,False
NCT03066622,2016.0,2016-2020,PHASE4,drug,2,122.0,OTHER,COMPLETED,RANDOMIZED,True,NONE,0.0,False,False,PARALLEL,True,active,True,122.0,70.0,0.42622950819672134,False,True,True,False,True,False,0,False,NO,False,False
NCT01361802,2011.0,<=2015,PHASE2,drug,4,494.0,INDUSTRY,COMPLETED,RANDOMIZED,True,DOUBLE,2.0,True,True,PARALLEL,True,placebo/sham,True,,,,,False,True,True,False,False,0,False,,False,
NCT00493246,2007.0,<=2015,PHASE1,drug,2,75.0,INDUSTRY,COMPLETED,RANDOMIZED,True,NONE,0.0,False,False,SINGLE_GROUP,True,none/single-group,False,75.0,72.0,0.040000000000000036,True,False,True,False,True,False,0,False,,False,False
NCT04290442,2021.0,2021-2026,PHASE4,both,2,0.0,OTHER,WITHDRAWN,RANDOMIZED,True,SINGLE,1.0,True,False,PARALLEL,False,active,True,,,,,True,True,False,False,False,0,False,NO,False,False
NCT03421613,2017.0,2016-2020,EARLY_PHASE1,drug,2,28.0,INDUSTRY,COMPLETED,RANDOMIZED,True,DOUBLE,2.0,True,True,CROSSOVER,False,placebo/sham,True,,,,,False,True,False,False,False,0,False,NO,False,False
NCT01530542,2010.0,<=2015,PHASE1,drug,5,35.0,INDUSTRY,COMPLETED,RANDOMIZED,True,NONE,0.0,False,False,CROSSOVER,True,none/single-group,False,,,,,False,False,True,False,False,1,True,,False,False
NCT02483221,2015.0,<=2015,PHASE4,drug,2,50.0,OTHER,COMPLETED,RANDOMIZED,True,SINGLE,1.0,True,False,PARALLEL,False,active,True,,,,,True,True,False,False,False,1,True,,False,True
NCT02679560,2017.0,2016-2020,PHASE2,drug,2,3.0,OTHER,TERMINATED,RANDOMIZED,True,SINGLE,1.0,True,False,PARALLEL,False,placebo/sham,True,3.0,3.0,0.0,True,False,True,False,True,False,0,False,NO,False,False
NCT00788710,2008.0,<=2015,PHASE3,drug,3,430.0,INDUSTRY,COMPLETED,RANDOMIZED,True,DOUBLE,2.0,True,True,PARALLEL,True,placebo/sham,True,430.0,411.0,0.04418604651162794,True,True,True,True,True,False,1,True,,False,False
NCT01429285,2009.0,<=2015,PHASE4,drug,2,350.0,OTHER,COMPLETED,RANDOMIZED,True,SINGLE,1.0,True,False,PARALLEL,True,active,True,350.0,319.0,0.08857142857142852,True,True,True,False,True,False,1,True,,False,False
NCT04622735,2020.0,2016-2020,PHASE3,drug,3,321.0,INDUSTRY,COMPLETED,RANDOMIZED,True,DOUBLE,2.0,True,True,PARALLEL,True,active,True,321.0,315.0,0.01869158878504673,True,True,True,True,True,False,0,False,NO,False,False
NCT03915938,2017.0,2016-2020,PHASE2;PHASE3,drug,2,24.0,OTHER,COMPLETED,RANDOMIZED,True,TRIPLE,3.0,True,True,PARALLEL,False,placebo/sham,True,,,,,True,True,False,False,False,1,True,UNDECIDED,False,False
NCT05885230,2023.0,2021-2026,NA,both,2,138.0,OTHER,RECRUITING,RANDOMIZED,True,SINGLE,1.0,True,False,PARALLEL,True,active,True,,,,,False,False,False,False,False,0,False,,False,
NCT00588159,2007.0,<=2015,NA,drug,2,146.0,OTHER,COMPLETED,RANDOMIZED,True,QUADRUPLE,4.0,True,True,PARALLEL,True,placebo/sham,True,146.0,120.0,0.17808219178082196,True,False,True,False,True,False,1,True,NO,False,True
NCT02005601,2013.0,<=2015,PHASE4,drug,2,106.0,OTHER,COMPLETED,RANDOMIZED,True,QUADRUPLE,4.0,True,True,PARALLEL,True,placebo/sham,True,106.0,106.0,0.0,True,True,True,False,True,False,0,False,,False,
NCT04313959,2022.0,2021-2026,PHASE3,drug,2,40.0,OTHER_GOV,UNKNOWN,RANDOMIZED,True,QUADRUPLE,4.0,True,True,PARALLEL,False,active,True,,,,,True,False,False,False,False,1,True,,False,
NCT01053039,2010.0,<=2015,PHASE4,drug,2,150.0,OTHER,COMPLETED,RANDOMIZED,True,QUADRUPLE,4.0,True,True,PARALLEL,True,placebo/sham,True,,,,,True,True,False,False,False,0,False,,False,True
NCT03695887,2019.0,2016-2020,EARLY_PHASE1,drug,2,30.0,OTHER,RECRUITING,RANDOMIZED,True,DOUBLE,2.0,True,True,CROSSOVER,True,placebo/sham,True,,,,,False,True,False,False,False,0,False,NO,False,True
NCT03610893,2018.0,2016-2020,NA,drug,2,120.0,OTHER,COMPLETED,RANDOMIZED,True,TRIPLE,3.0,True,True,PARALLEL,True,active,True,,,,,False,True,False,False,True,1,True,NO,False,True
NCT00598559,2008.0,<=2015,PHASE3,drug,3,213.0,INDUSTRY,COMPLETED,RANDOMIZED,True,NONE,0.0,False,False,PARALLEL,True,none/single-group,False,213.0,155.0,0.2723004694835681,False,True,True,True,True,False,0,False,,False,False
NCT07565662,2025.0,2021-2026,NA,drug,2,30.0,OTHER,COMPLETED,RANDOMIZED,True,SINGLE,1.0,True,False,PARALLEL,True,active,True,,,,,False,True,False,False,False,0,False,NO,False,False
NCT06364540,2024.0,2021-2026,PHASE4,drug,2,150.0,OTHER,RECRUITING,RANDOMIZED,True,QUADRUPLE,4.0,True,True,PARALLEL,True,active,True,,,,,True,True,False,False,False,0,False,NO,False,True
NCT06982755,2025.0,2021-2026,PHASE1;PHASE2,both,4,176.0,OTHER,NOT_YET_RECRUITING,RANDOMIZED,True,NONE,0.0,False,False,PARALLEL,True,placebo/sham,True,,,,,False,True,True,False,False,0,False,,False,False
NCT03240783,2017.0,2016-2020,PHASE2,drug,4,60.0,OTHER,UNKNOWN,RANDOMIZED,True,QUADRUPLE,4.0,True,True,PARALLEL,True,none/single-group,False,,,,,False,True,True,False,False,1,True,UNDECIDED,False,True
NCT03215056,2017.0,2016-2020,PHASE3,drug,2,192.0,INDUSTRY,COMPLETED,RANDOMIZED,True,QUADRUPLE,4.0,True,True,PARALLEL,True,placebo/sham,True,,,,,True,True,False,False,False,1,True,NO,False,True
NCT06630364,2023.0,2021-2026,PHASE4,drug,2,59.0,OTHER,COMPLETED,RANDOMIZED,True,NONE,0.0,False,False,PARALLEL,False,active,True,,,,,True,True,False,False,False,0,False,NO,False,False
NCT01460667,2011.0,<=2015,NA,drug,2,85.0,OTHER,UNKNOWN,RANDOMIZED,True,QUADRUPLE,4.0,True,True,PARALLEL,True,placebo/sham,True,,,,,False,True,False,False,True,0,False,,False,True
NCT05843344,2023.0,2021-2026,NA,drug,3,90.0,OTHER,UNKNOWN,RANDOMIZED,True,QUADRUPLE,4.0,True,True,PARALLEL,True,active,True,,,,,False,False,True,False,False,0,False,NO,False,False
NCT03825471,2019.0,2016-2020,NA,both,2,80.0,OTHER,UNKNOWN,RANDOMIZED,True,SINGLE,1.0,True,False,PARALLEL,True,placebo/sham,True,,,,,False,True,False,False,True,0,False,NO,False,False
NCT01388946,2010.0,<=2015,NA,drug,2,110.0,OTHER,COMPLETED,RANDOMIZED,True,TRIPLE,3.0,True,True,PARALLEL,True,placebo/sham,True,110.0,101.0,0.08181818181818179,True,False,True,False,True,False,0,False,NO,False,False
NCT07274254,2026.0,2021-2026,PHASE3,drug,2,104.0,OTHER,RECRUITING,RANDOMIZED,True,QUADRUPLE,4.0,True,True,PARALLEL,True,placebo/sham,True,,,,,True,True,False,False,False,0,False,,False,True
NCT03761407,2004.0,<=2015,PHASE1,drug,4,48.0,INDUSTRY,COMPLETED,RANDOMIZED,True,QUADRUPLE,4.0,True,True,CROSSOVER,True,none/single-group,False,,,,,False,True,True,False,False,0,False,NO,False,False
NCT05115955,2021.0,2021-2026,PHASE4,drug,2,76.0,OTHER,COMPLETED,RANDOMIZED,True,DOUBLE,2.0,True,True,PARALLEL,False,placebo/sham,True,,,,,True,True,False,False,False,0,False,NO,False,False
NCT00133003,2003.0,<=2015,PHASE4,drug,2,2022.0,OTHER,COMPLETED,RANDOMIZED,True,QUADRUPLE,4.0,True,True,PARALLEL,True,placebo/sham,True,,,,,True,True,False,False,True,1,True,,False,True
NCT03388814,2018.0,2016-2020,EARLY_PHASE1,drug,2,0.0,OTHER,WITHDRAWN,RANDOMIZED,True,DOUBLE,2.0,True,True,PARALLEL,False,active,True,,,,,False,False,False,False,False,0,False,,False,False
NCT01982539,2013.0,<=2015,PHASE4,drug,1,25.0,INDUSTRY,COMPLETED,NA,False,NONE,0.0,False,False,SINGLE_GROUP,False,none/single-group,False,25.0,25.0,0.0,True,True,True,False,True,False,0,False,,False,False
NCT01806818,2013.0,<=2015,PHASE2,drug,3,98.0,INDUSTRY,COMPLETED,RANDOMIZED,True,DOUBLE,2.0,True,True,PARALLEL,True,placebo/sham,True,,,,,False,True,True,False,False,0,False,,False,False
NCT02137525,,,PHASE2,drug,4,0.0,INDUSTRY,WITHDRAWN,RANDOMIZED,True,TRIPLE,3.0,True,True,PARALLEL,False,active,True,,,,,False,True,True,False,False,0,False,,False,
NCT06215859,2023.0,2021-2026,PHASE3,both,3,579.0,INDUSTRY,COMPLETED,RANDOMIZED,True,QUADRUPLE,4.0,True,True,PARALLEL,True,placebo/sham,True,,,,,True,True,True,False,False,0,False,,False,False
NCT02801799,2016.0,2016-2020,PHASE1,drug,5,60.0,OTHER,TERMINATED,RANDOMIZED,True,TRIPLE,3.0,True,True,PARALLEL,True,active,True,,,,,False,False,True,False,False,1,True,YES,True,True
NCT01990404,2013.0,<=2015,PHASE2;PHASE3,drug,2,43.0,OTHER,TERMINATED,RANDOMIZED,True,DOUBLE,2.0,True,True,PARALLEL,False,placebo/sham,True,,,,,True,True,False,False,False,0,False,,False,False
NCT07182110,2025.0,2021-2026,PHASE1,drug,2,100.0,OTHER,ACTIVE_NOT_RECRUITING,RANDOMIZED,True,DOUBLE,2.0,True,True,PARALLEL,True,active,True,,,,,False,True,False,False,True,0,False,NO,False,True
NCT03468348,2018.0,2016-2020,NA,drug,4,88.0,OTHER,COMPLETED,RANDOMIZED,True,DOUBLE,2.0,True,True,PARALLEL,True,placebo/sham,True,,,,,False,True,True,False,False,1,True,,False,
NCT06260046,2024.0,2021-2026,NA,drug,2,48.0,OTHER,NOT_YET_RECRUITING,RANDOMIZED,True,DOUBLE,2.0,True,True,PARALLEL,True,active,True,,,,,False,False,False,False,False,0,False,NO,False,False
NCT06478758,2024.0,2021-2026,PHASE4,drug,2,71.0,OTHER,COMPLETED,RANDOMIZED,True,SINGLE,1.0,True,False,PARALLEL,False,active,True,,,,,True,True,False,False,True,0,False,NO,False,True
NCT05289050,2022.0,2021-2026,PHASE4,drug,2,144.0,OTHER,UNKNOWN,RANDOMIZED,True,SINGLE,1.0,True,False,PARALLEL,True,placebo/sham,True,,,,,True,False,False,False,False,2,True,,False,
NCT02465255,2015.0,<=2015,PHASE3,drug,3,210.0,OTHER,COMPLETED,RANDOMIZED,True,NONE,0.0,False,False,PARALLEL,True,active,True,,,,,True,True,True,False,False,0,False,,False,False
NCT03745963,2018.0,2016-2020,PHASE3,drug,2,126.0,OTHER,UNKNOWN,RANDOMIZED,True,SINGLE,1.0,True,False,PARALLEL,True,active,True,,,,,True,True,False,False,False,1,True,NO,False,False
NCT00993863,2007.0,<=2015,PHASE2,drug,5,201.0,INDUSTRY,COMPLETED,RANDOMIZED,True,QUADRUPLE,4.0,True,True,PARALLEL,True,placebo/sham,True,,,,,False,True,True,False,False,0,False,,False,False
NCT02302586,2014.0,<=2015,PHASE4,drug,2,60.0,OTHER,COMPLETED,RANDOMIZED,True,TRIPLE,3.0,True,True,PARALLEL,False,active,True,,,,,True,True,False,False,False,0,False,NO,False,True
NCT02035904,2013.0,<=2015,PHASE4,both,2,60.0,OTHER,UNKNOWN,RANDOMIZED,True,TRIPLE,3.0,True,True,PARALLEL,False,placebo/sham,True,,,,,True,True,False,False,False,0,False,,False,True
NCT07486245,2025.0,2021-2026,NA,drug,3,90.0,OTHER_GOV,COMPLETED,RANDOMIZED,True,SINGLE,1.0,True,False,PARALLEL,True,none/single-group,False,,,,,False,True,True,False,False,0,False,NO,False,True
NCT05389150,2019.0,2016-2020,PHASE1,drug,3,30.0,INDUSTRY,COMPLETED,RANDOMIZED,True,NONE,0.0,False,False,CROSSOVER,True,active,True,,,,,False,True,True,False,False,0,False,NO,False,False
NCT04927247,2021.0,2021-2026,PHASE3,drug,2,72.0,INDUSTRY,TERMINATED,RANDOMIZED,True,QUADRUPLE,4.0,True,True,PARALLEL,False,placebo/sham,True,72.0,67.0,0.06944444444444442,True,True,True,False,True,False,0,False,YES,True,True
NCT06916234,2023.0,2021-2026,PHASE4,drug,2,100.0,OTHER,COMPLETED,RANDOMIZED,True,TRIPLE,3.0,True,True,PARALLEL,True,active,True,,,,,True,True,False,False,False,1,True,UNDECIDED,False,False
NCT00765700,2008.0,<=2015,PHASE3,drug,2,364.0,INDUSTRY,COMPLETED,RANDOMIZED,True,QUADRUPLE,4.0,True,True,PARALLEL,True,placebo/sham,True,,,,,True,True,False,False,True,0,False,,False,False
NCT02633969,2015.0,<=2015,PHASE2,drug,2,30.0,INDUSTRY,COMPLETED,NON_RANDOMIZED,False,NONE,0.0,False,False,PARALLEL,False,none/single-group,False,,,,,False,True,False,False,False,0,False,,False,False
NCT01311895,2011.0,<=2015,PHASE3,drug,2,350.0,OTHER,COMPLETED,RANDOMIZED,True,SINGLE,1.0,True,False,PARALLEL,True,none/single-group,False,350.0,350.0,0.0,True,True,True,False,True,False,0,False,,False,False
NCT04387136,2020.0,2016-2020,PHASE4,drug,2,53.0,OTHER,COMPLETED,RANDOMIZED,True,TRIPLE,3.0,True,True,PARALLEL,False,no-intervention,True,53.0,50.0,0.05660377358490565,True,True,True,False,True,False,0,False,NO,False,True
NCT01543685,2012.0,<=2015,PHASE3,drug,5,462.0,INDUSTRY,COMPLETED,RANDOMIZED,True,TRIPLE,3.0,True,True,PARALLEL,True,placebo/sham,True,462.0,450.0,0.025974025974025983,True,True,True,True,True,False,0,False,,False,False
NCT07434427,2026.0,2021-2026,PHASE4,drug,2,200.0,OTHER,NOT_YET_RECRUITING,RANDOMIZED,True,DOUBLE,2.0,True,True,PARALLEL,True,active,True,,,,,True,True,False,False,False,0,False,NO,False,False
NCT04880707,2024.0,2021-2026,PHASE2,drug,2,48.0,OTHER,RECRUITING,RANDOMIZED,True,TRIPLE,3.0,True,True,PARALLEL,False,placebo/sham,True,,,,,False,False,False,False,True,0,False,YES,True,True
NCT04293172,2020.0,2016-2020,PHASE3,drug,2,0.0,INDUSTRY,WITHDRAWN,RANDOMIZED,True,TRIPLE,3.0,True,True,PARALLEL,False,placebo/sham,True,,,,,True,True,False,False,False,0,False,,False,True
NCT04282200,2020.0,2016-2020,PHASE4,drug,2,60.0,OTHER,UNKNOWN,RANDOMIZED,True,NONE,0.0,False,False,PARALLEL,False,active,True,,,,,True,False,False,False,False,0,False,NO,False,True
NCT00377468,2006.0,<=2015,PHASE2,drug,0,100.0,OTHER,UNKNOWN,RANDOMIZED,True,DOUBLE,2.0,True,True,FACTORIAL,True,none/single-group,False,,,,,False,False,False,False,False,0,False,,False,
NCT07714369,2026.0,2021-2026,PHASE2,drug,1,40.0,OTHER,NOT_YET_RECRUITING,NA,False,NONE,0.0,False,False,SINGLE_GROUP,False,none/single-group,False,,,,,False,True,False,False,False,0,False,NO,False,True
NCT02814565,2016.0,2016-2020,PHASE3,drug,2,180.0,INDUSTRY,COMPLETED,RANDOMIZED,True,QUADRUPLE,4.0,True,True,PARALLEL,True,placebo/sham,True,180.0,177.0,0.01666666666666672,True,True,True,False,True,False,0,False,,False,False
NCT05034952,2021.0,2021-2026,PHASE2,drug,4,303.0,INDUSTRY,COMPLETED,RANDOMIZED,True,QUADRUPLE,4.0,True,True,PARALLEL,True,placebo/sham,True,303.0,287.0,0.05280528052805278,True,False,True,True,True,False,1,True,NO,False,
NCT02132312,2014.0,<=2015,PHASE3,drug,2,78.0,INDUSTRY,COMPLETED,RANDOMIZED,True,QUADRUPLE,4.0,True,True,PARALLEL,False,active,True,78.0,69.0,0.11538461538461542,True,True,True,False,True,False,0,False,,False,False
NCT05255562,2022.0,2021-2026,NA,both,2,60.0,OTHER,COMPLETED,RANDOMIZED,True,DOUBLE,2.0,True,True,PARALLEL,True,active,True,,,,,False,True,False,False,False,0,False,,False,False
NCT00170781,2005.0,<=2015,PHASE4,drug,0,234.0,INDUSTRY,COMPLETED,RANDOMIZED,True,DOUBLE,2.0,True,True,PARALLEL,True,none/single-group,False,,,,,True,True,False,False,False,0,False,,False,
NCT03560427,2018.0,2016-2020,NA,drug,2,60.0,OTHER,COMPLETED,RANDOMIZED,True,DOUBLE,2.0,True,True,PARALLEL,True,placebo/sham,True,,,,,False,True,False,False,False,0,False,,False,
NCT03178539,2017.0,2016-2020,PHASE2;PHASE3,drug,2,100.0,OTHER,COMPLETED,RANDOMIZED,True,TRIPLE,3.0,True,True,PARALLEL,True,active,True,,,,,True,True,False,False,False,0,False,NO,False,True
NCT06215820,2023.0,2021-2026,PHASE3,both,3,410.0,INDUSTRY,COMPLETED,RANDOMIZED,True,QUADRUPLE,4.0,True,True,PARALLEL,True,placebo/sham,True,,,,,True,True,True,False,False,0,False,,False,False
NCT04908748,2021.0,2021-2026,PHASE2,drug,2,200.0,INDUSTRY,COMPLETED,RANDOMIZED,True,QUADRUPLE,4.0,True,True,PARALLEL,True,placebo/sham,True,200.0,200.0,0.0,True,False,True,False,True,False,0,False,NO,False,False
NCT03490903,2018.0,2016-2020,NA,both,2,0.0,OTHER,WITHDRAWN,RANDOMIZED,True,NONE,0.0,False,False,PARALLEL,False,active,True,,,,,False,True,False,False,False,0,False,NO,False,True
NCT01322061,2010.0,<=2015,PHASE4,drug,2,80.0,OTHER,COMPLETED,RANDOMIZED,True,TRIPLE,3.0,True,True,PARALLEL,False,placebo/sham,True,,,,,True,True,False,False,False,1,True,,False,True
NCT06887972,2025.0,2021-2026,PHASE4,drug,1,100.0,INDUSTRY,COMPLETED,NA,False,NONE,0.0,False,False,SINGLE_GROUP,True,none/single-group,False,,,,,True,True,False,False,False,0,False,NO,False,
NCT01345162,2010.0,<=2015,PHASE4,drug,2,200.0,OTHER,COMPLETED,RANDOMIZED,True,NONE,0.0,False,False,PARALLEL,True,none/single-group,False,200.0,194.0,0.030000000000000027,True,True,True,False,True,False,1,True,,False,True
NCT02527083,2015.0,<=2015,PHASE4,drug,3,10.0,FED,COMPLETED,RANDOMIZED,True,SINGLE,1.0,True,False,PARALLEL,False,active,True,10.0,10.0,0.0,True,True,False,True,True,False,0,False,,False,False
NCT06863636,2024.0,2021-2026,PHASE3,drug,3,231.0,INDUSTRY,RECRUITING,RANDOMIZED,True,DOUBLE,2.0,True,True,PARALLEL,True,active,True,,,,,True,True,True,False,False,0,False,NO,False,True
NCT00252122,2004.0,<=2015,PHASE4,drug,1,3.0,OTHER,TERMINATED,NON_RANDOMIZED,False,NONE,0.0,False,False,SINGLE_GROUP,False,none/single-group,False,,,,,True,True,False,False,False,0,False,,False,False
NCT03927781,2019.0,2016-2020,PHASE3,drug,1,10.0,OTHER,COMPLETED,NA,False,NONE,0.0,False,False,SINGLE_GROUP,False,none/single-group,False,10.0,10.0,0.0,True,True,True,False,True,False,0,False,NO,False,True
NCT02642263,2019.0,2016-2020,PHASE4,drug,2,78.0,OTHER,UNKNOWN,RANDOMIZED,True,QUADRUPLE,4.0,True,True,PARALLEL,False,no-intervention,True,,,,,True,True,False,False,False,0,False,,False,False
NCT01390324,2011.0,<=2015,PHASE3,drug,3,0.0,INDUSTRY,WITHDRAWN,RANDOMIZED,True,QUADRUPLE,4.0,True,True,PARALLEL,False,active,True,,,,,True,True,True,False,False,0,False,,False,False
NCT02733341,2016.0,2016-2020,PHASE4,drug,2,100.0,OTHER_GOV,COMPLETED,RANDOMIZED,True,NONE,0.0,False,False,PARALLEL,True,active,True,100.0,100.0,0.0,True,True,True,False,True,False,1,True,NO,False,True
NCT02209454,2014.0,<=2015,PHASE1,drug,2,26.0,INDUSTRY,COMPLETED,RANDOMIZED,True,NONE,0.0,False,False,CROSSOVER,False,none/single-group,False,26.0,26.0,0.0,True,False,False,False,True,False,0,False,,False,False
NCT03314792,2017.0,2016-2020,PHASE4,drug,2,86.0,OTHER,COMPLETED,RANDOMIZED,True,DOUBLE,2.0,True,True,PARALLEL,False,active,True,,,,,True,True,False,False,False,1,True,YES,True,False
NCT06545097,2024.0,2021-2026,PHASE3,drug,3,279.0,INDUSTRY,COMPLETED,RANDOMIZED,True,QUADRUPLE,4.0,True,True,PARALLEL,True,placebo/sham,True,,,,,True,True,True,False,False,0,False,,False,False
NCT02703259,2016.0,2016-2020,PHASE4,drug,2,137.0,OTHER,COMPLETED,RANDOMIZED,True,TRIPLE,3.0,True,True,PARALLEL,True,placebo/sham,True,137.0,129.0,0.058394160583941646,True,True,False,False,True,False,1,True,NO,False,False
NCT03521102,2018.0,2016-2020,PHASE2,drug,2,162.0,OTHER,COMPLETED,RANDOMIZED,True,TRIPLE,3.0,True,True,PARALLEL,True,active,True,162.0,162.0,0.0,True,False,True,False,True,False,1,True,UNDECIDED,False,True
NCT00617747,2002.0,<=2015,PHASE3,drug,2,2114.0,INDUSTRY,COMPLETED,RANDOMIZED,True,TRIPLE,3.0,True,True,PARALLEL,True,placebo/sham,True,,,,,True,True,False,False,False,0,False,,False,False
NCT02753114,2017.0,2016-2020,PHASE4,drug,2,120.0,OTHER,COMPLETED,RANDOMIZED,True,QUADRUPLE,4.0,True,True,PARALLEL,True,placebo/sham,True,,,,,True,True,False,False,False,1,True,UNDECIDED,False,True
NCT01951963,2012.0,<=2015,PHASE4,drug,2,77.0,OTHER,COMPLETED,RANDOMIZED,True,QUADRUPLE,4.0,True,True,PARALLEL,False,active,True,63.0,63.0,0.0,True,True,True,False,True,False,0,False,NO,False,False
NCT02161354,2014.0,<=2015,PHASE2,drug,6,52.0,INDUSTRY,TERMINATED,RANDOMIZED,True,QUADRUPLE,4.0,True,True,SINGLE_GROUP,True,none/single-group,False,,,,,False,True,True,False,False,0,False,UNDECIDED,False,False
NCT02432456,2015.0,<=2015,PHASE4,both,2,153.0,OTHER,COMPLETED,RANDOMIZED,True,TRIPLE,3.0,True,True,PARALLEL,True,placebo/sham,True,150.0,150.0,0.0,True,True,True,False,True,False,1,True,UNDECIDED,False,False
NCT01306266,2011.0,<=2015,NA,drug,2,0.0,OTHER,WITHDRAWN,RANDOMIZED,True,DOUBLE,2.0,True,True,CROSSOVER,False,placebo/sham,True,,,,,False,True,False,False,False,0,False,,False,False
NCT06495632,2024.0,2021-2026,PHASE4,drug,2,90.0,OTHER,RECRUITING,RANDOMIZED,True,NONE,0.0,False,False,PARALLEL,False,active,True,,,,,True,True,False,False,False,0,False,NO,False,False
NCT00337116,2007.0,<=2015,PHASE4,drug,0,80.0,OTHER,WITHDRAWN,RANDOMIZED,True,TRIPLE,3.0,True,True,PARALLEL,False,none/single-group,False,,,,,True,True,False,False,False,0,False,,False,False
NCT06774625,2024.0,2021-2026,PHASE2,drug,5,250.0,INDUSTRY,COMPLETED,RANDOMIZED,True,QUADRUPLE,4.0,True,True,PARALLEL,True,placebo/sham,True,,,,,False,True,True,False,False,0,False,NO,False,True
NCT00726830,2009.0,<=2015,NA,drug,2,1.0,OTHER,TERMINATED,RANDOMIZED,True,NONE,0.0,False,False,SINGLE_GROUP,False,none/single-group,False,1.0,1.0,0.0,True,False,False,False,True,False,0,False,,False,True
NCT03526874,2019.0,2016-2020,PHASE3,drug,2,63.0,OTHER,COMPLETED,RANDOMIZED,True,DOUBLE,2.0,True,True,PARALLEL,False,placebo/sham,True,58.0,58.0,0.0,True,True,True,False,True,False,0,False,UNDECIDED,False,True
NCT02170103,2018.0,2016-2020,NA,both,2,50.0,OTHER,COMPLETED,RANDOMIZED,True,DOUBLE,2.0,True,True,PARALLEL,True,none/single-group,False,,,,,False,True,False,False,False,1,True,,False,True
NCT01774838,2014.0,<=2015,PHASE3,drug,2,49.0,OTHER,COMPLETED,RANDOMIZED,True,QUADRUPLE,4.0,True,True,PARALLEL,False,active,True,,,,,True,True,False,False,False,0,False,,False,False
NCT04130204,2020.0,2016-2020,PHASE2,drug,2,284.0,INDUSTRY,COMPLETED,RANDOMIZED,True,QUADRUPLE,4.0,True,True,PARALLEL,True,placebo/sham,True,,,,,False,True,False,False,False,0,False,NO,False,True
NCT02483897,2015.0,<=2015,PHASE3,drug,2,0.0,OTHER,WITHDRAWN,RANDOMIZED,True,QUADRUPLE,4.0,True,True,SINGLE_GROUP,False,placebo/sham,True,,,,,True,True,False,False,False,1,True,,False,True
NCT02672202,2016.0,2016-2020,NA,drug,3,9.0,OTHER,TERMINATED,RANDOMIZED,True,TRIPLE,3.0,True,True,PARALLEL,False,placebo/sham,True,,,,,False,True,True,False,False,0,False,,False,False
NCT05335070,2022.0,2021-2026,PHASE2,drug,1,20.0,OTHER,RECRUITING,NON_RANDOMIZED,False,NONE,0.0,False,False,SINGLE_GROUP,False,none/single-group,False,,,,,False,False,False,False,False,0,False,YES,True,False
NCT06231043,2022.0,2021-2026,PHASE4,drug,2,68.0,OTHER,COMPLETED,RANDOMIZED,True,QUADRUPLE,4.0,True,True,PARALLEL,False,active,True,,,,,True,True,False,False,False,0,False,NO,False,True
NCT05563155,2021.0,2021-2026,PHASE4,drug,2,110.0,OTHER,COMPLETED,RANDOMIZED,True,QUADRUPLE,4.0,True,True,PARALLEL,True,placebo/sham,True,,,,,True,True,False,False,True,1,True,YES,True,False
NCT01028079,2005.0,<=2015,PHASE3,drug,3,338.0,INDUSTRY,COMPLETED,RANDOMIZED,True,TRIPLE,3.0,True,True,PARALLEL,True,placebo/sham,True,,,,,True,True,True,False,False,0,False,,False,False
NCT01906008,2013.0,<=2015,PHASE2,drug,2,122.0,OTHER,COMPLETED,RANDOMIZED,True,DOUBLE,2.0,True,True,PARALLEL,True,placebo/sham,True,120.0,66.0,0.44999999999999996,False,False,True,False,True,False,0,False,,False,True
NCT00281684,2005.0,<=2015,PHASE2,drug,4,145.0,INDUSTRY,COMPLETED,RANDOMIZED,True,,,False,False,PARALLEL,True,none/single-group,False,145.0,143.0,0.01379310344827589,True,False,True,True,True,False,0,False,,False,False
NCT02817321,2016.0,2016-2020,NA,both,2,76.0,OTHER,COMPLETED,RANDOMIZED,True,SINGLE,1.0,True,False,PARALLEL,True,active,True,,,,,False,False,False,False,False,0,False,NO,False,False
NCT06051630,2023.0,2021-2026,NA,drug,2,62.0,OTHER,UNKNOWN,RANDOMIZED,True,SINGLE,1.0,True,False,PARALLEL,True,placebo/sham,True,,,,,False,False,False,False,False,0,False,NO,False,False
NCT04968158,2021.0,2021-2026,PHASE3,drug,2,124.0,INDUSTRY,COMPLETED,RANDOMIZED,True,NONE,0.0,False,False,PARALLEL,True,active,True,,,,,True,True,False,False,False,1,True,NO,False,False
NCT05380063,2023.0,2021-2026,PHASE4,drug,2,2300.0,OTHER_GOV,COMPLETED,RANDOMIZED,True,QUADRUPLE,4.0,True,True,PARALLEL,True,active,True,,,,,True,True,False,False,False,2,True,NO,False,True
NCT04969133,2021.0,2021-2026,NA,drug,2,110.0,OTHER,COMPLETED,RANDOMIZED,True,DOUBLE,2.0,True,True,PARALLEL,True,active,True,,,,,False,False,False,False,False,1,True,UNDECIDED,False,False
NCT06511765,2026.0,2021-2026,PHASE3,drug,2,40.0,OTHER,RECRUITING,RANDOMIZED,True,QUADRUPLE,4.0,True,True,PARALLEL,False,placebo/sham,True,,,,,True,True,False,False,False,0,False,NO,False,False
NCT01529190,2011.0,<=2015,PHASE2,drug,2,40.0,OTHER,COMPLETED,RANDOMIZED,True,TRIPLE,3.0,True,True,PARALLEL,False,placebo/sham,True,,,,,False,True,False,False,False,0,False,,False,True
NCT03861611,2019.0,2016-2020,PHASE4,drug,3,198.0,OTHER,COMPLETED,RANDOMIZED,True,DOUBLE,2.0,True,True,PARALLEL,True,none/single-group,False,198.0,182.0,0.08080808080808077,True,True,True,True,True,False,0,False,NO,False,True
NCT02985840,2014.0,<=2015,PHASE4,drug,2,127.0,OTHER,TERMINATED,RANDOMIZED,True,SINGLE,1.0,True,False,PARALLEL,True,active,True,127.0,127.0,0.0,True,True,True,False,True,False,0,False,NO,False,False
NCT01096927,2010.0,<=2015,PHASE4,drug,1,160.0,OTHER,COMPLETED,NA,False,NONE,0.0,False,False,SINGLE_GROUP,True,none/single-group,False,,,,,True,True,False,False,False,2,True,,False,False
NCT02287623,2013.0,<=2015,PHASE4,drug,2,60.0,OTHER,COMPLETED,RANDOMIZED,True,TRIPLE,3.0,True,True,PARALLEL,False,active,True,60.0,59.0,0.01666666666666672,True,True,True,False,True,False,0,False,,False,False
NCT00286065,2006.0,<=2015,PHASE2,drug,0,123.0,INDUSTRY,COMPLETED,RANDOMIZED,True,DOUBLE,2.0,True,True,FACTORIAL,True,none/single-group,False,,,,,False,True,False,False,False,0,False,,False,
NCT03120351,2009.0,<=2015,NA,drug,2,80.0,OTHER,COMPLETED,RANDOMIZED,True,DOUBLE,2.0,True,True,PARALLEL,True,placebo/sham,True,80.0,78.0,0.025000000000000022,True,False,True,False,True,False,0,False,,False,False
NCT06857734,2025.0,2021-2026,NA,drug,3,90.0,OTHER,NOT_YET_RECRUITING,RANDOMIZED,True,DOUBLE,2.0,True,True,PARALLEL,True,placebo/sham,True,,,,,False,True,True,False,False,0,False,YES,True,False
NCT02866071,2017.0,2016-2020,PHASE3,drug,2,224.0,OTHER,ACTIVE_NOT_RECRUITING,RANDOMIZED,True,TRIPLE,3.0,True,True,PARALLEL,True,placebo/sham,True,,,,,True,True,False,False,False,2,True,NO,False,True
NCT06932835,2025.0,2021-2026,NA,drug,2,80.0,OTHER_GOV,RECRUITING,RANDOMIZED,True,TRIPLE,3.0,True,True,PARALLEL,True,active,True,,,,,False,True,False,False,False,0,False,,False,False
NCT07491393,2026.0,2021-2026,PHASE4,drug,2,24.0,OTHER,NOT_YET_RECRUITING,RANDOMIZED,True,NONE,0.0,False,False,CROSSOVER,False,none/single-group,False,,,,,True,False,False,False,False,0,False,NO,False,False
NCT07549490,2026.0,2021-2026,NA,drug,6,25.0,NIH,NOT_YET_RECRUITING,RANDOMIZED,True,TRIPLE,3.0,True,True,CROSSOVER,False,none/single-group,False,,,,,False,False,True,False,False,0,False,YES,True,
NCT01535079,2012.0,<=2015,PHASE2,drug,5,186.0,INDUSTRY,COMPLETED,RANDOMIZED,True,TRIPLE,3.0,True,True,PARALLEL,True,placebo/sham,True,,,,,False,True,True,False,False,0,False,,False,
NCT03236805,2017.0,2016-2020,PHASE3,drug,2,285.0,OTHER,TERMINATED,RANDOMIZED,True,SINGLE,1.0,True,False,PARALLEL,True,active,True,,,,,True,True,False,False,False,2,True,NO,False,False
NCT01038609,2009.0,<=2015,PHASE2,drug,5,250.0,INDUSTRY,COMPLETED,RANDOMIZED,True,SINGLE,1.0,True,False,PARALLEL,True,placebo/sham,True,250.0,245.0,0.020000000000000018,True,False,True,True,True,False,0,False,,False,False
NCT06344195,2024.0,2021-2026,PHASE4,drug,2,82.0,OTHER,UNKNOWN,RANDOMIZED,True,TRIPLE,3.0,True,True,PARALLEL,False,active,True,,,,,True,True,False,False,False,0,False,,False,
NCT01785862,2013.0,<=2015,PHASE3,drug,2,427.0,INDUSTRY,COMPLETED,RANDOMIZED,True,QUADRUPLE,4.0,True,True,PARALLEL,True,placebo/sham,True,,,,,True,True,False,False,False,1,True,,False,
NCT01587274,2012.0,<=2015,PHASE4,drug,3,323.0,OTHER,COMPLETED,RANDOMIZED,True,QUADRUPLE,4.0,True,True,PARALLEL,True,active,True,323.0,311.0,0.037151702786377694,True,True,True,True,True,False,1,True,,False,True
NCT07429019,2026.0,2021-2026,NA,drug,2,60.0,OTHER,NOT_YET_RECRUITING,RANDOMIZED,True,TRIPLE,3.0,True,True,PARALLEL,True,placebo/sham,True,,,,,False,False,False,False,False,0,False,NO,False,True
NCT05422001,2022.0,2021-2026,PHASE4,drug,2,116.0,OTHER,TERMINATED,RANDOMIZED,True,QUADRUPLE,4.0,True,True,PARALLEL,True,placebo/sham,True,,,,,True,True,False,False,False,0,False,YES,True,False
NCT04172727,2019.0,2016-2020,PHASE4,drug,2,60.0,OTHER,COMPLETED,RANDOMIZED,True,TRIPLE,3.0,True,True,PARALLEL,False,placebo/sham,True,,,,,True,True,False,False,False,1,True,NO,False,False
NCT00783016,2008.0,<=2015,PHASE4,drug,2,234.0,OTHER,COMPLETED,RANDOMIZED,True,TRIPLE,3.0,True,True,PARALLEL,True,no-intervention,True,,,,,True,False,False,False,False,0,False,,False,
NCT02069184,2013.0,<=2015,PHASE4,drug,2,66.0,OTHER,COMPLETED,RANDOMIZED,True,QUADRUPLE,4.0,True,True,PARALLEL,False,none/single-group,False,66.0,58.0,0.12121212121212122,True,True,True,False,True,False,1,True,UNDECIDED,False,True
NCT05661734,2023.0,2021-2026,PHASE3,drug,1,258.0,INDUSTRY,COMPLETED,NA,False,NONE,0.0,False,False,SINGLE_GROUP,True,none/single-group,False,258.0,240.0,0.06976744186046513,True,True,True,False,True,False,2,True,NO,False,
NCT00507026,2007.0,<=2015,PHASE3,drug,3,277.0,INDUSTRY,COMPLETED,RANDOMIZED,True,QUADRUPLE,4.0,True,True,PARALLEL,True,placebo/sham,True,277.0,239.0,0.13718411552346566,True,True,True,True,True,False,1,True,,False,False
NCT06394830,2024.0,2021-2026,PHASE2,drug,1,50.0,INDUSTRY,RECRUITING,NA,False,NONE,0.0,False,False,SINGLE_GROUP,True,none/single-group,False,,,,,False,True,False,False,False,0,False,NO,False,
NCT06864884,2025.0,2021-2026,EARLY_PHASE1,drug,2,30.0,INDUSTRY,RECRUITING,RANDOMIZED,True,TRIPLE,3.0,True,True,PARALLEL,True,placebo/sham,True,,,,,False,True,False,False,False,0,False,NO,False,True
NCT06974032,2025.0,2021-2026,NA,drug,2,68.0,OTHER,NOT_YET_RECRUITING,RANDOMIZED,True,DOUBLE,2.0,True,True,PARALLEL,True,placebo/sham,True,,,,,False,True,False,False,False,0,False,NO,False,False
NCT01298297,2010.0,<=2015,PHASE4,drug,2,80.0,OTHER,COMPLETED,RANDOMIZED,True,QUADRUPLE,4.0,True,True,PARALLEL,False,placebo/sham,True,,,,,True,True,False,False,False,0,False,,False,False
NCT03681574,2017.0,2016-2020,PHASE4,drug,3,135.0,OTHER,COMPLETED,RANDOMIZED,True,SINGLE,1.0,True,False,PARALLEL,True,none/single-group,False,,,,,True,True,True,False,True,0,False,NO,False,True
NCT02934061,2016.0,2016-2020,PHASE3,both,2,117.0,OTHER,COMPLETED,RANDOMIZED,True,NONE,0.0,False,False,PARALLEL,True,active,True,,,,,True,True,False,False,False,0,False,YES,True,False
NCT02040415,2014.0,<=2015,PHASE3,drug,2,242.0,INDUSTRY,COMPLETED,RANDOMIZED,True,DOUBLE,2.0,True,True,PARALLEL,True,active,True,,,,,True,True,False,False,False,0,False,,False,
NCT00148499,2005.0,<=2015,PHASE3,drug,0,751.0,INDUSTRY,COMPLETED,RANDOMIZED,True,DOUBLE,2.0,True,True,PARALLEL,True,none/single-group,False,,,,,True,True,False,False,False,0,False,,False,
NCT01616004,2014.0,<=2015,NA,drug,2,10.0,OTHER_GOV,UNKNOWN,NON_RANDOMIZED,False,SINGLE,1.0,True,False,CROSSOVER,False,placebo/sham,True,,,,,False,False,False,False,False,0,False,,False,True
NCT02462850,2014.0,<=2015,PHASE3,drug,1,178.0,INDUSTRY,COMPLETED,NA,False,NONE,0.0,False,False,SINGLE_GROUP,True,none/single-group,False,,,,,True,True,False,False,False,0,False,,False,
NCT02752971,2015.0,<=2015,PHASE3,drug,3,43.0,OTHER,COMPLETED,RANDOMIZED,True,TRIPLE,3.0,True,True,CROSSOVER,False,none/single-group,False,,,,,True,True,True,False,False,0,False,,False,
NCT04618497,2020.0,2016-2020,PHASE3,drug,2,40.0,OTHER_GOV,COMPLETED,RANDOMIZED,True,NONE,0.0,False,False,PARALLEL,False,active,True,,,,,True,True,False,False,False,0,False,,False,False
NCT02479971,2014.0,<=2015,PHASE3,drug,2,60.0,OTHER,COMPLETED,RANDOMIZED,True,DOUBLE,2.0,True,True,PARALLEL,False,active,True,,,,,True,False,False,False,False,0,False,,False,True
NCT03825887,2018.0,2016-2020,PHASE3,drug,2,80.0,OTHER,COMPLETED,RANDOMIZED,True,QUADRUPLE,4.0,True,True,PARALLEL,False,active,True,,,,,True,False,False,False,False,0,False,,False,False
NCT07579975,2026.0,2021-2026,NA,drug,2,70.0,OTHER,NOT_YET_RECRUITING,RANDOMIZED,True,DOUBLE,2.0,True,True,PARALLEL,True,none/single-group,False,,,,,False,True,False,False,False,0,False,NO,False,False
NCT03653260,2018.0,2016-2020,PHASE3,drug,2,288.0,INDUSTRY,COMPLETED,RANDOMIZED,True,DOUBLE,2.0,True,True,PARALLEL,True,placebo/sham,True,,,,,True,True,False,False,False,0,False,NO,False,False
NCT04484428,2020.0,2016-2020,PHASE2,drug,2,126.0,INDUSTRY,TERMINATED,RANDOMIZED,True,TRIPLE,3.0,True,True,PARALLEL,True,active,True,126.0,116.0,0.07936507936507942,True,False,True,False,True,False,0,False,,False,False
NCT02092454,2013.0,<=2015,PHASE2,drug,2,65.0,INDUSTRY,COMPLETED,RANDOMIZED,True,DOUBLE,2.0,True,True,PARALLEL,True,placebo/sham,True,,,,,False,True,False,False,False,0,False,,False,
NCT05359731,2022.0,2021-2026,PHASE4,drug,2,20.0,OTHER,COMPLETED,RANDOMIZED,True,TRIPLE,3.0,True,True,PARALLEL,False,active,True,,,,,True,False,False,False,False,1,True,,False,True
NCT03266445,2018.0,2016-2020,PHASE4,drug,2,76.0,OTHER,UNKNOWN,RANDOMIZED,True,NONE,0.0,False,False,PARALLEL,False,active,True,,,,,True,True,False,False,False,0,False,NO,False,True
NCT01586143,2012.0,<=2015,PHASE3,drug,2,43.0,OTHER,COMPLETED,RANDOMIZED,True,DOUBLE,2.0,True,True,PARALLEL,False,placebo/sham,True,,,,,True,True,False,False,False,1,True,,False,
NCT04879004,2021.0,2021-2026,NA,drug,2,40.0,OTHER,UNKNOWN,RANDOMIZED,True,QUADRUPLE,4.0,True,True,PARALLEL,True,placebo/sham,True,,,,,False,False,False,False,False,0,False,NO,False,False
NCT04166877,2019.0,2016-2020,PHASE4,drug,2,156.0,OTHER,RECRUITING,RANDOMIZED,True,QUADRUPLE,4.0,True,True,PARALLEL,True,placebo/sham,True,,,,,True,True,False,False,False,0,False,NO,False,True
NCT07240649,2026.0,2021-2026,PHASE4,both,1,100.0,OTHER,NOT_YET_RECRUITING,NA,False,NONE,0.0,False,False,SINGLE_GROUP,True,none/single-group,False,,,,,True,True,False,False,False,0,False,,False,False
NCT03980990,2019.0,2016-2020,PHASE4,drug,2,500.0,OTHER,UNKNOWN,RANDOMIZED,True,NONE,0.0,False,False,PARALLEL,True,no-intervention,True,,,,,True,True,False,False,False,0,False,NO,False,False
NCT07126483,2025.0,2021-2026,NA,both,2,70.0,OTHER,COMPLETED,RANDOMIZED,True,TRIPLE,3.0,True,True,PARALLEL,True,none/single-group,False,,,,,False,True,False,False,False,1,True,YES,True,False
NCT04852484,2021.0,2021-2026,NA,drug,3,90.0,OTHER,UNKNOWN,RANDOMIZED,True,QUADRUPLE,4.0,True,True,PARALLEL,True,active,True,,,,,False,False,True,False,False,0,False,NO,False,False
NCT03693820,2018.0,2016-2020,NA,drug,2,70.0,OTHER,COMPLETED,RANDOMIZED,True,QUADRUPLE,4.0,True,True,PARALLEL,True,placebo/sham,True,,,,,False,False,False,False,False,0,False,,False,
NCT00001724,1997.0,<=2015,PHASE2,drug,0,100.0,NIH,COMPLETED,,False,,,False,False,,True,none/single-group,False,,,,,False,True,False,False,False,0,False,,False,
NCT03422861,2023.0,2021-2026,NA,drug,2,80.0,OTHER,UNKNOWN,RANDOMIZED,True,QUADRUPLE,4.0,True,True,PARALLEL,True,placebo/sham,True,,,,,False,False,False,False,True,0,False,,False,False
NCT02037412,2014.0,<=2015,PHASE4,drug,2,148.0,OTHER,TERMINATED,RANDOMIZED,True,NONE,0.0,False,False,PARALLEL,True,active,True,,,,,True,True,False,False,False,0,False,,False,True
NCT04162028,2019.0,2016-2020,PHASE4,drug,1,0.0,OTHER,WITHDRAWN,NA,False,NONE,0.0,False,False,SINGLE_GROUP,False,none/single-group,False,,,,,True,True,False,False,False,0,False,,False,False
NCT03311594,2019.0,2016-2020,PHASE1,drug,8,379.0,OTHER,COMPLETED,RANDOMIZED,True,SINGLE,1.0,True,False,FACTORIAL,True,placebo/sham,True,,,,,False,False,True,False,False,1,True,NO,False,False
NCT03199924,2016.0,2016-2020,PHASE2,drug,3,600.0,OTHER,COMPLETED,RANDOMIZED,True,DOUBLE,2.0,True,True,PARALLEL,True,active,True,,,,,False,True,True,False,False,0,False,NO,False,True
NCT06656299,2024.0,2021-2026,NA,both,2,60.0,OTHER,RECRUITING,RANDOMIZED,True,DOUBLE,2.0,True,True,PARALLEL,True,active,True,,,,,False,True,False,False,False,0,False,NO,False,False
NCT02781415,2014.0,<=2015,PHASE3,both,2,200.0,OTHER,COMPLETED,RANDOMIZED,True,NONE,0.0,False,False,PARALLEL,True,active,True,,,,,True,True,False,False,False,0,False,YES,True,True
NCT03257319,2017.0,2016-2020,PHASE3,both,2,226.0,OTHER,COMPLETED,RANDOMIZED,True,SINGLE,1.0,True,False,PARALLEL,True,placebo/sham,True,,,,,True,True,False,False,False,1,True,NO,False,False
NCT04163185,2019.0,2016-2020,PHASE3,drug,2,302.0,INDUSTRY,COMPLETED,RANDOMIZED,True,DOUBLE,2.0,True,True,PARALLEL,True,placebo/sham,True,302.0,283.0,0.0629139072847682,True,True,True,False,True,False,0,False,NO,False,False
NCT04656821,2020.0,2016-2020,PHASE4,both,3,90.0,OTHER,UNKNOWN,RANDOMIZED,True,NONE,0.0,False,False,PARALLEL,False,active,True,,,,,True,True,True,False,False,0,False,YES,True,
NCT02081391,2015.0,<=2015,PHASE3,drug,2,216.0,INDUSTRY,COMPLETED,RANDOMIZED,True,QUADRUPLE,4.0,True,True,PARALLEL,True,placebo/sham,True,175.0,150.0,0.1428571428571429,True,True,True,False,True,False,0,False,YES,True,True
NCT00440830,2005.0,<=2015,PHASE4,drug,4,68.0,OTHER,COMPLETED,RANDOMIZED,True,QUADRUPLE,4.0,True,True,PARALLEL,False,placebo/sham,True,68.0,68.0,0.0,True,True,True,True,True,True,0,False,,False,False
NCT00627367,2007.0,<=2015,PHASE3,drug,2,224.0,OTHER,COMPLETED,RANDOMIZED,True,NONE,0.0,False,False,PARALLEL,True,active,True,224.0,224.0,0.0,True,True,True,False,True,False,0,False,,False,False
NCT04779567,2019.0,2016-2020,PHASE4,drug,2,112.0,OTHER,COMPLETED,RANDOMIZED,True,QUADRUPLE,4.0,True,True,PARALLEL,True,placebo/sham,True,,,,,True,True,False,False,True,2,True,YES,True,True
NCT03922620,2020.0,2016-2020,PHASE4,drug,2,1.0,OTHER,TERMINATED,RANDOMIZED,True,NONE,0.0,False,False,PARALLEL,False,active,True,1.0,0.0,1.0,False,True,True,False,True,False,0,False,,False,False
NCT01742689,2012.0,<=2015,PHASE3,drug,2,88.0,OTHER,UNKNOWN,RANDOMIZED,True,QUADRUPLE,4.0,True,True,PARALLEL,False,placebo/sham,True,,,,,True,True,False,False,False,0,False,,False,True
NCT02914015,2018.0,2016-2020,NA,both,2,40.0,OTHER,TERMINATED,RANDOMIZED,True,SINGLE,1.0,True,False,PARALLEL,True,active,True,,,,,False,False,False,False,False,0,False,NO,False,False
NCT05173090,2022.0,2021-2026,NA,drug,2,120.0,OTHER,UNKNOWN,RANDOMIZED,True,SINGLE,1.0,True,False,PARALLEL,True,placebo/sham,True,,,,,False,True,False,False,False,0,False,,False,True
NCT01516008,2012.0,<=2015,PHASE3,drug,3,353.0,INDUSTRY,COMPLETED,RANDOMIZED,True,DOUBLE,2.0,True,True,PARALLEL,True,placebo/sham,True,352.0,273.0,0.22443181818181823,False,True,True,True,True,False,1,True,,False,False
NCT01701921,2011.0,<=2015,PHASE2;PHASE3,drug,3,94.0,OTHER,COMPLETED,RANDOMIZED,True,TRIPLE,3.0,True,True,PARALLEL,False,placebo/sham,True,,,,,True,False,True,False,False,0,False,UNDECIDED,False,False
NCT03470038,2018.0,2016-2020,EARLY_PHASE1,drug,2,21.0,OTHER,COMPLETED,RANDOMIZED,True,DOUBLE,2.0,True,True,CROSSOVER,False,none/single-group,False,,,,,False,False,False,False,False,1,True,NO,False,True
NCT04689217,2021.0,2021-2026,NA,drug,3,135.0,OTHER,COMPLETED,RANDOMIZED,True,QUADRUPLE,4.0,True,True,PARALLEL,True,placebo/sham,True,,,,,False,False,True,False,False,0,False,NO,False,
NCT05935059,2023.0,2021-2026,NA,drug,2,90.0,OTHER,COMPLETED,RANDOMIZED,True,NONE,0.0,False,False,PARALLEL,True,active,True,,,,,False,False,False,False,False,0,False,,False,True
NCT00560183,2007.0,<=2015,PHASE3,drug,2,256.0,INDUSTRY,COMPLETED,RANDOMIZED,True,DOUBLE,2.0,True,True,PARALLEL,True,placebo/sham,True,,,,,True,True,False,False,False,0,False,,False,False
NCT01757418,2008.0,<=2015,PHASE1;PHASE2,drug,2,300.0,OTHER,COMPLETED,RANDOMIZED,True,QUADRUPLE,4.0,True,True,PARALLEL,True,placebo/sham,True,,,,,False,True,False,False,False,0,False,NO,False,True
NCT01157819,2010.0,<=2015,PHASE2,drug,2,70.0,INDUSTRY,COMPLETED,RANDOMIZED,True,NONE,0.0,False,False,PARALLEL,True,active,True,,,,,False,True,False,False,False,0,False,,False,True
NCT06235606,2024.0,2021-2026,PHASE3,drug,2,96.0,OTHER,COMPLETED,RANDOMIZED,True,TRIPLE,3.0,True,True,PARALLEL,False,active,True,,,,,True,True,False,False,False,0,False,,False,False
NCT06299137,2024.0,2021-2026,EARLY_PHASE1,both,2,40.0,OTHER,COMPLETED,RANDOMIZED,True,SINGLE,1.0,True,False,PARALLEL,True,no-intervention,True,,,,,False,True,False,False,False,1,True,UNDECIDED,False,True
NCT05672394,2021.0,2021-2026,NA,both,2,74.0,OTHER,COMPLETED,RANDOMIZED,True,NONE,0.0,False,False,PARALLEL,True,active,True,,,,,False,True,False,False,False,0,False,,False,True
NCT05142176,2022.0,2021-2026,NA,drug,2,75.0,OTHER,UNKNOWN,RANDOMIZED,True,DOUBLE,2.0,True,True,PARALLEL,True,placebo/sham,True,,,,,False,False,False,False,False,0,False,,False,
NCT01492361,2011.0,<=2015,PHASE3,drug,2,8179.0,INDUSTRY,COMPLETED,RANDOMIZED,True,TRIPLE,3.0,True,True,PARALLEL,True,placebo/sham,True,8179.0,7314.0,0.10575865020173614,True,True,False,False,True,True,9,True,NO,False,True
NCT00640432,2003.0,<=2015,PHASE4,drug,2,244.0,INDUSTRY,COMPLETED,RANDOMIZED,True,DOUBLE,2.0,True,True,PARALLEL,True,active,True,,,,,True,True,False,False,False,0,False,,False,False
NCT00251576,1999.0,<=2015,PHASE3,drug,0,4497.0,INDUSTRY,COMPLETED,RANDOMIZED,True,DOUBLE,2.0,True,True,PARALLEL,True,none/single-group,False,,,,,True,False,False,False,True,1,True,,False,
NCT05090761,2021.0,2021-2026,NA,drug,3,120.0,OTHER,UNKNOWN,RANDOMIZED,True,TRIPLE,3.0,True,True,PARALLEL,True,active,True,,,,,False,False,True,False,False,0,False,NO,False,False
NCT06499090,2024.0,2021-2026,EARLY_PHASE1,drug,2,62.0,OTHER,COMPLETED,RANDOMIZED,True,DOUBLE,2.0,True,True,PARALLEL,True,placebo/sham,True,,,,,False,False,False,False,False,0,False,,False,
NCT00617695,2003.0,<=2015,PHASE3,drug,2,247.0,INDUSTRY,COMPLETED,RANDOMIZED,True,SINGLE,1.0,True,False,CROSSOVER,True,placebo/sham,True,,,,,True,True,False,False,False,0,False,,False,
NCT05707754,2023.0,2021-2026,PHASE1,both,4,220.0,OTHER,COMPLETED,RANDOMIZED,True,NONE,0.0,False,False,PARALLEL,True,active,True,,,,,False,True,True,False,False,0,False,NO,False,
NCT02521311,2017.0,2016-2020,PHASE2,drug,2,90.0,OTHER,RECRUITING,RANDOMIZED,True,QUADRUPLE,4.0,True,True,PARALLEL,True,placebo/sham,True,,,,,False,True,False,False,False,0,False,,False,False
NCT05669924,2022.0,2021-2026,PHASE2,drug,2,40.0,OTHER,COMPLETED,RANDOMIZED,True,QUADRUPLE,4.0,True,True,CROSSOVER,False,placebo/sham,True,,,,,False,False,False,False,False,0,False,YES,True,False
NCT03764072,2018.0,2016-2020,PHASE2,drug,6,250.0,INDUSTRY,COMPLETED,RANDOMIZED,True,DOUBLE,2.0,True,True,PARALLEL,True,placebo/sham,True,250.0,247.0,0.01200000000000001,True,False,True,True,True,False,0,False,,False,False
NCT00181818,1999.0,<=2015,PHASE4,drug,0,248.0,OTHER,COMPLETED,RANDOMIZED,True,DOUBLE,2.0,True,True,PARALLEL,True,none/single-group,False,,,,,True,True,False,False,False,3,True,,False,
NCT06619847,2024.0,2021-2026,PHASE2,drug,3,367.0,INDUSTRY,COMPLETED,RANDOMIZED,True,QUADRUPLE,4.0,True,True,PARALLEL,True,placebo/sham,True,,,,,False,True,True,False,False,0,False,NO,False,
NCT02293395,2015.0,<=2015,PHASE2,drug,4,3037.0,INDUSTRY,COMPLETED,RANDOMIZED,True,DOUBLE,2.0,True,True,PARALLEL,True,active,True,3037.0,3021.0,0.0052683569311821055,True,False,True,True,True,False,4,True,,False,True
NCT03549026,2018.0,2016-2020,NA,drug,2,70.0,OTHER,UNKNOWN,RANDOMIZED,True,DOUBLE,2.0,True,True,PARALLEL,True,placebo/sham,True,,,,,False,True,False,False,False,0,False,,False,
NCT05829707,2009.0,<=2015,PHASE4,drug,3,120.0,OTHER,COMPLETED,RANDOMIZED,True,DOUBLE,2.0,True,True,PARALLEL,True,active,True,,,,,True,True,True,False,False,1,True,NO,False,True
NCT07463430,2026.0,2021-2026,PHASE4,drug,1,120.0,OTHER,ENROLLING_BY_INVITATION,NA,False,NONE,0.0,False,False,SINGLE_GROUP,True,none/single-group,False,,,,,True,True,False,False,False,0,False,YES,True,False
NCT05472090,2022.0,2021-2026,PHASE2,drug,2,63.0,INDUSTRY,COMPLETED,RANDOMIZED,True,QUADRUPLE,4.0,True,True,PARALLEL,True,placebo/sham,True,63.0,51.0,0.19047619047619047,True,False,True,False,True,False,0,False,NO,False,False
NCT02746263,2016.0,2016-2020,PHASE4,drug,2,1.0,INDUSTRY,TERMINATED,RANDOMIZED,True,DOUBLE,2.0,True,True,PARALLEL,False,active,True,1.0,1.0,0.0,True,True,True,False,True,False,0,False,NO,False,False
NCT04013958,2019.0,2016-2020,PHASE3,drug,2,100.0,OTHER_GOV,UNKNOWN,RANDOMIZED,True,TRIPLE,3.0,True,True,PARALLEL,True,active,True,,,,,True,False,False,False,False,0,False,YES,True,False
NCT00643383,2008.0,<=2015,PHASE3,drug,2,277.0,INDUSTRY,COMPLETED,RANDOMIZED,True,QUADRUPLE,4.0,True,True,PARALLEL,True,placebo/sham,True,,,,,True,True,False,False,False,1,True,,False,
NCT06320041,2024.0,2021-2026,PHASE4,drug,3,162.0,OTHER,RECRUITING,RANDOMIZED,True,QUADRUPLE,4.0,True,True,PARALLEL,True,active,True,,,,,True,True,True,False,False,0,False,NO,False,False
NCT03095222,2017.0,2016-2020,PHASE4,drug,2,0.0,OTHER,WITHDRAWN,RANDOMIZED,True,NONE,0.0,False,False,PARALLEL,False,active,True,,,,,True,True,False,False,False,0,False,,False,False
NCT00102791,2005.0,<=2015,PHASE3,drug,0,297.0,INDUSTRY,TERMINATED,RANDOMIZED,True,DOUBLE,2.0,True,True,PARALLEL,True,none/single-group,False,,,,,True,True,False,False,False,0,False,,False,True
NCT01667744,2016.0,2016-2020,PHASE1;PHASE2,drug,2,0.0,OTHER,WITHDRAWN,NON_RANDOMIZED,False,DOUBLE,2.0,True,True,CROSSOVER,False,placebo/sham,True,,,,,False,True,False,False,False,0,False,UNDECIDED,False,True
NCT03171987,2017.0,2016-2020,PHASE4,drug,2,85.0,OTHER,COMPLETED,RANDOMIZED,True,DOUBLE,2.0,True,True,PARALLEL,False,active,True,,,,,True,True,False,False,False,0,False,NO,False,False
NCT04626063,2018.0,2016-2020,NA,drug,3,240.0,OTHER,COMPLETED,RANDOMIZED,True,NONE,0.0,False,False,PARALLEL,True,active,True,,,,,False,True,True,False,False,0,False,,False,True
NCT05150431,2021.0,2021-2026,PHASE4,drug,2,58.0,OTHER,COMPLETED,RANDOMIZED,True,DOUBLE,2.0,True,True,PARALLEL,False,placebo/sham,True,,,,,True,True,False,False,False,0,False,,False,
NCT05325580,2021.0,2021-2026,PHASE3,drug,2,424.0,OTHER,RECRUITING,RANDOMIZED,True,TRIPLE,3.0,True,True,PARALLEL,True,placebo/sham,True,,,,,True,True,False,False,False,0,False,,False,False
NCT01350583,2010.0,<=2015,NA,drug,1,2.0,OTHER,TERMINATED,NA,False,NONE,0.0,False,False,SINGLE_GROUP,False,none/single-group,False,2.0,2.0,0.0,True,False,False,False,True,False,1,True,,False,True
NCT00269022,2006.0,<=2015,PHASE2,drug,0,70.0,INDUSTRY,COMPLETED,RANDOMIZED,True,SINGLE,1.0,True,False,CROSSOVER,True,none/single-group,False,,,,,False,True,False,False,False,0,False,,False,
NCT07147049,2025.0,2021-2026,PHASE2,drug,2,72.0,INDUSTRY,RECRUITING,RANDOMIZED,True,QUADRUPLE,4.0,True,True,PARALLEL,True,placebo/sham,True,,,,,False,True,False,False,False,0,False,NO,False,False
NCT07618676,2025.0,2021-2026,NA,drug,2,62.0,OTHER,RECRUITING,RANDOMIZED,True,SINGLE,1.0,True,False,PARALLEL,True,active,True,,,,,False,True,False,False,False,0,False,NO,False,
NCT00573170,2008.0,<=2015,PHASE3,drug,6,375.0,INDUSTRY,COMPLETED,RANDOMIZED,True,DOUBLE,2.0,True,True,CROSSOVER,True,none/single-group,False,375.0,374.0,0.002666666666666706,True,True,True,True,True,False,1,True,,False,False
NCT06989567,2025.0,2021-2026,PHASE3,drug,2,120.0,INDUSTRY,NOT_YET_RECRUITING,RANDOMIZED,True,QUADRUPLE,4.0,True,True,PARALLEL,True,placebo/sham,True,,,,,True,True,False,False,False,0,False,NO,False,True
NCT00839787,2008.0,<=2015,NA,drug,2,0.0,OTHER,WITHDRAWN,RANDOMIZED,True,TRIPLE,3.0,True,True,PARALLEL,False,placebo/sham,True,,,,,False,True,False,False,False,0,False,,False,False
NCT02767349,2016.0,2016-2020,PHASE1,drug,1,0.0,INDUSTRY,WITHDRAWN,NA,False,NONE,0.0,False,False,SINGLE_GROUP,False,none/single-group,False,,,,,False,True,False,False,False,0,False,,False,False
NCT07266974,2026.0,2021-2026,PHASE2;PHASE3,drug,2,60.0,OTHER,NOT_YET_RECRUITING,RANDOMIZED,True,SINGLE,1.0,True,False,PARALLEL,False,active,True,,,,,True,True,False,False,False,0,False,NO,False,False
NCT04883034,2020.0,2016-2020,NA,both,2,60.0,OTHER,UNKNOWN,RANDOMIZED,True,SINGLE,1.0,True,False,PARALLEL,True,placebo/sham,True,,,,,False,True,False,False,False,0,False,,False,True
NCT06680466,2023.0,2021-2026,PHASE2,drug,6,179.0,INDUSTRY,COMPLETED,RANDOMIZED,True,QUADRUPLE,4.0,True,True,PARALLEL,True,placebo/sham,True,,,,,False,True,True,False,False,0,False,,False,
NCT03502889,2019.0,2016-2020,NA,both,2,128.0,FED,UNKNOWN,RANDOMIZED,True,NONE,0.0,False,False,PARALLEL,True,active,True,,,,,False,True,False,False,False,0,False,UNDECIDED,False,True
NCT06379425,2024.0,2021-2026,PHASE4,drug,2,70.0,OTHER,RECRUITING,RANDOMIZED,True,NONE,0.0,False,False,CROSSOVER,False,active,True,,,,,True,False,False,False,False,0,False,,False,True
NCT05283980,2022.0,2021-2026,PHASE2;PHASE3,drug,2,62.0,OTHER,ACTIVE_NOT_RECRUITING,RANDOMIZED,True,TRIPLE,3.0,True,True,PARALLEL,False,placebo/sham,True,,,,,True,False,False,False,False,0,False,,False,
NCT00478023,2007.0,<=2015,PHASE3,drug,5,854.0,INDUSTRY,COMPLETED,RANDOMIZED,True,TRIPLE,3.0,True,True,PARALLEL,True,placebo/sham,True,854.0,690.0,0.1920374707259953,True,True,True,True,True,False,0,False,,False,False
NCT03063671,2017.0,2016-2020,PHASE2;PHASE3,drug,4,20.0,OTHER,COMPLETED,RANDOMIZED,True,QUADRUPLE,4.0,True,True,PARALLEL,False,active,True,,,,,True,False,True,False,False,0,False,,False,True
NCT03362216,2009.0,<=2015,NA,drug,2,216.0,OTHER,COMPLETED,RANDOMIZED,True,DOUBLE,2.0,True,True,PARALLEL,True,active,True,,,,,False,True,False,False,False,0,False,NO,False,False
NCT01954368,2014.0,<=2015,PHASE4,drug,2,144.0,OTHER,COMPLETED,RANDOMIZED,True,TRIPLE,3.0,True,True,PARALLEL,True,placebo/sham,True,,,,,True,True,False,False,False,0,False,,False,False
NCT03429738,2014.0,<=2015,PHASE1,drug,2,66.0,NETWORK,COMPLETED,RANDOMIZED,True,NONE,0.0,False,False,CROSSOVER,True,active,True,,,,,False,True,False,False,False,0,False,NO,False,False
NCT00043784,2001.0,<=2015,PHASE3,drug,0,8000.0,INDUSTRY,COMPLETED,RANDOMIZED,True,NONE,0.0,False,False,PARALLEL,True,none/single-group,False,,,,,True,True,False,False,True,2,True,,False,
NCT00743925,2008.0,<=2015,PHASE2,drug,2,625.0,INDUSTRY,COMPLETED,RANDOMIZED,True,QUADRUPLE,4.0,True,True,PARALLEL,True,placebo/sham,True,,,,,False,True,False,False,False,1,True,,False,False
NCT04177862,2019.0,2016-2020,PHASE4,drug,2,75.0,OTHER,COMPLETED,RANDOMIZED,True,TRIPLE,3.0,True,True,PARALLEL,False,active,True,75.0,66.0,0.12,True,True,True,False,True,False,0,False,NO,False,True
NCT01761656,2012.0,<=2015,PHASE2,drug,2,180.0,OTHER,UNKNOWN,RANDOMIZED,True,NONE,0.0,False,False,PARALLEL,True,active,True,,,,,False,False,False,False,False,0,False,,False,True
NCT03244540,2017.0,2016-2020,PHASE4,both,3,105.0,OTHER,COMPLETED,RANDOMIZED,True,TRIPLE,3.0,True,True,PARALLEL,True,none/single-group,False,,,,,True,True,True,False,False,1,True,NO,False,False
NCT05239767,2022.0,2021-2026,PHASE4,drug,2,407.0,OTHER,COMPLETED,RANDOMIZED,True,QUADRUPLE,4.0,True,True,FACTORIAL,True,active,True,,,,,True,True,False,False,False,0,False,NO,False,True
NCT03233035,2018.0,2016-2020,PHASE2,drug,2,1102.0,OTHER,COMPLETED,RANDOMIZED,True,TRIPLE,3.0,True,True,PARALLEL,True,placebo/sham,True,,,,,False,True,False,False,False,0,False,NO,False,True
NCT00150280,2004.0,<=2015,PHASE3,drug,0,132.0,INDUSTRY,COMPLETED,RANDOMIZED,True,DOUBLE,2.0,True,True,PARALLEL,True,none/single-group,False,,,,,True,True,False,False,False,0,False,,False,
NCT01546701,2011.0,<=2015,PHASE4,drug,2,80.0,OTHER,COMPLETED,RANDOMIZED,True,QUADRUPLE,4.0,True,True,PARALLEL,False,active,True,,,,,True,True,False,False,False,0,False,,False,True
NCT06178757,2023.0,2021-2026,NA,drug,2,60.0,OTHER,COMPLETED,RANDOMIZED,True,DOUBLE,2.0,True,True,PARALLEL,True,active,True,,,,,False,True,False,False,False,0,False,NO,False,False
NCT07618182,2026.0,2021-2026,NA,drug,2,116.0,OTHER,NOT_YET_RECRUITING,RANDOMIZED,True,SINGLE,1.0,True,False,PARALLEL,True,active,True,,,,,False,True,False,False,False,0,False,NO,False,False
NCT03865004,2015.0,<=2015,PHASE4,drug,3,136.0,OTHER,COMPLETED,RANDOMIZED,True,SINGLE,1.0,True,False,PARALLEL,True,placebo/sham,True,,,,,True,True,True,False,False,0,False,NO,False,False
NCT00682435,2007.0,<=2015,PHASE4,drug,1,230.0,OTHER,COMPLETED,NA,False,NONE,0.0,False,False,SINGLE_GROUP,True,none/single-group,False,230.0,223.0,0.0304347826086957,True,True,True,False,True,False,0,False,,False,False
NCT02289079,2013.0,<=2015,PHASE4,drug,2,60.0,OTHER,COMPLETED,RANDOMIZED,True,TRIPLE,3.0,True,True,PARALLEL,False,active,True,60.0,57.0,0.050000000000000044,True,True,True,False,True,False,1,True,,False,False
NCT02479828,2015.0,<=2015,NA,both,2,198.0,OTHER_GOV,COMPLETED,RANDOMIZED,True,TRIPLE,3.0,True,True,PARALLEL,True,placebo/sham,True,,,,,False,False,False,False,False,1,True,,False,False
NCT01825863,2013.0,<=2015,NA,drug,2,56.0,OTHER,COMPLETED,RANDOMIZED,True,QUADRUPLE,4.0,True,True,PARALLEL,True,placebo/sham,True,,,,,False,True,False,False,False,0,False,,False,True
NCT01372839,2010.0,<=2015,PHASE4,drug,2,300.0,OTHER,UNKNOWN,RANDOMIZED,True,NONE,0.0,False,False,PARALLEL,True,active,True,,,,,True,True,False,False,False,0,False,,False,False
NCT03883347,2019.0,2016-2020,PHASE3,drug,2,50.0,OTHER,UNKNOWN,RANDOMIZED,True,QUADRUPLE,4.0,True,True,PARALLEL,False,active,True,,,,,True,True,False,False,False,0,False,NO,False,False
NCT02462681,2015.0,<=2015,PHASE1;PHASE2,drug,3,90.0,OTHER,COMPLETED,RANDOMIZED,True,DOUBLE,2.0,True,True,CROSSOVER,True,active,True,,,,,False,True,True,False,False,0,False,,False,False
NCT05544656,2019.0,2016-2020,PHASE3,drug,2,150.0,OTHER,UNKNOWN,RANDOMIZED,True,QUADRUPLE,4.0,True,True,PARALLEL,True,placebo/sham,True,,,,,True,True,False,False,False,0,False,YES,True,False
NCT04148495,2019.0,2016-2020,PHASE4,drug,2,415.0,OTHER,COMPLETED,RANDOMIZED,True,DOUBLE,2.0,True,True,PARALLEL,True,active,True,,,,,True,True,False,False,False,2,True,NO,False,False
NCT05118620,2021.0,2021-2026,PHASE4,drug,2,0.0,OTHER,WITHDRAWN,RANDOMIZED,True,QUADRUPLE,4.0,True,True,PARALLEL,False,placebo/sham,True,,,,,True,True,False,False,False,0,False,UNDECIDED,False,False
NCT00581685,2008.0,<=2015,PHASE3,drug,1,31.0,OTHER,COMPLETED,RANDOMIZED,True,QUADRUPLE,4.0,True,True,PARALLEL,False,placebo/sham,True,,,,,True,True,False,False,False,0,False,,False,False
NCT07419815,2025.0,2021-2026,NA,drug,2,62.0,OTHER,ACTIVE_NOT_RECRUITING,RANDOMIZED,True,SINGLE,1.0,True,False,PARALLEL,True,placebo/sham,True,,,,,False,True,False,False,False,0,False,NO,False,False
NCT07046325,2025.0,2021-2026,NA,drug,2,40.0,OTHER,COMPLETED,RANDOMIZED,True,QUADRUPLE,4.0,True,True,PARALLEL,True,active,True,,,,,False,False,False,False,False,0,False,,False,True
NCT01339156,2011.0,<=2015,PHASE1,drug,2,46.0,INDUSTRY,TERMINATED,RANDOMIZED,True,QUADRUPLE,4.0,True,True,PARALLEL,True,placebo/sham,True,,,,,False,True,False,False,False,0,False,,False,False
NCT06201676,2025.0,2021-2026,PHASE4,drug,2,458.0,OTHER,RECRUITING,RANDOMIZED,True,NONE,0.0,False,False,PARALLEL,True,active,True,,,,,True,True,False,False,False,0,False,NO,False,False
NCT05347394,2022.0,2021-2026,PHASE1,drug,4,100.0,INDUSTRY,COMPLETED,RANDOMIZED,True,QUADRUPLE,4.0,True,True,SEQUENTIAL,True,placebo/sham,True,,,,,False,True,True,False,False,0,False,NO,False,
NCT00709436,2008.0,<=2015,PHASE3,drug,2,250.0,INDUSTRY,COMPLETED,RANDOMIZED,True,QUADRUPLE,4.0,True,True,PARALLEL,True,placebo/sham,True,,,,,True,True,False,False,False,0,False,,False,False
NCT00236535,2003.0,<=2015,PHASE3,drug,0,603.0,INDUSTRY,COMPLETED,RANDOMIZED,True,DOUBLE,2.0,True,True,PARALLEL,True,none/single-group,False,,,,,True,True,False,False,True,0,False,,False,
NCT04301895,2019.0,2016-2020,PHASE1,drug,2,20.0,OTHER,COMPLETED,NON_RANDOMIZED,False,NONE,0.0,False,False,CROSSOVER,False,none/single-group,False,,,,,False,False,False,False,False,1,True,NO,False,False
NCT01062113,2010.0,<=2015,PHASE2,drug,3,255.0,INDUSTRY,COMPLETED,RANDOMIZED,True,DOUBLE,2.0,True,True,PARALLEL,True,placebo/sham,True,255.0,162.0,0.3647058823529412,False,False,True,True,True,False,1,True,,False,False
NCT03770208,2019.0,2016-2020,NA,drug,2,26.0,OTHER,UNKNOWN,RANDOMIZED,True,TRIPLE,3.0,True,True,PARALLEL,False,placebo/sham,True,,,,,False,True,False,False,False,0,False,NO,False,False
NCT02621619,2016.0,2016-2020,PHASE4,drug,2,159.0,OTHER,COMPLETED,RANDOMIZED,True,QUADRUPLE,4.0,True,True,PARALLEL,True,placebo/sham,True,159.0,159.0,0.0,True,True,True,False,True,False,0,False,,False,True
NCT00880373,2011.0,<=2015,PHASE4,drug,2,320.0,OTHER,TERMINATED,RANDOMIZED,True,DOUBLE,2.0,True,True,PARALLEL,True,placebo/sham,True,,,,,True,True,False,False,False,1,True,,False,True
NCT06728553,2025.0,2021-2026,PHASE2,drug,2,78.0,INDUSTRY,COMPLETED,RANDOMIZED,True,TRIPLE,3.0,True,True,CROSSOVER,True,placebo/sham,True,,,,,False,True,False,False,False,0,False,,False,False
NCT01729728,2012.0,<=2015,PHASE2,drug,1,86.0,INDUSTRY,COMPLETED,NA,False,NONE,0.0,False,False,SINGLE_GROUP,True,none/single-group,False,66.0,58.0,0.12121212121212122,True,False,True,False,True,True,0,False,,False,
NCT01968005,2013.0,<=2015,PHASE3,drug,2,232.0,INDUSTRY,COMPLETED,RANDOMIZED,True,DOUBLE,2.0,True,True,PARALLEL,True,placebo/sham,True,,,,,True,True,False,False,False,0,False,,False,False
NCT05229055,2023.0,2021-2026,PHASE2;PHASE3,drug,2,1000.0,OTHER,COMPLETED,RANDOMIZED,True,TRIPLE,3.0,True,True,PARALLEL,True,active,True,,,,,True,True,False,False,False,0,False,NO,False,False
NCT06392087,2024.0,2021-2026,PHASE4,drug,2,1800.0,OTHER,NOT_YET_RECRUITING,RANDOMIZED,True,NONE,0.0,False,False,SEQUENTIAL,True,active,True,,,,,True,True,False,False,False,0,False,UNDECIDED,False,True
NCT03581123,2018.0,2016-2020,PHASE3,drug,4,1000.0,OTHER,COMPLETED,RANDOMIZED,True,DOUBLE,2.0,True,True,FACTORIAL,True,active,True,1000.0,1000.0,0.0,True,True,True,True,True,False,4,True,,False,True
NCT06932367,2021.0,2021-2026,PHASE4,drug,2,150.0,OTHER,COMPLETED,RANDOMIZED,True,SINGLE,1.0,True,False,PARALLEL,True,active,True,,,,,True,True,False,False,False,1,True,NO,False,False
NCT06395428,2024.0,2021-2026,PHASE4,drug,2,75.0,OTHER,RECRUITING,RANDOMIZED,True,TRIPLE,3.0,True,True,PARALLEL,False,active,True,,,,,True,True,False,False,True,0,False,NO,False,True
NCT00116012,2005.0,<=2015,PHASE2,drug,0,300.0,INDUSTRY,COMPLETED,RANDOMIZED,True,NONE,0.0,False,False,SINGLE_GROUP,True,none/single-group,False,,,,,False,True,False,False,False,1,True,,False,
NCT04523623,2020.0,2016-2020,NA,drug,2,0.0,OTHER,WITHDRAWN,RANDOMIZED,True,QUADRUPLE,4.0,True,True,PARALLEL,False,none/single-group,False,,,,,False,True,False,False,False,0,False,,False,
NCT04182880,2020.0,2016-2020,PHASE2,drug,2,20.0,INDUSTRY,COMPLETED,RANDOMIZED,True,TRIPLE,3.0,True,True,PARALLEL,False,placebo/sham,True,20.0,19.0,0.050000000000000044,True,False,True,False,True,True,0,False,,False,
NCT01804673,2008.0,<=2015,PHASE4,drug,1,174.0,INDUSTRY,TERMINATED,NA,False,NONE,0.0,False,False,SINGLE_GROUP,True,none/single-group,False,174.0,34.0,0.8045977011494253,False,True,True,False,True,False,0,False,,False,False
NCT06614257,2022.0,2021-2026,NA,both,2,84.0,OTHER,COMPLETED,RANDOMIZED,True,TRIPLE,3.0,True,True,PARALLEL,True,placebo/sham,True,,,,,False,True,False,False,True,0,False,,False,True
NCT00917436,2004.0,<=2015,PHASE4,drug,0,183.0,INDUSTRY,COMPLETED,,False,,,False,False,,True,none/single-group,False,,,,,True,True,False,False,False,0,False,,False,
NCT04333992,2017.0,2016-2020,NA,drug,2,48.0,OTHER,COMPLETED,RANDOMIZED,True,TRIPLE,3.0,True,True,PARALLEL,True,active,True,,,,,False,False,False,False,False,0,False,YES,True,True
NCT06835504,2026.0,2021-2026,PHASE3,drug,2,1010.0,OTHER,NOT_YET_RECRUITING,RANDOMIZED,True,QUADRUPLE,4.0,True,True,PARALLEL,True,active,True,,,,,True,True,False,False,False,0,False,YES,True,True
NCT03275922,2017.0,2016-2020,PHASE3,drug,2,374.0,INDUSTRY,COMPLETED,RANDOMIZED,True,QUADRUPLE,4.0,True,True,CROSSOVER,True,none/single-group,False,,,,,True,True,False,False,False,0,False,,False,False
NCT06281951,2024.0,2021-2026,PHASE1,drug,2,20.0,OTHER,RECRUITING,RANDOMIZED,True,NONE,0.0,False,False,CROSSOVER,False,none/single-group,False,,,,,False,True,False,False,False,1,True,NO,False,False
NCT00817986,2008.0,<=2015,PHASE2,drug,4,161.0,INDUSTRY,COMPLETED,RANDOMIZED,True,DOUBLE,2.0,True,True,PARALLEL,True,placebo/sham,True,,,,,False,True,True,False,False,0,False,NO,False,False
NCT03894800,2019.0,2016-2020,PHASE4,drug,4,12.0,OTHER,COMPLETED,RANDOMIZED,True,DOUBLE,2.0,True,True,CROSSOVER,False,placebo/sham,True,,,,,True,True,True,False,True,1,True,NO,False,False
NCT05385523,2022.0,2021-2026,NA,both,3,70.0,OTHER,COMPLETED,RANDOMIZED,True,QUADRUPLE,4.0,True,True,PARALLEL,True,none/single-group,False,,,,,False,True,True,False,True,0,False,NO,False,True
NCT05543785,2022.0,2021-2026,NA,drug,2,76.0,OTHER,RECRUITING,RANDOMIZED,True,DOUBLE,2.0,True,True,PARALLEL,True,placebo/sham,True,,,,,False,False,False,False,False,0,False,,False,
NCT03305055,2017.0,2016-2020,PHASE4,drug,2,4.0,OTHER,TERMINATED,RANDOMIZED,True,QUADRUPLE,4.0,True,True,PARALLEL,False,active,True,4.0,1.0,0.75,False,True,True,False,True,False,0,False,YES,True,True
NCT05737121,2023.0,2021-2026,PHASE2,drug,4,120.0,INDUSTRY,RECRUITING,RANDOMIZED,True,DOUBLE,2.0,True,True,PARALLEL,True,placebo/sham,True,,,,,False,True,True,False,False,0,False,NO,False,True
NCT04717986,2021.0,2021-2026,NA,drug,2,188.0,OTHER_GOV,COMPLETED,RANDOMIZED,True,TRIPLE,3.0,True,True,PARALLEL,True,placebo/sham,True,,,,,False,True,False,False,True,1,True,YES,True,True
NCT00595530,2008.0,<=2015,PHASE2,drug,1,3.0,OTHER,TERMINATED,NA,False,NONE,0.0,False,False,SINGLE_GROUP,False,none/single-group,False,3.0,3.0,0.0,True,False,True,False,True,False,1,True,NO,False,True
NCT01462812,2011.0,<=2015,PHASE3,drug,2,223.0,INDUSTRY,COMPLETED,RANDOMIZED,True,QUADRUPLE,4.0,True,True,PARALLEL,True,placebo/sham,True,223.0,222.0,0.004484304932735439,True,True,True,False,True,False,1,True,,False,False
NCT07587645,2024.0,2021-2026,NA,drug,2,46.0,OTHER_GOV,COMPLETED,RANDOMIZED,True,QUADRUPLE,4.0,True,True,PARALLEL,True,active,True,,,,,False,False,False,False,False,0,False,YES,True,False
NCT04912869,2022.0,2021-2026,PHASE1,drug,2,30.0,INDUSTRY,COMPLETED,RANDOMIZED,True,DOUBLE,2.0,True,True,PARALLEL,True,placebo/sham,True,,,,,False,True,False,False,False,0,False,NO,False,
NCT02982889,2016.0,2016-2020,PHASE1,drug,4,29.0,INDUSTRY,COMPLETED,RANDOMIZED,True,QUADRUPLE,4.0,True,True,FACTORIAL,False,placebo/sham,True,,,,,False,False,True,False,False,0,False,NO,False,False
NCT02616068,2015.0,<=2015,PHASE3,drug,2,242.0,INDUSTRY,COMPLETED,RANDOMIZED,True,QUADRUPLE,4.0,True,True,PARALLEL,True,active,True,,,,,True,True,False,False,True,0,False,,False,False
NCT05561257,2020.0,2016-2020,PHASE2,drug,4,12.0,INDUSTRY,TERMINATED,RANDOMIZED,True,QUADRUPLE,4.0,True,True,PARALLEL,False,placebo/sham,True,,,,,False,True,True,False,False,0,False,,False,
NCT01679366,2012.0,<=2015,PHASE3,drug,3,57.0,OTHER_GOV,COMPLETED,RANDOMIZED,True,DOUBLE,2.0,True,True,PARALLEL,False,placebo/sham,True,,,,,True,True,True,False,False,0,False,,False,True
NCT05057689,2025.0,2021-2026,PHASE2,drug,3,0.0,OTHER,WITHDRAWN,RANDOMIZED,True,TRIPLE,3.0,True,True,PARALLEL,False,none/single-group,False,,,,,False,True,True,False,False,0,False,,False,True
NCT02335294,2014.0,<=2015,PHASE2,drug,3,200.0,INDUSTRY,COMPLETED,RANDOMIZED,True,QUADRUPLE,4.0,True,True,PARALLEL,True,placebo/sham,True,200.0,186.0,0.06999999999999995,True,False,True,True,True,False,0,False,,False,False
NCT00986180,2009.0,<=2015,PHASE3,drug,2,667.0,INDUSTRY,COMPLETED,RANDOMIZED,True,QUADRUPLE,4.0,True,True,PARALLEL,True,active,True,645.0,545.0,0.15503875968992253,True,True,True,False,True,False,1,True,,False,False
NCT05672667,2023.0,2021-2026,PHASE1,drug,1,25.0,OTHER,COMPLETED,NA,False,NONE,0.0,False,False,SINGLE_GROUP,False,none/single-group,False,25.0,24.0,0.040000000000000036,True,False,False,False,True,False,1,True,YES,True,True
NCT01441531,2012.0,<=2015,EARLY_PHASE1,drug,2,0.0,OTHER,WITHDRAWN,RANDOMIZED,True,QUADRUPLE,4.0,True,True,PARALLEL,False,placebo/sham,True,,,,,False,True,False,False,False,0,False,,False,False
NCT02373254,2015.0,<=2015,EARLY_PHASE1,drug,3,1.0,OTHER,COMPLETED,RANDOMIZED,True,SINGLE,1.0,True,False,PARALLEL,False,active,True,,,,,False,True,True,False,False,0,False,,False,True
NCT01787110,2013.0,<=2015,PHASE3,drug,2,6629.0,OTHER,COMPLETED,RANDOMIZED,True,NONE,0.0,False,False,PARALLEL,True,active,True,,,,,True,True,False,False,False,7,True,NO,False,False
NCT06725485,2021.0,2021-2026,PHASE4,drug,1,18.0,OTHER,COMPLETED,NA,False,NONE,0.0,False,False,SINGLE_GROUP,False,none/single-group,False,,,,,True,True,False,False,False,0,False,NO,False,False
NCT06493838,2024.0,2021-2026,PHASE4,drug,2,180.0,OTHER,NOT_YET_RECRUITING,RANDOMIZED,True,DOUBLE,2.0,True,True,PARALLEL,True,placebo/sham,True,,,,,True,False,False,False,False,0,False,,False,
NCT05807945,2020.0,2016-2020,PHASE4,drug,2,70.0,OTHER,COMPLETED,RANDOMIZED,True,QUADRUPLE,4.0,True,True,PARALLEL,False,active,True,70.0,70.0,0.0,True,True,True,False,True,False,0,False,NO,False,True
NCT01997567,2013.0,<=2015,NA,drug,2,3.0,OTHER,TERMINATED,RANDOMIZED,True,QUADRUPLE,4.0,True,True,PARALLEL,False,placebo/sham,True,0.0,0.0,,,False,True,False,True,False,0,False,NO,False,False
NCT05558410,2022.0,2021-2026,PHASE3,drug,3,1118.0,INDUSTRY,COMPLETED,RANDOMIZED,True,QUADRUPLE,4.0,True,True,PARALLEL,True,placebo/sham,True,1118.0,1055.0,0.05635062611806796,True,True,True,True,True,False,1,True,NO,False,
NCT03122314,2015.0,<=2015,PHASE4,drug,2,200.0,OTHER,COMPLETED,RANDOMIZED,True,TRIPLE,3.0,True,True,FACTORIAL,True,none/single-group,False,,,,,True,True,False,False,False,1,True,NO,False,True
NCT02645903,2015.0,<=2015,PHASE4,drug,2,50.0,OTHER,COMPLETED,RANDOMIZED,True,DOUBLE,2.0,True,True,PARALLEL,False,placebo/sham,True,,,,,True,True,False,False,True,0,False,NO,False,False
NCT01874626,2013.0,<=2015,PHASE3,drug,2,305.0,INDUSTRY,COMPLETED,RANDOMIZED,True,TRIPLE,3.0,True,True,PARALLEL,True,placebo/sham,True,,,,,True,True,False,False,False,0,False,,False,
NCT07057934,2024.0,2021-2026,NA,both,3,90.0,OTHER_GOV,COMPLETED,RANDOMIZED,True,TRIPLE,3.0,True,True,PARALLEL,True,none/single-group,False,,,,,False,True,True,False,False,0,False,NO,False,False
NCT04175743,2019.0,2016-2020,PHASE1,drug,3,21.0,OTHER,UNKNOWN,RANDOMIZED,True,DOUBLE,2.0,True,True,SEQUENTIAL,False,none/single-group,False,,,,,False,False,True,False,False,1,True,,False,False
NCT00364247,,,PHASE3,drug,0,602.0,INDUSTRY,COMPLETED,RANDOMIZED,True,DOUBLE,2.0,True,True,PARALLEL,True,none/single-group,False,,,,,True,True,False,False,False,1,True,,False,
NCT06514365,2020.0,2016-2020,NA,drug,2,62.0,OTHER,RECRUITING,RANDOMIZED,True,DOUBLE,2.0,True,True,PARALLEL,True,active,True,,,,,False,True,False,False,False,0,False,NO,False,
NCT00677053,2008.0,<=2015,PHASE2,drug,9,2753.0,INDUSTRY,COMPLETED,RANDOMIZED,True,QUADRUPLE,4.0,True,True,PARALLEL,True,placebo/sham,True,,,,,False,True,True,False,False,0,False,,False,True
NCT00792376,2009.0,<=2015,PHASE4,drug,2,56.0,OTHER,COMPLETED,RANDOMIZED,True,TRIPLE,3.0,True,True,PARALLEL,False,active,True,,,,,True,True,False,False,False,0,False,,False,False
NCT05863221,2023.0,2021-2026,PHASE4,drug,2,120.0,OTHER,UNKNOWN,RANDOMIZED,True,NONE,0.0,False,False,PARALLEL,True,no-intervention,True,,,,,True,True,False,False,False,0,False,NO,False,False
NCT02032303,2014.0,<=2015,PHASE4,both,2,88.0,OTHER,UNKNOWN,RANDOMIZED,True,NONE,0.0,False,False,PARALLEL,False,active,True,,,,,True,False,False,False,False,0,False,,False,
NCT03571919,2018.0,2016-2020,PHASE4,drug,2,0.0,OTHER,WITHDRAWN,RANDOMIZED,True,TRIPLE,3.0,True,True,PARALLEL,False,placebo/sham,True,,,,,True,True,False,False,False,0,False,NO,False,False
NCT01066520,2009.0,<=2015,PHASE3,drug,3,449.0,INDUSTRY,COMPLETED,RANDOMIZED,True,DOUBLE,2.0,True,True,PARALLEL,True,active,True,420.0,420.0,0.0,True,True,True,True,True,False,1,True,,False,False
NCT05868122,2023.0,2021-2026,PHASE3,drug,2,143.0,INDUSTRY,COMPLETED,RANDOMIZED,True,QUADRUPLE,4.0,True,True,PARALLEL,True,placebo/sham,True,,,,,True,True,False,False,False,0,False,YES,True,False
NCT02935933,2016.0,2016-2020,PHASE1;PHASE2,drug,3,90.0,OTHER,UNKNOWN,RANDOMIZED,True,DOUBLE,2.0,True,True,PARALLEL,True,active,True,,,,,False,True,True,False,False,0,False,NO,False,False
NCT03137498,2017.0,2016-2020,PHASE4,drug,2,60.0,OTHER,UNKNOWN,RANDOMIZED,True,QUADRUPLE,4.0,True,True,PARALLEL,False,active,True,,,,,True,True,False,False,False,0,False,NO,False,True
NCT01622322,2012.0,<=2015,NA,drug,2,0.0,OTHER,WITHDRAWN,RANDOMIZED,True,TRIPLE,3.0,True,True,PARALLEL,False,placebo/sham,True,,,,,False,False,False,False,False,0,False,,False,False
NCT02306759,2015.0,<=2015,PHASE4,drug,2,60.0,OTHER,COMPLETED,RANDOMIZED,True,QUADRUPLE,4.0,True,True,PARALLEL,False,placebo/sham,True,60.0,60.0,0.0,True,True,True,False,True,False,0,False,NO,False,False
NCT01465984,2011.0,<=2015,PHASE4,drug,2,60.0,OTHER,COMPLETED,RANDOMIZED,True,QUADRUPLE,4.0,True,True,PARALLEL,False,active,True,,,,,True,True,False,False,False,0,False,,False,True
NCT05187520,2022.0,2021-2026,PHASE2,both,2,120.0,OTHER,UNKNOWN,RANDOMIZED,True,NONE,0.0,False,False,PARALLEL,True,active,True,,,,,False,True,False,False,False,0,False,NO,False,False
NCT00663169,2008.0,<=2015,PHASE2,drug,2,6.0,INDUSTRY,COMPLETED,RANDOMIZED,True,DOUBLE,2.0,True,True,PARALLEL,False,active,True,6.0,6.0,0.0,True,False,True,False,True,False,0,False,,False,False
NCT01461031,2011.0,<=2015,NA,drug,0,40.0,OTHER,COMPLETED,RANDOMIZED,True,QUADRUPLE,4.0,True,True,SINGLE_GROUP,True,none/single-group,False,,,,,False,False,False,False,False,1,True,,False,True
NCT00170898,2004.0,<=2015,PHASE4,drug,0,419.0,INDUSTRY,COMPLETED,RANDOMIZED,True,DOUBLE,2.0,True,True,PARALLEL,True,none/single-group,False,,,,,True,True,False,False,False,1,True,,False,
NCT04137198,2020.0,2016-2020,PHASE4,drug,2,170.0,OTHER,UNKNOWN,RANDOMIZED,True,NONE,0.0,False,False,PARALLEL,True,no-intervention,True,,,,,True,True,False,False,False,1,True,YES,True,False
NCT00613938,2008.0,<=2015,PHASE3,drug,4,901.0,INDUSTRY,COMPLETED,RANDOMIZED,True,QUADRUPLE,4.0,True,True,PARALLEL,True,placebo/sham,True,901.0,804.0,0.10765815760266373,True,True,True,True,True,False,1,True,,False,False
NCT03424707,2016.0,2016-2020,PHASE2,drug,3,45.0,INDUSTRY,COMPLETED,RANDOMIZED,True,TRIPLE,3.0,True,True,PARALLEL,False,placebo/sham,True,,,,,False,True,True,False,False,0,False,,False,
NCT03587636,2018.0,2016-2020,PHASE2,drug,2,77.0,OTHER,COMPLETED,RANDOMIZED,True,DOUBLE,2.0,True,True,PARALLEL,True,active,True,77.0,70.0,0.09090909090909094,True,False,True,False,True,False,0,False,,False,True
NCT07511400,2026.0,2021-2026,EARLY_PHASE1,drug,3,67.0,OTHER,COMPLETED,RANDOMIZED,True,TRIPLE,3.0,True,True,CROSSOVER,True,placebo/sham,True,,,,,False,False,True,False,False,0,False,YES,True,False
NCT02804126,2017.0,2016-2020,PHASE4,both,2,232.0,OTHER,COMPLETED,RANDOMIZED,True,SINGLE,1.0,True,False,PARALLEL,True,none/single-group,False,,,,,True,True,False,False,False,0,False,,False,False
