nct,year,epoch,phase,int_class,n_arms,n_enroll,sponsor_class,overall_status,allocation,randomized,masking,masking_ord,blinded_any,blinded_double_plus,model,power_ok,comparator_kind,has_comparator,n_started,n_completed,attrition,low_attrition,pivotal,treatment,multiarm,has_results,has_result_ref,n_derived,has_derived,ipd,ipd_yes,dmc
NCT02400346,2015.0,<=2015,PHASE3,drug,1,132.0,INDUSTRY,COMPLETED,NA,False,NONE,0.0,False,False,SINGLE_GROUP,True,none/single-group,False,132.0,88.0,0.33333333333333337,False,True,True,False,True,False,1,True,,False,
NCT04608396,2020.0,2016-2020,PHASE2,drug,2,44.0,INDUSTRY,COMPLETED,RANDOMIZED,True,DOUBLE,2.0,True,True,PARALLEL,False,placebo/sham,True,,,,,False,True,False,False,False,0,False,NO,False,False
NCT01507181,2012.0,<=2015,PHASE4,drug,2,24.0,OTHER,COMPLETED,RANDOMIZED,True,QUADRUPLE,4.0,True,True,PARALLEL,False,placebo/sham,True,24.0,24.0,0.0,True,True,True,False,True,True,0,False,,False,True
NCT05193318,2022.0,2021-2026,PHASE2,drug,1,5.0,OTHER,TERMINATED,NA,False,NONE,0.0,False,False,SINGLE_GROUP,False,none/single-group,False,5.0,4.0,0.19999999999999996,True,False,True,False,True,False,0,False,,False,False
NCT00854100,2009.0,<=2015,PHASE2,drug,3,231.0,INDUSTRY,COMPLETED,RANDOMIZED,True,DOUBLE,2.0,True,True,PARALLEL,True,placebo/sham,True,231.0,205.0,0.11255411255411252,True,False,True,True,True,False,1,True,,False,False
NCT01606384,2006.0,<=2015,PHASE2,drug,3,100.0,INDUSTRY,COMPLETED,RANDOMIZED,True,DOUBLE,2.0,True,True,PARALLEL,True,placebo/sham,True,,,,,False,True,True,False,False,1,True,,False,
NCT02507219,2015.0,<=2015,PHASE2;PHASE3,drug,3,24.0,OTHER,COMPLETED,RANDOMIZED,True,TRIPLE,3.0,True,True,CROSSOVER,False,placebo/sham,True,22.0,20.0,0.09090909090909094,True,True,False,True,True,False,1,True,UNDECIDED,False,False
NCT00055575,2003.0,<=2015,PHASE2,drug,3,197.0,NIH,TERMINATED,NON_RANDOMIZED,False,QUADRUPLE,4.0,True,True,SEQUENTIAL,True,none/single-group,False,,,,,False,True,True,False,False,1,True,,False,
NCT04301271,2020.0,2016-2020,PHASE2,drug,2,161.0,OTHER,COMPLETED,RANDOMIZED,True,QUADRUPLE,4.0,True,True,PARALLEL,True,placebo/sham,True,,,,,False,True,False,False,False,2,True,NO,False,True
NCT01727726,2012.0,<=2015,PHASE3,drug,3,2182.0,INDUSTRY,COMPLETED,RANDOMIZED,True,QUADRUPLE,4.0,True,True,PARALLEL,True,placebo/sham,True,503.0,443.0,0.11928429423459241,True,True,True,True,True,False,2,True,,False,False
NCT02288325,2014.0,<=2015,PHASE4,drug,3,644.0,INDUSTRY,COMPLETED,RANDOMIZED,True,TRIPLE,3.0,True,True,PARALLEL,True,placebo/sham,True,644.0,499.0,0.22515527950310554,False,True,True,True,True,False,0,False,,False,False
NCT01670279,2012.0,<=2015,PHASE1,drug,4,18.0,INDUSTRY,COMPLETED,RANDOMIZED,True,DOUBLE,2.0,True,True,PARALLEL,False,placebo/sham,True,18.0,15.0,0.16666666666666663,True,False,True,True,True,False,0,False,,False,False
NCT02196506,2014.0,<=2015,PHASE3,drug,2,837.0,INDUSTRY,COMPLETED,RANDOMIZED,True,QUADRUPLE,4.0,True,True,PARALLEL,True,placebo/sham,True,837.0,716.0,0.1445639187574671,True,True,True,False,True,False,9,True,,False,False
NCT03053362,2017.0,2016-2020,PHASE2;PHASE3,drug,2,158.0,OTHER,COMPLETED,NON_RANDOMIZED,False,NONE,0.0,False,False,PARALLEL,True,none/single-group,False,158.0,133.0,0.15822784810126578,True,True,False,False,True,False,3,True,NO,False,False
NCT00073762,,,PHASE3,drug,0,375.0,INDUSTRY,COMPLETED,RANDOMIZED,True,DOUBLE,2.0,True,True,PARALLEL,True,none/single-group,False,,,,,True,True,False,False,False,1,True,,False,
NCT02522377,2015.0,<=2015,NA,drug,2,15.0,OTHER,COMPLETED,RANDOMIZED,True,QUADRUPLE,4.0,True,True,PARALLEL,False,active,True,12.0,8.0,0.33333333333333337,False,False,True,False,True,False,0,False,UNDECIDED,False,False
NCT07590609,2023.0,2021-2026,PHASE4,drug,3,150.0,OTHER,COMPLETED,RANDOMIZED,True,TRIPLE,3.0,True,True,PARALLEL,True,placebo/sham,True,,,,,True,True,True,False,False,0,False,NO,False,False
NCT04685148,2021.0,2021-2026,PHASE1;PHASE2,drug,2,220.0,OTHER,RECRUITING,RANDOMIZED,True,QUADRUPLE,4.0,True,True,PARALLEL,True,placebo/sham,True,,,,,False,False,False,False,False,1,True,YES,True,True
NCT00448292,2007.0,<=2015,PHASE2,drug,2,330.0,INDUSTRY,COMPLETED,RANDOMIZED,True,DOUBLE,2.0,True,True,PARALLEL,True,placebo/sham,True,,,,,False,True,False,False,False,0,False,,False,False
NCT00851006,2009.0,<=2015,PHASE2,drug,1,13.0,OTHER,COMPLETED,NA,False,NONE,0.0,False,False,SINGLE_GROUP,False,none/single-group,False,13.0,13.0,0.0,True,False,True,False,True,True,0,False,,False,True
NCT00610649,2007.0,<=2015,PHASE2,drug,11,54.0,INDUSTRY,COMPLETED,RANDOMIZED,True,TRIPLE,3.0,True,True,PARALLEL,True,placebo/sham,True,54.0,50.0,0.07407407407407407,True,False,True,True,True,False,2,True,YES,True,False
NCT00406952,2006.0,<=2015,NA,both,0,165.0,INDUSTRY,COMPLETED,RANDOMIZED,True,DOUBLE,2.0,True,True,PARALLEL,True,none/single-group,False,,,,,False,True,False,False,False,1,True,,False,
NCT00158990,2002.0,<=2015,PHASE3,drug,0,220.0,OTHER,COMPLETED,RANDOMIZED,True,DOUBLE,2.0,True,True,PARALLEL,True,none/single-group,False,,,,,True,True,False,False,False,1,True,,False,
NCT00130676,2004.0,<=2015,PHASE3,drug,2,257.0,INDUSTRY,COMPLETED,RANDOMIZED,True,DOUBLE,2.0,True,True,PARALLEL,True,placebo/sham,True,,,,,True,True,False,False,False,1,True,,False,False
NCT00952653,2010.0,<=2015,PHASE4,drug,1,28.0,INDUSTRY,COMPLETED,NON_RANDOMIZED,False,NONE,0.0,False,False,SINGLE_GROUP,False,none/single-group,False,28.0,28.0,0.0,True,True,True,False,True,False,0,False,,False,False
NCT01178255,2010.0,<=2015,PHASE3,drug,4,44.0,OTHER,TERMINATED,RANDOMIZED,True,QUADRUPLE,4.0,True,True,PARALLEL,False,none/single-group,False,,,,,True,True,True,False,False,1,True,,False,True
NCT05800860,2023.0,2021-2026,PHASE2,drug,3,81.0,INDUSTRY,COMPLETED,RANDOMIZED,True,QUADRUPLE,4.0,True,True,PARALLEL,True,placebo/sham,True,,,,,False,True,True,False,False,1,True,NO,False,False
NCT07562191,2026.0,2021-2026,PHASE2,drug,4,140.0,OTHER,RECRUITING,RANDOMIZED,True,QUADRUPLE,4.0,True,True,PARALLEL,True,active,True,,,,,False,True,True,False,False,0,False,YES,True,False
NCT02218008,2014.0,<=2015,PHASE3,drug,3,407.0,INDUSTRY,COMPLETED,RANDOMIZED,True,QUADRUPLE,4.0,True,True,PARALLEL,True,placebo/sham,True,406.0,362.0,0.10837438423645318,True,True,True,True,True,False,0,False,,False,False
NCT05118750,2021.0,2021-2026,PHASE2,drug,1,91.0,INDUSTRY,COMPLETED,NA,False,NONE,0.0,False,False,SINGLE_GROUP,True,none/single-group,False,,,,,False,True,False,False,False,0,False,,False,False
NCT00135421,2005.0,<=2015,PHASE1;PHASE2,drug,3,271.0,INDUSTRY,COMPLETED,RANDOMIZED,True,DOUBLE,2.0,True,True,PARALLEL,True,placebo/sham,True,,,,,False,True,True,False,False,0,False,,False,False
NCT02346682,2015.0,<=2015,PHASE4,drug,3,75.0,OTHER,UNKNOWN,NON_RANDOMIZED,False,NONE,0.0,False,False,PARALLEL,False,active,True,,,,,True,False,True,False,False,2,True,,False,True
NCT04476030,2020.0,2016-2020,PHASE3,drug,2,440.0,INDUSTRY,COMPLETED,RANDOMIZED,True,QUADRUPLE,4.0,True,True,PARALLEL,True,active,True,440.0,357.0,0.1886363636363636,True,True,True,False,True,False,1,True,YES,True,False
NCT01359618,2011.0,<=2015,PHASE1,drug,6,16.0,INDUSTRY,TERMINATED,RANDOMIZED,True,DOUBLE,2.0,True,True,CROSSOVER,False,placebo/sham,True,,,,,False,False,True,False,False,0,False,,False,False
NCT00744328,2008.0,<=2015,PHASE4,drug,3,85.0,OTHER,TERMINATED,RANDOMIZED,True,QUADRUPLE,4.0,True,True,PARALLEL,False,placebo/sham,True,85.0,62.0,0.2705882352941177,False,True,True,True,True,False,2,True,,False,True
NCT06957704,2025.0,2021-2026,PHASE3,drug,2,60.0,OTHER,NOT_YET_RECRUITING,RANDOMIZED,True,DOUBLE,2.0,True,True,PARALLEL,False,placebo/sham,True,,,,,True,True,False,False,False,0,False,,False,False
NCT07300527,2026.0,2021-2026,NA,drug,2,80.0,OTHER,NOT_YET_RECRUITING,RANDOMIZED,True,NONE,0.0,False,False,PARALLEL,True,active,True,,,,,False,False,False,False,False,0,False,NO,False,False
NCT01369095,2011.0,<=2015,PHASE2,drug,5,976.0,INDUSTRY,COMPLETED,RANDOMIZED,True,TRIPLE,3.0,True,True,PARALLEL,True,active,True,,,,,False,True,True,False,False,0,False,,False,True
NCT06094907,2023.0,2021-2026,PHASE2,drug,1,14.0,OTHER,COMPLETED,NA,False,NONE,0.0,False,False,SINGLE_GROUP,False,none/single-group,False,,,,,False,True,False,False,False,2,True,NO,False,False
NCT01429831,2011.0,<=2015,PHASE4,drug,1,300.0,INDUSTRY,COMPLETED,NA,False,NONE,0.0,False,False,SINGLE_GROUP,True,none/single-group,False,,,,,True,True,False,False,False,0,False,,False,
NCT00961961,2009.0,<=2015,PHASE4,drug,4,177.0,OTHER,COMPLETED,RANDOMIZED,True,TRIPLE,3.0,True,True,PARALLEL,True,placebo/sham,True,177.0,51.0,0.711864406779661,False,True,True,True,True,False,0,False,,False,True
NCT00232167,2005.0,<=2015,PHASE3,drug,0,380.0,INDUSTRY,TERMINATED,RANDOMIZED,True,DOUBLE,2.0,True,True,PARALLEL,True,none/single-group,False,,,,,True,True,False,False,False,0,False,,False,False
NCT05601648,2023.0,2021-2026,PHASE2,drug,1,0.0,OTHER,WITHDRAWN,NA,False,NONE,0.0,False,False,SINGLE_GROUP,False,none/single-group,False,,,,,False,True,False,False,False,0,False,UNDECIDED,False,False
NCT07488910,2026.0,2021-2026,PHASE4,drug,3,90.0,OTHER,NOT_YET_RECRUITING,RANDOMIZED,True,SINGLE,1.0,True,False,PARALLEL,False,none/single-group,False,,,,,True,True,True,False,False,0,False,UNDECIDED,False,False
NCT01197508,2010.0,<=2015,PHASE3,drug,4,696.0,INDUSTRY,COMPLETED,RANDOMIZED,True,QUADRUPLE,4.0,True,True,PARALLEL,True,placebo/sham,True,696.0,578.0,0.16954022988505746,True,True,True,True,True,False,1,True,,False,
NCT06775379,2024.0,2021-2026,PHASE3,drug,2,450.0,INDUSTRY,RECRUITING,RANDOMIZED,True,QUADRUPLE,4.0,True,True,PARALLEL,True,placebo/sham,True,,,,,True,True,False,False,False,0,False,NO,False,True
NCT07569198,2026.0,2021-2026,PHASE2,drug,2,120.0,OTHER,NOT_YET_RECRUITING,RANDOMIZED,True,QUADRUPLE,4.0,True,True,PARALLEL,True,placebo/sham,True,,,,,False,True,False,False,False,0,False,NO,False,True
NCT01309776,2011.0,<=2015,PHASE4,drug,2,164.0,OTHER,COMPLETED,RANDOMIZED,True,NONE,0.0,False,False,PARALLEL,True,active,True,,,,,True,True,False,False,False,1,True,,False,False
NCT01421134,2011.0,<=2015,PHASE3,drug,2,211.0,INDUSTRY,COMPLETED,RANDOMIZED,True,QUADRUPLE,4.0,True,True,PARALLEL,True,placebo/sham,True,211.0,189.0,0.10426540284360186,True,True,True,False,True,False,3,True,,False,True
NCT00095758,2004.0,<=2015,PHASE3,drug,2,1151.0,INDUSTRY,COMPLETED,RANDOMIZED,True,DOUBLE,2.0,True,True,PARALLEL,True,placebo/sham,True,,,,,True,True,False,False,False,7,True,YES,True,
NCT00035009,2001.0,<=2015,PHASE3,drug,0,468.0,INDUSTRY,COMPLETED,RANDOMIZED,True,DOUBLE,2.0,True,True,PARALLEL,True,none/single-group,False,,,,,True,True,False,False,True,0,False,,False,
NCT02431806,2015.0,<=2015,PHASE3,drug,4,552.0,INDUSTRY,COMPLETED,RANDOMIZED,True,QUADRUPLE,4.0,True,True,PARALLEL,True,placebo/sham,True,552.0,448.0,0.18840579710144922,True,True,True,True,True,False,1,True,UNDECIDED,False,True
NCT01070329,2010.0,<=2015,PHASE4,drug,2,527.0,INDUSTRY,COMPLETED,RANDOMIZED,True,DOUBLE,2.0,True,True,PARALLEL,True,placebo/sham,True,527.0,426.0,0.19165085388994307,True,True,True,False,True,False,1,True,,False,False
NCT00182533,2002.0,<=2015,PHASE4,drug,2,170.0,OTHER,TERMINATED,RANDOMIZED,True,QUADRUPLE,4.0,True,True,PARALLEL,True,placebo/sham,True,,,,,True,True,False,False,False,0,False,,False,False
NCT00229450,2002.0,<=2015,PHASE4,drug,2,17.0,OTHER,COMPLETED,RANDOMIZED,True,QUADRUPLE,4.0,True,True,CROSSOVER,False,placebo/sham,True,,,,,True,True,False,False,False,0,False,,False,
NCT06964711,2021.0,2021-2026,PHASE1,drug,2,92.0,INDUSTRY,COMPLETED,RANDOMIZED,True,QUADRUPLE,4.0,True,True,PARALLEL,True,placebo/sham,True,,,,,False,True,False,False,False,0,False,NO,False,False
NCT00928980,2009.0,<=2015,NA,drug,3,317.0,OTHER,COMPLETED,RANDOMIZED,True,NONE,0.0,False,False,PARALLEL,True,active,True,,,,,False,True,True,False,False,4,True,,False,False
NCT01071538,2010.0,<=2015,PHASE2,drug,1,15.0,OTHER,COMPLETED,NA,False,NONE,0.0,False,False,SINGLE_GROUP,False,none/single-group,False,15.0,13.0,0.1333333333333333,True,False,True,False,True,False,1,True,NO,False,False
NCT01441440,2011.0,<=2015,PHASE3,drug,3,538.0,INDUSTRY,COMPLETED,RANDOMIZED,True,QUADRUPLE,4.0,True,True,PARALLEL,True,placebo/sham,True,537.0,475.0,0.11545623836126628,True,True,True,True,True,False,2,True,,False,False
NCT00229476,2003.0,<=2015,PHASE4,drug,0,60.0,OTHER,COMPLETED,RANDOMIZED,True,DOUBLE,2.0,True,True,CROSSOVER,False,none/single-group,False,,,,,True,True,False,False,False,0,False,,False,
NCT07227454,2026.0,2021-2026,PHASE3,drug,2,258.0,INDUSTRY,RECRUITING,RANDOMIZED,True,DOUBLE,2.0,True,True,PARALLEL,True,placebo/sham,True,,,,,True,True,False,False,False,0,False,YES,True,True
NCT02466958,2016.0,2016-2020,PHASE4,drug,2,29.0,OTHER,COMPLETED,RANDOMIZED,True,DOUBLE,2.0,True,True,PARALLEL,False,placebo/sham,True,29.0,16.0,0.4482758620689655,False,True,True,False,True,True,1,True,NO,False,True
NCT02734602,2016.0,2016-2020,NA,drug,3,130.0,OTHER,ACTIVE_NOT_RECRUITING,NON_RANDOMIZED,False,NONE,0.0,False,False,PARALLEL,True,active,True,,,,,False,False,True,False,False,0,False,NO,False,False
NCT00250601,2005.0,<=2015,PHASE3,drug,0,460.0,INDUSTRY,COMPLETED,RANDOMIZED,True,DOUBLE,2.0,True,True,PARALLEL,True,none/single-group,False,,,,,True,True,False,False,False,0,False,,False,
NCT01944657,2013.0,<=2015,NA,both,2,0.0,OTHER,WITHDRAWN,NON_RANDOMIZED,False,NONE,0.0,False,False,PARALLEL,False,active,True,,,,,False,True,False,False,False,0,False,,False,False
NCT01880593,2013.0,<=2015,PHASE2,drug,2,34.0,OTHER,COMPLETED,RANDOMIZED,True,DOUBLE,2.0,True,True,PARALLEL,False,placebo/sham,True,34.0,20.0,0.4117647058823529,False,False,True,False,True,False,0,False,,False,True
NCT00739908,2008.0,<=2015,PHASE2,drug,2,285.0,INDUSTRY,COMPLETED,RANDOMIZED,True,QUADRUPLE,4.0,True,True,PARALLEL,True,placebo/sham,True,285.0,235.0,0.17543859649122806,True,False,True,False,True,False,1,True,,False,True
NCT04957368,2021.0,2021-2026,PHASE4,drug,2,40.0,OTHER,COMPLETED,RANDOMIZED,True,TRIPLE,3.0,True,True,PARALLEL,False,active,True,,,,,True,False,False,False,False,1,True,NO,False,False
NCT00811252,2009.0,<=2015,PHASE3,drug,3,453.0,INDUSTRY,COMPLETED,RANDOMIZED,True,DOUBLE,2.0,True,True,PARALLEL,True,placebo/sham,True,452.0,392.0,0.1327433628318584,True,True,True,True,True,True,0,False,,False,False
NCT00203723,2005.0,<=2015,PHASE4,drug,0,45.0,OTHER,TERMINATED,RANDOMIZED,True,DOUBLE,2.0,True,True,PARALLEL,False,none/single-group,False,,,,,True,True,False,False,False,0,False,,False,
NCT02094898,2014.0,<=2015,PHASE2,drug,1,12.0,OTHER,COMPLETED,NA,False,NONE,0.0,False,False,SINGLE_GROUP,False,none/single-group,False,12.0,7.0,0.41666666666666663,False,False,True,False,True,True,0,False,UNDECIDED,False,False
NCT05157945,2022.0,2021-2026,PHASE2,drug,1,148.0,INDUSTRY,COMPLETED,NA,False,NONE,0.0,False,False,SINGLE_GROUP,True,none/single-group,False,,,,,False,True,False,False,False,0,False,,False,False
NCT03181529,2017.0,2016-2020,PHASE2,drug,2,27.0,OTHER,COMPLETED,RANDOMIZED,True,SINGLE,1.0,True,False,PARALLEL,False,none/single-group,False,27.0,24.0,0.11111111111111116,True,False,True,False,True,False,2,True,,False,True
NCT04069819,2019.0,2016-2020,NA,drug,2,80.0,OTHER,COMPLETED,RANDOMIZED,True,DOUBLE,2.0,True,True,PARALLEL,True,placebo/sham,True,,,,,False,True,False,False,False,1,True,YES,True,True
NCT06746441,2024.0,2021-2026,PHASE2,drug,4,60.0,OTHER,COMPLETED,RANDOMIZED,True,SINGLE,1.0,True,False,PARALLEL,True,active,True,,,,,False,True,True,False,False,0,False,YES,True,True
NCT03944447,2018.0,2016-2020,PHASE2,both,4,200000.0,NETWORK,UNKNOWN,NON_RANDOMIZED,False,NONE,0.0,False,False,PARALLEL,True,none/single-group,False,,,,,False,True,True,False,False,0,False,NO,False,True
NCT00435279,2007.0,<=2015,PHASE3,drug,2,678.0,INDUSTRY,COMPLETED,RANDOMIZED,True,TRIPLE,3.0,True,True,PARALLEL,True,none/single-group,False,,,,,True,True,False,False,False,0,False,,False,False
NCT02085135,2014.0,<=2015,PHASE3,drug,2,66.0,INDUSTRY,COMPLETED,RANDOMIZED,True,QUADRUPLE,4.0,True,True,PARALLEL,False,none/single-group,False,66.0,46.0,0.303030303030303,False,True,True,False,True,False,0,False,,False,False
NCT00265291,1999.0,<=2015,PHASE2,drug,0,700.0,NIH,COMPLETED,RANDOMIZED,True,DOUBLE,2.0,True,True,SINGLE_GROUP,True,none/single-group,False,,,,,False,True,False,False,True,3,True,,False,True
NCT00602290,2008.0,<=2015,PHASE4,drug,3,181.0,OTHER,COMPLETED,RANDOMIZED,True,QUADRUPLE,4.0,True,True,PARALLEL,True,active,True,143.0,138.0,0.034965034965035,True,True,True,True,True,True,1,True,,False,True
NCT00167154,2004.0,<=2015,PHASE3,drug,2,30.0,OTHER,COMPLETED,RANDOMIZED,True,QUADRUPLE,4.0,True,True,PARALLEL,False,placebo/sham,True,,,,,True,True,False,False,True,0,False,,False,False
NCT07161700,2025.0,2021-2026,PHASE2,drug,1,360.0,INDUSTRY,ENROLLING_BY_INVITATION,NA,False,NONE,0.0,False,False,SINGLE_GROUP,True,none/single-group,False,,,,,False,True,False,False,False,0,False,,False,False
NCT03079297,2017.0,2016-2020,PHASE2,drug,2,16.0,OTHER,TERMINATED,RANDOMIZED,True,TRIPLE,3.0,True,True,CROSSOVER,False,placebo/sham,True,4.0,4.0,0.0,True,False,True,False,True,False,0,False,NO,False,False
NCT00225524,2004.0,<=2015,PHASE3,drug,0,150.0,INDUSTRY,COMPLETED,NON_RANDOMIZED,False,NONE,0.0,False,False,SINGLE_GROUP,True,none/single-group,False,,,,,True,True,False,False,False,0,False,,False,
NCT02158533,2014.0,<=2015,PHASE3,drug,3,385.0,INDUSTRY,COMPLETED,RANDOMIZED,True,QUADRUPLE,4.0,True,True,PARALLEL,True,placebo/sham,True,384.0,354.0,0.078125,True,True,True,True,True,False,0,False,,False,False
NCT00329186,2006.0,<=2015,PHASE3,drug,0,14.0,INDUSTRY,COMPLETED,RANDOMIZED,True,NONE,0.0,False,False,CROSSOVER,False,none/single-group,False,,,,,True,True,False,False,False,1,True,,False,
NCT04482296,2019.0,2016-2020,NA,drug,2,100.0,OTHER,COMPLETED,RANDOMIZED,True,DOUBLE,2.0,True,True,PARALLEL,True,active,True,,,,,False,True,False,False,False,0,False,NO,False,False
NCT00220480,2005.0,<=2015,NA,drug,0,60.0,OTHER_GOV,UNKNOWN,NON_RANDOMIZED,False,NONE,0.0,False,False,SINGLE_GROUP,True,none/single-group,False,,,,,False,True,False,False,False,0,False,,False,False
NCT00326105,2006.0,<=2015,PHASE3,drug,0,450.0,INDUSTRY,COMPLETED,RANDOMIZED,True,DOUBLE,2.0,True,True,PARALLEL,True,none/single-group,False,,,,,True,True,False,False,False,8,True,,False,
NCT01124344,2010.0,<=2015,PHASE1,drug,7,47.0,INDUSTRY,TERMINATED,RANDOMIZED,True,DOUBLE,2.0,True,True,PARALLEL,True,active,True,,,,,False,True,True,False,False,0,False,,False,True
NCT06735079,2024.0,2021-2026,PHASE3,drug,2,0.0,INDUSTRY,WITHDRAWN,RANDOMIZED,True,QUADRUPLE,4.0,True,True,PARALLEL,False,placebo/sham,True,,,,,True,True,False,False,False,0,False,NO,False,False
NCT00067301,2003.0,<=2015,PHASE3,drug,0,60.0,NIH,COMPLETED,RANDOMIZED,True,DOUBLE,2.0,True,True,PARALLEL,False,none/single-group,False,,,,,True,True,False,False,False,1,True,,False,
NCT01655706,2012.0,<=2015,PHASE3,drug,2,211.0,OTHER,COMPLETED,NON_RANDOMIZED,False,NONE,0.0,False,False,FACTORIAL,True,active,True,,,,,True,False,False,False,False,16,True,YES,True,True
NCT04971291,2021.0,2021-2026,PHASE2,drug,2,312.0,INDUSTRY,UNKNOWN,RANDOMIZED,True,DOUBLE,2.0,True,True,PARALLEL,True,active,True,,,,,False,True,False,False,False,0,False,NO,False,False
NCT05030272,2021.0,2021-2026,NA,both,2,343.0,OTHER,COMPLETED,RANDOMIZED,True,NONE,0.0,False,False,PARALLEL,True,none/single-group,False,,,,,False,True,False,False,False,0,False,NO,False,True
NCT00744406,2003.0,<=2015,PHASE2,drug,3,72.0,OTHER,COMPLETED,RANDOMIZED,True,NONE,0.0,False,False,PARALLEL,True,none/single-group,False,,,,,False,True,True,False,False,0,False,,False,False
NCT00616915,2007.0,<=2015,PHASE1,drug,1,20.0,OTHER,COMPLETED,NON_RANDOMIZED,False,NONE,0.0,False,False,SINGLE_GROUP,False,none/single-group,False,,,,,False,True,False,False,False,0,False,,False,False
NCT03968159,2019.0,2016-2020,PHASE3,drug,2,298.0,INDUSTRY,COMPLETED,RANDOMIZED,True,QUADRUPLE,4.0,True,True,PARALLEL,True,placebo/sham,True,298.0,270.0,0.09395973154362414,True,True,True,False,True,False,0,False,NO,False,False
NCT02418195,2015.0,<=2015,PHASE2,drug,4,247.0,OTHER,COMPLETED,NON_RANDOMIZED,False,NONE,0.0,False,False,PARALLEL,True,active,True,247.0,247.0,0.0,True,False,False,True,True,False,0,False,,False,True
NCT03965858,2019.0,2016-2020,PHASE2,drug,4,88.0,INDUSTRY,COMPLETED,RANDOMIZED,True,DOUBLE,2.0,True,True,PARALLEL,True,placebo/sham,True,,,,,False,True,True,False,False,0,False,,False,False
NCT00200902,2005.0,<=2015,PHASE4,drug,3,88.0,OTHER,COMPLETED,RANDOMIZED,True,TRIPLE,3.0,True,True,FACTORIAL,False,placebo/sham,True,88.0,67.0,0.23863636363636365,False,True,True,True,True,False,1,True,,False,True
NCT06618118,2024.0,2021-2026,PHASE1,drug,2,20.0,INDUSTRY,TERMINATED,RANDOMIZED,True,QUADRUPLE,4.0,True,True,PARALLEL,False,placebo/sham,True,,,,,False,True,False,False,False,0,False,NO,False,False
NCT03787290,2026.0,2021-2026,PHASE2,both,2,35.0,OTHER,SUSPENDED,RANDOMIZED,True,QUADRUPLE,4.0,True,True,SINGLE_GROUP,False,active,True,,,,,False,True,False,False,False,0,False,,False,True
NCT04442503,2020.0,2016-2020,PHASE3,drug,2,200.0,INDUSTRY,COMPLETED,RANDOMIZED,True,QUADRUPLE,4.0,True,True,PARALLEL,True,placebo/sham,True,200.0,170.0,0.15000000000000002,True,True,True,False,True,False,1,True,YES,True,False
NCT00021528,2001.0,<=2015,PHASE4,drug,0,4000.0,NIH,COMPLETED,RANDOMIZED,True,NONE,0.0,False,False,SINGLE_GROUP,True,none/single-group,False,,,,,True,True,False,False,True,83,True,,False,
NCT04985942,2021.0,2021-2026,PHASE3,drug,2,485.0,INDUSTRY,COMPLETED,RANDOMIZED,True,TRIPLE,3.0,True,True,PARALLEL,True,placebo/sham,True,484.0,452.0,0.06611570247933884,True,True,True,False,True,False,2,True,NO,False,False
NCT04260607,2020.0,2016-2020,PHASE3,drug,2,1.0,FED,TERMINATED,RANDOMIZED,True,QUADRUPLE,4.0,True,True,PARALLEL,False,placebo/sham,True,1.0,1.0,0.0,True,True,True,False,True,False,0,False,NO,False,False
NCT00135512,2004.0,<=2015,PHASE2,drug,0,234.0,INDUSTRY,COMPLETED,NON_RANDOMIZED,False,NONE,0.0,False,False,SINGLE_GROUP,True,none/single-group,False,234.0,111.0,0.5256410256410257,False,False,True,False,True,False,0,False,,False,False
NCT01363310,2010.0,<=2015,PHASE3,drug,2,250.0,OTHER,TERMINATED,RANDOMIZED,True,QUADRUPLE,4.0,True,True,PARALLEL,True,active,True,,,,,True,True,False,False,False,0,False,,False,
NCT07212946,2022.0,2021-2026,PHASE2,drug,2,22.0,OTHER,COMPLETED,RANDOMIZED,True,DOUBLE,2.0,True,True,PARALLEL,False,active,True,,,,,False,True,False,False,False,0,False,NO,False,
NCT06063369,2022.0,2021-2026,PHASE2,drug,2,100.0,OTHER,UNKNOWN,RANDOMIZED,True,DOUBLE,2.0,True,True,PARALLEL,True,placebo/sham,True,,,,,False,False,False,False,False,0,False,NO,False,True
NCT00321490,2006.0,<=2015,PHASE3,drug,0,600.0,INDUSTRY,COMPLETED,RANDOMIZED,True,DOUBLE,2.0,True,True,PARALLEL,True,none/single-group,False,,,,,True,True,False,False,False,9,True,,False,
NCT06466655,2024.0,2021-2026,NA,drug,2,17.0,OTHER,COMPLETED,NON_RANDOMIZED,False,NONE,0.0,False,False,SINGLE_GROUP,False,active,True,17.0,17.0,0.0,True,False,False,False,True,False,0,False,YES,True,False
NCT00295347,2005.0,<=2015,NA,drug,0,65.0,OTHER,COMPLETED,RANDOMIZED,True,DOUBLE,2.0,True,True,PARALLEL,True,none/single-group,False,,,,,False,True,False,False,False,0,False,,False,
NCT02371980,2015.0,<=2015,PHASE4,drug,5,1106.0,INDUSTRY,COMPLETED,RANDOMIZED,True,QUADRUPLE,4.0,True,True,PARALLEL,True,placebo/sham,True,1106.0,580.0,0.4755877034358047,False,True,True,True,True,False,1,True,YES,True,False
NCT02871297,2016.0,2016-2020,PHASE3,drug,1,662.0,INDUSTRY,TERMINATED,NA,False,NONE,0.0,False,False,SINGLE_GROUP,True,none/single-group,False,662.0,526.0,0.20543806646525675,False,True,True,False,True,False,0,False,,False,True
NCT00046020,2000.0,<=2015,PHASE4,drug,0,1096.0,INDUSTRY,COMPLETED,,False,,,False,False,,True,none/single-group,False,,,,,True,True,False,False,False,3,True,,False,
NCT02749721,2016.0,2016-2020,PHASE4,drug,1,31.0,OTHER,COMPLETED,NA,False,NONE,0.0,False,False,SINGLE_GROUP,False,none/single-group,False,31.0,25.0,0.19354838709677424,True,True,False,False,True,False,0,False,NO,False,False
NCT00367341,2006.0,<=2015,NA,drug,2,82.0,OTHER,COMPLETED,RANDOMIZED,True,NONE,0.0,False,False,CROSSOVER,True,none/single-group,False,82.0,80.0,0.024390243902439046,True,False,True,False,True,True,1,True,,False,True
NCT03068247,2021.0,2021-2026,PHASE3,drug,2,0.0,OTHER,WITHDRAWN,RANDOMIZED,True,QUADRUPLE,4.0,True,True,PARALLEL,False,placebo/sham,True,,,,,True,False,False,False,False,0,False,NO,False,True
NCT02273154,2014.0,<=2015,PHASE4,drug,2,240.0,OTHER,UNKNOWN,RANDOMIZED,True,NONE,0.0,False,False,PARALLEL,True,active,True,,,,,True,True,False,False,False,0,False,,False,False
NCT05041647,2023.0,2021-2026,PHASE2,drug,3,14.0,OTHER,COMPLETED,RANDOMIZED,True,QUADRUPLE,4.0,True,True,PARALLEL,False,placebo/sham,True,,,,,False,True,True,False,False,0,False,NO,False,True
NCT01482221,2011.0,<=2015,PHASE2,drug,3,542.0,INDUSTRY,COMPLETED,RANDOMIZED,True,QUADRUPLE,4.0,True,True,PARALLEL,True,placebo/sham,True,302.0,238.0,0.21192052980132448,False,False,True,True,True,False,0,False,,False,
NCT02454426,2016.0,2016-2020,EARLY_PHASE1,drug,1,0.0,OTHER,WITHDRAWN,NA,False,NONE,0.0,False,False,SINGLE_GROUP,False,none/single-group,False,,,,,False,True,False,False,False,0,False,,False,False
NCT00296699,2005.0,<=2015,PHASE4,drug,0,20.0,OTHER,COMPLETED,NON_RANDOMIZED,False,NONE,0.0,False,False,SINGLE_GROUP,False,none/single-group,False,,,,,True,True,False,False,False,0,False,,False,
NCT05455684,2022.0,2021-2026,PHASE3,drug,2,513.0,INDUSTRY,COMPLETED,RANDOMIZED,True,DOUBLE,2.0,True,True,PARALLEL,True,placebo/sham,True,513.0,484.0,0.05653021442495132,True,True,True,False,True,False,0,False,YES,True,True
NCT03935685,2019.0,2016-2020,PHASE2,drug,1,120.0,OTHER,ACTIVE_NOT_RECRUITING,NA,False,NONE,0.0,False,False,SINGLE_GROUP,True,none/single-group,False,,,,,False,True,False,False,False,0,False,NO,False,True
NCT01395147,2011.0,<=2015,PHASE3,drug,1,119.0,INDUSTRY,COMPLETED,NA,False,NONE,0.0,False,False,SINGLE_GROUP,True,none/single-group,False,,,,,True,True,False,False,False,1,True,,False,False
NCT05376150,2022.0,2021-2026,PHASE2,drug,3,168.0,INDUSTRY,COMPLETED,RANDOMIZED,True,DOUBLE,2.0,True,True,PARALLEL,True,placebo/sham,True,,,,,False,True,True,False,False,1,True,NO,False,False
NCT07210112,2025.0,2021-2026,PHASE2,drug,4,112.0,OTHER,NOT_YET_RECRUITING,RANDOMIZED,True,QUADRUPLE,4.0,True,True,PARALLEL,True,placebo/sham,True,,,,,False,True,True,False,False,0,False,UNDECIDED,False,True
NCT01190514,2010.0,<=2015,PHASE1,drug,1,41.0,INDUSTRY,COMPLETED,RANDOMIZED,True,NONE,0.0,False,False,CROSSOVER,True,none/single-group,False,41.0,40.0,0.024390243902439046,True,False,True,False,True,False,0,False,,False,False
NCT00548964,2007.0,<=2015,PHASE1,drug,2,36.0,OTHER,COMPLETED,NON_RANDOMIZED,False,QUADRUPLE,4.0,True,True,PARALLEL,True,active,True,,,,,False,True,False,False,False,4,True,,False,True
NCT00296179,2006.0,<=2015,PHASE4,drug,0,372.0,INDUSTRY,COMPLETED,RANDOMIZED,True,DOUBLE,2.0,True,True,PARALLEL,True,none/single-group,False,,,,,True,True,False,False,False,1,True,,False,
NCT00035282,2001.0,<=2015,PHASE3,drug,0,450.0,INDUSTRY,COMPLETED,RANDOMIZED,True,DOUBLE,2.0,True,True,PARALLEL,True,none/single-group,False,,,,,True,True,False,False,False,0,False,,False,
NCT04498897,2019.0,2016-2020,PHASE2,drug,2,128.0,OTHER,UNKNOWN,RANDOMIZED,True,QUADRUPLE,4.0,True,True,PARALLEL,True,placebo/sham,True,,,,,False,True,False,False,False,0,False,,False,False
NCT07529574,2026.0,2021-2026,NA,both,2,120.0,OTHER,NOT_YET_RECRUITING,RANDOMIZED,True,DOUBLE,2.0,True,True,PARALLEL,True,placebo/sham,True,,,,,False,True,False,False,False,0,False,UNDECIDED,False,False
NCT00188396,2004.0,<=2015,NA,drug,0,44.0,OTHER,COMPLETED,NON_RANDOMIZED,False,NONE,0.0,False,False,SINGLE_GROUP,True,none/single-group,False,,,,,False,True,False,False,False,0,False,,False,False
NCT02380066,2015.0,<=2015,PHASE2,drug,5,120.0,OTHER,COMPLETED,RANDOMIZED,True,QUADRUPLE,4.0,True,True,PARALLEL,True,placebo/sham,True,,,,,False,True,True,False,False,0,False,,False,False
NCT07247370,2025.0,2021-2026,PHASE1;PHASE2,drug,1,20.0,OTHER,NOT_YET_RECRUITING,NA,False,NONE,0.0,False,False,SINGLE_GROUP,False,none/single-group,False,,,,,False,True,False,False,False,0,False,NO,False,False
NCT01121536,2010.0,<=2015,PHASE3,drug,1,867.0,INDUSTRY,TERMINATED,NA,False,NONE,0.0,False,False,SINGLE_GROUP,True,none/single-group,False,867.0,506.0,0.41637831603229525,False,True,True,False,True,False,0,False,,False,True
NCT01528241,2008.0,<=2015,PHASE1,drug,1,42.0,INDUSTRY,COMPLETED,NA,False,NONE,0.0,False,False,SINGLE_GROUP,True,none/single-group,False,,,,,False,False,False,False,False,0,False,,False,
NCT01360190,1994.0,<=2015,PHASE4,drug,2,24.0,OTHER,COMPLETED,RANDOMIZED,True,QUADRUPLE,4.0,True,True,PARALLEL,False,placebo/sham,True,,,,,True,False,False,False,False,0,False,,False,False
NCT01103180,2010.0,<=2015,PHASE2,drug,2,70.0,OTHER,TERMINATED,RANDOMIZED,True,TRIPLE,3.0,True,True,PARALLEL,True,placebo/sham,True,70.0,27.0,0.6142857142857143,False,False,True,False,True,False,1,True,,False,True
NCT04399070,2020.0,2016-2020,NA,drug,3,150.0,OTHER,UNKNOWN,RANDOMIZED,True,QUADRUPLE,4.0,True,True,FACTORIAL,True,placebo/sham,True,,,,,False,True,True,False,False,0,False,NO,False,False
NCT06698666,2022.0,2021-2026,PHASE3,drug,2,145.0,OTHER,RECRUITING,NON_RANDOMIZED,False,NONE,0.0,False,False,PARALLEL,True,none/single-group,False,,,,,True,True,False,False,False,0,False,NO,False,False
NCT00578669,2008.0,<=2015,PHASE3,drug,2,206.0,OTHER,COMPLETED,RANDOMIZED,True,DOUBLE,2.0,True,True,PARALLEL,True,placebo/sham,True,206.0,206.0,0.0,True,True,True,False,True,False,0,False,NO,False,True
NCT04162522,2019.0,2016-2020,PHASE3,drug,2,1.0,OTHER,COMPLETED,NON_RANDOMIZED,False,NONE,0.0,False,False,FACTORIAL,False,active,True,,,,,True,False,False,False,False,0,False,YES,True,False
NCT03977675,2019.0,2016-2020,PHASE1,drug,3,8.0,OTHER,TERMINATED,RANDOMIZED,True,DOUBLE,2.0,True,True,PARALLEL,False,none/single-group,False,,,,,False,False,True,False,False,0,False,NO,False,False
NCT00401258,2006.0,<=2015,PHASE4,drug,1,15.0,OTHER,COMPLETED,NON_RANDOMIZED,False,NONE,0.0,False,False,SINGLE_GROUP,False,none/single-group,False,15.0,8.0,0.4666666666666667,False,True,True,False,True,True,0,False,,False,False
NCT00745017,2001.0,<=2015,PHASE1,drug,3,72.0,OTHER,COMPLETED,RANDOMIZED,True,NONE,0.0,False,False,PARALLEL,True,none/single-group,False,,,,,False,True,True,False,False,0,False,,False,False
NCT03548675,2018.0,2016-2020,PHASE4,drug,2,125.0,OTHER,COMPLETED,RANDOMIZED,True,SINGLE,1.0,True,False,PARALLEL,True,active,True,,,,,True,True,False,False,False,2,True,,False,True
NCT02028026,2013.0,<=2015,PHASE4,drug,2,0.0,OTHER,WITHDRAWN,RANDOMIZED,True,QUADRUPLE,4.0,True,True,PARALLEL,False,active,True,,,,,True,True,False,False,False,0,False,,False,False
NCT00062673,2003.0,<=2015,PHASE3,drug,0,311.0,INDUSTRY,COMPLETED,RANDOMIZED,True,DOUBLE,2.0,True,True,PARALLEL,True,none/single-group,False,,,,,True,True,False,False,False,6,True,,False,False
NCT01912196,2013.0,<=2015,PHASE2,drug,2,376.0,INDUSTRY,COMPLETED,RANDOMIZED,True,TRIPLE,3.0,True,True,PARALLEL,True,placebo/sham,True,,,,,False,True,False,False,False,1,True,,False,True
NCT02741791,2016.0,2016-2020,PHASE3,drug,2,312.0,INDUSTRY,COMPLETED,RANDOMIZED,True,DOUBLE,2.0,True,True,PARALLEL,True,active,True,,,,,True,True,False,False,False,0,False,NO,False,False
NCT00644358,2007.0,<=2015,PHASE3,drug,1,616.0,INDUSTRY,COMPLETED,NA,False,NONE,0.0,False,False,SINGLE_GROUP,True,none/single-group,False,616.0,254.0,0.5876623376623377,False,True,True,False,True,False,4,True,,False,False
NCT02543983,2015.0,<=2015,PHASE2,both,1,325.0,NIH,RECRUITING,NA,False,NONE,0.0,False,False,SINGLE_GROUP,True,none/single-group,False,,,,,False,False,False,False,False,5,True,YES,True,
NCT01204086,2007.0,<=2015,PHASE4,drug,2,200.0,OTHER,UNKNOWN,RANDOMIZED,True,NONE,0.0,False,False,PARALLEL,True,none/single-group,False,,,,,True,True,False,False,False,0,False,,False,False
NCT01870219,2012.0,<=2015,PHASE4,drug,2,24.0,OTHER,COMPLETED,RANDOMIZED,True,QUADRUPLE,4.0,True,True,CROSSOVER,False,active,True,,,,,True,True,False,False,False,0,False,,False,True
NCT00143091,2005.0,<=2015,PHASE2,drug,0,200.0,INDUSTRY,TERMINATED,RANDOMIZED,True,DOUBLE,2.0,True,True,PARALLEL,True,none/single-group,False,,,,,False,True,False,False,False,1,True,,False,True
NCT04939649,2021.0,2021-2026,PHASE3,drug,2,63.0,OTHER,COMPLETED,RANDOMIZED,True,QUADRUPLE,4.0,True,True,PARALLEL,False,active,True,,,,,True,True,False,False,False,3,True,NO,False,True
NCT06524830,2024.0,2021-2026,PHASE2,drug,2,142.0,INDUSTRY,RECRUITING,RANDOMIZED,True,TRIPLE,3.0,True,True,PARALLEL,True,placebo/sham,True,,,,,False,True,False,False,False,0,False,NO,False,False
NCT01808651,2013.0,<=2015,PHASE3,drug,1,200.0,INDUSTRY,COMPLETED,NA,False,NONE,0.0,False,False,SINGLE_GROUP,True,none/single-group,False,200.0,152.0,0.24,False,True,True,False,True,False,0,False,,False,False
NCT00479726,2004.0,<=2015,PHASE4,drug,0,8000.0,INDUSTRY,COMPLETED,NON_RANDOMIZED,False,NONE,0.0,False,False,SINGLE_GROUP,True,none/single-group,False,,,,,True,True,False,False,False,1,True,,False,False
NCT03822416,2019.0,2016-2020,PHASE2,drug,2,38.0,OTHER,COMPLETED,RANDOMIZED,True,SINGLE,1.0,True,False,PARALLEL,False,none/single-group,False,38.0,36.0,0.052631578947368474,True,False,True,False,True,False,1,True,NO,False,False
NCT00157547,2003.0,<=2015,PHASE4,drug,0,95.0,OTHER,COMPLETED,NON_RANDOMIZED,False,NONE,0.0,False,False,PARALLEL,False,none/single-group,False,,,,,True,True,False,False,False,1,True,,False,True
NCT01423240,2012.0,<=2015,PHASE3,drug,3,0.0,INDUSTRY,WITHDRAWN,RANDOMIZED,True,QUADRUPLE,4.0,True,True,PARALLEL,False,placebo/sham,True,,,,,True,True,True,False,False,2,True,,False,True
NCT02498392,2015.0,<=2015,PHASE2,drug,4,161.0,INDUSTRY,COMPLETED,RANDOMIZED,True,DOUBLE,2.0,True,True,PARALLEL,True,placebo/sham,True,160.0,153.0,0.043749999999999956,True,False,True,True,True,False,0,False,,False,False
NCT05017311,2023.0,2021-2026,PHASE4,drug,4,400.0,OTHER,RECRUITING,RANDOMIZED,True,DOUBLE,2.0,True,True,FACTORIAL,True,placebo/sham,True,,,,,True,True,True,False,False,0,False,YES,True,False
NCT06692361,2025.0,2021-2026,NA,drug,2,214.0,OTHER,RECRUITING,RANDOMIZED,True,TRIPLE,3.0,True,True,PARALLEL,True,placebo/sham,True,,,,,False,True,False,False,False,0,False,YES,True,True
NCT00568672,2007.0,<=2015,PHASE3,drug,2,0.0,OTHER,WITHDRAWN,RANDOMIZED,True,TRIPLE,3.0,True,True,PARALLEL,False,placebo/sham,True,,,,,True,True,False,False,False,0,False,,False,True
NCT00467402,2007.0,<=2015,PHASE3,drug,3,644.0,INDUSTRY,COMPLETED,RANDOMIZED,True,QUADRUPLE,4.0,True,True,PARALLEL,True,placebo/sham,True,,,,,True,False,True,False,False,0,False,,False,
NCT01305889,2011.0,<=2015,NA,drug,2,19.0,OTHER,COMPLETED,NON_RANDOMIZED,False,NONE,0.0,False,False,PARALLEL,False,none/single-group,False,,,,,False,True,False,False,False,0,False,,False,False
NCT07573176,2026.0,2021-2026,PHASE3,drug,2,600.0,INDUSTRY,RECRUITING,RANDOMIZED,True,DOUBLE,2.0,True,True,PARALLEL,True,placebo/sham,True,,,,,True,True,False,False,False,0,False,YES,True,False
NCT04244253,2020.0,2016-2020,PHASE2,drug,3,273.0,INDUSTRY,COMPLETED,RANDOMIZED,True,QUADRUPLE,4.0,True,True,PARALLEL,True,placebo/sham,True,273.0,253.0,0.07326007326007322,True,False,True,True,True,False,0,False,YES,True,False
NCT06278038,2024.0,2021-2026,NA,drug,2,84.0,OTHER,COMPLETED,RANDOMIZED,True,NONE,0.0,False,False,PARALLEL,True,active,True,,,,,False,True,False,False,False,0,False,,False,False
NCT00250653,2005.0,<=2015,PHASE3,drug,0,365.0,INDUSTRY,COMPLETED,NON_RANDOMIZED,False,NONE,0.0,False,False,SINGLE_GROUP,True,none/single-group,False,,,,,True,True,False,False,False,0,False,,False,
NCT01031186,2009.0,<=2015,PHASE1,drug,10,20.0,INDUSTRY,COMPLETED,RANDOMIZED,True,SINGLE,1.0,True,False,CROSSOVER,False,none/single-group,False,,,,,False,True,True,False,False,0,False,YES,True,False
NCT00655057,2005.0,<=2015,PHASE2;PHASE3,both,3,66.0,OTHER,COMPLETED,RANDOMIZED,True,NONE,0.0,False,False,PARALLEL,False,active,True,0.0,0.0,,,True,False,True,True,False,0,False,,False,True
NCT05385783,2022.0,2021-2026,PHASE1;PHASE2,drug,5,57.0,INDUSTRY,COMPLETED,RANDOMIZED,True,QUADRUPLE,4.0,True,True,PARALLEL,True,placebo/sham,True,,,,,False,True,True,False,False,0,False,NO,False,False
NCT04673383,2021.0,2021-2026,PHASE1;PHASE2,drug,4,66.0,INDUSTRY,COMPLETED,RANDOMIZED,True,QUADRUPLE,4.0,True,True,PARALLEL,True,none/single-group,False,,,,,False,True,True,False,True,1,True,NO,False,True
NCT01573598,2012.0,<=2015,PHASE4,drug,3,1219.0,INDUSTRY,COMPLETED,RANDOMIZED,True,TRIPLE,3.0,True,True,PARALLEL,True,placebo/sham,True,,,,,True,True,True,False,False,0,False,,False,False
NCT02615119,2015.0,<=2015,NA,drug,6,97.0,OTHER,COMPLETED,NON_RANDOMIZED,False,DOUBLE,2.0,True,True,PARALLEL,True,active,True,,,,,False,False,True,False,False,1,True,NO,False,True
NCT07300969,2025.0,2021-2026,PHASE2,drug,3,300.0,INDUSTRY,RECRUITING,RANDOMIZED,True,TRIPLE,3.0,True,True,PARALLEL,True,placebo/sham,True,,,,,False,True,True,False,False,0,False,NO,False,
NCT00048594,2002.0,<=2015,PHASE3,drug,0,800.0,INDUSTRY,COMPLETED,RANDOMIZED,True,DOUBLE,2.0,True,True,PARALLEL,True,none/single-group,False,,,,,True,True,False,False,False,0,False,,False,
NCT07136714,2025.0,2021-2026,PHASE4,drug,2,116.0,OTHER,RECRUITING,RANDOMIZED,True,QUADRUPLE,4.0,True,True,PARALLEL,True,placebo/sham,True,,,,,True,True,False,False,False,0,False,YES,True,True
NCT00822744,2008.0,<=2015,PHASE2,drug,5,527.0,INDUSTRY,COMPLETED,RANDOMIZED,True,DOUBLE,2.0,True,True,PARALLEL,True,placebo/sham,True,,,,,False,True,True,False,False,0,False,,False,True
NCT05381974,2022.0,2021-2026,PHASE2,drug,1,0.0,OTHER,WITHDRAWN,NA,False,NONE,0.0,False,False,SINGLE_GROUP,False,none/single-group,False,,,,,False,False,False,False,False,0,False,,False,True
NCT02972632,2016.0,2016-2020,PHASE4,drug,1,123.0,INDUSTRY,COMPLETED,NA,False,NONE,0.0,False,False,SINGLE_GROUP,True,none/single-group,False,123.0,106.0,0.1382113821138211,True,True,True,False,True,False,1,True,YES,True,False
NCT00731653,2008.0,<=2015,PHASE2,drug,1,81.0,OTHER,COMPLETED,,False,NONE,0.0,False,False,PARALLEL,True,none/single-group,False,81.0,72.0,0.11111111111111116,True,False,True,False,True,False,0,False,,False,False
NCT01942187,2013.0,<=2015,PHASE4,drug,2,0.0,OTHER,WITHDRAWN,RANDOMIZED,True,NONE,0.0,False,False,PARALLEL,False,active,True,,,,,True,True,False,False,False,0,False,,False,False
NCT00569062,2007.0,<=2015,PHASE2,drug,2,30.0,INDUSTRY,TERMINATED,RANDOMIZED,True,DOUBLE,2.0,True,True,PARALLEL,False,placebo/sham,True,,,,,False,True,False,False,False,0,False,YES,True,False
NCT00051259,2003.0,<=2015,PHASE3,drug,0,420.0,INDUSTRY,COMPLETED,RANDOMIZED,True,DOUBLE,2.0,True,True,PARALLEL,True,none/single-group,False,,,,,True,True,False,False,False,0,False,,False,
NCT04177706,2020.0,2016-2020,PHASE2,drug,2,21.0,OTHER,COMPLETED,RANDOMIZED,True,TRIPLE,3.0,True,True,PARALLEL,False,placebo/sham,True,21.0,11.0,0.47619047619047616,False,False,True,False,True,False,0,False,NO,False,
NCT00985725,2009.0,<=2015,PHASE2,drug,2,143.0,INDUSTRY,COMPLETED,RANDOMIZED,True,TRIPLE,3.0,True,True,PARALLEL,True,placebo/sham,True,143.0,119.0,0.1678321678321678,True,False,True,False,True,False,1,True,,False,False
NCT00249886,2002.0,<=2015,PHASE3,drug,0,60.0,OTHER,WITHDRAWN,RANDOMIZED,True,DOUBLE,2.0,True,True,PARALLEL,False,none/single-group,False,,,,,True,True,False,False,False,0,False,,False,
NCT07549581,2024.0,2021-2026,PHASE1,drug,5,43.0,INDUSTRY,COMPLETED,RANDOMIZED,True,DOUBLE,2.0,True,True,SEQUENTIAL,True,placebo/sham,True,,,,,False,True,True,False,False,0,False,YES,True,False
NCT03367533,2018.0,2016-2020,PHASE1,drug,2,13.0,OTHER,COMPLETED,RANDOMIZED,True,DOUBLE,2.0,True,True,CROSSOVER,False,placebo/sham,True,,,,,False,False,False,False,False,0,False,NO,False,False
NCT05947383,2023.0,2021-2026,PHASE2,drug,2,56.0,OTHER,ACTIVE_NOT_RECRUITING,RANDOMIZED,True,QUADRUPLE,4.0,True,True,SINGLE_GROUP,True,placebo/sham,True,,,,,False,True,False,False,False,0,False,,False,
NCT02977299,2017.0,2016-2020,PHASE4,both,3,278.0,OTHER,COMPLETED,RANDOMIZED,True,SINGLE,1.0,True,False,PARALLEL,True,none/single-group,False,278.0,244.0,0.12230215827338131,True,True,True,True,True,False,2,True,NO,False,True
NCT05733546,2023.0,2021-2026,PHASE2,drug,3,102.0,INDUSTRY,ACTIVE_NOT_RECRUITING,RANDOMIZED,True,QUADRUPLE,4.0,True,True,PARALLEL,True,active,True,,,,,False,True,True,False,False,1,True,NO,False,True
NCT00825019,2003.0,<=2015,PHASE3,drug,3,306.0,INDUSTRY,COMPLETED,RANDOMIZED,True,DOUBLE,2.0,True,True,PARALLEL,True,placebo/sham,True,,,,,True,True,True,False,False,0,False,,False,
NCT04171193,2019.0,2016-2020,PHASE2,drug,3,30.0,OTHER,UNKNOWN,RANDOMIZED,True,NONE,0.0,False,False,PARALLEL,False,none/single-group,False,,,,,False,True,True,False,False,0,False,,False,False
NCT00511810,2007.0,<=2015,PHASE2;PHASE3,drug,2,20.0,OTHER,COMPLETED,RANDOMIZED,True,NONE,0.0,False,False,PARALLEL,False,none/single-group,False,20.0,14.0,0.30000000000000004,False,True,True,False,True,False,0,False,NO,False,True
NCT03414931,2016.0,2016-2020,PHASE2,drug,3,136.0,OTHER,COMPLETED,RANDOMIZED,True,QUADRUPLE,4.0,True,True,PARALLEL,True,placebo/sham,True,,,,,False,True,True,False,False,1,True,,False,
NCT00481195,2007.0,<=2015,PHASE2,drug,2,257.0,INDUSTRY,COMPLETED,RANDOMIZED,True,DOUBLE,2.0,True,True,PARALLEL,True,placebo/sham,True,257.0,179.0,0.30350194552529186,False,False,True,False,True,False,1,True,,False,
NCT02972398,2015.0,<=2015,NA,drug,2,200.0,OTHER,UNKNOWN,RANDOMIZED,True,QUADRUPLE,4.0,True,True,PARALLEL,True,placebo/sham,True,,,,,False,True,False,False,False,1,True,UNDECIDED,False,True
NCT00596622,2007.0,<=2015,PHASE4,drug,3,46.0,OTHER,COMPLETED,NON_RANDOMIZED,False,NONE,0.0,False,False,SINGLE_GROUP,False,none/single-group,False,46.0,33.0,0.28260869565217395,False,True,False,True,True,False,0,False,NO,False,False
NCT07196501,2025.0,2021-2026,PHASE3,drug,3,550.0,INDUSTRY,RECRUITING,RANDOMIZED,True,QUADRUPLE,4.0,True,True,PARALLEL,True,none/single-group,False,,,,,True,True,True,False,False,0,False,NO,False,True
NCT02342366,2012.0,<=2015,NA,drug,2,19.0,OTHER,COMPLETED,RANDOMIZED,True,DOUBLE,2.0,True,True,CROSSOVER,False,placebo/sham,True,,,,,False,False,False,False,False,1,True,,False,False
NCT03053830,2017.0,2016-2020,PHASE2,drug,1,11.0,FED,COMPLETED,NA,False,NONE,0.0,False,False,SINGLE_GROUP,False,none/single-group,False,,,,,False,True,False,False,False,0,False,NO,False,True
NCT00787501,2008.0,<=2015,PHASE1,drug,2,98.0,OTHER,COMPLETED,NON_RANDOMIZED,False,NONE,0.0,False,False,PARALLEL,True,active,True,,,,,False,True,False,False,True,0,False,,False,True
NCT00368030,2004.0,<=2015,PHASE3,drug,2,545.0,INDUSTRY,COMPLETED,RANDOMIZED,True,DOUBLE,2.0,True,True,PARALLEL,True,placebo/sham,True,,,,,True,True,False,False,True,0,False,,False,False
NCT01558063,2012.0,<=2015,PHASE2,both,6,38.0,OTHER,COMPLETED,RANDOMIZED,True,TRIPLE,3.0,True,True,PARALLEL,False,placebo/sham,True,38.0,38.0,0.0,True,False,True,True,True,False,2,True,NO,False,True
NCT07284667,2025.0,2021-2026,PHASE2,drug,3,153.0,INDUSTRY,RECRUITING,RANDOMIZED,True,QUADRUPLE,4.0,True,True,PARALLEL,True,placebo/sham,True,,,,,False,True,True,False,False,0,False,NO,False,True
NCT01337609,2011.0,<=2015,PHASE4,drug,3,5.0,OTHER,TERMINATED,RANDOMIZED,True,TRIPLE,3.0,True,True,CROSSOVER,False,placebo/sham,True,5.0,4.0,0.19999999999999996,True,True,True,True,True,False,0,False,,False,False
NCT05603104,2025.0,2021-2026,PHASE3,drug,6,1254.0,OTHER,RECRUITING,RANDOMIZED,True,SINGLE,1.0,True,False,PARALLEL,True,active,True,,,,,True,True,True,False,False,0,False,YES,True,True
NCT07253207,2024.0,2021-2026,PHASE3,drug,2,392.0,INDUSTRY,COMPLETED,RANDOMIZED,True,DOUBLE,2.0,True,True,PARALLEL,True,active,True,,,,,True,True,False,False,False,0,False,,False,
NCT06131268,2022.0,2021-2026,PHASE4,drug,3,30.0,OTHER,UNKNOWN,NON_RANDOMIZED,False,NONE,0.0,False,False,PARALLEL,False,no-intervention,True,,,,,True,True,True,False,False,0,False,NO,False,False
NCT00183729,2005.0,<=2015,PHASE4,drug,2,35.0,OTHER,COMPLETED,RANDOMIZED,True,QUADRUPLE,4.0,True,True,PARALLEL,False,placebo/sham,True,35.0,27.0,0.22857142857142854,False,True,True,False,True,True,0,False,YES,True,False
NCT00880399,2009.0,<=2015,PHASE2,drug,3,328.0,INDUSTRY,TERMINATED,RANDOMIZED,True,QUADRUPLE,4.0,True,True,PARALLEL,True,placebo/sham,True,328.0,242.0,0.2621951219512195,False,False,True,True,True,False,0,False,,False,True
NCT06476509,2024.0,2021-2026,PHASE1,drug,2,20.0,INDUSTRY,COMPLETED,NON_RANDOMIZED,False,NONE,0.0,False,False,SINGLE_GROUP,False,active,True,,,,,False,True,False,False,False,0,False,NO,False,False
NCT07523048,2025.0,2021-2026,PHASE2,drug,1,30.0,OTHER,RECRUITING,NA,False,NONE,0.0,False,False,SINGLE_GROUP,False,none/single-group,False,,,,,False,False,False,False,False,0,False,NO,False,False
NCT06705478,2026.0,2021-2026,PHASE2,drug,2,186.0,NIH,SUSPENDED,RANDOMIZED,True,NONE,0.0,False,False,PARALLEL,True,none/single-group,False,,,,,False,True,False,False,False,0,False,YES,True,
NCT05506462,2023.0,2021-2026,PHASE4,drug,1,35.0,INDUSTRY,UNKNOWN,NA,False,NONE,0.0,False,False,SINGLE_GROUP,False,none/single-group,False,,,,,True,True,False,False,False,0,False,NO,False,False
NCT00149110,2005.0,<=2015,NA,both,2,75.0,OTHER,COMPLETED,RANDOMIZED,True,SINGLE,1.0,True,False,PARALLEL,True,active,True,,,,,False,True,False,False,False,2,True,,False,True
NCT00406640,2006.0,<=2015,PHASE3,drug,2,595.0,INDUSTRY,COMPLETED,RANDOMIZED,True,TRIPLE,3.0,True,True,SINGLE_GROUP,True,active,True,595.0,501.0,0.15798319327731092,True,True,True,False,True,False,1,True,,False,
NCT01902004,2013.0,<=2015,PHASE4,drug,2,115.0,OTHER,COMPLETED,RANDOMIZED,True,QUADRUPLE,4.0,True,True,PARALLEL,True,active,True,95.0,62.0,0.34736842105263155,False,True,True,False,True,False,4,True,NO,False,True
NCT01111539,2010.0,<=2015,PHASE3,drug,5,211.0,INDUSTRY,TERMINATED,RANDOMIZED,True,DOUBLE,2.0,True,True,PARALLEL,True,none/single-group,False,211.0,129.0,0.3886255924170616,False,True,True,True,True,False,0,False,YES,True,True
NCT03833206,2027.0,2021-2026,PHASE1;PHASE2,drug,2,12.0,INDUSTRY,NOT_YET_RECRUITING,NON_RANDOMIZED,False,NONE,0.0,False,False,SEQUENTIAL,False,none/single-group,False,,,,,False,True,False,False,False,0,False,,False,False
NCT03866174,2020.0,2016-2020,PHASE2,drug,2,347.0,OTHER,COMPLETED,RANDOMIZED,True,TRIPLE,3.0,True,True,PARALLEL,True,active,True,104.0,92.0,0.11538461538461542,True,False,True,False,True,False,3,True,NO,False,True
NCT01370499,2011.0,<=2015,PHASE3,drug,1,288.0,INDUSTRY,COMPLETED,NA,False,NONE,0.0,False,False,SINGLE_GROUP,True,none/single-group,False,288.0,133.0,0.5381944444444444,False,True,True,False,True,False,0,False,,False,False
NCT02960763,2017.0,2016-2020,PHASE4,drug,5,742.0,OTHER,COMPLETED,RANDOMIZED,True,SINGLE,1.0,True,False,PARALLEL,True,none/single-group,False,619.0,554.0,0.10500807754442654,True,True,True,True,True,False,3,True,YES,True,True
NCT00374426,1998.0,<=2015,PHASE4,drug,0,262.0,NIH,COMPLETED,RANDOMIZED,True,DOUBLE,2.0,True,True,PARALLEL,True,none/single-group,False,,,,,True,True,False,False,False,0,False,,False,
NCT01179516,2010.0,<=2015,PHASE3,drug,3,469.0,INDUSTRY,COMPLETED,RANDOMIZED,True,QUADRUPLE,4.0,True,True,PARALLEL,True,placebo/sham,True,469.0,385.0,0.17910447761194026,True,True,True,True,True,False,1,True,,False,False
NCT04936126,2021.0,2021-2026,PHASE4,drug,3,150.0,OTHER,UNKNOWN,RANDOMIZED,True,SINGLE,1.0,True,False,PARALLEL,True,active,True,,,,,True,True,True,False,True,1,True,,False,False
NCT04828226,2021.0,2021-2026,PHASE4,drug,2,130.0,OTHER,COMPLETED,RANDOMIZED,True,QUADRUPLE,4.0,True,True,PARALLEL,True,placebo/sham,True,,,,,True,False,False,False,False,0,False,NO,False,False
NCT06029439,2023.0,2021-2026,PHASE3,drug,1,1000.0,INDUSTRY,ACTIVE_NOT_RECRUITING,NA,False,NONE,0.0,False,False,SINGLE_GROUP,True,none/single-group,False,,,,,True,True,False,False,False,0,False,NO,False,True
NCT05227209,2022.0,2021-2026,PHASE3,drug,1,64.0,INDUSTRY,TERMINATED,NA,False,NONE,0.0,False,False,SINGLE_GROUP,False,none/single-group,False,64.0,9.0,0.859375,False,True,True,False,True,False,0,False,YES,True,True
NCT00705003,2008.0,<=2015,PHASE2,drug,3,142.0,OTHER,COMPLETED,RANDOMIZED,True,QUADRUPLE,4.0,True,True,PARALLEL,True,placebo/sham,True,142.0,134.0,0.05633802816901412,True,False,True,True,True,False,0,False,,False,False
NCT00036335,2002.0,<=2015,PHASE3,drug,0,286.0,INDUSTRY,COMPLETED,RANDOMIZED,True,DOUBLE,2.0,True,True,PARALLEL,True,none/single-group,False,,,,,True,True,False,False,False,2,True,,False,
NCT00666757,2008.0,<=2015,PHASE4,drug,5,750.0,INDUSTRY,COMPLETED,RANDOMIZED,True,NONE,0.0,False,False,PARALLEL,True,active,True,750.0,553.0,0.2626666666666667,False,True,True,True,True,False,2,True,,False,False
NCT06360419,2024.0,2021-2026,PHASE3,drug,2,346.0,INDUSTRY,COMPLETED,RANDOMIZED,True,TRIPLE,3.0,True,True,PARALLEL,True,placebo/sham,True,,,,,True,True,False,False,False,0,False,NO,False,False
NCT01380704,2011.0,<=2015,PHASE1,drug,2,51.0,INDUSTRY,COMPLETED,RANDOMIZED,True,DOUBLE,2.0,True,True,PARALLEL,True,placebo/sham,True,,,,,False,True,False,False,True,0,False,,False,False
NCT00887224,2009.0,<=2015,PHASE3,drug,2,874.0,INDUSTRY,COMPLETED,RANDOMIZED,True,QUADRUPLE,4.0,True,True,PARALLEL,True,placebo/sham,True,874.0,752.0,0.13958810068649885,True,True,True,False,True,False,5,True,,False,False
NCT07226661,2026.0,2021-2026,PHASE2,drug,2,230.0,INDUSTRY,RECRUITING,RANDOMIZED,True,TRIPLE,3.0,True,True,PARALLEL,True,placebo/sham,True,,,,,False,True,False,False,False,0,False,NO,False,False
NCT00018057,2001.0,<=2015,PHASE2,drug,2,3500.0,NIH,RECRUITING,RANDOMIZED,True,DOUBLE,2.0,True,True,PARALLEL,True,placebo/sham,True,,,,,False,True,False,False,False,26,True,,False,
NCT00427128,1995.0,<=2015,PHASE4,drug,0,627.0,OTHER,COMPLETED,RANDOMIZED,True,DOUBLE,2.0,True,True,PARALLEL,True,none/single-group,False,,,,,True,True,False,False,True,2,True,,False,
NCT02709746,2016.0,2016-2020,PHASE3,drug,4,784.0,INDUSTRY,COMPLETED,RANDOMIZED,True,DOUBLE,2.0,True,True,PARALLEL,True,placebo/sham,True,784.0,616.0,0.2142857142857143,False,True,True,True,True,False,1,True,,False,True
NCT03726658,2018.0,2016-2020,PHASE1;PHASE2,drug,4,226.0,INDUSTRY,COMPLETED,RANDOMIZED,True,DOUBLE,2.0,True,True,PARALLEL,True,placebo/sham,True,224.0,205.0,0.0848214285714286,True,False,True,True,True,False,0,False,NO,False,False
NCT06958692,2025.0,2021-2026,PHASE3,drug,2,388.0,INDUSTRY,RECRUITING,RANDOMIZED,True,QUADRUPLE,4.0,True,True,PARALLEL,True,placebo/sham,True,,,,,True,True,False,False,False,0,False,,False,False
NCT01234558,2011.0,<=2015,PHASE2,drug,4,115.0,INDUSTRY,COMPLETED,RANDOMIZED,True,QUADRUPLE,4.0,True,True,PARALLEL,True,placebo/sham,True,,,,,False,True,True,False,False,1,True,,False,False
NCT00174577,2003.0,<=2015,PHASE3,drug,0,84.0,OTHER,UNKNOWN,RANDOMIZED,True,DOUBLE,2.0,True,True,PARALLEL,False,none/single-group,False,,,,,True,True,False,False,False,0,False,,False,
NCT04209166,2019.0,2016-2020,NA,drug,4,780.0,OTHER,UNKNOWN,RANDOMIZED,True,SINGLE,1.0,True,False,PARALLEL,True,no-intervention,True,,,,,False,True,True,False,False,1,True,UNDECIDED,False,False
NCT06341426,2024.0,2021-2026,PHASE2,drug,2,92.0,OTHER,ACTIVE_NOT_RECRUITING,RANDOMIZED,True,QUADRUPLE,4.0,True,True,PARALLEL,True,placebo/sham,True,,,,,False,True,False,False,False,0,False,,False,True
NCT01913535,2013.0,<=2015,PHASE2,drug,5,8.0,OTHER,TERMINATED,RANDOMIZED,True,QUADRUPLE,4.0,True,True,PARALLEL,False,placebo/sham,True,8.0,8.0,0.0,True,False,True,True,True,False,0,False,,False,True
NCT01715805,2012.0,<=2015,PHASE3,drug,4,1022.0,INDUSTRY,COMPLETED,RANDOMIZED,True,TRIPLE,3.0,True,True,PARALLEL,True,placebo/sham,True,1022.0,807.0,0.21037181996086107,False,True,True,True,True,False,0,False,,False,False
NCT01464229,2012.0,<=2015,PHASE4,drug,2,20.0,OTHER,COMPLETED,RANDOMIZED,True,TRIPLE,3.0,True,True,CROSSOVER,False,placebo/sham,True,20.0,13.0,0.35,False,True,True,False,True,True,0,False,,False,True
NCT00209807,2005.0,<=2015,PHASE4,drug,3,42.0,OTHER,UNKNOWN,RANDOMIZED,True,TRIPLE,3.0,True,True,PARALLEL,False,active,True,,,,,True,True,True,False,False,0,False,,False,
NCT00385307,2006.0,<=2015,PHASE3,drug,0,680.0,INDUSTRY,COMPLETED,RANDOMIZED,True,DOUBLE,2.0,True,True,PARALLEL,True,none/single-group,False,,,,,True,True,False,False,False,0,False,,False,
NCT07076407,2025.0,2021-2026,PHASE3,drug,2,450.0,INDUSTRY,RECRUITING,RANDOMIZED,True,QUADRUPLE,4.0,True,True,PARALLEL,True,placebo/sham,True,,,,,True,True,False,False,False,0,False,NO,False,True
NCT04623034,2013.0,<=2015,PHASE1,drug,6,34.0,INDUSTRY,COMPLETED,RANDOMIZED,True,NONE,0.0,False,False,CROSSOVER,True,none/single-group,False,,,,,False,False,True,False,False,1,True,NO,False,False
NCT00090649,,,PHASE3,drug,0,369.0,INDUSTRY,COMPLETED,RANDOMIZED,True,DOUBLE,2.0,True,True,PARALLEL,True,none/single-group,False,,,,,True,True,False,False,False,0,False,,False,
NCT06417437,2023.0,2021-2026,PHASE4,both,5,400.0,OTHER,RECRUITING,NON_RANDOMIZED,False,NONE,0.0,False,False,PARALLEL,True,active,True,,,,,True,True,True,False,False,1,True,NO,False,True
NCT01477203,2011.0,<=2015,PHASE4,drug,3,289.0,OTHER,COMPLETED,NON_RANDOMIZED,False,NONE,0.0,False,False,PARALLEL,True,active,True,,,,,True,False,True,False,False,0,False,,False,True
NCT00759395,2009.0,<=2015,PHASE2,drug,2,22.0,INDUSTRY,COMPLETED,RANDOMIZED,True,DOUBLE,2.0,True,True,PARALLEL,False,placebo/sham,True,22.0,18.0,0.18181818181818177,True,False,True,False,True,False,1,True,,False,True
NCT01725282,2011.0,<=2015,PHASE2,drug,4,172.0,INDUSTRY,COMPLETED,RANDOMIZED,True,QUADRUPLE,4.0,True,True,PARALLEL,True,placebo/sham,True,172.0,150.0,0.12790697674418605,True,False,True,True,True,False,1,True,YES,True,False
NCT00296725,1994.0,<=2015,PHASE1;PHASE2,drug,1,25.0,OTHER,COMPLETED,,False,NONE,0.0,False,False,SEQUENTIAL,False,none/single-group,False,17.0,12.0,0.2941176470588235,False,False,True,False,True,False,1,True,,False,False
NCT01312922,2011.0,<=2015,PHASE3,drug,3,555.0,INDUSTRY,COMPLETED,RANDOMIZED,True,QUADRUPLE,4.0,True,True,PARALLEL,True,placebo/sham,True,555.0,383.0,0.30990990990990996,False,True,True,True,True,False,0,False,,False,False
NCT01811147,2011.0,<=2015,PHASE4,drug,4,192.0,OTHER,COMPLETED,NON_RANDOMIZED,False,NONE,0.0,False,False,PARALLEL,True,no-intervention,True,189.0,36.0,0.8095238095238095,False,True,False,True,True,False,1,True,UNDECIDED,False,False
NCT01134731,2010.0,<=2015,PHASE4,drug,3,54.0,OTHER,COMPLETED,RANDOMIZED,True,TRIPLE,3.0,True,True,PARALLEL,False,placebo/sham,True,54.0,22.0,0.5925925925925926,False,True,True,True,True,False,0,False,NO,False,False
NCT05792540,2023.0,2021-2026,PHASE2,drug,3,75.0,OTHER,COMPLETED,RANDOMIZED,True,DOUBLE,2.0,True,True,PARALLEL,True,active,True,,,,,False,True,True,False,False,1,True,,False,
NCT04937829,2021.0,2021-2026,PHASE1,drug,2,59.0,INDUSTRY,COMPLETED,RANDOMIZED,True,DOUBLE,2.0,True,True,PARALLEL,True,placebo/sham,True,,,,,False,True,False,False,False,0,False,NO,False,
NCT01273376,2010.0,<=2015,PHASE2,drug,3,314.0,INDUSTRY,COMPLETED,RANDOMIZED,True,DOUBLE,2.0,True,True,PARALLEL,True,placebo/sham,True,,,,,False,True,True,False,False,0,False,,False,True
NCT00517972,,,PHASE2,drug,0,0.0,OTHER,WITHDRAWN,NON_RANDOMIZED,False,NONE,0.0,False,False,SINGLE_GROUP,False,none/single-group,False,,,,,False,True,False,False,False,0,False,,False,False
NCT02066077,2013.0,<=2015,NA,both,7,280.0,OTHER,COMPLETED,RANDOMIZED,True,TRIPLE,3.0,True,True,PARALLEL,True,active,True,,,,,False,True,True,False,False,0,False,,False,True
NCT05921929,2024.0,2021-2026,PHASE1,drug,1,0.0,INDUSTRY,WITHDRAWN,NA,False,NONE,0.0,False,False,SINGLE_GROUP,False,none/single-group,False,,,,,False,False,False,False,False,0,False,,False,False
NCT06854224,2025.0,2021-2026,PHASE2,drug,1,30.0,OTHER,RECRUITING,NA,False,NONE,0.0,False,False,SINGLE_GROUP,False,none/single-group,False,,,,,False,True,False,False,False,0,False,UNDECIDED,False,True
NCT04317001,2018.0,2016-2020,PHASE3,drug,2,0.0,OTHER,WITHDRAWN,RANDOMIZED,True,QUADRUPLE,4.0,True,True,SINGLE_GROUP,False,placebo/sham,True,,,,,True,True,False,False,False,0,False,NO,False,True
NCT01571453,2012.0,<=2015,PHASE3,drug,2,437.0,INDUSTRY,COMPLETED,RANDOMIZED,True,DOUBLE,2.0,True,True,PARALLEL,True,active,True,437.0,337.0,0.22883295194508013,False,True,True,False,True,False,2,True,,False,False
NCT04711915,2021.0,2021-2026,PHASE1,drug,2,30.0,OTHER,ACTIVE_NOT_RECRUITING,NON_RANDOMIZED,False,NONE,0.0,False,False,CROSSOVER,True,active,True,,,,,False,False,False,False,False,0,False,,False,False
NCT06235905,2024.0,2021-2026,PHASE2,drug,1,40.0,INDUSTRY,COMPLETED,NA,False,NONE,0.0,False,False,SINGLE_GROUP,False,none/single-group,False,40.0,38.0,0.050000000000000044,True,False,True,False,True,False,0,False,,False,False
NCT00519428,2007.0,<=2015,PHASE4,drug,3,245.0,OTHER,COMPLETED,RANDOMIZED,True,DOUBLE,2.0,True,True,PARALLEL,True,active,True,245.0,184.0,0.24897959183673468,False,True,True,True,True,False,4,True,NO,False,True
NCT01903200,2010.0,<=2015,PHASE1,drug,2,16.0,INDUSTRY,COMPLETED,NON_RANDOMIZED,False,NONE,0.0,False,False,SINGLE_GROUP,False,none/single-group,False,,,,,False,False,False,False,False,0,False,,False,False
NCT00150839,2006.0,<=2015,PHASE4,drug,2,80.0,OTHER,COMPLETED,RANDOMIZED,True,QUADRUPLE,4.0,True,True,PARALLEL,False,placebo/sham,True,,,,,True,True,False,False,False,0,False,,False,True
NCT07494305,2026.0,2021-2026,PHASE2,drug,2,320.0,INDUSTRY,RECRUITING,RANDOMIZED,True,QUADRUPLE,4.0,True,True,PARALLEL,True,placebo/sham,True,,,,,False,True,False,False,False,0,False,,False,False
NCT00592384,2007.0,<=2015,PHASE4,drug,2,133.0,OTHER,COMPLETED,RANDOMIZED,True,QUADRUPLE,4.0,True,True,PARALLEL,True,placebo/sham,True,133.0,122.0,0.08270676691729328,True,True,True,False,True,False,4,True,,False,True
NCT00781326,2008.0,<=2015,PHASE4,drug,1,9.0,OTHER,TERMINATED,NA,False,NONE,0.0,False,False,SINGLE_GROUP,False,none/single-group,False,6.0,2.0,0.6666666666666667,False,True,True,False,True,False,0,False,,False,False
NCT02012218,2013.0,<=2015,PHASE3,drug,1,61.0,INDUSTRY,COMPLETED,NA,False,NONE,0.0,False,False,SINGLE_GROUP,False,none/single-group,False,61.0,51.0,0.16393442622950816,True,True,True,False,True,False,2,True,,False,False
NCT07371065,2025.0,2021-2026,PHASE1,drug,2,98.0,INDUSTRY,ENROLLING_BY_INVITATION,RANDOMIZED,True,QUADRUPLE,4.0,True,True,PARALLEL,True,placebo/sham,True,,,,,False,True,False,False,False,0,False,NO,False,
NCT02869035,2016.0,2016-2020,PHASE1,drug,3,100.0,OTHER,COMPLETED,NON_RANDOMIZED,False,NONE,0.0,False,False,SINGLE_GROUP,True,no-intervention,True,,,,,False,False,True,False,False,8,True,YES,True,True
NCT05757791,2023.0,2021-2026,PHASE2,drug,1,16.0,OTHER,RECRUITING,NA,False,NONE,0.0,False,False,SINGLE_GROUP,False,none/single-group,False,,,,,False,True,False,False,False,0,False,YES,True,False
NCT04019704,2019.0,2016-2020,PHASE3,drug,2,327.0,INDUSTRY,COMPLETED,RANDOMIZED,True,QUADRUPLE,4.0,True,True,PARALLEL,True,placebo/sham,True,327.0,270.0,0.17431192660550454,True,True,True,False,True,False,2,True,NO,False,False
NCT03265808,2018.0,2016-2020,PHASE1;PHASE2,drug,2,31.0,OTHER,COMPLETED,RANDOMIZED,True,DOUBLE,2.0,True,True,PARALLEL,False,placebo/sham,True,,,,,False,True,False,False,False,0,False,NO,False,True
NCT02711215,2015.0,<=2015,PHASE4,drug,0,80.0,OTHER,UNKNOWN,RANDOMIZED,True,DOUBLE,2.0,True,True,CROSSOVER,False,none/single-group,False,,,,,True,False,False,False,False,2,True,,False,
NCT05181527,2022.0,2021-2026,PHASE4,drug,2,60.0,OTHER,COMPLETED,RANDOMIZED,True,TRIPLE,3.0,True,True,PARALLEL,False,placebo/sham,True,,,,,True,True,False,False,True,2,True,NO,False,False
NCT06785012,2024.0,2021-2026,PHASE2,drug,3,107.0,INDUSTRY,ACTIVE_NOT_RECRUITING,RANDOMIZED,True,DOUBLE,2.0,True,True,PARALLEL,True,placebo/sham,True,,,,,False,True,True,False,False,0,False,YES,True,True
NCT00208156,2005.0,<=2015,PHASE3,drug,1,87.0,INDUSTRY,COMPLETED,NA,False,NONE,0.0,False,False,SINGLE_GROUP,False,none/single-group,False,,,,,True,True,False,False,False,0,False,,False,False
NCT01803711,2013.0,<=2015,PHASE2;PHASE3,drug,2,6.0,OTHER,TERMINATED,RANDOMIZED,True,TRIPLE,3.0,True,True,PARALLEL,False,active,True,5.0,3.0,0.4,False,True,True,False,True,False,0,False,,False,True
NCT05415397,2022.0,2021-2026,PHASE3,drug,2,140.0,OTHER,ACTIVE_NOT_RECRUITING,RANDOMIZED,True,QUADRUPLE,4.0,True,True,PARALLEL,True,placebo/sham,True,,,,,True,True,False,False,True,1,True,YES,True,False
NCT00149825,2004.0,<=2015,PHASE2,drug,2,30.0,OTHER,COMPLETED,RANDOMIZED,True,TRIPLE,3.0,True,True,PARALLEL,False,active,True,30.0,22.0,0.2666666666666667,False,False,True,False,True,True,0,False,,False,
NCT00086307,2004.0,<=2015,PHASE2,drug,3,39.0,NIH,COMPLETED,RANDOMIZED,True,QUADRUPLE,4.0,True,True,PARALLEL,False,active,True,39.0,28.0,0.28205128205128205,False,False,True,True,True,False,0,False,,False,False
NCT00602537,2007.0,<=2015,PHASE4,drug,2,140.0,OTHER,COMPLETED,RANDOMIZED,True,TRIPLE,3.0,True,True,PARALLEL,True,active,True,129.0,59.0,0.5426356589147288,False,True,True,False,True,False,7,True,NO,False,True
NCT00629551,2008.0,<=2015,PHASE3,drug,4,825.0,INDUSTRY,COMPLETED,RANDOMIZED,True,QUADRUPLE,4.0,True,True,PARALLEL,True,placebo/sham,True,,,,,True,True,True,False,False,0,False,,False,True
NCT01304147,2011.0,<=2015,NA,drug,2,20.0,OTHER,COMPLETED,RANDOMIZED,True,QUADRUPLE,4.0,True,True,CROSSOVER,False,placebo/sham,True,20.0,20.0,0.0,True,False,True,False,True,True,1,True,,False,True
NCT01973283,2014.0,<=2015,PHASE4,drug,1,100.0,OTHER,COMPLETED,NA,False,NONE,0.0,False,False,SINGLE_GROUP,True,none/single-group,False,100.0,96.0,0.040000000000000036,True,True,True,False,True,True,0,False,,False,False
NCT06792136,2025.0,2021-2026,PHASE2,drug,2,103.0,INDUSTRY,COMPLETED,RANDOMIZED,True,DOUBLE,2.0,True,True,PARALLEL,True,placebo/sham,True,,,,,False,True,False,False,False,0,False,NO,False,False
NCT01189318,2012.0,<=2015,PHASE2,drug,2,0.0,OTHER,WITHDRAWN,NON_RANDOMIZED,False,NONE,0.0,False,False,PARALLEL,False,no-intervention,True,,,,,False,True,False,False,False,0,False,,False,True
NCT06633016,2024.0,2021-2026,PHASE2,drug,2,230.0,INDUSTRY,RECRUITING,RANDOMIZED,True,DOUBLE,2.0,True,True,PARALLEL,True,placebo/sham,True,,,,,False,True,False,False,False,0,False,NO,False,True
NCT05950061,2022.0,2021-2026,PHASE3,drug,2,744.0,OTHER,COMPLETED,RANDOMIZED,True,DOUBLE,2.0,True,True,PARALLEL,True,none/single-group,False,,,,,True,True,False,False,False,0,False,UNDECIDED,False,True
NCT05063604,2022.0,2021-2026,PHASE2,drug,2,40.0,OTHER,TERMINATED,RANDOMIZED,True,NONE,0.0,False,False,PARALLEL,False,none/single-group,False,,,,,False,True,False,False,True,0,False,NO,False,True
NCT01360866,2011.0,<=2015,PHASE3,drug,6,2944.0,INDUSTRY,COMPLETED,NON_RANDOMIZED,False,NONE,0.0,False,False,SINGLE_GROUP,True,none/single-group,False,2944.0,1895.0,0.35631793478260865,False,True,True,True,True,False,2,True,NO,False,True
NCT03339596,2017.0,2016-2020,PHASE2,drug,2,60.0,OTHER,COMPLETED,RANDOMIZED,True,SINGLE,1.0,True,False,PARALLEL,True,placebo/sham,True,,,,,False,True,False,False,False,2,True,NO,False,True
NCT03559192,2018.0,2016-2020,PHASE2,drug,3,181.0,INDUSTRY,COMPLETED,RANDOMIZED,True,DOUBLE,2.0,True,True,PARALLEL,True,placebo/sham,True,181.0,169.0,0.06629834254143652,True,False,True,True,True,False,0,False,,False,False
NCT05536414,2022.0,2021-2026,PHASE2,drug,4,337.0,INDUSTRY,COMPLETED,RANDOMIZED,True,DOUBLE,2.0,True,True,PARALLEL,True,placebo/sham,True,,,,,False,True,True,False,False,0,False,YES,True,
NCT00452595,2004.0,<=2015,PHASE3,drug,0,,INDUSTRY,COMPLETED,NON_RANDOMIZED,False,NONE,0.0,False,False,SINGLE_GROUP,,none/single-group,False,,,,,True,True,False,False,False,0,False,,False,
NCT00585585,2007.0,<=2015,PHASE2,drug,1,1.0,OTHER,TERMINATED,NA,False,NONE,0.0,False,False,SINGLE_GROUP,False,none/single-group,False,1.0,0.0,1.0,False,False,True,False,True,False,0,False,,False,True
NCT04181567,2014.0,<=2015,PHASE4,drug,2,97.0,OTHER_GOV,COMPLETED,RANDOMIZED,True,DOUBLE,2.0,True,True,PARALLEL,False,active,True,,,,,True,True,False,False,False,1,True,NO,False,True
NCT00735709,2008.0,<=2015,PHASE3,drug,4,560.0,INDUSTRY,COMPLETED,RANDOMIZED,True,DOUBLE,2.0,True,True,PARALLEL,True,placebo/sham,True,560.0,505.0,0.0982142857142857,True,True,True,True,True,False,1,True,,False,False
NCT05504486,2022.0,2021-2026,PHASE4,drug,1,0.0,INDUSTRY,WITHDRAWN,NA,False,NONE,0.0,False,False,SINGLE_GROUP,False,none/single-group,False,,,,,True,False,False,False,False,0,False,NO,False,False
NCT02013609,2013.0,<=2015,PHASE3,drug,1,48.0,INDUSTRY,COMPLETED,NA,False,NONE,0.0,False,False,SINGLE_GROUP,False,none/single-group,False,47.0,29.0,0.3829787234042553,False,True,True,False,True,False,1,True,,False,False
NCT01430455,2011.0,<=2015,PHASE4,drug,1,7.0,OTHER,COMPLETED,NA,False,NONE,0.0,False,False,SINGLE_GROUP,False,none/single-group,False,7.0,5.0,0.2857142857142857,False,True,True,False,True,False,0,False,,False,True
NCT02133001,2014.0,<=2015,PHASE2,drug,2,68.0,INDUSTRY,COMPLETED,RANDOMIZED,True,DOUBLE,2.0,True,True,PARALLEL,True,placebo/sham,True,68.0,49.0,0.27941176470588236,False,False,True,False,True,False,2,True,,False,False
NCT04315597,2009.0,<=2015,PHASE3,drug,2,398.0,INDUSTRY,COMPLETED,RANDOMIZED,True,TRIPLE,3.0,True,True,PARALLEL,True,placebo/sham,True,,,,,True,True,False,False,False,0,False,UNDECIDED,False,True
NCT01403662,2011.0,<=2015,PHASE3,drug,1,29.0,OTHER,COMPLETED,NA,False,NONE,0.0,False,False,SINGLE_GROUP,False,none/single-group,False,,,,,True,True,False,False,False,0,False,,False,False
NCT01479920,2012.0,<=2015,NA,both,2,36.0,OTHER,COMPLETED,RANDOMIZED,True,DOUBLE,2.0,True,True,PARALLEL,True,placebo/sham,True,,,,,False,True,False,False,False,0,False,,False,True
NCT00146523,2005.0,<=2015,PHASE3,drug,2,247.0,INDUSTRY,COMPLETED,RANDOMIZED,True,DOUBLE,2.0,True,True,PARALLEL,True,placebo/sham,True,,,,,True,True,False,False,False,1,True,,False,False
NCT00892463,2009.0,<=2015,PHASE4,drug,0,26.0,OTHER,COMPLETED,NA,False,NONE,0.0,False,False,SINGLE_GROUP,False,none/single-group,False,,,,,True,True,False,False,False,0,False,,False,False
NCT06790823,2022.0,2021-2026,PHASE1;PHASE2,drug,2,40.0,OTHER,COMPLETED,RANDOMIZED,True,QUADRUPLE,4.0,True,True,PARALLEL,False,placebo/sham,True,,,,,False,True,False,False,False,1,True,UNDECIDED,False,True
NCT00006180,2000.0,<=2015,PHASE4,drug,0,220.0,NIH,COMPLETED,,False,,,False,False,,True,none/single-group,False,,,,,True,True,False,False,False,3,True,,False,
NCT01919008,2012.0,<=2015,PHASE1,drug,2,16.0,INDUSTRY,COMPLETED,RANDOMIZED,True,NONE,0.0,False,False,CROSSOVER,False,none/single-group,False,,,,,False,False,False,False,False,1,True,NO,False,False
NCT03869736,2019.0,2016-2020,PHASE2,drug,2,81.0,OTHER_GOV,COMPLETED,RANDOMIZED,True,DOUBLE,2.0,True,True,PARALLEL,True,placebo/sham,True,,,,,False,True,False,False,False,0,False,NO,False,True
NCT01473394,2011.0,<=2015,PHASE4,drug,2,518.0,INDUSTRY,COMPLETED,RANDOMIZED,True,TRIPLE,3.0,True,True,PARALLEL,True,placebo/sham,True,508.0,420.0,0.17322834645669294,True,True,True,False,True,False,3,True,,False,False
NCT00357045,,,PHASE4,drug,0,,FED,COMPLETED,RANDOMIZED,True,DOUBLE,2.0,True,True,PARALLEL,,none/single-group,False,,,,,True,False,False,False,False,0,False,,False,
NCT03538691,2018.0,2016-2020,PHASE3,drug,4,1149.0,INDUSTRY,COMPLETED,RANDOMIZED,True,TRIPLE,3.0,True,True,PARALLEL,True,none/single-group,False,1149.0,766.0,0.33333333333333337,False,True,True,True,True,False,1,True,YES,True,
NCT04338321,2020.0,2016-2020,PHASE3,drug,2,676.0,INDUSTRY,COMPLETED,RANDOMIZED,True,NONE,0.0,False,False,PARALLEL,True,active,True,676.0,506.0,0.25147928994082835,False,True,True,False,True,False,4,True,YES,True,False
NCT05148169,2020.0,2016-2020,PHASE4,drug,3,150.0,OTHER,UNKNOWN,RANDOMIZED,True,SINGLE,1.0,True,False,PARALLEL,True,active,True,,,,,True,True,True,False,False,0,False,UNDECIDED,False,True
NCT01263119,2010.0,<=2015,PHASE1,drug,1,18.0,INDUSTRY,COMPLETED,NA,False,NONE,0.0,False,False,SINGLE_GROUP,False,none/single-group,False,18.0,16.0,0.11111111111111116,True,False,True,False,True,False,0,False,,False,False
NCT00205946,2005.0,<=2015,PHASE1,drug,2,32.0,OTHER,COMPLETED,RANDOMIZED,True,DOUBLE,2.0,True,True,CROSSOVER,True,placebo/sham,True,,,,,False,True,False,False,False,0,False,,False,True
NCT06967857,2025.0,2021-2026,PHASE2,drug,3,105.0,OTHER,RECRUITING,RANDOMIZED,True,DOUBLE,2.0,True,True,PARALLEL,True,placebo/sham,True,,,,,False,True,True,False,False,0,False,,False,True
NCT00785434,2008.0,<=2015,PHASE4,drug,1,60.0,OTHER,COMPLETED,NON_RANDOMIZED,False,NONE,0.0,False,False,SINGLE_GROUP,False,none/single-group,False,,,,,True,True,False,False,False,1,True,,False,False
NCT02969876,2017.0,2016-2020,PHASE4,drug,1,2.0,OTHER,TERMINATED,NA,False,NONE,0.0,False,False,SINGLE_GROUP,False,none/single-group,False,2.0,2.0,0.0,True,True,False,False,True,False,0,False,NO,False,False
NCT05644301,2023.0,2021-2026,PHASE3,drug,6,240.0,OTHER,RECRUITING,RANDOMIZED,True,QUADRUPLE,4.0,True,True,PARALLEL,True,placebo/sham,True,,,,,True,True,True,False,False,1,True,NO,False,
NCT03737474,2018.0,2016-2020,PHASE3,drug,1,248.0,INDUSTRY,COMPLETED,NA,False,NONE,0.0,False,False,SINGLE_GROUP,True,none/single-group,False,247.0,138.0,0.4412955465587044,False,True,True,False,True,False,1,True,YES,True,False
NCT01485887,2012.0,<=2015,PHASE3,drug,1,50.0,INDUSTRY,COMPLETED,NON_RANDOMIZED,False,NONE,0.0,False,False,SINGLE_GROUP,False,none/single-group,False,50.0,38.0,0.24,False,True,True,False,True,False,1,True,,False,False
NCT00866294,2009.0,<=2015,PHASE3,drug,3,416.0,INDUSTRY,COMPLETED,RANDOMIZED,True,QUADRUPLE,4.0,True,True,PARALLEL,True,placebo/sham,True,416.0,352.0,0.15384615384615385,True,True,True,True,True,False,0,False,YES,True,False
NCT04821271,2021.0,2021-2026,PHASE2,drug,2,11.0,NIH,TERMINATED,RANDOMIZED,True,QUADRUPLE,4.0,True,True,CROSSOVER,False,none/single-group,False,11.0,9.0,0.18181818181818177,True,False,True,False,True,False,0,False,YES,True,
NCT06057012,2023.0,2021-2026,PHASE2,drug,1,11.0,INDUSTRY,COMPLETED,NA,False,NONE,0.0,False,False,SINGLE_GROUP,False,none/single-group,False,,,,,False,True,False,False,False,0,False,UNDECIDED,False,True
NCT00078715,2004.0,<=2015,PHASE2,drug,2,11.0,NIH,COMPLETED,RANDOMIZED,True,QUADRUPLE,4.0,True,True,CROSSOVER,False,none/single-group,False,6.0,6.0,0.0,True,False,False,False,True,False,1,True,,False,True
NCT03002077,2017.0,2016-2020,PHASE3,drug,1,617.0,INDUSTRY,COMPLETED,NA,False,NONE,0.0,False,False,SINGLE_GROUP,True,none/single-group,False,617.0,179.0,0.7098865478119936,False,True,True,False,True,False,0,False,,False,False
NCT01204918,2011.0,<=2015,PHASE2,drug,3,104.0,OTHER,COMPLETED,RANDOMIZED,True,TRIPLE,3.0,True,True,PARALLEL,True,placebo/sham,True,104.0,85.0,0.1826923076923077,True,False,True,True,True,False,4,True,,False,True
NCT02624102,2015.0,<=2015,PHASE3,drug,3,76.0,INDIV,COMPLETED,RANDOMIZED,True,TRIPLE,3.0,True,True,PARALLEL,False,none/single-group,False,,,,,True,True,True,False,False,0,False,,False,True
NCT06410599,2024.0,2021-2026,PHASE2,drug,3,60.0,OTHER,RECRUITING,RANDOMIZED,True,QUADRUPLE,4.0,True,True,PARALLEL,True,placebo/sham,True,,,,,False,True,True,False,False,0,False,NO,False,True
NCT04041284,2019.0,2016-2020,PHASE4,drug,2,353.0,INDUSTRY,COMPLETED,RANDOMIZED,True,QUADRUPLE,4.0,True,True,PARALLEL,True,placebo/sham,True,353.0,330.0,0.06515580736543913,True,True,False,False,True,False,1,True,YES,True,False
NCT07393919,2026.0,2021-2026,PHASE4,drug,2,150.0,OTHER,NOT_YET_RECRUITING,RANDOMIZED,True,SINGLE,1.0,True,False,PARALLEL,True,active,True,,,,,True,True,False,False,False,1,True,YES,True,False
NCT05720637,2022.0,2021-2026,NA,both,3,120.0,OTHER,COMPLETED,RANDOMIZED,True,DOUBLE,2.0,True,True,PARALLEL,True,placebo/sham,True,,,,,False,True,True,False,False,1,True,,False,
NCT00723970,2007.0,<=2015,PHASE4,drug,1,40.0,OTHER,COMPLETED,NON_RANDOMIZED,False,SINGLE,1.0,True,False,SINGLE_GROUP,False,none/single-group,False,,,,,True,True,False,False,False,2,True,,False,False
NCT05212116,2021.0,2021-2026,PHASE1,drug,3,0.0,INDUSTRY,WITHDRAWN,RANDOMIZED,True,QUADRUPLE,4.0,True,True,PARALLEL,False,placebo/sham,True,,,,,False,True,True,False,False,0,False,NO,False,False
NCT00304746,2006.0,<=2015,PHASE4,drug,2,100.0,OTHER,COMPLETED,RANDOMIZED,True,QUADRUPLE,4.0,True,True,PARALLEL,True,placebo/sham,True,100.0,100.0,0.0,True,True,True,False,True,True,0,False,,False,False
NCT00490542,2006.0,<=2015,PHASE2,drug,2,73.0,OTHER,COMPLETED,RANDOMIZED,True,DOUBLE,2.0,True,True,PARALLEL,True,placebo/sham,True,73.0,62.0,0.15068493150684936,True,False,True,False,True,False,1,True,,False,False
NCT00797966,2009.0,<=2015,PHASE2,drug,2,850.0,INDUSTRY,COMPLETED,RANDOMIZED,True,TRIPLE,3.0,True,True,PARALLEL,True,placebo/sham,True,849.0,664.0,0.21790341578327443,False,False,True,False,True,False,1,True,,False,True
NCT00043550,2001.0,<=2015,PHASE3,drug,3,156.0,OTHER,COMPLETED,RANDOMIZED,True,QUADRUPLE,4.0,True,True,PARALLEL,True,placebo/sham,True,156.0,102.0,0.34615384615384615,False,True,True,True,True,True,6,True,,False,True
NCT03430869,2018.0,2016-2020,PHASE2,drug,2,59.0,OTHER,COMPLETED,NON_RANDOMIZED,False,NONE,0.0,False,False,PARALLEL,True,none/single-group,False,,,,,False,False,False,False,False,0,False,NO,False,False
NCT03227224,2017.0,2016-2020,PHASE2,drug,2,287.0,INDUSTRY,COMPLETED,RANDOMIZED,True,DOUBLE,2.0,True,True,PARALLEL,True,placebo/sham,True,287.0,251.0,0.12543554006968638,True,False,True,False,True,False,1,True,,False,True
NCT02667353,2011.0,<=2015,NA,both,1,110.0,OTHER,COMPLETED,NA,False,NONE,0.0,False,False,SINGLE_GROUP,True,none/single-group,False,,,,,False,False,False,False,False,3,True,UNDECIDED,False,True
NCT02614547,2015.0,<=2015,PHASE2,drug,2,21.0,INDUSTRY,COMPLETED,RANDOMIZED,True,TRIPLE,3.0,True,True,PARALLEL,False,placebo/sham,True,21.0,21.0,0.0,True,False,True,False,True,False,2,True,NO,False,False
NCT00225485,2003.0,<=2015,PHASE3,drug,0,100.0,INDUSTRY,COMPLETED,NON_RANDOMIZED,False,NONE,0.0,False,False,SINGLE_GROUP,True,none/single-group,False,,,,,True,False,False,False,False,0,False,,False,
NCT04294654,2020.0,2016-2020,PHASE4,drug,1,82.0,INDUSTRY,COMPLETED,NA,False,NONE,0.0,False,False,SINGLE_GROUP,False,none/single-group,False,,,,,True,True,False,False,False,1,True,UNDECIDED,False,
NCT05524519,2022.0,2021-2026,NA,both,4,160.0,OTHER,COMPLETED,RANDOMIZED,True,DOUBLE,2.0,True,True,PARALLEL,True,active,True,,,,,False,True,True,False,False,1,True,NO,False,
NCT02919501,2016.0,2016-2020,PHASE2,drug,2,55.0,INDUSTRY,COMPLETED,RANDOMIZED,True,DOUBLE,2.0,True,True,PARALLEL,True,placebo/sham,True,,,,,False,True,False,False,False,1,True,,False,False
NCT02845349,2016.0,2016-2020,PHASE3,drug,2,0.0,OTHER,WITHDRAWN,RANDOMIZED,True,QUADRUPLE,4.0,True,True,PARALLEL,False,placebo/sham,True,,,,,True,True,False,False,False,0,False,NO,False,True
NCT01275144,2010.0,<=2015,PHASE1,drug,2,28.0,INDUSTRY,COMPLETED,RANDOMIZED,True,DOUBLE,2.0,True,True,CROSSOVER,False,none/single-group,False,28.0,28.0,0.0,True,False,True,False,True,False,0,False,,False,False
NCT07185815,2025.0,2021-2026,PHASE1;PHASE2,drug,3,24.0,INDUSTRY,RECRUITING,NON_RANDOMIZED,False,NONE,0.0,False,False,SEQUENTIAL,False,none/single-group,False,,,,,False,True,True,False,False,0,False,NO,False,
NCT00518986,2007.0,<=2015,PHASE4,drug,2,249.0,INDUSTRY,COMPLETED,RANDOMIZED,True,DOUBLE,2.0,True,True,PARALLEL,True,placebo/sham,True,249.0,197.0,0.2088353413654619,False,True,True,False,True,False,1,True,,False,
NCT02405715,2015.0,<=2015,PHASE2,drug,2,24.0,OTHER,COMPLETED,RANDOMIZED,True,QUADRUPLE,4.0,True,True,PARALLEL,False,placebo/sham,True,,,,,False,True,False,False,False,1,True,,False,True
NCT04013464,2016.0,2016-2020,NA,drug,1,31.0,OTHER,COMPLETED,NA,False,NONE,0.0,False,False,SINGLE_GROUP,True,none/single-group,False,,,,,False,True,False,False,False,0,False,NO,False,True
NCT00608543,2005.0,<=2015,PHASE4,drug,1,17.0,OTHER,COMPLETED,NA,False,NONE,0.0,False,False,SINGLE_GROUP,False,none/single-group,False,17.0,13.0,0.23529411764705888,False,True,True,False,True,False,0,False,,False,False
NCT03078322,2018.0,2016-2020,PHASE2,drug,2,180.0,INDUSTRY,COMPLETED,RANDOMIZED,True,QUADRUPLE,4.0,True,True,PARALLEL,True,placebo/sham,True,,,,,False,True,False,False,False,1,True,NO,False,False
NCT00277108,2004.0,<=2015,NA,drug,0,20.0,OTHER,COMPLETED,NON_RANDOMIZED,False,NONE,0.0,False,False,SINGLE_GROUP,False,none/single-group,False,,,,,False,True,False,False,False,0,False,,False,
NCT03580967,2019.0,2016-2020,PHASE4,drug,1,0.0,OTHER,WITHDRAWN,NA,False,NONE,0.0,False,False,SINGLE_GROUP,False,none/single-group,False,,,,,True,True,False,False,False,0,False,NO,False,False
NCT00223197,2004.0,<=2015,PHASE4,drug,0,75.0,OTHER,COMPLETED,RANDOMIZED,True,DOUBLE,2.0,True,True,PARALLEL,False,none/single-group,False,,,,,True,True,False,False,False,0,False,,False,
NCT00345098,2006.0,<=2015,PHASE3,drug,0,704.0,INDUSTRY,COMPLETED,RANDOMIZED,True,DOUBLE,2.0,True,True,PARALLEL,True,none/single-group,False,,,,,True,True,False,False,False,0,False,,False,
NCT03861988,2019.0,2016-2020,PHASE4,drug,3,45.0,OTHER,COMPLETED,RANDOMIZED,True,QUADRUPLE,4.0,True,True,PARALLEL,False,placebo/sham,True,45.0,43.0,0.0444444444444444,True,True,True,True,True,False,2,True,NO,False,False
NCT01288079,2011.0,<=2015,PHASE2,drug,4,145.0,INDUSTRY,TERMINATED,RANDOMIZED,True,TRIPLE,3.0,True,True,PARALLEL,True,placebo/sham,True,145.0,62.0,0.5724137931034483,False,False,True,True,True,False,0,False,,False,False
NCT00551109,2007.0,<=2015,PHASE2,drug,3,150.0,INDUSTRY,COMPLETED,RANDOMIZED,True,DOUBLE,2.0,True,True,PARALLEL,True,placebo/sham,True,,,,,False,True,True,False,False,0,False,,False,True
NCT00452543,2007.0,<=2015,PHASE4,drug,2,23.0,OTHER,COMPLETED,RANDOMIZED,True,QUADRUPLE,4.0,True,True,PARALLEL,False,placebo/sham,True,23.0,12.0,0.4782608695652174,False,True,True,False,True,False,1,True,,False,False
NCT06675851,2022.0,2021-2026,PHASE4,drug,3,120.0,OTHER,RECRUITING,RANDOMIZED,True,TRIPLE,3.0,True,True,PARALLEL,True,active,True,,,,,True,True,True,False,True,1,True,NO,False,True
NCT00759122,2002.0,<=2015,PHASE4,drug,2,44.0,OTHER,COMPLETED,RANDOMIZED,True,QUADRUPLE,4.0,True,True,PARALLEL,False,placebo/sham,True,,,,,True,True,False,False,False,0,False,,False,False
NCT02461927,2015.0,<=2015,PHASE1;PHASE2,drug,3,65.0,FED,COMPLETED,RANDOMIZED,True,QUADRUPLE,4.0,True,True,PARALLEL,True,placebo/sham,True,65.0,41.0,0.36923076923076925,False,False,True,True,True,False,1,True,YES,True,False
NCT00761306,2007.0,<=2015,PHASE2,drug,1,74.0,INDUSTRY,COMPLETED,NA,False,NONE,0.0,False,False,SINGLE_GROUP,True,none/single-group,False,74.0,54.0,0.2702702702702703,False,False,True,False,True,False,0,False,,False,False
NCT07534475,2026.0,2021-2026,NA,both,1,20.0,OTHER,NOT_YET_RECRUITING,NA,False,NONE,0.0,False,False,SINGLE_GROUP,False,none/single-group,False,,,,,False,False,False,False,False,0,False,NO,False,
NCT06450704,2025.0,2021-2026,NA,drug,2,124.0,OTHER,RECRUITING,RANDOMIZED,True,SINGLE,1.0,True,False,PARALLEL,True,active,True,,,,,False,True,False,False,False,0,False,NO,False,False
NCT00012558,1998.0,<=2015,NA,drug,0,5000.0,NIH,COMPLETED,RANDOMIZED,True,DOUBLE,2.0,True,True,,True,none/single-group,False,,,,,False,True,False,False,True,16,True,,False,
NCT05419869,2022.0,2021-2026,PHASE2,drug,1,21.0,INDUSTRY,COMPLETED,NA,False,NONE,0.0,False,False,SINGLE_GROUP,False,none/single-group,False,,,,,False,True,False,False,False,0,False,,False,False
NCT01114698,2011.0,<=2015,PHASE2,drug,3,12.0,INDUSTRY,TERMINATED,RANDOMIZED,True,TRIPLE,3.0,True,True,PARALLEL,False,placebo/sham,True,,,,,False,True,True,False,False,0,False,,False,True
NCT00369798,2006.0,<=2015,PHASE1,both,0,100.0,NIH,COMPLETED,RANDOMIZED,True,NONE,0.0,False,False,PARALLEL,True,none/single-group,False,,,,,False,True,False,False,False,1,True,,False,
NCT00034944,2002.0,<=2015,PHASE3,drug,0,495.0,INDUSTRY,COMPLETED,,False,DOUBLE,2.0,True,True,,True,none/single-group,False,,,,,True,True,False,False,True,0,False,,False,
NCT04618263,2020.0,2016-2020,PHASE1,drug,12,18.0,INDUSTRY,TERMINATED,RANDOMIZED,True,TRIPLE,3.0,True,True,PARALLEL,False,placebo/sham,True,,,,,False,True,True,False,False,0,False,,False,False
NCT07478796,2025.0,2021-2026,PHASE4,drug,3,180.0,OTHER,RECRUITING,RANDOMIZED,True,NONE,0.0,False,False,PARALLEL,True,active,True,,,,,True,True,True,False,False,0,False,YES,True,False
NCT03051256,2018.0,2016-2020,PHASE2,drug,3,62.0,INDUSTRY,COMPLETED,RANDOMIZED,True,TRIPLE,3.0,True,True,PARALLEL,True,placebo/sham,True,62.0,61.0,0.016129032258064502,True,False,True,True,True,True,1,True,NO,False,False
NCT07373535,2026.0,2021-2026,PHASE2,drug,2,16.0,OTHER,NOT_YET_RECRUITING,RANDOMIZED,True,NONE,0.0,False,False,CROSSOVER,False,none/single-group,False,,,,,False,True,False,False,False,0,False,NO,False,True
NCT03623711,2018.0,2016-2020,EARLY_PHASE1,drug,4,200.0,OTHER,UNKNOWN,RANDOMIZED,True,NONE,0.0,False,False,PARALLEL,True,placebo/sham,True,,,,,False,True,True,False,False,0,False,UNDECIDED,False,
NCT01613820,2015.0,<=2015,NA,drug,3,0.0,OTHER,WITHDRAWN,RANDOMIZED,True,QUADRUPLE,4.0,True,True,PARALLEL,False,none/single-group,False,,,,,False,True,True,False,False,0,False,,False,True
NCT00296933,2005.0,<=2015,PHASE3,drug,0,60.0,OTHER,COMPLETED,RANDOMIZED,True,DOUBLE,2.0,True,True,PARALLEL,False,none/single-group,False,,,,,True,True,False,False,False,0,False,,False,
NCT07115329,2026.0,2021-2026,PHASE2,drug,2,164.0,INDUSTRY,RECRUITING,RANDOMIZED,True,QUADRUPLE,4.0,True,True,PARALLEL,True,placebo/sham,True,,,,,False,True,False,False,False,0,False,NO,False,True
NCT00974155,2009.0,<=2015,PHASE4,drug,2,889.0,OTHER,COMPLETED,RANDOMIZED,True,NONE,0.0,False,False,PARALLEL,True,active,True,,,,,True,True,False,False,False,12,True,,False,True
NCT01774747,2012.0,<=2015,PHASE1,drug,2,47.0,INDUSTRY,TERMINATED,RANDOMIZED,True,QUADRUPLE,4.0,True,True,SINGLE_GROUP,True,placebo/sham,True,,,,,False,True,False,False,False,0,False,,False,False
NCT01871974,2009.0,<=2015,PHASE1,drug,2,16.0,INDUSTRY,COMPLETED,NON_RANDOMIZED,False,NONE,0.0,False,False,SINGLE_GROUP,False,none/single-group,False,,,,,False,False,False,False,False,0,False,,False,False
NCT03185819,2017.0,2016-2020,PHASE2,drug,4,147.0,INDUSTRY,COMPLETED,RANDOMIZED,True,DOUBLE,2.0,True,True,PARALLEL,True,placebo/sham,True,147.0,139.0,0.05442176870748294,True,False,True,True,True,False,1,True,,False,True
NCT04688164,2021.0,2021-2026,PHASE3,drug,2,227.0,INDUSTRY,COMPLETED,RANDOMIZED,True,QUADRUPLE,4.0,True,True,PARALLEL,True,placebo/sham,True,227.0,205.0,0.09691629955947134,True,True,True,False,True,True,1,True,,False,True
NCT00064467,2003.0,<=2015,PHASE3,drug,0,268.0,INDUSTRY,COMPLETED,RANDOMIZED,True,DOUBLE,2.0,True,True,PARALLEL,True,none/single-group,False,,,,,True,True,False,False,True,0,False,,False,
NCT00451516,2007.0,<=2015,PHASE2,drug,0,50.0,OTHER,COMPLETED,RANDOMIZED,True,DOUBLE,2.0,True,True,CROSSOVER,True,none/single-group,False,,,,,False,True,False,False,False,0,False,,False,False
NCT05061719,2021.0,2021-2026,PHASE3,drug,1,812.0,INDUSTRY,COMPLETED,NA,False,NONE,0.0,False,False,SINGLE_GROUP,True,none/single-group,False,809.0,684.0,0.15451174289245984,True,True,True,False,True,False,0,False,NO,False,False
NCT01568307,2012.0,<=2015,PHASE4,drug,0,80.0,OTHER,COMPLETED,NA,False,NONE,0.0,False,False,SINGLE_GROUP,False,none/single-group,False,,,,,True,True,False,False,False,0,False,,False,False
NCT04116528,2020.0,2016-2020,PHASE3,drug,2,50.0,OTHER,COMPLETED,RANDOMIZED,True,QUADRUPLE,4.0,True,True,PARALLEL,False,placebo/sham,True,50.0,45.0,0.09999999999999998,True,True,True,False,True,False,0,False,,False,True
NCT01156415,2010.0,<=2015,PHASE3,drug,2,837.0,INDUSTRY,TERMINATED,NON_RANDOMIZED,False,NONE,0.0,False,False,PARALLEL,True,none/single-group,False,,,,,True,True,False,False,False,0,False,,False,
NCT03122158,2017.0,2016-2020,PHASE4,drug,2,60.0,OTHER_GOV,UNKNOWN,NON_RANDOMIZED,False,NONE,0.0,False,False,PARALLEL,False,active,True,,,,,True,True,False,False,False,0,False,YES,True,False
NCT01748955,2010.0,<=2015,PHASE4,drug,2,15.0,OTHER,COMPLETED,RANDOMIZED,True,QUADRUPLE,4.0,True,True,PARALLEL,False,active,True,15.0,7.0,0.5333333333333333,False,True,True,False,True,False,0,False,,False,False
NCT00733668,2006.0,<=2015,PHASE2,drug,0,,INDUSTRY,COMPLETED,NA,False,NONE,0.0,False,False,SINGLE_GROUP,,none/single-group,False,,,,,False,True,False,False,False,0,False,,False,False
NCT02951988,2016.0,2016-2020,PHASE3,drug,3,1304.0,INDUSTRY,COMPLETED,RANDOMIZED,True,TRIPLE,3.0,True,True,PARALLEL,True,placebo/sham,True,1304.0,1056.0,0.1901840490797546,True,True,True,True,True,False,0,False,,False,True
NCT02376257,2014.0,<=2015,PHASE2,drug,3,36.0,OTHER,COMPLETED,RANDOMIZED,True,DOUBLE,2.0,True,True,PARALLEL,False,placebo/sham,True,36.0,36.0,0.0,True,False,True,True,True,False,0,False,,False,True
NCT06782724,2025.0,2021-2026,PHASE2,drug,2,108.0,OTHER,RECRUITING,RANDOMIZED,True,QUADRUPLE,4.0,True,True,PARALLEL,True,placebo/sham,True,,,,,False,False,False,False,False,0,False,NO,False,True
NCT05859698,2023.0,2021-2026,PHASE4,drug,1,59.0,INDUSTRY,COMPLETED,NA,False,NONE,0.0,False,False,SINGLE_GROUP,False,none/single-group,False,59.0,51.0,0.13559322033898302,True,True,True,False,True,False,0,False,NO,False,False
NCT00018824,1999.0,<=2015,PHASE4,drug,2,74.0,FED,COMPLETED,RANDOMIZED,True,TRIPLE,3.0,True,True,SINGLE_GROUP,False,placebo/sham,True,,,,,True,True,False,False,True,0,False,,False,
NCT02805439,2016.0,2016-2020,PHASE2,drug,3,400.0,OTHER,COMPLETED,RANDOMIZED,True,QUADRUPLE,4.0,True,True,PARALLEL,True,placebo/sham,True,,,,,False,True,True,False,False,0,False,YES,True,False
NCT00197951,2004.0,<=2015,PHASE3,drug,0,60.0,OTHER,COMPLETED,RANDOMIZED,True,DOUBLE,2.0,True,True,PARALLEL,False,none/single-group,False,,,,,True,True,False,False,False,0,False,,False,True
NCT06843187,2024.0,2021-2026,PHASE2,drug,2,30.0,OTHER,RECRUITING,RANDOMIZED,True,DOUBLE,2.0,True,True,PARALLEL,False,placebo/sham,True,,,,,False,False,False,False,False,0,False,NO,False,False
NCT03281044,2018.0,2016-2020,PHASE2,drug,2,4.0,OTHER,TERMINATED,RANDOMIZED,True,TRIPLE,3.0,True,True,PARALLEL,False,placebo/sham,True,,,,,False,True,False,False,False,0,False,UNDECIDED,False,False
NCT00256412,2005.0,<=2015,NA,drug,3,24.0,OTHER,COMPLETED,RANDOMIZED,True,QUADRUPLE,4.0,True,True,PARALLEL,False,placebo/sham,True,,,,,False,True,True,False,False,1,True,,False,False
NCT07139106,2026.0,2021-2026,PHASE4,drug,1,12.0,OTHER,NOT_YET_RECRUITING,NA,False,NONE,0.0,False,False,SINGLE_GROUP,False,none/single-group,False,,,,,True,False,False,False,False,0,False,YES,True,False
NCT00049972,2002.0,<=2015,PHASE4,drug,0,646.0,INDUSTRY,COMPLETED,NON_RANDOMIZED,False,NONE,0.0,False,False,,True,none/single-group,False,,,,,True,True,False,False,False,0,False,,False,
NCT04697693,2021.0,2021-2026,PHASE4,drug,1,1.0,OTHER,TERMINATED,NA,False,NONE,0.0,False,False,SINGLE_GROUP,False,none/single-group,False,1.0,1.0,0.0,True,True,True,False,True,False,0,False,NO,False,False
NCT02263248,2014.0,<=2015,PHASE1;PHASE2,drug,2,56.0,OTHER,COMPLETED,RANDOMIZED,True,TRIPLE,3.0,True,True,PARALLEL,True,placebo/sham,True,,,,,False,True,False,False,False,1,True,UNDECIDED,False,True
NCT04593563,2020.0,2016-2020,PHASE2,drug,1,30.0,OTHER,UNKNOWN,NA,False,NONE,0.0,False,False,SINGLE_GROUP,False,none/single-group,False,,,,,False,True,False,False,False,1,True,,False,True
NCT03835715,2019.0,2016-2020,PHASE4,drug,1,150.0,INDUSTRY,COMPLETED,NA,False,NONE,0.0,False,False,SINGLE_GROUP,True,none/single-group,False,,,,,True,True,False,False,False,2,True,UNDECIDED,False,False
NCT04221230,2020.0,2016-2020,PHASE2,drug,2,204.0,INDUSTRY,COMPLETED,RANDOMIZED,True,TRIPLE,3.0,True,True,PARALLEL,True,placebo/sham,True,204.0,136.0,0.33333333333333337,False,False,True,False,True,False,1,True,NO,False,
NCT02219867,2014.0,<=2015,NA,drug,1,10.0,OTHER_GOV,UNKNOWN,NA,False,NONE,0.0,False,False,SINGLE_GROUP,False,none/single-group,False,,,,,False,True,False,False,False,0,False,,False,True
NCT00108979,2005.0,<=2015,PHASE3,drug,0,240.0,INDUSTRY,COMPLETED,RANDOMIZED,True,DOUBLE,2.0,True,True,PARALLEL,True,none/single-group,False,,,,,True,True,False,False,False,1,True,,False,
NCT00070694,2003.0,<=2015,PHASE2,drug,0,96.0,NIH,COMPLETED,,False,,,False,False,,True,none/single-group,False,,,,,False,True,False,False,False,0,False,,False,
NCT06480201,2024.0,2021-2026,PHASE1,drug,3,100.0,OTHER,RECRUITING,NON_RANDOMIZED,False,NONE,0.0,False,False,CROSSOVER,True,active,True,,,,,False,False,True,False,False,0,False,UNDECIDED,False,
NCT00792168,1996.0,<=2015,PHASE4,drug,2,38.0,OTHER,COMPLETED,RANDOMIZED,True,DOUBLE,2.0,True,True,PARALLEL,False,placebo/sham,True,,,,,True,True,False,False,False,0,False,,False,False
NCT02484456,2015.0,<=2015,PHASE2,drug,2,22.0,NIH,COMPLETED,RANDOMIZED,True,DOUBLE,2.0,True,True,CROSSOVER,False,none/single-group,False,19.0,19.0,0.0,True,False,True,False,True,False,4,True,,False,
NCT01437657,2011.0,<=2015,PHASE2,drug,3,319.0,INDUSTRY,COMPLETED,RANDOMIZED,True,DOUBLE,2.0,True,True,PARALLEL,True,placebo/sham,True,,,,,False,True,True,False,False,1,True,,False,
NCT07526454,2025.0,2021-2026,NA,drug,2,70.0,OTHER,COMPLETED,RANDOMIZED,True,NONE,0.0,False,False,PARALLEL,True,active,True,,,,,False,True,False,False,False,0,False,YES,True,
NCT00707980,2008.0,<=2015,PHASE3,drug,1,836.0,INDUSTRY,COMPLETED,NA,False,NONE,0.0,False,False,SINGLE_GROUP,True,none/single-group,False,836.0,526.0,0.3708133971291866,False,True,True,False,True,False,0,False,,False,False
NCT01443208,2011.0,<=2015,PHASE1,drug,3,36.0,INDUSTRY,COMPLETED,RANDOMIZED,True,TRIPLE,3.0,True,True,PARALLEL,True,none/single-group,False,,,,,False,False,True,False,False,0,False,,False,False
NCT00227812,2001.0,<=2015,PHASE2,drug,0,140.0,NIH,COMPLETED,RANDOMIZED,True,DOUBLE,2.0,True,True,SINGLE_GROUP,True,none/single-group,False,,,,,False,True,False,False,False,0,False,,False,
NCT06126497,2024.0,2021-2026,PHASE2,drug,3,41.0,INDUSTRY,COMPLETED,RANDOMIZED,True,NONE,0.0,False,False,PARALLEL,False,none/single-group,False,,,,,False,True,True,False,False,0,False,NO,False,False
NCT05529576,2022.0,2021-2026,PHASE4,drug,3,600.0,OTHER,UNKNOWN,NON_RANDOMIZED,False,NONE,0.0,False,False,PARALLEL,True,active,True,,,,,True,True,True,False,False,0,False,NO,False,
NCT00208715,2003.0,<=2015,PHASE4,drug,0,100.0,OTHER,COMPLETED,RANDOMIZED,True,DOUBLE,2.0,True,True,SINGLE_GROUP,True,none/single-group,False,,,,,True,True,False,False,False,0,False,,False,
NCT01764867,2012.0,<=2015,PHASE4,drug,2,1080.0,OTHER,UNKNOWN,RANDOMIZED,True,NONE,0.0,False,False,PARALLEL,True,active,True,,,,,True,True,False,False,False,1,True,,False,False
NCT03321526,2017.0,2016-2020,PHASE2,drug,2,107.0,INDUSTRY,COMPLETED,RANDOMIZED,True,DOUBLE,2.0,True,True,PARALLEL,True,active,True,107.0,57.0,0.4672897196261683,False,False,True,False,True,False,1,True,,False,False
NCT06054321,2022.0,2021-2026,NA,drug,4,400.0,OTHER,RECRUITING,RANDOMIZED,True,TRIPLE,3.0,True,True,PARALLEL,True,active,True,,,,,False,True,True,False,False,0,False,NO,False,False
NCT00474708,2007.0,<=2015,PHASE4,drug,2,1151.0,INDUSTRY,COMPLETED,RANDOMIZED,True,NONE,0.0,False,False,PARALLEL,True,active,True,1158.0,1076.0,0.07081174438687388,True,True,True,False,True,False,0,False,,False,True
NCT06558344,2024.0,2021-2026,PHASE2,drug,4,225.0,INDUSTRY,COMPLETED,RANDOMIZED,True,DOUBLE,2.0,True,True,PARALLEL,True,placebo/sham,True,225.0,193.0,0.14222222222222225,True,False,True,True,True,False,0,False,YES,True,False
NCT01700829,2012.0,<=2015,PHASE4,drug,2,82.0,OTHER,COMPLETED,RANDOMIZED,True,QUADRUPLE,4.0,True,True,PARALLEL,False,active,True,82.0,80.0,0.024390243902439046,True,True,True,False,True,False,4,True,,False,True
NCT00421369,2007.0,<=2015,NA,drug,0,35.0,OTHER,COMPLETED,NON_RANDOMIZED,False,NONE,0.0,False,False,SINGLE_GROUP,True,none/single-group,False,,,,,False,True,False,False,False,0,False,,False,False
NCT04479852,2020.0,2016-2020,PHASE2,drug,2,319.0,INDUSTRY,COMPLETED,RANDOMIZED,True,QUADRUPLE,4.0,True,True,PARALLEL,True,placebo/sham,True,319.0,263.0,0.17554858934169282,True,False,True,False,True,False,0,False,,False,False
NCT01894815,2013.0,<=2015,PHASE3,both,3,245.0,OTHER,COMPLETED,RANDOMIZED,True,QUADRUPLE,4.0,True,True,PARALLEL,True,placebo/sham,True,,,,,True,True,True,False,False,4,True,NO,False,True
NCT07480525,2026.0,2021-2026,NA,drug,1,200.0,OTHER,NOT_YET_RECRUITING,NA,False,NONE,0.0,False,False,SINGLE_GROUP,True,none/single-group,False,,,,,False,True,False,False,False,0,False,NO,False,False
NCT00422162,2007.0,<=2015,PHASE4,drug,2,339.0,INDUSTRY,COMPLETED,RANDOMIZED,True,QUADRUPLE,4.0,True,True,PARALLEL,True,none/single-group,False,339.0,285.0,0.15929203539823011,True,True,True,False,True,True,1,True,,False,
NCT03283670,2016.0,2016-2020,PHASE2,drug,3,24.0,OTHER,COMPLETED,RANDOMIZED,True,DOUBLE,2.0,True,True,CROSSOVER,False,placebo/sham,True,24.0,22.0,0.08333333333333337,True,False,True,True,True,False,1,True,NO,False,False
NCT02272517,2014.0,<=2015,PHASE3,drug,2,101.0,INDUSTRY,COMPLETED,RANDOMIZED,True,DOUBLE,2.0,True,True,PARALLEL,True,active,True,,,,,True,True,False,False,False,1,True,,False,False
NCT01364649,2011.0,<=2015,PHASE3,drug,2,447.0,INDUSTRY,COMPLETED,RANDOMIZED,True,QUADRUPLE,4.0,True,True,PARALLEL,True,active,True,447.0,348.0,0.2214765100671141,False,True,True,False,True,False,1,True,,False,False
NCT07281352,2026.0,2021-2026,PHASE1;PHASE2,drug,2,50.0,OTHER,RECRUITING,RANDOMIZED,True,SINGLE,1.0,True,False,PARALLEL,True,active,True,,,,,False,True,False,False,False,0,False,,False,True
NCT06072898,2025.0,2021-2026,PHASE2,drug,2,50.0,OTHER,RECRUITING,RANDOMIZED,True,QUADRUPLE,4.0,True,True,CROSSOVER,True,none/single-group,False,,,,,False,False,False,False,False,1,True,YES,True,True
NCT04021433,2018.0,2016-2020,NA,drug,1,20.0,OTHER,UNKNOWN,NA,False,NONE,0.0,False,False,SINGLE_GROUP,False,none/single-group,False,,,,,False,True,False,False,False,0,False,,False,False
NCT06259526,2023.0,2021-2026,PHASE2,drug,5,267.0,INDUSTRY,COMPLETED,RANDOMIZED,True,QUADRUPLE,4.0,True,True,PARALLEL,True,placebo/sham,True,,,,,False,True,True,False,False,0,False,NO,False,False
NCT00232700,2005.0,<=2015,NA,drug,0,42.0,OTHER,COMPLETED,RANDOMIZED,True,DOUBLE,2.0,True,True,PARALLEL,True,none/single-group,False,,,,,False,True,False,False,False,0,False,,False,
NCT01263236,2010.0,<=2015,PHASE1,drug,3,66.0,INDUSTRY,COMPLETED,RANDOMIZED,True,DOUBLE,2.0,True,True,PARALLEL,True,none/single-group,False,,,,,False,False,True,False,False,0,False,,False,False
NCT00285818,2003.0,<=2015,NA,drug,2,11.0,OTHER,COMPLETED,RANDOMIZED,True,QUADRUPLE,4.0,True,True,PARALLEL,False,placebo/sham,True,11.0,5.0,0.5454545454545454,False,False,True,False,True,False,0,False,NO,False,False
NCT00177996,2001.0,<=2015,PHASE4,drug,2,30.0,OTHER,COMPLETED,RANDOMIZED,True,DOUBLE,2.0,True,True,PARALLEL,False,active,True,,,,,True,True,False,False,False,0,False,UNDECIDED,False,False
NCT01187407,2011.0,<=2015,PHASE3,drug,3,1480.0,INDUSTRY,COMPLETED,RANDOMIZED,True,QUADRUPLE,4.0,True,True,PARALLEL,True,placebo/sham,True,1480.0,1390.0,0.060810810810810856,True,True,True,True,True,False,2,True,,False,True
NCT00993876,2005.0,<=2015,NA,drug,3,45.0,OTHER,COMPLETED,RANDOMIZED,True,NONE,0.0,False,False,PARALLEL,True,active,True,,,,,False,False,True,False,False,0,False,,False,False
NCT01809340,2013.0,<=2015,PHASE2,drug,3,29.0,INDUSTRY,TERMINATED,RANDOMIZED,True,DOUBLE,2.0,True,True,PARALLEL,False,placebo/sham,True,,,,,False,True,True,False,False,0,False,,False,False
NCT01034995,2010.0,<=2015,PHASE2,drug,5,580.0,INDUSTRY,COMPLETED,RANDOMIZED,True,TRIPLE,3.0,True,True,PARALLEL,True,placebo/sham,True,,,,,False,True,True,False,False,0,False,,False,True
NCT01305707,2009.0,<=2015,PHASE4,both,2,104.0,OTHER,TERMINATED,RANDOMIZED,True,SINGLE,1.0,True,False,PARALLEL,True,active,True,,,,,True,False,False,False,False,0,False,,False,False
NCT01573741,2012.0,<=2015,PHASE1;PHASE2,drug,1,35.0,OTHER,UNKNOWN,NON_RANDOMIZED,False,NONE,0.0,False,False,SINGLE_GROUP,False,none/single-group,False,,,,,False,True,False,False,False,0,False,,False,True
NCT06285916,2024.0,2021-2026,PHASE2,drug,3,93.0,INDUSTRY,COMPLETED,RANDOMIZED,True,QUADRUPLE,4.0,True,True,PARALLEL,True,placebo/sham,True,,,,,False,True,True,False,False,0,False,NO,False,
NCT07198711,2025.0,2021-2026,PHASE1,drug,2,15.0,OTHER,ENROLLING_BY_INVITATION,RANDOMIZED,True,NONE,0.0,False,False,CROSSOVER,False,none/single-group,False,,,,,False,False,False,False,False,0,False,YES,True,False
NCT03516604,2018.0,2016-2020,PHASE1,drug,3,90.0,OTHER,COMPLETED,RANDOMIZED,True,QUADRUPLE,4.0,True,True,PARALLEL,True,placebo/sham,True,,,,,False,False,True,False,False,2,True,,False,False
NCT07088380,2025.0,2021-2026,PHASE3,drug,2,30.0,OTHER,RECRUITING,RANDOMIZED,True,DOUBLE,2.0,True,True,PARALLEL,False,placebo/sham,True,,,,,True,True,False,False,False,0,False,NO,False,True
NCT00873795,2007.0,<=2015,NA,drug,2,41.0,OTHER,COMPLETED,RANDOMIZED,True,DOUBLE,2.0,True,True,PARALLEL,True,placebo/sham,True,,,,,False,True,False,False,False,0,False,,False,True
NCT05550532,2022.0,2021-2026,PHASE3,drug,2,444.0,INDUSTRY,COMPLETED,RANDOMIZED,True,DOUBLE,2.0,True,True,PARALLEL,True,placebo/sham,True,444.0,420.0,0.05405405405405406,True,True,True,False,True,False,0,False,YES,True,True
NCT03554447,2015.0,<=2015,NA,drug,2,80.0,OTHER,COMPLETED,RANDOMIZED,True,DOUBLE,2.0,True,True,PARALLEL,True,placebo/sham,True,,,,,False,True,False,False,False,0,False,,False,True
NCT06656416,2024.0,2021-2026,PHASE2,drug,2,200.0,INDUSTRY,RECRUITING,RANDOMIZED,True,QUADRUPLE,4.0,True,True,PARALLEL,True,placebo/sham,True,,,,,False,True,False,False,False,0,False,NO,False,True
NCT01754493,2008.0,<=2015,PHASE4,drug,1,17.0,OTHER,COMPLETED,NA,False,NONE,0.0,False,False,SINGLE_GROUP,False,none/single-group,False,17.0,10.0,0.4117647058823529,False,True,True,False,True,False,0,False,NO,False,False
NCT00420004,2006.0,<=2015,PHASE2,drug,3,469.0,INDUSTRY,COMPLETED,RANDOMIZED,True,QUADRUPLE,4.0,True,True,PARALLEL,True,placebo/sham,True,469.0,237.0,0.49466950959488276,False,False,True,True,True,False,0,False,,False,False
NCT00896363,2009.0,<=2015,PHASE2,drug,2,99.0,INDUSTRY,COMPLETED,RANDOMIZED,True,DOUBLE,2.0,True,True,PARALLEL,True,placebo/sham,True,99.0,74.0,0.2525252525252525,False,False,True,False,True,False,0,False,YES,True,False
NCT02237937,2011.0,<=2015,PHASE4,drug,2,80.0,INDUSTRY,UNKNOWN,RANDOMIZED,True,DOUBLE,2.0,True,True,SINGLE_GROUP,False,none/single-group,False,,,,,True,False,False,False,False,0,False,,False,False
NCT07683988,2026.0,2021-2026,PHASE1,drug,2,10.0,OTHER,NOT_YET_RECRUITING,NON_RANDOMIZED,False,NONE,0.0,False,False,CROSSOVER,False,none/single-group,False,,,,,False,True,False,False,False,0,False,NO,False,False
NCT00166296,2005.0,<=2015,PHASE2,drug,2,133.0,OTHER,COMPLETED,RANDOMIZED,True,QUADRUPLE,4.0,True,True,PARALLEL,True,placebo/sham,True,133.0,117.0,0.12030075187969924,True,False,False,False,True,True,0,False,,False,False
NCT02181231,2016.0,2016-2020,PHASE1;PHASE2,drug,2,18.0,OTHER,COMPLETED,RANDOMIZED,True,TRIPLE,3.0,True,True,PARALLEL,False,placebo/sham,True,18.0,16.0,0.11111111111111116,True,False,True,False,True,False,0,False,,False,True
NCT05002309,2021.0,2021-2026,PHASE2,drug,2,100.0,OTHER,RECRUITING,RANDOMIZED,True,NONE,0.0,False,False,PARALLEL,True,none/single-group,False,,,,,False,True,False,False,False,0,False,NO,False,True
NCT01157078,2010.0,<=2015,PHASE3,drug,2,319.0,INDUSTRY,COMPLETED,RANDOMIZED,True,QUADRUPLE,4.0,True,True,PARALLEL,True,placebo/sham,True,319.0,248.0,0.22257053291536055,False,True,True,False,True,False,1,True,,False,False
NCT07424781,2025.0,2021-2026,NA,drug,2,80.0,OTHER,RECRUITING,RANDOMIZED,True,TRIPLE,3.0,True,True,PARALLEL,True,placebo/sham,True,,,,,False,False,False,False,False,0,False,YES,True,False
NCT00162916,2005.0,<=2015,PHASE4,drug,2,21.0,OTHER,UNKNOWN,RANDOMIZED,True,QUADRUPLE,4.0,True,True,SINGLE_GROUP,False,placebo/sham,True,,,,,True,True,False,False,False,1,True,,False,False
NCT00361374,2006.0,<=2015,PHASE3,drug,3,196.0,OTHER,COMPLETED,RANDOMIZED,True,QUADRUPLE,4.0,True,True,PARALLEL,True,placebo/sham,True,196.0,154.0,0.2142857142857143,False,True,True,True,True,False,1,True,,False,True
NCT00402220,2007.0,<=2015,NA,both,2,67.0,OTHER_GOV,COMPLETED,RANDOMIZED,True,DOUBLE,2.0,True,True,PARALLEL,True,placebo/sham,True,,,,,False,True,False,False,False,0,False,,False,
NCT03329287,2017.0,2016-2020,NA,drug,3,180.0,OTHER,UNKNOWN,RANDOMIZED,True,DOUBLE,2.0,True,True,PARALLEL,True,active,True,,,,,False,True,True,False,False,0,False,NO,False,
NCT00456898,2007.0,<=2015,PHASE1,drug,0,40.0,INDUSTRY,COMPLETED,RANDOMIZED,True,NONE,0.0,False,False,CROSSOVER,True,none/single-group,False,,,,,False,True,False,False,False,0,False,,False,
NCT05047159,2022.0,2021-2026,NA,both,5,450.0,OTHER,UNKNOWN,RANDOMIZED,True,NONE,0.0,False,False,PARALLEL,True,none/single-group,False,,,,,False,True,True,False,False,0,False,NO,False,
NCT05061706,2021.0,2021-2026,PHASE3,drug,2,480.0,INDUSTRY,COMPLETED,RANDOMIZED,True,TRIPLE,3.0,True,True,PARALLEL,True,placebo/sham,True,480.0,429.0,0.10624999999999996,True,True,True,False,True,False,1,True,NO,False,False
NCT03505905,2018.0,2016-2020,PHASE1;PHASE2,drug,4,73.0,OTHER,COMPLETED,RANDOMIZED,True,QUADRUPLE,4.0,True,True,SEQUENTIAL,True,placebo/sham,True,73.0,49.0,0.3287671232876712,False,False,True,True,True,False,0,False,NO,False,True
NCT00825058,2003.0,<=2015,PHASE3,drug,3,317.0,INDUSTRY,COMPLETED,RANDOMIZED,True,DOUBLE,2.0,True,True,PARALLEL,True,placebo/sham,True,,,,,True,True,True,False,False,0,False,,False,False
NCT00237666,2005.0,<=2015,PHASE4,drug,1,30.0,OTHER,COMPLETED,NA,False,NONE,0.0,False,False,SINGLE_GROUP,False,none/single-group,False,30.0,24.0,0.19999999999999996,True,True,True,False,True,False,0,False,,False,True
NCT00420641,2006.0,<=2015,PHASE2,drug,3,492.0,INDUSTRY,COMPLETED,RANDOMIZED,True,DOUBLE,2.0,True,True,PARALLEL,True,none/single-group,False,504.0,343.0,0.3194444444444444,False,False,True,True,True,False,0,False,,False,False
NCT01371708,2012.0,<=2015,PHASE3,drug,1,283.0,INDUSTRY,COMPLETED,NA,False,NONE,0.0,False,False,SINGLE_GROUP,True,none/single-group,False,283.0,188.0,0.3356890459363958,False,True,True,False,True,False,1,True,,False,True
NCT04698603,2019.0,2016-2020,PHASE1;PHASE2,drug,3,16.0,INDUSTRY,COMPLETED,NON_RANDOMIZED,False,NONE,0.0,False,False,SEQUENTIAL,False,none/single-group,False,,,,,False,True,True,False,True,0,False,NO,False,False
NCT00166114,2002.0,<=2015,PHASE4,drug,2,40.0,OTHER,COMPLETED,RANDOMIZED,True,DOUBLE,2.0,True,True,PARALLEL,False,active,True,40.0,20.0,0.5,False,True,True,False,True,True,0,False,,False,True
NCT07610473,2026.0,2021-2026,PHASE2,drug,2,118.0,INDUSTRY,RECRUITING,RANDOMIZED,True,TRIPLE,3.0,True,True,PARALLEL,True,placebo/sham,True,,,,,False,True,False,False,False,0,False,NO,False,
NCT01299272,2011.0,<=2015,PHASE3,drug,2,1249.0,INDUSTRY,COMPLETED,RANDOMIZED,True,TRIPLE,3.0,True,True,PARALLEL,True,placebo/sham,True,1249.0,835.0,0.3314651721377102,False,True,True,False,True,False,1,True,,False,False
NCT00581009,2001.0,<=2015,PHASE1;PHASE2,drug,3,49.0,OTHER,COMPLETED,RANDOMIZED,True,NONE,0.0,False,False,PARALLEL,False,none/single-group,False,49.0,49.0,0.0,True,False,True,True,True,False,0,False,,False,False
NCT01741142,2012.0,<=2015,PHASE2,drug,3,19.0,INDUSTRY,TERMINATED,RANDOMIZED,True,TRIPLE,3.0,True,True,PARALLEL,False,placebo/sham,True,,,,,False,True,True,False,False,0,False,,False,True
NCT03504475,2018.0,2016-2020,PHASE1,drug,2,53.0,OTHER,COMPLETED,RANDOMIZED,True,NONE,0.0,False,False,CROSSOVER,True,active,True,,,,,False,False,False,False,False,0,False,,False,
NCT01866098,2013.0,<=2015,NA,drug,3,144.0,OTHER,COMPLETED,RANDOMIZED,True,QUADRUPLE,4.0,True,True,PARALLEL,True,placebo/sham,True,144.0,77.0,0.4652777777777778,False,False,True,True,True,False,1,True,YES,True,True
NCT00839423,2006.0,<=2015,PHASE2,drug,4,426.0,INDUSTRY,COMPLETED,RANDOMIZED,True,DOUBLE,2.0,True,True,PARALLEL,True,placebo/sham,True,426.0,360.0,0.15492957746478875,True,False,True,True,True,True,0,False,,False,False
NCT07396272,2026.0,2021-2026,PHASE2,drug,1,12.0,OTHER,ACTIVE_NOT_RECRUITING,NA,False,NONE,0.0,False,False,SINGLE_GROUP,False,none/single-group,False,,,,,False,True,False,False,False,0,False,NO,False,False
NCT06514742,2024.0,2021-2026,PHASE3,drug,2,101.0,INDUSTRY,TERMINATED,RANDOMIZED,True,DOUBLE,2.0,True,True,PARALLEL,True,placebo/sham,True,,,,,True,True,False,False,False,0,False,YES,True,True
NCT00316160,2004.0,<=2015,PHASE4,drug,0,347.0,INDUSTRY,COMPLETED,RANDOMIZED,True,DOUBLE,2.0,True,True,PARALLEL,True,none/single-group,False,,,,,True,True,False,False,True,0,False,,False,False
NCT00456014,2006.0,<=2015,NA,drug,1,37.0,OTHER,COMPLETED,NA,False,NONE,0.0,False,False,SINGLE_GROUP,True,none/single-group,False,37.0,28.0,0.2432432432432432,False,False,True,False,True,False,1,True,NO,False,False
NCT00035295,2001.0,<=2015,PHASE3,drug,0,584.0,INDUSTRY,COMPLETED,RANDOMIZED,True,DOUBLE,2.0,True,True,PARALLEL,True,none/single-group,False,,,,,True,True,False,False,False,0,False,,False,
NCT02661061,2015.0,<=2015,PHASE1,drug,2,9.0,OTHER,TERMINATED,RANDOMIZED,True,QUADRUPLE,4.0,True,True,PARALLEL,False,active,True,9.0,5.0,0.4444444444444444,False,False,False,False,True,False,0,False,NO,False,True
NCT05922878,2023.0,2021-2026,PHASE2,drug,2,321.0,INDUSTRY,RECRUITING,RANDOMIZED,True,QUADRUPLE,4.0,True,True,PARALLEL,True,placebo/sham,True,,,,,False,True,False,False,False,0,False,,False,False
NCT06620276,2025.0,2021-2026,NA,drug,1,30.0,OTHER,RECRUITING,NA,False,NONE,0.0,False,False,SINGLE_GROUP,True,none/single-group,False,,,,,False,False,False,False,False,1,True,NO,False,False
NCT00812812,2009.0,<=2015,PHASE4,drug,2,56.0,INDUSTRY,TERMINATED,RANDOMIZED,True,QUADRUPLE,4.0,True,True,PARALLEL,False,placebo/sham,True,56.0,49.0,0.125,True,True,True,False,True,False,0,False,YES,True,False
NCT00531895,2006.0,<=2015,PHASE4,drug,0,30.0,OTHER,COMPLETED,NON_RANDOMIZED,False,NONE,0.0,False,False,SINGLE_GROUP,False,none/single-group,False,,,,,True,True,False,False,False,1,True,,False,False
NCT05046184,2022.0,2021-2026,PHASE2,drug,3,165.0,OTHER,COMPLETED,RANDOMIZED,True,QUADRUPLE,4.0,True,True,PARALLEL,True,placebo/sham,True,,,,,False,False,True,False,False,0,False,,False,False
NCT03515733,2018.0,2016-2020,PHASE1,drug,2,54.0,OTHER,COMPLETED,RANDOMIZED,True,QUADRUPLE,4.0,True,True,PARALLEL,True,placebo/sham,True,,,,,False,False,False,False,False,1,True,UNDECIDED,False,False
NCT03761030,2019.0,2016-2020,PHASE4,drug,2,51.0,OTHER,TERMINATED,RANDOMIZED,True,QUADRUPLE,4.0,True,True,PARALLEL,False,placebo/sham,True,31.0,25.0,0.19354838709677424,True,True,True,False,True,False,0,False,NO,False,True
NCT07226232,2026.0,2021-2026,PHASE3,drug,2,240.0,FED,NOT_YET_RECRUITING,RANDOMIZED,True,QUADRUPLE,4.0,True,True,PARALLEL,True,active,True,,,,,True,True,False,False,False,0,False,YES,True,True
NCT04422652,2020.0,2016-2020,PHASE2,drug,3,201.0,OTHER,RECRUITING,RANDOMIZED,True,QUADRUPLE,4.0,True,True,PARALLEL,True,placebo/sham,True,,,,,False,True,True,False,False,0,False,NO,False,True
NCT04509882,2020.0,2016-2020,PHASE2,drug,2,120.0,OTHER,UNKNOWN,RANDOMIZED,True,QUADRUPLE,4.0,True,True,PARALLEL,True,placebo/sham,True,,,,,False,True,False,False,False,0,False,,False,False
NCT06937476,2025.0,2021-2026,NA,drug,4,108.0,OTHER,ACTIVE_NOT_RECRUITING,RANDOMIZED,True,SINGLE,1.0,True,False,PARALLEL,True,no-intervention,True,,,,,False,True,True,False,False,0,False,YES,True,False
NCT01460381,2011.0,<=2015,PHASE1,drug,2,18.0,INDUSTRY,COMPLETED,NON_RANDOMIZED,False,NONE,0.0,False,False,PARALLEL,False,none/single-group,False,18.0,18.0,0.0,True,False,True,False,True,False,0,False,,False,False
NCT01916200,2014.0,<=2015,PHASE4,drug,2,0.0,INDUSTRY,WITHDRAWN,RANDOMIZED,True,NONE,0.0,False,False,PARALLEL,False,no-intervention,True,,,,,True,True,False,False,False,0,False,,False,False
NCT02139540,2012.0,<=2015,PHASE2,drug,2,21.0,OTHER,COMPLETED,RANDOMIZED,True,QUADRUPLE,4.0,True,True,CROSSOVER,False,none/single-group,False,21.0,20.0,0.04761904761904767,True,False,True,False,True,False,1,True,,False,True
NCT01838876,2013.0,<=2015,PHASE3,drug,1,442.0,INDUSTRY,COMPLETED,NA,False,NONE,0.0,False,False,SINGLE_GROUP,True,none/single-group,False,442.0,209.0,0.5271493212669683,False,True,True,False,True,False,0,False,,False,False
NCT01457677,2011.0,<=2015,PHASE2,drug,4,357.0,INDUSTRY,COMPLETED,RANDOMIZED,True,DOUBLE,2.0,True,True,PARALLEL,True,placebo/sham,True,,,,,False,True,True,False,False,2,True,,False,
NCT03487198,2018.0,2016-2020,PHASE3,drug,2,65.0,INDUSTRY,TERMINATED,RANDOMIZED,True,TRIPLE,3.0,True,True,PARALLEL,False,placebo/sham,True,,,,,True,True,False,False,False,0,False,NO,False,False
NCT00048204,2002.0,<=2015,PHASE2,drug,0,372.0,INDUSTRY,COMPLETED,RANDOMIZED,True,DOUBLE,2.0,True,True,PARALLEL,True,none/single-group,False,,,,,False,True,False,False,False,0,False,YES,True,False
NCT00186264,2002.0,<=2015,NA,drug,0,18.0,OTHER,COMPLETED,RANDOMIZED,True,DOUBLE,2.0,True,True,PARALLEL,False,none/single-group,False,,,,,False,True,False,False,False,0,False,,False,
NCT05675800,2024.0,2021-2026,PHASE2,drug,2,0.0,OTHER,WITHDRAWN,RANDOMIZED,True,NONE,0.0,False,False,PARALLEL,False,none/single-group,False,,,,,False,True,False,False,False,0,False,YES,True,False
NCT01731119,2012.0,<=2015,PHASE2,drug,1,9.0,OTHER,COMPLETED,NA,False,NONE,0.0,False,False,SINGLE_GROUP,False,none/single-group,False,9.0,7.0,0.2222222222222222,False,False,True,False,True,False,0,False,NO,False,False
NCT05029466,2021.0,2021-2026,PHASE2,drug,2,30.0,OTHER,COMPLETED,RANDOMIZED,True,NONE,0.0,False,False,PARALLEL,False,none/single-group,False,,,,,False,True,False,False,False,1,True,NO,False,
NCT00795821,2008.0,<=2015,PHASE2;PHASE3,drug,2,495.0,INDUSTRY,COMPLETED,RANDOMIZED,True,QUADRUPLE,4.0,True,True,PARALLEL,True,placebo/sham,True,495.0,408.0,0.17575757575757578,True,True,True,False,True,False,1,True,,False,True
NCT00683592,2008.0,<=2015,PHASE3,drug,2,481.0,INDUSTRY,COMPLETED,RANDOMIZED,True,QUADRUPLE,4.0,True,True,PARALLEL,True,placebo/sham,True,481.0,388.0,0.1933471933471933,True,True,True,False,True,False,6,True,,False,False
NCT04722666,2021.0,2021-2026,PHASE2,drug,7,199.0,INDUSTRY,TERMINATED,RANDOMIZED,True,QUADRUPLE,4.0,True,True,PARALLEL,True,placebo/sham,True,199.0,176.0,0.11557788944723613,True,False,True,True,True,False,0,False,YES,True,True
NCT01033084,2009.0,<=2015,PHASE2;PHASE3,both,4,120.0,OTHER,COMPLETED,RANDOMIZED,True,QUADRUPLE,4.0,True,True,FACTORIAL,True,placebo/sham,True,,,,,True,True,True,False,False,2,True,,False,False
NCT05666687,2023.0,2021-2026,PHASE1,drug,5,10.0,INDUSTRY,COMPLETED,NON_RANDOMIZED,False,NONE,0.0,False,False,SEQUENTIAL,False,none/single-group,False,,,,,False,False,True,False,False,0,False,NO,False,False
NCT00969709,2009.0,<=2015,PHASE3,drug,4,724.0,INDUSTRY,COMPLETED,RANDOMIZED,True,TRIPLE,3.0,True,True,PARALLEL,True,placebo/sham,True,713.0,506.0,0.29032258064516125,False,True,True,True,True,False,3,True,,False,False
NCT00191061,2004.0,<=2015,PHASE4,drug,0,640.0,INDUSTRY,COMPLETED,RANDOMIZED,True,DOUBLE,2.0,True,True,PARALLEL,True,none/single-group,False,,,,,True,True,False,False,False,3,True,,False,
NCT03666390,2018.0,2016-2020,NA,drug,2,48.0,OTHER_GOV,UNKNOWN,RANDOMIZED,True,QUADRUPLE,4.0,True,True,PARALLEL,True,active,True,,,,,False,True,False,False,False,0,False,UNDECIDED,False,False
NCT04829318,2021.0,2021-2026,PHASE4,drug,1,183.0,INDUSTRY,COMPLETED,NA,False,NONE,0.0,False,False,SINGLE_GROUP,True,none/single-group,False,183.0,148.0,0.1912568306010929,True,True,True,False,True,False,0,False,YES,True,False
NCT06247839,2024.0,2021-2026,PHASE3,drug,1,20.0,OTHER,RECRUITING,NA,False,NONE,0.0,False,False,SINGLE_GROUP,False,none/single-group,False,,,,,True,True,False,False,False,0,False,,False,True
NCT00570050,2013.0,<=2015,PHASE3,drug,2,35.0,OTHER,COMPLETED,RANDOMIZED,True,QUADRUPLE,4.0,True,True,CROSSOVER,False,none/single-group,False,,,,,True,True,False,False,False,0,False,,False,False
NCT07011693,2025.0,2021-2026,PHASE4,drug,3,400.0,OTHER,NOT_YET_RECRUITING,RANDOMIZED,True,SINGLE,1.0,True,False,PARALLEL,True,none/single-group,False,,,,,True,True,True,False,False,0,False,,False,True
NCT05217758,2021.0,2021-2026,PHASE2,drug,2,158.0,OTHER,COMPLETED,RANDOMIZED,True,QUADRUPLE,4.0,True,True,PARALLEL,True,placebo/sham,True,,,,,False,True,False,False,False,1,True,YES,True,True
NCT04543123,2017.0,2016-2020,PHASE4,both,2,58.0,OTHER,COMPLETED,RANDOMIZED,True,SINGLE,1.0,True,False,PARALLEL,False,placebo/sham,True,,,,,True,True,False,False,False,0,False,,False,False
NCT00619619,2008.0,<=2015,PHASE2,drug,1,59.0,INDUSTRY,COMPLETED,RANDOMIZED,True,NONE,0.0,False,False,SINGLE_GROUP,True,none/single-group,False,59.0,51.0,0.13559322033898302,True,False,False,False,True,False,0,False,,False,False
NCT07022405,2026.0,2021-2026,PHASE2,drug,1,60.0,OTHER,RECRUITING,NA,False,NONE,0.0,False,False,SINGLE_GROUP,True,none/single-group,False,,,,,False,True,False,False,False,0,False,NO,False,False
NCT04032301,2019.0,2016-2020,PHASE1,drug,2,67.0,OTHER,COMPLETED,RANDOMIZED,True,DOUBLE,2.0,True,True,PARALLEL,True,placebo/sham,True,,,,,False,False,False,False,False,0,False,,False,True
NCT02037503,2014.0,<=2015,PHASE3,drug,5,100.0,OTHER_GOV,UNKNOWN,RANDOMIZED,True,TRIPLE,3.0,True,True,PARALLEL,True,placebo/sham,True,,,,,True,True,True,False,False,1,True,,False,False
NCT01357967,2011.0,<=2015,PHASE4,drug,2,60.0,OTHER,UNKNOWN,RANDOMIZED,True,NONE,0.0,False,False,PARALLEL,False,active,True,,,,,True,True,False,False,False,0,False,,False,False
NCT00768430,2008.0,<=2015,PHASE2,drug,2,73.0,OTHER,COMPLETED,RANDOMIZED,True,QUADRUPLE,4.0,True,True,PARALLEL,True,active,True,73.0,72.0,0.013698630136986356,True,False,True,False,True,False,2,True,,False,True
NCT02433093,2015.0,<=2015,PHASE1,drug,7,56.0,INDUSTRY,COMPLETED,RANDOMIZED,True,DOUBLE,2.0,True,True,PARALLEL,True,placebo/sham,True,,,,,False,False,True,False,False,0,False,,False,
NCT02078817,2014.0,<=2015,PHASE2,drug,1,14.0,OTHER,COMPLETED,NA,False,NONE,0.0,False,False,SINGLE_GROUP,False,none/single-group,False,14.0,13.0,0.0714285714285714,True,False,True,False,True,False,1,True,,False,True
NCT06340958,2024.0,2021-2026,PHASE2,drug,2,99.0,INDUSTRY,COMPLETED,RANDOMIZED,True,DOUBLE,2.0,True,True,PARALLEL,True,placebo/sham,True,99.0,82.0,0.1717171717171717,True,False,True,False,True,False,0,False,NO,False,True
NCT03101540,2011.0,<=2015,EARLY_PHASE1,drug,1,27.0,OTHER,TERMINATED,NA,False,NONE,0.0,False,False,SINGLE_GROUP,False,none/single-group,False,,,,,False,True,False,False,False,0,False,NO,False,False
NCT04843462,2021.0,2021-2026,NA,both,2,70.0,OTHER,UNKNOWN,RANDOMIZED,True,SINGLE,1.0,True,False,PARALLEL,True,active,True,,,,,False,True,False,False,True,1,True,NO,False,True
NCT00812994,2003.0,<=2015,PHASE4,drug,2,30.0,OTHER,COMPLETED,,False,DOUBLE,2.0,True,True,,False,placebo/sham,True,,,,,True,False,False,False,False,0,False,,False,False
NCT00368303,2006.0,<=2015,PHASE3,drug,0,362.0,INDUSTRY,COMPLETED,RANDOMIZED,True,DOUBLE,2.0,True,True,PARALLEL,True,none/single-group,False,,,,,True,True,False,False,False,0,False,,False,False
NCT01691092,2012.0,<=2015,NA,drug,1,79.0,OTHER,COMPLETED,NA,False,NONE,0.0,False,False,SINGLE_GROUP,True,none/single-group,False,79.0,38.0,0.5189873417721519,False,False,False,False,True,False,0,False,NO,False,False
NCT00834652,2007.0,<=2015,PHASE4,drug,2,206.0,OTHER,COMPLETED,RANDOMIZED,True,QUADRUPLE,4.0,True,True,PARALLEL,True,placebo/sham,True,206.0,128.0,0.3786407766990292,False,True,True,False,True,False,0,False,,False,False
NCT02669082,2017.0,2016-2020,PHASE4,drug,1,26.0,INDUSTRY,COMPLETED,NA,False,NONE,0.0,False,False,SINGLE_GROUP,False,none/single-group,False,26.0,25.0,0.038461538461538436,True,True,True,False,True,False,0,False,YES,True,False
NCT02669030,2017.0,2016-2020,PHASE4,drug,2,74.0,OTHER,UNKNOWN,RANDOMIZED,True,DOUBLE,2.0,True,True,PARALLEL,False,placebo/sham,True,,,,,True,True,False,False,False,0,False,,False,False
NCT00411099,2006.0,<=2015,PHASE3,drug,3,508.0,INDUSTRY,COMPLETED,RANDOMIZED,True,QUADRUPLE,4.0,True,True,PARALLEL,True,placebo/sham,True,,,,,True,True,True,False,False,0,False,,False,
NCT06168175,2024.0,2021-2026,PHASE2,drug,2,46.0,OTHER,NOT_YET_RECRUITING,RANDOMIZED,True,QUADRUPLE,4.0,True,True,PARALLEL,False,placebo/sham,True,,,,,False,True,False,False,False,0,False,,False,False
NCT01696617,2012.0,<=2015,PHASE4,drug,2,46.0,OTHER,COMPLETED,RANDOMIZED,True,NONE,0.0,False,False,PARALLEL,False,active,True,,,,,True,True,False,False,False,0,False,,False,True
NCT00179244,2004.0,<=2015,PHASE3,drug,0,30.0,OTHER,COMPLETED,RANDOMIZED,True,NONE,0.0,False,False,CROSSOVER,False,none/single-group,False,,,,,True,False,False,False,False,0,False,,False,
NCT03288675,2017.0,2016-2020,NA,both,4,68.0,OTHER,COMPLETED,RANDOMIZED,True,TRIPLE,3.0,True,True,FACTORIAL,True,active,True,,,,,False,True,True,False,False,0,False,NO,False,False
NCT06132178,2025.0,2021-2026,PHASE2,both,4,100.0,OTHER,RECRUITING,RANDOMIZED,True,TRIPLE,3.0,True,True,FACTORIAL,True,placebo/sham,True,,,,,False,True,True,False,False,0,False,NO,False,True
NCT04437485,2020.0,2016-2020,PHASE2,drug,2,46.0,OTHER,COMPLETED,RANDOMIZED,True,SINGLE,1.0,True,False,PARALLEL,False,active,True,46.0,39.0,0.15217391304347827,True,False,True,False,True,False,0,False,NO,False,True
NCT03756129,2019.0,2016-2020,PHASE2,drug,6,70.0,INDUSTRY,COMPLETED,RANDOMIZED,True,DOUBLE,2.0,True,True,PARALLEL,True,placebo/sham,True,70.0,53.0,0.24285714285714288,False,False,True,True,True,False,1,True,YES,True,False
NCT01372150,2011.0,<=2015,PHASE3,drug,3,340.0,INDUSTRY,COMPLETED,RANDOMIZED,True,TRIPLE,3.0,True,True,PARALLEL,True,none/single-group,False,340.0,297.0,0.1264705882352941,True,True,True,True,True,False,0,False,YES,True,True
NCT00564278,2008.0,<=2015,NA,drug,2,217.0,OTHER,COMPLETED,RANDOMIZED,True,SINGLE,1.0,True,False,PARALLEL,True,active,True,195.0,106.0,0.45641025641025645,False,False,False,False,True,False,1,True,NO,False,False
NCT00617045,2007.0,<=2015,NA,drug,1,0.0,OTHER,WITHDRAWN,NA,False,NONE,0.0,False,False,SINGLE_GROUP,False,none/single-group,False,,,,,False,True,False,False,False,0,False,NO,False,False
NCT00326144,2006.0,<=2015,PHASE3,drug,0,310.0,INDUSTRY,COMPLETED,RANDOMIZED,True,DOUBLE,2.0,True,True,PARALLEL,True,none/single-group,False,,,,,True,True,False,False,False,6,True,,False,
NCT04602715,2021.0,2021-2026,PHASE2,drug,2,60.0,OTHER,UNKNOWN,RANDOMIZED,True,QUADRUPLE,4.0,True,True,PARALLEL,True,placebo/sham,True,,,,,False,True,False,False,False,2,True,NO,False,False
NCT01219686,2010.0,<=2015,PHASE2;PHASE3,drug,3,18.0,OTHER,TERMINATED,RANDOMIZED,True,QUADRUPLE,4.0,True,True,PARALLEL,False,active,True,,,,,True,True,True,False,False,0,False,,False,True
NCT07076342,2025.0,2021-2026,PHASE4,drug,1,42.0,OTHER,RECRUITING,NA,False,NONE,0.0,False,False,SINGLE_GROUP,False,none/single-group,False,,,,,True,True,False,False,False,0,False,,False,True
NCT00781742,2008.0,<=2015,PHASE2,drug,3,152.0,INDUSTRY,COMPLETED,RANDOMIZED,True,QUADRUPLE,4.0,True,True,PARALLEL,True,placebo/sham,True,,,,,False,True,True,False,False,2,True,,False,
NCT02666989,2016.0,2016-2020,NA,drug,2,100.0,OTHER,UNKNOWN,NON_RANDOMIZED,False,NONE,0.0,False,False,CROSSOVER,True,active,True,,,,,False,True,False,False,False,0,False,,False,False
NCT02158546,2014.0,<=2015,PHASE3,drug,2,447.0,INDUSTRY,COMPLETED,RANDOMIZED,True,QUADRUPLE,4.0,True,True,PARALLEL,True,placebo/sham,True,342.0,296.0,0.13450292397660824,True,True,True,False,True,False,0,False,,False,False
NCT01145755,2010.0,<=2015,PHASE2,drug,3,131.0,INDUSTRY,TERMINATED,RANDOMIZED,True,QUADRUPLE,4.0,True,True,PARALLEL,True,placebo/sham,True,131.0,58.0,0.5572519083969465,False,False,True,True,True,False,0,False,,False,
NCT05427981,2022.0,2021-2026,PHASE3,drug,2,0.0,OTHER,WITHDRAWN,RANDOMIZED,True,DOUBLE,2.0,True,True,PARALLEL,False,placebo/sham,True,,,,,True,True,False,False,False,0,False,NO,False,True
NCT04637620,2017.0,2016-2020,PHASE2,drug,3,90.0,OTHER,RECRUITING,RANDOMIZED,True,TRIPLE,3.0,True,True,PARALLEL,True,placebo/sham,True,,,,,False,True,True,False,False,0,False,,False,True
NCT02395263,2015.0,<=2015,PHASE2,drug,4,160.0,OTHER,UNKNOWN,RANDOMIZED,True,QUADRUPLE,4.0,True,True,PARALLEL,True,placebo/sham,True,,,,,False,True,True,False,False,0,False,,False,True
NCT02332954,2015.0,<=2015,PHASE4,drug,2,226.0,INDUSTRY,COMPLETED,NON_RANDOMIZED,False,NONE,0.0,False,False,SINGLE_GROUP,True,none/single-group,False,,,,,True,True,False,False,False,1,True,,False,False
NCT00463580,2008.0,<=2015,PHASE4,drug,2,60.0,OTHER,COMPLETED,RANDOMIZED,True,QUADRUPLE,4.0,True,True,PARALLEL,False,placebo/sham,True,60.0,55.0,0.08333333333333337,True,True,True,False,True,True,0,False,,False,True
NCT02752542,2016.0,2016-2020,PHASE4,drug,2,80.0,OTHER,RECRUITING,RANDOMIZED,True,NONE,0.0,False,False,PARALLEL,False,none/single-group,False,,,,,True,True,False,False,False,0,False,YES,True,False
NCT04082806,2020.0,2016-2020,PHASE2,drug,2,54.0,OTHER,COMPLETED,RANDOMIZED,True,TRIPLE,3.0,True,True,CROSSOVER,True,none/single-group,False,,,,,False,True,False,False,False,0,False,,False,True
NCT01098240,2010.0,<=2015,PHASE2,drug,2,297.0,INDUSTRY,TERMINATED,RANDOMIZED,True,DOUBLE,2.0,True,True,PARALLEL,True,placebo/sham,True,297.0,162.0,0.4545454545454546,False,False,True,False,True,False,1,True,YES,True,True
NCT07484217,2026.0,2021-2026,PHASE3,drug,2,508.0,INDUSTRY,RECRUITING,RANDOMIZED,True,DOUBLE,2.0,True,True,PARALLEL,True,placebo/sham,True,,,,,True,True,False,False,False,0,False,NO,False,False
NCT01051466,2010.0,<=2015,PHASE4,drug,2,60.0,INDUSTRY,COMPLETED,NON_RANDOMIZED,False,NONE,0.0,False,False,PARALLEL,False,no-intervention,True,60.0,47.0,0.21666666666666667,False,True,False,False,True,False,1,True,,False,False
NCT01099592,2010.0,<=2015,PHASE4,drug,0,7.0,OTHER,TERMINATED,NA,False,NONE,0.0,False,False,SINGLE_GROUP,False,none/single-group,False,,,,,True,True,False,False,False,0,False,,False,False
NCT00250614,2005.0,<=2015,PHASE3,drug,0,452.0,INDUSTRY,COMPLETED,RANDOMIZED,True,DOUBLE,2.0,True,True,PARALLEL,True,none/single-group,False,,,,,True,True,False,False,False,0,False,,False,
NCT00335205,2003.0,<=2015,PHASE4,drug,0,60.0,OTHER_GOV,UNKNOWN,RANDOMIZED,True,DOUBLE,2.0,True,True,PARALLEL,False,none/single-group,False,,,,,True,True,False,False,False,0,False,,False,
NCT00472576,2007.0,<=2015,PHASE1,drug,2,5.0,NIH,COMPLETED,RANDOMIZED,True,QUADRUPLE,4.0,True,True,CROSSOVER,False,none/single-group,False,5.0,5.0,0.0,True,False,True,False,True,False,1,True,,False,False
NCT00285766,2002.0,<=2015,PHASE3,drug,0,300.0,INDUSTRY,COMPLETED,NON_RANDOMIZED,False,NONE,0.0,False,False,SINGLE_GROUP,True,none/single-group,False,,,,,True,True,False,False,False,0,False,,False,
NCT05615948,2022.0,2021-2026,PHASE4,drug,1,15.0,OTHER,COMPLETED,NA,False,NONE,0.0,False,False,SINGLE_GROUP,False,none/single-group,False,,,,,True,True,False,False,False,0,False,,False,True
NCT01163266,2010.0,<=2015,PHASE3,drug,3,462.0,INDUSTRY,COMPLETED,RANDOMIZED,True,QUADRUPLE,4.0,True,True,PARALLEL,True,placebo/sham,True,462.0,385.0,0.16666666666666663,True,True,True,True,True,False,3,True,,False,False
NCT06213324,2024.0,2021-2026,PHASE4,drug,2,120.0,OTHER,RECRUITING,RANDOMIZED,True,QUADRUPLE,4.0,True,True,PARALLEL,True,placebo/sham,True,,,,,True,False,False,False,False,0,False,YES,True,True
NCT01148472,2005.0,<=2015,PHASE4,drug,2,294.0,INDUSTRY,COMPLETED,RANDOMIZED,True,DOUBLE,2.0,True,True,PARALLEL,True,active,True,,,,,True,True,False,False,True,0,False,,False,False
NCT01309945,2011.0,<=2015,PHASE2,drug,5,889.0,INDUSTRY,COMPLETED,RANDOMIZED,True,DOUBLE,2.0,True,True,PARALLEL,True,placebo/sham,True,,,,,False,True,True,False,False,0,False,,False,True
NCT04322526,2017.0,2016-2020,PHASE4,drug,2,25.0,OTHER,COMPLETED,RANDOMIZED,True,DOUBLE,2.0,True,True,CROSSOVER,False,placebo/sham,True,25.0,23.0,0.07999999999999996,True,True,False,False,True,False,1,True,YES,True,False
NCT06963021,2025.0,2021-2026,PHASE3,drug,2,200.0,INDUSTRY,RECRUITING,RANDOMIZED,True,QUADRUPLE,4.0,True,True,PARALLEL,True,placebo/sham,True,,,,,True,True,False,False,False,0,False,NO,False,True
NCT01500200,2011.0,<=2015,PHASE2,drug,2,142.0,INDUSTRY,COMPLETED,RANDOMIZED,True,QUADRUPLE,4.0,True,True,PARALLEL,True,placebo/sham,True,141.0,121.0,0.14184397163120566,True,False,True,False,True,True,0,False,,False,False
NCT00526383,2007.0,<=2015,NA,drug,2,624.0,OTHER,COMPLETED,NON_RANDOMIZED,False,NONE,0.0,False,False,PARALLEL,True,placebo/sham,True,,,,,False,True,False,False,False,4,True,,False,False
NCT01027559,2009.0,<=2015,NA,drug,3,97.0,OTHER,COMPLETED,RANDOMIZED,True,SINGLE,1.0,True,False,PARALLEL,True,active,True,91.0,68.0,0.25274725274725274,False,False,False,True,True,False,0,False,,False,False
NCT06592833,2025.0,2021-2026,PHASE2,drug,2,60.0,OTHER,RECRUITING,RANDOMIZED,True,QUADRUPLE,4.0,True,True,PARALLEL,True,placebo/sham,True,,,,,False,True,False,False,False,0,False,NO,False,True
NCT00338273,2006.0,<=2015,PHASE3,drug,2,0.0,INDUSTRY,WITHDRAWN,RANDOMIZED,True,DOUBLE,2.0,True,True,PARALLEL,False,placebo/sham,True,,,,,True,True,False,False,False,0,False,,False,
NCT02709655,2016.0,2016-2020,PHASE3,drug,4,683.0,INDUSTRY,COMPLETED,RANDOMIZED,True,DOUBLE,2.0,True,True,PARALLEL,True,placebo/sham,True,683.0,540.0,0.20937042459736455,False,True,True,True,True,False,1,True,,False,True
NCT00612313,2008.0,<=2015,NA,drug,2,144.0,OTHER,COMPLETED,RANDOMIZED,True,SINGLE,1.0,True,False,PARALLEL,True,active,True,144.0,114.0,0.20833333333333337,False,False,True,False,True,True,3,True,,False,True
NCT05117632,2021.0,2021-2026,PHASE2,drug,1,245.0,INDUSTRY,COMPLETED,NA,False,NONE,0.0,False,False,SINGLE_GROUP,True,none/single-group,False,,,,,False,True,False,False,False,0,False,,False,False
NCT00965497,2009.0,<=2015,PHASE3,drug,1,13.0,OTHER,COMPLETED,NA,False,NONE,0.0,False,False,SINGLE_GROUP,False,none/single-group,False,14.0,13.0,0.0714285714285714,True,True,True,False,True,False,0,False,,False,True
NCT00212797,2004.0,<=2015,PHASE2,drug,3,273.0,INDUSTRY,COMPLETED,RANDOMIZED,True,TRIPLE,3.0,True,True,PARALLEL,True,placebo/sham,True,,,,,False,True,True,False,False,0,False,,False,True
NCT07000994,2025.0,2021-2026,NA,drug,2,100.0,OTHER,COMPLETED,RANDOMIZED,True,SINGLE,1.0,True,False,PARALLEL,True,active,True,,,,,False,True,False,False,False,0,False,NO,False,False
NCT01075529,2007.0,<=2015,PHASE4,drug,1,140.0,OTHER_GOV,COMPLETED,NON_RANDOMIZED,False,NONE,0.0,False,False,SINGLE_GROUP,True,no-intervention,True,,,,,True,True,False,False,True,1,True,,False,True
NCT00878748,2009.0,<=2015,PHASE4,drug,2,0.0,INDUSTRY,WITHDRAWN,RANDOMIZED,True,NONE,0.0,False,False,PARALLEL,False,none/single-group,False,,,,,True,True,False,False,False,0,False,,False,True
NCT07095205,2024.0,2021-2026,PHASE4,drug,2,14.0,OTHER,RECRUITING,NON_RANDOMIZED,False,NONE,0.0,False,False,PARALLEL,False,none/single-group,False,,,,,True,True,False,False,False,0,False,,False,True
NCT01380691,2011.0,<=2015,PHASE1,drug,4,28.0,INDUSTRY,COMPLETED,RANDOMIZED,True,DOUBLE,2.0,True,True,CROSSOVER,False,none/single-group,False,28.0,28.0,0.0,True,False,True,True,True,False,0,False,,False,False
NCT01189812,2010.0,<=2015,PHASE2,drug,2,80.0,INDUSTRY,COMPLETED,RANDOMIZED,True,QUADRUPLE,4.0,True,True,PARALLEL,True,placebo/sham,True,80.0,64.0,0.19999999999999996,True,False,True,False,True,False,0,False,,False,False
NCT00844194,2009.0,<=2015,PHASE4,drug,4,108.0,INDUSTRY,COMPLETED,NON_RANDOMIZED,False,NONE,0.0,False,False,PARALLEL,True,none/single-group,False,108.0,75.0,0.3055555555555556,False,True,True,True,True,False,0,False,,False,
NCT02013531,2013.0,<=2015,PHASE3,drug,1,37.0,INDUSTRY,COMPLETED,NA,False,NONE,0.0,False,False,SINGLE_GROUP,False,none/single-group,False,37.0,32.0,0.1351351351351351,True,True,True,False,True,False,2,True,,False,False
NCT03043560,2017.0,2016-2020,PHASE2,drug,2,45.0,OTHER,COMPLETED,RANDOMIZED,True,DOUBLE,2.0,True,True,PARALLEL,False,placebo/sham,True,45.0,41.0,0.0888888888888889,True,False,False,False,True,False,1,True,YES,True,True
NCT00125554,1998.0,<=2015,PHASE2,drug,0,63.0,OTHER,COMPLETED,RANDOMIZED,True,DOUBLE,2.0,True,True,PARALLEL,True,none/single-group,False,,,,,False,True,False,False,True,0,False,,False,
NCT00320632,1990.0,<=2015,PHASE4,drug,0,43.0,OTHER,COMPLETED,NON_RANDOMIZED,False,NONE,0.0,False,False,SINGLE_GROUP,False,none/single-group,False,,,,,True,True,False,False,False,1,True,,False,
NCT02590185,2015.0,<=2015,NA,drug,1,205.0,OTHER,UNKNOWN,NA,False,NONE,0.0,False,False,SINGLE_GROUP,True,none/single-group,False,,,,,False,True,False,False,False,1,True,,False,False
NCT04924257,2021.0,2021-2026,PHASE3,both,2,0.0,OTHER,WITHDRAWN,RANDOMIZED,True,NONE,0.0,False,False,PARALLEL,False,active,True,,,,,True,True,False,False,False,0,False,,False,
NCT00510822,2007.0,<=2015,PHASE2,drug,2,169.0,INDUSTRY,COMPLETED,RANDOMIZED,True,DOUBLE,2.0,True,True,PARALLEL,True,placebo/sham,True,,,,,False,True,False,False,False,0,False,,False,False
NCT02023567,2013.0,<=2015,NA,drug,2,2400.0,OTHER,UNKNOWN,NON_RANDOMIZED,False,NONE,0.0,False,False,PARALLEL,True,no-intervention,True,,,,,False,False,False,False,False,8,True,UNDECIDED,False,True
NCT00026052,2001.0,<=2015,PHASE2,drug,0,31.0,NIH,COMPLETED,,False,,,False,False,,False,none/single-group,False,,,,,False,True,False,False,False,0,False,,False,
NCT01574742,2012.0,<=2015,PHASE1,drug,1,30.0,OTHER,UNKNOWN,NA,False,NONE,0.0,False,False,SINGLE_GROUP,True,none/single-group,False,,,,,False,True,False,False,False,0,False,,False,True
NCT07334249,2025.0,2021-2026,PHASE1,drug,2,80.0,INDUSTRY,NOT_YET_RECRUITING,RANDOMIZED,True,TRIPLE,3.0,True,True,PARALLEL,True,placebo/sham,True,,,,,False,True,False,False,False,0,False,UNDECIDED,False,True
NCT05357040,2021.0,2021-2026,PHASE2,drug,2,0.0,OTHER,WITHDRAWN,RANDOMIZED,True,DOUBLE,2.0,True,True,PARALLEL,False,placebo/sham,True,,,,,False,True,False,False,False,0,False,NO,False,True
NCT03854578,2019.0,2016-2020,PHASE1,drug,3,73.0,INDUSTRY,COMPLETED,RANDOMIZED,True,DOUBLE,2.0,True,True,PARALLEL,True,none/single-group,False,73.0,73.0,0.0,True,False,True,True,True,False,1,True,NO,False,
NCT05991232,2025.0,2021-2026,PHASE1;PHASE2,drug,1,0.0,OTHER,WITHDRAWN,NA,False,NONE,0.0,False,False,SINGLE_GROUP,False,none/single-group,False,,,,,False,False,False,False,False,0,False,NO,False,False
NCT03446846,2018.0,2016-2020,PHASE2,drug,3,360.0,INDUSTRY,COMPLETED,RANDOMIZED,True,DOUBLE,2.0,True,True,PARALLEL,True,placebo/sham,True,360.0,332.0,0.07777777777777772,True,False,True,True,True,False,0,False,,False,
NCT04916548,2021.0,2021-2026,PHASE1;PHASE2,drug,1,15.0,OTHER,COMPLETED,NA,False,NONE,0.0,False,False,SINGLE_GROUP,False,none/single-group,False,15.0,15.0,0.0,True,False,False,False,True,False,0,False,NO,False,False
NCT00289484,2006.0,<=2015,PHASE2,drug,0,52.0,OTHER,UNKNOWN,RANDOMIZED,True,DOUBLE,2.0,True,True,PARALLEL,True,none/single-group,False,,,,,False,True,False,False,False,1,True,,False,
NCT03771664,2019.0,2016-2020,PHASE3,drug,2,87.0,INDUSTRY,TERMINATED,RANDOMIZED,True,QUADRUPLE,4.0,True,True,PARALLEL,False,placebo/sham,True,87.0,79.0,0.09195402298850575,True,True,True,False,True,False,0,False,YES,True,False
NCT01601210,2012.0,<=2015,EARLY_PHASE1,drug,4,32.0,OTHER,COMPLETED,RANDOMIZED,True,QUADRUPLE,4.0,True,True,PARALLEL,True,placebo/sham,True,,,,,False,True,True,False,False,0,False,YES,True,True
NCT06580041,2024.0,2021-2026,PHASE4,drug,10,150.0,OTHER,ENROLLING_BY_INVITATION,RANDOMIZED,True,NONE,0.0,False,False,PARALLEL,True,active,True,,,,,True,True,True,False,False,0,False,NO,False,False
NCT03643159,2018.0,2016-2020,PHASE4,drug,2,2.0,INDUSTRY,TERMINATED,NON_RANDOMIZED,False,NONE,0.0,False,False,SINGLE_GROUP,False,active,True,2.0,0.0,1.0,False,True,False,False,True,False,0,False,NO,False,False
NCT01260649,2010.0,<=2015,PHASE4,both,2,17.0,OTHER,TERMINATED,RANDOMIZED,True,DOUBLE,2.0,True,True,PARALLEL,False,placebo/sham,True,17.0,14.0,0.17647058823529416,True,True,True,False,True,False,0,False,,False,False
NCT01467804,2011.0,<=2015,NA,drug,2,180.0,OTHER,UNKNOWN,RANDOMIZED,True,QUADRUPLE,4.0,True,True,PARALLEL,True,active,True,,,,,False,True,False,False,False,0,False,,False,True
NCT00866593,2009.0,<=2015,PHASE2;PHASE3,drug,2,260.0,OTHER,COMPLETED,RANDOMIZED,True,DOUBLE,2.0,True,True,PARALLEL,True,active,True,,,,,True,True,False,False,False,1,True,,False,False
NCT04430556,2018.0,2016-2020,NA,drug,1,30.0,OTHER,UNKNOWN,NA,False,NONE,0.0,False,False,SINGLE_GROUP,True,none/single-group,False,,,,,False,False,False,False,False,0,False,,False,
NCT01416220,2011.0,<=2015,PHASE4,drug,2,0.0,OTHER,WITHDRAWN,RANDOMIZED,True,NONE,0.0,False,False,PARALLEL,False,active,True,,,,,True,True,False,False,False,0,False,,False,True
NCT05416762,2022.0,2021-2026,PHASE1,drug,3,30.0,INDUSTRY,COMPLETED,RANDOMIZED,True,NONE,0.0,False,False,CROSSOVER,True,none/single-group,False,,,,,False,True,True,False,False,0,False,NO,False,
NCT06830044,2025.0,2021-2026,PHASE3,drug,2,500.0,INDUSTRY,RECRUITING,RANDOMIZED,True,QUADRUPLE,4.0,True,True,PARALLEL,True,placebo/sham,True,,,,,True,True,False,False,False,0,False,NO,False,False
NCT04977232,2021.0,2021-2026,NA,drug,2,50.0,OTHER,COMPLETED,RANDOMIZED,True,NONE,0.0,False,False,PARALLEL,True,active,True,,,,,False,True,False,False,False,0,False,,False,
NCT03256162,2017.0,2016-2020,PHASE1,drug,2,25.0,OTHER,COMPLETED,RANDOMIZED,True,QUADRUPLE,4.0,True,True,PARALLEL,False,active,True,25.0,16.0,0.36,False,False,False,False,True,False,2,True,NO,False,True
NCT01458626,2012.0,<=2015,PHASE4,drug,3,525.0,OTHER,COMPLETED,RANDOMIZED,True,DOUBLE,2.0,True,True,FACTORIAL,True,active,True,,,,,True,True,True,False,False,1,True,,False,True
NCT05169710,2021.0,2021-2026,PHASE3,drug,3,83.0,INDUSTRY,TERMINATED,RANDOMIZED,True,QUADRUPLE,4.0,True,True,PARALLEL,False,placebo/sham,True,82.0,71.0,0.13414634146341464,True,True,True,True,True,False,1,True,YES,True,True
NCT02362529,2015.0,<=2015,EARLY_PHASE1,drug,3,115.0,OTHER,COMPLETED,RANDOMIZED,True,QUADRUPLE,4.0,True,True,SINGLE_GROUP,True,placebo/sham,True,,,,,False,False,True,False,False,0,False,,False,True
NCT04091971,2020.0,2016-2020,PHASE4,drug,1,9.0,OTHER,COMPLETED,NA,False,NONE,0.0,False,False,SINGLE_GROUP,False,none/single-group,False,9.0,5.0,0.4444444444444444,False,True,False,False,True,False,0,False,YES,True,False
NCT02048423,2013.0,<=2015,PHASE2;PHASE3,drug,1,10.0,OTHER,UNKNOWN,NA,False,NONE,0.0,False,False,SINGLE_GROUP,False,none/single-group,False,,,,,True,True,False,False,False,0,False,,False,True
NCT06372210,2023.0,2021-2026,NA,both,1,54.0,INDUSTRY,COMPLETED,NA,False,NONE,0.0,False,False,SINGLE_GROUP,True,none/single-group,False,54.0,54.0,0.0,True,False,False,False,True,False,0,False,YES,True,False
NCT06786637,2025.0,2021-2026,PHASE2,both,2,0.0,OTHER,WITHDRAWN,RANDOMIZED,True,TRIPLE,3.0,True,True,PARALLEL,False,placebo/sham,True,,,,,False,False,False,False,False,0,False,YES,True,False
NCT00415142,2006.0,<=2015,PHASE3,drug,3,393.0,INDUSTRY,COMPLETED,RANDOMIZED,True,DOUBLE,2.0,True,True,PARALLEL,True,placebo/sham,True,,,,,True,True,True,False,False,0,False,,False,True
NCT00976560,2009.0,<=2015,PHASE2,drug,2,128.0,INDUSTRY,COMPLETED,RANDOMIZED,True,QUADRUPLE,4.0,True,True,PARALLEL,True,placebo/sham,True,128.0,101.0,0.2109375,False,False,True,False,True,False,0,False,YES,True,False
NCT02279966,2014.0,<=2015,PHASE3,drug,3,152.0,INDUSTRY,COMPLETED,RANDOMIZED,True,DOUBLE,2.0,True,True,PARALLEL,True,placebo/sham,True,,,,,True,True,True,False,False,1,True,,False,False
NCT02942017,2016.0,2016-2020,PHASE3,drug,2,108.0,INDUSTRY,COMPLETED,RANDOMIZED,True,QUADRUPLE,4.0,True,True,PARALLEL,True,placebo/sham,True,108.0,100.0,0.07407407407407407,True,True,True,False,True,False,2,True,NO,False,False
NCT02922725,2016.0,2016-2020,PHASE4,drug,3,32.0,OTHER,TERMINATED,RANDOMIZED,True,TRIPLE,3.0,True,True,PARALLEL,False,placebo/sham,True,32.0,31.0,0.03125,True,True,True,True,True,False,0,False,UNDECIDED,False,True
NCT02014363,2013.0,<=2015,PHASE2,drug,4,164.0,INDUSTRY,COMPLETED,RANDOMIZED,True,QUADRUPLE,4.0,True,True,PARALLEL,True,active,True,164.0,104.0,0.36585365853658536,False,False,True,True,True,False,0,False,,False,False
NCT02086929,2012.0,<=2015,PHASE3,drug,2,364.0,INDUSTRY,COMPLETED,RANDOMIZED,True,TRIPLE,3.0,True,True,PARALLEL,True,active,True,,,,,True,True,False,False,False,0,False,,False,False
NCT01725308,2012.0,<=2015,PHASE2;PHASE3,drug,6,431.0,INDUSTRY,COMPLETED,RANDOMIZED,True,QUADRUPLE,4.0,True,True,PARALLEL,True,placebo/sham,True,431.0,332.0,0.22969837587006958,False,True,True,True,True,False,3,True,NO,False,False
NCT00269334,2005.0,<=2015,PHASE4,drug,0,400.0,OTHER,UNKNOWN,RANDOMIZED,True,NONE,0.0,False,False,FACTORIAL,True,none/single-group,False,,,,,True,True,False,False,False,0,False,,False,
NCT02674529,2016.0,2016-2020,PHASE2;PHASE3,drug,2,60.0,OTHER,COMPLETED,RANDOMIZED,True,TRIPLE,3.0,True,True,PARALLEL,False,placebo/sham,True,54.0,46.0,0.14814814814814814,True,True,True,False,True,False,0,False,YES,True,True
NCT04288895,2020.0,2016-2020,PHASE4,drug,1,400.0,INDUSTRY,COMPLETED,NA,False,NONE,0.0,False,False,SINGLE_GROUP,True,none/single-group,False,,,,,True,True,False,False,False,1,True,,False,False
NCT00917059,2009.0,<=2015,PHASE4,drug,2,172.0,OTHER,COMPLETED,RANDOMIZED,True,TRIPLE,3.0,True,True,PARALLEL,True,active,True,,,,,True,True,False,False,False,0,False,,False,True
NCT00849693,2009.0,<=2015,PHASE3,drug,4,463.0,INDUSTRY,COMPLETED,RANDOMIZED,True,QUADRUPLE,4.0,True,True,PARALLEL,True,placebo/sham,True,463.0,325.0,0.2980561555075594,False,True,True,True,True,False,2,True,,False,False
NCT01175616,2012.0,<=2015,PHASE4,drug,1,0.0,OTHER,WITHDRAWN,NON_RANDOMIZED,False,NONE,0.0,False,False,SINGLE_GROUP,False,none/single-group,False,,,,,True,True,False,False,False,0,False,NO,False,True
NCT07105111,2025.0,2021-2026,PHASE4,drug,1,50.0,INDUSTRY,RECRUITING,NA,False,NONE,0.0,False,False,SINGLE_GROUP,False,none/single-group,False,,,,,True,True,False,False,False,0,False,NO,False,False
NCT01309581,2010.0,<=2015,NA,drug,2,3.0,OTHER,TERMINATED,RANDOMIZED,True,DOUBLE,2.0,True,True,PARALLEL,False,active,True,3.0,3.0,0.0,True,False,True,False,True,False,0,False,,False,True
NCT03642964,2018.0,2016-2020,PHASE2,drug,2,24.0,INDUSTRY,ACTIVE_NOT_RECRUITING,RANDOMIZED,True,DOUBLE,2.0,True,True,PARALLEL,False,placebo/sham,True,,,,,False,True,False,False,False,0,False,NO,False,True
NCT03822065,2019.0,2016-2020,PHASE1,drug,2,34.0,INDUSTRY,COMPLETED,RANDOMIZED,True,NONE,0.0,False,False,CROSSOVER,True,none/single-group,False,,,,,False,True,False,False,False,0,False,NO,False,False
NCT06230757,2024.0,2021-2026,PHASE2,drug,2,20.0,OTHER,COMPLETED,RANDOMIZED,True,QUADRUPLE,4.0,True,True,PARALLEL,False,placebo/sham,True,,,,,False,True,False,False,False,0,False,NO,False,True
NCT01554176,2012.0,<=2015,PHASE2,drug,5,129.0,INDUSTRY,TERMINATED,RANDOMIZED,True,DOUBLE,2.0,True,True,PARALLEL,True,placebo/sham,True,129.0,116.0,0.10077519379844957,True,False,True,True,True,True,0,False,YES,True,False
NCT06480500,2024.0,2021-2026,PHASE2,drug,2,110.0,OTHER,RECRUITING,RANDOMIZED,True,QUADRUPLE,4.0,True,True,PARALLEL,True,active,True,,,,,False,True,False,False,False,0,False,NO,False,True
NCT01582815,2012.0,<=2015,PHASE2,drug,2,121.0,INDUSTRY,COMPLETED,RANDOMIZED,True,DOUBLE,2.0,True,True,PARALLEL,True,placebo/sham,True,,,,,False,True,False,False,False,0,False,,False,False
NCT00621270,2008.0,<=2015,PHASE2,drug,3,115.0,INDUSTRY,COMPLETED,RANDOMIZED,True,QUADRUPLE,4.0,True,True,PARALLEL,True,placebo/sham,True,,,,,False,True,True,False,False,0,False,,False,False
NCT04532749,2020.0,2016-2020,PHASE3,drug,2,212.0,INDUSTRY,TERMINATED,RANDOMIZED,True,DOUBLE,2.0,True,True,PARALLEL,True,placebo/sham,True,212.0,190.0,0.10377358490566035,True,True,True,False,True,False,0,False,YES,True,True
NCT03870776,2019.0,2016-2020,PHASE2,drug,3,126.0,INDUSTRY,COMPLETED,RANDOMIZED,True,QUADRUPLE,4.0,True,True,SEQUENTIAL,True,placebo/sham,True,,,,,False,True,True,False,False,0,False,,False,True
NCT07015944,2025.0,2021-2026,NA,drug,2,26376.0,OTHER,RECRUITING,RANDOMIZED,True,SINGLE,1.0,True,False,PARALLEL,True,none/single-group,False,,,,,False,True,False,False,False,0,False,YES,True,True
NCT03993457,2019.0,2016-2020,PHASE4,drug,4,18.0,OTHER,TERMINATED,RANDOMIZED,True,NONE,0.0,False,False,PARALLEL,False,none/single-group,False,11.0,9.0,0.18181818181818177,True,True,True,True,True,False,0,False,NO,False,False
NCT06564818,2024.0,2021-2026,PHASE3,drug,2,220.0,INDUSTRY,RECRUITING,RANDOMIZED,True,QUADRUPLE,4.0,True,True,PARALLEL,True,placebo/sham,True,,,,,True,True,False,False,False,0,False,NO,False,True
NCT03187093,2016.0,2016-2020,PHASE4,drug,2,150.0,OTHER,UNKNOWN,RANDOMIZED,True,NONE,0.0,False,False,PARALLEL,True,active,True,,,,,True,True,False,False,False,1,True,UNDECIDED,False,False
NCT03645096,2019.0,2016-2020,PHASE1,drug,6,34.0,OTHER,COMPLETED,RANDOMIZED,True,QUADRUPLE,4.0,True,True,CROSSOVER,True,none/single-group,False,29.0,24.0,0.1724137931034483,True,False,False,True,True,False,0,False,NO,False,True
NCT03899194,2019.0,2016-2020,NA,drug,2,350.0,OTHER,UNKNOWN,RANDOMIZED,True,NONE,0.0,False,False,PARALLEL,True,active,True,,,,,False,True,False,False,False,1,True,UNDECIDED,False,False
NCT03121573,2014.0,<=2015,NA,drug,1,30.0,OTHER,COMPLETED,,False,NONE,0.0,False,False,SEQUENTIAL,True,none/single-group,False,,,,,False,False,False,False,False,0,False,NO,False,False
NCT01627782,2012.0,<=2015,PHASE2,drug,4,68.0,INDUSTRY,COMPLETED,RANDOMIZED,True,DOUBLE,2.0,True,True,PARALLEL,True,placebo/sham,True,68.0,25.0,0.6323529411764706,False,False,True,True,True,False,2,True,,False,
NCT07110831,2025.0,2021-2026,PHASE4,drug,2,168.0,OTHER,NOT_YET_RECRUITING,NON_RANDOMIZED,False,SINGLE,1.0,True,False,PARALLEL,True,active,True,,,,,True,True,False,False,True,0,False,YES,True,True
NCT06136546,2025.0,2021-2026,PHASE2,drug,2,100.0,OTHER,RECRUITING,RANDOMIZED,True,TRIPLE,3.0,True,True,PARALLEL,True,placebo/sham,True,,,,,False,True,False,False,False,0,False,NO,False,True
NCT02579343,2015.0,<=2015,NA,both,2,13.0,OTHER,COMPLETED,RANDOMIZED,True,SINGLE,1.0,True,False,PARALLEL,False,placebo/sham,True,13.0,13.0,0.0,True,False,True,False,True,False,0,False,,False,False
NCT01250873,2010.0,<=2015,PHASE1,drug,1,20.0,INDUSTRY,COMPLETED,NA,False,NONE,0.0,False,False,SINGLE_GROUP,False,none/single-group,False,20.0,18.0,0.09999999999999998,True,False,True,False,True,False,0,False,,False,False
NCT07452692,2026.0,2021-2026,PHASE1,drug,2,230.0,INDUSTRY,NOT_YET_RECRUITING,RANDOMIZED,True,SINGLE,1.0,True,False,SINGLE_GROUP,True,none/single-group,False,,,,,False,False,False,False,False,0,False,,False,False
NCT04850911,2021.0,2021-2026,NA,drug,2,70.0,OTHER,UNKNOWN,RANDOMIZED,True,DOUBLE,2.0,True,True,PARALLEL,True,placebo/sham,True,,,,,False,False,False,False,False,0,False,UNDECIDED,False,
NCT00813735,2006.0,<=2015,PHASE4,drug,2,60.0,OTHER,COMPLETED,RANDOMIZED,True,DOUBLE,2.0,True,True,PARALLEL,False,placebo/sham,True,,,,,True,True,False,False,False,0,False,,False,True
NCT00628914,2008.0,<=2015,PHASE4,drug,3,60.0,OTHER,UNKNOWN,RANDOMIZED,True,DOUBLE,2.0,True,True,PARALLEL,False,placebo/sham,True,,,,,True,True,True,False,False,0,False,,False,False
NCT00040261,2002.0,<=2015,PHASE3,drug,0,112.0,NIH,COMPLETED,,False,,,False,False,,True,none/single-group,False,,,,,True,True,False,False,False,1,True,,False,
NCT01111552,2010.0,<=2015,PHASE3,drug,5,237.0,INDUSTRY,TERMINATED,RANDOMIZED,True,DOUBLE,2.0,True,True,PARALLEL,True,active,True,237.0,120.0,0.49367088607594933,False,True,True,True,True,False,0,False,YES,True,True
NCT00369343,2006.0,<=2015,PHASE3,drug,2,381.0,INDUSTRY,COMPLETED,RANDOMIZED,True,TRIPLE,3.0,True,True,PARALLEL,True,placebo/sham,True,381.0,321.0,0.15748031496062997,True,True,True,False,True,False,2,True,,False,False
NCT00245557,2004.0,<=2015,NA,drug,2,43.0,OTHER,COMPLETED,NON_RANDOMIZED,False,NONE,0.0,False,False,PARALLEL,True,no-intervention,True,43.0,21.0,0.5116279069767442,False,False,True,False,True,False,1,True,,False,False
NCT02661789,2011.0,<=2015,NA,drug,2,63.0,OTHER,COMPLETED,RANDOMIZED,True,QUADRUPLE,4.0,True,True,PARALLEL,True,placebo/sham,True,,,,,False,False,False,False,False,2,True,YES,True,True
NCT00005015,,,PHASE3,drug,0,,NIH,TERMINATED,,False,DOUBLE,2.0,True,True,,,none/single-group,False,,,,,True,True,False,False,False,0,False,,False,
NCT01020799,2009.0,<=2015,PHASE2,drug,3,247.0,INDUSTRY,COMPLETED,RANDOMIZED,True,QUADRUPLE,4.0,True,True,PARALLEL,True,placebo/sham,True,247.0,207.0,0.16194331983805665,True,False,True,True,True,False,0,False,,False,False
NCT00361218,2005.0,<=2015,PHASE3,drug,1,72.0,OTHER,COMPLETED,NA,False,NONE,0.0,False,False,SINGLE_GROUP,False,none/single-group,False,53.0,30.0,0.4339622641509434,False,True,True,False,True,False,0,False,,False,True
NCT04981561,2016.0,2016-2020,PHASE1,drug,10,68.0,INDUSTRY,COMPLETED,RANDOMIZED,True,TRIPLE,3.0,True,True,PARALLEL,True,placebo/sham,True,,,,,False,True,True,False,False,0,False,,False,False
NCT00985504,2009.0,<=2015,PHASE4,drug,2,483.0,INDUSTRY,COMPLETED,RANDOMIZED,True,TRIPLE,3.0,True,True,PARALLEL,True,active,True,483.0,456.0,0.05590062111801242,True,True,True,False,True,False,0,False,,False,False
NCT00128505,2005.0,<=2015,PHASE3,drug,1,104.0,INDUSTRY,COMPLETED,NA,False,NONE,0.0,False,False,SINGLE_GROUP,True,none/single-group,False,,,,,True,True,False,False,False,0,False,,False,False
NCT07544966,2026.0,2021-2026,PHASE4,drug,2,50.0,OTHER,NOT_YET_RECRUITING,RANDOMIZED,True,DOUBLE,2.0,True,True,CROSSOVER,False,placebo/sham,True,,,,,True,False,False,False,False,0,False,NO,False,False
NCT01874951,2013.0,<=2015,PHASE2,drug,2,12.0,OTHER,COMPLETED,RANDOMIZED,True,QUADRUPLE,4.0,True,True,PARALLEL,False,placebo/sham,True,12.0,12.0,0.0,True,False,True,False,True,True,0,False,NO,False,False
NCT05320107,2022.0,2021-2026,PHASE1,drug,2,60.0,OTHER,UNKNOWN,RANDOMIZED,True,SINGLE,1.0,True,False,CROSSOVER,True,none/single-group,False,,,,,False,False,False,False,False,1,True,,False,False
NCT00566735,2004.0,<=2015,PHASE3,drug,2,39.0,OTHER,COMPLETED,RANDOMIZED,True,TRIPLE,3.0,True,True,PARALLEL,False,placebo/sham,True,39.0,30.0,0.23076923076923073,False,True,True,False,True,False,0,False,,False,False
NCT06668571,2025.0,2021-2026,PHASE2,drug,2,30.0,OTHER,RECRUITING,RANDOMIZED,True,TRIPLE,3.0,True,True,PARALLEL,False,placebo/sham,True,,,,,False,True,False,False,False,0,False,YES,True,False
NCT01185977,2010.0,<=2015,PHASE4,drug,2,26.0,OTHER,COMPLETED,RANDOMIZED,True,DOUBLE,2.0,True,True,PARALLEL,False,placebo/sham,True,,,,,True,True,False,False,False,0,False,,False,False
NCT05915013,2023.0,2021-2026,PHASE1,drug,2,50.0,OTHER,RECRUITING,RANDOMIZED,True,DOUBLE,2.0,True,True,CROSSOVER,True,placebo/sham,True,,,,,False,False,False,False,False,0,False,NO,False,False
NCT06223880,2023.0,2021-2026,PHASE4,drug,2,350.0,INDUSTRY,RECRUITING,RANDOMIZED,True,TRIPLE,3.0,True,True,PARALLEL,True,active,True,,,,,True,True,False,False,False,0,False,NO,False,False
NCT05839509,2023.0,2021-2026,PHASE2,drug,1,6.0,INDUSTRY,TERMINATED,NA,False,NONE,0.0,False,False,SINGLE_GROUP,False,none/single-group,False,,,,,False,True,False,False,False,0,False,NO,False,False
NCT05809609,2022.0,2021-2026,NA,drug,2,60.0,OTHER,UNKNOWN,RANDOMIZED,True,DOUBLE,2.0,True,True,PARALLEL,True,placebo/sham,True,,,,,False,False,False,False,False,0,False,,False,
NCT01072929,2010.0,<=2015,PHASE3,drug,3,433.0,INDUSTRY,COMPLETED,RANDOMIZED,True,QUADRUPLE,4.0,True,True,PARALLEL,True,placebo/sham,True,433.0,329.0,0.24018475750577373,False,True,True,True,True,True,0,False,,False,True
NCT00183677,2003.0,<=2015,PHASE4,drug,1,97.0,OTHER,COMPLETED,NA,False,NONE,0.0,False,False,SINGLE_GROUP,False,none/single-group,False,97.0,53.0,0.45360824742268047,False,True,True,False,True,False,0,False,,False,True
NCT05257902,2022.0,2021-2026,NA,drug,2,120.0,OTHER,UNKNOWN,RANDOMIZED,True,DOUBLE,2.0,True,True,PARALLEL,True,placebo/sham,True,,,,,False,True,False,False,False,0,False,,False,False
NCT05850689,2023.0,2021-2026,PHASE3,drug,2,470.0,INDUSTRY,RECRUITING,RANDOMIZED,True,TRIPLE,3.0,True,True,PARALLEL,True,placebo/sham,True,,,,,True,True,False,False,False,0,False,NO,False,False
NCT06228391,2024.0,2021-2026,PHASE2,drug,2,40.0,FED,NOT_YET_RECRUITING,RANDOMIZED,True,QUADRUPLE,4.0,True,True,PARALLEL,False,active,True,,,,,False,True,False,False,False,0,False,UNDECIDED,False,True
NCT05212389,2021.0,2021-2026,NA,drug,2,40.0,OTHER,UNKNOWN,RANDOMIZED,True,SINGLE,1.0,True,False,PARALLEL,True,placebo/sham,True,,,,,False,False,False,False,False,0,False,YES,True,True
NCT02212613,2014.0,<=2015,PHASE3,drug,1,0.0,INDUSTRY,WITHDRAWN,NA,False,SINGLE,1.0,True,False,SINGLE_GROUP,False,none/single-group,False,,,,,True,True,False,False,False,0,False,,False,False
NCT01878292,2013.0,<=2015,PHASE3,drug,3,529.0,INDUSTRY,COMPLETED,RANDOMIZED,True,QUADRUPLE,4.0,True,True,PARALLEL,True,placebo/sham,True,529.0,526.0,0.005671077504725952,True,True,True,True,True,False,1,True,,False,False
NCT00186498,2004.0,<=2015,NA,drug,2,11.0,OTHER,COMPLETED,RANDOMIZED,True,TRIPLE,3.0,True,True,PARALLEL,False,placebo/sham,True,11.0,7.0,0.36363636363636365,False,False,False,False,True,False,0,False,NO,False,False
NCT06796868,2022.0,2021-2026,PHASE2,drug,4,280.0,INDUSTRY,COMPLETED,RANDOMIZED,True,QUADRUPLE,4.0,True,True,PARALLEL,True,placebo/sham,True,,,,,False,True,True,False,False,1,True,,False,False
NCT05571878,2021.0,2021-2026,NA,drug,1,24.0,OTHER,COMPLETED,NA,False,NONE,0.0,False,False,SEQUENTIAL,False,none/single-group,False,,,,,False,False,False,False,False,0,False,NO,False,False
NCT00855530,2005.0,<=2015,PHASE3,drug,1,527.0,INDUSTRY,COMPLETED,NON_RANDOMIZED,False,NONE,0.0,False,False,SINGLE_GROUP,True,none/single-group,False,,,,,True,True,False,False,False,0,False,,False,False
NCT00824044,2008.0,<=2015,PHASE4,drug,2,39.0,OTHER,COMPLETED,RANDOMIZED,True,SINGLE,1.0,True,False,PARALLEL,False,active,True,39.0,24.0,0.3846153846153846,False,True,False,False,True,False,0,False,,False,False
NCT02378714,2015.0,<=2015,PHASE4,drug,4,300.0,OTHER,COMPLETED,RANDOMIZED,True,QUADRUPLE,4.0,True,True,PARALLEL,True,placebo/sham,True,300.0,170.0,0.43333333333333335,False,True,True,True,True,False,4,True,,False,True
NCT03193398,2017.0,2016-2020,PHASE2,drug,2,104.0,INDUSTRY,COMPLETED,RANDOMIZED,True,QUADRUPLE,4.0,True,True,PARALLEL,True,placebo/sham,True,104.0,73.0,0.29807692307692313,False,False,True,False,True,False,0,False,NO,False,False
NCT07503002,2026.0,2021-2026,PHASE1,drug,1,10.0,OTHER,NOT_YET_RECRUITING,NA,False,NONE,0.0,False,False,SINGLE_GROUP,False,none/single-group,False,,,,,False,True,False,False,False,0,False,NO,False,
NCT00933439,2005.0,<=2015,NA,drug,1,30.0,OTHER,COMPLETED,NA,False,NONE,0.0,False,False,SINGLE_GROUP,True,none/single-group,False,,,,,False,True,False,False,False,1,True,,False,False
NCT05605002,2022.0,2021-2026,NA,both,3,90.0,OTHER,UNKNOWN,RANDOMIZED,True,DOUBLE,2.0,True,True,PARALLEL,True,placebo/sham,True,,,,,False,True,True,False,False,0,False,,False,
NCT00101452,2005.0,<=2015,NA,drug,3,199.0,OTHER,COMPLETED,RANDOMIZED,True,TRIPLE,3.0,True,True,PARALLEL,True,placebo/sham,True,199.0,69.0,0.6532663316582914,False,False,True,True,True,True,2,True,UNDECIDED,False,True
NCT07521358,2025.0,2021-2026,NA,drug,2,40.0,OTHER,COMPLETED,RANDOMIZED,True,SINGLE,1.0,True,False,PARALLEL,True,active,True,,,,,False,True,False,False,False,0,False,NO,False,False
NCT01066897,2010.0,<=2015,PHASE4,drug,2,16.0,OTHER,TERMINATED,NA,False,NONE,0.0,False,False,SINGLE_GROUP,False,no-intervention,True,16.0,14.0,0.125,True,True,True,False,True,False,0,False,,False,False
NCT03156504,2017.0,2016-2020,PHASE4,drug,1,75.0,OTHER,COMPLETED,NA,False,NONE,0.0,False,False,SINGLE_GROUP,False,none/single-group,False,75.0,74.0,0.013333333333333308,True,True,False,False,True,False,2,True,NO,False,False
NCT02356107,2015.0,<=2015,PHASE4,drug,1,15.0,OTHER,COMPLETED,NA,False,NONE,0.0,False,False,SINGLE_GROUP,False,none/single-group,False,15.0,12.0,0.19999999999999996,True,True,True,False,True,False,0,False,,False,False
NCT07593222,2026.0,2021-2026,PHASE1;PHASE2,both,4,100.0,OTHER,NOT_YET_RECRUITING,RANDOMIZED,True,QUADRUPLE,4.0,True,True,CROSSOVER,True,placebo/sham,True,,,,,False,True,True,False,False,0,False,YES,True,False
NCT01814098,2009.0,<=2015,PHASE4,drug,1,318.0,INDUSTRY,COMPLETED,NA,False,NONE,0.0,False,False,SINGLE_GROUP,True,none/single-group,False,,,,,True,True,False,False,False,0,False,,False,False
NCT04078438,2014.0,<=2015,NA,both,3,70.0,OTHER,TERMINATED,NON_RANDOMIZED,False,NONE,0.0,False,False,PARALLEL,True,active,True,,,,,False,False,True,False,False,1,True,,False,False
NCT02067793,2014.0,<=2015,PHASE2,drug,4,151.0,INDUSTRY,COMPLETED,RANDOMIZED,True,QUADRUPLE,4.0,True,True,PARALLEL,True,placebo/sham,True,,,,,False,True,True,False,False,0,False,,False,False
NCT00536471,2007.0,<=2015,PHASE4,drug,2,776.0,INDUSTRY,COMPLETED,RANDOMIZED,True,QUADRUPLE,4.0,True,True,PARALLEL,True,placebo/sham,True,776.0,323.0,0.5837628865979381,False,True,True,False,True,False,2,True,,False,False
NCT05450432,2022.0,2021-2026,PHASE4,drug,1,100.0,OTHER,RECRUITING,NA,False,NONE,0.0,False,False,SINGLE_GROUP,True,none/single-group,False,,,,,True,True,False,False,False,0,False,NO,False,True
NCT05439603,2022.0,2021-2026,PHASE2,drug,1,15.0,INDUSTRY,COMPLETED,NA,False,NONE,0.0,False,False,SINGLE_GROUP,False,none/single-group,False,15.0,13.0,0.1333333333333333,True,False,True,False,True,False,0,False,,False,False
NCT00562367,2001.0,<=2015,NA,drug,0,30.0,OTHER,COMPLETED,NON_RANDOMIZED,False,NONE,0.0,False,False,SINGLE_GROUP,True,none/single-group,False,,,,,False,False,False,False,True,1,True,,False,False
NCT00411242,2006.0,<=2015,PHASE3,drug,3,503.0,INDUSTRY,COMPLETED,RANDOMIZED,True,QUADRUPLE,4.0,True,True,PARALLEL,True,placebo/sham,True,,,,,True,True,True,False,False,1,True,,False,
NCT04975724,2019.0,2016-2020,PHASE4,drug,2,150.0,INDUSTRY,UNKNOWN,RANDOMIZED,True,QUADRUPLE,4.0,True,True,PARALLEL,True,none/single-group,False,,,,,True,True,False,False,False,0,False,,False,False
NCT00262665,2005.0,<=2015,PHASE2,drug,2,0.0,OTHER,WITHDRAWN,RANDOMIZED,True,TRIPLE,3.0,True,True,PARALLEL,False,placebo/sham,True,,,,,False,True,False,False,False,0,False,,False,True
NCT04634669,2020.0,2016-2020,PHASE2,drug,1,181.0,INDUSTRY,TERMINATED,NA,False,NONE,0.0,False,False,SINGLE_GROUP,True,none/single-group,False,181.0,11.0,0.9392265193370166,False,False,True,False,True,False,0,False,NO,False,False
NCT03937596,2019.0,2016-2020,PHASE2,both,2,50.0,OTHER,COMPLETED,RANDOMIZED,True,QUADRUPLE,4.0,True,True,PARALLEL,True,placebo/sham,True,,,,,False,True,False,False,False,1,True,NO,False,False
NCT04210973,2020.0,2016-2020,PHASE3,drug,2,266.0,OTHER,UNKNOWN,RANDOMIZED,True,QUADRUPLE,4.0,True,True,PARALLEL,True,placebo/sham,True,,,,,True,True,False,False,False,1,True,NO,False,True
NCT07623135,2026.0,2021-2026,PHASE3,drug,2,100.0,OTHER,NOT_YET_RECRUITING,RANDOMIZED,True,QUADRUPLE,4.0,True,True,PARALLEL,True,placebo/sham,True,,,,,True,True,False,False,False,0,False,YES,True,False
NCT02051413,2014.0,<=2015,PHASE4,drug,1,67.0,OTHER_GOV,COMPLETED,NA,False,NONE,0.0,False,False,SINGLE_GROUP,False,none/single-group,False,,,,,True,True,False,False,True,0,False,,False,False
NCT04951609,2021.0,2021-2026,PHASE1,drug,2,31.0,INDUSTRY,TERMINATED,RANDOMIZED,True,DOUBLE,2.0,True,True,PARALLEL,True,placebo/sham,True,,,,,False,True,False,False,False,0,False,YES,True,False
NCT00384033,2006.0,<=2015,PHASE3,drug,4,638.0,INDUSTRY,COMPLETED,RANDOMIZED,True,QUADRUPLE,4.0,True,True,PARALLEL,True,placebo/sham,True,638.0,479.0,0.2492163009404389,False,True,True,True,True,False,7,True,,False,
NCT02544607,2016.0,2016-2020,PHASE4,drug,1,25.0,OTHER,COMPLETED,NA,False,NONE,0.0,False,False,SINGLE_GROUP,False,none/single-group,False,16.0,16.0,0.0,True,True,False,False,True,False,0,False,NO,False,True
NCT00672659,2008.0,<=2015,PHASE2,drug,2,165.0,INDUSTRY,COMPLETED,RANDOMIZED,True,QUADRUPLE,4.0,True,True,PARALLEL,True,placebo/sham,True,,,,,False,True,False,False,True,0,False,,False,True
NCT00620789,2008.0,<=2015,NA,drug,3,477.0,OTHER,UNKNOWN,RANDOMIZED,True,TRIPLE,3.0,True,True,PARALLEL,True,placebo/sham,True,,,,,False,True,True,False,False,0,False,,False,False
NCT03423680,2018.0,2016-2020,PHASE3,drug,2,390.0,INDUSTRY,RECRUITING,RANDOMIZED,True,DOUBLE,2.0,True,True,PARALLEL,True,placebo/sham,True,,,,,True,True,False,False,False,0,False,NO,False,False
NCT01742832,2013.0,<=2015,PHASE2,drug,2,79.0,OTHER,COMPLETED,RANDOMIZED,True,TRIPLE,3.0,True,True,CROSSOVER,True,placebo/sham,True,48.0,42.0,0.125,True,False,True,False,True,False,1,True,,False,True
NCT00977353,2009.0,<=2015,PHASE2,drug,2,40.0,OTHER,COMPLETED,RANDOMIZED,True,TRIPLE,3.0,True,True,PARALLEL,False,active,True,,,,,False,True,False,False,False,2,True,,False,True
NCT07485595,2026.0,2021-2026,PHASE2;PHASE3,drug,3,180.0,INDUSTRY,NOT_YET_RECRUITING,RANDOMIZED,True,QUADRUPLE,4.0,True,True,PARALLEL,True,placebo/sham,True,,,,,True,True,True,False,False,0,False,NO,False,
NCT07621237,2026.0,2021-2026,PHASE2,drug,2,360.0,INDUSTRY,RECRUITING,RANDOMIZED,True,QUADRUPLE,4.0,True,True,PARALLEL,True,placebo/sham,True,,,,,False,True,False,False,False,0,False,,False,
NCT00125957,2005.0,<=2015,PHASE3,drug,2,32.0,OTHER,COMPLETED,RANDOMIZED,True,TRIPLE,3.0,True,True,CROSSOVER,False,none/single-group,False,32.0,32.0,0.0,True,True,True,False,True,False,0,False,,False,False
NCT01056289,2010.0,<=2015,PHASE4,drug,3,480.0,INDUSTRY,COMPLETED,RANDOMIZED,True,QUADRUPLE,4.0,True,True,PARALLEL,True,placebo/sham,True,480.0,361.0,0.24791666666666667,False,True,True,True,True,False,1,True,,False,False
NCT01856127,2013.0,<=2015,PHASE4,drug,2,4.0,OTHER,TERMINATED,RANDOMIZED,True,TRIPLE,3.0,True,True,PARALLEL,False,active,True,,,,,True,True,False,False,False,0,False,NO,False,False
NCT06058013,2023.0,2021-2026,PHASE3,drug,2,430.0,INDUSTRY,COMPLETED,RANDOMIZED,True,QUADRUPLE,4.0,True,True,PARALLEL,True,placebo/sham,True,,,,,True,True,False,False,False,0,False,NO,False,True
NCT06026917,2023.0,2021-2026,PHASE4,drug,1,15.0,OTHER,UNKNOWN,NA,False,NONE,0.0,False,False,SINGLE_GROUP,False,none/single-group,False,,,,,True,True,False,False,False,0,False,NO,False,False
NCT05145270,2019.0,2016-2020,PHASE4,both,3,180.0,OTHER,UNKNOWN,RANDOMIZED,True,SINGLE,1.0,True,False,PARALLEL,True,active,True,,,,,True,True,True,False,False,0,False,UNDECIDED,False,True
NCT03101527,2011.0,<=2015,EARLY_PHASE1,drug,1,3.0,OTHER,TERMINATED,NA,False,NONE,0.0,False,False,SINGLE_GROUP,False,none/single-group,False,,,,,False,True,False,False,False,0,False,NO,False,False
NCT00242229,2004.0,<=2015,NA,drug,0,52.0,INDUSTRY,COMPLETED,RANDOMIZED,True,NONE,0.0,False,False,SINGLE_GROUP,True,none/single-group,False,,,,,False,False,False,False,False,0,False,,False,
NCT04977674,2021.0,2021-2026,EARLY_PHASE1,drug,2,27.0,OTHER,COMPLETED,RANDOMIZED,True,QUADRUPLE,4.0,True,True,CROSSOVER,False,none/single-group,False,,,,,False,False,False,False,False,1,True,NO,False,False
NCT04847245,2021.0,2021-2026,NA,drug,4,80.0,OTHER,UNKNOWN,RANDOMIZED,True,SINGLE,1.0,True,False,PARALLEL,True,active,True,,,,,False,True,True,False,False,0,False,,False,
NCT07560878,2026.0,2021-2026,EARLY_PHASE1,both,6,80.0,OTHER,RECRUITING,RANDOMIZED,True,TRIPLE,3.0,True,True,CROSSOVER,True,placebo/sham,True,,,,,False,False,True,False,False,0,False,YES,True,True
NCT01625845,2012.0,<=2015,PHASE2,drug,2,36.0,OTHER,COMPLETED,RANDOMIZED,True,TRIPLE,3.0,True,True,PARALLEL,False,placebo/sham,True,16.0,8.0,0.5,False,False,True,False,True,False,0,False,,False,True
NCT00517764,2006.0,<=2015,NA,drug,3,299.0,OTHER,COMPLETED,NON_RANDOMIZED,False,NONE,0.0,False,False,SINGLE_GROUP,True,active,True,,,,,False,True,True,False,False,0,False,,False,False
NCT07390981,2026.0,2021-2026,NA,both,3,114.0,OTHER,NOT_YET_RECRUITING,RANDOMIZED,True,TRIPLE,3.0,True,True,PARALLEL,True,placebo/sham,True,,,,,False,True,True,False,False,0,False,NO,False,True
NCT00429169,2004.0,<=2015,PHASE4,drug,2,101.0,OTHER,TERMINATED,RANDOMIZED,True,QUADRUPLE,4.0,True,True,PARALLEL,True,active,True,78.0,74.0,0.05128205128205132,True,True,True,False,True,True,1,True,,False,False
NCT01098318,2010.0,<=2015,PHASE3,drug,3,58.0,OTHER,COMPLETED,RANDOMIZED,True,TRIPLE,3.0,True,True,PARALLEL,False,placebo/sham,True,57.0,44.0,0.22807017543859653,False,True,True,True,True,False,1,True,,False,True
NCT05480150,2021.0,2021-2026,NA,drug,3,10000.0,OTHER,RECRUITING,NON_RANDOMIZED,False,NONE,0.0,False,False,PARALLEL,True,no-intervention,True,,,,,False,True,True,False,False,1,True,NO,False,True
NCT01409096,2010.0,<=2015,PHASE4,drug,2,80.0,OTHER,COMPLETED,RANDOMIZED,True,TRIPLE,3.0,True,True,PARALLEL,False,placebo/sham,True,80.0,73.0,0.08750000000000002,True,True,True,False,True,False,0,False,UNDECIDED,False,True
NCT04364997,2020.0,2016-2020,PHASE3,drug,2,420.0,INDUSTRY,COMPLETED,RANDOMIZED,True,QUADRUPLE,4.0,True,True,PARALLEL,True,active,True,,,,,True,True,False,False,False,0,False,,False,
NCT07422519,2025.0,2021-2026,NA,drug,2,30.0,OTHER,RECRUITING,RANDOMIZED,True,NONE,0.0,False,False,PARALLEL,True,none/single-group,False,,,,,False,True,False,False,False,0,False,NO,False,
NCT04088448,2017.0,2016-2020,PHASE1;PHASE2,drug,2,80.0,OTHER,COMPLETED,RANDOMIZED,True,DOUBLE,2.0,True,True,PARALLEL,True,placebo/sham,True,,,,,False,True,False,False,False,1,True,YES,True,True
NCT04528628,2020.0,2016-2020,NA,drug,4,960.0,OTHER,UNKNOWN,RANDOMIZED,True,SINGLE,1.0,True,False,PARALLEL,True,none/single-group,False,,,,,False,True,True,False,False,0,False,UNDECIDED,False,False
NCT02943577,2016.0,2016-2020,PHASE3,drug,2,429.0,INDUSTRY,COMPLETED,RANDOMIZED,True,QUADRUPLE,4.0,True,True,PARALLEL,True,placebo/sham,True,415.0,405.0,0.02409638554216864,True,True,True,False,True,False,0,False,,False,True
NCT01526395,2011.0,<=2015,NA,drug,2,99.0,OTHER,COMPLETED,NON_RANDOMIZED,False,NONE,0.0,False,False,PARALLEL,True,active,True,,,,,False,False,False,False,False,0,False,,False,False
NCT03396068,2019.0,2016-2020,PHASE3,drug,2,72.0,INDUSTRY,UNKNOWN,RANDOMIZED,True,QUADRUPLE,4.0,True,True,PARALLEL,False,active,True,,,,,True,True,False,False,False,0,False,NO,False,True
NCT03511599,2018.0,2016-2020,PHASE1,both,2,12.0,OTHER,COMPLETED,RANDOMIZED,True,QUADRUPLE,4.0,True,True,CROSSOVER,False,active,True,,,,,False,False,False,False,False,0,False,YES,True,False
NCT07566104,2027.0,2021-2026,PHASE2,drug,1,30.0,OTHER,NOT_YET_RECRUITING,NA,False,NONE,0.0,False,False,SINGLE_GROUP,False,none/single-group,False,,,,,False,True,False,False,False,0,False,NO,False,False
NCT05594667,2023.0,2021-2026,PHASE2,drug,1,0.0,INDUSTRY,WITHDRAWN,NA,False,NONE,0.0,False,False,SINGLE_GROUP,False,none/single-group,False,,,,,False,True,False,False,False,0,False,NO,False,False
NCT00109044,2005.0,<=2015,PHASE3,drug,0,540.0,INDUSTRY,COMPLETED,RANDOMIZED,True,DOUBLE,2.0,True,True,PARALLEL,True,none/single-group,False,,,,,True,True,False,False,False,0,False,,False,
NCT01386086,2011.0,<=2015,PHASE3,drug,1,10.0,OTHER,COMPLETED,NA,False,NONE,0.0,False,False,SINGLE_GROUP,False,none/single-group,False,,,,,True,True,False,False,False,0,False,,False,False
NCT02942004,2016.0,2016-2020,PHASE3,drug,3,138.0,INDUSTRY,COMPLETED,RANDOMIZED,True,QUADRUPLE,4.0,True,True,PARALLEL,True,placebo/sham,True,138.0,113.0,0.1811594202898551,True,True,True,True,True,False,2,True,NO,False,False
NCT00596817,2007.0,<=2015,PHASE3,drug,2,639.0,INDUSTRY,COMPLETED,RANDOMIZED,True,DOUBLE,2.0,True,True,PARALLEL,True,placebo/sham,True,639.0,492.0,0.2300469483568075,False,True,True,False,True,True,2,True,,False,False
NCT01435759,2011.0,<=2015,PHASE2,drug,5,1197.0,INDUSTRY,COMPLETED,RANDOMIZED,True,QUADRUPLE,4.0,True,True,PARALLEL,True,placebo/sham,True,1197.0,855.0,0.2857142857142857,False,False,True,True,True,True,0,False,,False,
NCT02049385,2014.0,<=2015,PHASE1;PHASE2,drug,2,10.0,NIH,TERMINATED,RANDOMIZED,True,TRIPLE,3.0,True,True,CROSSOVER,False,none/single-group,False,6.0,3.0,0.5,False,False,True,False,True,False,0,False,,False,True
NCT01436162,2011.0,<=2015,PHASE3,drug,2,1105.0,INDUSTRY,COMPLETED,RANDOMIZED,True,QUADRUPLE,4.0,True,True,PARALLEL,True,placebo/sham,True,1105.0,823.0,0.25520361990950224,False,True,True,False,True,True,0,False,,False,
NCT04521478,2020.0,2016-2020,PHASE2,drug,6,389.0,INDUSTRY,COMPLETED,RANDOMIZED,True,DOUBLE,2.0,True,True,PARALLEL,True,placebo/sham,True,389.0,340.0,0.12596401028277637,True,False,True,True,True,False,1,True,YES,True,True
NCT05531591,2019.0,2016-2020,PHASE4,drug,5,87.0,OTHER,COMPLETED,RANDOMIZED,True,SINGLE,1.0,True,False,PARALLEL,False,none/single-group,False,,,,,True,True,True,False,False,0,False,YES,True,True
NCT05136365,2021.0,2021-2026,PHASE2,drug,1,30.0,OTHER,COMPLETED,NA,False,NONE,0.0,False,False,SINGLE_GROUP,False,none/single-group,False,,,,,False,True,False,False,False,0,False,NO,False,True
NCT01557712,2012.0,<=2015,PHASE3,drug,2,25.0,OTHER,COMPLETED,RANDOMIZED,True,TRIPLE,3.0,True,True,SINGLE_GROUP,False,active,True,,,,,True,True,False,False,False,0,False,,False,True
NCT01701258,2013.0,<=2015,PHASE1,drug,8,153.0,OTHER,COMPLETED,RANDOMIZED,True,TRIPLE,3.0,True,True,PARALLEL,True,placebo/sham,True,153.0,70.0,0.542483660130719,False,False,False,True,True,True,1,True,NO,False,False
NCT03062150,2016.0,2016-2020,NA,drug,4,232.0,OTHER,COMPLETED,RANDOMIZED,True,QUADRUPLE,4.0,True,True,PARALLEL,True,placebo/sham,True,,,,,False,False,True,False,False,1,True,NO,False,True
NCT00432614,2007.0,<=2015,PHASE3,drug,3,510.0,INDUSTRY,COMPLETED,RANDOMIZED,True,DOUBLE,2.0,True,True,PARALLEL,True,placebo/sham,True,,,,,True,True,True,False,False,0,False,,False,
NCT02436239,2015.0,<=2015,PHASE3,drug,1,330.0,INDUSTRY,COMPLETED,NA,False,NONE,0.0,False,False,SINGLE_GROUP,True,none/single-group,False,330.0,231.0,0.30000000000000004,False,True,True,False,True,False,0,False,,False,False
NCT02372799,2015.0,<=2015,PHASE3,drug,3,473.0,INDUSTRY,COMPLETED,RANDOMIZED,True,QUADRUPLE,4.0,True,True,PARALLEL,True,placebo/sham,True,470.0,389.0,0.17234042553191486,True,True,True,True,True,False,0,False,,False,True
NCT07263022,2026.0,2021-2026,PHASE3,drug,6,24.0,OTHER,NOT_YET_RECRUITING,RANDOMIZED,True,TRIPLE,3.0,True,True,CROSSOVER,False,none/single-group,False,,,,,True,False,True,False,False,0,False,YES,True,True
NCT03131050,2017.0,2016-2020,PHASE4,drug,3,66.0,OTHER,COMPLETED,RANDOMIZED,True,QUADRUPLE,4.0,True,True,PARALLEL,False,placebo/sham,True,,,,,True,True,True,False,True,2,True,NO,False,True
NCT04220996,2019.0,2016-2020,PHASE4,drug,1,100.0,INDUSTRY,COMPLETED,NA,False,NONE,0.0,False,False,SINGLE_GROUP,True,none/single-group,False,,,,,True,True,False,False,False,1,True,UNDECIDED,False,
NCT01123707,2010.0,<=2015,PHASE3,drug,4,173.0,INDUSTRY,TERMINATED,NON_RANDOMIZED,False,NONE,0.0,False,False,PARALLEL,True,none/single-group,False,173.0,0.0,1.0,False,True,True,True,True,False,0,False,YES,True,True
NCT00319709,2006.0,<=2015,PHASE3,drug,0,288.0,INDUSTRY,COMPLETED,RANDOMIZED,True,DOUBLE,2.0,True,True,PARALLEL,True,none/single-group,False,,,,,True,True,False,False,False,0,False,,False,
NCT02752724,2016.0,2016-2020,NA,drug,2,52.0,FED,COMPLETED,RANDOMIZED,True,DOUBLE,2.0,True,True,PARALLEL,True,active,True,,,,,False,True,False,False,False,0,False,NO,False,True
NCT02600507,2016.0,2016-2020,PHASE3,drug,3,529.0,INDUSTRY,COMPLETED,RANDOMIZED,True,QUADRUPLE,4.0,True,True,PARALLEL,True,placebo/sham,True,528.0,430.0,0.18560606060606055,True,True,True,True,True,False,2,True,,False,False
NCT00566202,2007.0,<=2015,PHASE2,drug,3,67.0,INDUSTRY,COMPLETED,RANDOMIZED,True,TRIPLE,3.0,True,True,PARALLEL,True,placebo/sham,True,,,,,False,True,True,False,False,0,False,,False,
NCT07216404,2026.0,2021-2026,PHASE2,both,1,10.0,OTHER,RECRUITING,NA,False,NONE,0.0,False,False,SINGLE_GROUP,False,none/single-group,False,,,,,False,False,False,False,False,0,False,,False,True
NCT06749470,2024.0,2021-2026,PHASE4,drug,2,480.0,OTHER,NOT_YET_RECRUITING,RANDOMIZED,True,QUADRUPLE,4.0,True,True,PARALLEL,True,placebo/sham,True,,,,,True,True,False,False,False,0,False,NO,False,True
NCT07203144,2025.0,2021-2026,PHASE2,drug,2,172.0,OTHER,NOT_YET_RECRUITING,RANDOMIZED,True,QUADRUPLE,4.0,True,True,PARALLEL,True,placebo/sham,True,,,,,False,True,False,False,True,0,False,,False,False
NCT07458022,2025.0,2021-2026,PHASE2,drug,2,50.0,OTHER,ACTIVE_NOT_RECRUITING,RANDOMIZED,True,NONE,0.0,False,False,PARALLEL,True,placebo/sham,True,,,,,False,True,False,False,False,0,False,NO,False,True
NCT04598607,2020.0,2016-2020,PHASE1,drug,6,36.0,INDUSTRY,COMPLETED,RANDOMIZED,True,QUADRUPLE,4.0,True,True,SEQUENTIAL,True,placebo/sham,True,,,,,False,True,True,False,False,0,False,,False,False
NCT06402955,2024.0,2021-2026,PHASE2,drug,1,120.0,OTHER,RECRUITING,NA,False,NONE,0.0,False,False,SINGLE_GROUP,True,none/single-group,False,,,,,False,True,False,False,False,0,False,UNDECIDED,False,True
NCT06254612,2024.0,2021-2026,PHASE2,drug,2,456.0,INDUSTRY,ACTIVE_NOT_RECRUITING,RANDOMIZED,True,QUADRUPLE,4.0,True,True,PARALLEL,True,placebo/sham,True,,,,,False,True,False,False,False,1,True,NO,False,False
NCT00221494,2004.0,<=2015,PHASE4,drug,0,0.0,OTHER,WITHDRAWN,RANDOMIZED,True,DOUBLE,2.0,True,True,SINGLE_GROUP,False,none/single-group,False,,,,,True,True,False,False,False,0,False,,False,True
NCT02600494,2015.0,<=2015,PHASE3,drug,3,554.0,INDUSTRY,COMPLETED,RANDOMIZED,True,QUADRUPLE,4.0,True,True,PARALLEL,True,placebo/sham,True,554.0,377.0,0.3194945848375451,False,True,True,True,True,False,1,True,,False,False
NCT01750359,2010.0,<=2015,PHASE4,drug,2,40.0,OTHER_GOV,COMPLETED,RANDOMIZED,True,DOUBLE,2.0,True,True,SINGLE_GROUP,False,placebo/sham,True,,,,,True,True,False,False,False,0,False,,False,True
NCT04533529,2020.0,2016-2020,PHASE3,drug,2,588.0,INDUSTRY,COMPLETED,RANDOMIZED,True,DOUBLE,2.0,True,True,PARALLEL,True,placebo/sham,True,588.0,540.0,0.08163265306122447,True,True,True,False,True,False,0,False,YES,True,True
NCT01255787,2010.0,<=2015,PHASE2;PHASE3,drug,4,600.0,INDUSTRY,COMPLETED,RANDOMIZED,True,QUADRUPLE,4.0,True,True,PARALLEL,True,none/single-group,False,600.0,527.0,0.1216666666666667,True,True,True,True,True,False,2,True,,False,False
NCT04846829,2017.0,2016-2020,EARLY_PHASE1,both,4,30.0,OTHER,ACTIVE_NOT_RECRUITING,RANDOMIZED,True,DOUBLE,2.0,True,True,FACTORIAL,True,placebo/sham,True,,,,,False,True,True,False,False,0,False,,False,False
NCT00556140,2003.0,<=2015,PHASE3,drug,1,16.0,OTHER,COMPLETED,NA,False,NONE,0.0,False,False,SINGLE_GROUP,False,none/single-group,False,16.0,13.0,0.1875,True,True,True,False,True,False,1,True,,False,False
NCT05553691,2022.0,2021-2026,PHASE1,drug,2,18.0,INDUSTRY,COMPLETED,NON_RANDOMIZED,False,NONE,0.0,False,False,PARALLEL,False,none/single-group,False,,,,,False,True,False,False,False,1,True,NO,False,False
NCT04121091,2019.0,2016-2020,PHASE2,drug,1,13.0,OTHER,COMPLETED,NA,False,NONE,0.0,False,False,SINGLE_GROUP,False,none/single-group,False,12.0,12.0,0.0,True,False,True,False,True,False,0,False,NO,False,
NCT00590863,2008.0,<=2015,PHASE4,drug,3,665.0,NIH,COMPLETED,RANDOMIZED,True,SINGLE,1.0,True,False,PARALLEL,True,active,True,665.0,421.0,0.36691729323308275,False,True,True,True,True,True,19,True,,False,True
NCT00027378,2001.0,<=2015,PHASE2,drug,2,50.0,OTHER,COMPLETED,RANDOMIZED,True,TRIPLE,3.0,True,True,PARALLEL,True,placebo/sham,True,50.0,47.0,0.06000000000000005,True,False,True,False,True,True,0,False,,False,False
NCT07266545,2026.0,2021-2026,PHASE4,drug,1,120.0,OTHER,RECRUITING,NA,False,NONE,0.0,False,False,SINGLE_GROUP,True,none/single-group,False,,,,,True,True,False,False,False,0,False,NO,False,False
NCT01263093,2010.0,<=2015,PHASE1,drug,2,47.0,INDUSTRY,COMPLETED,RANDOMIZED,True,NONE,0.0,False,False,CROSSOVER,True,none/single-group,False,47.0,47.0,0.0,True,False,True,False,True,False,0,False,,False,False
NCT02332291,2015.0,<=2015,PHASE4,drug,2,95.0,OTHER,COMPLETED,RANDOMIZED,True,QUADRUPLE,4.0,True,True,PARALLEL,False,placebo/sham,True,95.0,82.0,0.13684210526315788,True,True,False,False,True,False,1,True,,False,False
NCT01263223,2010.0,<=2015,PHASE1,drug,2,24.0,INDUSTRY,COMPLETED,RANDOMIZED,True,DOUBLE,2.0,True,True,CROSSOVER,False,none/single-group,False,24.0,24.0,0.0,True,False,True,False,True,False,0,False,,False,False
NCT01244724,2007.0,<=2015,PHASE4,drug,1,26.0,OTHER,TERMINATED,NA,False,NONE,0.0,False,False,SINGLE_GROUP,False,none/single-group,False,17.0,9.0,0.47058823529411764,False,True,True,False,True,False,0,False,,False,False
NCT05465226,2023.0,2021-2026,PHASE4,drug,2,31.0,OTHER,COMPLETED,NON_RANDOMIZED,False,NONE,0.0,False,False,PARALLEL,False,active,True,,,,,True,True,False,False,False,0,False,NO,False,False
NCT02015546,2012.0,<=2015,PHASE3,drug,3,70.0,OTHER,COMPLETED,RANDOMIZED,True,DOUBLE,2.0,True,True,PARALLEL,False,none/single-group,False,70.0,61.0,0.12857142857142856,True,True,True,True,True,False,1,True,,False,False
NCT06576440,2024.0,2021-2026,NA,drug,2,24.0,OTHER,COMPLETED,RANDOMIZED,True,TRIPLE,3.0,True,True,CROSSOVER,False,none/single-group,False,,,,,False,False,False,False,False,0,False,YES,True,False
NCT01153009,2010.0,<=2015,PHASE3,drug,4,614.0,INDUSTRY,COMPLETED,RANDOMIZED,True,QUADRUPLE,4.0,True,True,PARALLEL,True,placebo/sham,True,614.0,470.0,0.23452768729641693,False,True,True,True,True,False,3,True,,False,False
NCT02271412,2014.0,<=2015,PHASE1,drug,2,58.0,INDUSTRY,COMPLETED,RANDOMIZED,True,DOUBLE,2.0,True,True,SINGLE_GROUP,True,placebo/sham,True,,,,,False,False,False,False,False,0,False,,False,True
NCT01173601,2010.0,<=2015,PHASE3,drug,3,1416.0,INDUSTRY,COMPLETED,RANDOMIZED,True,QUADRUPLE,4.0,True,True,PARALLEL,True,placebo/sham,True,1416.0,1328.0,0.062146892655367214,True,True,True,True,True,False,2,True,,False,True
NCT04504253,2020.0,2016-2020,PHASE3,drug,2,18.0,OTHER,COMPLETED,RANDOMIZED,True,QUADRUPLE,4.0,True,True,PARALLEL,False,placebo/sham,True,18.0,12.0,0.33333333333333337,False,True,True,False,True,False,0,False,NO,False,False
NCT02209597,2014.0,<=2015,PHASE4,drug,1,74.0,OTHER,COMPLETED,RANDOMIZED,True,DOUBLE,2.0,True,True,SEQUENTIAL,False,none/single-group,False,74.0,71.0,0.04054054054054057,True,True,True,False,True,False,1,True,,False,True
NCT01633437,2010.0,<=2015,PHASE1,drug,2,12.0,INDUSTRY,COMPLETED,RANDOMIZED,True,TRIPLE,3.0,True,True,PARALLEL,False,placebo/sham,True,,,,,False,True,False,False,False,0,False,,False,False
NCT03646058,2021.0,2021-2026,PHASE3,drug,3,180.0,OTHER,RECRUITING,RANDOMIZED,True,DOUBLE,2.0,True,True,PARALLEL,True,placebo/sham,True,,,,,True,True,True,False,False,0,False,NO,False,False
NCT05597241,2022.0,2021-2026,PHASE1,drug,10,40.0,INDUSTRY,COMPLETED,RANDOMIZED,True,QUADRUPLE,4.0,True,True,SEQUENTIAL,True,placebo/sham,True,,,,,False,True,True,False,False,0,False,NO,False,False
NCT03610048,2018.0,2016-2020,PHASE3,drug,1,175.0,INDUSTRY,TERMINATED,NA,False,NONE,0.0,False,False,SINGLE_GROUP,True,none/single-group,False,175.0,14.0,0.92,False,True,True,False,True,False,0,False,UNDECIDED,False,False
NCT02988024,2016.0,2016-2020,PHASE1,drug,2,20.0,INDUSTRY,COMPLETED,RANDOMIZED,True,NONE,0.0,False,False,PARALLEL,False,active,True,,,,,False,True,False,False,False,0,False,,False,False
NCT00683852,2008.0,<=2015,PHASE3,drug,3,225.0,OTHER,COMPLETED,RANDOMIZED,True,QUADRUPLE,4.0,True,True,PARALLEL,True,placebo/sham,True,225.0,221.0,0.01777777777777778,True,True,True,True,True,True,1,True,,False,False
NCT00742573,2008.0,<=2015,PHASE2,drug,2,170.0,OTHER,COMPLETED,RANDOMIZED,True,SINGLE,1.0,True,False,PARALLEL,True,active,True,170.0,51.0,0.7,False,False,True,False,True,False,1,True,NO,False,True
NCT00962598,2006.0,<=2015,PHASE2,drug,2,16.0,OTHER,COMPLETED,RANDOMIZED,True,QUADRUPLE,4.0,True,True,PARALLEL,False,placebo/sham,True,16.0,16.0,0.0,True,False,True,False,True,False,1,True,,False,True
NCT01724112,2012.0,<=2015,PHASE2,drug,2,136.0,INDUSTRY,COMPLETED,RANDOMIZED,True,TRIPLE,3.0,True,True,PARALLEL,True,placebo/sham,True,,,,,False,True,False,False,False,0,False,,False,False
NCT00179062,2000.0,<=2015,NA,drug,2,300.0,OTHER,COMPLETED,RANDOMIZED,True,NONE,0.0,False,False,PARALLEL,True,active,True,,,,,False,True,False,False,False,1,True,,False,False
NCT02480400,2010.0,<=2015,NA,drug,2,52.0,OTHER_GOV,COMPLETED,RANDOMIZED,True,DOUBLE,2.0,True,True,PARALLEL,True,active,True,,,,,False,False,False,False,False,0,False,,False,False
NCT06319378,2024.0,2021-2026,PHASE2,drug,2,100.0,OTHER,RECRUITING,RANDOMIZED,True,QUADRUPLE,4.0,True,True,PARALLEL,True,active,True,,,,,False,True,False,False,False,1,True,NO,False,False
NCT03779789,2019.0,2016-2020,PHASE4,drug,2,362.0,OTHER,COMPLETED,RANDOMIZED,True,SINGLE,1.0,True,False,PARALLEL,True,active,True,,,,,True,True,False,False,True,2,True,UNDECIDED,False,True
NCT04345471,2020.0,2016-2020,PHASE3,drug,3,615.0,INDUSTRY,COMPLETED,RANDOMIZED,True,QUADRUPLE,4.0,True,True,PARALLEL,True,placebo/sham,True,615.0,566.0,0.07967479674796751,True,True,True,True,True,False,0,False,NO,False,False
NCT01737268,2012.0,<=2015,PHASE3,drug,1,20.0,INDUSTRY,COMPLETED,NA,False,NONE,0.0,False,False,SINGLE_GROUP,False,none/single-group,False,20.0,11.0,0.44999999999999996,False,True,True,False,True,False,1,True,NO,False,False
NCT06419608,2024.0,2021-2026,PHASE2,drug,2,336.0,INDUSTRY,COMPLETED,RANDOMIZED,True,QUADRUPLE,4.0,True,True,PARALLEL,True,placebo/sham,True,,,,,False,True,False,False,False,0,False,,False,True
NCT00644982,2002.0,<=2015,PHASE4,drug,2,163.0,INDUSTRY,COMPLETED,RANDOMIZED,True,DOUBLE,2.0,True,True,PARALLEL,True,active,True,,,,,True,True,False,False,False,0,False,,False,False
NCT02916238,2014.0,<=2015,PHASE4,drug,2,140.0,OTHER,COMPLETED,RANDOMIZED,True,NONE,0.0,False,False,PARALLEL,True,active,True,,,,,True,True,False,False,False,0,False,YES,True,True
NCT04855747,2021.0,2021-2026,PHASE3,drug,2,236.0,INDUSTRY,TERMINATED,RANDOMIZED,True,QUADRUPLE,4.0,True,True,PARALLEL,True,placebo/sham,True,236.0,219.0,0.07203389830508478,True,True,True,False,True,False,0,False,,False,True
NCT03113968,2017.0,2016-2020,PHASE2;PHASE3,both,2,403.0,OTHER,COMPLETED,RANDOMIZED,True,NONE,0.0,False,False,PARALLEL,True,active,True,403.0,368.0,0.08684863523573205,True,True,True,False,True,False,3,True,NO,False,True
NCT07555743,2026.0,2021-2026,PHASE4,drug,2,134.0,OTHER,NOT_YET_RECRUITING,RANDOMIZED,True,TRIPLE,3.0,True,True,PARALLEL,True,placebo/sham,True,,,,,True,True,False,False,False,0,False,NO,False,False
NCT00377299,2006.0,<=2015,NA,drug,2,60.0,OTHER,COMPLETED,RANDOMIZED,True,QUADRUPLE,4.0,True,True,PARALLEL,True,placebo/sham,True,60.0,17.0,0.7166666666666667,False,False,True,False,True,False,0,False,,False,False
NCT00635219,2008.0,<=2015,PHASE3,drug,5,766.0,INDUSTRY,COMPLETED,RANDOMIZED,True,DOUBLE,2.0,True,True,PARALLEL,True,placebo/sham,True,766.0,605.0,0.21018276762402088,False,True,True,True,True,True,4,True,,False,False
NCT01784991,2011.0,<=2015,NA,drug,2,116.0,OTHER,TERMINATED,RANDOMIZED,True,NONE,0.0,False,False,PARALLEL,True,active,True,0.0,0.0,,,False,False,False,True,False,0,False,NO,False,True
NCT01305408,2011.0,<=2015,PHASE3,drug,2,399.0,INDUSTRY,COMPLETED,RANDOMIZED,True,QUADRUPLE,4.0,True,True,PARALLEL,True,placebo/sham,True,399.0,336.0,0.1578947368421053,True,True,True,False,True,False,1,True,,False,True
NCT05625555,2024.0,2021-2026,PHASE3,drug,2,40.0,OTHER,ACTIVE_NOT_RECRUITING,RANDOMIZED,True,QUADRUPLE,4.0,True,True,CROSSOVER,False,active,True,,,,,True,True,False,False,False,0,False,UNDECIDED,False,True
NCT06662526,2024.0,2021-2026,PHASE4,drug,2,250.0,OTHER,NOT_YET_RECRUITING,RANDOMIZED,True,QUADRUPLE,4.0,True,True,PARALLEL,True,placebo/sham,True,,,,,True,False,False,False,False,0,False,UNDECIDED,False,True
NCT01838681,2013.0,<=2015,PHASE3,drug,2,1986.0,INDUSTRY,COMPLETED,RANDOMIZED,True,DOUBLE,2.0,True,True,PARALLEL,True,placebo/sham,True,1986.0,1661.0,0.16364551863041288,True,True,True,False,True,False,0,False,,False,False
NCT04103892,2019.0,2016-2020,PHASE2,drug,4,146.0,INDUSTRY,COMPLETED,RANDOMIZED,True,DOUBLE,2.0,True,True,PARALLEL,True,placebo/sham,True,146.0,129.0,0.11643835616438358,True,False,True,True,True,False,0,False,NO,False,True
NCT04322422,2020.0,2016-2020,NA,drug,2,300.0,OTHER,UNKNOWN,RANDOMIZED,True,DOUBLE,2.0,True,True,PARALLEL,True,active,True,,,,,False,True,False,False,False,0,False,UNDECIDED,False,True
NCT04442490,2020.0,2016-2020,PHASE3,drug,2,543.0,INDUSTRY,COMPLETED,RANDOMIZED,True,QUADRUPLE,4.0,True,True,PARALLEL,True,placebo/sham,True,543.0,477.0,0.12154696132596687,True,True,True,False,True,False,0,False,YES,True,False
NCT00092911,,,PHASE3,drug,0,244.0,INDUSTRY,COMPLETED,RANDOMIZED,True,DOUBLE,2.0,True,True,PARALLEL,True,none/single-group,False,,,,,True,True,False,False,False,0,False,,False,
NCT06979544,2025.0,2021-2026,PHASE3,drug,2,90.0,INDUSTRY,COMPLETED,RANDOMIZED,True,QUADRUPLE,4.0,True,True,PARALLEL,False,placebo/sham,True,,,,,True,True,False,False,False,0,False,NO,False,True
NCT03566069,2018.0,2016-2020,PHASE2,drug,2,120.0,OTHER,UNKNOWN,RANDOMIZED,True,QUADRUPLE,4.0,True,True,PARALLEL,True,placebo/sham,True,,,,,False,True,False,False,False,1,True,,False,
NCT00254007,2003.0,<=2015,PHASE4,drug,0,200.0,OTHER,COMPLETED,NON_RANDOMIZED,False,NONE,0.0,False,False,SINGLE_GROUP,True,none/single-group,False,,,,,True,True,False,False,True,0,False,,False,
NCT01198795,2010.0,<=2015,PHASE4,drug,1,162.0,INDUSTRY,COMPLETED,NA,False,NONE,0.0,False,False,SINGLE_GROUP,True,none/single-group,False,162.0,80.0,0.5061728395061729,False,True,True,False,True,False,0,False,,False,False
NCT00096798,2001.0,<=2015,PHASE3,drug,0,80.0,NIH,COMPLETED,RANDOMIZED,True,DOUBLE,2.0,True,True,PARALLEL,False,none/single-group,False,,,,,True,True,False,False,False,2,True,,False,
NCT02473289,2015.0,<=2015,PHASE2,drug,2,193.0,INDUSTRY,COMPLETED,RANDOMIZED,True,DOUBLE,2.0,True,True,PARALLEL,True,placebo/sham,True,193.0,169.0,0.12435233160621761,True,False,True,False,True,False,0,False,,False,True
NCT07696871,2026.0,2021-2026,PHASE1;PHASE2,drug,2,120.0,OTHER_GOV,RECRUITING,RANDOMIZED,True,DOUBLE,2.0,True,True,PARALLEL,True,placebo/sham,True,,,,,False,True,False,False,False,0,False,UNDECIDED,False,False
NCT07479550,2026.0,2021-2026,PHASE2,drug,2,10.0,OTHER,NOT_YET_RECRUITING,RANDOMIZED,True,DOUBLE,2.0,True,True,CROSSOVER,False,none/single-group,False,,,,,False,True,False,False,False,0,False,NO,False,True
NCT00072774,,,PHASE3,drug,0,480.0,INDUSTRY,COMPLETED,RANDOMIZED,True,DOUBLE,2.0,True,True,PARALLEL,True,none/single-group,False,,,,,True,True,False,False,False,5,True,,False,
NCT05008939,2021.0,2021-2026,NA,drug,2,15.0,OTHER,UNKNOWN,RANDOMIZED,True,DOUBLE,2.0,True,True,PARALLEL,False,placebo/sham,True,,,,,False,True,False,False,False,0,False,NO,False,True
NCT01318434,2011.0,<=2015,PHASE2;PHASE3,drug,4,342.0,INDUSTRY,COMPLETED,RANDOMIZED,True,DOUBLE,2.0,True,True,PARALLEL,True,placebo/sham,True,,,,,True,True,True,False,False,0,False,,False,False
NCT06423781,2024.0,2021-2026,PHASE2,drug,1,233.0,INDUSTRY,COMPLETED,NA,False,NONE,0.0,False,False,SINGLE_GROUP,True,none/single-group,False,,,,,False,True,False,False,False,0,False,,False,
NCT01931202,2014.0,<=2015,NA,drug,3,138.0,OTHER,COMPLETED,RANDOMIZED,True,QUADRUPLE,4.0,True,True,PARALLEL,True,placebo/sham,True,108.0,99.0,0.08333333333333337,True,False,True,True,True,False,1,True,NO,False,False
NCT06384209,2025.0,2021-2026,NA,drug,2,296.0,OTHER,RECRUITING,RANDOMIZED,True,NONE,0.0,False,False,PARALLEL,True,active,True,,,,,False,True,False,False,False,0,False,YES,True,True
NCT06467474,2024.0,2021-2026,NA,drug,2,338.0,OTHER,RECRUITING,RANDOMIZED,True,SINGLE,1.0,True,False,CROSSOVER,True,active,True,,,,,False,True,False,False,False,1,True,,False,False
NCT07276997,2025.0,2021-2026,PHASE2,drug,3,195.0,INDUSTRY,RECRUITING,RANDOMIZED,True,TRIPLE,3.0,True,True,PARALLEL,True,placebo/sham,True,,,,,False,True,True,False,False,0,False,YES,True,False
NCT03739203,2018.0,2016-2020,PHASE3,drug,3,752.0,INDUSTRY,COMPLETED,RANDOMIZED,True,DOUBLE,2.0,True,True,PARALLEL,True,placebo/sham,True,751.0,694.0,0.07589880159786955,True,True,True,True,True,False,1,True,YES,True,False
NCT00404755,2006.0,<=2015,PHASE4,drug,3,17.0,OTHER,COMPLETED,NON_RANDOMIZED,False,NONE,0.0,False,False,SINGLE_GROUP,False,none/single-group,False,17.0,13.0,0.23529411764705888,False,True,True,True,True,False,0,False,NO,False,False
NCT04832425,2021.0,2021-2026,PHASE2;PHASE3,drug,2,216.0,INDUSTRY,COMPLETED,RANDOMIZED,True,QUADRUPLE,4.0,True,True,PARALLEL,True,placebo/sham,True,,,,,True,True,False,False,False,0,False,NO,False,False
NCT01109693,2010.0,<=2015,PHASE4,drug,3,2011.0,OTHER,COMPLETED,RANDOMIZED,True,SINGLE,1.0,True,False,PARALLEL,True,active,True,,,,,True,True,True,False,False,4,True,,False,True
NCT00386841,2007.0,<=2015,PHASE4,drug,2,80.0,OTHER,COMPLETED,RANDOMIZED,True,TRIPLE,3.0,True,True,PARALLEL,False,placebo/sham,True,,,,,True,False,False,False,False,3,True,,False,True
NCT01034267,2009.0,<=2015,PHASE3,drug,1,828.0,INDUSTRY,COMPLETED,NA,False,NONE,0.0,False,False,SINGLE_GROUP,True,none/single-group,False,,,,,True,True,False,False,False,0,False,,False,False
NCT03899285,2018.0,2016-2020,PHASE2,drug,3,8.0,OTHER,COMPLETED,RANDOMIZED,True,QUADRUPLE,4.0,True,True,PARALLEL,False,placebo/sham,True,,,,,False,True,True,False,False,0,False,,False,
NCT03466346,2020.0,2016-2020,NA,drug,5,2162.0,OTHER,COMPLETED,RANDOMIZED,True,SINGLE,1.0,True,False,PARALLEL,True,active,True,2162.0,1864.0,0.13783533765032374,True,False,False,True,True,False,6,True,YES,True,True
NCT01942785,2013.0,<=2015,PHASE3,drug,1,55.0,INDUSTRY,COMPLETED,NA,False,NONE,0.0,False,False,SINGLE_GROUP,False,none/single-group,False,54.0,50.0,0.07407407407407407,True,True,True,False,True,False,1,True,,False,False
NCT00536172,2007.0,<=2015,PHASE4,drug,2,160.0,OTHER,COMPLETED,RANDOMIZED,True,QUADRUPLE,4.0,True,True,PARALLEL,True,placebo/sham,True,148.0,125.0,0.15540540540540537,True,True,False,False,True,True,1,True,,False,True
NCT04001439,2019.0,2016-2020,NA,drug,1,3088.0,OTHER,UNKNOWN,NA,False,NONE,0.0,False,False,SINGLE_GROUP,True,none/single-group,False,,,,,False,False,False,False,False,0,False,,False,False
NCT00599911,2007.0,<=2015,PHASE2,drug,5,652.0,INDUSTRY,COMPLETED,RANDOMIZED,True,DOUBLE,2.0,True,True,PARALLEL,True,placebo/sham,True,,,,,False,True,True,False,False,2,True,,False,False
NCT01650740,2012.0,<=2015,NA,drug,3,1.0,OTHER,TERMINATED,RANDOMIZED,True,SINGLE,1.0,True,False,PARALLEL,False,none/single-group,False,,,,,False,True,True,False,False,0,False,,False,True
NCT04591301,2019.0,2016-2020,PHASE1,drug,8,69.0,INDUSTRY,COMPLETED,RANDOMIZED,True,QUADRUPLE,4.0,True,True,PARALLEL,True,placebo/sham,True,,,,,False,True,True,False,False,0,False,,False,False
NCT03097133,2017.0,2016-2020,PHASE3,drug,2,230.0,INDUSTRY,COMPLETED,RANDOMIZED,True,DOUBLE,2.0,True,True,PARALLEL,True,placebo/sham,True,230.0,166.0,0.27826086956521734,False,True,True,False,True,False,6,True,,False,True
NCT06793397,2025.0,2021-2026,PHASE3,drug,3,330.0,INDUSTRY,RECRUITING,RANDOMIZED,True,QUADRUPLE,4.0,True,True,PARALLEL,True,placebo/sham,True,,,,,True,True,True,False,False,0,False,NO,False,True
NCT01924520,2010.0,<=2015,PHASE1,drug,3,32.0,INDUSTRY,COMPLETED,NON_RANDOMIZED,False,NONE,0.0,False,False,SINGLE_GROUP,True,none/single-group,False,,,,,False,False,True,False,False,0,False,,False,False
NCT00369915,2006.0,<=2015,PHASE2,drug,2,17.0,NIH,TERMINATED,RANDOMIZED,True,QUADRUPLE,4.0,True,True,CROSSOVER,False,none/single-group,False,17.0,8.0,0.5294117647058824,False,False,True,False,True,False,3,True,,False,
NCT04680910,2021.0,2021-2026,PHASE1,drug,1,16.0,OTHER,COMPLETED,NA,False,NONE,0.0,False,False,SINGLE_GROUP,False,none/single-group,False,16.0,15.0,0.0625,True,False,False,False,True,False,0,False,YES,True,True
NCT03715127,2019.0,2016-2020,PHASE2,drug,2,55.0,OTHER,COMPLETED,RANDOMIZED,True,QUADRUPLE,4.0,True,True,PARALLEL,True,placebo/sham,True,,,,,False,True,False,False,False,2,True,UNDECIDED,False,True
NCT00489775,2004.0,<=2015,PHASE3,drug,0,480.0,INDUSTRY,COMPLETED,RANDOMIZED,True,DOUBLE,2.0,True,True,PARALLEL,True,none/single-group,False,,,,,True,True,False,False,False,1,True,,False,False
NCT01488266,2011.0,<=2015,NA,drug,2,90.0,OTHER,UNKNOWN,RANDOMIZED,True,SINGLE,1.0,True,False,PARALLEL,True,active,True,,,,,False,True,False,False,False,0,False,,False,False
NCT06966401,2025.0,2021-2026,PHASE3,drug,1,850.0,INDUSTRY,RECRUITING,NA,False,NONE,0.0,False,False,SINGLE_GROUP,True,none/single-group,False,,,,,True,True,False,False,False,0,False,NO,False,True
NCT03404466,2018.0,2016-2020,PHASE1;PHASE2,drug,2,42.0,INDUSTRY,COMPLETED,RANDOMIZED,True,NONE,0.0,False,False,PARALLEL,False,none/single-group,False,,,,,False,True,False,False,False,0,False,,False,False
NCT00226356,2004.0,<=2015,PHASE4,drug,1,20.0,OTHER,COMPLETED,NA,False,NONE,0.0,False,False,SINGLE_GROUP,False,none/single-group,False,,,,,True,True,False,False,False,0,False,,False,
NCT02082392,2012.0,<=2015,PHASE4,drug,4,3.0,OTHER,COMPLETED,RANDOMIZED,True,QUADRUPLE,4.0,True,True,PARALLEL,False,placebo/sham,True,3.0,3.0,0.0,True,True,True,True,True,False,0,False,,False,False
NCT00001146,1999.0,<=2015,PHASE2,drug,0,240.0,NIH,COMPLETED,,False,,,False,False,,True,none/single-group,False,,,,,False,True,False,False,False,0,False,,False,
NCT02116361,2014.0,<=2015,PHASE2,drug,4,258.0,INDUSTRY,COMPLETED,RANDOMIZED,True,DOUBLE,2.0,True,True,PARALLEL,True,placebo/sham,True,258.0,139.0,0.4612403100775194,False,False,True,True,True,False,1,True,NO,False,False
NCT05731323,2022.0,2021-2026,PHASE1,both,1,12.0,OTHER,COMPLETED,NA,False,NONE,0.0,False,False,SINGLE_GROUP,False,none/single-group,False,,,,,False,True,False,False,False,0,False,NO,False,
NCT00208897,1997.0,<=2015,NA,drug,0,80.0,OTHER,COMPLETED,RANDOMIZED,True,TRIPLE,3.0,True,True,SINGLE_GROUP,True,none/single-group,False,,,,,False,True,False,False,False,0,False,,False,False
NCT00642694,2007.0,<=2015,PHASE3,drug,2,29.0,OTHER,TERMINATED,RANDOMIZED,True,DOUBLE,2.0,True,True,PARALLEL,False,placebo/sham,True,29.0,19.0,0.3448275862068966,False,True,True,False,True,False,0,False,,False,False
NCT00692445,2008.0,<=2015,PHASE2,drug,2,574.0,INDUSTRY,COMPLETED,RANDOMIZED,True,TRIPLE,3.0,True,True,PARALLEL,True,placebo/sham,True,,,,,False,True,False,False,False,2,True,,False,False
NCT04388202,2020.0,2016-2020,PHASE4,drug,2,0.0,INDUSTRY,WITHDRAWN,RANDOMIZED,True,NONE,0.0,False,False,PARALLEL,False,active,True,,,,,True,True,False,False,False,0,False,UNDECIDED,False,True
NCT02039479,2014.0,<=2015,NA,drug,2,254.0,OTHER,UNKNOWN,RANDOMIZED,True,QUADRUPLE,4.0,True,True,PARALLEL,True,placebo/sham,True,,,,,False,True,False,False,False,1,True,,False,True
NCT03128021,2017.0,2016-2020,PHASE4,drug,4,57.0,OTHER,COMPLETED,RANDOMIZED,True,QUADRUPLE,4.0,True,True,PARALLEL,False,placebo/sham,True,57.0,35.0,0.38596491228070173,False,True,True,True,True,False,0,False,YES,True,True
NCT07680140,2026.0,2021-2026,PHASE4,both,2,27.0,OTHER,NOT_YET_RECRUITING,RANDOMIZED,True,NONE,0.0,False,False,PARALLEL,False,none/single-group,False,,,,,True,True,False,False,False,0,False,YES,True,True
NCT02149836,2014.0,<=2015,PHASE2,drug,1,18.0,OTHER,COMPLETED,NA,False,NONE,0.0,False,False,SINGLE_GROUP,False,none/single-group,False,18.0,17.0,0.05555555555555558,True,False,True,False,True,False,0,False,,False,False
NCT02191384,2014.0,<=2015,PHASE2,drug,7,186.0,OTHER,COMPLETED,RANDOMIZED,True,QUADRUPLE,4.0,True,True,PARALLEL,True,placebo/sham,True,,,,,False,True,True,False,False,0,False,,False,True
NCT01703039,2013.0,<=2015,PHASE2,drug,2,21.0,OTHER,TERMINATED,RANDOMIZED,True,TRIPLE,3.0,True,True,PARALLEL,False,active,True,21.0,13.0,0.38095238095238093,False,False,True,False,True,False,0,False,,False,True
NCT01527786,2010.0,<=2015,PHASE3,drug,1,25.0,OTHER,COMPLETED,NON_RANDOMIZED,False,NONE,0.0,False,False,SINGLE_GROUP,False,none/single-group,False,,,,,True,True,False,False,False,0,False,,False,False
NCT01355081,2011.0,<=2015,PHASE3,drug,3,366.0,INDUSTRY,COMPLETED,RANDOMIZED,True,QUADRUPLE,4.0,True,True,PARALLEL,True,placebo/sham,True,366.0,338.0,0.07650273224043713,True,True,True,True,True,False,1,True,,False,False
NCT00531622,2007.0,<=2015,PHASE3,drug,3,643.0,INDUSTRY,COMPLETED,RANDOMIZED,True,QUADRUPLE,4.0,True,True,PARALLEL,True,placebo/sham,True,,,,,True,True,True,False,False,0,False,,False,True
NCT00042380,2002.0,<=2015,PHASE2,drug,0,120.0,NIH,COMPLETED,,False,,,False,False,,True,none/single-group,False,,,,,False,True,False,False,False,0,False,,False,
NCT00080314,2004.0,<=2015,PHASE3,drug,2,400.0,INDUSTRY,COMPLETED,RANDOMIZED,True,DOUBLE,2.0,True,True,PARALLEL,True,placebo/sham,True,,,,,True,True,False,False,False,0,False,,False,
NCT01725048,2011.0,<=2015,EARLY_PHASE1,drug,2,21.0,OTHER,COMPLETED,NON_RANDOMIZED,False,NONE,0.0,False,False,PARALLEL,False,active,True,,,,,False,False,False,False,False,1,True,,False,True
NCT03537547,2018.0,2016-2020,PHASE4,drug,2,6.0,OTHER,TERMINATED,RANDOMIZED,True,DOUBLE,2.0,True,True,PARALLEL,False,active,True,,,,,True,True,False,False,False,0,False,,False,
NCT00824291,2009.0,<=2015,PHASE3,drug,2,437.0,INDUSTRY,COMPLETED,RANDOMIZED,True,QUADRUPLE,4.0,True,True,PARALLEL,True,placebo/sham,True,427.0,338.0,0.20843091334894615,False,True,True,False,True,False,9,True,,False,False
NCT06029426,2023.0,2021-2026,PHASE3,drug,2,383.0,INDUSTRY,COMPLETED,RANDOMIZED,True,QUADRUPLE,4.0,True,True,PARALLEL,True,placebo/sham,True,,,,,True,True,False,False,False,0,False,NO,False,True
NCT02932943,2016.0,2016-2020,PHASE3,drug,2,465.0,INDUSTRY,COMPLETED,RANDOMIZED,True,QUADRUPLE,4.0,True,True,PARALLEL,True,placebo/sham,True,458.0,446.0,0.026200873362445365,True,True,True,False,True,False,0,False,,False,True
NCT06570369,2024.0,2021-2026,PHASE1,drug,2,26.0,INDUSTRY,COMPLETED,RANDOMIZED,True,QUADRUPLE,4.0,True,True,PARALLEL,False,placebo/sham,True,,,,,False,True,False,False,False,0,False,NO,False,False
NCT02358343,2015.0,<=2015,PHASE3,drug,5,184.0,OTHER,COMPLETED,RANDOMIZED,True,NONE,0.0,False,False,PARALLEL,True,active,True,184.0,170.0,0.07608695652173914,True,True,True,True,True,False,3,True,,False,True
NCT07017478,2025.0,2021-2026,EARLY_PHASE1,drug,2,41.0,OTHER,COMPLETED,RANDOMIZED,True,TRIPLE,3.0,True,True,CROSSOVER,True,placebo/sham,True,,,,,False,False,False,False,False,0,False,UNDECIDED,False,False
NCT03674671,2018.0,2016-2020,PHASE3,both,2,240.0,OTHER,SUSPENDED,RANDOMIZED,True,SINGLE,1.0,True,False,CROSSOVER,True,active,True,,,,,True,True,False,False,False,1,True,YES,True,True
NCT01837797,2013.0,<=2015,PHASE3,drug,3,129.0,INDUSTRY,TERMINATED,RANDOMIZED,True,DOUBLE,2.0,True,True,PARALLEL,True,placebo/sham,True,129.0,27.0,0.7906976744186046,False,True,True,True,True,False,0,False,,False,False
NCT05570812,2023.0,2021-2026,PHASE2,drug,2,120.0,OTHER,RECRUITING,RANDOMIZED,True,QUADRUPLE,4.0,True,True,PARALLEL,True,none/single-group,False,,,,,False,True,False,False,False,0,False,NO,False,False
NCT04814355,2018.0,2016-2020,PHASE4,drug,1,41.0,OTHER,COMPLETED,NA,False,NONE,0.0,False,False,SINGLE_GROUP,False,none/single-group,False,,,,,True,True,False,False,False,0,False,,False,
NCT02232555,2005.0,<=2015,PHASE3,drug,2,327.0,INDUSTRY,COMPLETED,RANDOMIZED,True,DOUBLE,2.0,True,True,PARALLEL,True,placebo/sham,True,,,,,True,True,False,False,False,0,False,,False,
NCT01546051,2011.0,<=2015,PHASE1,drug,4,31.0,INDUSTRY,COMPLETED,RANDOMIZED,True,DOUBLE,2.0,True,True,SINGLE_GROUP,True,none/single-group,False,,,,,False,True,True,False,False,0,False,,False,False
NCT02816138,2016.0,2016-2020,PHASE4,drug,1,15.0,OTHER,COMPLETED,NA,False,NONE,0.0,False,False,SINGLE_GROUP,False,none/single-group,False,15.0,14.0,0.06666666666666665,True,True,True,False,True,False,1,True,UNDECIDED,False,False
NCT00905424,2009.0,<=2015,PHASE2,drug,2,246.0,INDUSTRY,COMPLETED,RANDOMIZED,True,TRIPLE,3.0,True,True,PARALLEL,True,placebo/sham,True,177.0,157.0,0.11299435028248583,True,False,True,False,True,True,0,False,,False,False
NCT00226278,2004.0,<=2015,PHASE2,drug,0,25.0,OTHER,COMPLETED,RANDOMIZED,True,DOUBLE,2.0,True,True,SINGLE_GROUP,False,none/single-group,False,,,,,False,True,False,False,False,0,False,,False,
NCT04975100,2021.0,2021-2026,PHASE4,drug,2,60.0,OTHER,COMPLETED,RANDOMIZED,True,DOUBLE,2.0,True,True,PARALLEL,False,active,True,,,,,True,True,False,False,True,1,True,UNDECIDED,False,False
NCT05938179,2023.0,2021-2026,PHASE2,drug,2,144.0,INDUSTRY,UNKNOWN,RANDOMIZED,True,QUADRUPLE,4.0,True,True,PARALLEL,True,none/single-group,False,,,,,False,True,False,False,False,0,False,,False,False
NCT02389816,2015.0,<=2015,PHASE3,drug,3,493.0,INDUSTRY,COMPLETED,RANDOMIZED,True,QUADRUPLE,4.0,True,True,PARALLEL,True,placebo/sham,True,493.0,453.0,0.08113590263691683,True,True,True,True,True,False,3,True,YES,True,False
NCT00071695,2003.0,<=2015,PHASE4,drug,0,320.0,INDUSTRY,COMPLETED,RANDOMIZED,True,DOUBLE,2.0,True,True,PARALLEL,True,none/single-group,False,,,,,True,True,False,False,False,1,True,,False,
NCT00208702,1996.0,<=2015,PHASE4,drug,2,153.0,OTHER,COMPLETED,RANDOMIZED,True,DOUBLE,2.0,True,True,SINGLE_GROUP,True,placebo/sham,True,,,,,True,True,False,False,True,0,False,,False,False
NCT04425473,2021.0,2021-2026,PHASE2;PHASE3,drug,2,435.0,OTHER,COMPLETED,RANDOMIZED,True,QUADRUPLE,4.0,True,True,PARALLEL,True,placebo/sham,True,,,,,True,True,False,False,False,2,True,YES,True,True
NCT01997580,2013.0,<=2015,PHASE4,drug,2,600.0,OTHER,UNKNOWN,NON_RANDOMIZED,False,NONE,0.0,False,False,FACTORIAL,True,no-intervention,True,,,,,True,False,False,False,False,0,False,,False,True
NCT00191932,2004.0,<=2015,PHASE4,drug,0,360.0,INDUSTRY,COMPLETED,RANDOMIZED,True,NONE,0.0,False,False,PARALLEL,True,none/single-group,False,,,,,True,True,False,False,False,1,True,,False,
NCT00278941,2005.0,<=2015,PHASE3,drug,0,3000.0,INDUSTRY,COMPLETED,RANDOMIZED,True,DOUBLE,2.0,True,True,PARALLEL,True,none/single-group,False,,,,,True,True,False,False,False,2,True,,False,
NCT01185340,2011.0,<=2015,PHASE3,drug,2,1056.0,INDUSTRY,COMPLETED,RANDOMIZED,True,DOUBLE,2.0,True,True,PARALLEL,True,placebo/sham,True,1056.0,968.0,0.08333333333333337,True,True,True,False,True,False,2,True,,False,False
NCT03207438,2006.0,<=2015,PHASE4,drug,4,1790.0,OTHER,COMPLETED,RANDOMIZED,True,DOUBLE,2.0,True,True,PARALLEL,True,placebo/sham,True,1790.0,1406.0,0.21452513966480447,False,True,True,True,True,False,0,False,NO,False,False
NCT00231959,2003.0,<=2015,PHASE4,drug,2,65.0,OTHER,COMPLETED,RANDOMIZED,True,QUADRUPLE,4.0,True,True,PARALLEL,False,placebo/sham,True,,,,,True,True,False,False,False,1,True,,False,True
NCT03973268,2020.0,2016-2020,PHASE1,both,3,70.0,NIH,RECRUITING,RANDOMIZED,True,TRIPLE,3.0,True,True,PARALLEL,True,none/single-group,False,,,,,False,False,True,False,False,0,False,YES,True,
NCT02901249,2010.0,<=2015,PHASE4,drug,1,68.0,OTHER,COMPLETED,NA,False,NONE,0.0,False,False,SEQUENTIAL,False,none/single-group,False,68.0,43.0,0.36764705882352944,False,True,True,False,True,False,1,True,NO,False,True
NCT02698553,2016.0,2016-2020,PHASE1,drug,1,16.0,INDUSTRY,COMPLETED,NA,False,NONE,0.0,False,False,SINGLE_GROUP,False,none/single-group,False,,,,,False,True,False,False,False,1,True,YES,True,False
NCT01684163,2012.0,<=2015,PHASE2,drug,3,369.0,INDUSTRY,COMPLETED,RANDOMIZED,True,DOUBLE,2.0,True,True,PARALLEL,True,placebo/sham,True,,,,,False,True,True,False,False,0,False,,False,False
NCT01049347,1997.0,<=2015,PHASE3,drug,2,127.0,OTHER,COMPLETED,RANDOMIZED,True,TRIPLE,3.0,True,True,PARALLEL,True,active,True,,,,,True,True,False,False,False,2,True,,False,True
NCT00105196,2005.0,<=2015,PHASE3,drug,2,349.0,INDUSTRY,COMPLETED,RANDOMIZED,True,DOUBLE,2.0,True,True,PARALLEL,True,placebo/sham,True,349.0,296.0,0.15186246418338112,True,True,False,False,True,False,5,True,,False,False
NCT00517985,2007.0,<=2015,PHASE4,drug,0,7.0,OTHER,COMPLETED,NON_RANDOMIZED,False,NONE,0.0,False,False,SINGLE_GROUP,False,none/single-group,False,,,,,True,True,False,False,False,0,False,,False,False
NCT06836063,2025.0,2021-2026,PHASE2,drug,3,214.0,INDUSTRY,COMPLETED,RANDOMIZED,True,QUADRUPLE,4.0,True,True,PARALLEL,True,placebo/sham,True,,,,,False,True,True,False,False,0,False,,False,True
NCT03833063,2019.0,2016-2020,PHASE1,drug,2,0.0,OTHER_GOV,WITHDRAWN,RANDOMIZED,True,QUADRUPLE,4.0,True,True,CROSSOVER,False,placebo/sham,True,,,,,False,True,False,False,False,0,False,NO,False,True
NCT01110902,2010.0,<=2015,PHASE3,drug,3,589.0,INDUSTRY,COMPLETED,RANDOMIZED,True,QUADRUPLE,4.0,True,True,PARALLEL,True,placebo/sham,True,,,,,True,True,True,False,False,0,False,,False,
NCT04395183,2021.0,2021-2026,PHASE2,drug,4,43.0,OTHER,COMPLETED,RANDOMIZED,True,DOUBLE,2.0,True,True,PARALLEL,False,placebo/sham,True,43.0,38.0,0.11627906976744184,True,False,True,True,True,False,0,False,NO,False,True
NCT00105989,2005.0,<=2015,PHASE3,drug,2,514.0,INDUSTRY,COMPLETED,RANDOMIZED,True,QUADRUPLE,4.0,True,True,PARALLEL,True,placebo/sham,True,514.0,413.0,0.19649805447470814,True,True,True,False,True,False,1,True,,False,
NCT03733574,2018.0,2016-2020,PHASE1,drug,2,56.0,INDUSTRY,COMPLETED,RANDOMIZED,True,NONE,0.0,False,False,CROSSOVER,True,none/single-group,False,,,,,False,True,False,False,False,0,False,NO,False,
NCT00336713,2006.0,<=2015,PHASE3,drug,2,430.0,INDUSTRY,COMPLETED,RANDOMIZED,True,DOUBLE,2.0,True,True,PARALLEL,True,placebo/sham,True,,,,,True,True,False,False,False,0,False,,False,True
NCT07490353,2025.0,2021-2026,PHASE1,drug,2,85.0,OTHER,RECRUITING,RANDOMIZED,True,NONE,0.0,False,False,CROSSOVER,True,none/single-group,False,,,,,False,True,False,False,False,0,False,,False,True
NCT01000805,2009.0,<=2015,PHASE4,drug,2,528.0,INDUSTRY,COMPLETED,RANDOMIZED,True,TRIPLE,3.0,True,True,PARALLEL,True,placebo/sham,True,528.0,396.0,0.25,False,True,True,False,True,False,1,True,,False,False
NCT00953108,2009.0,<=2015,PHASE3,drug,2,60.0,OTHER,COMPLETED,RANDOMIZED,True,NONE,0.0,False,False,PARALLEL,False,active,True,,,,,True,True,False,False,False,1,True,,False,False
NCT00067912,2003.0,<=2015,PHASE4,drug,0,480.0,INDUSTRY,COMPLETED,RANDOMIZED,True,DOUBLE,2.0,True,True,PARALLEL,True,none/single-group,False,,,,,True,True,False,False,False,1,True,,False,
NCT00733980,2008.0,<=2015,PHASE2,drug,2,150.0,INDUSTRY,COMPLETED,RANDOMIZED,True,DOUBLE,2.0,True,True,PARALLEL,True,placebo/sham,True,150.0,107.0,0.2866666666666666,False,False,True,False,True,False,0,False,,False,False
NCT06927076,2025.0,2021-2026,NA,both,4,112.0,OTHER,RECRUITING,RANDOMIZED,True,QUADRUPLE,4.0,True,True,PARALLEL,True,placebo/sham,True,,,,,False,True,True,False,False,0,False,,False,True
NCT00437385,2005.0,<=2015,PHASE1,both,3,90.0,OTHER,COMPLETED,RANDOMIZED,True,SINGLE,1.0,True,False,PARALLEL,True,active,True,,,,,False,True,True,False,False,1,True,,False,True
NCT01483053,2014.0,<=2015,PHASE4,drug,2,40.0,OTHER,UNKNOWN,RANDOMIZED,True,NONE,0.0,False,False,PARALLEL,False,active,True,,,,,True,True,False,False,False,0,False,,False,False
NCT06559826,2025.0,2021-2026,PHASE2,drug,2,70.0,OTHER,RECRUITING,RANDOMIZED,True,SINGLE,1.0,True,False,PARALLEL,True,active,True,,,,,False,True,False,False,False,0,False,NO,False,True
NCT02659085,2015.0,<=2015,PHASE2;PHASE3,both,2,198.0,OTHER,COMPLETED,RANDOMIZED,True,NONE,0.0,False,False,PARALLEL,True,active,True,,,,,True,True,False,False,False,0,False,UNDECIDED,False,True
NCT03620253,2018.0,2016-2020,PHASE3,drug,2,9.0,OTHER,TERMINATED,RANDOMIZED,True,QUADRUPLE,4.0,True,True,PARALLEL,False,placebo/sham,True,,,,,True,True,False,False,False,0,False,NO,False,False
NCT04226352,2020.0,2016-2020,PHASE1,drug,3,5.0,OTHER,COMPLETED,RANDOMIZED,True,NONE,0.0,False,False,PARALLEL,False,none/single-group,False,,,,,False,False,True,False,False,0,False,NO,False,True
NCT01497548,2011.0,<=2015,PHASE3,drug,2,120.0,OTHER,UNKNOWN,RANDOMIZED,True,DOUBLE,2.0,True,True,PARALLEL,True,placebo/sham,True,,,,,True,True,False,False,False,1,True,,False,False
NCT03183505,2017.0,2016-2020,PHASE2,drug,2,172.0,OTHER,COMPLETED,RANDOMIZED,True,QUADRUPLE,4.0,True,True,PARALLEL,True,placebo/sham,True,,,,,False,True,False,False,False,0,False,,False,False
NCT02238977,2016.0,2016-2020,PHASE4,drug,2,1.0,OTHER,TERMINATED,RANDOMIZED,True,NONE,0.0,False,False,PARALLEL,False,active,True,1.0,1.0,0.0,True,True,True,False,True,False,0,False,,False,False
NCT00252330,2005.0,<=2015,PHASE3,drug,0,476.0,INDUSTRY,COMPLETED,RANDOMIZED,True,DOUBLE,2.0,True,True,PARALLEL,True,none/single-group,False,,,,,True,True,False,False,False,0,False,,False,
NCT05905120,2023.0,2021-2026,PHASE1,drug,1,6.0,OTHER,COMPLETED,NA,False,NONE,0.0,False,False,SINGLE_GROUP,False,none/single-group,False,,,,,False,True,False,False,False,0,False,NO,False,False
NCT01138007,2010.0,<=2015,PHASE3,drug,3,572.0,INDUSTRY,COMPLETED,RANDOMIZED,True,DOUBLE,2.0,True,True,PARALLEL,True,placebo/sham,True,569.0,469.0,0.17574692442882245,True,True,True,True,True,False,0,False,YES,True,False
NCT00505518,2006.0,<=2015,NA,drug,0,9.0,OTHER,COMPLETED,NA,False,NONE,0.0,False,False,SINGLE_GROUP,False,none/single-group,False,9.0,9.0,0.0,True,False,True,False,True,False,0,False,,False,True
NCT04218981,2020.0,2016-2020,NA,drug,4,200.0,OTHER,COMPLETED,NON_RANDOMIZED,False,QUADRUPLE,4.0,True,True,PARALLEL,True,no-intervention,True,,,,,False,False,True,False,False,0,False,,False,False
NCT00300378,2006.0,<=2015,PHASE3,drug,0,480.0,INDUSTRY,COMPLETED,RANDOMIZED,True,DOUBLE,2.0,True,True,PARALLEL,True,none/single-group,False,,,,,True,True,False,False,False,6,True,,False,
NCT00057213,2003.0,<=2015,PHASE2,drug,0,367.0,INDUSTRY,COMPLETED,RANDOMIZED,True,DOUBLE,2.0,True,True,PARALLEL,True,none/single-group,False,,,,,False,True,False,False,False,0,False,,False,False
NCT06891300,2025.0,2021-2026,PHASE2;PHASE3,drug,1,36.0,OTHER,RECRUITING,NA,False,NONE,0.0,False,False,SINGLE_GROUP,False,none/single-group,False,,,,,True,True,False,False,False,0,False,YES,True,True
NCT02366364,2015.0,<=2015,PHASE1,drug,4,15.0,INDUSTRY,COMPLETED,RANDOMIZED,True,QUADRUPLE,4.0,True,True,PARALLEL,False,placebo/sham,True,,,,,False,True,True,False,False,0,False,,False,False
NCT00174590,2001.0,<=2015,PHASE3,drug,0,30.0,OTHER,TERMINATED,RANDOMIZED,True,DOUBLE,2.0,True,True,PARALLEL,False,none/single-group,False,,,,,True,True,False,False,False,0,False,,False,
NCT01699490,2012.0,<=2015,PHASE4,drug,2,200.0,OTHER,UNKNOWN,RANDOMIZED,True,QUADRUPLE,4.0,True,True,PARALLEL,True,active,True,,,,,True,True,False,False,False,0,False,,False,True
NCT00296712,2005.0,<=2015,PHASE4,drug,1,55.0,OTHER,COMPLETED,NA,False,NONE,0.0,False,False,SINGLE_GROUP,False,none/single-group,False,,,,,True,True,False,False,False,1,True,,False,False
NCT00042575,2002.0,<=2015,PHASE3,drug,0,120.0,INDUSTRY,COMPLETED,NON_RANDOMIZED,False,NONE,0.0,False,False,SINGLE_GROUP,True,none/single-group,False,,,,,True,True,False,False,False,1,True,,False,
NCT01460407,2011.0,<=2015,PHASE1,drug,1,14.0,INDUSTRY,COMPLETED,NA,False,NONE,0.0,False,False,SINGLE_GROUP,False,none/single-group,False,14.0,14.0,0.0,True,False,True,False,True,False,0,False,,False,False
NCT02914769,2014.0,<=2015,PHASE1;PHASE2,drug,2,35.0,OTHER,COMPLETED,RANDOMIZED,True,TRIPLE,3.0,True,True,PARALLEL,False,placebo/sham,True,35.0,29.0,0.17142857142857137,True,False,True,False,True,False,3,True,NO,False,True
NCT00361491,2006.0,<=2015,PHASE2,drug,0,324.0,INDUSTRY,COMPLETED,RANDOMIZED,True,DOUBLE,2.0,True,True,PARALLEL,True,none/single-group,False,,,,,False,True,False,False,False,1,True,,False,
NCT00225511,2004.0,<=2015,PHASE3,drug,0,590.0,INDUSTRY,COMPLETED,NON_RANDOMIZED,False,DOUBLE,2.0,True,True,PARALLEL,True,none/single-group,False,,,,,True,True,False,False,False,0,False,,False,
NCT00488670,2010.0,<=2015,PHASE3,drug,0,50.0,OTHER,TERMINATED,NON_RANDOMIZED,False,NONE,0.0,False,False,SINGLE_GROUP,False,none/single-group,False,,,,,True,True,False,False,False,0,False,,False,False
NCT00073411,2003.0,<=2015,PHASE3,drug,0,675.0,INDUSTRY,COMPLETED,RANDOMIZED,True,DOUBLE,2.0,True,True,PARALLEL,True,none/single-group,False,,,,,True,True,False,False,False,7,True,,False,False
NCT03435744,2019.0,2016-2020,PHASE3,drug,2,150.0,OTHER,COMPLETED,RANDOMIZED,True,QUADRUPLE,4.0,True,True,PARALLEL,True,placebo/sham,True,,,,,True,True,False,False,False,2,True,NO,False,True
NCT00034983,2001.0,<=2015,PHASE3,drug,0,900.0,INDUSTRY,COMPLETED,RANDOMIZED,True,DOUBLE,2.0,True,True,PARALLEL,True,none/single-group,False,,,,,True,True,False,False,False,1,True,YES,True,
NCT00595699,2006.0,<=2015,PHASE4,drug,2,8.0,OTHER,COMPLETED,RANDOMIZED,True,DOUBLE,2.0,True,True,PARALLEL,False,placebo/sham,True,,,,,True,True,False,False,False,0,False,,False,False
NCT03738215,2018.0,2016-2020,PHASE3,drug,3,759.0,INDUSTRY,COMPLETED,RANDOMIZED,True,DOUBLE,2.0,True,True,PARALLEL,True,placebo/sham,True,757.0,679.0,0.1030383091149274,True,True,True,True,True,False,2,True,YES,True,False
NCT01360632,2011.0,<=2015,PHASE3,drug,2,1539.0,INDUSTRY,COMPLETED,RANDOMIZED,True,TRIPLE,3.0,True,True,PARALLEL,True,placebo/sham,True,1532.0,1277.0,0.16644908616187992,True,True,True,False,True,False,10,True,,False,False
NCT00044681,2002.0,<=2015,PHASE3,drug,0,258.0,INDUSTRY,COMPLETED,RANDOMIZED,True,DOUBLE,2.0,True,True,PARALLEL,True,none/single-group,False,,,,,True,True,False,False,False,0,False,,False,
NCT00159146,2002.0,<=2015,NA,drug,2,31.0,OTHER,TERMINATED,RANDOMIZED,True,DOUBLE,2.0,True,True,PARALLEL,True,placebo/sham,True,,,,,False,True,False,False,False,1,True,,False,False
NCT05168735,2022.0,2021-2026,PHASE1;PHASE2,drug,2,43.0,OTHER,COMPLETED,RANDOMIZED,True,DOUBLE,2.0,True,True,PARALLEL,False,active,True,43.0,43.0,0.0,True,False,True,False,True,False,1,True,NO,False,False
NCT01381107,2011.0,<=2015,PHASE1;PHASE2,drug,2,32.0,INDUSTRY,COMPLETED,RANDOMIZED,True,TRIPLE,3.0,True,True,PARALLEL,False,placebo/sham,True,,,,,False,False,False,False,False,0,False,,False,True
NCT07153406,2025.0,2021-2026,PHASE3,drug,2,220.0,OTHER,NOT_YET_RECRUITING,RANDOMIZED,True,SINGLE,1.0,True,False,PARALLEL,True,active,True,,,,,True,True,False,False,False,0,False,,False,False
NCT05498441,2022.0,2021-2026,NA,both,2,120.0,OTHER,UNKNOWN,RANDOMIZED,True,DOUBLE,2.0,True,True,PARALLEL,True,active,True,,,,,False,True,False,False,False,0,False,NO,False,
NCT07253324,2025.0,2021-2026,PHASE1,drug,2,48.0,INDUSTRY,COMPLETED,RANDOMIZED,True,TRIPLE,3.0,True,True,PARALLEL,True,placebo/sham,True,,,,,False,True,False,False,False,0,False,NO,False,True
NCT05703685,2023.0,2021-2026,PHASE1,drug,1,108.0,NIH,RECRUITING,NA,False,NONE,0.0,False,False,SINGLE_GROUP,True,none/single-group,False,,,,,False,False,False,False,False,0,False,YES,True,
NCT00449007,2006.0,<=2015,PHASE4,drug,2,5.0,OTHER,TERMINATED,RANDOMIZED,True,QUADRUPLE,4.0,True,True,PARALLEL,False,active,True,5.0,5.0,0.0,True,True,True,False,True,False,0,False,,False,True
NCT00445679,2007.0,<=2015,PHASE3,drug,4,807.0,INDUSTRY,COMPLETED,RANDOMIZED,True,TRIPLE,3.0,True,True,PARALLEL,True,active,True,807.0,600.0,0.2565055762081785,False,True,True,True,True,False,0,False,,False,
NCT00624858,2008.0,<=2015,PHASE2,drug,1,25.0,INDUSTRY,COMPLETED,NA,False,NONE,0.0,False,False,SINGLE_GROUP,False,none/single-group,False,,,,,False,True,False,False,False,1,True,,False,False
NCT00174603,2005.0,<=2015,PHASE3,drug,0,60.0,OTHER,TERMINATED,RANDOMIZED,True,DOUBLE,2.0,True,True,PARALLEL,False,none/single-group,False,,,,,True,True,False,False,False,0,False,,False,False
NCT00532480,2007.0,<=2015,PHASE4,drug,1,10.0,OTHER,COMPLETED,NA,False,NONE,0.0,False,False,SINGLE_GROUP,False,none/single-group,False,10.0,7.0,0.30000000000000004,False,True,True,False,True,False,0,False,NO,False,False
NCT00181896,2005.0,<=2015,PHASE4,drug,0,1.0,OTHER,TERMINATED,NON_RANDOMIZED,False,NONE,0.0,False,False,SINGLE_GROUP,False,none/single-group,False,,,,,True,True,False,False,False,0,False,,False,True
NCT03489304,2014.0,<=2015,PHASE2,drug,1,20.0,OTHER,COMPLETED,NA,False,NONE,0.0,False,False,SINGLE_GROUP,False,none/single-group,False,20.0,16.0,0.19999999999999996,True,False,True,False,True,False,0,False,NO,False,False
NCT03560518,2018.0,2016-2020,PHASE3,drug,3,439.0,INDUSTRY,TERMINATED,RANDOMIZED,True,DOUBLE,2.0,True,True,PARALLEL,True,placebo/sham,True,439.0,362.0,0.17539863325740324,True,True,True,True,True,False,0,False,,False,
NCT03790085,2018.0,2016-2020,EARLY_PHASE1,drug,3,2700.0,OTHER,UNKNOWN,NON_RANDOMIZED,False,NONE,0.0,False,False,PARALLEL,True,none/single-group,False,,,,,False,False,True,False,True,3,True,NO,False,True
NCT01396135,2011.0,<=2015,PHASE1,drug,2,0.0,INDUSTRY,WITHDRAWN,RANDOMIZED,True,DOUBLE,2.0,True,True,PARALLEL,False,none/single-group,False,,,,,False,False,False,False,False,0,False,NO,False,False
NCT01783574,2013.0,<=2015,NA,drug,2,101.0,OTHER,COMPLETED,RANDOMIZED,True,DOUBLE,2.0,True,True,PARALLEL,True,placebo/sham,True,101.0,87.0,0.13861386138613863,True,False,True,False,True,False,1,True,,False,True
NCT04007367,2019.0,2016-2020,PHASE3,drug,3,53.0,INDUSTRY,TERMINATED,RANDOMIZED,True,QUADRUPLE,4.0,True,True,SEQUENTIAL,False,placebo/sham,True,53.0,5.0,0.9056603773584906,False,True,True,True,True,False,0,False,YES,True,False
NCT00457106,2002.0,<=2015,NA,drug,0,90.0,OTHER,COMPLETED,RANDOMIZED,True,SINGLE,1.0,True,False,PARALLEL,True,none/single-group,False,,,,,False,True,False,False,False,1,True,,False,
NCT02268487,2014.0,<=2015,PHASE4,drug,1,100.0,OTHER,UNKNOWN,NA,False,NONE,0.0,False,False,SINGLE_GROUP,True,none/single-group,False,,,,,True,True,False,False,False,1,True,,False,False
NCT03595579,2018.0,2016-2020,PHASE2,drug,2,97.0,INDUSTRY,COMPLETED,RANDOMIZED,True,QUADRUPLE,4.0,True,True,PARALLEL,True,active,True,97.0,73.0,0.24742268041237114,False,False,True,False,True,False,1,True,YES,True,
NCT00186446,2004.0,<=2015,PHASE4,drug,1,20.0,OTHER,COMPLETED,NA,False,NONE,0.0,False,False,SINGLE_GROUP,False,none/single-group,False,20.0,11.0,0.44999999999999996,False,True,True,False,True,False,0,False,,False,
NCT02720198,2017.0,2016-2020,PHASE3,drug,2,60.0,OTHER,COMPLETED,RANDOMIZED,True,TRIPLE,3.0,True,True,PARALLEL,False,active,True,60.0,59.0,0.01666666666666672,True,True,True,False,True,False,0,False,NO,False,True
NCT02294305,2014.0,<=2015,PHASE4,drug,2,40.0,OTHER,UNKNOWN,RANDOMIZED,True,TRIPLE,3.0,True,True,PARALLEL,False,placebo/sham,True,,,,,True,True,False,False,False,0,False,,False,False
NCT00035048,2001.0,<=2015,PHASE3,drug,0,540.0,INDUSTRY,COMPLETED,RANDOMIZED,True,DOUBLE,2.0,True,True,PARALLEL,True,none/single-group,False,,,,,True,True,False,False,False,0,False,,False,
NCT01413932,2011.0,<=2015,PHASE1;PHASE2,drug,2,26.0,INDUSTRY,COMPLETED,RANDOMIZED,True,QUADRUPLE,4.0,True,True,PARALLEL,False,placebo/sham,True,,,,,False,False,False,False,False,0,False,,False,False
NCT04684277,2021.0,2021-2026,NA,drug,2,440.0,OTHER,UNKNOWN,RANDOMIZED,True,SINGLE,1.0,True,False,PARALLEL,True,none/single-group,False,,,,,False,True,False,False,False,0,False,NO,False,True
NCT00325000,2000.0,<=2015,NA,drug,0,,OTHER,TERMINATED,RANDOMIZED,True,NONE,0.0,False,False,PARALLEL,,none/single-group,False,,,,,False,True,False,False,False,0,False,,False,
NCT04630964,2021.0,2021-2026,PHASE2,drug,2,35.0,OTHER,COMPLETED,RANDOMIZED,True,QUADRUPLE,4.0,True,True,PARALLEL,False,active,True,,,,,False,True,False,False,False,1,True,,False,False
NCT01392287,2010.0,<=2015,PHASE1,drug,1,12.0,OTHER,COMPLETED,NA,False,NONE,0.0,False,False,SINGLE_GROUP,False,none/single-group,False,,,,,False,False,False,False,False,0,False,NO,False,False
NCT02859103,2017.0,2016-2020,PHASE4,drug,2,56.0,OTHER,COMPLETED,NON_RANDOMIZED,False,NONE,0.0,False,False,PARALLEL,False,active,True,,,,,True,False,False,False,False,0,False,NO,False,False
NCT01109030,2010.0,<=2015,PHASE2;PHASE3,drug,2,50.0,OTHER,COMPLETED,RANDOMIZED,True,DOUBLE,2.0,True,True,PARALLEL,False,placebo/sham,True,,,,,True,True,False,False,True,0,False,,False,True
NCT01034462,2009.0,<=2015,PHASE3,drug,2,442.0,INDUSTRY,COMPLETED,RANDOMIZED,True,TRIPLE,3.0,True,True,PARALLEL,True,placebo/sham,True,434.0,335.0,0.22811059907834097,False,True,True,False,True,False,3,True,,False,False
NCT06308653,2024.0,2021-2026,PHASE3,drug,4,238.0,OTHER,ACTIVE_NOT_RECRUITING,RANDOMIZED,True,TRIPLE,3.0,True,True,PARALLEL,True,placebo/sham,True,,,,,True,True,True,False,False,1,True,,False,True
NCT00688818,2008.0,<=2015,NA,drug,2,108.0,OTHER,COMPLETED,RANDOMIZED,True,QUADRUPLE,4.0,True,True,PARALLEL,True,placebo/sham,True,,,,,False,True,False,False,False,1,True,,False,True
NCT04969510,2021.0,2021-2026,PHASE2,drug,5,110.0,INDUSTRY,COMPLETED,RANDOMIZED,True,QUADRUPLE,4.0,True,True,PARALLEL,True,placebo/sham,True,,,,,False,True,True,False,False,0,False,,False,False
NCT05712187,2023.0,2021-2026,PHASE2,drug,2,301.0,INDUSTRY,COMPLETED,RANDOMIZED,True,QUADRUPLE,4.0,True,True,PARALLEL,True,placebo/sham,True,,,,,False,True,False,False,False,0,False,NO,False,False
NCT00277823,2006.0,<=2015,PHASE3,drug,0,480.0,INDUSTRY,COMPLETED,RANDOMIZED,True,DOUBLE,2.0,True,True,PARALLEL,True,none/single-group,False,,,,,True,True,False,False,False,7,True,,False,
NCT01155661,2010.0,<=2015,PHASE3,drug,1,608.0,INDUSTRY,COMPLETED,NA,False,NONE,0.0,False,False,SINGLE_GROUP,True,none/single-group,False,608.0,328.0,0.4605263157894737,False,True,True,False,True,False,0,False,,False,False
NCT06827431,2025.0,2021-2026,PHASE3,drug,4,770.0,INDUSTRY,NOT_YET_RECRUITING,RANDOMIZED,True,QUADRUPLE,4.0,True,True,PARALLEL,True,placebo/sham,True,,,,,True,True,True,False,False,0,False,NO,False,
NCT07193901,2025.0,2021-2026,PHASE2,drug,4,98.0,INDUSTRY,RECRUITING,RANDOMIZED,True,QUADRUPLE,4.0,True,True,PARALLEL,True,placebo/sham,True,,,,,False,True,True,False,False,0,False,NO,False,False
NCT01557946,2012.0,<=2015,PHASE4,drug,2,32.0,OTHER,COMPLETED,NON_RANDOMIZED,False,NONE,0.0,False,False,SINGLE_GROUP,False,no-intervention,True,32.0,29.0,0.09375,True,True,True,False,True,False,0,False,NO,False,False
NCT00220636,2005.0,<=2015,PHASE4,drug,1,15.0,OTHER,COMPLETED,NA,False,NONE,0.0,False,False,SINGLE_GROUP,False,none/single-group,False,15.0,11.0,0.2666666666666667,False,True,True,False,True,False,0,False,,False,False
NCT00000375,1997.0,<=2015,PHASE4,both,0,,NIH,COMPLETED,RANDOMIZED,True,SINGLE,1.0,True,False,,,none/single-group,False,,,,,True,True,False,False,False,1,True,,False,
NCT03614156,2018.0,2016-2020,PHASE3,drug,3,363.0,INDUSTRY,TERMINATED,RANDOMIZED,True,DOUBLE,2.0,True,True,PARALLEL,True,placebo/sham,True,363.0,209.0,0.4242424242424242,False,True,True,True,True,False,0,False,,False,
NCT03736538,2018.0,2016-2020,PHASE1,drug,2,50.0,OTHER,ENROLLING_BY_INVITATION,RANDOMIZED,True,DOUBLE,2.0,True,True,PARALLEL,True,placebo/sham,True,,,,,False,True,False,False,False,0,False,,False,True
NCT04531423,2020.0,2016-2020,NA,drug,2,100.0,OTHER,UNKNOWN,RANDOMIZED,True,SINGLE,1.0,True,False,PARALLEL,True,active,True,,,,,False,True,False,False,False,0,False,NO,False,
NCT00320268,2006.0,<=2015,PHASE3,drug,0,600.0,INDUSTRY,COMPLETED,RANDOMIZED,True,DOUBLE,2.0,True,True,PARALLEL,True,none/single-group,False,,,,,True,True,False,False,False,9,True,,False,
NCT01128452,2010.0,<=2015,PHASE2,drug,2,8.0,INDUSTRY,TERMINATED,RANDOMIZED,True,DOUBLE,2.0,True,True,PARALLEL,False,placebo/sham,True,,,,,False,True,False,False,False,0,False,,False,True
NCT01428661,2011.0,<=2015,PHASE2;PHASE3,drug,2,507.0,INDUSTRY,COMPLETED,RANDOMIZED,True,QUADRUPLE,4.0,True,True,PARALLEL,True,placebo/sham,True,507.0,401.0,0.2090729783037475,False,True,True,False,True,False,0,False,,False,False
NCT01407094,2011.0,<=2015,PHASE2,drug,3,296.0,OTHER,COMPLETED,RANDOMIZED,True,QUADRUPLE,4.0,True,True,SEQUENTIAL,True,placebo/sham,True,296.0,235.0,0.20608108108108103,False,False,False,True,True,False,13,True,YES,True,True
NCT07204314,2025.0,2021-2026,PHASE3,drug,2,180.0,INDUSTRY,RECRUITING,RANDOMIZED,True,TRIPLE,3.0,True,True,PARALLEL,True,placebo/sham,True,,,,,True,True,False,False,False,0,False,YES,True,False
NCT04620759,2021.0,2021-2026,PHASE2,drug,2,90.0,OTHER,ACTIVE_NOT_RECRUITING,RANDOMIZED,True,QUADRUPLE,4.0,True,True,PARALLEL,True,placebo/sham,True,,,,,False,True,False,False,False,0,False,,False,False
NCT01391221,2011.0,<=2015,PHASE4,drug,1,20.0,OTHER,UNKNOWN,NA,False,NONE,0.0,False,False,SINGLE_GROUP,False,none/single-group,False,,,,,True,False,False,False,False,0,False,,False,False
NCT05227612,2023.0,2021-2026,PHASE1,drug,1,16.0,OTHER,COMPLETED,NA,False,NONE,0.0,False,False,SINGLE_GROUP,False,none/single-group,False,16.0,16.0,0.0,True,False,True,False,True,False,1,True,,False,True
NCT00167310,2005.0,<=2015,PHASE2,drug,2,57.0,OTHER,COMPLETED,RANDOMIZED,True,QUADRUPLE,4.0,True,True,PARALLEL,True,placebo/sham,True,57.0,39.0,0.3157894736842105,False,False,True,False,True,False,1,True,,False,False
NCT00672620,2008.0,<=2015,PHASE3,drug,4,611.0,INDUSTRY,COMPLETED,RANDOMIZED,True,DOUBLE,2.0,True,True,PARALLEL,True,placebo/sham,True,611.0,451.0,0.2618657937806874,False,True,True,True,True,True,0,False,,False,False
NCT00128479,2004.0,<=2015,PHASE3,drug,4,443.0,INDUSTRY,COMPLETED,RANDOMIZED,True,DOUBLE,2.0,True,True,PARALLEL,True,placebo/sham,True,,,,,True,True,True,False,False,2,True,,False,False
NCT04116606,2019.0,2016-2020,PHASE2,drug,2,142.0,OTHER,UNKNOWN,RANDOMIZED,True,QUADRUPLE,4.0,True,True,PARALLEL,True,placebo/sham,True,,,,,False,True,False,False,False,0,False,YES,True,True
NCT01377194,2011.0,<=2015,PHASE3,drug,3,568.0,INDUSTRY,COMPLETED,RANDOMIZED,True,TRIPLE,3.0,True,True,PARALLEL,True,placebo/sham,True,562.0,441.0,0.21530249110320288,False,True,True,True,True,False,2,True,,False,False
NCT00177424,2004.0,<=2015,PHASE4,drug,2,154.0,OTHER,TERMINATED,RANDOMIZED,True,QUADRUPLE,4.0,True,True,PARALLEL,True,placebo/sham,True,,,,,True,False,False,False,False,0,False,,False,
NCT03386448,2018.0,2016-2020,PHASE4,drug,2,14.0,INDUSTRY,COMPLETED,RANDOMIZED,True,DOUBLE,2.0,True,True,PARALLEL,False,placebo/sham,True,14.0,12.0,0.1428571428571429,True,True,True,False,True,False,0,False,NO,False,False
NCT06758167,2020.0,2016-2020,NA,drug,2,150.0,OTHER,COMPLETED,RANDOMIZED,True,QUADRUPLE,4.0,True,True,PARALLEL,True,placebo/sham,True,,,,,False,True,False,False,False,0,False,NO,False,False
NCT00766870,2008.0,<=2015,PHASE2,drug,5,35.0,INDUSTRY,TERMINATED,RANDOMIZED,True,DOUBLE,2.0,True,True,PARALLEL,False,placebo/sham,True,,,,,False,True,True,False,False,0,False,,False,False
NCT05978219,2023.0,2021-2026,PHASE4,drug,1,135.0,OTHER,COMPLETED,NA,False,NONE,0.0,False,False,SINGLE_GROUP,True,none/single-group,False,,,,,True,True,False,False,False,0,False,UNDECIDED,False,True
NCT06752759,2024.0,2021-2026,PHASE3,drug,2,40.0,OTHER,RECRUITING,RANDOMIZED,True,TRIPLE,3.0,True,True,CROSSOVER,False,active,True,,,,,True,True,False,False,False,0,False,,False,True
NCT03188185,2017.0,2016-2020,PHASE3,drug,2,278.0,INDUSTRY,COMPLETED,RANDOMIZED,True,QUADRUPLE,4.0,True,True,PARALLEL,True,placebo/sham,True,278.0,243.0,0.12589928057553956,True,True,True,False,True,False,0,False,UNDECIDED,False,False
NCT01454635,2008.0,<=2015,NA,drug,1,96.0,OTHER,COMPLETED,NA,False,NONE,0.0,False,False,SINGLE_GROUP,True,none/single-group,False,,,,,False,True,False,False,False,0,False,,False,False
NCT04039022,2019.0,2016-2020,PHASE3,drug,1,876.0,INDUSTRY,COMPLETED,NA,False,NONE,0.0,False,False,SINGLE_GROUP,True,none/single-group,False,876.0,53.0,0.9394977168949772,False,True,True,False,True,False,0,False,NO,False,False
NCT00869765,2009.0,<=2015,PHASE2,both,1,5.0,OTHER,COMPLETED,NA,False,NONE,0.0,False,False,SINGLE_GROUP,False,none/single-group,False,,,,,False,True,False,False,False,0,False,,False,True
NCT00782405,2008.0,<=2015,PHASE3,drug,2,40.0,OTHER,COMPLETED,RANDOMIZED,True,NONE,0.0,False,False,PARALLEL,False,active,True,,,,,True,True,False,False,False,0,False,,False,False
NCT00953745,2009.0,<=2015,NA,drug,2,43.0,OTHER,COMPLETED,NON_RANDOMIZED,False,SINGLE,1.0,True,False,PARALLEL,True,active,True,43.0,30.0,0.3023255813953488,False,False,False,False,True,False,0,False,,False,False
NCT03000530,2016.0,2016-2020,PHASE2,drug,3,102.0,INDUSTRY,COMPLETED,RANDOMIZED,True,QUADRUPLE,4.0,True,True,PARALLEL,True,placebo/sham,True,102.0,93.0,0.08823529411764708,True,False,True,True,True,False,1,True,YES,True,False
NCT00529789,2007.0,<=2015,PHASE2,drug,1,72.0,INDUSTRY,COMPLETED,NON_RANDOMIZED,False,NONE,0.0,False,False,SINGLE_GROUP,True,none/single-group,False,72.0,48.0,0.33333333333333337,False,False,True,False,True,False,0,False,,False,False
NCT02137369,2014.0,<=2015,PHASE4,drug,2,77.0,OTHER,COMPLETED,RANDOMIZED,True,SINGLE,1.0,True,False,CROSSOVER,False,active,True,60.0,50.0,0.16666666666666663,True,True,True,False,True,False,1,True,,False,True
NCT01594866,2012.0,<=2015,PHASE4,drug,2,60.0,OTHER,COMPLETED,RANDOMIZED,True,QUADRUPLE,4.0,True,True,PARALLEL,False,placebo/sham,True,,,,,True,True,False,False,False,0,False,,False,True
NCT01046630,2009.0,<=2015,PHASE1,drug,3,128.0,INDUSTRY,COMPLETED,RANDOMIZED,True,DOUBLE,2.0,True,True,SINGLE_GROUP,True,placebo/sham,True,,,,,False,False,True,False,False,1,True,,False,False
NCT05593029,2022.0,2021-2026,PHASE2,drug,2,929.0,INDUSTRY,COMPLETED,RANDOMIZED,True,SINGLE,1.0,True,False,PARALLEL,True,placebo/sham,True,,,,,False,True,False,False,False,0,False,YES,True,True
NCT03051945,2019.0,2016-2020,PHASE3,drug,2,0.0,OTHER,WITHDRAWN,RANDOMIZED,True,DOUBLE,2.0,True,True,PARALLEL,False,placebo/sham,True,,,,,True,False,False,False,False,0,False,NO,False,True
NCT00056472,2003.0,<=2015,PHASE3,drug,2,259.0,OTHER,COMPLETED,RANDOMIZED,True,QUADRUPLE,4.0,True,True,PARALLEL,True,placebo/sham,True,259.0,142.0,0.4517374517374517,False,True,True,False,True,False,14,True,,False,True
NCT01870843,2014.0,<=2015,PHASE4,drug,1,261.0,INDUSTRY,COMPLETED,NA,False,NONE,0.0,False,False,SINGLE_GROUP,True,none/single-group,False,261.0,208.0,0.2030651340996169,False,True,True,False,True,False,0,False,,False,False
NCT07493317,2026.0,2021-2026,PHASE2,drug,2,60.0,OTHER,RECRUITING,NON_RANDOMIZED,False,NONE,0.0,False,False,PARALLEL,True,no-intervention,True,,,,,False,True,False,False,False,0,False,NO,False,False
NCT00637494,2008.0,<=2015,PHASE3,drug,2,292.0,INDUSTRY,TERMINATED,RANDOMIZED,True,QUADRUPLE,4.0,True,True,PARALLEL,True,placebo/sham,True,292.0,217.0,0.2568493150684932,False,True,True,False,True,False,1,True,NO,False,True
NCT01944293,2013.0,<=2015,PHASE1;PHASE2,drug,2,16.0,OTHER,COMPLETED,RANDOMIZED,True,QUADRUPLE,4.0,True,True,PARALLEL,False,active,True,16.0,16.0,0.0,True,False,True,False,True,False,0,False,,False,True
NCT04855760,2021.0,2021-2026,PHASE3,drug,1,627.0,INDUSTRY,COMPLETED,NA,False,NONE,0.0,False,False,SINGLE_GROUP,True,none/single-group,False,627.0,182.0,0.7097288676236044,False,True,True,False,True,False,1,True,,False,True
NCT01751828,2012.0,<=2015,NA,drug,1,0.0,OTHER,WITHDRAWN,NA,False,NONE,0.0,False,False,SINGLE_GROUP,False,none/single-group,False,,,,,False,False,False,False,False,0,False,,False,False
NCT05657691,2022.0,2021-2026,PHASE2,drug,2,167.0,INDUSTRY,COMPLETED,RANDOMIZED,True,TRIPLE,3.0,True,True,PARALLEL,True,placebo/sham,True,,,,,False,True,False,False,False,0,False,,False,True
NCT00063206,,,PHASE3,drug,0,247.0,INDUSTRY,COMPLETED,,False,,,False,False,,True,none/single-group,False,,,,,True,True,False,False,False,1,True,,False,
NCT04984512,2021.0,2021-2026,PHASE2;PHASE3,drug,4,600.0,INDUSTRY,RECRUITING,RANDOMIZED,True,QUADRUPLE,4.0,True,True,PARALLEL,True,active,True,,,,,True,True,True,False,False,0,False,NO,False,True
NCT06751875,2019.0,2016-2020,NA,drug,2,96.0,OTHER,COMPLETED,RANDOMIZED,True,SINGLE,1.0,True,False,PARALLEL,True,active,True,96.0,50.0,0.47916666666666663,False,False,True,False,True,False,0,False,NO,False,True
NCT00451490,2006.0,<=2015,NA,drug,0,24.0,OTHER,WITHDRAWN,RANDOMIZED,True,DOUBLE,2.0,True,True,PARALLEL,False,none/single-group,False,,,,,False,False,False,False,False,0,False,,False,True
NCT01241435,2010.0,<=2015,PHASE1,drug,1,36.0,INDUSTRY,COMPLETED,NA,False,NONE,0.0,False,False,SINGLE_GROUP,True,none/single-group,False,36.0,36.0,0.0,True,False,True,False,True,False,0,False,,False,False
NCT01478113,2012.0,<=2015,NA,drug,2,5.0,OTHER,TERMINATED,RANDOMIZED,True,TRIPLE,3.0,True,True,PARALLEL,False,placebo/sham,True,4.0,2.0,0.5,False,False,True,False,True,False,0,False,NO,False,False
NCT05271084,2021.0,2021-2026,PHASE1;PHASE2,drug,2,100.0,OTHER,COMPLETED,RANDOMIZED,True,DOUBLE,2.0,True,True,PARALLEL,True,placebo/sham,True,,,,,False,True,False,False,False,0,False,NO,False,True
NCT00375297,2001.0,<=2015,PHASE4,drug,0,100.0,OTHER,COMPLETED,RANDOMIZED,True,DOUBLE,2.0,True,True,PARALLEL,True,none/single-group,False,,,,,True,True,False,False,False,1,True,,False,
NCT05104918,2022.0,2021-2026,PHASE3,drug,2,500.0,INDUSTRY,UNKNOWN,RANDOMIZED,True,SINGLE,1.0,True,False,PARALLEL,True,active,True,,,,,True,True,False,False,False,0,False,NO,False,True
NCT00426946,2005.0,<=2015,PHASE4,drug,0,60.0,OTHER,UNKNOWN,RANDOMIZED,True,NONE,0.0,False,False,PARALLEL,False,none/single-group,False,,,,,True,True,False,False,False,0,False,,False,
NCT05909267,2023.0,2021-2026,NA,drug,2,165.0,OTHER,RECRUITING,RANDOMIZED,True,TRIPLE,3.0,True,True,CROSSOVER,True,none/single-group,False,,,,,False,False,False,False,False,0,False,UNDECIDED,False,False
NCT00514865,2007.0,<=2015,PHASE2,drug,3,278.0,INDUSTRY,COMPLETED,RANDOMIZED,True,QUADRUPLE,4.0,True,True,PARALLEL,True,placebo/sham,True,,,,,False,True,True,False,False,0,False,,False,
NCT01422213,2011.0,<=2015,PHASE3,drug,3,598.0,INDUSTRY,COMPLETED,RANDOMIZED,True,DOUBLE,2.0,True,True,PARALLEL,True,placebo/sham,True,598.0,514.0,0.14046822742474918,True,True,True,True,True,False,3,True,,False,False
NCT06103760,2023.0,2021-2026,PHASE4,drug,1,162.0,OTHER,UNKNOWN,NA,False,NONE,0.0,False,False,SINGLE_GROUP,True,none/single-group,False,,,,,True,True,False,False,False,0,False,NO,False,False
NCT00839176,2009.0,<=2015,PHASE2,drug,4,118.0,INDUSTRY,COMPLETED,RANDOMIZED,True,DOUBLE,2.0,True,True,PARALLEL,True,placebo/sham,True,,,,,False,True,True,False,False,1,True,,False,False
NCT06644833,2025.0,2021-2026,PHASE4,both,2,120.0,OTHER,NOT_YET_RECRUITING,RANDOMIZED,True,NONE,0.0,False,False,PARALLEL,True,active,True,,,,,True,True,False,False,False,0,False,,False,True
NCT00344682,2006.0,<=2015,PHASE4,drug,2,31.0,OTHER,COMPLETED,RANDOMIZED,True,TRIPLE,3.0,True,True,PARALLEL,False,placebo/sham,True,31.0,26.0,0.16129032258064513,True,True,True,False,True,False,2,True,,False,False
NCT00982345,2009.0,<=2015,PHASE4,drug,1,20.0,OTHER,COMPLETED,NA,False,NONE,0.0,False,False,SINGLE_GROUP,False,none/single-group,False,20.0,18.0,0.09999999999999998,True,True,True,False,True,False,0,False,NO,False,False
NCT00358631,2006.0,<=2015,PHASE2,drug,0,319.0,INDUSTRY,COMPLETED,RANDOMIZED,True,DOUBLE,2.0,True,True,PARALLEL,True,none/single-group,False,,,,,False,True,False,False,False,1,True,,False,
NCT06508710,2024.0,2021-2026,PHASE3,drug,2,60.0,OTHER,RECRUITING,RANDOMIZED,True,QUADRUPLE,4.0,True,True,PARALLEL,False,placebo/sham,True,,,,,True,True,False,False,False,0,False,,False,True
NCT03138681,2017.0,2016-2020,PHASE2,drug,3,42.0,OTHER,UNKNOWN,RANDOMIZED,True,QUADRUPLE,4.0,True,True,PARALLEL,False,placebo/sham,True,,,,,False,True,True,False,False,1,True,NO,False,True
NCT02285504,2015.0,<=2015,PHASE2,drug,1,4.0,INDUSTRY,COMPLETED,NA,False,NONE,0.0,False,False,SINGLE_GROUP,False,none/single-group,False,4.0,4.0,0.0,True,False,True,False,True,False,0,False,NO,False,False
NCT00340379,2003.0,<=2015,PHASE2;PHASE3,drug,2,72.0,OTHER,COMPLETED,RANDOMIZED,True,QUADRUPLE,4.0,True,True,PARALLEL,False,active,True,72.0,55.0,0.23611111111111116,False,True,True,False,True,False,0,False,,False,False
NCT02176291,2014.0,<=2015,PHASE2,drug,2,31.0,OTHER,COMPLETED,RANDOMIZED,True,TRIPLE,3.0,True,True,PARALLEL,False,placebo/sham,True,31.0,26.0,0.16129032258064513,True,False,True,False,True,False,0,False,UNDECIDED,False,True
NCT02456948,2015.0,<=2015,PHASE2,drug,2,168.0,OTHER,COMPLETED,RANDOMIZED,True,TRIPLE,3.0,True,True,PARALLEL,True,placebo/sham,True,,,,,False,True,False,False,False,0,False,NO,False,True
NCT01460212,2011.0,<=2015,PHASE4,drug,2,80.0,OTHER,UNKNOWN,RANDOMIZED,True,NONE,0.0,False,False,PARALLEL,False,active,True,,,,,True,True,False,False,False,0,False,,False,True
NCT00555997,2008.0,<=2015,PHASE2,drug,3,120.0,OTHER,COMPLETED,RANDOMIZED,True,QUADRUPLE,4.0,True,True,PARALLEL,True,placebo/sham,True,120.0,93.0,0.22499999999999998,False,False,True,True,True,True,1,True,,False,False
NCT01447576,2009.0,<=2015,PHASE2,drug,1,1036.0,INDUSTRY,COMPLETED,NA,False,NONE,0.0,False,False,SINGLE_GROUP,True,none/single-group,False,1036.0,560.0,0.45945945945945943,False,False,True,False,True,False,0,False,,False,True
NCT07405606,2026.0,2021-2026,PHASE2,drug,2,30.0,OTHER,NOT_YET_RECRUITING,RANDOMIZED,True,QUADRUPLE,4.0,True,True,PARALLEL,False,placebo/sham,True,,,,,False,True,False,False,False,0,False,NO,False,True
NCT00178100,1999.0,<=2015,PHASE4,drug,0,225.0,OTHER,COMPLETED,RANDOMIZED,True,DOUBLE,2.0,True,True,FACTORIAL,True,none/single-group,False,,,,,True,True,False,False,True,1,True,,False,
NCT00388973,2006.0,<=2015,PHASE3,drug,0,338.0,INDUSTRY,COMPLETED,RANDOMIZED,True,DOUBLE,2.0,True,True,PARALLEL,True,none/single-group,False,338.0,224.0,0.3372781065088757,False,True,True,False,True,False,5,True,,False,
NCT00006286,1998.0,<=2015,PHASE3,drug,0,432.0,NIH,COMPLETED,RANDOMIZED,True,DOUBLE,2.0,True,True,,True,none/single-group,False,,,,,True,True,False,False,True,14,True,,False,
NCT04080752,2019.0,2016-2020,PHASE2,drug,2,222.0,INDUSTRY,COMPLETED,RANDOMIZED,True,DOUBLE,2.0,True,True,PARALLEL,True,placebo/sham,True,222.0,203.0,0.0855855855855856,True,False,True,False,True,False,1,True,YES,True,False
NCT00250627,2004.0,<=2015,PHASE3,drug,0,465.0,INDUSTRY,COMPLETED,RANDOMIZED,True,DOUBLE,2.0,True,True,PARALLEL,True,none/single-group,False,,,,,True,True,False,False,False,0,False,,False,
NCT00095134,2004.0,<=2015,PHASE3,drug,0,630.0,INDUSTRY,COMPLETED,RANDOMIZED,True,DOUBLE,2.0,True,True,PARALLEL,True,none/single-group,False,,,,,True,True,False,False,False,2,True,,False,
NCT01957410,2014.0,<=2015,PHASE2,drug,2,13.0,INDUSTRY,TERMINATED,RANDOMIZED,True,TRIPLE,3.0,True,True,PARALLEL,False,placebo/sham,True,13.0,13.0,0.0,True,False,True,False,True,False,0,False,,False,False
NCT02660528,2016.0,2016-2020,PHASE2,drug,1,3.0,OTHER,TERMINATED,NA,False,NONE,0.0,False,False,SINGLE_GROUP,False,none/single-group,False,0.0,0.0,,,False,True,False,True,False,0,False,,False,False
NCT01135758,2010.0,<=2015,PHASE2,drug,1,10.0,OTHER,TERMINATED,NA,False,NONE,0.0,False,False,SINGLE_GROUP,False,none/single-group,False,,,,,False,True,False,False,False,0,False,,False,False
NCT05438758,2023.0,2021-2026,PHASE2,drug,2,0.0,INDUSTRY,WITHDRAWN,RANDOMIZED,True,SINGLE,1.0,True,False,PARALLEL,False,none/single-group,False,,,,,False,True,False,False,False,0,False,YES,True,False
NCT00844857,2009.0,<=2015,PHASE4,drug,2,291.0,INDUSTRY,COMPLETED,RANDOMIZED,True,QUADRUPLE,4.0,True,True,PARALLEL,True,placebo/sham,True,291.0,176.0,0.39518900343642616,False,True,True,False,True,False,2,True,,False,False
NCT02860962,2016.0,2016-2020,PHASE1,drug,2,4.0,OTHER,COMPLETED,RANDOMIZED,True,QUADRUPLE,4.0,True,True,PARALLEL,False,placebo/sham,True,,,,,False,True,False,False,False,0,False,YES,True,True
NCT03658330,2016.0,2016-2020,PHASE2,drug,1,5.0,FED,COMPLETED,NA,False,NONE,0.0,False,False,SINGLE_GROUP,False,none/single-group,False,,,,,False,True,False,False,False,0,False,,False,
NCT02978326,2017.0,2016-2020,PHASE3,drug,3,276.0,INDUSTRY,COMPLETED,RANDOMIZED,True,QUADRUPLE,4.0,True,True,PARALLEL,True,placebo/sham,True,1.0,1.0,0.0,True,True,True,True,True,True,1,True,YES,True,False
NCT01407575,2011.0,<=2015,PHASE3,drug,2,13.0,OTHER,COMPLETED,RANDOMIZED,True,TRIPLE,3.0,True,True,PARALLEL,False,placebo/sham,True,13.0,10.0,0.23076923076923073,False,True,True,False,True,False,0,False,NO,False,False
NCT04276259,2020.0,2016-2020,PHASE4,both,3,120.0,OTHER,COMPLETED,RANDOMIZED,True,DOUBLE,2.0,True,True,FACTORIAL,True,none/single-group,False,,,,,True,False,True,False,False,2,True,YES,True,False
NCT01477931,2010.0,<=2015,PHASE4,drug,1,50.0,OTHER,COMPLETED,NA,False,NONE,0.0,False,False,SINGLE_GROUP,False,none/single-group,False,,,,,True,True,False,False,False,0,False,,False,False
NCT00300404,2002.0,<=2015,PHASE3,drug,0,40.0,OTHER,COMPLETED,RANDOMIZED,True,DOUBLE,2.0,True,True,PARALLEL,False,none/single-group,False,,,,,True,True,False,False,False,0,False,,False,
NCT05416957,2022.0,2021-2026,PHASE1,drug,2,24.0,INDUSTRY,COMPLETED,RANDOMIZED,True,NONE,0.0,False,False,CROSSOVER,False,none/single-group,False,,,,,False,True,False,False,False,0,False,NO,False,
NCT03864614,2019.0,2016-2020,PHASE3,drug,1,1515.0,INDUSTRY,COMPLETED,NA,False,NONE,0.0,False,False,SINGLE_GROUP,True,none/single-group,False,1515.0,594.0,0.6079207920792079,False,True,True,False,True,False,1,True,YES,True,False
NCT02919579,2016.0,2016-2020,PHASE1,drug,7,27.0,INDUSTRY,COMPLETED,RANDOMIZED,True,SINGLE,1.0,True,False,CROSSOVER,False,none/single-group,False,,,,,False,True,True,False,False,1,True,,False,False
NCT00660062,2009.0,<=2015,PHASE4,drug,4,47.0,OTHER,TERMINATED,RANDOMIZED,True,TRIPLE,3.0,True,True,PARALLEL,False,active,True,,,,,True,True,True,False,False,1,True,,False,False
NCT01111565,2010.0,<=2015,PHASE3,drug,5,137.0,INDUSTRY,TERMINATED,RANDOMIZED,True,DOUBLE,2.0,True,True,PARALLEL,True,none/single-group,False,137.0,71.0,0.4817518248175182,False,True,True,True,True,False,0,False,YES,True,True
NCT01022632,2009.0,<=2015,NA,drug,3,60.0,OTHER,COMPLETED,RANDOMIZED,True,NONE,0.0,False,False,PARALLEL,True,active,True,,,,,False,True,True,False,False,0,False,,False,
NCT00178035,1999.0,<=2015,PHASE4,drug,0,158.0,OTHER,COMPLETED,RANDOMIZED,True,DOUBLE,2.0,True,True,FACTORIAL,True,none/single-group,False,,,,,True,True,False,False,False,0,False,,False,
NCT01072630,2010.0,<=2015,PHASE3,drug,3,492.0,INDUSTRY,COMPLETED,RANDOMIZED,True,QUADRUPLE,4.0,True,True,PARALLEL,True,placebo/sham,True,492.0,364.0,0.26016260162601623,False,True,True,True,True,False,1,True,,False,True
NCT02935647,2016.0,2016-2020,PHASE1,drug,1,11.0,OTHER,COMPLETED,NA,False,NONE,0.0,False,False,SINGLE_GROUP,False,none/single-group,False,,,,,False,True,False,False,False,1,True,NO,False,True
NCT00707863,2008.0,<=2015,PHASE4,drug,2,17.0,OTHER,COMPLETED,NON_RANDOMIZED,False,NONE,0.0,False,False,PARALLEL,False,none/single-group,False,17.0,14.0,0.17647058823529416,True,True,True,False,True,False,0,False,NO,False,False
NCT03380442,2018.0,2016-2020,PHASE2,drug,3,60.0,OTHER,UNKNOWN,RANDOMIZED,True,QUADRUPLE,4.0,True,True,PARALLEL,True,active,True,,,,,False,False,True,False,False,0,False,NO,False,False
NCT01907217,2008.0,<=2015,PHASE4,both,2,138.0,OTHER,COMPLETED,RANDOMIZED,True,TRIPLE,3.0,True,True,PARALLEL,True,active,True,138.0,136.0,0.01449275362318836,True,True,True,False,True,False,1,True,UNDECIDED,False,True
NCT06391593,2024.0,2021-2026,PHASE2,drug,3,69.0,INDUSTRY,COMPLETED,RANDOMIZED,True,QUADRUPLE,4.0,True,True,CROSSOVER,True,placebo/sham,True,,,,,False,True,True,False,False,0,False,NO,False,False
NCT06426485,2024.0,2021-2026,PHASE4,drug,2,736.0,INDUSTRY,NOT_YET_RECRUITING,RANDOMIZED,True,TRIPLE,3.0,True,True,PARALLEL,True,placebo/sham,True,,,,,True,True,False,False,False,0,False,NO,False,False
NCT04979910,2021.0,2021-2026,PHASE2,drug,1,7.0,OTHER,COMPLETED,NA,False,NONE,0.0,False,False,SINGLE_GROUP,False,none/single-group,False,7.0,7.0,0.0,True,False,True,False,True,False,0,False,NO,False,False
NCT02362412,2015.0,<=2015,PHASE3,drug,2,22.0,INDUSTRY,COMPLETED,RANDOMIZED,True,NONE,0.0,False,False,CROSSOVER,False,none/single-group,False,20.0,20.0,0.0,True,True,True,False,True,False,1,True,NO,False,False
NCT03315897,2017.0,2016-2020,PHASE2,drug,2,103.0,OTHER,COMPLETED,RANDOMIZED,True,SINGLE,1.0,True,False,PARALLEL,True,placebo/sham,True,,,,,False,True,False,False,False,2,True,NO,False,True
NCT07065240,2025.0,2021-2026,PHASE2,drug,2,360.0,INDUSTRY,RECRUITING,RANDOMIZED,True,QUADRUPLE,4.0,True,True,PARALLEL,True,placebo/sham,True,,,,,False,True,False,False,False,0,False,,False,True
NCT03543410,2018.0,2016-2020,PHASE2,drug,3,344.0,INDUSTRY,COMPLETED,RANDOMIZED,True,QUADRUPLE,4.0,True,True,PARALLEL,True,placebo/sham,True,341.0,292.0,0.14369501466275658,True,False,True,True,True,False,2,True,YES,True,True
NCT06270433,2024.0,2021-2026,NA,drug,2,80.0,OTHER,UNKNOWN,RANDOMIZED,True,NONE,0.0,False,False,PARALLEL,True,active,True,,,,,False,True,False,False,False,0,False,,False,False
NCT07645157,2026.0,2021-2026,PHASE2,drug,2,120.0,OTHER,RECRUITING,RANDOMIZED,True,QUADRUPLE,4.0,True,True,PARALLEL,True,none/single-group,False,,,,,False,True,False,False,False,0,False,NO,False,False
NCT06786624,2025.0,2021-2026,PHASE3,drug,2,200.0,INDUSTRY,RECRUITING,RANDOMIZED,True,QUADRUPLE,4.0,True,True,PARALLEL,True,placebo/sham,True,,,,,True,True,False,False,False,0,False,NO,False,True
NCT04156425,2020.0,2016-2020,NA,drug,3,180.0,OTHER,UNKNOWN,RANDOMIZED,True,SINGLE,1.0,True,False,PARALLEL,True,active,True,,,,,False,True,True,False,False,1,True,,False,
NCT00191594,2005.0,<=2015,PHASE3,drug,0,105.0,INDUSTRY,COMPLETED,NON_RANDOMIZED,False,NONE,0.0,False,False,SINGLE_GROUP,True,none/single-group,False,,,,,True,True,False,False,False,0,False,,False,
NCT03889756,2019.0,2016-2020,PHASE2;PHASE3,drug,2,3.0,OTHER,TERMINATED,RANDOMIZED,True,DOUBLE,2.0,True,True,PARALLEL,False,placebo/sham,True,3.0,3.0,0.0,True,True,True,False,True,False,0,False,,False,
NCT04000009,2019.0,2016-2020,PHASE3,drug,1,235.0,INDUSTRY,TERMINATED,NA,False,NONE,0.0,False,False,SINGLE_GROUP,True,none/single-group,False,235.0,70.0,0.7021276595744681,False,True,True,False,True,False,0,False,NO,False,False
NCT00988663,2009.0,<=2015,NA,drug,2,0.0,OTHER,WITHDRAWN,RANDOMIZED,True,QUADRUPLE,4.0,True,True,PARALLEL,False,placebo/sham,True,,,,,False,True,False,False,False,0,False,,False,True
NCT03666494,2018.0,2016-2020,PHASE4,drug,2,50.0,OTHER,UNKNOWN,RANDOMIZED,True,TRIPLE,3.0,True,True,PARALLEL,False,active,True,,,,,True,True,False,False,False,0,False,UNDECIDED,False,True
NCT01468610,2012.0,<=2015,NA,drug,1,47.0,OTHER,COMPLETED,NA,False,NONE,0.0,False,False,SINGLE_GROUP,True,active,True,,,,,False,True,False,False,False,3,True,,False,False
NCT06141876,2023.0,2021-2026,PHASE2,drug,2,160.0,INDUSTRY,UNKNOWN,RANDOMIZED,True,QUADRUPLE,4.0,True,True,PARALLEL,True,placebo/sham,True,,,,,False,True,False,False,False,0,False,UNDECIDED,False,False
NCT00437125,2007.0,<=2015,PHASE4,drug,1,151.0,INDUSTRY,COMPLETED,NA,False,NONE,0.0,False,False,SINGLE_GROUP,True,none/single-group,False,151.0,119.0,0.21192052980132448,False,True,True,False,True,False,0,False,,False,
NCT02269540,2014.0,<=2015,EARLY_PHASE1,drug,3,10.0,OTHER,COMPLETED,NON_RANDOMIZED,False,NONE,0.0,False,False,SINGLE_GROUP,False,none/single-group,False,,,,,False,True,True,False,False,0,False,,False,False
NCT00612807,2006.0,<=2015,PHASE1;PHASE2,drug,2,42.0,OTHER,COMPLETED,RANDOMIZED,True,SINGLE,1.0,True,False,PARALLEL,False,active,True,42.0,40.0,0.04761904761904767,True,False,True,False,True,False,0,False,,False,True
NCT00113022,2005.0,<=2015,PHASE2,drug,2,9.0,NIH,TERMINATED,RANDOMIZED,True,QUADRUPLE,4.0,True,True,PARALLEL,False,placebo/sham,True,9.0,4.0,0.5555555555555556,False,False,True,False,True,False,0,False,,False,True
NCT02046564,2014.0,<=2015,PHASE3,drug,2,412.0,INDUSTRY,COMPLETED,RANDOMIZED,True,QUADRUPLE,4.0,True,True,PARALLEL,True,placebo/sham,True,412.0,377.0,0.08495145631067957,True,True,True,False,True,False,0,False,,False,False
NCT00517387,2007.0,<=2015,PHASE3,drug,1,64.0,OTHER,COMPLETED,RANDOMIZED,True,DOUBLE,2.0,True,True,PARALLEL,False,active,True,,,,,True,True,False,False,False,0,False,,False,False
NCT00641927,2002.0,<=2015,PHASE4,drug,2,90.0,OTHER,COMPLETED,RANDOMIZED,True,NONE,0.0,False,False,PARALLEL,False,active,True,,,,,True,True,False,False,False,1,True,,False,True
NCT00290914,,,PHASE2,drug,0,,OTHER,COMPLETED,,False,,,False,False,,,none/single-group,False,,,,,False,True,False,False,False,0,False,,False,
NCT00330616,2006.0,<=2015,PHASE2,drug,0,35.0,INDUSTRY,COMPLETED,,False,NONE,0.0,False,False,,False,none/single-group,False,35.0,14.0,0.6,False,False,True,False,True,False,0,False,,False,
NCT00093288,2004.0,<=2015,PHASE3,drug,0,364.0,INDUSTRY,COMPLETED,RANDOMIZED,True,DOUBLE,2.0,True,True,PARALLEL,True,none/single-group,False,,,,,True,True,False,False,False,0,False,,False,
NCT01670019,2012.0,<=2015,PHASE4,drug,2,46.0,OTHER,COMPLETED,RANDOMIZED,True,QUADRUPLE,4.0,True,True,PARALLEL,False,placebo/sham,True,46.0,37.0,0.19565217391304346,True,True,True,False,True,False,0,False,,False,False
NCT00051272,2003.0,<=2015,PHASE3,drug,0,425.0,INDUSTRY,COMPLETED,RANDOMIZED,True,DOUBLE,2.0,True,True,PARALLEL,True,none/single-group,False,,,,,True,True,False,False,False,0,False,,False,
NCT01323478,2011.0,<=2015,PHASE3,drug,1,71.0,INDUSTRY,COMPLETED,NA,False,NONE,0.0,False,False,SINGLE_GROUP,False,none/single-group,False,71.0,47.0,0.3380281690140845,False,True,True,False,True,False,1,True,,False,False
NCT04724447,2021.0,2021-2026,PHASE1;PHASE2,drug,2,20.0,OTHER,COMPLETED,RANDOMIZED,True,QUADRUPLE,4.0,True,True,PARALLEL,False,placebo/sham,True,,,,,False,True,False,False,False,0,False,NO,False,True
NCT00188942,2005.0,<=2015,PHASE4,both,1,42.0,OTHER,COMPLETED,NON_RANDOMIZED,False,NONE,0.0,False,False,SINGLE_GROUP,False,active,True,,,,,True,False,False,False,False,0,False,,False,
NCT00075257,,,PHASE3,drug,0,603.0,INDUSTRY,COMPLETED,RANDOMIZED,True,DOUBLE,2.0,True,True,PARALLEL,True,none/single-group,False,,,,,True,True,False,False,False,2,True,,False,
NCT05434156,2022.0,2021-2026,PHASE1;PHASE2,drug,6,84.0,INDUSTRY,ACTIVE_NOT_RECRUITING,RANDOMIZED,True,TRIPLE,3.0,True,True,SEQUENTIAL,True,none/single-group,False,,,,,False,True,True,False,False,0,False,NO,False,False
NCT01469377,2011.0,<=2015,PHASE2,drug,3,819.0,INDUSTRY,COMPLETED,RANDOMIZED,True,QUADRUPLE,4.0,True,True,PARALLEL,True,placebo/sham,True,819.0,670.0,0.18192918192918195,True,False,True,True,True,False,1,True,,False,False
NCT00494728,2007.0,<=2015,PHASE1;PHASE2,drug,2,91.0,OTHER,ACTIVE_NOT_RECRUITING,RANDOMIZED,True,NONE,0.0,False,False,PARALLEL,True,none/single-group,False,,,,,False,True,False,False,False,0,False,,False,True
NCT05030623,2021.0,2021-2026,PHASE1;PHASE2,drug,2,0.0,OTHER,WITHDRAWN,RANDOMIZED,True,DOUBLE,2.0,True,True,PARALLEL,False,placebo/sham,True,,,,,False,True,False,False,False,0,False,YES,True,True
NCT04272476,2014.0,<=2015,PHASE2,drug,2,20.0,OTHER,COMPLETED,RANDOMIZED,True,SINGLE,1.0,True,False,PARALLEL,False,active,True,,,,,False,True,False,False,False,0,False,,False,False
NCT01971203,2009.0,<=2015,NA,drug,2,62.0,OTHER,COMPLETED,RANDOMIZED,True,QUADRUPLE,4.0,True,True,PARALLEL,True,placebo/sham,True,55.0,38.0,0.3090909090909091,False,False,True,False,True,False,0,False,,False,False
NCT02055300,2014.0,<=2015,PHASE1,drug,9,88.0,INDUSTRY,COMPLETED,RANDOMIZED,True,QUADRUPLE,4.0,True,True,PARALLEL,True,placebo/sham,True,,,,,False,True,True,False,False,0,False,,False,False
NCT02744391,2016.0,2016-2020,PHASE4,drug,1,47.0,OTHER,COMPLETED,NA,False,NONE,0.0,False,False,SINGLE_GROUP,False,none/single-group,False,47.0,33.0,0.2978723404255319,False,True,True,False,True,False,2,True,YES,True,False
NCT04388189,2020.0,2016-2020,PHASE4,drug,2,0.0,INDUSTRY,WITHDRAWN,RANDOMIZED,True,NONE,0.0,False,False,PARALLEL,False,active,True,,,,,True,True,False,False,False,0,False,UNDECIDED,False,True
NCT01431573,2011.0,<=2015,NA,both,1,8.0,OTHER,COMPLETED,NA,False,NONE,0.0,False,False,SINGLE_GROUP,False,none/single-group,False,8.0,8.0,0.0,True,False,True,False,True,False,0,False,,False,False
NCT07273851,2025.0,2021-2026,NA,drug,2,80.0,OTHER,COMPLETED,RANDOMIZED,True,NONE,0.0,False,False,PARALLEL,True,active,True,,,,,False,True,False,False,False,0,False,NO,False,False
NCT00810069,2008.0,<=2015,PHASE4,drug,2,840.0,INDUSTRY,COMPLETED,RANDOMIZED,True,DOUBLE,2.0,True,True,PARALLEL,True,none/single-group,False,840.0,566.0,0.32619047619047614,False,True,True,False,True,False,1,True,,False,False
NCT07247968,2025.0,2021-2026,EARLY_PHASE1,drug,2,220.0,OTHER,RECRUITING,RANDOMIZED,True,QUADRUPLE,4.0,True,True,PARALLEL,True,placebo/sham,True,,,,,False,True,False,False,False,0,False,NO,False,False
NCT01371721,2012.0,<=2015,PHASE3,drug,1,269.0,INDUSTRY,COMPLETED,,False,NONE,0.0,False,False,,True,none/single-group,False,269.0,186.0,0.30855018587360594,False,True,True,False,True,False,1,True,,False,True
NCT07052058,2026.0,2021-2026,PHASE2,drug,3,32.0,OTHER,NOT_YET_RECRUITING,RANDOMIZED,True,TRIPLE,3.0,True,True,PARALLEL,False,placebo/sham,True,,,,,False,True,True,False,False,1,True,NO,False,False
NCT01389752,2011.0,<=2015,PHASE1,drug,2,22.0,INDUSTRY,COMPLETED,RANDOMIZED,True,NONE,0.0,False,False,CROSSOVER,False,none/single-group,False,22.0,20.0,0.09090909090909094,True,False,True,False,True,False,0,False,,False,False
NCT06058039,2023.0,2021-2026,PHASE3,drug,2,422.0,INDUSTRY,COMPLETED,RANDOMIZED,True,QUADRUPLE,4.0,True,True,PARALLEL,True,placebo/sham,True,,,,,True,True,False,False,False,0,False,NO,False,True
NCT01814085,2010.0,<=2015,PHASE4,drug,1,225.0,INDUSTRY,COMPLETED,NA,False,NONE,0.0,False,False,SINGLE_GROUP,True,none/single-group,False,,,,,True,True,False,False,False,0,False,,False,False
NCT03554174,2018.0,2016-2020,PHASE1,drug,4,18.0,OTHER,ACTIVE_NOT_RECRUITING,RANDOMIZED,True,DOUBLE,2.0,True,True,CROSSOVER,False,none/single-group,False,,,,,False,True,True,False,False,0,False,,False,False
NCT00214682,2005.0,<=2015,PHASE2,drug,6,909.0,OTHER,COMPLETED,RANDOMIZED,True,TRIPLE,3.0,True,True,FACTORIAL,True,placebo/sham,True,,,,,False,False,True,False,False,3,True,,False,True
NCT02185131,2013.0,<=2015,PHASE2,drug,2,16.0,OTHER,COMPLETED,RANDOMIZED,True,TRIPLE,3.0,True,True,PARALLEL,False,active,True,16.0,14.0,0.125,True,False,True,False,True,False,0,False,NO,False,False
NCT01180400,2010.0,<=2015,PHASE3,drug,2,295.0,INDUSTRY,COMPLETED,RANDOMIZED,True,QUADRUPLE,4.0,True,True,PARALLEL,True,placebo/sham,True,295.0,243.0,0.17627118644067796,True,True,True,False,True,False,1,True,,False,False
NCT01582945,2012.0,<=2015,NA,drug,1,14.0,OTHER,COMPLETED,NA,False,NONE,0.0,False,False,SINGLE_GROUP,False,none/single-group,False,14.0,12.0,0.1428571428571429,True,False,True,False,True,True,0,False,,False,True
NCT01085812,2010.0,<=2015,PHASE3,drug,2,734.0,INDUSTRY,COMPLETED,RANDOMIZED,True,TRIPLE,3.0,True,True,PARALLEL,True,placebo/sham,True,734.0,494.0,0.3269754768392371,False,True,True,False,True,False,0,False,,False,False
NCT03586427,2018.0,2016-2020,PHASE2,drug,5,251.0,INDUSTRY,COMPLETED,RANDOMIZED,True,QUADRUPLE,4.0,True,True,PARALLEL,True,placebo/sham,True,251.0,232.0,0.07569721115537853,True,False,True,True,True,False,0,False,NO,False,False
NCT00256113,2004.0,<=2015,PHASE3,drug,0,467.0,INDUSTRY,COMPLETED,RANDOMIZED,True,DOUBLE,2.0,True,True,PARALLEL,True,none/single-group,False,,,,,True,True,False,False,False,0,False,,False,
NCT01082237,2009.0,<=2015,PHASE4,drug,1,80.0,OTHER,COMPLETED,NA,False,NONE,0.0,False,False,SINGLE_GROUP,False,active,True,,,,,True,True,False,False,False,0,False,,False,True
NCT00520507,2007.0,<=2015,PHASE4,drug,2,27.0,OTHER,COMPLETED,RANDOMIZED,True,TRIPLE,3.0,True,True,PARALLEL,False,placebo/sham,True,,,,,True,True,False,False,False,1,True,,False,False
NCT02192099,2014.0,<=2015,PHASE2,drug,1,61.0,INDUSTRY,TERMINATED,NA,False,NONE,0.0,False,False,SINGLE_GROUP,True,none/single-group,False,61.0,0.0,1.0,False,False,True,False,True,False,0,False,,False,False
NCT05710887,2026.0,2021-2026,PHASE2,drug,2,0.0,OTHER,WITHDRAWN,RANDOMIZED,True,DOUBLE,2.0,True,True,PARALLEL,False,placebo/sham,True,,,,,False,True,False,False,False,0,False,NO,False,True
NCT02458690,2015.0,<=2015,PHASE2,drug,2,216.0,OTHER,COMPLETED,RANDOMIZED,True,SINGLE,1.0,True,False,PARALLEL,True,active,True,216.0,199.0,0.07870370370370372,True,False,False,False,True,False,6,True,,False,True
NCT04410341,2020.0,2016-2020,PHASE1;PHASE2,drug,2,0.0,OTHER,WITHDRAWN,RANDOMIZED,True,DOUBLE,2.0,True,True,PARALLEL,False,placebo/sham,True,,,,,False,True,False,False,False,0,False,YES,True,True
NCT06671977,2025.0,2021-2026,PHASE1,drug,5,60.0,OTHER,RECRUITING,RANDOMIZED,True,TRIPLE,3.0,True,True,CROSSOVER,True,placebo/sham,True,,,,,False,False,True,False,False,0,False,NO,False,False
NCT04285515,2020.0,2016-2020,PHASE3,drug,2,488.0,INDUSTRY,COMPLETED,RANDOMIZED,True,QUADRUPLE,4.0,True,True,PARALLEL,True,placebo/sham,True,488.0,428.0,0.12295081967213117,True,True,True,False,True,False,1,True,NO,False,False
NCT03874130,2018.0,2016-2020,PHASE1,drug,2,130.0,INDUSTRY,UNKNOWN,NON_RANDOMIZED,False,NONE,0.0,False,False,SEQUENTIAL,True,active,True,,,,,False,True,False,False,False,0,False,,False,True
NCT04589143,2020.0,2016-2020,PHASE4,drug,2,137.0,OTHER,COMPLETED,RANDOMIZED,True,QUADRUPLE,4.0,True,True,PARALLEL,True,placebo/sham,True,,,,,True,True,False,False,False,1,True,NO,False,
NCT07085143,2025.0,2021-2026,PHASE4,drug,2,60.0,OTHER,ACTIVE_NOT_RECRUITING,RANDOMIZED,True,QUADRUPLE,4.0,True,True,PARALLEL,False,placebo/sham,True,,,,,True,True,False,False,False,0,False,,False,False
NCT00285727,2006.0,<=2015,NA,drug,0,60.0,OTHER,COMPLETED,NON_RANDOMIZED,False,NONE,0.0,False,False,SINGLE_GROUP,True,none/single-group,False,,,,,False,True,False,False,False,0,False,,False,
NCT00222820,2002.0,<=2015,PHASE4,drug,0,35.0,OTHER,COMPLETED,RANDOMIZED,True,NONE,0.0,False,False,CROSSOVER,False,none/single-group,False,,,,,True,True,False,False,False,0,False,,False,
NCT00610506,2005.0,<=2015,PHASE3,drug,1,15.0,OTHER,COMPLETED,NA,False,SINGLE,1.0,True,False,SINGLE_GROUP,False,none/single-group,False,,,,,True,True,False,False,False,1,True,,False,False
NCT00909155,2002.0,<=2015,NA,drug,3,50.0,OTHER,COMPLETED,RANDOMIZED,True,QUADRUPLE,4.0,True,True,PARALLEL,True,active,True,50.0,35.0,0.30000000000000004,False,False,False,True,True,True,0,False,,False,False
NCT00593879,2005.0,<=2015,PHASE2,drug,2,450.0,INDUSTRY,COMPLETED,RANDOMIZED,True,QUADRUPLE,4.0,True,True,PARALLEL,True,placebo/sham,True,,,,,False,True,False,False,False,0,False,,False,False
NCT01436149,2011.0,<=2015,PHASE3,drug,2,1262.0,INDUSTRY,COMPLETED,RANDOMIZED,True,QUADRUPLE,4.0,True,True,PARALLEL,True,placebo/sham,True,1262.0,896.0,0.2900158478605388,False,True,True,False,True,True,0,False,,False,
NCT02132286,2008.0,<=2015,PHASE4,drug,2,57.0,OTHER,COMPLETED,RANDOMIZED,True,TRIPLE,3.0,True,True,PARALLEL,False,active,True,,,,,True,False,False,False,False,0,False,,False,False
NCT00672958,2008.0,<=2015,PHASE3,drug,2,600.0,INDUSTRY,COMPLETED,RANDOMIZED,True,DOUBLE,2.0,True,True,PARALLEL,True,placebo/sham,True,600.0,480.0,0.19999999999999996,True,True,True,False,True,True,0,False,,False,False
NCT03932825,2019.0,2016-2020,PHASE2,drug,2,44.0,OTHER,COMPLETED,RANDOMIZED,True,DOUBLE,2.0,True,True,PARALLEL,False,placebo/sham,True,,,,,False,True,False,False,False,0,False,NO,False,False
NCT00275197,2005.0,<=2015,PHASE2,drug,0,262.0,INDUSTRY,COMPLETED,RANDOMIZED,True,DOUBLE,2.0,True,True,PARALLEL,True,none/single-group,False,,,,,False,True,False,False,False,0,False,,False,
NCT04266288,2019.0,2016-2020,PHASE4,drug,2,29.0,OTHER,COMPLETED,RANDOMIZED,True,QUADRUPLE,4.0,True,True,PARALLEL,False,placebo/sham,True,,,,,True,True,False,False,False,0,False,NO,False,False
NCT03855865,2019.0,2016-2020,PHASE3,drug,3,0.0,INDUSTRY,WITHDRAWN,RANDOMIZED,True,DOUBLE,2.0,True,True,PARALLEL,False,placebo/sham,True,,,,,True,True,True,False,False,0,False,YES,True,
NCT02553915,2015.0,<=2015,PHASE2;PHASE3,drug,4,61.0,OTHER,COMPLETED,RANDOMIZED,True,QUADRUPLE,4.0,True,True,PARALLEL,False,placebo/sham,True,61.0,50.0,0.180327868852459,True,True,True,True,True,True,2,True,NO,False,True
NCT06626152,2024.0,2021-2026,PHASE2,drug,1,50.0,OTHER,RECRUITING,NA,False,NONE,0.0,False,False,SINGLE_GROUP,True,none/single-group,False,,,,,False,True,False,False,False,0,False,,False,False
NCT06941844,2025.0,2021-2026,PHASE3,drug,2,149.0,INDUSTRY,ACTIVE_NOT_RECRUITING,RANDOMIZED,True,TRIPLE,3.0,True,True,PARALLEL,True,placebo/sham,True,,,,,True,True,False,False,False,0,False,,False,False
NCT05045378,2022.0,2021-2026,PHASE4,drug,3,12.0,OTHER_GOV,COMPLETED,RANDOMIZED,True,QUADRUPLE,4.0,True,True,PARALLEL,False,active,True,,,,,True,True,True,False,False,0,False,,False,False
NCT02141399,2014.0,<=2015,PHASE3,drug,1,1485.0,INDUSTRY,COMPLETED,NA,False,NONE,0.0,False,False,SINGLE_GROUP,True,none/single-group,False,1485.0,741.0,0.501010101010101,False,True,True,False,True,False,0,False,,False,False
NCT00627887,2008.0,<=2015,PHASE4,both,2,56.0,OTHER_GOV,COMPLETED,RANDOMIZED,True,NONE,0.0,False,False,PARALLEL,False,active,True,,,,,True,True,False,False,False,2,True,,False,False
NCT00102492,2004.0,<=2015,PHASE2,drug,0,356.0,INDUSTRY,COMPLETED,RANDOMIZED,True,DOUBLE,2.0,True,True,PARALLEL,True,none/single-group,False,,,,,False,True,False,False,False,0,False,,False,
NCT00351169,2006.0,<=2015,PHASE3,drug,0,450.0,INDUSTRY,COMPLETED,RANDOMIZED,True,DOUBLE,2.0,True,True,PARALLEL,True,none/single-group,False,,,,,True,True,False,False,False,6,True,,False,
NCT00831415,2009.0,<=2015,PHASE3,drug,1,304.0,INDUSTRY,COMPLETED,NA,False,NONE,0.0,False,False,SINGLE_GROUP,True,none/single-group,False,304.0,229.0,0.2467105263157895,False,True,True,False,True,False,0,False,,False,False
NCT01371734,2011.0,<=2015,PHASE3,drug,3,363.0,INDUSTRY,COMPLETED,RANDOMIZED,True,TRIPLE,3.0,True,True,PARALLEL,True,placebo/sham,True,363.0,304.0,0.16253443526170797,True,True,True,True,True,False,1,True,,False,True
NCT00867360,2005.0,<=2015,PHASE3,drug,2,10.0,OTHER,TERMINATED,RANDOMIZED,True,TRIPLE,3.0,True,True,SINGLE_GROUP,False,placebo/sham,True,10.0,8.0,0.19999999999999996,True,True,True,False,True,False,0,False,NO,False,False
NCT02943564,2016.0,2016-2020,PHASE3,drug,3,658.0,INDUSTRY,COMPLETED,RANDOMIZED,True,QUADRUPLE,4.0,True,True,PARALLEL,True,placebo/sham,True,638.0,606.0,0.050156739811912265,True,True,True,True,True,False,0,False,,False,True
NCT04099771,2019.0,2016-2020,EARLY_PHASE1,drug,1,20.0,OTHER,UNKNOWN,NA,False,NONE,0.0,False,False,SINGLE_GROUP,False,none/single-group,False,,,,,False,True,False,False,False,0,False,,False,True
NCT06699966,2027.0,2021-2026,PHASE4,drug,2,42.0,OTHER,NOT_YET_RECRUITING,RANDOMIZED,True,NONE,0.0,False,False,PARALLEL,False,none/single-group,False,,,,,True,True,False,False,False,0,False,,False,True
NCT00194948,2003.0,<=2015,NA,drug,0,60.0,OTHER,COMPLETED,RANDOMIZED,True,NONE,0.0,False,False,PARALLEL,True,none/single-group,False,,,,,False,True,False,False,False,0,False,,False,
NCT06309277,2024.0,2021-2026,PHASE2,drug,2,46.0,INDUSTRY,COMPLETED,RANDOMIZED,True,QUADRUPLE,4.0,True,True,CROSSOVER,False,placebo/sham,True,46.0,36.0,0.21739130434782605,False,False,True,False,True,False,0,False,NO,False,
NCT00969150,2009.0,<=2015,PHASE3,drug,2,362.0,INDUSTRY,COMPLETED,RANDOMIZED,True,TRIPLE,3.0,True,True,PARALLEL,True,placebo/sham,True,357.0,284.0,0.20448179271708689,False,True,True,False,True,False,2,True,,False,False
NCT05431413,2020.0,2016-2020,PHASE2,drug,3,195.0,OTHER,UNKNOWN,RANDOMIZED,True,QUADRUPLE,4.0,True,True,PARALLEL,True,placebo/sham,True,,,,,False,True,True,False,False,0,False,,False,True
NCT04780152,2021.0,2021-2026,PHASE2;PHASE3,both,2,172.0,OTHER,UNKNOWN,RANDOMIZED,True,QUADRUPLE,4.0,True,True,PARALLEL,True,placebo/sham,True,,,,,True,True,False,False,True,0,False,NO,False,False
NCT02646449,2015.0,<=2015,PHASE2,drug,2,11.0,OTHER,COMPLETED,RANDOMIZED,True,TRIPLE,3.0,True,True,PARALLEL,False,placebo/sham,True,7.0,7.0,0.0,True,False,True,False,True,False,0,False,NO,False,False
NCT05259943,2023.0,2021-2026,PHASE2,drug,3,39.0,OTHER,COMPLETED,RANDOMIZED,True,TRIPLE,3.0,True,True,CROSSOVER,False,placebo/sham,True,,,,,False,True,True,False,False,1,True,UNDECIDED,False,False
NCT00419003,2006.0,<=2015,PHASE4,drug,2,26.0,OTHER,COMPLETED,RANDOMIZED,True,TRIPLE,3.0,True,True,FACTORIAL,False,placebo/sham,True,26.0,14.0,0.46153846153846156,False,True,True,False,True,False,3,True,NO,False,False
NCT01977378,2013.0,<=2015,PHASE2;PHASE3,drug,2,300.0,INDUSTRY,UNKNOWN,RANDOMIZED,True,DOUBLE,2.0,True,True,PARALLEL,True,active,True,,,,,True,True,False,False,False,0,False,,False,True
NCT01239888,2012.0,<=2015,PHASE1,drug,3,15.0,OTHER,UNKNOWN,RANDOMIZED,True,DOUBLE,2.0,True,True,PARALLEL,False,placebo/sham,True,,,,,False,True,True,False,False,0,False,,False,False
NCT00357097,2006.0,<=2015,PHASE3,drug,0,240.0,INDUSTRY,COMPLETED,RANDOMIZED,True,TRIPLE,3.0,True,True,PARALLEL,True,none/single-group,False,266.0,183.0,0.3120300751879699,False,True,True,False,True,False,0,False,,False,False
NCT01368432,2010.0,<=2015,PHASE2,drug,2,16.0,OTHER,COMPLETED,RANDOMIZED,True,QUADRUPLE,4.0,True,True,PARALLEL,False,placebo/sham,True,14.0,13.0,0.0714285714285714,True,False,True,False,True,False,0,False,NO,False,True
NCT01601002,2012.0,<=2015,PHASE4,drug,1,19.0,OTHER,COMPLETED,NA,False,NONE,0.0,False,False,SINGLE_GROUP,False,none/single-group,False,,,,,True,False,False,False,False,0,False,,False,False
NCT05081167,2021.0,2021-2026,PHASE3,drug,2,232.0,INDUSTRY,COMPLETED,RANDOMIZED,True,QUADRUPLE,4.0,True,True,PARALLEL,True,placebo/sham,True,232.0,210.0,0.09482758620689657,True,True,True,False,True,False,0,False,,False,True
NCT00179283,2002.0,<=2015,PHASE3,drug,0,20.0,OTHER,COMPLETED,RANDOMIZED,True,DOUBLE,2.0,True,True,PARALLEL,False,none/single-group,False,,,,,True,True,False,False,False,1,True,,False,
NCT00464711,2006.0,<=2015,PHASE4,drug,1,40.0,OTHER,COMPLETED,NA,False,NONE,0.0,False,False,SINGLE_GROUP,False,none/single-group,False,40.0,25.0,0.375,False,True,True,False,True,False,0,False,NO,False,False
NCT07262008,2026.0,2021-2026,PHASE3,drug,2,120.0,OTHER,NOT_YET_RECRUITING,RANDOMIZED,True,DOUBLE,2.0,True,True,PARALLEL,True,active,True,,,,,True,True,False,False,False,0,False,,False,True
NCT00401726,2006.0,<=2015,PHASE4,drug,0,537.0,INDUSTRY,COMPLETED,RANDOMIZED,True,NONE,0.0,False,False,PARALLEL,True,none/single-group,False,537.0,328.0,0.3891992551210428,False,True,True,False,True,False,0,False,,False,
NCT02722967,2016.0,2016-2020,PHASE2,drug,1,49.0,INDUSTRY,COMPLETED,NA,False,NONE,0.0,False,False,SINGLE_GROUP,False,none/single-group,False,49.0,38.0,0.22448979591836737,False,False,True,False,True,False,1,True,NO,False,False
NCT00669110,2008.0,<=2015,PHASE2,drug,1,40.0,INDUSTRY,COMPLETED,RANDOMIZED,True,NONE,0.0,False,False,SINGLE_GROUP,False,none/single-group,False,40.0,19.0,0.525,False,False,True,False,True,False,0,False,,False,False
NCT00671515,2008.0,<=2015,PHASE2,drug,1,23.0,OTHER,COMPLETED,NA,False,NONE,0.0,False,False,SINGLE_GROUP,False,none/single-group,False,23.0,20.0,0.13043478260869568,True,False,True,False,True,False,0,False,,False,True
NCT00408031,2007.0,<=2015,PHASE2,drug,1,26.0,OTHER,COMPLETED,RANDOMIZED,True,TRIPLE,3.0,True,True,PARALLEL,False,none/single-group,False,,,,,False,True,False,False,False,1,True,,False,
NCT06280235,2024.0,2021-2026,PHASE2,drug,4,243.0,INDUSTRY,COMPLETED,RANDOMIZED,True,QUADRUPLE,4.0,True,True,PARALLEL,True,placebo/sham,True,243.0,224.0,0.07818930041152261,True,False,True,True,True,False,0,False,YES,True,False
NCT00844922,2005.0,<=2015,PHASE2,drug,2,16.0,INDUSTRY,COMPLETED,RANDOMIZED,True,QUADRUPLE,4.0,True,True,PARALLEL,False,placebo/sham,True,,,,,False,True,False,False,False,0,False,,False,True
NCT04311619,2019.0,2016-2020,PHASE1,both,1,0.0,OTHER,WITHDRAWN,NA,False,NONE,0.0,False,False,SINGLE_GROUP,False,none/single-group,False,,,,,False,False,False,False,False,0,False,NO,False,
NCT01492621,2011.0,<=2015,PHASE4,drug,0,40.0,OTHER,UNKNOWN,NA,False,NONE,0.0,False,False,SINGLE_GROUP,False,none/single-group,False,,,,,True,False,False,False,False,0,False,,False,False
NCT07574060,2026.0,2021-2026,PHASE2;PHASE3,drug,2,70.0,OTHER,NOT_YET_RECRUITING,RANDOMIZED,True,DOUBLE,2.0,True,True,PARALLEL,False,active,True,,,,,True,True,False,False,False,0,False,,False,
NCT05352113,2022.0,2021-2026,NA,both,3,120.0,OTHER,UNKNOWN,RANDOMIZED,True,DOUBLE,2.0,True,True,PARALLEL,True,none/single-group,False,,,,,False,True,True,False,False,0,False,NO,False,
NCT01361555,2011.0,<=2015,PHASE2,drug,3,789.0,INDUSTRY,TERMINATED,RANDOMIZED,True,TRIPLE,3.0,True,True,PARALLEL,True,none/single-group,False,,,,,False,True,True,False,False,0,False,,False,True
NCT00675896,2007.0,<=2015,PHASE4,drug,2,120.0,OTHER,COMPLETED,RANDOMIZED,True,DOUBLE,2.0,True,True,PARALLEL,True,placebo/sham,True,,,,,True,True,False,False,False,1,True,,False,False
NCT02476058,2015.0,<=2015,PHASE1,drug,3,48.0,INDUSTRY,COMPLETED,RANDOMIZED,True,DOUBLE,2.0,True,True,PARALLEL,True,placebo/sham,True,,,,,False,True,True,False,False,0,False,,False,True
NCT05537584,2022.0,2021-2026,PHASE4,drug,2,133.0,OTHER,COMPLETED,RANDOMIZED,True,QUADRUPLE,4.0,True,True,PARALLEL,True,none/single-group,False,,,,,True,True,False,False,False,0,False,YES,True,False
NCT05591677,2023.0,2021-2026,PHASE2,both,3,180.0,OTHER,ACTIVE_NOT_RECRUITING,RANDOMIZED,True,DOUBLE,2.0,True,True,PARALLEL,True,placebo/sham,True,,,,,False,True,True,False,False,0,False,NO,False,False
NCT01266590,2010.0,<=2015,PHASE1,drug,1,30.0,INDUSTRY,COMPLETED,NON_RANDOMIZED,False,NONE,0.0,False,False,SINGLE_GROUP,True,none/single-group,False,30.0,24.0,0.19999999999999996,True,False,True,False,True,False,0,False,,False,False
NCT03785652,2015.0,<=2015,PHASE1,drug,2,260.0,INDUSTRY,COMPLETED,RANDOMIZED,True,DOUBLE,2.0,True,True,PARALLEL,True,placebo/sham,True,,,,,False,True,False,False,False,0,False,NO,False,False
NCT00421954,2006.0,<=2015,PHASE3,drug,1,8.0,OTHER,COMPLETED,NA,False,NONE,0.0,False,False,SINGLE_GROUP,False,none/single-group,False,0.0,0.0,,,True,True,False,True,False,0,False,,False,
NCT00993629,2010.0,<=2015,PHASE2,drug,2,0.0,FED,WITHDRAWN,RANDOMIZED,True,DOUBLE,2.0,True,True,PARALLEL,False,placebo/sham,True,,,,,False,True,False,False,False,0,False,,False,True
NCT03569475,2018.0,2016-2020,PHASE3,drug,3,501.0,INDUSTRY,COMPLETED,RANDOMIZED,True,QUADRUPLE,4.0,True,True,PARALLEL,True,placebo/sham,True,501.0,436.0,0.12974051896207583,True,True,True,True,True,False,1,True,YES,True,True
NCT02503124,2015.0,<=2015,NA,both,2,32.0,OTHER,TERMINATED,RANDOMIZED,True,NONE,0.0,False,False,PARALLEL,True,active,True,,,,,False,True,False,False,False,0,False,UNDECIDED,False,False
NCT00094432,2004.0,<=2015,PHASE3,drug,2,650.0,INDUSTRY,COMPLETED,RANDOMIZED,True,DOUBLE,2.0,True,True,PARALLEL,True,placebo/sham,True,,,,,True,True,False,False,False,0,False,,False,
NCT06266715,2024.0,2021-2026,NA,drug,2,120.0,OTHER,RECRUITING,RANDOMIZED,True,QUADRUPLE,4.0,True,True,PARALLEL,True,placebo/sham,True,,,,,False,True,False,False,False,1,True,,False,True
NCT06267846,2024.0,2021-2026,PHASE2,drug,4,73.0,INDUSTRY,COMPLETED,RANDOMIZED,True,TRIPLE,3.0,True,True,PARALLEL,True,placebo/sham,True,,,,,False,True,True,False,False,0,False,NO,False,False
NCT02974010,2018.0,2016-2020,PHASE2,drug,2,22.0,INDUSTRY,COMPLETED,RANDOMIZED,True,QUADRUPLE,4.0,True,True,SEQUENTIAL,False,active,True,22.0,11.0,0.5,False,False,True,False,True,False,1,True,NO,False,True
NCT00095745,2004.0,<=2015,PHASE3,drug,1,1002.0,INDUSTRY,COMPLETED,NON_RANDOMIZED,False,NONE,0.0,False,False,SINGLE_GROUP,True,no-intervention,True,,,,,True,True,False,False,False,1,True,,False,False
NCT00616759,2006.0,<=2015,NA,both,2,20.0,OTHER,COMPLETED,RANDOMIZED,True,DOUBLE,2.0,True,True,PARALLEL,False,active,True,20.0,15.0,0.25,False,False,True,False,True,True,0,False,,False,False
NCT00163059,2004.0,<=2015,PHASE2,drug,0,30.0,INDUSTRY,COMPLETED,RANDOMIZED,True,SINGLE,1.0,True,False,PARALLEL,False,none/single-group,False,,,,,False,True,False,False,False,0,False,,False,
NCT01244711,2008.0,<=2015,PHASE4,drug,1,1.0,OTHER,TERMINATED,NA,False,NONE,0.0,False,False,SINGLE_GROUP,False,none/single-group,False,1.0,1.0,0.0,True,True,True,False,True,False,0,False,,False,False
NCT01896934,2013.0,<=2015,PHASE4,drug,1,31.0,OTHER,COMPLETED,NA,False,NONE,0.0,False,False,SINGLE_GROUP,False,none/single-group,False,21.0,19.0,0.09523809523809523,True,True,False,False,True,False,0,False,,False,False
NCT00876343,2009.0,<=2015,PHASE3,drug,3,586.0,INDUSTRY,COMPLETED,RANDOMIZED,True,QUADRUPLE,4.0,True,True,PARALLEL,True,placebo/sham,True,586.0,540.0,0.07849829351535831,True,True,True,True,True,False,2,True,,False,False
NCT00489073,2002.0,<=2015,PHASE3,drug,0,345.0,INDUSTRY,COMPLETED,RANDOMIZED,True,DOUBLE,2.0,True,True,PARALLEL,True,none/single-group,False,,,,,True,True,False,False,False,0,False,,False,False
NCT01152554,2010.0,<=2015,PHASE3,drug,2,813.0,INDUSTRY,COMPLETED,RANDOMIZED,True,QUADRUPLE,4.0,True,True,PARALLEL,True,placebo/sham,True,813.0,368.0,0.5473554735547356,False,True,True,False,True,False,1,True,,False,False
NCT00319319,2003.0,<=2015,PHASE2,drug,0,60.0,OTHER,COMPLETED,RANDOMIZED,True,DOUBLE,2.0,True,True,PARALLEL,True,none/single-group,False,,,,,False,True,False,False,False,1,True,,False,False
NCT00400088,2007.0,<=2015,PHASE3,drug,2,2.0,OTHER,TERMINATED,RANDOMIZED,True,DOUBLE,2.0,True,True,PARALLEL,False,active,True,,,,,True,True,False,False,False,0,False,,False,False
NCT05554627,2023.0,2021-2026,PHASE4,drug,2,0.0,FED,WITHDRAWN,RANDOMIZED,True,SINGLE,1.0,True,False,PARALLEL,False,active,True,,,,,True,True,False,False,False,0,False,NO,False,True
NCT04451187,2020.0,2016-2020,PHASE1,drug,4,63.0,INDUSTRY,COMPLETED,RANDOMIZED,True,DOUBLE,2.0,True,True,CROSSOVER,True,none/single-group,False,,,,,False,False,True,False,False,0,False,YES,True,True
NCT05895747,2023.0,2021-2026,PHASE2,drug,3,106.0,OTHER,RECRUITING,RANDOMIZED,True,QUADRUPLE,4.0,True,True,PARALLEL,True,placebo/sham,True,,,,,False,True,True,False,False,0,False,NO,False,True
NCT00807248,2008.0,<=2015,PHASE2,drug,4,490.0,INDUSTRY,COMPLETED,RANDOMIZED,True,DOUBLE,2.0,True,True,PARALLEL,True,placebo/sham,True,490.0,425.0,0.13265306122448983,True,False,True,True,True,True,0,False,,False,False
NCT02033369,2014.0,<=2015,PHASE4,drug,2,52.0,OTHER,COMPLETED,NON_RANDOMIZED,False,NONE,0.0,False,False,PARALLEL,False,no-intervention,True,52.0,42.0,0.1923076923076923,True,True,False,False,True,False,2,True,NO,False,True
NCT00868374,2008.0,<=2015,PHASE3,drug,2,23.0,OTHER,TERMINATED,RANDOMIZED,True,QUADRUPLE,4.0,True,True,PARALLEL,False,placebo/sham,True,23.0,9.0,0.6086956521739131,False,True,True,False,True,False,0,False,,False,True
NCT01881763,2010.0,<=2015,PHASE4,drug,2,31.0,OTHER,COMPLETED,RANDOMIZED,True,QUADRUPLE,4.0,True,True,PARALLEL,False,active,True,31.0,21.0,0.32258064516129037,False,True,True,False,True,False,1,True,NO,False,False
NCT00048607,2002.0,<=2015,PHASE3,drug,0,600.0,INDUSTRY,COMPLETED,RANDOMIZED,True,DOUBLE,2.0,True,True,PARALLEL,True,none/single-group,False,,,,,True,True,False,False,False,0,False,,False,
NCT03093025,2017.0,2016-2020,PHASE2,drug,3,51.0,INDUSTRY,TERMINATED,RANDOMIZED,True,TRIPLE,3.0,True,True,PARALLEL,True,placebo/sham,True,51.0,43.0,0.1568627450980392,True,False,True,True,True,False,0,False,,False,
NCT03857581,2020.0,2016-2020,PHASE4,drug,2,100.0,OTHER,UNKNOWN,RANDOMIZED,True,NONE,0.0,False,False,PARALLEL,True,active,True,,,,,True,True,False,False,False,0,False,UNDECIDED,False,True
NCT06511908,2024.0,2021-2026,PHASE2,drug,2,50.0,NIH,RECRUITING,RANDOMIZED,True,TRIPLE,3.0,True,True,CROSSOVER,True,none/single-group,False,,,,,False,True,False,False,False,0,False,YES,True,
NCT07374198,2026.0,2021-2026,NA,drug,2,142.0,OTHER,NOT_YET_RECRUITING,RANDOMIZED,True,TRIPLE,3.0,True,True,PARALLEL,True,placebo/sham,True,,,,,False,True,False,False,False,0,False,NO,False,
NCT01876823,2006.0,<=2015,PHASE2;PHASE3,drug,1,60.0,OTHER,COMPLETED,NA,False,NONE,0.0,False,False,SINGLE_GROUP,False,none/single-group,False,35.0,26.0,0.2571428571428571,False,True,True,False,True,False,1,True,,False,False
NCT01882829,2013.0,<=2015,PHASE2,drug,1,20.0,OTHER,COMPLETED,NA,False,NONE,0.0,False,False,SINGLE_GROUP,False,none/single-group,False,20.0,14.0,0.30000000000000004,False,False,True,False,True,True,0,False,,False,False
NCT00360724,2006.0,<=2015,PHASE4,drug,2,65.0,OTHER,COMPLETED,RANDOMIZED,True,QUADRUPLE,4.0,True,True,PARALLEL,False,placebo/sham,True,65.0,57.0,0.12307692307692308,True,True,True,False,True,True,4,True,NO,False,False
NCT07251491,2026.0,2021-2026,PHASE1;PHASE2,drug,3,30.0,FED,RECRUITING,NON_RANDOMIZED,False,TRIPLE,3.0,True,True,SEQUENTIAL,False,none/single-group,False,,,,,False,True,True,False,False,0,False,UNDECIDED,False,True
NCT02644629,2016.0,2016-2020,PHASE4,drug,2,45.0,OTHER,COMPLETED,RANDOMIZED,True,QUADRUPLE,4.0,True,True,PARALLEL,False,active,True,,,,,True,True,False,False,False,0,False,,False,True
NCT00559299,2007.0,<=2015,PHASE1,drug,0,20.0,INDUSTRY,COMPLETED,RANDOMIZED,True,SINGLE,1.0,True,False,CROSSOVER,False,none/single-group,False,,,,,False,True,False,False,False,0,False,,False,False
NCT04004416,2020.0,2016-2020,PHASE4,drug,4,143.0,OTHER,COMPLETED,RANDOMIZED,True,DOUBLE,2.0,True,True,CROSSOVER,True,placebo/sham,True,119.0,118.0,0.008403361344537785,True,True,False,True,True,False,0,False,YES,True,
NCT03152409,2018.0,2016-2020,PHASE2,drug,2,32.0,OTHER,TERMINATED,RANDOMIZED,True,DOUBLE,2.0,True,True,PARALLEL,False,placebo/sham,True,11.0,6.0,0.4545454545454546,False,False,True,False,True,False,0,False,NO,False,False
NCT00725270,1998.0,<=2015,PHASE2;PHASE3,drug,2,12.0,OTHER,TERMINATED,RANDOMIZED,True,TRIPLE,3.0,True,True,PARALLEL,False,placebo/sham,True,12.0,12.0,0.0,True,True,True,False,True,False,1,True,,False,
NCT02153502,2014.0,<=2015,PHASE2,drug,2,206.0,INDUSTRY,COMPLETED,RANDOMIZED,True,QUADRUPLE,4.0,True,True,PARALLEL,True,placebo/sham,True,,,,,False,True,False,False,False,0,False,YES,True,True
NCT02279953,2014.0,<=2015,PHASE3,drug,3,151.0,INDUSTRY,COMPLETED,RANDOMIZED,True,DOUBLE,2.0,True,True,PARALLEL,True,none/single-group,False,,,,,True,True,True,False,False,0,False,,False,False
NCT01564862,2012.0,<=2015,PHASE2,drug,3,602.0,INDUSTRY,COMPLETED,RANDOMIZED,True,QUADRUPLE,4.0,True,True,PARALLEL,True,placebo/sham,True,602.0,508.0,0.15614617940199338,True,False,True,True,True,False,6,True,,False,False
NCT04471818,2019.0,2016-2020,PHASE1;PHASE2,drug,2,19.0,OTHER,COMPLETED,RANDOMIZED,True,DOUBLE,2.0,True,True,PARALLEL,False,placebo/sham,True,,,,,False,True,False,False,False,0,False,,False,
NCT04950868,2022.0,2021-2026,PHASE1,drug,1,22.0,OTHER,ACTIVE_NOT_RECRUITING,NA,False,NONE,0.0,False,False,SINGLE_GROUP,False,none/single-group,False,,,,,False,True,False,False,False,0,False,NO,False,False
NCT06545474,2024.0,2021-2026,NA,both,2,106.0,OTHER,NOT_YET_RECRUITING,RANDOMIZED,True,SINGLE,1.0,True,False,PARALLEL,True,active,True,,,,,False,True,False,False,False,1,True,NO,False,True
NCT07703722,2026.0,2021-2026,PHASE3,drug,4,60.0,OTHER,RECRUITING,RANDOMIZED,True,NONE,0.0,False,False,PARALLEL,False,active,True,,,,,True,True,True,False,False,0,False,YES,True,True
NCT02529462,2014.0,<=2015,PHASE3,drug,2,521.0,INDUSTRY,COMPLETED,RANDOMIZED,True,DOUBLE,2.0,True,True,PARALLEL,True,active,True,,,,,True,True,False,False,False,2,True,NO,False,False
NCT05570110,2022.0,2021-2026,PHASE1;PHASE2,drug,2,80.0,OTHER,RECRUITING,RANDOMIZED,True,QUADRUPLE,4.0,True,True,PARALLEL,True,placebo/sham,True,,,,,False,False,False,False,False,0,False,YES,True,False
NCT01941043,2013.0,<=2015,PHASE2,drug,3,1357.0,INDUSTRY,COMPLETED,RANDOMIZED,True,TRIPLE,3.0,True,True,PARALLEL,True,placebo/sham,True,,,,,False,True,True,False,False,0,False,,False,False
NCT02191397,2015.0,<=2015,PHASE3,drug,2,534.0,INDUSTRY,COMPLETED,RANDOMIZED,True,DOUBLE,2.0,True,True,PARALLEL,True,active,True,534.0,381.0,0.2865168539325843,False,True,True,False,True,False,0,False,YES,True,False
NCT00057239,2003.0,<=2015,PHASE2,drug,0,546.0,INDUSTRY,COMPLETED,RANDOMIZED,True,DOUBLE,2.0,True,True,PARALLEL,True,none/single-group,False,,,,,False,True,False,False,False,0,False,,False,
NCT01436175,2012.0,<=2015,PHASE3,drug,1,1570.0,INDUSTRY,TERMINATED,NA,False,NONE,0.0,False,False,SINGLE_GROUP,True,none/single-group,False,1570.0,300.0,0.8089171974522293,False,True,True,False,True,False,0,False,,False,
NCT00584974,2007.0,<=2015,PHASE2,drug,4,523.0,INDUSTRY,COMPLETED,RANDOMIZED,True,TRIPLE,3.0,True,True,PARALLEL,True,placebo/sham,True,,,,,False,True,True,False,False,0,False,,False,False
NCT00986479,2009.0,<=2015,PHASE2,drug,2,22.0,INDUSTRY,COMPLETED,RANDOMIZED,True,QUADRUPLE,4.0,True,True,CROSSOVER,False,placebo/sham,True,22.0,20.0,0.09090909090909094,True,False,True,False,True,False,3,True,,False,False
NCT06236880,2024.0,2021-2026,PHASE2,drug,3,124.0,INDUSTRY,RECRUITING,RANDOMIZED,True,QUADRUPLE,4.0,True,True,PARALLEL,True,active,True,,,,,False,True,True,False,False,0,False,,False,
NCT03927950,2007.0,<=2015,PHASE4,drug,1,135.0,OTHER,COMPLETED,NA,False,NONE,0.0,False,False,SINGLE_GROUP,True,none/single-group,False,135.0,126.0,0.06666666666666665,True,True,True,False,True,False,0,False,NO,False,True
NCT02470026,2014.0,<=2015,NA,drug,2,131.0,OTHER,COMPLETED,RANDOMIZED,True,DOUBLE,2.0,True,True,CROSSOVER,True,none/single-group,False,,,,,False,False,False,False,False,0,False,,False,False
NCT05454410,2023.0,2021-2026,PHASE2,drug,4,60.0,INDUSTRY,COMPLETED,RANDOMIZED,True,TRIPLE,3.0,True,True,PARALLEL,True,placebo/sham,True,60.0,58.0,0.033333333333333326,True,False,True,True,True,False,0,False,YES,True,True
NCT01822418,2013.0,<=2015,PHASE4,drug,1,27.0,OTHER,COMPLETED,NA,False,NONE,0.0,False,False,SINGLE_GROUP,False,none/single-group,False,,,,,True,True,False,False,False,0,False,,False,True
NCT07307768,2025.0,2021-2026,PHASE1,drug,3,20.0,INDUSTRY,NOT_YET_RECRUITING,RANDOMIZED,True,TRIPLE,3.0,True,True,PARALLEL,False,none/single-group,False,,,,,False,True,True,False,False,0,False,NO,False,False
NCT06610305,2024.0,2021-2026,PHASE4,drug,2,75.0,OTHER,RECRUITING,RANDOMIZED,True,TRIPLE,3.0,True,True,CROSSOVER,False,none/single-group,False,,,,,True,False,False,False,False,0,False,NO,False,False
NCT00285376,2006.0,<=2015,PHASE3,drug,2,410.0,INDUSTRY,COMPLETED,RANDOMIZED,True,QUADRUPLE,4.0,True,True,PARALLEL,True,placebo/sham,True,,,,,True,True,False,False,False,6,True,,False,False
NCT05195203,2021.0,2021-2026,PHASE1,drug,2,96.0,INDUSTRY,COMPLETED,RANDOMIZED,True,DOUBLE,2.0,True,True,SEQUENTIAL,True,placebo/sham,True,,,,,False,True,False,False,False,1,True,,False,False
NCT00227955,1987.0,<=2015,PHASE4,drug,0,200.0,OTHER,COMPLETED,RANDOMIZED,True,NONE,0.0,False,False,CROSSOVER,True,none/single-group,False,,,,,True,True,False,False,False,0,False,,False,
NCT00296686,2001.0,<=2015,PHASE4,drug,1,31.0,OTHER,TERMINATED,NA,False,NONE,0.0,False,False,SINGLE_GROUP,False,none/single-group,False,,,,,True,True,False,False,False,1,True,,False,False
NCT01140906,2010.0,<=2015,PHASE3,drug,4,607.0,INDUSTRY,COMPLETED,RANDOMIZED,True,DOUBLE,2.0,True,True,PARALLEL,True,placebo/sham,True,607.0,506.0,0.1663920922570017,True,True,True,True,True,False,6,True,,False,False
NCT05973851,2024.0,2021-2026,PHASE3,drug,2,418.0,OTHER,RECRUITING,RANDOMIZED,True,SINGLE,1.0,True,False,PARALLEL,True,active,True,,,,,True,True,False,False,False,0,False,YES,True,True
NCT02637466,2016.0,2016-2020,PHASE4,drug,2,0.0,OTHER,WITHDRAWN,RANDOMIZED,True,DOUBLE,2.0,True,True,PARALLEL,False,placebo/sham,True,,,,,True,True,False,False,False,0,False,,False,True
NCT03018340,2016.0,2016-2020,PHASE2,drug,2,207.0,INDUSTRY,COMPLETED,RANDOMIZED,True,QUADRUPLE,4.0,True,True,PARALLEL,True,placebo/sham,True,207.0,169.0,0.18357487922705318,True,False,True,False,True,False,2,True,NO,False,False
NCT00840034,2009.0,<=2015,PHASE2,drug,2,227.0,INDUSTRY,COMPLETED,RANDOMIZED,True,QUADRUPLE,4.0,True,True,PARALLEL,True,placebo/sham,True,227.0,170.0,0.25110132158590304,False,False,True,False,True,False,1,True,,False,False
NCT02330679,2014.0,<=2015,PHASE4,drug,1,61.0,OTHER,UNKNOWN,NA,False,SINGLE,1.0,True,False,SINGLE_GROUP,False,none/single-group,False,,,,,True,True,False,False,False,0,False,,False,False
NCT06828887,2025.0,2021-2026,PHASE2,drug,3,400.0,INDUSTRY,RECRUITING,RANDOMIZED,True,DOUBLE,2.0,True,True,PARALLEL,True,placebo/sham,True,,,,,False,True,True,False,False,0,False,NO,False,False
NCT03558256,2016.0,2016-2020,NA,drug,2,105.0,OTHER,UNKNOWN,RANDOMIZED,True,SINGLE,1.0,True,False,PARALLEL,True,active,True,,,,,False,True,False,False,False,1,True,,False,False
NCT07003997,2025.0,2021-2026,PHASE2,drug,2,100.0,OTHER,RECRUITING,RANDOMIZED,True,DOUBLE,2.0,True,True,PARALLEL,True,placebo/sham,True,,,,,False,True,False,False,False,0,False,YES,True,True
NCT01962753,2012.0,<=2015,NA,drug,1,92.0,OTHER,COMPLETED,NA,False,NONE,0.0,False,False,SINGLE_GROUP,True,none/single-group,False,,,,,False,False,False,False,True,0,False,,False,True
NCT06605105,2025.0,2021-2026,PHASE3,drug,1,468.0,INDUSTRY,ENROLLING_BY_INVITATION,NA,False,NONE,0.0,False,False,SINGLE_GROUP,True,none/single-group,False,,,,,True,True,False,False,False,0,False,NO,False,False
NCT00332787,2000.0,<=2015,NA,drug,0,200.0,OTHER,COMPLETED,RANDOMIZED,True,DOUBLE,2.0,True,True,PARALLEL,True,none/single-group,False,,,,,False,True,False,False,False,4,True,,False,
NCT00676676,2007.0,<=2015,NA,drug,1,9.0,OTHER,COMPLETED,NA,False,NONE,0.0,False,False,SINGLE_GROUP,False,active,True,9.0,9.0,0.0,True,False,True,False,True,False,0,False,,False,True
NCT01168674,2010.0,<=2015,PHASE4,drug,2,49.0,OTHER,COMPLETED,RANDOMIZED,True,DOUBLE,2.0,True,True,CROSSOVER,False,placebo/sham,True,49.0,49.0,0.0,True,True,True,False,True,False,0,False,NO,False,True
NCT05136755,2022.0,2021-2026,PHASE2,drug,2,50.0,OTHER,RECRUITING,RANDOMIZED,True,TRIPLE,3.0,True,True,PARALLEL,True,placebo/sham,True,,,,,False,True,False,False,False,0,False,,False,True
NCT00042029,2002.0,<=2015,PHASE3,drug,0,324.0,INDUSTRY,COMPLETED,,False,,,False,False,,True,none/single-group,False,,,,,True,True,False,False,False,0,False,,False,
NCT01774045,2012.0,<=2015,PHASE1,drug,2,30.0,INDUSTRY,COMPLETED,RANDOMIZED,True,TRIPLE,3.0,True,True,PARALLEL,True,placebo/sham,True,30.0,30.0,0.0,True,False,False,False,True,False,0,False,,False,True
NCT02191124,2011.0,<=2015,PHASE4,drug,2,164.0,OTHER,COMPLETED,RANDOMIZED,True,DOUBLE,2.0,True,True,FACTORIAL,True,active,True,,,,,True,True,False,False,False,0,False,,False,True
NCT00849901,2009.0,<=2015,PHASE3,drug,3,337.0,INDUSTRY,COMPLETED,RANDOMIZED,True,QUADRUPLE,4.0,True,True,PARALLEL,True,placebo/sham,True,337.0,265.0,0.21364985163204753,False,True,True,True,True,False,3,True,,False,False
NCT04751071,2021.0,2021-2026,PHASE1;PHASE2,drug,2,0.0,OTHER,WITHDRAWN,RANDOMIZED,True,DOUBLE,2.0,True,True,PARALLEL,False,placebo/sham,True,,,,,False,True,False,False,False,0,False,YES,True,True
NCT05189977,2022.0,2021-2026,PHASE1,drug,2,34.0,INDUSTRY,TERMINATED,NON_RANDOMIZED,False,NONE,0.0,False,False,CROSSOVER,True,active,True,,,,,False,False,False,False,False,0,False,,False,False
NCT02900092,2016.0,2016-2020,NA,drug,1,10.0,OTHER,COMPLETED,NA,False,NONE,0.0,False,False,SINGLE_GROUP,False,none/single-group,False,10.0,9.0,0.09999999999999998,True,False,True,False,True,False,1,True,NO,False,True
NCT01548703,2012.0,<=2015,PHASE1,drug,3,30.0,INDUSTRY,COMPLETED,RANDOMIZED,True,DOUBLE,2.0,True,True,SINGLE_GROUP,True,none/single-group,False,,,,,False,True,True,False,False,0,False,,False,False
NCT00659347,2008.0,<=2015,PHASE2,drug,2,200.0,INDUSTRY,TERMINATED,RANDOMIZED,True,TRIPLE,3.0,True,True,PARALLEL,True,placebo/sham,True,,,,,False,True,False,False,False,0,False,,False,False
NCT04344678,2020.0,2016-2020,NA,drug,2,0.0,OTHER,WITHDRAWN,RANDOMIZED,True,DOUBLE,2.0,True,True,PARALLEL,False,placebo/sham,True,,,,,False,True,False,False,False,0,False,,False,True
NCT02473783,2011.0,<=2015,PHASE2,drug,1,37.0,OTHER,COMPLETED,NA,False,NONE,0.0,False,False,SINGLE_GROUP,False,none/single-group,False,37.0,37.0,0.0,True,False,False,False,True,False,0,False,,False,False
NCT04587778,2020.0,2016-2020,PHASE1,drug,3,65.0,OTHER,UNKNOWN,RANDOMIZED,True,DOUBLE,2.0,True,True,CROSSOVER,True,none/single-group,False,,,,,False,False,True,False,False,0,False,NO,False,True
NCT06011577,2023.0,2021-2026,PHASE3,drug,2,27.0,INDUSTRY,TERMINATED,RANDOMIZED,True,QUADRUPLE,4.0,True,True,PARALLEL,False,placebo/sham,True,27.0,26.0,0.03703703703703709,True,True,True,False,True,False,0,False,,False,True
NCT01824433,2013.0,<=2015,PHASE4,drug,2,189.0,OTHER,COMPLETED,RANDOMIZED,True,SINGLE,1.0,True,False,PARALLEL,True,active,True,,,,,True,True,False,False,False,1,True,NO,False,True
NCT00191919,2005.0,<=2015,PHASE3,drug,0,310.0,INDUSTRY,COMPLETED,RANDOMIZED,True,DOUBLE,2.0,True,True,PARALLEL,True,none/single-group,False,,,,,True,True,False,False,False,3,True,,False,
NCT03672175,2018.0,2016-2020,PHASE3,drug,3,581.0,INDUSTRY,COMPLETED,RANDOMIZED,True,QUADRUPLE,4.0,True,True,PARALLEL,True,placebo/sham,True,581.0,547.0,0.058519793459552494,True,True,True,True,True,False,1,True,YES,True,False
NCT01110889,2010.0,<=2015,PHASE3,drug,3,582.0,INDUSTRY,COMPLETED,RANDOMIZED,True,QUADRUPLE,4.0,True,True,PARALLEL,True,placebo/sham,True,,,,,True,True,True,False,False,0,False,,False,
NCT05774665,2025.0,2021-2026,PHASE2,drug,2,14.0,OTHER,ACTIVE_NOT_RECRUITING,RANDOMIZED,True,QUADRUPLE,4.0,True,True,PARALLEL,False,placebo/sham,True,,,,,False,True,False,False,False,0,False,YES,True,True
NCT01282632,2002.0,<=2015,PHASE1;PHASE2,drug,2,42.0,OTHER,COMPLETED,RANDOMIZED,True,QUADRUPLE,4.0,True,True,SINGLE_GROUP,False,none/single-group,False,,,,,False,True,False,False,False,0,False,,False,True
NCT00149643,2004.0,<=2015,PHASE2,drug,2,70.0,OTHER,COMPLETED,RANDOMIZED,True,TRIPLE,3.0,True,True,PARALLEL,True,placebo/sham,True,70.0,0.0,1.0,False,False,True,False,True,True,0,False,,False,True
NCT03039192,2017.0,2016-2020,PHASE3,drug,2,226.0,INDUSTRY,COMPLETED,RANDOMIZED,True,DOUBLE,2.0,True,True,PARALLEL,True,placebo/sham,True,226.0,164.0,0.2743362831858407,False,True,True,False,True,False,7,True,,False,True
NCT06957223,2025.0,2021-2026,NA,drug,2,80.0,OTHER_GOV,COMPLETED,RANDOMIZED,True,TRIPLE,3.0,True,True,PARALLEL,True,active,True,,,,,False,True,False,False,False,0,False,NO,False,False
NCT00931775,2002.0,<=2015,PHASE2,drug,2,30.0,OTHER,COMPLETED,RANDOMIZED,True,TRIPLE,3.0,True,True,PARALLEL,False,placebo/sham,True,,,,,False,True,False,False,False,1,True,,False,True
NCT01880957,2011.0,<=2015,NA,drug,2,76.0,OTHER,COMPLETED,NON_RANDOMIZED,False,NONE,0.0,False,False,PARALLEL,True,none/single-group,False,76.0,48.0,0.368421052631579,False,False,False,False,True,False,1,True,,False,False
NCT06309472,2024.0,2021-2026,PHASE2,drug,2,76.0,OTHER,RECRUITING,RANDOMIZED,True,QUADRUPLE,4.0,True,True,PARALLEL,True,placebo/sham,True,,,,,False,True,False,False,False,0,False,NO,False,False
NCT01537068,2012.0,<=2015,PHASE4,drug,2,59.0,OTHER,COMPLETED,RANDOMIZED,True,QUADRUPLE,4.0,True,True,PARALLEL,False,placebo/sham,True,59.0,52.0,0.11864406779661019,True,True,True,False,True,False,4,True,NO,False,False
NCT04181736,2022.0,2021-2026,PHASE4,drug,1,28.0,OTHER,COMPLETED,NA,False,NONE,0.0,False,False,SINGLE_GROUP,False,none/single-group,False,28.0,17.0,0.3928571428571429,False,True,True,False,True,False,0,False,NO,False,False
NCT01153347,2010.0,<=2015,PHASE3,drug,4,2409.0,INDUSTRY,COMPLETED,RANDOMIZED,True,QUADRUPLE,4.0,True,True,PARALLEL,True,placebo/sham,True,641.0,482.0,0.24804992199687992,False,True,True,True,True,False,1,True,,False,False
NCT02459236,2015.0,<=2015,PHASE2,drug,3,115.0,INDUSTRY,COMPLETED,RANDOMIZED,True,TRIPLE,3.0,True,True,PARALLEL,True,placebo/sham,True,,,,,False,True,True,False,False,0,False,,False,False
NCT03352453,2017.0,2016-2020,PHASE2,drug,2,138.0,INDUSTRY,TERMINATED,RANDOMIZED,True,QUADRUPLE,4.0,True,True,PARALLEL,True,placebo/sham,True,138.0,84.0,0.3913043478260869,False,False,True,False,True,False,0,False,UNDECIDED,False,True
NCT02229825,2007.0,<=2015,PHASE4,drug,2,339.0,INDUSTRY,COMPLETED,RANDOMIZED,True,DOUBLE,2.0,True,True,PARALLEL,True,none/single-group,False,339.0,285.0,0.15929203539823011,True,True,True,False,True,False,0,False,,False,
NCT05323019,2022.0,2021-2026,PHASE2,drug,2,6.0,INDUSTRY,TERMINATED,RANDOMIZED,True,SINGLE,1.0,True,False,PARALLEL,False,none/single-group,False,,,,,False,True,False,False,False,0,False,YES,True,True
NCT01559857,2011.0,<=2015,PHASE4,drug,2,37.0,OTHER,COMPLETED,RANDOMIZED,True,QUADRUPLE,4.0,True,True,PARALLEL,False,placebo/sham,True,37.0,37.0,0.0,True,True,True,False,True,False,1,True,NO,False,False
NCT05318924,2022.0,2021-2026,PHASE1;PHASE2,drug,3,26.0,OTHER,COMPLETED,RANDOMIZED,True,TRIPLE,3.0,True,True,CROSSOVER,False,placebo/sham,True,,,,,False,False,True,False,False,0,False,YES,True,False
NCT01311570,2012.0,<=2015,PHASE1,drug,1,20.0,OTHER,UNKNOWN,NA,False,NONE,0.0,False,False,SINGLE_GROUP,False,none/single-group,False,,,,,False,True,False,False,False,0,False,,False,True
NCT01423253,2011.0,<=2015,PHASE3,drug,1,48.0,INDUSTRY,COMPLETED,NA,False,NONE,0.0,False,False,SINGLE_GROUP,False,none/single-group,False,48.0,39.0,0.1875,True,True,True,False,True,False,0,False,,False,True
NCT01052077,2010.0,<=2015,PHASE2,drug,2,773.0,INDUSTRY,COMPLETED,RANDOMIZED,True,TRIPLE,3.0,True,True,PARALLEL,True,placebo/sham,True,769.0,623.0,0.18985695708712613,True,False,True,False,True,False,1,True,,False,
NCT07619092,2026.0,2021-2026,NA,both,2,145.0,OTHER,RECRUITING,RANDOMIZED,True,SINGLE,1.0,True,False,PARALLEL,True,active,True,,,,,False,True,False,False,False,0,False,,False,False
NCT06400121,2024.0,2021-2026,PHASE2,drug,3,150.0,OTHER,RECRUITING,RANDOMIZED,True,QUADRUPLE,4.0,True,True,PARALLEL,True,placebo/sham,True,,,,,False,True,True,False,False,0,False,NO,False,False
NCT04727229,2021.0,2021-2026,PHASE4,drug,2,10.0,OTHER,COMPLETED,RANDOMIZED,True,DOUBLE,2.0,True,True,PARALLEL,False,placebo/sham,True,,,,,True,False,False,False,True,0,False,NO,False,
NCT04830215,2021.0,2021-2026,PHASE4,drug,1,122.0,INDUSTRY,COMPLETED,NA,False,NONE,0.0,False,False,SINGLE_GROUP,True,none/single-group,False,122.0,111.0,0.0901639344262295,True,True,True,False,True,False,2,True,UNDECIDED,False,False
NCT06559306,2024.0,2021-2026,PHASE3,drug,5,752.0,INDUSTRY,RECRUITING,RANDOMIZED,True,DOUBLE,2.0,True,True,PARALLEL,True,placebo/sham,True,,,,,True,True,True,False,False,0,False,YES,True,True
NCT00036309,2002.0,<=2015,PHASE3,drug,0,,INDUSTRY,COMPLETED,,False,,,False,False,,,none/single-group,False,,,,,True,True,False,False,False,1,True,,False,
NCT03668600,2018.0,2016-2020,PHASE3,drug,1,230.0,INDUSTRY,TERMINATED,NA,False,NONE,0.0,False,False,SINGLE_GROUP,True,none/single-group,False,230.0,0.0,1.0,False,True,True,False,True,False,0,False,,False,
NCT07586150,2028.0,2021-2026,NA,both,2,140.0,OTHER,NOT_YET_RECRUITING,RANDOMIZED,True,SINGLE,1.0,True,False,PARALLEL,True,active,True,,,,,False,True,False,False,False,0,False,UNDECIDED,False,False
NCT00694304,2008.0,<=2015,PHASE3,drug,1,535.0,INDUSTRY,COMPLETED,NA,False,NONE,0.0,False,False,SINGLE_GROUP,True,none/single-group,False,535.0,328.0,0.38691588785046727,False,True,True,False,True,True,0,False,,False,False
NCT01635218,2012.0,<=2015,PHASE2,drug,3,133.0,OTHER_GOV,COMPLETED,RANDOMIZED,True,QUADRUPLE,4.0,True,True,PARALLEL,True,placebo/sham,True,133.0,117.0,0.12030075187969924,True,False,True,True,True,False,4,True,,False,True
NCT02882711,2016.0,2016-2020,PHASE2,drug,1,10.0,OTHER,TERMINATED,NA,False,NONE,0.0,False,False,SINGLE_GROUP,False,none/single-group,False,6.0,2.0,0.6666666666666667,False,False,True,False,True,False,0,False,,False,
NCT03739632,2018.0,2016-2020,PHASE2,drug,4,240.0,INDUSTRY,COMPLETED,RANDOMIZED,True,QUADRUPLE,4.0,True,True,PARALLEL,True,placebo/sham,True,,,,,False,True,True,False,False,0,False,,False,True
NCT05644093,2023.0,2021-2026,PHASE1,drug,2,14.0,INDUSTRY,COMPLETED,NON_RANDOMIZED,False,NONE,0.0,False,False,CROSSOVER,False,none/single-group,False,,,,,False,True,False,False,False,0,False,NO,False,False
NCT01373931,2011.0,<=2015,PHASE1,drug,2,20.0,INDUSTRY,COMPLETED,RANDOMIZED,True,SINGLE,1.0,True,False,CROSSOVER,False,none/single-group,False,20.0,18.0,0.09999999999999998,True,False,True,False,True,False,0,False,,False,False
NCT01254305,2011.0,<=2015,PHASE2,drug,3,262.0,INDUSTRY,COMPLETED,RANDOMIZED,True,TRIPLE,3.0,True,True,PARALLEL,True,placebo/sham,True,262.0,205.0,0.21755725190839692,False,False,True,True,True,False,0,False,,False,False
NCT03915613,2021.0,2021-2026,PHASE1;PHASE2,drug,2,150.0,OTHER,UNKNOWN,RANDOMIZED,True,QUADRUPLE,4.0,True,True,CROSSOVER,True,placebo/sham,True,,,,,False,True,False,False,False,0,False,,False,False
NCT01243957,2010.0,<=2015,PHASE1,drug,1,20.0,INDUSTRY,COMPLETED,NA,False,NONE,0.0,False,False,SINGLE_GROUP,False,none/single-group,False,20.0,20.0,0.0,True,False,True,False,True,False,0,False,,False,False
NCT03202095,2017.0,2016-2020,PHASE4,drug,1,0.0,OTHER,WITHDRAWN,NA,False,NONE,0.0,False,False,SINGLE_GROUP,False,none/single-group,False,,,,,True,True,False,False,False,0,False,NO,False,True
NCT03065335,2017.0,2016-2020,PHASE1,both,8,150.0,NIH,RECRUITING,RANDOMIZED,True,DOUBLE,2.0,True,True,CROSSOVER,True,placebo/sham,True,,,,,False,True,True,False,False,1,True,YES,True,
NCT00944996,2009.0,<=2015,NA,drug,2,100.0,OTHER_GOV,COMPLETED,NON_RANDOMIZED,False,DOUBLE,2.0,True,True,CROSSOVER,True,active,True,,,,,False,False,False,False,False,0,False,,False,True
NCT03219008,2017.0,2016-2020,PHASE4,drug,13,800.0,OTHER,UNKNOWN,RANDOMIZED,True,DOUBLE,2.0,True,True,PARALLEL,True,none/single-group,False,,,,,True,True,True,False,False,3,True,UNDECIDED,False,False
NCT00413023,2005.0,<=2015,PHASE2,drug,0,348.0,INDUSTRY,COMPLETED,RANDOMIZED,True,DOUBLE,2.0,True,True,PARALLEL,True,none/single-group,False,,,,,False,True,False,False,False,0,False,YES,True,False
NCT01031810,2009.0,<=2015,PHASE4,drug,1,13.0,OTHER,TERMINATED,NA,False,NONE,0.0,False,False,SINGLE_GROUP,False,none/single-group,False,13.0,9.0,0.3076923076923077,False,True,True,False,True,False,0,False,,False,False
NCT00845507,2008.0,<=2015,PHASE4,drug,2,54.0,OTHER,COMPLETED,RANDOMIZED,True,TRIPLE,3.0,True,True,PARALLEL,False,placebo/sham,True,54.0,51.0,0.05555555555555558,True,True,True,False,True,False,1,True,,False,False
NCT00042562,2002.0,<=2015,PHASE3,drug,0,,INDUSTRY,COMPLETED,NON_RANDOMIZED,False,NONE,0.0,False,False,SINGLE_GROUP,,none/single-group,False,,,,,True,True,False,False,False,0,False,,False,
NCT06664138,2023.0,2021-2026,PHASE4,drug,2,30.0,OTHER,COMPLETED,RANDOMIZED,True,QUADRUPLE,4.0,True,True,CROSSOVER,False,none/single-group,False,,,,,True,True,False,False,False,0,False,YES,True,False
NCT02058693,2010.0,<=2015,PHASE4,drug,2,41.0,OTHER,COMPLETED,RANDOMIZED,True,QUADRUPLE,4.0,True,True,CROSSOVER,False,placebo/sham,True,41.0,32.0,0.2195121951219512,False,True,True,False,True,False,0,False,NO,False,False
NCT04640636,2021.0,2021-2026,PHASE4,drug,2,90.0,OTHER,SUSPENDED,RANDOMIZED,True,QUADRUPLE,4.0,True,True,PARALLEL,False,active,True,,,,,True,True,False,False,False,0,False,YES,True,True
NCT00179257,2004.0,<=2015,PHASE3,drug,0,20.0,OTHER,COMPLETED,NON_RANDOMIZED,False,NONE,0.0,False,False,SINGLE_GROUP,False,none/single-group,False,,,,,True,True,False,False,False,0,False,,False,
NCT00901407,2003.0,<=2015,NA,drug,2,138.0,OTHER,COMPLETED,RANDOMIZED,True,DOUBLE,2.0,True,True,PARALLEL,True,placebo/sham,True,,,,,False,True,False,False,True,1,True,,False,True
NCT00330174,2006.0,<=2015,PHASE4,drug,2,90.0,OTHER,COMPLETED,RANDOMIZED,True,DOUBLE,2.0,True,True,PARALLEL,False,placebo/sham,True,90.0,49.0,0.4555555555555556,False,True,True,False,True,False,0,False,,False,False
NCT05018013,2021.0,2021-2026,PHASE2,drug,6,240.0,INDUSTRY,UNKNOWN,RANDOMIZED,True,TRIPLE,3.0,True,True,PARALLEL,True,placebo/sham,True,,,,,False,True,True,False,False,0,False,NO,False,
NCT01251471,2011.0,<=2015,PHASE4,drug,1,26.0,OTHER,COMPLETED,NA,False,NONE,0.0,False,False,SINGLE_GROUP,False,none/single-group,False,,,,,True,False,False,False,False,0,False,,False,True
NCT05220410,2022.0,2021-2026,PHASE2,drug,1,20.0,OTHER,COMPLETED,NA,False,NONE,0.0,False,False,SINGLE_GROUP,False,none/single-group,False,,,,,False,True,False,False,False,1,True,NO,False,True
NCT01531309,2011.0,<=2015,PHASE1,drug,3,32.0,INDUSTRY,COMPLETED,NON_RANDOMIZED,False,NONE,0.0,False,False,PARALLEL,True,none/single-group,False,,,,,False,False,True,False,False,0,False,,False,
NCT04509102,2021.0,2021-2026,EARLY_PHASE1,drug,2,30.0,OTHER,ENROLLING_BY_INVITATION,RANDOMIZED,True,TRIPLE,3.0,True,True,PARALLEL,True,placebo/sham,True,,,,,False,True,False,False,False,0,False,,False,False
NCT03155503,2017.0,2016-2020,PHASE1,drug,2,64.0,INDUSTRY,COMPLETED,RANDOMIZED,True,QUADRUPLE,4.0,True,True,PARALLEL,True,active,True,,,,,False,True,False,False,False,1,True,NO,False,True
NCT00220623,2004.0,<=2015,PHASE3,drug,0,30.0,OTHER,UNKNOWN,RANDOMIZED,True,SINGLE,1.0,True,False,PARALLEL,False,none/single-group,False,,,,,True,True,False,False,False,0,False,,False,
NCT02924090,2016.0,2016-2020,PHASE4,both,4,48.0,OTHER,UNKNOWN,RANDOMIZED,True,DOUBLE,2.0,True,True,PARALLEL,False,active,True,,,,,True,True,True,False,False,0,False,NO,False,False
NCT01541475,2009.0,<=2015,PHASE4,drug,2,60.0,OTHER,COMPLETED,RANDOMIZED,True,SINGLE,1.0,True,False,PARALLEL,False,active,True,,,,,True,True,False,False,False,0,False,,False,False
NCT01944969,2013.0,<=2015,PHASE3,drug,1,26.0,INDUSTRY,TERMINATED,NA,False,NONE,0.0,False,False,SINGLE_GROUP,False,none/single-group,False,26.0,0.0,1.0,False,True,True,False,True,False,0,False,,False,False
NCT02902601,2016.0,2016-2020,PHASE1,drug,3,70.0,INDUSTRY,COMPLETED,RANDOMIZED,True,DOUBLE,2.0,True,True,PARALLEL,True,placebo/sham,True,,,,,False,True,True,False,False,0,False,,False,False
NCT00519012,2007.0,<=2015,PHASE4,drug,2,200.0,OTHER,UNKNOWN,RANDOMIZED,True,NONE,0.0,False,False,PARALLEL,True,active,True,,,,,True,True,False,False,False,0,False,,False,True
NCT00246233,2005.0,<=2015,PHASE3,drug,0,145.0,INDUSTRY,COMPLETED,RANDOMIZED,True,DOUBLE,2.0,True,True,PARALLEL,True,none/single-group,False,,,,,True,True,False,False,True,0,False,,False,
NCT00088699,2004.0,<=2015,PHASE1;PHASE2,drug,2,67.0,NIH,COMPLETED,RANDOMIZED,True,QUADRUPLE,4.0,True,True,CROSSOVER,True,none/single-group,False,67.0,63.0,0.05970149253731338,True,False,False,False,True,True,45,True,,False,True
NCT01152996,2010.0,<=2015,PHASE3,drug,1,1075.0,INDUSTRY,COMPLETED,NA,False,NONE,0.0,False,False,SINGLE_GROUP,True,none/single-group,False,1075.0,538.0,0.49953488372093025,False,True,True,False,True,False,0,False,,False,False
NCT06842992,2024.0,2021-2026,PHASE2,drug,5,243.0,INDUSTRY,COMPLETED,RANDOMIZED,True,QUADRUPLE,4.0,True,True,PARALLEL,True,placebo/sham,True,,,,,False,True,True,False,False,0,False,UNDECIDED,False,False
NCT00882362,2009.0,<=2015,PHASE3,drug,1,155.0,INDUSTRY,COMPLETED,NA,False,NONE,0.0,False,False,SINGLE_GROUP,True,none/single-group,False,155.0,83.0,0.46451612903225803,False,True,True,False,True,False,0,False,,False,False
NCT00057226,2003.0,<=2015,PHASE2,drug,0,365.0,INDUSTRY,COMPLETED,RANDOMIZED,True,DOUBLE,2.0,True,True,PARALLEL,True,none/single-group,False,,,,,False,True,False,False,False,0,False,,False,False
NCT02994433,2017.0,2016-2020,PHASE1,both,2,60.0,OTHER,RECRUITING,RANDOMIZED,True,DOUBLE,2.0,True,True,CROSSOVER,True,placebo/sham,True,,,,,False,True,False,False,False,2,True,,False,False
NCT00714779,2000.0,<=2015,NA,drug,2,85.0,OTHER,COMPLETED,RANDOMIZED,True,NONE,0.0,False,False,PARALLEL,True,active,True,,,,,False,True,False,False,False,0,False,,False,False
NCT03812588,2019.0,2016-2020,PHASE4,drug,4,29.0,OTHER,COMPLETED,RANDOMIZED,True,QUADRUPLE,4.0,True,True,PARALLEL,False,placebo/sham,True,25.0,19.0,0.24,False,True,True,True,True,False,0,False,,False,False
NCT00005013,1998.0,<=2015,NA,drug,0,,NIH,COMPLETED,RANDOMIZED,True,DOUBLE,2.0,True,True,,,none/single-group,False,,,,,False,True,False,False,True,4,True,,False,
NCT05892744,2023.0,2021-2026,PHASE4,drug,1,50.0,OTHER,RECRUITING,NA,False,NONE,0.0,False,False,SINGLE_GROUP,False,none/single-group,False,,,,,True,True,False,False,False,0,False,,False,False
NCT02129751,2026.0,2021-2026,PHASE4,drug,2,246.0,INDUSTRY,NOT_YET_RECRUITING,RANDOMIZED,True,QUADRUPLE,4.0,True,True,SINGLE_GROUP,True,placebo/sham,True,,,,,True,True,False,False,False,0,False,,False,False
NCT03697603,2018.0,2016-2020,PHASE2;PHASE3,drug,3,740.0,INDUSTRY,COMPLETED,RANDOMIZED,True,DOUBLE,2.0,True,True,PARALLEL,True,placebo/sham,True,740.0,689.0,0.06891891891891888,True,True,True,True,True,False,0,False,YES,True,False
NCT01488071,2012.0,<=2015,PHASE3,drug,2,495.0,INDUSTRY,COMPLETED,RANDOMIZED,True,DOUBLE,2.0,True,True,PARALLEL,True,active,True,495.0,379.0,0.2343434343434343,False,True,True,False,True,False,3,True,,False,False
NCT06429722,2024.0,2021-2026,PHASE2,drug,2,18.0,INDUSTRY,COMPLETED,RANDOMIZED,True,QUADRUPLE,4.0,True,True,PARALLEL,False,placebo/sham,True,,,,,False,True,False,False,False,0,False,,False,True
NCT00955474,2008.0,<=2015,PHASE4,drug,2,32.0,OTHER,TERMINATED,RANDOMIZED,True,SINGLE,1.0,True,False,PARALLEL,False,active,True,25.0,13.0,0.48,False,True,True,False,True,False,0,False,YES,True,False
NCT05353543,2022.0,2021-2026,NA,both,3,120.0,OTHER,UNKNOWN,RANDOMIZED,True,DOUBLE,2.0,True,True,PARALLEL,True,none/single-group,False,,,,,False,True,True,False,False,0,False,NO,False,
NCT04513912,2020.0,2016-2020,PHASE3,drug,2,757.0,INDUSTRY,COMPLETED,RANDOMIZED,True,DOUBLE,2.0,True,True,PARALLEL,True,active,True,,,,,True,True,False,False,False,0,False,YES,True,True
NCT00238758,2005.0,<=2015,PHASE2,drug,0,128.0,OTHER,UNKNOWN,RANDOMIZED,True,DOUBLE,2.0,True,True,PARALLEL,True,none/single-group,False,,,,,False,True,False,False,False,0,False,,False,
NCT00234195,2005.0,<=2015,PHASE4,drug,0,25.0,OTHER,COMPLETED,NON_RANDOMIZED,False,NONE,0.0,False,False,SINGLE_GROUP,False,none/single-group,False,,,,,True,True,False,False,False,1,True,,False,False
NCT07685964,2026.0,2021-2026,PHASE1;PHASE2,drug,2,20.0,OTHER,NOT_YET_RECRUITING,RANDOMIZED,True,QUADRUPLE,4.0,True,True,PARALLEL,False,none/single-group,False,,,,,False,True,False,False,False,0,False,NO,False,True
NCT01253421,2012.0,<=2015,PHASE1,drug,4,159.0,OTHER,COMPLETED,RANDOMIZED,True,DOUBLE,2.0,True,True,PARALLEL,True,placebo/sham,True,159.0,60.0,0.6226415094339622,False,False,True,True,True,False,1,True,NO,False,False
NCT00696293,2007.0,<=2015,PHASE4,drug,1,30.0,OTHER,COMPLETED,NA,False,NONE,0.0,False,False,SINGLE_GROUP,False,none/single-group,False,30.0,28.0,0.06666666666666665,True,True,True,False,True,True,0,False,NO,False,False
NCT00385437,2003.0,<=2015,PHASE2,drug,0,16.0,OTHER,COMPLETED,RANDOMIZED,True,DOUBLE,2.0,True,True,PARALLEL,False,none/single-group,False,,,,,False,True,False,False,True,1,True,,False,
NCT01787240,2012.0,<=2015,PHASE4,drug,2,20.0,OTHER,TERMINATED,RANDOMIZED,True,DOUBLE,2.0,True,True,PARALLEL,False,placebo/sham,True,20.0,14.0,0.30000000000000004,False,True,True,False,True,False,0,False,NO,False,True
NCT01667926,2013.0,<=2015,NA,drug,2,37.0,OTHER,COMPLETED,RANDOMIZED,True,TRIPLE,3.0,True,True,PARALLEL,True,placebo/sham,True,37.0,17.0,0.5405405405405406,False,False,True,False,True,False,0,False,,False,True
NCT00668525,2008.0,<=2015,PHASE3,drug,3,877.0,INDUSTRY,COMPLETED,RANDOMIZED,True,TRIPLE,3.0,True,True,PARALLEL,True,placebo/sham,True,877.0,654.0,0.2542759407069556,False,True,True,True,True,False,0,False,,False,False
NCT06860958,2025.0,2021-2026,PHASE3,drug,2,60.0,OTHER,RECRUITING,RANDOMIZED,True,DOUBLE,2.0,True,True,PARALLEL,False,active,True,,,,,True,True,False,False,False,0,False,,False,
NCT00208169,2005.0,<=2015,PHASE4,drug,1,30.0,OTHER,COMPLETED,NON_RANDOMIZED,False,NONE,0.0,False,False,SINGLE_GROUP,False,none/single-group,False,,,,,True,True,False,False,False,0,False,,False,False
NCT01808612,2013.0,<=2015,PHASE3,drug,3,513.0,INDUSTRY,COMPLETED,RANDOMIZED,True,TRIPLE,3.0,True,True,PARALLEL,True,placebo/sham,True,513.0,477.0,0.07017543859649122,True,True,True,True,True,False,0,False,,False,False
NCT02579928,2015.0,<=2015,PHASE4,drug,2,17.0,OTHER,COMPLETED,RANDOMIZED,True,QUADRUPLE,4.0,True,True,CROSSOVER,False,none/single-group,False,17.0,16.0,0.05882352941176472,True,True,True,False,True,False,2,True,,False,False
NCT00191685,2004.0,<=2015,PHASE3,drug,0,200.0,INDUSTRY,COMPLETED,NON_RANDOMIZED,False,NONE,0.0,False,False,SINGLE_GROUP,True,none/single-group,False,,,,,True,True,False,False,False,0,False,,False,
NCT03551288,2018.0,2016-2020,PHASE1,drug,3,28.0,INDUSTRY,COMPLETED,NON_RANDOMIZED,False,NONE,0.0,False,False,PARALLEL,False,none/single-group,False,,,,,False,True,True,False,False,1,True,NO,False,False
NCT03721900,2018.0,2016-2020,PHASE1,drug,3,14.0,INDUSTRY,UNKNOWN,NON_RANDOMIZED,False,SINGLE,1.0,True,False,SEQUENTIAL,False,placebo/sham,True,,,,,False,True,True,False,False,0,False,NO,False,False
NCT04670081,2021.0,2021-2026,PHASE2,drug,3,144.0,OTHER,COMPLETED,RANDOMIZED,True,TRIPLE,3.0,True,True,PARALLEL,True,placebo/sham,True,,,,,False,True,True,False,False,1,True,YES,True,True
NCT00926835,2009.0,<=2015,PHASE4,drug,9,692.0,OTHER_GOV,TERMINATED,RANDOMIZED,True,SINGLE,1.0,True,False,PARALLEL,True,active,True,,,,,True,True,True,False,False,0,False,,False,True
NCT00224302,2005.0,<=2015,PHASE4,drug,0,20.0,OTHER,COMPLETED,NON_RANDOMIZED,False,NONE,0.0,False,False,SINGLE_GROUP,False,none/single-group,False,,,,,True,True,False,False,False,0,False,,False,
NCT01211756,2010.0,<=2015,NA,drug,2,1.0,OTHER,TERMINATED,RANDOMIZED,True,TRIPLE,3.0,True,True,CROSSOVER,False,placebo/sham,True,1.0,1.0,0.0,True,False,True,False,True,False,0,False,,False,False
NCT00067444,2003.0,<=2015,PHASE3,drug,0,560.0,INDUSTRY,COMPLETED,RANDOMIZED,True,DOUBLE,2.0,True,True,PARALLEL,True,none/single-group,False,,,,,True,True,False,False,True,0,False,YES,True,False
NCT00206765,2003.0,<=2015,PHASE2,drug,0,90.0,OTHER,TERMINATED,RANDOMIZED,True,SINGLE,1.0,True,False,PARALLEL,True,none/single-group,False,,,,,False,True,False,False,False,0,False,,False,
NCT01556971,2011.0,<=2015,PHASE4,drug,2,60.0,OTHER,UNKNOWN,RANDOMIZED,True,DOUBLE,2.0,True,True,SINGLE_GROUP,False,placebo/sham,True,,,,,True,True,False,False,False,1,True,,False,False
NCT00239954,2005.0,<=2015,PHASE3,drug,0,,OTHER,UNKNOWN,RANDOMIZED,True,DOUBLE,2.0,True,True,PARALLEL,,none/single-group,False,,,,,True,True,False,False,False,0,False,,False,
NCT06922110,2025.0,2021-2026,PHASE3,drug,1,460.0,INDUSTRY,ENROLLING_BY_INVITATION,NA,False,NONE,0.0,False,False,SINGLE_GROUP,True,none/single-group,False,,,,,True,True,False,False,False,0,False,NO,False,True
NCT05232032,2025.0,2021-2026,PHASE2,both,4,112.0,OTHER,RECRUITING,RANDOMIZED,True,TRIPLE,3.0,True,True,PARALLEL,True,placebo/sham,True,,,,,False,False,True,False,False,0,False,YES,True,True
NCT00331799,2007.0,<=2015,PHASE2,drug,1,18.0,OTHER,COMPLETED,NA,False,NONE,0.0,False,False,SINGLE_GROUP,False,active,True,18.0,15.0,0.16666666666666663,True,False,True,False,True,False,0,False,,False,True
NCT00463242,2007.0,<=2015,PHASE3,drug,3,501.0,INDUSTRY,COMPLETED,RANDOMIZED,True,QUADRUPLE,4.0,True,True,PARALLEL,True,placebo/sham,True,,,,,True,True,True,False,False,0,False,,False,
NCT05933538,2024.0,2021-2026,PHASE4,drug,2,110.0,OTHER,NOT_YET_RECRUITING,RANDOMIZED,True,NONE,0.0,False,False,PARALLEL,True,active,True,,,,,True,True,False,False,False,0,False,YES,True,True
NCT03108625,2017.0,2016-2020,PHASE3,drug,1,94.0,INDUSTRY,COMPLETED,NA,False,NONE,0.0,False,False,SINGLE_GROUP,False,none/single-group,False,,,,,True,True,False,False,False,0,False,,False,True
NCT06635135,2024.0,2021-2026,PHASE3,drug,2,47.0,INDUSTRY,TERMINATED,RANDOMIZED,True,DOUBLE,2.0,True,True,PARALLEL,False,placebo/sham,True,47.0,19.0,0.5957446808510638,False,True,True,False,True,False,0,False,YES,True,True
NCT00749125,2001.0,<=2015,NA,drug,2,99.0,OTHER,COMPLETED,NON_RANDOMIZED,False,NONE,0.0,False,False,PARALLEL,True,no-intervention,True,99.0,70.0,0.29292929292929293,False,False,False,False,True,True,0,False,,False,False
NCT01309542,2003.0,<=2015,PHASE3,drug,1,1403.0,INDUSTRY,COMPLETED,NON_RANDOMIZED,False,NONE,0.0,False,False,SINGLE_GROUP,True,none/single-group,False,,,,,True,True,False,False,False,1,True,,False,False
NCT02401139,2015.0,<=2015,PHASE1,drug,2,10.0,OTHER,COMPLETED,RANDOMIZED,True,TRIPLE,3.0,True,True,PARALLEL,False,placebo/sham,True,,,,,False,True,False,False,False,0,False,,False,False
NCT05538910,2023.0,2021-2026,NA,drug,2,620.0,NIH,RECRUITING,RANDOMIZED,True,DOUBLE,2.0,True,True,PARALLEL,True,placebo/sham,True,,,,,False,False,False,False,False,0,False,UNDECIDED,False,
NCT03748446,2019.0,2016-2020,EARLY_PHASE1,drug,2,20.0,OTHER,ACTIVE_NOT_RECRUITING,NON_RANDOMIZED,False,TRIPLE,3.0,True,True,CROSSOVER,False,placebo/sham,True,,,,,False,True,False,False,False,0,False,NO,False,False
NCT00406848,2006.0,<=2015,PHASE4,drug,2,370.0,INDUSTRY,COMPLETED,RANDOMIZED,True,QUADRUPLE,4.0,True,True,PARALLEL,True,placebo/sham,True,370.0,223.0,0.39729729729729735,False,True,True,False,True,False,3,True,,False,False
NCT05832619,2022.0,2021-2026,NA,both,3,120.0,OTHER,UNKNOWN,RANDOMIZED,True,DOUBLE,2.0,True,True,PARALLEL,True,placebo/sham,True,,,,,False,True,True,False,False,1,True,,False,
NCT00531518,2007.0,<=2015,NA,drug,2,292.0,OTHER,COMPLETED,NON_RANDOMIZED,False,SINGLE,1.0,True,False,PARALLEL,True,no-intervention,True,292.0,189.0,0.3527397260273972,False,False,False,False,True,True,0,False,YES,True,True
NCT06537921,2024.0,2021-2026,NA,drug,1,35.0,OTHER,RECRUITING,NA,False,NONE,0.0,False,False,SINGLE_GROUP,True,none/single-group,False,,,,,False,False,False,False,False,0,False,,False,
NCT00252356,2005.0,<=2015,PHASE3,drug,0,468.0,INDUSTRY,COMPLETED,RANDOMIZED,True,DOUBLE,2.0,True,True,PARALLEL,True,none/single-group,False,,,,,True,True,False,False,False,0,False,,False,
NCT01119430,2004.0,<=2015,PHASE2,drug,2,50.0,OTHER,TERMINATED,RANDOMIZED,True,QUADRUPLE,4.0,True,True,PARALLEL,True,placebo/sham,True,,,,,False,True,False,False,False,1,True,,False,True
NCT02165449,2014.0,<=2015,PHASE1,drug,1,60.0,OTHER,COMPLETED,NA,False,NONE,0.0,False,False,SINGLE_GROUP,True,none/single-group,False,,,,,False,True,False,False,False,2,True,YES,True,True
NCT00177528,2000.0,<=2015,PHASE4,drug,0,70.0,OTHER,COMPLETED,NON_RANDOMIZED,False,NONE,0.0,False,False,SINGLE_GROUP,False,none/single-group,False,,,,,True,True,False,False,False,0,False,,False,
NCT00775203,2007.0,<=2015,PHASE3,drug,2,412.0,INDUSTRY,COMPLETED,RANDOMIZED,True,QUADRUPLE,4.0,True,True,PARALLEL,True,placebo/sham,True,412.0,307.0,0.25485436893203883,False,True,True,False,True,True,0,False,,False,
NCT04352621,2020.0,2016-2020,PHASE4,both,1,20.0,OTHER,UNKNOWN,NA,False,NONE,0.0,False,False,SINGLE_GROUP,False,none/single-group,False,,,,,True,True,False,False,False,0,False,NO,False,True
NCT04623814,2020.0,2016-2020,PHASE1,drug,5,58.0,INDUSTRY,COMPLETED,RANDOMIZED,True,DOUBLE,2.0,True,True,SEQUENTIAL,True,placebo/sham,True,,,,,False,True,True,False,False,0,False,NO,False,False
NCT00531947,2007.0,<=2015,PHASE4,drug,2,308.0,INDUSTRY,COMPLETED,RANDOMIZED,True,TRIPLE,3.0,True,True,PARALLEL,True,placebo/sham,True,308.0,215.0,0.30194805194805197,False,True,True,False,True,False,1,True,,False,False
NCT07412132,2026.0,2021-2026,PHASE3,drug,2,40.0,OTHER,RECRUITING,RANDOMIZED,True,QUADRUPLE,4.0,True,True,PARALLEL,False,placebo/sham,True,,,,,True,True,False,False,False,0,False,NO,False,
NCT03357796,2017.0,2016-2020,PHASE1,drug,2,20.0,INDUSTRY,COMPLETED,RANDOMIZED,True,NONE,0.0,False,False,CROSSOVER,False,none/single-group,False,,,,,False,True,False,False,False,0,False,,False,
NCT00343070,2007.0,<=2015,PHASE2,drug,0,40.0,OTHER,COMPLETED,RANDOMIZED,True,NONE,0.0,False,False,SINGLE_GROUP,False,none/single-group,False,,,,,False,True,False,False,False,0,False,,False,False
NCT04582916,2021.0,2021-2026,PHASE1,drug,1,64.0,NIH,RECRUITING,NA,False,NONE,0.0,False,False,SINGLE_GROUP,True,none/single-group,False,,,,,False,False,False,False,False,0,False,,False,
NCT05203341,2022.0,2021-2026,PHASE2,drug,3,183.0,INDUSTRY,COMPLETED,RANDOMIZED,True,QUADRUPLE,4.0,True,True,PARALLEL,True,placebo/sham,True,,,,,False,True,True,False,False,0,False,NO,False,False
NCT00646087,2008.0,<=2015,PHASE4,drug,2,0.0,OTHER,WITHDRAWN,RANDOMIZED,True,QUADRUPLE,4.0,True,True,PARALLEL,False,active,True,,,,,True,True,False,False,False,0,False,,False,False
NCT00626340,1999.0,<=2015,PHASE4,drug,4,18.0,OTHER,COMPLETED,NON_RANDOMIZED,False,NONE,0.0,False,False,FACTORIAL,False,active,True,18.0,18.0,0.0,True,True,True,True,True,False,0,False,,False,False
NCT00168493,2000.0,<=2015,NA,drug,1,40.0,OTHER,UNKNOWN,NON_RANDOMIZED,False,NONE,0.0,False,False,SINGLE_GROUP,True,active,True,,,,,False,True,False,False,False,1,True,,False,False
NCT01903096,2014.0,<=2015,PHASE4,drug,2,1126.0,OTHER,COMPLETED,RANDOMIZED,True,DOUBLE,2.0,True,True,PARALLEL,True,active,True,,,,,True,True,False,False,False,0,False,,False,False
NCT00888862,2009.0,<=2015,PHASE3,drug,1,90.0,OTHER,UNKNOWN,NON_RANDOMIZED,False,NONE,0.0,False,False,SINGLE_GROUP,False,none/single-group,False,,,,,True,True,False,False,True,0,False,,False,False
NCT00633399,2008.0,<=2015,PHASE2,drug,2,458.0,OTHER,COMPLETED,RANDOMIZED,True,QUADRUPLE,4.0,True,True,PARALLEL,True,placebo/sham,True,139.0,102.0,0.26618705035971224,False,False,True,False,True,False,3,True,,False,True
NCT00366652,2006.0,<=2015,PHASE3,drug,0,20.0,INDUSTRY,COMPLETED,RANDOMIZED,True,NONE,0.0,False,False,CROSSOVER,False,none/single-group,False,,,,,True,True,False,False,False,0,False,,False,
NCT00880048,2009.0,<=2015,PHASE2,drug,3,343.0,INDUSTRY,TERMINATED,RANDOMIZED,True,QUADRUPLE,4.0,True,True,PARALLEL,True,placebo/sham,True,343.0,247.0,0.27988338192419826,False,False,True,True,True,False,0,False,,False,True
NCT00837564,2009.0,<=2015,PHASE3,drug,2,60.0,OTHER,UNKNOWN,RANDOMIZED,True,NONE,0.0,False,False,PARALLEL,False,none/single-group,False,,,,,True,True,False,False,False,0,False,,False,False
NCT00107120,2005.0,<=2015,PHASE3,drug,2,312.0,INDUSTRY,COMPLETED,RANDOMIZED,True,QUADRUPLE,4.0,True,True,PARALLEL,True,placebo/sham,True,312.0,259.0,0.16987179487179482,True,True,True,False,True,True,0,False,,False,
NCT03692910,2018.0,2016-2020,PHASE2,drug,3,35.0,INDUSTRY,COMPLETED,NON_RANDOMIZED,False,NONE,0.0,False,False,SINGLE_GROUP,False,placebo/sham,True,35.0,29.0,0.17142857142857137,True,False,True,True,True,False,0,False,YES,True,False
NCT04352101,2020.0,2016-2020,PHASE4,drug,2,18.0,OTHER,COMPLETED,RANDOMIZED,True,DOUBLE,2.0,True,True,PARALLEL,False,active,True,18.0,15.0,0.16666666666666663,True,True,True,False,True,False,0,False,YES,True,True
NCT00353028,2006.0,<=2015,PHASE4,drug,2,90.0,INDUSTRY,COMPLETED,RANDOMIZED,True,DOUBLE,2.0,True,True,PARALLEL,False,placebo/sham,True,,,,,True,True,False,False,False,0,False,,False,True
NCT02422303,2015.0,<=2015,NA,drug,2,12.0,OTHER,TERMINATED,RANDOMIZED,True,DOUBLE,2.0,True,True,PARALLEL,False,active,True,12.0,10.0,0.16666666666666663,True,False,True,False,True,False,0,False,NO,False,False
NCT02395978,2015.0,<=2015,PHASE2,drug,5,72.0,INDUSTRY,COMPLETED,RANDOMIZED,True,TRIPLE,3.0,True,True,PARALLEL,True,placebo/sham,True,72.0,60.0,0.16666666666666663,True,False,True,True,True,False,0,False,,False,False
NCT04423757,2020.0,2016-2020,PHASE2,drug,2,45.0,INDUSTRY,TERMINATED,RANDOMIZED,True,TRIPLE,3.0,True,True,PARALLEL,False,placebo/sham,True,45.0,41.0,0.0888888888888889,True,False,True,False,True,False,1,True,YES,True,False
NCT05165394,2021.0,2021-2026,PHASE2,drug,2,93.0,INDUSTRY,COMPLETED,RANDOMIZED,True,QUADRUPLE,4.0,True,True,PARALLEL,True,placebo/sham,True,93.0,83.0,0.10752688172043012,True,False,True,False,True,False,0,False,NO,False,False
NCT00963196,2009.0,<=2015,NA,drug,3,78.0,OTHER,WITHDRAWN,RANDOMIZED,True,DOUBLE,2.0,True,True,PARALLEL,True,active,True,,,,,False,False,True,False,False,1,True,,False,False
NCT05014919,2021.0,2021-2026,PHASE3,drug,3,35.0,INDUSTRY,TERMINATED,RANDOMIZED,True,QUADRUPLE,4.0,True,True,PARALLEL,False,placebo/sham,True,33.0,5.0,0.8484848484848485,False,True,True,True,True,False,0,False,UNDECIDED,False,True
NCT06788249,2026.0,2021-2026,EARLY_PHASE1,drug,1,10.0,OTHER,RECRUITING,NA,False,NONE,0.0,False,False,SINGLE_GROUP,False,none/single-group,False,,,,,False,False,False,False,False,0,False,NO,False,False
NCT03374475,2018.0,2016-2020,PHASE1,drug,3,140.0,INDUSTRY,COMPLETED,RANDOMIZED,True,DOUBLE,2.0,True,True,PARALLEL,True,placebo/sham,True,,,,,False,True,True,False,False,1,True,,False,False
NCT03429075,2019.0,2016-2020,PHASE2,drug,2,59.0,OTHER,COMPLETED,RANDOMIZED,True,DOUBLE,2.0,True,True,PARALLEL,True,active,True,59.0,59.0,0.0,True,False,True,False,True,True,6,True,NO,False,False
NCT06431386,2024.0,2021-2026,NA,drug,2,6.0,OTHER,TERMINATED,RANDOMIZED,True,SINGLE,1.0,True,False,PARALLEL,False,active,True,,,,,False,True,False,False,False,0,False,,False,False
NCT03573349,2019.0,2016-2020,EARLY_PHASE1,drug,1,18.0,OTHER,ACTIVE_NOT_RECRUITING,NA,False,NONE,0.0,False,False,SINGLE_GROUP,False,none/single-group,False,,,,,False,True,False,False,True,0,False,NO,False,False
NCT03866252,2019.0,2016-2020,PHASE2,drug,2,60.0,OTHER,COMPLETED,RANDOMIZED,True,QUADRUPLE,4.0,True,True,PARALLEL,True,active,True,,,,,False,True,False,False,False,1,True,,False,
NCT01473381,2011.0,<=2015,PHASE4,drug,4,1162.0,INDUSTRY,COMPLETED,RANDOMIZED,True,TRIPLE,3.0,True,True,PARALLEL,True,placebo/sham,True,1162.0,798.0,0.3132530120481928,False,True,True,True,True,False,4,True,,False,False
NCT03675776,2018.0,2016-2020,PHASE3,drug,3,50.0,INDUSTRY,TERMINATED,RANDOMIZED,True,DOUBLE,2.0,True,True,PARALLEL,False,placebo/sham,True,50.0,30.0,0.4,False,True,True,True,True,False,0,False,,False,
NCT06547489,2025.0,2021-2026,PHASE2,drug,2,164.0,INDUSTRY,RECRUITING,RANDOMIZED,True,QUADRUPLE,4.0,True,True,PARALLEL,True,placebo/sham,True,,,,,False,True,False,False,False,0,False,NO,False,True
NCT06820723,2025.0,2021-2026,PHASE2,drug,2,40.0,OTHER,NOT_YET_RECRUITING,RANDOMIZED,True,TRIPLE,3.0,True,True,PARALLEL,False,placebo/sham,True,,,,,False,False,False,False,True,0,False,NO,False,True
NCT00448058,2007.0,<=2015,PHASE2,drug,3,396.0,INDUSTRY,COMPLETED,RANDOMIZED,True,QUADRUPLE,4.0,True,True,PARALLEL,True,placebo/sham,True,,,,,False,True,True,False,False,0,False,,False,
NCT00447512,2004.0,<=2015,NA,drug,0,80.0,OTHER,COMPLETED,RANDOMIZED,True,SINGLE,1.0,True,False,CROSSOVER,True,none/single-group,False,,,,,False,False,False,False,False,1,True,,False,False
NCT05894902,2023.0,2021-2026,PHASE1,drug,3,12.0,OTHER,UNKNOWN,RANDOMIZED,True,NONE,0.0,False,False,SEQUENTIAL,False,active,True,,,,,False,True,True,False,False,0,False,NO,False,True
NCT01432457,2011.0,<=2015,PHASE4,drug,3,924.0,INDUSTRY,COMPLETED,RANDOMIZED,True,QUADRUPLE,4.0,True,True,PARALLEL,True,placebo/sham,True,924.0,780.0,0.1558441558441559,True,True,True,True,True,False,4,True,,False,False
NCT04719663,2021.0,2021-2026,NA,drug,5,150.0,OTHER,COMPLETED,RANDOMIZED,True,TRIPLE,3.0,True,True,PARALLEL,True,no-intervention,True,,,,,False,False,True,False,False,1,True,,False,False
NCT00414323,2006.0,<=2015,PHASE1,drug,0,35.0,INDUSTRY,COMPLETED,RANDOMIZED,True,SINGLE,1.0,True,False,CROSSOVER,True,none/single-group,False,,,,,False,True,False,False,False,0,False,,False,
NCT07592689,2026.0,2021-2026,PHASE3,drug,3,165.0,INDUSTRY,RECRUITING,RANDOMIZED,True,TRIPLE,3.0,True,True,PARALLEL,True,placebo/sham,True,,,,,True,True,True,False,False,0,False,,False,False
NCT04853407,2018.0,2016-2020,PHASE3,drug,3,558.0,INDUSTRY,COMPLETED,RANDOMIZED,True,QUADRUPLE,4.0,True,True,PARALLEL,True,placebo/sham,True,,,,,True,True,True,False,False,1,True,NO,False,False
NCT03249376,2017.0,2016-2020,PHASE3,drug,2,381.0,INDUSTRY,COMPLETED,RANDOMIZED,True,QUADRUPLE,4.0,True,True,PARALLEL,True,placebo/sham,True,377.0,333.0,0.11671087533156499,True,True,True,False,True,False,3,True,UNDECIDED,False,False
NCT00798707,2008.0,<=2015,PHASE3,drug,3,709.0,INDUSTRY,COMPLETED,RANDOMIZED,True,QUADRUPLE,4.0,True,True,PARALLEL,True,placebo/sham,True,709.0,628.0,0.11424541607898453,True,True,True,True,True,False,6,True,,False,False
NCT00035321,2002.0,<=2015,PHASE3,drug,0,600.0,INDUSTRY,COMPLETED,RANDOMIZED,True,DOUBLE,2.0,True,True,PARALLEL,True,none/single-group,False,,,,,True,True,False,False,False,5,True,,False,
NCT01640080,2012.0,<=2015,PHASE2,drug,3,30.0,INDUSTRY,COMPLETED,RANDOMIZED,True,TRIPLE,3.0,True,True,PARALLEL,False,placebo/sham,True,,,,,False,True,True,False,False,3,True,,False,
NCT02188121,2015.0,<=2015,PHASE4,drug,2,227.0,OTHER,COMPLETED,RANDOMIZED,True,NONE,0.0,False,False,PARALLEL,True,no-intervention,True,204.0,157.0,0.23039215686274506,False,True,True,False,True,False,1,True,,False,True
NCT02067299,2014.0,<=2015,PHASE1,drug,4,20.0,INDUSTRY,COMPLETED,RANDOMIZED,True,QUADRUPLE,4.0,True,True,CROSSOVER,False,none/single-group,False,,,,,False,True,True,False,False,0,False,,False,False
NCT00715559,2008.0,<=2015,NA,drug,1,3.0,OTHER,TERMINATED,NA,False,NONE,0.0,False,False,SINGLE_GROUP,False,none/single-group,False,3.0,2.0,0.33333333333333337,False,False,True,False,True,False,0,False,,False,False
NCT00384436,2006.0,<=2015,PHASE4,drug,0,580.0,INDUSTRY,COMPLETED,RANDOMIZED,True,DOUBLE,2.0,True,True,PARALLEL,True,none/single-group,False,,,,,True,True,False,False,False,2,True,,False,
NCT00636246,2004.0,<=2015,PHASE2,drug,8,510.0,INDUSTRY,COMPLETED,RANDOMIZED,True,DOUBLE,2.0,True,True,PARALLEL,True,placebo/sham,True,,,,,False,True,True,False,False,0,False,,False,False
NCT06372964,2024.0,2021-2026,PHASE3,drug,2,384.0,INDUSTRY,RECRUITING,RANDOMIZED,True,QUADRUPLE,4.0,True,True,PARALLEL,True,placebo/sham,True,,,,,True,True,False,False,False,0,False,,False,True
NCT05762458,2023.0,2021-2026,PHASE2,drug,3,240.0,INDUSTRY,UNKNOWN,RANDOMIZED,True,QUADRUPLE,4.0,True,True,PARALLEL,True,placebo/sham,True,,,,,False,True,True,False,False,1,True,NO,False,True
NCT05786066,2023.0,2021-2026,PHASE2,drug,2,30.0,OTHER,RECRUITING,RANDOMIZED,True,DOUBLE,2.0,True,True,CROSSOVER,False,placebo/sham,True,,,,,False,False,False,False,False,0,False,NO,False,
NCT00960986,2009.0,<=2015,PHASE4,drug,4,249.0,INDUSTRY,COMPLETED,RANDOMIZED,True,NONE,0.0,False,False,PARALLEL,True,none/single-group,False,249.0,235.0,0.05622489959839361,True,True,True,True,True,False,0,False,,False,False
NCT01263197,2010.0,<=2015,PHASE1,drug,6,48.0,INDUSTRY,COMPLETED,RANDOMIZED,True,DOUBLE,2.0,True,True,CROSSOVER,True,none/single-group,False,48.0,47.0,0.02083333333333337,True,False,True,True,True,False,0,False,,False,False
NCT00095823,2004.0,<=2015,PHASE3,drug,3,1200.0,INDUSTRY,COMPLETED,RANDOMIZED,True,DOUBLE,2.0,True,True,PARALLEL,True,placebo/sham,True,,,,,True,True,True,False,False,11,True,,False,
NCT01920555,2014.0,<=2015,PHASE2,drug,5,99.0,OTHER,COMPLETED,RANDOMIZED,True,QUADRUPLE,4.0,True,True,PARALLEL,True,placebo/sham,True,99.0,86.0,0.13131313131313127,True,False,True,True,True,False,4,True,,False,True
NCT07139834,2026.0,2021-2026,PHASE1,drug,2,30.0,OTHER,RECRUITING,RANDOMIZED,True,QUADRUPLE,4.0,True,True,PARALLEL,True,placebo/sham,True,,,,,False,False,False,False,False,0,False,YES,True,True
NCT00087737,,,PHASE3,drug,0,369.0,INDUSTRY,COMPLETED,RANDOMIZED,True,DOUBLE,2.0,True,True,PARALLEL,True,none/single-group,False,,,,,True,True,False,False,False,0,False,,False,
NCT01942733,2013.0,<=2015,PHASE3,drug,1,44.0,INDUSTRY,COMPLETED,NA,False,NONE,0.0,False,False,SINGLE_GROUP,False,none/single-group,False,44.0,41.0,0.06818181818181823,True,True,True,False,True,False,2,True,,False,False
NCT00541957,2007.0,<=2015,PHASE1,drug,2,40.0,OTHER,COMPLETED,RANDOMIZED,True,SINGLE,1.0,True,False,PARALLEL,True,none/single-group,False,,,,,False,True,False,False,False,1,True,,False,False
NCT04448431,2020.0,2016-2020,PHASE4,drug,2,605.0,INDUSTRY,COMPLETED,RANDOMIZED,True,DOUBLE,2.0,True,True,PARALLEL,True,active,True,,,,,True,True,False,False,False,2,True,YES,True,
NCT01121484,2010.0,<=2015,PHASE4,drug,2,439.0,INDUSTRY,COMPLETED,RANDOMIZED,True,QUADRUPLE,4.0,True,True,PARALLEL,True,placebo/sham,True,439.0,363.0,0.17312072892938501,True,True,True,False,True,False,8,True,,False,False
NCT00329147,2006.0,<=2015,PHASE3,drug,0,20.0,INDUSTRY,COMPLETED,RANDOMIZED,True,NONE,0.0,False,False,CROSSOVER,False,none/single-group,False,,,,,True,True,False,False,False,0,False,,False,
NCT06303076,2024.0,2021-2026,PHASE4,drug,2,90.0,OTHER,NOT_YET_RECRUITING,RANDOMIZED,True,DOUBLE,2.0,True,True,PARALLEL,False,active,True,,,,,True,True,False,False,False,0,False,YES,True,
NCT07369115,2026.0,2021-2026,PHASE4,drug,2,50.0,OTHER,NOT_YET_RECRUITING,RANDOMIZED,True,NONE,0.0,False,False,PARALLEL,False,placebo/sham,True,,,,,True,True,False,False,False,0,False,NO,False,True
NCT05347199,2022.0,2021-2026,PHASE1,drug,4,127.0,OTHER,COMPLETED,RANDOMIZED,True,QUADRUPLE,4.0,True,True,PARALLEL,True,placebo/sham,True,,,,,False,True,True,False,False,1,True,NO,False,False
NCT05324735,2021.0,2021-2026,PHASE1;PHASE2,drug,2,60.0,OTHER,COMPLETED,RANDOMIZED,True,DOUBLE,2.0,True,True,PARALLEL,True,placebo/sham,True,,,,,False,True,False,False,False,0,False,NO,False,True
NCT04827901,2021.0,2021-2026,PHASE2,drug,2,44.0,OTHER,COMPLETED,RANDOMIZED,True,QUADRUPLE,4.0,True,True,PARALLEL,False,placebo/sham,True,,,,,False,True,False,False,False,1,True,YES,True,True
NCT00621946,2008.0,<=2015,PHASE4,drug,2,26.0,OTHER,COMPLETED,RANDOMIZED,True,TRIPLE,3.0,True,True,PARALLEL,False,placebo/sham,True,26.0,25.0,0.038461538461538436,True,True,True,False,True,False,1,True,,False,
NCT00442481,2007.0,<=2015,PHASE4,both,0,25.0,OTHER_GOV,UNKNOWN,NON_RANDOMIZED,False,NONE,0.0,False,False,SINGLE_GROUP,False,none/single-group,False,,,,,True,True,False,False,False,0,False,,False,False
NCT00446719,2007.0,<=2015,PHASE2;PHASE3,drug,0,23.0,OTHER,COMPLETED,NON_RANDOMIZED,False,NONE,0.0,False,False,SINGLE_GROUP,False,none/single-group,False,,,,,True,True,False,False,False,0,False,,False,False
NCT04661475,2021.0,2021-2026,PHASE4,drug,2,76.0,OTHER,UNKNOWN,RANDOMIZED,True,TRIPLE,3.0,True,True,PARALLEL,False,placebo/sham,True,,,,,True,True,False,False,False,0,False,UNDECIDED,False,
NCT00294944,,,PHASE3,drug,0,,OTHER_GOV,WITHDRAWN,RANDOMIZED,True,DOUBLE,2.0,True,True,PARALLEL,,none/single-group,False,,,,,True,False,False,False,False,0,False,,False,
NCT07651293,2026.0,2021-2026,NA,drug,2,46.0,OTHER,NOT_YET_RECRUITING,RANDOMIZED,True,DOUBLE,2.0,True,True,CROSSOVER,True,active,True,,,,,False,False,False,False,False,0,False,YES,True,False
NCT05273996,2021.0,2021-2026,PHASE4,drug,1,75.0,OTHER,ACTIVE_NOT_RECRUITING,NA,False,NONE,0.0,False,False,SINGLE_GROUP,False,none/single-group,False,,,,,True,False,False,False,False,0,False,YES,True,False
NCT02593643,2016.0,2016-2020,EARLY_PHASE1,drug,4,9.0,OTHER,COMPLETED,RANDOMIZED,True,DOUBLE,2.0,True,True,PARALLEL,False,active,True,,,,,False,True,True,False,False,0,False,,False,True
NCT00475137,2007.0,<=2015,PHASE2,drug,2,15.0,OTHER,COMPLETED,RANDOMIZED,True,SINGLE,1.0,True,False,PARALLEL,False,active,True,,,,,False,True,False,False,False,0,False,,False,False
NCT07374211,2026.0,2021-2026,NA,drug,2,242.0,OTHER,NOT_YET_RECRUITING,RANDOMIZED,True,TRIPLE,3.0,True,True,PARALLEL,True,placebo/sham,True,,,,,False,True,False,False,False,0,False,NO,False,
NCT07412756,2026.0,2021-2026,PHASE3,drug,4,1000.0,INDUSTRY,RECRUITING,RANDOMIZED,True,DOUBLE,2.0,True,True,PARALLEL,True,placebo/sham,True,,,,,True,True,True,False,False,0,False,YES,True,True
NCT03609190,2015.0,<=2015,EARLY_PHASE1,drug,2,10.0,OTHER,COMPLETED,RANDOMIZED,True,QUADRUPLE,4.0,True,True,CROSSOVER,False,placebo/sham,True,,,,,False,False,False,False,False,2,True,NO,False,False
NCT01389765,2011.0,<=2015,PHASE1,drug,2,24.0,INDUSTRY,COMPLETED,RANDOMIZED,True,NONE,0.0,False,False,CROSSOVER,False,none/single-group,False,24.0,24.0,0.0,True,False,True,False,True,False,0,False,,False,False
NCT04711005,2021.0,2021-2026,PHASE1,drug,10,74.0,NIH,COMPLETED,RANDOMIZED,True,DOUBLE,2.0,True,True,SEQUENTIAL,True,placebo/sham,True,74.0,70.0,0.05405405405405406,True,False,True,True,True,False,0,False,NO,False,False
NCT04037111,2019.0,2016-2020,NA,both,3,90.0,OTHER,UNKNOWN,RANDOMIZED,True,TRIPLE,3.0,True,True,PARALLEL,True,placebo/sham,True,,,,,False,False,True,False,False,0,False,NO,False,
NCT05655507,2023.0,2021-2026,PHASE1,drug,1,19.0,INDUSTRY,COMPLETED,NA,False,NONE,0.0,False,False,SINGLE_GROUP,False,none/single-group,False,,,,,False,True,False,False,False,0,False,YES,True,True
NCT02122562,2014.0,<=2015,PHASE2,drug,1,60.0,OTHER,RECRUITING,NA,False,NONE,0.0,False,False,SINGLE_GROUP,True,none/single-group,False,,,,,False,True,False,False,False,1,True,NO,False,False
NCT02469545,2014.0,<=2015,PHASE2,drug,2,60.0,OTHER,COMPLETED,RANDOMIZED,True,QUADRUPLE,4.0,True,True,PARALLEL,True,placebo/sham,True,,,,,False,True,False,False,False,0,False,UNDECIDED,False,True
NCT02407704,2015.0,<=2015,PHASE4,drug,2,31.0,OTHER,COMPLETED,RANDOMIZED,True,NONE,0.0,False,False,PARALLEL,False,active,True,15.0,11.0,0.2666666666666667,False,True,True,False,True,False,1,True,NO,False,False
NCT01916824,2013.0,<=2015,PHASE4,drug,2,53.0,OTHER,COMPLETED,NON_RANDOMIZED,False,NONE,0.0,False,False,PARALLEL,False,no-intervention,True,53.0,37.0,0.30188679245283023,False,True,False,False,True,False,0,False,,False,False
NCT01035073,2006.0,<=2015,PHASE4,drug,1,22.0,OTHER,COMPLETED,NA,False,NONE,0.0,False,False,SINGLE_GROUP,False,none/single-group,False,0.0,0.0,,,True,True,False,True,False,0,False,,False,True
NCT01919216,2010.0,<=2015,PHASE4,drug,2,65.0,OTHER,COMPLETED,RANDOMIZED,True,QUADRUPLE,4.0,True,True,PARALLEL,False,placebo/sham,True,54.0,50.0,0.07407407407407407,True,True,True,False,True,False,1,True,,False,
NCT02579642,2015.0,<=2015,PHASE4,drug,2,48.0,OTHER,COMPLETED,RANDOMIZED,True,QUADRUPLE,4.0,True,True,PARALLEL,False,placebo/sham,True,,,,,True,True,False,False,False,1,True,,False,True
NCT00693849,2008.0,<=2015,PHASE4,drug,4,2688.0,INDUSTRY,UNKNOWN,RANDOMIZED,True,NONE,0.0,False,False,PARALLEL,True,active,True,,,,,True,False,True,False,False,32,True,,False,False
NCT05518149,2022.0,2021-2026,PHASE3,drug,1,871.0,INDUSTRY,TERMINATED,NA,False,NONE,0.0,False,False,SINGLE_GROUP,True,none/single-group,False,,,,,True,True,False,False,False,0,False,YES,True,True
NCT06442423,2024.0,2021-2026,PHASE1,drug,1,50.0,OTHER,RECRUITING,NA,False,NONE,0.0,False,False,SINGLE_GROUP,True,none/single-group,False,,,,,False,True,False,False,False,0,False,YES,True,True
NCT00229645,2003.0,<=2015,PHASE4,drug,0,60.0,OTHER,COMPLETED,RANDOMIZED,True,DOUBLE,2.0,True,True,PARALLEL,False,none/single-group,False,,,,,True,True,False,False,False,0,False,,False,
NCT00073203,,,PHASE2,drug,0,488.0,INDUSTRY,COMPLETED,RANDOMIZED,True,DOUBLE,2.0,True,True,PARALLEL,True,none/single-group,False,,,,,False,True,False,False,False,0,False,,False,
NCT00696774,2008.0,<=2015,PHASE4,drug,1,242.0,INDUSTRY,COMPLETED,,False,NONE,0.0,False,False,PARALLEL,True,none/single-group,False,242.0,206.0,0.14876033057851235,True,True,True,False,True,False,0,False,,False,False
NCT05389046,2022.0,2021-2026,NA,drug,4,252.0,OTHER,UNKNOWN,RANDOMIZED,True,SINGLE,1.0,True,False,PARALLEL,True,none/single-group,False,,,,,False,True,True,False,False,0,False,NO,False,False
NCT00215228,2005.0,<=2015,PHASE2;PHASE3,drug,0,26.0,OTHER,COMPLETED,RANDOMIZED,True,DOUBLE,2.0,True,True,PARALLEL,False,none/single-group,False,,,,,True,True,False,False,False,0,False,,False,
NCT05327699,2022.0,2021-2026,EARLY_PHASE1,drug,3,140.0,OTHER,RECRUITING,RANDOMIZED,True,TRIPLE,3.0,True,True,PARALLEL,True,placebo/sham,True,,,,,False,False,True,False,False,0,False,YES,True,True
NCT04669665,2020.0,2016-2020,PHASE2,both,2,164.0,INDUSTRY,COMPLETED,RANDOMIZED,True,QUADRUPLE,4.0,True,True,PARALLEL,True,placebo/sham,True,,,,,False,True,False,False,False,0,False,YES,True,False
NCT06911112,2025.0,2021-2026,PHASE3,drug,2,200.0,INDUSTRY,RECRUITING,RANDOMIZED,True,QUADRUPLE,4.0,True,True,PARALLEL,True,placebo/sham,True,,,,,True,True,False,False,False,0,False,NO,False,True
NCT02134808,2014.0,<=2015,PHASE4,drug,2,71.0,OTHER,COMPLETED,RANDOMIZED,True,QUADRUPLE,4.0,True,True,PARALLEL,False,placebo/sham,True,71.0,63.0,0.11267605633802813,True,True,True,False,True,False,0,False,UNDECIDED,False,True
NCT00789854,2008.0,<=2015,PHASE3,drug,3,688.0,INDUSTRY,COMPLETED,RANDOMIZED,True,NONE,0.0,False,False,PARALLEL,True,active,True,688.0,557.0,0.19040697674418605,True,True,True,True,True,False,1,True,,False,False
NCT04469959,2021.0,2021-2026,PHASE2,drug,2,79.0,OTHER,COMPLETED,RANDOMIZED,True,QUADRUPLE,4.0,True,True,CROSSOVER,True,placebo/sham,True,,,,,False,True,False,False,False,0,False,YES,True,True
NCT01148979,2010.0,<=2015,PHASE4,drug,2,35.0,OTHER,COMPLETED,RANDOMIZED,True,DOUBLE,2.0,True,True,CROSSOVER,False,placebo/sham,True,29.0,28.0,0.03448275862068961,True,True,True,False,True,False,0,False,UNDECIDED,False,False
NCT01360645,2011.0,<=2015,PHASE3,drug,2,826.0,INDUSTRY,COMPLETED,RANDOMIZED,True,TRIPLE,3.0,True,True,PARALLEL,True,placebo/sham,True,824.0,710.0,0.13834951456310685,True,True,True,False,True,False,10,True,,False,True
NCT00889369,2009.0,<=2015,PHASE4,drug,1,70.0,OTHER,UNKNOWN,NON_RANDOMIZED,False,NONE,0.0,False,False,SINGLE_GROUP,False,none/single-group,False,,,,,True,True,False,False,True,0,False,,False,False
NCT01608295,2012.0,<=2015,PHASE4,drug,2,65.0,OTHER,COMPLETED,RANDOMIZED,True,DOUBLE,2.0,True,True,PARALLEL,False,none/single-group,False,56.0,45.0,0.1964285714285714,True,True,True,False,True,False,0,False,,False,True
NCT00958204,2009.0,<=2015,PHASE3,both,4,134.0,OTHER,COMPLETED,RANDOMIZED,True,DOUBLE,2.0,True,True,PARALLEL,True,placebo/sham,True,,,,,True,True,True,False,False,2,True,,False,True
NCT00863798,2009.0,<=2015,PHASE3,drug,3,682.0,INDUSTRY,COMPLETED,RANDOMIZED,True,QUADRUPLE,4.0,True,True,PARALLEL,True,placebo/sham,True,682.0,595.0,0.12756598240469208,True,True,True,True,True,False,7,True,,False,False
NCT05870501,2021.0,2021-2026,NA,drug,2,56.0,OTHER,COMPLETED,RANDOMIZED,True,QUADRUPLE,4.0,True,True,CROSSOVER,True,none/single-group,False,,,,,False,False,False,False,False,0,False,NO,False,False
NCT03766867,2018.0,2016-2020,PHASE2,drug,2,80.0,INDUSTRY,COMPLETED,RANDOMIZED,True,DOUBLE,2.0,True,True,PARALLEL,True,placebo/sham,True,,,,,False,True,False,False,False,1,True,,False,
NCT00440427,2007.0,<=2015,PHASE1,drug,0,12.0,INDUSTRY,COMPLETED,RANDOMIZED,True,NONE,0.0,False,False,PARALLEL,False,none/single-group,False,,,,,False,True,False,False,False,0,False,,False,
NCT05399498,2023.0,2021-2026,PHASE2,drug,1,9.0,OTHER,COMPLETED,NA,False,NONE,0.0,False,False,SINGLE_GROUP,False,none/single-group,False,,,,,False,True,False,False,False,0,False,NO,False,False
NCT00296777,2004.0,<=2015,PHASE4,drug,3,28.0,OTHER,COMPLETED,NON_RANDOMIZED,False,NONE,0.0,False,False,CROSSOVER,False,none/single-group,False,,,,,True,True,True,False,False,0,False,,False,False
NCT01421342,2012.0,<=2015,PHASE3,drug,3,1522.0,FED,COMPLETED,RANDOMIZED,True,NONE,0.0,False,False,PARALLEL,True,active,True,1522.0,1137.0,0.2529566360052562,False,True,True,True,True,True,6,True,NO,False,True
NCT05004987,2022.0,2021-2026,PHASE4,drug,2,60.0,OTHER,RECRUITING,RANDOMIZED,True,DOUBLE,2.0,True,True,PARALLEL,False,placebo/sham,True,,,,,True,True,False,False,False,0,False,YES,True,True
NCT04183205,2019.0,2016-2020,PHASE4,drug,2,19.0,FED,TERMINATED,NON_RANDOMIZED,False,DOUBLE,2.0,True,True,SEQUENTIAL,False,placebo/sham,True,19.0,16.0,0.1578947368421053,True,True,False,False,True,False,0,False,YES,True,True
NCT02695472,2016.0,2016-2020,PHASE2,drug,3,220.0,INDUSTRY,UNKNOWN,RANDOMIZED,True,QUADRUPLE,4.0,True,True,PARALLEL,True,placebo/sham,True,,,,,False,True,True,False,False,1,True,YES,True,True
NCT04973930,2022.0,2021-2026,PHASE3,drug,2,20.0,OTHER,SUSPENDED,RANDOMIZED,True,SINGLE,1.0,True,False,PARALLEL,False,active,True,,,,,True,True,False,False,True,0,False,NO,False,False
NCT04101474,2020.0,2016-2020,NA,drug,2,36.0,OTHER,COMPLETED,RANDOMIZED,True,TRIPLE,3.0,True,True,PARALLEL,True,active,True,,,,,False,True,False,False,False,0,False,,False,
NCT01263106,2010.0,<=2015,PHASE1,drug,2,21.0,INDUSTRY,COMPLETED,RANDOMIZED,True,NONE,0.0,False,False,CROSSOVER,False,none/single-group,False,21.0,21.0,0.0,True,False,True,False,True,False,0,False,,False,False
NCT00491686,2007.0,<=2015,PHASE2,drug,0,34.0,INDUSTRY,COMPLETED,RANDOMIZED,True,TRIPLE,3.0,True,True,PARALLEL,False,none/single-group,False,,,,,False,True,False,False,False,2,True,,False,
NCT05686408,2023.0,2021-2026,PHASE2,drug,2,132.0,INDUSTRY,COMPLETED,RANDOMIZED,True,QUADRUPLE,4.0,True,True,PARALLEL,True,placebo/sham,True,132.0,111.0,0.15909090909090906,True,False,True,False,True,False,0,False,NO,False,
NCT00351910,2006.0,<=2015,PHASE3,drug,0,494.0,INDUSTRY,COMPLETED,RANDOMIZED,True,QUADRUPLE,4.0,True,True,PARALLEL,True,none/single-group,False,,,,,True,True,False,False,False,8,True,,False,
NCT00788918,2008.0,<=2015,NA,drug,4,100.0,OTHER,COMPLETED,NON_RANDOMIZED,False,NONE,0.0,False,False,SINGLE_GROUP,True,no-intervention,True,,,,,False,False,True,False,False,0,False,,False,True
NCT05417087,2022.0,2021-2026,PHASE1,drug,3,48.0,INDUSTRY,COMPLETED,RANDOMIZED,True,NONE,0.0,False,False,CROSSOVER,True,none/single-group,False,,,,,False,True,True,False,False,0,False,NO,False,
NCT07101120,2025.0,2021-2026,PHASE2,drug,4,120.0,INDUSTRY,NOT_YET_RECRUITING,RANDOMIZED,True,QUADRUPLE,4.0,True,True,PARALLEL,True,placebo/sham,True,,,,,False,True,True,False,False,0,False,YES,True,False
NCT01740726,2013.0,<=2015,NA,drug,2,3.0,OTHER,TERMINATED,RANDOMIZED,True,SINGLE,1.0,True,False,PARALLEL,False,active,True,1.0,1.0,0.0,True,False,True,False,True,False,0,False,,False,True
NCT06580145,2025.0,2021-2026,PHASE2,drug,2,75.0,OTHER,RECRUITING,RANDOMIZED,True,TRIPLE,3.0,True,True,PARALLEL,True,active,True,,,,,False,True,False,False,False,0,False,YES,True,True
NCT00650897,2008.0,<=2015,PHASE4,drug,1,30.0,OTHER_GOV,UNKNOWN,NA,False,NONE,0.0,False,False,SINGLE_GROUP,False,none/single-group,False,,,,,True,True,False,False,False,0,False,,False,False
