nct,lead_sponsor_name,sponsor_class,sponsor_industry,sponsor_category
NCT02400346,H. Lundbeck A/S,INDUSTRY,True,industry
NCT04608396,"Axsome Therapeutics, Inc.",INDUSTRY,True,industry
NCT01507181,James Murrough,OTHER,False,individual
NCT05193318,Medical University of South Carolina,OTHER,False,academic
NCT00854100,Forest Laboratories,INDUSTRY,True,industry
NCT01606384,Sanofi,INDUSTRY,True,industry
NCT02507219,"Laureate Institute for Brain Research, Inc.",OTHER,False,research_nonprofit
NCT00055575,National Institute of Mental Health (NIMH),NIH,False,government
NCT04301271,"Charite University, Berlin, Germany",OTHER,False,academic
NCT01727726,"Otsuka Pharmaceutical Development & Commercialization, Inc.",INDUSTRY,True,industry
NCT02288325,Forest Laboratories,INDUSTRY,True,industry
NCT01670279,"Otsuka Pharmaceutical Development & Commercialization, Inc.",INDUSTRY,True,industry
NCT02196506,"Otsuka Pharmaceutical Development & Commercialization, Inc.",INDUSTRY,True,industry
NCT03053362,Brain and Cognition Discovery Foundation,OTHER,False,research_nonprofit
NCT00073762,Wyeth is now a wholly owned subsidiary of Pfizer,INDUSTRY,True,industry
NCT02522377,The Cleveland Clinic,OTHER,False,hospital
NCT07590609,Peking University Sixth Hospital,OTHER,False,academic
NCT04685148,"Vibe G Frøkjær, MD, PhD",OTHER,False,other
NCT00448292,"Epix Pharmaceuticals, Inc.",INDUSTRY,True,industry
NCT00851006,University of Utah,OTHER,False,academic
NCT00610649,Merck Sharp & Dohme LLC,INDUSTRY,True,industry
NCT00406952,Pfizer,INDUSTRY,True,industry
NCT00158990,Hadassah Medical Organization,OTHER,False,hospital
NCT00130676,Corcept Therapeutics,INDUSTRY,True,industry
NCT00952653,Pfizer,INDUSTRY,True,industry
NCT01178255,"Charite University, Berlin, Germany",OTHER,False,academic
NCT05800860,GH Research Ireland Limited,INDUSTRY,True,industry
NCT07562191,Universidade Federal do Rio Grande do Norte,OTHER,False,government
NCT02218008,"Alkermes, Inc.",INDUSTRY,True,industry
NCT05118750,Alto Neuroscience,INDUSTRY,True,industry
NCT00135421,Bristol-Myers Squibb,INDUSTRY,True,industry
NCT02346682,Zhejiang Provincial Tongde Hospital,OTHER,False,hospital
NCT04476030,Biogen,INDUSTRY,True,industry
NCT01359618,AstraZeneca,INDUSTRY,True,industry
NCT00744328,Northwestern University,OTHER,False,academic
NCT06957704,Federal University of São Paulo,OTHER,False,government
NCT07300527,Government College University Faisalabad,OTHER,False,government
NCT01369095,Bristol-Myers Squibb,INDUSTRY,True,industry
NCT06094907,Universidade Federal do Rio Grande do Norte,OTHER,False,government
NCT01429831,"Taiwan Otsuka Pharm. Co., Ltd",INDUSTRY,True,industry
NCT00961961,University of Pennsylvania,OTHER,False,academic
NCT00232167,Neurocrine Biosciences,INDUSTRY,True,industry
NCT05601648,Washington University School of Medicine,OTHER,False,academic
NCT07488910,Goethe University,OTHER,False,academic
NCT01197508,AstraZeneca,INDUSTRY,True,industry
NCT06775379,Xenon Pharmaceuticals Inc.,INDUSTRY,True,industry
NCT07569198,Joshua Rosenblat,OTHER,False,individual
NCT01309776,Samsung Medical Center,OTHER,False,hospital
NCT01421134,"Sumitomo Pharma America, Inc.",INDUSTRY,True,industry
NCT00095758,"Otsuka Pharmaceutical Development & Commercialization, Inc.",INDUSTRY,True,industry
NCT00035009,Merck Sharp & Dohme LLC,INDUSTRY,True,industry
NCT02431806,Forest Laboratories,INDUSTRY,True,industry
NCT01070329,Eli Lilly and Company,INDUSTRY,True,industry
NCT00182533,Hamilton Health Sciences Corporation,OTHER,True,industry
NCT00229450,"University of California, Los Angeles",OTHER,False,academic
NCT06964711,"Beijing Greatway Pharmaceutical Technology Co.,Ltd.",INDUSTRY,True,industry
NCT00928980,Radboud University Medical Center,OTHER,False,academic
NCT01071538,University of Pittsburgh,OTHER,False,academic
NCT01441440,Pfizer's Upjohn has merged with Mylan to form Viatris Inc.,INDUSTRY,True,industry
NCT00229476,"University of California, Los Angeles",OTHER,False,academic
NCT07227454,"Janssen Research & Development, LLC",INDUSTRY,True,industry
NCT02466958,"University of California, Los Angeles",OTHER,False,academic
NCT02734602,Yale University,OTHER,False,academic
NCT00250601,Sanofi,INDUSTRY,True,industry
NCT01944657,Sheppard Pratt Health System,OTHER,False,hospital
NCT01880593,Icahn School of Medicine at Mount Sinai,OTHER,False,academic
NCT00739908,CeNeRx BioPharma Inc.,INDUSTRY,True,industry
NCT04957368,Unity Health Toronto,OTHER,False,hospital
NCT00811252,H. Lundbeck A/S,INDUSTRY,True,industry
NCT00203723,"University of California, Los Angeles",OTHER,False,academic
NCT02094898,Mayo Clinic,OTHER,False,hospital
NCT05157945,Alto Neuroscience,INDUSTRY,True,industry
NCT03181529,Johns Hopkins University,OTHER,False,academic
NCT04069819,Sadat City University,OTHER,False,academic
NCT06746441,Khyber Medical University Peshawar,OTHER,False,academic
NCT03944447,"OMNI Medical Services, LLC",NETWORK,False,network
NCT00435279,"Sumitomo Pharma America, Inc.",INDUSTRY,True,industry
NCT02085135,"Alkermes, Inc.",INDUSTRY,True,industry
NCT00265291,National Institute of General Medical Sciences (NIGMS),NIH,False,government
NCT00602290,"University of California, Los Angeles",OTHER,False,academic
NCT00167154,University of Alabama at Birmingham,OTHER,False,academic
NCT07161700,Seaport Therapeutics,INDUSTRY,True,industry
NCT03079297,University of Texas Southwestern Medical Center,OTHER,False,academic
NCT00225524,Wyeth is now a wholly owned subsidiary of Pfizer,INDUSTRY,True,industry
NCT02158533,"Alkermes, Inc.",INDUSTRY,True,industry
NCT00329186,Wyeth is now a wholly owned subsidiary of Pfizer,INDUSTRY,True,industry
NCT04482296,"Bangabandhu Sheikh Mujib Medical University, Dhaka, Bangladesh",OTHER,False,academic
NCT00220480,Sheba Medical Center,OTHER_GOV,False,government
NCT00326105,AstraZeneca,INDUSTRY,True,industry
NCT01124344,Bristol-Myers Squibb,INDUSTRY,True,industry
NCT06735079,MGGM LLC,INDUSTRY,True,industry
NCT00067301,National Center for Complementary and Integrative Health (NCCIH),NIH,False,government
NCT01655706,"University Health Network, Toronto",OTHER,False,academic
NCT04971291,"Axsome Therapeutics, Inc.",INDUSTRY,True,industry
NCT05030272,Wake Forest University Health Sciences,OTHER,False,academic
NCT00744406,Centre for Addiction and Mental Health,OTHER,False,hospital
NCT00616915,Queen's University,OTHER,False,academic
NCT03968159,ACADIA Pharmaceuticals Inc.,INDUSTRY,True,industry
NCT02418195,University of Alabama at Birmingham,OTHER,False,academic
NCT03965858,Celon Pharma SA,INDUSTRY,True,industry
NCT00200902,"University of California, Los Angeles",OTHER,False,academic
NCT06618118,AbbVie,INDUSTRY,True,industry
NCT03787290,Massachusetts General Hospital,OTHER,False,hospital
NCT04442503,Biogen,INDUSTRY,True,industry
NCT00021528,National Institute of Mental Health (NIMH),NIH,False,government
NCT04985942,"Intra-Cellular Therapies, Inc.",INDUSTRY,True,industry
NCT04260607,Naval Medical Center Camp Lejeune,FED,False,government
NCT00135512,GlaxoSmithKline,INDUSTRY,True,industry
NCT01363310,Physicians Research And Education Network,OTHER,False,other
NCT07212946,University of Sao Paulo,OTHER,False,academic
NCT06063369,The Israeli Medical Center for Alzheimer's,OTHER,False,hospital
NCT00321490,AstraZeneca,INDUSTRY,True,industry
NCT06466655,University of Delaware,OTHER,False,academic
NCT00295347,Universitätsklinikum Hamburg-Eppendorf,OTHER,False,academic
NCT02371980,Takeda,INDUSTRY,True,industry
NCT02871297,H. Lundbeck A/S,INDUSTRY,True,industry
NCT00046020,Wyeth is now a wholly owned subsidiary of Pfizer,INDUSTRY,True,industry
NCT02749721,Rush University Medical Center,OTHER,False,academic
NCT00367341,Emory University,OTHER,False,academic
NCT03068247,University of Utah,OTHER,False,academic
NCT02273154,Si Tianmei,OTHER,False,individual
NCT05041647,St. Joseph's Healthcare Hamilton,OTHER,False,hospital
NCT01482221,AstraZeneca,INDUSTRY,True,industry
NCT02454426,Thomas Jefferson University,OTHER,False,academic
NCT00296699,New York State Psychiatric Institute,OTHER,False,research_nonprofit
NCT05455684,"Janssen Research & Development, LLC",INDUSTRY,True,industry
NCT03935685,"University of California, Irvine",OTHER,False,academic
NCT01395147,Takeda,INDUSTRY,True,industry
NCT05376150,Xenon Pharmaceuticals Inc.,INDUSTRY,True,industry
NCT07210112,Centre Hospitalier St Anne,OTHER,False,hospital
NCT01190514,Pfizer,INDUSTRY,True,industry
NCT00548964,James Murrough,OTHER,False,individual
NCT00296179,Sanofi,INDUSTRY,True,industry
NCT00035282,Merck Sharp & Dohme LLC,INDUSTRY,True,industry
NCT04498897,Hanyang University Seoul Hospital,OTHER,False,academic
NCT07529574,Jung-Sun Lee,OTHER,False,individual
NCT00188396,"University Health Network, Toronto",OTHER,False,academic
NCT02380066,Shanghai Mental Health Center,OTHER,False,hospital
NCT07247370,South West Sydney Local Health District,OTHER,False,hospital
NCT01121536,Cephalon,INDUSTRY,True,industry
NCT01528241,Novartis Pharmaceuticals,INDUSTRY,True,industry
NCT01360190,"University of California, Los Angeles",OTHER,False,academic
NCT01103180,University of Chicago,OTHER,False,academic
NCT04399070,Yan Qiu,OTHER,False,individual
NCT06698666,Ain Shams University,OTHER,False,academic
NCT00578669,Butler Hospital,OTHER,False,hospital
NCT04162522,"University Health Network, Toronto",OTHER,False,academic
NCT03977675,Columbia University,OTHER,False,academic
NCT00401258,Mclean Hospital,OTHER,False,hospital
NCT00745017,Centre for Addiction and Mental Health,OTHER,False,hospital
NCT03548675,Radboud University Medical Center,OTHER,False,academic
NCT02028026,Massachusetts General Hospital,OTHER,False,hospital
NCT00062673,Eli Lilly and Company,INDUSTRY,True,industry
NCT01912196,"MSI Methylation Sciences, Inc.",INDUSTRY,True,industry
NCT02741791,"Axsome Therapeutics, Inc.",INDUSTRY,True,industry
NCT00644358,Forest Laboratories,INDUSTRY,True,industry
NCT02543983,National Institute of Mental Health (NIMH),NIH,False,government
NCT01204086,National Cheng-Kung University Hospital,OTHER,False,academic
NCT01870219,Inonu University,OTHER,False,academic
NCT00143091,Pfizer,INDUSTRY,True,industry
NCT04939649,"University of Dublin, Trinity College",OTHER,False,academic
NCT06524830,"atai Therapeutics, Inc.",INDUSTRY,True,industry
NCT01808651,Eli Lilly and Company,INDUSTRY,True,industry
NCT00479726,Eli Lilly and Company,INDUSTRY,True,industry
NCT03822416,University of Minnesota,OTHER,False,academic
NCT00157547,Massachusetts General Hospital,OTHER,False,hospital
NCT01423240,"Sumitomo Pharma America, Inc.",INDUSTRY,True,industry
NCT02498392,"Janssen Research & Development, LLC",INDUSTRY,True,industry
NCT05017311,Nova Scotia Health Authority,OTHER,False,government
NCT06692361,Gang Wang,OTHER,False,individual
NCT00568672,"Charite University, Berlin, Germany",OTHER,False,academic
NCT00467402,Novartis,INDUSTRY,True,industry
NCT01305889,"University of California, San Francisco",OTHER,False,academic
NCT07573176,"Janssen Research & Development, LLC",INDUSTRY,True,industry
NCT04244253,"Otsuka Pharmaceutical Co., Ltd.",INDUSTRY,True,industry
NCT06278038,First Affiliated Hospital of Zhejiang University,OTHER,False,academic
NCT00250653,Sanofi,INDUSTRY,True,industry
NCT01031186,GlaxoSmithKline,INDUSTRY,True,industry
NCT00655057,University of Pennsylvania,OTHER,False,academic
NCT05385783,Cybin IRL Limited,INDUSTRY,True,industry
NCT04673383,Small Pharma Ltd,INDUSTRY,True,industry
NCT01573598,Forest Laboratories,INDUSTRY,True,industry
NCT02615119,"Laureate Institute for Brain Research, Inc.",OTHER,False,research_nonprofit
NCT07300969,Draig Therapeutics Ltd,INDUSTRY,True,industry
NCT00048594,Merck Sharp & Dohme LLC,INDUSTRY,True,industry
NCT07136714,Nordsjaellands Hospital,OTHER,False,hospital
NCT00822744,Sanofi,INDUSTRY,True,industry
NCT05381974,Massachusetts General Hospital,OTHER,False,hospital
NCT02972632,Takeda,INDUSTRY,True,industry
NCT00731653,Massachusetts General Hospital,OTHER,False,hospital
NCT01942187,New York State Psychiatric Institute,OTHER,False,research_nonprofit
NCT00569062,GlaxoSmithKline,INDUSTRY,True,industry
NCT00051259,GlaxoSmithKline,INDUSTRY,True,industry
NCT04177706,Medical University of South Carolina,OTHER,False,academic
NCT00985725,Shire,INDUSTRY,True,industry
NCT00249886,Sunnybrook Health Sciences Centre,OTHER,False,hospital
NCT07549581,"Otsuka Pharmaceutical Development & Commercialization, Inc.",INDUSTRY,True,industry
NCT03367533,Yale University,OTHER,False,academic
NCT05947383,Sunstone Medical,OTHER,False,individual
NCT02977299,Massachusetts General Hospital,OTHER,False,hospital
NCT05733546,COMPASS Pathways,INDUSTRY,True,industry
NCT00825019,Sanofi,INDUSTRY,True,industry
NCT04171193,University of Sao Paulo,OTHER,False,academic
NCT00511810,University of Cincinnati,OTHER,False,academic
NCT03414931,Chang Gung Memorial Hospital,OTHER,False,hospital
NCT00481195,Cephalon,INDUSTRY,True,industry
NCT02972398,Tianjin Anding Hospital,OTHER,False,hospital
NCT00596622,Indiana University,OTHER,False,academic
NCT07196501,Neurocrine Biosciences,INDUSTRY,True,industry
NCT02342366,University of Zurich,OTHER,False,academic
NCT03053830,VA Connecticut Healthcare System,FED,False,government
NCT00787501,University of Pittsburgh,OTHER,False,academic
NCT00368030,"Sumitomo Pharma America, Inc.",INDUSTRY,True,industry
NCT01558063,Columbia University,OTHER,False,academic
NCT07284667,ACADIA Pharmaceuticals Inc.,INDUSTRY,True,industry
NCT01337609,Massachusetts General Hospital,OTHER,False,hospital
NCT05603104,Dr. Inge Winter,OTHER,False,individual
NCT07253207,"Zhejiang Huahai Pharmaceutical Co., Ltd.",INDUSTRY,True,industry
NCT06131268,"Fondazione IRCCS Ca' Granda, Ospedale Maggiore Policlinico",OTHER,False,hospital
NCT00183729,Eric Lenze,OTHER,False,individual
NCT00880399,GlaxoSmithKline,INDUSTRY,True,industry
NCT06476509,Vigonvita Life Sciences,INDUSTRY,True,industry
NCT07523048,Roger McIntyre,OTHER,False,individual
NCT06705478,National Institute of Allergy and Infectious Diseases (NIAID),NIH,False,government
NCT05506462,Ehave Inc.,INDUSTRY,True,industry
NCT00149110,"Hillerod Hospital, Denmark",OTHER,False,hospital
NCT00406640,Wyeth is now a wholly owned subsidiary of Pfizer,INDUSTRY,True,industry
NCT01902004,"University of California, Los Angeles",OTHER,False,academic
NCT01111539,"Otsuka Pharmaceutical Development & Commercialization, Inc.",INDUSTRY,True,industry
NCT03833206,"BioLite, Inc.",INDUSTRY,True,industry
NCT03866174,Usona Institute,OTHER,False,research_nonprofit
NCT01370499,Eli Lilly and Company,INDUSTRY,True,industry
NCT02960763,Washington University School of Medicine,OTHER,False,academic
NCT00374426,National Institute of Diabetes and Digestive and Kidney Diseases (NIDDK),NIH,False,government
NCT01179516,Takeda,INDUSTRY,True,industry
NCT04936126,"All India Institute of Medical Sciences, Bhubaneswar",OTHER,False,research_nonprofit
NCT04828226,"Insel Gruppe AG, University Hospital Bern",OTHER,False,academic
NCT06029439,"Neumora Therapeutics, Inc.",INDUSTRY,True,industry
NCT05227209,"Sumitomo Pharma America, Inc.",INDUSTRY,True,industry
NCT00705003,Massachusetts General Hospital,OTHER,False,hospital
NCT00036335,Eli Lilly and Company,INDUSTRY,True,industry
NCT00666757,Eli Lilly and Company,INDUSTRY,True,industry
NCT06360419,"Axsome Therapeutics, Inc.",INDUSTRY,True,industry
NCT01380704,AbbVie,INDUSTRY,True,industry
NCT00887224,Pfizer,INDUSTRY,True,industry
NCT07226661,"Supernus Pharmaceuticals, Inc.",INDUSTRY,True,industry
NCT00018057,National Institute of Mental Health (NIMH),NIH,False,government
NCT00427128,New York State Psychiatric Institute,OTHER,False,research_nonprofit
NCT02709746,H. Lundbeck A/S,INDUSTRY,True,industry
NCT03726658,"Syndeio Biosciences, Inc",INDUSTRY,True,industry
NCT06958692,"CSPC Ouyi Pharmaceutical Co., Ltd.",INDUSTRY,True,industry
NCT01234558,"Naurex, Inc, an affiliate of Allergan plc",INDUSTRY,True,industry
NCT00174577,Rhode Island Hospital,OTHER,False,hospital
NCT04209166,Shanghai Mental Health Center,OTHER,False,hospital
NCT06341426,"University Health Network, Toronto",OTHER,False,academic
NCT01913535,Massachusetts General Hospital,OTHER,False,hospital
NCT01715805,Forest Laboratories,INDUSTRY,True,industry
NCT01464229,"Maurizio Fava, MD",OTHER,False,other
NCT00209807,Hospital Universitari Vall d'Hebron Research Institute,OTHER,False,academic
NCT00385307,Sanofi,INDUSTRY,True,industry
NCT07076407,Xenon Pharmaceuticals Inc.,INDUSTRY,True,industry
NCT04623034,"MSI Methylation Sciences, Inc.",INDUSTRY,True,industry
NCT00090649,Wyeth is now a wholly owned subsidiary of Pfizer,INDUSTRY,True,industry
NCT06417437,Shanghai Mental Health Center,OTHER,False,hospital
NCT01477203,Medical University of Vienna,OTHER,False,academic
NCT00759395,AstraZeneca,INDUSTRY,True,industry
NCT01725282,Astellas Pharma Inc,INDUSTRY,True,industry
NCT00296725,New York State Psychiatric Institute,OTHER,False,research_nonprofit
NCT01312922,PharmaNeuroBoost N.V.,INDUSTRY,True,industry
NCT01811147,The Cleveland Clinic,OTHER,False,hospital
NCT01134731,University of Alabama at Birmingham,OTHER,False,academic
NCT05792540,Tanta University,OTHER,False,academic
NCT04937829,Boehringer Ingelheim,INDUSTRY,True,industry
NCT01273376,"Rexahn Pharmaceuticals, Inc.",INDUSTRY,True,industry
NCT00517972,University of Arizona,OTHER,False,academic
NCT02066077,Shanghai Mental Health Center,OTHER,False,hospital
NCT05921929,ReST Therapeutics,INDUSTRY,True,industry
NCT06854224,Marianne Goodman,OTHER,False,individual
NCT04317001,Stanford University,OTHER,False,academic
NCT01571453,H. Lundbeck A/S,INDUSTRY,True,industry
NCT04711915,Yale University,OTHER,False,academic
NCT06235905,"Navitor Pharmaceuticals, Inc.",INDUSTRY,True,industry
NCT00519428,New York State Psychiatric Institute,OTHER,False,research_nonprofit
NCT01903200,Astellas Pharma Inc,INDUSTRY,True,industry
NCT00150839,University of Erlangen-Nürnberg Medical School,OTHER,False,academic
NCT07494305,LB Pharmaceuticals Inc.,INDUSTRY,True,industry
NCT00592384,University of Washington,OTHER,False,academic
NCT00781326,University of Pittsburgh,OTHER,False,academic
NCT02012218,"Otsuka Pharmaceutical Development & Commercialization, Inc.",INDUSTRY,True,industry
NCT07371065,Luye Pharma Group Ltd.,INDUSTRY,True,industry
NCT02869035,"Rigshospitalet, Denmark",OTHER,False,hospital
NCT05757791,NYU Langone Health,OTHER,False,hospital
NCT04019704,"Axsome Therapeutics, Inc.",INDUSTRY,True,industry
NCT03265808,"Ihsan M Salloum, MD, MPH",OTHER,False,other
NCT02711215,Medical University of Vienna,OTHER,False,academic
NCT05181527,"All India Institute of Medical Sciences, Bhubaneswar",OTHER,False,research_nonprofit
NCT06785012,"Janssen Research & Development, LLC",INDUSTRY,True,industry
NCT00208156,Corcept Therapeutics,INDUSTRY,True,industry
NCT01803711,UConn Health,OTHER,False,hospital
NCT05415397,"Amsterdam UMC, location VUmc",OTHER,False,hospital
NCT00149825,Stanford University,OTHER,False,academic
NCT00086307,National Institute of Mental Health (NIMH),NIH,False,government
NCT00602537,University of Pennsylvania,OTHER,False,academic
NCT00629551,Sanofi,INDUSTRY,True,industry
NCT01304147,James Murrough,OTHER,False,individual
NCT01973283,New York State Psychiatric Institute,OTHER,False,research_nonprofit
NCT06792136,"Ono Pharmaceutical Co., Ltd.",INDUSTRY,True,industry
NCT01189318,Ewha Womans University,OTHER,False,academic
NCT06633016,"Autobahn Therapeutics, Inc.",INDUSTRY,True,industry
NCT05950061,"KRL Hospital, Islamabad",OTHER,False,hospital
NCT05063604,Hospital Universitari de Bellvitge,OTHER,False,academic
NCT01360866,"Otsuka Pharmaceutical Development & Commercialization, Inc.",INDUSTRY,True,industry
NCT03339596,Martin Balslev Jørgensen,OTHER,False,individual
NCT03559192,"Janssen Research & Development, LLC",INDUSTRY,True,industry
NCT05536414,"Otsuka Pharmaceutical Development & Commercialization, Inc.",INDUSTRY,True,industry
NCT00452595,Wyeth is now a wholly owned subsidiary of Pfizer,INDUSTRY,True,industry
NCT00585585,University of Cincinnati,OTHER,False,academic
NCT04181567,Kaohsiung Kai-Suan Psychiatric Hospital,OTHER_GOV,False,government
NCT00735709,Takeda,INDUSTRY,True,industry
NCT05504486,"Otsuka Pharmaceutical Development & Commercialization, Inc.",INDUSTRY,True,industry
NCT02013609,"Otsuka Pharmaceutical Development & Commercialization, Inc.",INDUSTRY,True,industry
NCT01430455,New York State Psychiatric Institute,OTHER,False,research_nonprofit
NCT02133001,"Janssen Research & Development, LLC",INDUSTRY,True,industry
NCT04315597,Bayer,INDUSTRY,True,industry
NCT01403662,"University Health Network, Toronto",OTHER,False,academic
NCT01479920,The University of Hong Kong,OTHER,False,academic
NCT00146523,Corcept Therapeutics,INDUSTRY,True,industry
NCT00892463,Sunnybrook Health Sciences Centre,OTHER,False,hospital
NCT06790823,Shiraz University of Medical Sciences,OTHER,False,academic
NCT00006180,National Institute of Mental Health (NIMH),NIH,False,government
NCT01919008,Astellas Pharma Inc,INDUSTRY,True,industry
NCT03869736,Bayside Health,OTHER_GOV,False,government
NCT01473394,Forest Laboratories,INDUSTRY,True,industry
NCT00357045,Portland VA Medical Center,FED,False,government
NCT03538691,"Otsuka Pharmaceutical Development & Commercialization, Inc.",INDUSTRY,True,industry
NCT04338321,Janssen-Cilag International NV,INDUSTRY,True,industry
NCT05148169,Shanghai Mental Health Center,OTHER,False,hospital
NCT01263119,Eli Lilly and Company,INDUSTRY,True,industry
NCT00205946,Affective Neuroscience Laboratory,OTHER,False,individual
NCT06967857,Prof. Dr. Frank Behrens,OTHER,False,individual
NCT00785434,Community Pharmacology Services Ltd,OTHER,True,industry
NCT02969876,Massachusetts General Hospital,OTHER,False,hospital
NCT05644301,Universiteit Antwerpen,OTHER,False,academic
NCT03737474,"Otsuka Pharmaceutical Co., Ltd.",INDUSTRY,True,industry
NCT01485887,Pfizer's Upjohn has merged with Mylan to form Viatris Inc.,INDUSTRY,True,industry
NCT00866294,GlaxoSmithKline,INDUSTRY,True,industry
NCT04821271,National Institute of Mental Health (NIMH),NIH,False,government
NCT06057012,Brii Biosciences Limited,INDUSTRY,True,industry
NCT00078715,National Institute of Mental Health (NIMH),NIH,False,government
NCT03002077,"Naurex, Inc, an affiliate of Allergan plc",INDUSTRY,True,industry
NCT01204918,Yale University,OTHER,False,academic
NCT02624102,"Hemanny, Curt, M.D.",INDIV,False,individual
NCT06410599,University Hospital Tuebingen,OTHER,False,academic
NCT04041284,"Teva Branded Pharmaceutical Products R&D, Inc.",INDUSTRY,True,industry
NCT07393919,Universita di Verona,OTHER,False,academic
NCT05720637,Xiaomei Shao,OTHER,False,individual
NCT00723970,McMaster University,OTHER,False,academic
NCT05212116,Syndesi Therapeutics,INDUSTRY,True,industry
NCT00304746,Mclean Hospital,OTHER,False,hospital
NCT00490542,Tufts Medical Center,OTHER,False,hospital
NCT00797966,"Otsuka Pharmaceutical Development & Commercialization, Inc.",INDUSTRY,True,industry
NCT00043550,University of Pennsylvania,OTHER,False,academic
NCT03430869,Chang Gung Memorial Hospital,OTHER,False,hospital
NCT03227224,"Janssen Research & Development, LLC",INDUSTRY,True,industry
NCT02667353,Universitaire Ziekenhuizen KU Leuven,OTHER,False,academic
NCT02614547,"Supernus Pharmaceuticals, Inc.",INDUSTRY,True,industry
NCT00225485,Wyeth is now a wholly owned subsidiary of Pfizer,INDUSTRY,True,industry
NCT04294654,H. Lundbeck A/S,INDUSTRY,True,industry
NCT05524519,The Third Affiliated hospital of Zhejiang Chinese Medical University,OTHER,False,academic
NCT02919501,H. Lundbeck A/S,INDUSTRY,True,industry
NCT02845349,Johns Hopkins University,OTHER,False,academic
NCT01275144,Eli Lilly and Company,INDUSTRY,True,industry
NCT07185815,Mapi Pharma Ltd.,INDUSTRY,True,industry
NCT00518986,Cephalon,INDUSTRY,True,industry
NCT02405715,"Concordia University, Montreal",OTHER,False,academic
NCT04013464,Peking University Sixth Hospital,OTHER,False,academic
NCT00608543,University of Texas Southwestern Medical Center,OTHER,False,academic
NCT03078322,"VistaGen Therapeutics, Inc.",INDUSTRY,True,industry
NCT00277108,University of Rochester,OTHER,False,academic
NCT03580967,Todd Doyle,OTHER,False,individual
NCT00223197,University of Texas Southwestern Medical Center,OTHER,False,academic
NCT00345098,Sanofi,INDUSTRY,True,industry
NCT03861988,Stanford University,OTHER,False,academic
NCT01288079,AstraZeneca,INDUSTRY,True,industry
NCT00551109,M's Science Corporation,INDUSTRY,True,industry
NCT00452543,Massachusetts General Hospital,OTHER,False,hospital
NCT06675851,Medical University of Vienna,OTHER,False,academic
NCT00759122,"University of California, Los Angeles",OTHER,False,academic
NCT02461927,VA Office of Research and Development,FED,False,government
NCT00761306,H. Lundbeck A/S,INDUSTRY,True,industry
NCT07534475,Medipol University,OTHER,False,academic
NCT06450704,Fundación de Investigación Biomédica - Hospital Universitario de La Princesa,OTHER,False,academic
NCT00012558,National Institute of Mental Health (NIMH),NIH,False,government
NCT05419869,Alto Neuroscience,INDUSTRY,True,industry
NCT01114698,"Janssen Research & Development, LLC",INDUSTRY,True,industry
NCT00369798,National Institute of Mental Health (NIMH),NIH,False,government
NCT00034944,Merck Sharp & Dohme LLC,INDUSTRY,True,industry
NCT04618263,"Syndeio Biosciences, Inc",INDUSTRY,True,industry
NCT07478796,Poznan University of Medical Sciences,OTHER,False,academic
NCT03051256,"Relmada Therapeutics, Inc.",INDUSTRY,True,industry
NCT07373535,Kyle Greenway,OTHER,False,individual
NCT03623711,Yuqi Cheng,OTHER,False,individual
NCT01613820,Massachusetts General Hospital,OTHER,False,hospital
NCT00296933,"University Health Network, Toronto",OTHER,False,academic
NCT07115329,"Syndeio Biosciences, Inc",INDUSTRY,True,industry
NCT00974155,K. Lieb,OTHER,False,other
NCT01774747,"Sumitomo Pharma America, Inc.",INDUSTRY,True,industry
NCT01871974,Astellas Pharma Inc,INDUSTRY,True,industry
NCT03185819,"Janssen Research & Development, LLC",INDUSTRY,True,industry
NCT04688164,"Relmada Therapeutics, Inc.",INDUSTRY,True,industry
NCT00064467,GlaxoSmithKline,INDUSTRY,True,industry
NCT00451516,The University of Queensland,OTHER,False,academic
NCT05061719,"Intra-Cellular Therapies, Inc.",INDUSTRY,True,industry
NCT01568307,Baker Heart and Diabetes Institute,OTHER,False,research_nonprofit
NCT04116528,Stanford University,OTHER,False,academic
NCT01156415,Novartis Pharmaceuticals,INDUSTRY,True,industry
NCT03122158,Erzurum Regional Training & Research Hospital,OTHER_GOV,False,government
NCT01748955,New York State Psychiatric Institute,OTHER,False,research_nonprofit
NCT00733668,AstraZeneca,INDUSTRY,True,industry
NCT02951988,"Naurex, Inc, an affiliate of Allergan plc",INDUSTRY,True,industry
NCT02376257,Boston University Charles River Campus,OTHER,False,academic
NCT06782724,University Medical Center Groningen,OTHER,False,academic
NCT05859698,Neurocrine Biosciences,INDUSTRY,True,industry
NCT00018824,US Department of Veterans Affairs,FED,False,government
NCT02805439,Institut de Recherches Internationales Servier,OTHER,False,research_nonprofit
NCT00197951,Fundació Institut de Recerca de l'Hospital de la Santa Creu i Sant Pau,OTHER,False,hospital
NCT06843187,Unity Health Toronto,OTHER,False,hospital
NCT03281044,Psychiatric Hospital of the University of Basel,OTHER,False,academic
NCT00256412,University of Iowa,OTHER,False,academic
NCT07139106,New York State Psychiatric Institute,OTHER,False,research_nonprofit
NCT00049972,GlaxoSmithKline,INDUSTRY,True,industry
NCT04697693,New York State Psychiatric Institute,OTHER,False,research_nonprofit
NCT02263248,Centre for Addiction and Mental Health,OTHER,False,hospital
NCT04593563,"Maryland Oncology Hematology, PA",OTHER,False,other
NCT03835715,H. Lundbeck A/S,INDUSTRY,True,industry
NCT04221230,"Neumora Therapeutics, Inc.",INDUSTRY,True,industry
NCT02219867,Sheba Medical Center,OTHER_GOV,False,government
NCT00108979,Forest Laboratories,INDUSTRY,True,industry
NCT00070694,National Institute of Mental Health (NIMH),NIH,False,government
NCT06480201,Texas A&M University,OTHER,False,academic
NCT00792168,"University of California, Los Angeles",OTHER,False,academic
NCT02484456,National Institute of Mental Health (NIMH),NIH,False,government
NCT01437657,Hoffmann-La Roche,INDUSTRY,True,industry
NCT07526454,Tanta University,OTHER,False,academic
NCT00707980,Takeda,INDUSTRY,True,industry
NCT01443208,Pfizer,INDUSTRY,True,industry
NCT00227812,National Institute on Drug Abuse (NIDA),NIH,False,government
NCT06126497,Suven Life Sciences Limited,INDUSTRY,True,industry
NCT05529576,Shanghai Mental Health Center,OTHER,False,hospital
NCT00208715,Emory University,OTHER,False,academic
NCT01764867,Shanghai Mental Health Center,OTHER,False,hospital
NCT03321526,"Janssen Research & Development, LLC",INDUSTRY,True,industry
NCT06054321,Chonnam National University Hospital,OTHER,False,academic
NCT00474708,Wyeth is now a wholly owned subsidiary of Pfizer,INDUSTRY,True,industry
NCT06558344,Boehringer Ingelheim,INDUSTRY,True,industry
NCT01700829,New York State Psychiatric Institute,OTHER,False,research_nonprofit
NCT00421369,Hadassah Medical Organization,OTHER,False,hospital
NCT04479852,"Sirtsei Pharmaceuticals, Inc.",INDUSTRY,True,industry
NCT01894815,University of Sao Paulo,OTHER,False,academic
NCT07480525,Peking University,OTHER,False,academic
NCT00422162,Eli Lilly and Company,INDUSTRY,True,industry
NCT03283670,Washington University School of Medicine,OTHER,False,academic
NCT02272517,H. Lundbeck A/S,INDUSTRY,True,industry
NCT01364649,Takeda,INDUSTRY,True,industry
NCT07281352,"University of California, Los Angeles",OTHER,False,academic
NCT06072898,Sunnybrook Health Sciences Centre,OTHER,False,hospital
NCT04021433,Hadassah Medical Organization,OTHER,False,hospital
NCT06259526,"Tasly Pharmaceutical Group Co., Ltd",INDUSTRY,True,industry
NCT00232700,"Charite University, Berlin, Germany",OTHER,False,academic
NCT01263236,"BlackThorn Therapeutics, Inc.",INDUSTRY,True,industry
NCT00285818,Stanford University,OTHER,False,academic
NCT00177996,University of Pittsburgh,OTHER,False,academic
NCT01187407,Eli Lilly and Company,INDUSTRY,True,industry
NCT00993876,Zentrum für Integrative Psychiatrie,OTHER,False,other
NCT01809340,"Janssen Research & Development, LLC",INDUSTRY,True,industry
NCT01034995,Sanofi,INDUSTRY,True,industry
NCT01305707,Hospital Universitari de Bellvitge,OTHER,False,academic
NCT01573741,Shi Jinyun,OTHER,False,individual
NCT06285916,"DuKang Pharmaceuticals, Inc.",INDUSTRY,True,industry
NCT07198711,Stanford University,OTHER,False,academic
NCT03516604,University of Oxford,OTHER,False,academic
NCT07088380,Università Vita-Salute San Raffaele,OTHER,False,academic
NCT00873795,Chimei Medical Center,OTHER,False,hospital
NCT05550532,"Janssen Research & Development, LLC",INDUSTRY,True,industry
NCT03554447,Mahmoud Samy Abdallah,OTHER,False,individual
NCT06656416,Alto Neuroscience,INDUSTRY,True,industry
NCT01754493,New York State Psychiatric Institute,OTHER,False,research_nonprofit
NCT00420004,Eli Lilly and Company,INDUSTRY,True,industry
NCT00896363,GlaxoSmithKline,INDUSTRY,True,industry
NCT02237937,HolsboerMaschmeyer NeuroChemie GmbH,INDUSTRY,True,industry
NCT07683988,"Western University, Canada",OTHER,False,academic
NCT00166296,Germans Trias i Pujol Hospital,OTHER,False,hospital
NCT02181231,Washington University School of Medicine,OTHER,False,academic
NCT05002309,Nova Scotia Health Authority,OTHER,False,government
NCT01157078,AstraZeneca,INDUSTRY,True,industry
NCT07424781,University of Oxford,OTHER,False,academic
NCT00162916,Ontario Neurotrauma Foundation,OTHER,False,research_nonprofit
NCT00361374,Massachusetts General Hospital,OTHER,False,hospital
NCT00402220,Bayside Health,OTHER_GOV,False,government
NCT03329287,Shanghai Mental Health Center,OTHER,False,hospital
NCT00456898,Wyeth is now a wholly owned subsidiary of Pfizer,INDUSTRY,True,industry
NCT05047159,Shanghai Mental Health Center,OTHER,False,hospital
NCT05061706,"Intra-Cellular Therapies, Inc.",INDUSTRY,True,industry
NCT03505905,University of Texas Southwestern Medical Center,OTHER,False,academic
NCT00825058,Sanofi,INDUSTRY,True,industry
NCT00237666,The Medical Research Network,OTHER,False,network
NCT00420641,GlaxoSmithKline,INDUSTRY,True,industry
NCT01371708,Pfizer,INDUSTRY,True,industry
NCT04698603,GH Research Ireland Limited,INDUSTRY,True,industry
NCT00166114,Emory University,OTHER,False,academic
NCT07610473,Draig Therapeutics Ltd,INDUSTRY,True,industry
NCT01299272,Eli Lilly and Company,INDUSTRY,True,industry
NCT00581009,"University of California, Irvine",OTHER,False,academic
NCT01741142,"AbbVie (prior sponsor, Abbott)",INDUSTRY,True,industry
NCT03504475,Beijing Tongren Hospital,OTHER,False,hospital
NCT01866098,Yale University,OTHER,False,academic
NCT00839423,H. Lundbeck A/S,INDUSTRY,True,industry
NCT07396272,Daniel Lindqvist,OTHER,False,individual
NCT06514742,"Janssen Research & Development, LLC",INDUSTRY,True,industry
NCT00316160,GlaxoSmithKline,INDUSTRY,True,industry
NCT00456014,New York State Psychiatric Institute,OTHER,False,research_nonprofit
NCT00035295,Merck Sharp & Dohme LLC,INDUSTRY,True,industry
NCT02661061,"St Patrick's Hospital, Ireland",OTHER,False,hospital
NCT05922878,Alto Neuroscience,INDUSTRY,True,industry
NCT06620276,Centre hospitalier de l'Université de Montréal (CHUM),OTHER,False,academic
NCT00812812,GlaxoSmithKline,INDUSTRY,True,industry
NCT00531895,Kraepelin Psiquiatria Clinica,OTHER,False,hospital
NCT05046184,University of Texas Southwestern Medical Center,OTHER,False,academic
NCT03515733,University of Oxford,OTHER,False,academic
NCT03761030,New York State Psychiatric Institute,OTHER,False,research_nonprofit
NCT07226232,VA Office of Research and Development,FED,False,government
NCT04422652,Stony Brook University,OTHER,False,academic
NCT04509882,Shanghai Mental Health Center,OTHER,False,hospital
NCT06937476,Central South University,OTHER,False,academic
NCT01460381,Eli Lilly and Company,INDUSTRY,True,industry
NCT01916200,GlaxoSmithKline,INDUSTRY,True,industry
NCT02139540,Washington University School of Medicine,OTHER,False,academic
NCT01838876,Forest Laboratories,INDUSTRY,True,industry
NCT01457677,Hoffmann-La Roche,INDUSTRY,True,industry
NCT03487198,Otsuka Beijing Research Institute,INDUSTRY,True,industry
NCT00048204,GlaxoSmithKline,INDUSTRY,True,industry
NCT00186264,Stanford University,OTHER,False,academic
NCT05675800,Washington University School of Medicine,OTHER,False,academic
NCT01731119,"University of North Carolina, Chapel Hill",OTHER,False,academic
NCT05029466,Brain and Cognition Discovery Foundation,OTHER,False,research_nonprofit
NCT00795821,Eli Lilly and Company,INDUSTRY,True,industry
NCT00683592,Forest Laboratories,INDUSTRY,True,industry
NCT04722666,Novartis Pharmaceuticals,INDUSTRY,True,industry
NCT01033084,University of Sao Paulo,OTHER,False,academic
NCT05666687,Novartis Pharmaceuticals,INDUSTRY,True,industry
NCT00969709,Forest Laboratories,INDUSTRY,True,industry
NCT00191061,Eli Lilly and Company,INDUSTRY,True,industry
NCT03666390,"Taipei Veterans General Hospital, Taiwan",OTHER_GOV,False,government
NCT04829318,Janssen-Cilag Ltd.,INDUSTRY,True,industry
NCT06247839,Sharmin Ghaznavi,OTHER,False,individual
NCT00570050,"University Health Network, Toronto",OTHER,False,academic
NCT07011693,Xinyu Zhou,OTHER,False,individual
NCT05217758,"Amsterdam UMC, location VUmc",OTHER,False,hospital
NCT04543123,Jeong-Ho Chae,OTHER,False,individual
NCT00619619,Wyeth is now a wholly owned subsidiary of Pfizer,INDUSTRY,True,industry
NCT07022405,Stanford University,OTHER,False,academic
NCT04032301,University of Minnesota,OTHER,False,academic
NCT02037503,Tel-Aviv Sourasky Medical Center,OTHER_GOV,False,government
NCT01357967,Inje University,OTHER,False,academic
NCT00768430,Baylor College of Medicine,OTHER,False,academic
NCT02433093,Hoffmann-La Roche,INDUSTRY,True,industry
NCT02078817,University of Minnesota,OTHER,False,academic
NCT06340958,Clexio Biosciences Ltd.,INDUSTRY,True,industry
NCT03101540,William Coryell,OTHER,False,individual
NCT04843462,Lukas Pezawas,OTHER,False,individual
NCT00812994,"University of California, San Francisco",OTHER,False,academic
NCT00368303,GlaxoSmithKline,INDUSTRY,True,industry
NCT01691092,Yale University,OTHER,False,academic
NCT00834652,Washington University School of Medicine,OTHER,False,academic
NCT02669082,Takeda,INDUSTRY,True,industry
NCT02669030,"Institute for Advanced Medical Research, Alpharetta, GA",OTHER,False,research_nonprofit
NCT00411099,Novartis,INDUSTRY,True,industry
NCT06168175,Centre Hospitalier Universitaire Vaudois,OTHER,False,academic
NCT01696617,Seoul National University Hospital,OTHER,False,academic
NCT00179244,Vanderbilt University,OTHER,False,academic
NCT03288675,"University Hospital, Ghent",OTHER,False,academic
NCT06132178,University of Texas at Austin,OTHER,False,academic
NCT04437485,Indiana University,OTHER,False,academic
NCT03756129,Novartis Pharmaceuticals,INDUSTRY,True,industry
NCT01372150,Pfizer,INDUSTRY,True,industry
NCT00564278,New York State Psychiatric Institute,OTHER,False,research_nonprofit
NCT00617045,Yale University,OTHER,False,academic
NCT00326144,AstraZeneca,INDUSTRY,True,industry
NCT04602715,NuBiyota,OTHER,False,other
NCT01219686,Markus KOSEL,OTHER,False,other
NCT07076342,Stony Brook University,OTHER,False,academic
NCT00781742,AstraZeneca,INDUSTRY,True,industry
NCT02666989,Shalvata Mental Health Center,OTHER,False,hospital
NCT02158546,"Alkermes, Inc.",INDUSTRY,True,industry
NCT01145755,AstraZeneca,INDUSTRY,True,industry
NCT05427981,New York State Psychiatric Institute,OTHER,False,research_nonprofit
NCT04637620,China Medical University Hospital,OTHER,False,academic
NCT02395263,Shanghai Mental Health Center,OTHER,False,hospital
NCT02332954,Lundbeck Canada Inc.,INDUSTRY,True,industry
NCT00463580,Emory University,OTHER,False,academic
NCT02752542,Nova Scotia Health Authority,OTHER,False,government
NCT04082806,Erich Seifritz,OTHER,False,individual
NCT01098240,Pfizer,INDUSTRY,True,industry
NCT07484217,"Axsome Therapeutics, Inc.",INDUSTRY,True,industry
NCT01051466,Eli Lilly and Company,INDUSTRY,True,industry
NCT01099592,Centre hospitalier de l'Université de Montréal (CHUM),OTHER,False,academic
NCT00250614,Sanofi,INDUSTRY,True,industry
NCT00335205,Sheba Medical Center,OTHER_GOV,False,government
NCT00472576,National Institute of Mental Health (NIMH),NIH,False,government
NCT00285766,Somerset Pharmaceuticals,INDUSTRY,True,industry
NCT05615948,"Theresa Jacob, PhD, MPH",OTHER,False,other
NCT01163266,Takeda,INDUSTRY,True,industry
NCT06213324,Icahn School of Medicine at Mount Sinai,OTHER,False,academic
NCT01148472,H. Lundbeck A/S,INDUSTRY,True,industry
NCT01309945,Bristol-Myers Squibb,INDUSTRY,True,industry
NCT04322526,"Marta Peciña, MD PhD",OTHER,False,other
NCT06963021,Neurocrine Biosciences,INDUSTRY,True,industry
NCT01500200,"Alkermes, Inc.",INDUSTRY,True,industry
NCT00526383,Assistance Publique - Hôpitaux de Paris,OTHER,False,government
NCT01027559,Washington University School of Medicine,OTHER,False,academic
NCT06592833,Icahn School of Medicine at Mount Sinai,OTHER,False,academic
NCT00338273,"Otsuka Pharmaceutical Development & Commercialization, Inc.",INDUSTRY,True,industry
NCT02709655,H. Lundbeck A/S,INDUSTRY,True,industry
NCT00612313,University of Texas Southwestern Medical Center,OTHER,False,academic
NCT05117632,Alto Neuroscience,INDUSTRY,True,industry
NCT00965497,University of South Carolina,OTHER,False,academic
NCT00212797,Merck Sharp & Dohme LLC,INDUSTRY,True,industry
NCT07000994,University of Hamburg-Eppendorf,OTHER,False,academic
NCT01075529,Kaohsiung Kai-Suan Psychiatric Hospital,OTHER_GOV,False,government
NCT00878748,Wyeth is now a wholly owned subsidiary of Pfizer,INDUSTRY,True,industry
NCT07095205,Stony Brook University,OTHER,False,academic
NCT01380691,Eli Lilly and Company,INDUSTRY,True,industry
NCT01189812,Columbia Northwest Pharmaceuticals,INDUSTRY,True,industry
NCT00844194,Boehringer Ingelheim,INDUSTRY,True,industry
NCT02013531,"Otsuka Pharmaceutical Development & Commercialization, Inc.",INDUSTRY,True,industry
NCT03043560,James Murrough,OTHER,False,individual
NCT00125554,Universitätsklinikum Hamburg-Eppendorf,OTHER,False,academic
NCT00320632,Harvard Medical School (HMS and HSDM),OTHER,False,academic
NCT02590185,Assistance Publique - Hôpitaux de Paris,OTHER,False,government
NCT04924257,Medical University Innsbruck,OTHER,False,academic
NCT00510822,Affectis Pharmaceuticals AG,INDUSTRY,True,industry
NCT02023567,Peking University,OTHER,False,academic
NCT00026052,National Institute of Mental Health (NIMH),NIH,False,government
NCT01574742,Shalvata Mental Health Center,OTHER,False,hospital
NCT07334249,"Synphatec (Shanghai) Biopharmaceutical Technology Co., Ltd.",INDUSTRY,True,industry
NCT05357040,University of Chicago,OTHER,False,academic
NCT03854578,Boehringer Ingelheim,INDUSTRY,True,industry
NCT05991232,Jay Fournier,OTHER,False,individual
NCT03446846,Minerva Neurosciences,INDUSTRY,True,industry
NCT04916548,Rebecca Price,OTHER,False,individual
NCT00289484,The University of New South Wales,OTHER,False,academic
NCT03771664,Biogen,INDUSTRY,True,industry
NCT01601210,Perry Renshaw,OTHER,False,individual
NCT06580041,"University of California, San Francisco",OTHER,False,academic
NCT03643159,"Otsuka Pharmaceutical Development & Commercialization, Inc.",INDUSTRY,True,industry
NCT01260649,Massachusetts General Hospital,OTHER,False,hospital
NCT01467804,Su Rui,OTHER,False,individual
NCT00866593,Shanghai Mental Health Center,OTHER,False,hospital
NCT04430556,Hospital Universitario Dr. Jose E. Gonzalez,OTHER,False,academic
NCT01416220,Nova Scotia Health Authority,OTHER,False,government
NCT05416762,"Seasons Biotechnology (Taizhou) Co., Ltd.",INDUSTRY,True,industry
NCT06830044,Vanda Pharmaceuticals,INDUSTRY,True,industry
NCT04977232,Central South University,OTHER,False,academic
NCT03256162,"St Patrick's Hospital, Ireland",OTHER,False,hospital
NCT01458626,Capital Medical University,OTHER,False,academic
NCT05169710,"Sumitomo Pharma America, Inc.",INDUSTRY,True,industry
NCT02362529,Centre for Addiction and Mental Health,OTHER,False,hospital
NCT04091971,New York State Psychiatric Institute,OTHER,False,research_nonprofit
NCT02048423,Nationwide Children's Hospital,OTHER,False,hospital
NCT06372210,"Otsuka Pharmaceutical Development & Commercialization, Inc.",INDUSTRY,True,industry
NCT06786637,Mclean Hospital,OTHER,False,hospital
NCT00415142,Sanofi,INDUSTRY,True,industry
NCT00976560,GlaxoSmithKline,INDUSTRY,True,industry
NCT02279966,H. Lundbeck A/S,INDUSTRY,True,industry
NCT02942017,"Supernus Pharmaceuticals, Inc.",INDUSTRY,True,industry
NCT02922725,"Brent Michael Kious, MD, PhD",OTHER,False,other
NCT02014363,e-Therapeutics PLC,INDUSTRY,True,industry
NCT02086929,Aziende Chimiche Riunite Angelini Francesco S.p.A,INDUSTRY,True,industry
NCT01725308,Astellas Pharma Inc,INDUSTRY,True,industry
NCT00269334,"National Health Research Institutes, Taiwan",OTHER,False,research_nonprofit
NCT02674529,"Marta Peciña, MD PhD",OTHER,False,other
NCT04288895,H. Lundbeck A/S,INDUSTRY,True,industry
NCT00917059,"University of California, Los Angeles",OTHER,False,academic
NCT00849693,Eli Lilly and Company,INDUSTRY,True,industry
NCT01175616,University of Utah,OTHER,False,academic
NCT07105111,Neurocrine Biosciences,INDUSTRY,True,industry
NCT01309581,James Murrough,OTHER,False,individual
NCT03642964,Chase Therapeutics Corporation,INDUSTRY,True,industry
NCT03822065,Luye Pharma Group Ltd.,INDUSTRY,True,industry
NCT06230757,"University of Colorado, Denver",OTHER,False,academic
NCT01554176,Merck Sharp & Dohme LLC,INDUSTRY,True,industry
NCT06480500,"University Health Network, Toronto",OTHER,False,academic
NCT01582815,"Janssen Research & Development, LLC",INDUSTRY,True,industry
NCT00621270,BrainCells Inc.,INDUSTRY,True,industry
NCT04532749,"Janssen Research & Development, LLC",INDUSTRY,True,industry
NCT03870776,Mapreg,INDUSTRY,True,industry
NCT07015944,Pakistan Institute of Living and Learning,OTHER,False,research_nonprofit
NCT03993457,University of Texas Southwestern Medical Center,OTHER,False,academic
NCT06564818,Cybin IRL Limited,INDUSTRY,True,industry
NCT03187093,Oleg Levada,OTHER,False,individual
NCT03645096,University of Texas Southwestern Medical Center,OTHER,False,academic
NCT03899194,Shanghai Mental Health Center,OTHER,False,hospital
NCT03121573,Taichung Veterans General Hospital,OTHER,False,hospital
NCT01627782,"Janssen Research & Development, LLC",INDUSTRY,True,industry
NCT07110831,University of Ibadan,OTHER,False,academic
NCT06136546,Massachusetts General Hospital,OTHER,False,hospital
NCT02579343,Florida Gulf Coast University,OTHER,False,academic
NCT01250873,Eli Lilly and Company,INDUSTRY,True,industry
NCT07452692,"Corium Innovations, Inc.",INDUSTRY,True,industry
NCT04850911,University of Oxford,OTHER,False,academic
NCT00813735,Lehigh Center for Clinical Research,OTHER,False,hospital
NCT00628914,"University of California, Los Angeles",OTHER,False,academic
NCT00040261,National Institute of Mental Health (NIMH),NIH,False,government
NCT01111552,"Otsuka Pharmaceutical Development & Commercialization, Inc.",INDUSTRY,True,industry
NCT00369343,Wyeth is now a wholly owned subsidiary of Pfizer,INDUSTRY,True,industry
NCT00245557,Mclean Hospital,OTHER,False,hospital
NCT02661789,Gitte Moos Knudsen,OTHER,False,individual
NCT00005015,National Institute of Mental Health (NIMH),NIH,False,government
NCT01020799,AstraZeneca,INDUSTRY,True,industry
NCT00361218,Massachusetts General Hospital,OTHER,False,hospital
NCT04981561,"Syndeio Biosciences, Inc",INDUSTRY,True,industry
NCT00985504,Eli Lilly and Company,INDUSTRY,True,industry
NCT00128505,Corcept Therapeutics,INDUSTRY,True,industry
NCT07544966,"University of North Carolina, Chapel Hill",OTHER,False,academic
NCT01874951,Massachusetts General Hospital,OTHER,False,hospital
NCT05320107,Medical University of Vienna,OTHER,False,academic
NCT00566735,Massachusetts General Hospital,OTHER,False,hospital
NCT06668571,Mayo Clinic,OTHER,False,hospital
NCT01185977,"University of California, Los Angeles",OTHER,False,academic
NCT05915013,Yale University,OTHER,False,academic
NCT06223880,"Axsome Therapeutics, Inc.",INDUSTRY,True,industry
NCT05839509,GH Research Ireland Limited,INDUSTRY,True,industry
NCT05809609,University of Oxford,OTHER,False,academic
NCT01072929,Cephalon,INDUSTRY,True,industry
NCT00183677,Massachusetts General Hospital,OTHER,False,hospital
NCT05257902,Samsung Medical Center,OTHER,False,hospital
NCT05850689,"Intra-Cellular Therapies, Inc.",INDUSTRY,True,industry
NCT06228391,Minneapolis Veterans Affairs Medical Center,FED,False,government
NCT05212389,"Rigshospitalet, Denmark",OTHER,False,hospital
NCT02212613,"Otsuka Pharmaceutical Development & Commercialization, Inc.",INDUSTRY,True,industry
NCT01878292,Forest Laboratories,INDUSTRY,True,industry
NCT00186498,Stanford University,OTHER,False,academic
NCT06796868,"Beijing Greatway Pharmaceutical Technology Co.,Ltd.",INDUSTRY,True,industry
NCT05571878,Centre for Addiction and Mental Health,OTHER,False,hospital
NCT00855530,Sanofi,INDUSTRY,True,industry
NCT00824044,Massachusetts General Hospital,OTHER,False,hospital
NCT02378714,Northwestern University,OTHER,False,academic
NCT03193398,"BlackThorn Therapeutics, Inc.",INDUSTRY,True,industry
NCT07503002,Johns Hopkins University,OTHER,False,academic
NCT00933439,University of Texas Southwestern Medical Center,OTHER,False,academic
NCT05605002,Xiaomei Shao,OTHER,False,individual
NCT00101452,"Maurizio Fava, MD",OTHER,False,other
NCT07521358,Hasanuddin University,OTHER,False,academic
NCT01066897,Stanford University,OTHER,False,academic
NCT03156504,Mayo Clinic,OTHER,False,hospital
NCT02356107,Perry Renshaw,OTHER,False,individual
NCT07593222,Mclean Hospital,OTHER,False,hospital
NCT01814098,Xian-Janssen Pharmaceutical Ltd.,INDUSTRY,True,industry
NCT04078438,Yeungnam University Hospital,OTHER,False,academic
NCT02067793,"Naurex, Inc, an affiliate of Allergan plc",INDUSTRY,True,industry
NCT00536471,Eli Lilly and Company,INDUSTRY,True,industry
NCT05450432,Massachusetts General Hospital,OTHER,False,hospital
NCT05439603,"Ancora Bio, Inc. d/b/a EmbarkNeuro, Inc.",INDUSTRY,True,industry
NCT00562367,Massachusetts General Hospital,OTHER,False,hospital
NCT00411242,Novartis,INDUSTRY,True,industry
NCT04975724,Fidia Farmaceutici s.p.a.,INDUSTRY,True,industry
NCT00262665,Dennis Charney,OTHER,False,individual
NCT04634669,"Axsome Therapeutics, Inc.",INDUSTRY,True,industry
NCT03937596,University of Calgary,OTHER,False,academic
NCT04210973,Shanghai Mental Health Center,OTHER,False,hospital
NCT07623135,Eric Lenze,OTHER,False,individual
NCT02051413,"Institut National de la Santé Et de la Recherche Médicale, France",OTHER_GOV,False,government
NCT04951609,"Janssen Research & Development, LLC",INDUSTRY,True,industry
NCT00384033,Pfizer,INDUSTRY,True,industry
NCT02544607,Massachusetts General Hospital,OTHER,False,hospital
NCT00672659,PharmaNeuroBoost N.V.,INDUSTRY,True,industry
NCT00620789,Toronto Metropolitan University,OTHER,False,academic
NCT03423680,"Korea Otsuka Pharmaceutical Co., Ltd.",INDUSTRY,True,industry
NCT01742832,University of Chicago,OTHER,False,academic
NCT00977353,China Medical University Hospital,OTHER,False,academic
NCT07485595,"Tasly Pharmaceutical Group Co., Ltd",INDUSTRY,True,industry
NCT07621237,"Tonix Pharmaceuticals, Inc.",INDUSTRY,True,industry
NCT00125957,Mclean Hospital,OTHER,False,hospital
NCT01056289,Pfizer,INDUSTRY,True,industry
NCT01856127,Thomas Jefferson University,OTHER,False,academic
NCT06058013,"Neumora Therapeutics, Inc.",INDUSTRY,True,industry
NCT06026917,Shanghai Mental Health Center,OTHER,False,hospital
NCT05145270,Shanghai Mental Health Center,OTHER,False,hospital
NCT03101527,William Coryell,OTHER,False,individual
NCT00242229,Wyeth is now a wholly owned subsidiary of Pfizer,INDUSTRY,True,industry
NCT04977674,King's College London,OTHER,False,academic
NCT04847245,Peking University,OTHER,False,academic
NCT07560878,Mclean Hospital,OTHER,False,hospital
NCT01625845,Indiana University,OTHER,False,academic
NCT00517764,Centre for Addiction and Mental Health,OTHER,False,hospital
NCT07390981,First People's Hospital of Hangzhou,OTHER,False,hospital
NCT00429169,New York State Psychiatric Institute,OTHER,False,research_nonprofit
NCT01098318,University of Pennsylvania,OTHER,False,academic
NCT05480150,First Affiliated Hospital of Zhejiang University,OTHER,False,academic
NCT01409096,University of Texas Southwestern Medical Center,OTHER,False,academic
NCT04364997,"CSPC ZhongQi Pharmaceutical Technology Co., Ltd.",INDUSTRY,True,industry
NCT07422519,Hospital Universitari Vall d'Hebron Research Institute,OTHER,False,academic
NCT04088448,Sadat City University,OTHER,False,academic
NCT04528628,Shanghai Mental Health Center,OTHER,False,hospital
NCT02943577,"Naurex, Inc, an affiliate of Allergan plc",INDUSTRY,True,industry
NCT01526395,Johns Hopkins University,OTHER,False,academic
NCT03396068,"NeuroRx, Inc.",INDUSTRY,True,industry
NCT03511599,University of Calgary,OTHER,False,academic
NCT07566104,"University of California, Los Angeles",OTHER,False,academic
NCT05594667,Cybin Therapeutics Inc.,INDUSTRY,True,industry
NCT00109044,Forest Laboratories,INDUSTRY,True,industry
NCT01386086,London Health Sciences Centre Research Institute OR Lawson Research Institute of St. Joseph's,OTHER,False,research_nonprofit
NCT02942004,"Supernus Pharmaceuticals, Inc.",INDUSTRY,True,industry
NCT00596817,H. Lundbeck A/S,INDUSTRY,True,industry
NCT01435759,Shire,INDUSTRY,True,industry
NCT02049385,National Institute of Mental Health (NIMH),NIH,False,government
NCT01436162,Shire,INDUSTRY,True,industry
NCT04521478,Boehringer Ingelheim,INDUSTRY,True,industry
NCT05531591,Centre for Addiction and Mental Health,OTHER,False,hospital
NCT05136365,Shanghai Mental Health Center,OTHER,False,hospital
NCT01557712,"University Hospital, Grenoble",OTHER,False,academic
NCT01701258,Mclean Hospital,OTHER,False,hospital
NCT03062150,"Charite University, Berlin, Germany",OTHER,False,academic
NCT00432614,Sanofi,INDUSTRY,True,industry
NCT02436239,Forest Laboratories,INDUSTRY,True,industry
NCT02372799,Forest Laboratories,INDUSTRY,True,industry
NCT07263022,University of Minnesota,OTHER,False,academic
NCT03131050,Capital Medical University,OTHER,False,academic
NCT04220996,H. Lundbeck A/S,INDUSTRY,True,industry
NCT01123707,"Otsuka Pharmaceutical Development & Commercialization, Inc.",INDUSTRY,True,industry
NCT00319709,Sanofi,INDUSTRY,True,industry
NCT02752724,VA Puget Sound Health Care System,FED,False,government
NCT02600507,"Intra-Cellular Therapies, Inc.",INDUSTRY,True,industry
NCT00566202,"Johnson & Johnson Pharmaceutical Research & Development, L.L.C.",INDUSTRY,True,industry
NCT07216404,Alan Davis,OTHER,False,individual
NCT06749470,Central South University,OTHER,False,academic
NCT07203144,First Affiliated Hospital of Chongqing Medical University,OTHER,False,academic
NCT07458022,"University of Child Health Sciences and Children's Hospital, Lahore",OTHER,False,academic
NCT04598607,"Zhejiang Huahai Pharmaceutical Co., Ltd.",INDUSTRY,True,industry
NCT06402955,Yale University,OTHER,False,academic
NCT06254612,"Sirtsei Pharmaceuticals, Inc.",INDUSTRY,True,industry
NCT00221494,Mark Frye,OTHER,False,individual
NCT02600494,"Intra-Cellular Therapies, Inc.",INDUSTRY,True,industry
NCT01750359,Vladimir Lerner,OTHER_GOV,False,government
NCT04533529,"Janssen Research & Development, LLC",INDUSTRY,True,industry
NCT01255787,Takeda,INDUSTRY,True,industry
NCT04846829,"University of California, Los Angeles",OTHER,False,academic
NCT00556140,Massachusetts General Hospital,OTHER,False,hospital
NCT05553691,Small Pharma Ltd,INDUSTRY,True,industry
NCT04121091,Region Skane,OTHER,False,government
NCT00590863,National Institute of Mental Health (NIMH),NIH,False,government
NCT00027378,University of Pittsburgh,OTHER,False,academic
NCT07266545,Mayo Clinic,OTHER,False,hospital
NCT01263093,Eli Lilly and Company,INDUSTRY,True,industry
NCT02332291,Vanderbilt University Medical Center,OTHER,False,academic
NCT01263223,Eli Lilly and Company,INDUSTRY,True,industry
NCT01244724,Weill Medical College of Cornell University,OTHER,False,academic
NCT05465226,University of Tennessee,OTHER,False,academic
NCT02015546,Duke University,OTHER,False,academic
NCT06576440,University Hospital Tuebingen,OTHER,False,academic
NCT01153009,Takeda,INDUSTRY,True,industry
NCT02271412,Luye Pharma Group Ltd.,INDUSTRY,True,industry
NCT01173601,Eli Lilly and Company,INDUSTRY,True,industry
NCT04504253,University of Utah,OTHER,False,academic
NCT02209597,Washington University School of Medicine,OTHER,False,academic
NCT01633437,CeNeRx BioPharma Inc.,INDUSTRY,True,industry
NCT03646058,Centre Hospitalier Universitaire de Nīmes,OTHER,False,academic
NCT05597241,"Syndeio Biosciences, Inc",INDUSTRY,True,industry
NCT03610048,"Alkermes, Inc.",INDUSTRY,True,industry
NCT02988024,Luye Pharma Group Ltd.,INDUSTRY,True,industry
NCT00683852,Massachusetts General Hospital,OTHER,False,hospital
NCT00742573,New York State Psychiatric Institute,OTHER,False,research_nonprofit
NCT00962598,Icahn School of Medicine at Mount Sinai,OTHER,False,academic
NCT01724112,"BlackThorn Therapeutics, Inc.",INDUSTRY,True,industry
NCT00179062,Vanderbilt University,OTHER,False,academic
NCT02480400,Abarbanel Mental Health Center,OTHER_GOV,False,government
NCT06319378,Section for Affective Disorders; Northern Stockholm Psychiatry,OTHER,False,other
NCT03779789,Azienda Ospedaliera Universitaria Integrata Verona,OTHER,False,academic
NCT04345471,"Mochida Pharmaceutical Company, Ltd.",INDUSTRY,True,industry
NCT01737268,Astellas Pharma Inc,INDUSTRY,True,industry
NCT06419608,Biohaven Therapeutics Ltd.,INDUSTRY,True,industry
NCT00644982,Pfizer's Upjohn has merged with Mylan to form Viatris Inc.,INDUSTRY,True,industry
NCT02916238,Florida International University,OTHER,False,academic
NCT04855747,Levomecor Inc.,INDUSTRY,True,industry
NCT03113968,Bo Hu,OTHER,False,individual
NCT07555743,Institut d'Investigació Biomèdica de Bellvitge,OTHER,False,research_nonprofit
NCT00377299,University of Texas Southwestern Medical Center,OTHER,False,academic
NCT00635219,H. Lundbeck A/S,INDUSTRY,True,industry
NCT01784991,Albert Einstein Healthcare Network,OTHER,False,hospital
NCT01305408,Cephalon,INDUSTRY,True,industry
NCT05625555,Abraham Nunes,OTHER,False,individual
NCT06662526,University of Chile,OTHER,False,academic
NCT01838681,H. Lundbeck A/S,INDUSTRY,True,industry
NCT04103892,Clexio Biosciences Ltd.,INDUSTRY,True,industry
NCT04322422,"Second Affiliated Hospital, School of Medicine, Zhejiang University",OTHER,False,academic
NCT04442490,Biogen,INDUSTRY,True,industry
NCT00092911,Wyeth is now a wholly owned subsidiary of Pfizer,INDUSTRY,True,industry
NCT06979544,Lipocine Inc.,INDUSTRY,True,industry
NCT03566069,Shalvata Mental Health Center,OTHER,False,hospital
NCT00254007,Sunnybrook Health Sciences Centre,OTHER,False,hospital
NCT01198795,Forest Laboratories,INDUSTRY,True,industry
NCT00096798,National Center for Complementary and Integrative Health (NCCIH),NIH,False,government
NCT02473289,"Janssen Research & Development, LLC",INDUSTRY,True,industry
NCT07696871,Universidade do Sul de Santa Catarina,OTHER_GOV,False,government
NCT07479550,Stanford University,OTHER,False,academic
NCT00072774,Wyeth is now a wholly owned subsidiary of Pfizer,INDUSTRY,True,industry
NCT05008939,Shanghai First Maternity and Infant Hospital,OTHER,False,hospital
NCT01318434,"Euthymics BioScience, Inc.",INDUSTRY,True,industry
NCT06423781,Biohaven Therapeutics Ltd.,INDUSTRY,True,industry
NCT01931202,New York State Psychiatric Institute,OTHER,False,research_nonprofit
NCT06384209,University of Bern,OTHER,False,academic
NCT06467474,"Ricardo Alberto Moreno, M.D., Ph.D.",OTHER,False,other
NCT07276997,AbbVie,INDUSTRY,True,industry
NCT03739203,AbbVie,INDUSTRY,True,industry
NCT00404755,New York State Psychiatric Institute,OTHER,False,research_nonprofit
NCT04832425,Praxis Precision Medicines,INDUSTRY,True,industry
NCT01109693,Kyoto University,OTHER,False,academic
NCT00386841,University of Copenhagen,OTHER,False,academic
NCT01034267,Forest Laboratories,INDUSTRY,True,industry
NCT03899285,Ciusss de L'Est de l'Île de Montréal,OTHER,False,hospital
NCT03466346,"University of California, San Francisco",OTHER,False,academic
NCT01942785,H. Lundbeck A/S,INDUSTRY,True,industry
NCT00536172,University of Nebraska,OTHER,False,academic
NCT04001439,Assistance Publique Hopitaux De Marseille,OTHER,False,government
NCT00599911,H. Lundbeck A/S,INDUSTRY,True,industry
NCT01650740,Sunnybrook Health Sciences Centre,OTHER,False,hospital
NCT04591301,"Sunshine Lake Pharma Co., Ltd.",INDUSTRY,True,industry
NCT03097133,"Janssen Research & Development, LLC",INDUSTRY,True,industry
NCT06793397,Cybin IRL Limited,INDUSTRY,True,industry
NCT01924520,Astellas Pharma Inc,INDUSTRY,True,industry
NCT00369915,National Institute of Mental Health (NIMH),NIH,False,government
NCT04680910,Washington University School of Medicine,OTHER,False,academic
NCT03715127,University of Zurich,OTHER,False,academic
NCT00489775,Eli Lilly and Company,INDUSTRY,True,industry
NCT01488266,Korea University,OTHER,False,academic
NCT06966401,Neurocrine Biosciences,INDUSTRY,True,industry
NCT03404466,"Zhejiang Huahai Pharmaceutical Co., Ltd.",INDUSTRY,True,industry
NCT00226356,Cambridge Health Alliance,OTHER,False,research_nonprofit
NCT02082392,New York State Psychiatric Institute,OTHER,False,research_nonprofit
NCT00001146,National Institute of Mental Health (NIMH),NIH,False,government
NCT02116361,Allergan,INDUSTRY,True,industry
NCT05731323,University of Calgary,OTHER,False,academic
NCT00208897,Emory University,OTHER,False,academic
NCT00642694,University of Texas Southwestern Medical Center,OTHER,False,academic
NCT00692445,Targacept Inc.,INDUSTRY,True,industry
NCT04388202,Alto Neuroscience,INDUSTRY,True,industry
NCT02039479,Technische Universität Dresden,OTHER,False,academic
NCT03128021,Howard Aizenstein,OTHER,False,individual
NCT07680140,Weill Medical College of Cornell University,OTHER,False,academic
NCT02149836,Icahn School of Medicine at Mount Sinai,OTHER,False,academic
NCT02191384,Shanghai Mental Health Center,OTHER,False,hospital
NCT01703039,Brigham and Women's Hospital,OTHER,False,hospital
NCT01527786,BC Women's Hospital & Health Centre,OTHER,False,hospital
NCT01355081,Takeda,INDUSTRY,True,industry
NCT00531622,Sanofi,INDUSTRY,True,industry
NCT00042380,National Institute of Mental Health (NIMH),NIH,False,government
NCT00080314,"Otsuka Pharmaceutical Development & Commercialization, Inc.",INDUSTRY,True,industry
NCT01725048,UNC Lineberger Comprehensive Cancer Center,OTHER,False,hospital
NCT03537547,Washington University School of Medicine,OTHER,False,academic
NCT00824291,Wyeth is now a wholly owned subsidiary of Pfizer,INDUSTRY,True,industry
NCT06029426,"Neumora Therapeutics, Inc.",INDUSTRY,True,industry
NCT02932943,"Naurex, Inc, an affiliate of Allergan plc",INDUSTRY,True,industry
NCT06570369,"Sirtsei Pharmaceuticals, Inc.",INDUSTRY,True,industry
NCT02358343,University of Washington,OTHER,False,academic
NCT07017478,University of Chicago,OTHER,False,academic
NCT03674671,University of Ottawa,OTHER,False,academic
NCT01837797,H. Lundbeck A/S,INDUSTRY,True,industry
NCT05570812,Massachusetts General Hospital,OTHER,False,hospital
NCT04814355,Stony Brook University,OTHER,False,academic
NCT02232555,Boehringer Ingelheim,INDUSTRY,True,industry
NCT01546051,BrainCells Inc.,INDUSTRY,True,industry
NCT02816138,Vanderbilt University Medical Center,OTHER,False,academic
NCT00905424,Shire,INDUSTRY,True,industry
NCT00226278,Weill Medical College of Cornell University,OTHER,False,academic
NCT04975100,"All India Institute of Medical Sciences, Bhubaneswar",OTHER,False,research_nonprofit
NCT05938179,"Jiangsu Hansoh Pharmaceutical Co., Ltd.",INDUSTRY,True,industry
NCT02389816,Takeda,INDUSTRY,True,industry
NCT00071695,Eli Lilly and Company,INDUSTRY,True,industry
NCT00208702,Emory University,OTHER,False,academic
NCT04425473,Beijing Tiantan Hospital,OTHER,False,hospital
NCT01997580,Seoul National University Bundang Hospital,OTHER,False,academic
NCT00191932,Eli Lilly and Company,INDUSTRY,True,industry
NCT00278941,AstraZeneca,INDUSTRY,True,industry
NCT01185340,Eli Lilly and Company,INDUSTRY,True,industry
NCT03207438,University of Saskatchewan,OTHER,False,academic
NCT00231959,Massachusetts General Hospital,OTHER,False,hospital
NCT03973268,National Institute of Mental Health (NIMH),NIH,False,government
NCT02901249,Federal University of Rio Grande do Sul,OTHER,False,government
NCT02698553,GlaxoSmithKline,INDUSTRY,True,industry
NCT01684163,"Naurex, Inc, an affiliate of Allergan plc",INDUSTRY,True,industry
NCT01049347,"Central Institute of Mental Health, Mannheim",OTHER,False,research_nonprofit
NCT00105196,"Otsuka Pharmaceutical Development & Commercialization, Inc.",INDUSTRY,True,industry
NCT00517985,University of Arizona,OTHER,False,academic
NCT06836063,Suven Life Sciences Limited,INDUSTRY,True,industry
NCT03833063,Helse Stavanger HF,OTHER_GOV,False,government
NCT01110902,Novartis Pharmaceuticals,INDUSTRY,True,industry
NCT04395183,University of Utah,OTHER,False,academic
NCT00105989,Eli Lilly and Company,INDUSTRY,True,industry
NCT03733574,Luye Pharma Group Ltd.,INDUSTRY,True,industry
NCT00336713,Sanofi,INDUSTRY,True,industry
NCT07490353,Medical University of Vienna,OTHER,False,academic
NCT01000805,Eli Lilly and Company,INDUSTRY,True,industry
NCT00953108,Ludwig-Maximilians - University of Munich,OTHER,False,academic
NCT00067912,Eli Lilly and Company,INDUSTRY,True,industry
NCT00733980,GlaxoSmithKline,INDUSTRY,True,industry
NCT06927076,"University Hospital, Basel, Switzerland",OTHER,False,academic
NCT00437385,"Charite University, Berlin, Germany",OTHER,False,academic
NCT01483053,Baker Heart and Diabetes Institute,OTHER,False,research_nonprofit
NCT06559826,Icahn School of Medicine at Mount Sinai,OTHER,False,academic
NCT02659085,Pouya Movahed Rad,OTHER,False,individual
NCT03620253,Unity Health Toronto,OTHER,False,hospital
NCT04226352,Johns Hopkins University,OTHER,False,academic
NCT01497548,University of Malaya,OTHER,False,academic
NCT03183505,Shanghai Mental Health Center,OTHER,False,hospital
NCT02238977,University of Arkansas,OTHER,False,academic
NCT00252330,Sanofi,INDUSTRY,True,industry
NCT05905120,Shanghai Mental Health Center,OTHER,False,hospital
NCT01138007,GlaxoSmithKline,INDUSTRY,True,industry
NCT00505518,Massachusetts General Hospital,OTHER,False,hospital
NCT04218981,Central South University,OTHER,False,academic
NCT00300378,Wyeth is now a wholly owned subsidiary of Pfizer,INDUSTRY,True,industry
NCT00057213,GlaxoSmithKline,INDUSTRY,True,industry
NCT06891300,The Royal's Institute of Mental Health Research,OTHER,False,research_nonprofit
NCT02366364,"Naurex, Inc, an affiliate of Allergan plc",INDUSTRY,True,industry
NCT00174590,Rush University Medical Center,OTHER,False,academic
NCT01699490,National Cheng-Kung University Hospital,OTHER,False,academic
NCT00296712,New York State Psychiatric Institute,OTHER,False,research_nonprofit
NCT00042575,Eli Lilly and Company,INDUSTRY,True,industry
NCT01460407,Eli Lilly and Company,INDUSTRY,True,industry
NCT02914769,Universidade Federal do Rio Grande do Norte,OTHER,False,government
NCT00361491,Sanofi,INDUSTRY,True,industry
NCT00225511,Wyeth is now a wholly owned subsidiary of Pfizer,INDUSTRY,True,industry
NCT00488670,University of British Columbia,OTHER,False,academic
NCT00073411,Eli Lilly and Company,INDUSTRY,True,industry
NCT03435744,Pakistan Institute of Living and Learning,OTHER,False,research_nonprofit
NCT00034983,Merck Sharp & Dohme LLC,INDUSTRY,True,industry
NCT00595699,"Conrad, Erich J., M.D.",OTHER,False,other
NCT03738215,AbbVie,INDUSTRY,True,industry
NCT01360632,"Otsuka Pharmaceutical Development & Commercialization, Inc.",INDUSTRY,True,industry
NCT00044681,"Johnson & Johnson Pharmaceutical Research & Development, L.L.C.",INDUSTRY,True,industry
NCT00159146,"Hillerod Hospital, Denmark",OTHER,False,hospital
NCT05168735,Rebecca Price,OTHER,False,individual
NCT01381107,"Alkermes, Inc.",INDUSTRY,True,industry
NCT07153406,Fundación Pública Andaluza para la gestión de la Investigación en Sevilla,OTHER,False,research_nonprofit
NCT05498441,Jiangsu Province Nanjing Brain Hospital,OTHER,False,hospital
NCT07253324,Engrail Therapeutics INC,INDUSTRY,True,industry
NCT05703685,National Institute of Mental Health (NIMH),NIH,False,government
NCT00449007,New York State Psychiatric Institute,OTHER,False,research_nonprofit
NCT00445679,Wyeth is now a wholly owned subsidiary of Pfizer,INDUSTRY,True,industry
NCT00624858,"Orexigen Therapeutics, Inc",INDUSTRY,True,industry
NCT00174603,Rush University Medical Center,OTHER,False,academic
NCT00532480,Indiana University,OTHER,False,academic
NCT00181896,Massachusetts General Hospital,OTHER,False,hospital
NCT03489304,University of Pennsylvania,OTHER,False,academic
NCT03560518,"Naurex, Inc, an affiliate of Allergan plc",INDUSTRY,True,industry
NCT03790085,Tianjin Medical University General Hospital,OTHER,False,academic
NCT01396135,Pfizer,INDUSTRY,True,industry
NCT01783574,Massachusetts General Hospital,OTHER,False,hospital
NCT04007367,Biogen,INDUSTRY,True,industry
NCT00457106,Beth Israel Medical Center,OTHER,False,hospital
NCT02268487,University of Sao Paulo,OTHER,False,academic
NCT03595579,"Axsome Therapeutics, Inc.",INDUSTRY,True,industry
NCT00186446,Stanford University,OTHER,False,academic
NCT02720198,Duke University,OTHER,False,academic
NCT02294305,The Medical Research Network,OTHER,False,network
NCT00035048,Merck Sharp & Dohme LLC,INDUSTRY,True,industry
NCT01413932,"Dart NeuroScience, LLC",INDUSTRY,True,industry
NCT04684277,Peking University,OTHER,False,academic
NCT00325000,German Research Foundation,OTHER,False,research_nonprofit
NCT04630964,Section for Affective Disorders; Northern Stockholm Psychiatry,OTHER,False,other
NCT01392287,Mclean Hospital,OTHER,False,hospital
NCT02859103,Unity Health Toronto,OTHER,False,hospital
NCT01109030,Tehran University of Medical Sciences,OTHER,False,academic
NCT01034462,Forest Laboratories,INDUSTRY,True,industry
NCT06308653,Usona Institute,OTHER,False,research_nonprofit
NCT00688818,Centre for Addiction and Mental Health,OTHER,False,hospital
NCT04969510,Praxis Precision Medicines,INDUSTRY,True,industry
NCT05712187,Alto Neuroscience,INDUSTRY,True,industry
NCT00277823,Wyeth is now a wholly owned subsidiary of Pfizer,INDUSTRY,True,industry
NCT01155661,Eli Lilly and Company,INDUSTRY,True,industry
NCT06827431,"CSPC ZhongQi Pharmaceutical Technology Co., Ltd.",INDUSTRY,True,industry
NCT07193901,"Sichuan Purity Pharmaceutical Technology Co., Ltd.",INDUSTRY,True,industry
NCT01557946,Mclean Hospital,OTHER,False,hospital
NCT00220636,St. Luke's-Roosevelt Hospital Center,OTHER,False,hospital
NCT00000375,National Institute of Mental Health (NIMH),NIH,False,government
NCT03614156,"Naurex, Inc, an affiliate of Allergan plc",INDUSTRY,True,industry
NCT03736538,Washington University School of Medicine,OTHER,False,academic
NCT04531423,Shanghai Mental Health Center,OTHER,False,hospital
NCT00320268,AstraZeneca,INDUSTRY,True,industry
NCT01128452,"Janssen Research & Development, LLC",INDUSTRY,True,industry
NCT01428661,Vanda Pharmaceuticals,INDUSTRY,True,industry
NCT01407094,University of Texas Southwestern Medical Center,OTHER,False,academic
NCT07204314,Takeda,INDUSTRY,True,industry
NCT04620759,Johns Hopkins University,OTHER,False,academic
NCT01391221,Centre de Recherche de l'Institut Universitaire en santé Mentale de Montréal,OTHER,False,academic
NCT05227612,"University of California, Los Angeles",OTHER,False,academic
NCT00167310,University of Pittsburgh,OTHER,False,academic
NCT00672620,Takeda,INDUSTRY,True,industry
NCT00128479,Corcept Therapeutics,INDUSTRY,True,industry
NCT04116606,CCTU-Core,OTHER,False,other
NCT01377194,Forest Laboratories,INDUSTRY,True,industry
NCT00177424,University of Pittsburgh,OTHER,False,academic
NCT03386448,The Taub Group,INDUSTRY,True,industry
NCT06758167,Peking University Sixth Hospital,OTHER,False,academic
NCT00766870,H. Lundbeck A/S,INDUSTRY,True,industry
NCT05978219,"National Institute of Mental Health, Dhaka",OTHER,False,government
NCT06752759,"Theresa Jacob, PhD, MPH",OTHER,False,other
NCT03188185,"Alkermes, Inc.",INDUSTRY,True,industry
NCT01454635,Showa University,OTHER,False,academic
NCT04039022,"Axsome Therapeutics, Inc.",INDUSTRY,True,industry
NCT00869765,The University of New South Wales,OTHER,False,academic
NCT00782405,Technical University of Munich,OTHER,False,academic
NCT00953745,Washington University School of Medicine,OTHER,False,academic
NCT03000530,Biogen,INDUSTRY,True,industry
NCT00529789,Eli Lilly and Company,INDUSTRY,True,industry
NCT02137369,Emory University,OTHER,False,academic
NCT01594866,Seoul National University Hospital,OTHER,False,academic
NCT01046630,AstraZeneca,INDUSTRY,True,industry
NCT05593029,"Otsuka Pharmaceutical Development & Commercialization, Inc.",INDUSTRY,True,industry
NCT03051945,University of Utah,OTHER,False,academic
NCT00056472,Weill Medical College of Cornell University,OTHER,False,academic
NCT01870843,Xian-Janssen Pharmaceutical Ltd.,INDUSTRY,True,industry
NCT07493317,Icahn School of Medicine at Mount Sinai,OTHER,False,academic
NCT00637494,Corcept Therapeutics,INDUSTRY,True,industry
NCT01944293,New York State Psychiatric Institute,OTHER,False,research_nonprofit
NCT04855760,"Relmada Therapeutics, Inc.",INDUSTRY,True,industry
NCT01751828,Vanderbilt University,OTHER,False,academic
NCT05657691,Actinogen Medical,INDUSTRY,True,industry
NCT00063206,Wyeth is now a wholly owned subsidiary of Pfizer,INDUSTRY,True,industry
NCT04984512,"Sunshine Lake Pharma Co., Ltd.",INDUSTRY,True,industry
NCT06751875,Universiteit Antwerpen,OTHER,False,academic
NCT00451490,National Taiwan University Hospital,OTHER,False,academic
NCT01241435,Eli Lilly and Company,INDUSTRY,True,industry
NCT01478113,Massachusetts General Hospital,OTHER,False,hospital
NCT05271084,Hawler Medical University,OTHER,False,academic
NCT00375297,University of New Mexico,OTHER,False,academic
NCT05104918,Scotmann Pharmaceuticals,INDUSTRY,True,industry
NCT00426946,Geha Mental Health Center,OTHER,False,hospital
NCT05909267,"Charite University, Berlin, Germany",OTHER,False,academic
NCT00514865,Ono Pharma USA Inc,INDUSTRY,True,industry
NCT01422213,H. Lundbeck A/S,INDUSTRY,True,industry
NCT06103760,Royal North Shore Hospital,OTHER,False,hospital
NCT00839176,"Rexahn Pharmaceuticals, Inc.",INDUSTRY,True,industry
NCT06644833,Sultan Qaboos University,OTHER,False,academic
NCT00344682,"University of Massachusetts, Worcester",OTHER,False,academic
NCT00982345,Indiana University,OTHER,False,academic
NCT00358631,Sanofi,INDUSTRY,True,industry
NCT06508710,Assistance Publique - Hôpitaux de Paris,OTHER,False,government
NCT03138681,Zhujiang Hospital,OTHER,False,hospital
NCT02285504,"Supernus Pharmaceuticals, Inc.",INDUSTRY,True,industry
NCT00340379,Duke University,OTHER,False,academic
NCT02176291,Jordan F. Karp,OTHER,False,other
NCT02456948,"Charite University, Berlin, Germany",OTHER,False,academic
NCT01460212,Nanjing Medical University,OTHER,False,academic
NCT00555997,Massachusetts General Hospital,OTHER,False,hospital
NCT01447576,"Otsuka Pharmaceutical Development & Commercialization, Inc.",INDUSTRY,True,industry
NCT07405606,Centre for Addiction and Mental Health,OTHER,False,hospital
NCT00178100,University of Pittsburgh,OTHER,False,academic
NCT00388973,AstraZeneca,INDUSTRY,True,industry
NCT00006286,National Institute of Mental Health (NIMH),NIH,False,government
NCT04080752,"Janssen Research & Development, LLC",INDUSTRY,True,industry
NCT00250627,Sanofi,INDUSTRY,True,industry
NCT00095134,"Johnson & Johnson Pharmaceutical Research & Development, L.L.C.",INDUSTRY,True,industry
NCT01957410,"Janssen Research & Development, LLC",INDUSTRY,True,industry
NCT02660528,Brigham and Women's Hospital,OTHER,False,hospital
NCT01135758,Markus KOSEL,OTHER,False,other
NCT05438758,Zylorion Health,INDUSTRY,True,industry
NCT00844857,Eli Lilly and Company,INDUSTRY,True,industry
NCT02860962,Medical University of South Carolina,OTHER,False,academic
NCT03658330,VA Connecticut Healthcare System,FED,False,government
NCT02978326,Biogen,INDUSTRY,True,industry
NCT01407575,University of Pittsburgh,OTHER,False,academic
NCT04276259,"Marta Peciña, MD PhD",OTHER,False,other
NCT01477931,Chi-Un Pae,OTHER,False,individual
NCT00300404,Zentrum für Integrative Psychiatrie,OTHER,False,other
NCT05416957,"Seasons Biotechnology (Taizhou) Co., Ltd.",INDUSTRY,True,industry
NCT03864614,Biogen,INDUSTRY,True,industry
NCT02919579,"Janssen Research & Development, LLC",INDUSTRY,True,industry
NCT00660062,"Hillerod Hospital, Denmark",OTHER,False,hospital
NCT01111565,"Otsuka Pharmaceutical Development & Commercialization, Inc.",INDUSTRY,True,industry
NCT01022632,"Government Medical College, Bhavnagar",OTHER,False,government
NCT00178035,University of Pittsburgh,OTHER,False,academic
NCT01072630,Cephalon,INDUSTRY,True,industry
NCT02935647,University of Utah,OTHER,False,academic
NCT00707863,Indiana University,OTHER,False,academic
NCT03380442,University of Helsinki,OTHER,False,academic
NCT01907217,"St Patrick's Hospital, Ireland",OTHER,False,hospital
NCT06391593,Alto Neuroscience,INDUSTRY,True,industry
NCT06426485,Luye Pharma Group Ltd.,INDUSTRY,True,industry
NCT04979910,Icahn School of Medicine at Mount Sinai,OTHER,False,academic
NCT02362412,Astellas Pharma Inc,INDUSTRY,True,industry
NCT03315897,Lars Vedel Kessing,OTHER,False,individual
NCT07065240,Seaport Therapeutics,INDUSTRY,True,industry
NCT03543410,"Sumitomo Pharma America, Inc.",INDUSTRY,True,industry
NCT06270433,Jiangsu Province Nanjing Brain Hospital,OTHER,False,hospital
NCT07645157,First Affiliated Hospital of Chongqing Medical University,OTHER,False,academic
NCT06786624,Neurocrine Biosciences,INDUSTRY,True,industry
NCT04156425,Shanghai Mental Health Center,OTHER,False,hospital
NCT00191594,Eli Lilly and Company,INDUSTRY,True,industry
NCT03889756,Yale University,OTHER,False,academic
NCT04000009,ACADIA Pharmaceuticals Inc.,INDUSTRY,True,industry
NCT00988663,Jerrry L Lewis,OTHER,False,other
NCT03666494,University of Saskatchewan,OTHER,False,academic
NCT01468610,University of British Columbia,OTHER,False,academic
NCT06141876,Apex Labs Ltd.,INDUSTRY,True,industry
NCT00437125,Eli Lilly and Company,INDUSTRY,True,industry
NCT02269540,Centre for Addiction and Mental Health,OTHER,False,hospital
NCT00612807,Duke University,OTHER,False,academic
NCT00113022,National Institute of Mental Health (NIMH),NIH,False,government
NCT02046564,"Otsuka Pharmaceutical Co., Ltd.",INDUSTRY,True,industry
NCT00517387,University of British Columbia,OTHER,False,academic
NCT00641927,Stanley Medical Research Institute,OTHER,False,research_nonprofit
NCT00290914,Pharmacology Research Institute,OTHER,False,research_nonprofit
NCT00330616,GlaxoSmithKline,INDUSTRY,True,industry
NCT00093288,GlaxoSmithKline,INDUSTRY,True,industry
NCT01670019,Duke University,OTHER,False,academic
NCT00051272,GlaxoSmithKline,INDUSTRY,True,industry
NCT01323478,H. Lundbeck A/S,INDUSTRY,True,industry
NCT04724447,"Laureate Institute for Brain Research, Inc.",OTHER,False,research_nonprofit
NCT00188942,"University Health Network, Toronto",OTHER,False,academic
NCT00075257,Wyeth is now a wholly owned subsidiary of Pfizer,INDUSTRY,True,industry
NCT05434156,Eleusis Therapeutics,INDUSTRY,True,industry
NCT01469377,Forest Laboratories,INDUSTRY,True,industry
NCT00494728,M.D. Anderson Cancer Center,OTHER,False,hospital
NCT05030623,Sadat City University,OTHER,False,academic
NCT04272476,Chengdu University of Traditional Chinese Medicine,OTHER,False,academic
NCT01971203,Icahn School of Medicine at Mount Sinai,OTHER,False,academic
NCT02055300,Luye Pharma Group Ltd.,INDUSTRY,True,industry
NCT02744391,New York State Psychiatric Institute,OTHER,False,research_nonprofit
NCT04388189,Alto Neuroscience,INDUSTRY,True,industry
NCT01431573,New York State Psychiatric Institute,OTHER,False,research_nonprofit
NCT07273851,Fauji Foundation Hospital,OTHER,False,hospital
NCT00810069,Eli Lilly and Company,INDUSTRY,True,industry
NCT07247968,Min Su,OTHER,False,individual
NCT01371721,Pfizer,INDUSTRY,True,industry
NCT07052058,Hospital de Clinicas de Porto Alegre,OTHER,False,hospital
NCT01389752,Eli Lilly and Company,INDUSTRY,True,industry
NCT06058039,"Neumora Therapeutics, Inc.",INDUSTRY,True,industry
NCT01814085,Xian-Janssen Pharmaceutical Ltd.,INDUSTRY,True,industry
NCT03554174,Yale University,OTHER,False,academic
NCT00214682,Australian National University,OTHER,False,academic
NCT02185131,University of Pittsburgh,OTHER,False,academic
NCT01180400,AstraZeneca,INDUSTRY,True,industry
NCT01582945,Massachusetts General Hospital,OTHER,False,hospital
NCT01085812,Forest Laboratories,INDUSTRY,True,industry
NCT03586427,"Syndeio Biosciences, Inc",INDUSTRY,True,industry
NCT00256113,Sanofi,INDUSTRY,True,industry
NCT01082237,"University of California, Los Angeles",OTHER,False,academic
NCT00520507,Queen's University,OTHER,False,academic
NCT02192099,"Naurex, Inc, an affiliate of Allergan plc",INDUSTRY,True,industry
NCT05710887,University of Chicago,OTHER,False,academic
NCT02458690,Indiana University,OTHER,False,academic
NCT04410341,Sadat City University,OTHER,False,academic
NCT06671977,Deepak C. D'Souza,OTHER,False,other
NCT04285515,"Intra-Cellular Therapies, Inc.",INDUSTRY,True,industry
NCT03874130,"Repurposed Therapeutics, Inc.",INDUSTRY,True,industry
NCT04589143,Central South University,OTHER,False,academic
NCT07085143,Shanghai Mental Health Center,OTHER,False,hospital
NCT00285727,Stanford University,OTHER,False,academic
NCT00222820,University of Pittsburgh,OTHER,False,academic
NCT00610506,Duke University,OTHER,False,academic
NCT00909155,"University of Wisconsin, Madison",OTHER,False,academic
NCT00593879,Targacept Inc.,INDUSTRY,True,industry
NCT01436149,Shire,INDUSTRY,True,industry
NCT02132286,University of Calgary,OTHER,False,academic
NCT00672958,Takeda,INDUSTRY,True,industry
NCT03932825,Lingjiang Li,OTHER,False,individual
NCT00275197,Pfizer,INDUSTRY,True,industry
NCT04266288,MercyOne Des Moines Medical Center,OTHER,False,hospital
NCT03855865,"Naurex, Inc, an affiliate of Allergan plc",INDUSTRY,True,industry
NCT02553915,Massachusetts General Hospital,OTHER,False,hospital
NCT06626152,University of British Columbia,OTHER,False,academic
NCT06941844,"Definium Therapeutics US, Inc.",INDUSTRY,True,industry
NCT05045378,"Taipei Veterans General Hospital, Taiwan",OTHER_GOV,False,government
NCT02141399,"Alkermes, Inc.",INDUSTRY,True,industry
NCT00627887,Örebro County Council,OTHER_GOV,False,government
NCT00102492,GlaxoSmithKline,INDUSTRY,True,industry
NCT00351169,AstraZeneca,INDUSTRY,True,industry
NCT00831415,Pfizer,INDUSTRY,True,industry
NCT01371734,Pfizer,INDUSTRY,True,industry
NCT00867360,Stanford University,OTHER,False,academic
NCT02943564,"Naurex, Inc, an affiliate of Allergan plc",INDUSTRY,True,industry
NCT04099771,The Miriam Hospital,OTHER,False,hospital
NCT06699966,Stony Brook University,OTHER,False,academic
NCT00194948,Weill Medical College of Cornell University,OTHER,False,academic
NCT06309277,Gilgamesh Pharmaceuticals,INDUSTRY,True,industry
NCT00969150,Forest Laboratories,INDUSTRY,True,industry
NCT05431413,"Nanfang Hospital, Southern Medical University",OTHER,False,academic
NCT04780152,El Instituto Nacional de Neurologia y Neurocirugia Manuel Velasco Suarez,OTHER,False,government
NCT02646449,University of Pittsburgh,OTHER,False,academic
NCT05259943,Rotem Petranker,OTHER,False,individual
NCT00419003,Baylor College of Medicine,OTHER,False,academic
NCT01977378,"Jiangsu Hansoh Pharmaceutical Co., Ltd.",INDUSTRY,True,industry
NCT01239888,The Alfred,OTHER,False,individual
NCT00357097,GlaxoSmithKline,INDUSTRY,True,industry
NCT01368432,Johns Hopkins University,OTHER,False,academic
NCT01601002,London Health Sciences Centre Research Institute OR Lawson Research Institute of St. Joseph's,OTHER,False,research_nonprofit
NCT05081167,"Relmada Therapeutics, Inc.",INDUSTRY,True,industry
NCT00179283,Vanderbilt University,OTHER,False,academic
NCT00464711,Massachusetts General Hospital,OTHER,False,hospital
NCT07262008,Women's College Hospital,OTHER,False,academic
NCT00401726,Wyeth is now a wholly owned subsidiary of Pfizer,INDUSTRY,True,industry
NCT02722967,"Otsuka Pharmaceutical Development & Commercialization, Inc.",INDUSTRY,True,industry
NCT00669110,Wyeth is now a wholly owned subsidiary of Pfizer,INDUSTRY,True,industry
NCT00671515,"Joseph Calabrese, MD",OTHER,False,other
NCT00408031,Herzog Hospital,OTHER,False,hospital
NCT06280235,Boehringer Ingelheim,INDUSTRY,True,industry
NCT00844922,Merck Sharp & Dohme LLC,INDUSTRY,True,industry
NCT04311619,"Davidzon, Guido, M.D.",OTHER,False,other
NCT01492621,Centre de Recherche de l'Institut Universitaire en santé Mentale de Montréal,OTHER,False,academic
NCT07574060,Tanta University,OTHER,False,academic
NCT05352113,The Third Affiliated hospital of Zhejiang Chinese Medical University,OTHER,False,academic
NCT01361555,Bristol-Myers Squibb,INDUSTRY,True,industry
NCT00675896,Dr Alexander McIntyre Inc.,OTHER,True,industry
NCT02476058,Janssen-Cilag International NV,INDUSTRY,True,industry
NCT05537584,Mclean Hospital,OTHER,False,hospital
NCT05591677,The Alfred,OTHER,False,individual
NCT01266590,Eli Lilly and Company,INDUSTRY,True,industry
NCT03785652,Luye Pharma Group Ltd.,INDUSTRY,True,industry
NCT00421954,New York State Psychiatric Institute,OTHER,False,research_nonprofit
NCT00993629,US Department of Veterans Affairs,FED,False,government
NCT03569475,Allergan,INDUSTRY,True,industry
NCT02503124,Sahlgrenska University Hospital,OTHER,False,academic
NCT00094432,"Otsuka Pharmaceutical Development & Commercialization, Inc.",INDUSTRY,True,industry
NCT06266715,"Nanfang Hospital, Southern Medical University",OTHER,False,academic
NCT06267846,Neurocrine Biosciences,INDUSTRY,True,industry
NCT02974010,"NeuroRx, Inc.",INDUSTRY,True,industry
NCT00095745,"Otsuka Pharmaceutical Development & Commercialization, Inc.",INDUSTRY,True,industry
NCT00616759,Loma Linda University,OTHER,False,academic
NCT00163059,Pfizer,INDUSTRY,True,industry
NCT01244711,Weill Medical College of Cornell University,OTHER,False,academic
NCT01896934,Vanderbilt University,OTHER,False,academic
NCT00876343,"Otsuka Pharmaceutical Co., Ltd.",INDUSTRY,True,industry
NCT00489073,Eli Lilly and Company,INDUSTRY,True,industry
NCT01152554,AstraZeneca,INDUSTRY,True,industry
NCT00319319,Yale University,OTHER,False,academic
NCT00400088,Nova Scotia Health Authority,OTHER,False,government
NCT05554627,VA Office of Research and Development,FED,False,government
NCT04451187,"Janssen Research & Development, LLC",INDUSTRY,True,industry
NCT05895747,University of Utah,OTHER,False,academic
NCT00807248,H. Lundbeck A/S,INDUSTRY,True,industry
NCT02033369,New York State Psychiatric Institute,OTHER,False,research_nonprofit
NCT00868374,Keming Gao,OTHER,False,individual
NCT01881763,Northwell Health,OTHER,False,hospital
NCT00048607,Merck Sharp & Dohme LLC,INDUSTRY,True,industry
NCT03093025,Taisho Pharmaceutical R&D Inc.,INDUSTRY,True,industry
NCT03857581,Augusta University,OTHER,False,academic
NCT06511908,National Institute of Mental Health (NIMH),NIH,False,government
NCT07374198,Chinese PLA General Hospital,OTHER,False,hospital
NCT01876823,New York State Psychiatric Institute,OTHER,False,research_nonprofit
NCT01882829,James Murrough,OTHER,False,individual
NCT00360724,New York State Psychiatric Institute,OTHER,False,research_nonprofit
NCT07251491,James J. Peters Veterans Affairs Medical Center,FED,False,government
NCT02644629,Shalvata Mental Health Center,OTHER,False,hospital
NCT00559299,GlaxoSmithKline,INDUSTRY,True,industry
NCT04004416,University of Michigan,OTHER,False,academic
NCT03152409,Jessica Harder,OTHER,False,individual
NCT00725270,Stanford University,OTHER,False,academic
NCT02153502,"Otsuka Pharmaceutical Development & Commercialization, Inc.",INDUSTRY,True,industry
NCT02279953,H. Lundbeck A/S,INDUSTRY,True,industry
NCT01564862,Takeda,INDUSTRY,True,industry
NCT04471818,Instituto Nacional de Cancerologia de Mexico,OTHER,False,government
NCT04950868,Verinder Sharma,OTHER,False,individual
NCT06545474,University Hospital Tuebingen,OTHER,False,academic
NCT07703722,Khyber Medical University Peshawar,OTHER,False,academic
NCT02529462,"AB Biotics, SA",INDUSTRY,True,industry
NCT05570110,Philipps University Marburg,OTHER,False,academic
NCT01941043,"Avalo Therapeutics, Inc.",INDUSTRY,True,industry
NCT02191397,GlaxoSmithKline,INDUSTRY,True,industry
NCT00057239,GlaxoSmithKline,INDUSTRY,True,industry
NCT01436175,Shire,INDUSTRY,True,industry
NCT00584974,"Sumitomo Pharma America, Inc.",INDUSTRY,True,industry
NCT00986479,AstraZeneca,INDUSTRY,True,industry
NCT06236880,Gilgamesh Pharmaceuticals,INDUSTRY,True,industry
NCT03927950,University of Tartu,OTHER,False,academic
NCT02470026,"Charite University, Berlin, Germany",OTHER,False,academic
NCT05454410,Novartis Pharmaceuticals,INDUSTRY,True,industry
NCT01822418,"Central Institute of Mental Health, Mannheim",OTHER,False,research_nonprofit
NCT07307768,Soterix Medical,INDUSTRY,True,industry
NCT06610305,"University of North Carolina, Chapel Hill",OTHER,False,academic
NCT00285376,Genaissance Pharmaceuticals,INDUSTRY,True,industry
NCT05195203,"Jiangsu Hansoh Pharmaceutical Co., Ltd.",INDUSTRY,True,industry
NCT00227955,University of Pittsburgh,OTHER,False,academic
NCT00296686,New York State Psychiatric Institute,OTHER,False,research_nonprofit
NCT01140906,H. Lundbeck A/S,INDUSTRY,True,industry
NCT05973851,Dr. Inge Winter,OTHER,False,individual
NCT02637466,University of Miami,OTHER,False,academic
NCT03018340,ACADIA Pharmaceuticals Inc.,INDUSTRY,True,industry
NCT00840034,Eli Lilly and Company,INDUSTRY,True,industry
NCT02330679,University of Calgary,OTHER,False,academic
NCT06828887,Vigonvita Life Sciences,INDUSTRY,True,industry
NCT03558256,Shanghai Mental Health Center,OTHER,False,hospital
NCT07003997,Emory University,OTHER,False,academic
NCT01962753,"University Hospital, Tours",OTHER,False,academic
NCT06605105,Cybin IRL Limited,INDUSTRY,True,industry
NCT00332787,University of Texas Southwestern Medical Center,OTHER,False,academic
NCT00676676,Massachusetts General Hospital,OTHER,False,hospital
NCT01168674,Tufts Medical Center,OTHER,False,hospital
NCT05136755,China Medical University Hospital,OTHER,False,academic
NCT00042029,Merck Sharp & Dohme LLC,INDUSTRY,True,industry
NCT01774045,"BioLite, Inc.",INDUSTRY,True,industry
NCT02191124,Capital Medical University,OTHER,False,academic
NCT00849901,Eli Lilly and Company,INDUSTRY,True,industry
NCT04751071,Sadat City University,OTHER,False,academic
NCT05189977,"Otsuka Pharmaceutical Development & Commercialization, Inc.",INDUSTRY,True,industry
NCT02900092,Massachusetts General Hospital,OTHER,False,hospital
NCT01548703,BrainCells Inc.,INDUSTRY,True,industry
NCT00659347,"DOV Pharmaceutical, Inc.",INDUSTRY,True,industry
NCT04344678,Sadat City University,OTHER,False,academic
NCT02473783,Tri-Service General Hospital (TSGH),OTHER,False,hospital
NCT04587778,Medical University of Vienna,OTHER,False,academic
NCT06011577,Levomecor Inc.,INDUSTRY,True,industry
NCT01824433,Capital Medical University,OTHER,False,academic
NCT00191919,Eli Lilly and Company,INDUSTRY,True,industry
NCT03672175,Biogen,INDUSTRY,True,industry
NCT01110889,Novartis Pharmaceuticals,INDUSTRY,True,industry
NCT05774665,Massachusetts General Hospital,OTHER,False,hospital
NCT01282632,Sunnybrook Health Sciences Centre,OTHER,False,hospital
NCT00149643,University of Pittsburgh,OTHER,False,academic
NCT03039192,"Janssen Research & Development, LLC",INDUSTRY,True,industry
NCT06957223,Asad Ullah Jan,OTHER_GOV,False,government
NCT00931775,Fundació Institut de Recerca de l'Hospital de la Santa Creu i Sant Pau,OTHER,False,hospital
NCT01880957,Stony Brook University,OTHER,False,academic
NCT06309472,King's College London,OTHER,False,academic
NCT01537068,New York State Psychiatric Institute,OTHER,False,research_nonprofit
NCT04181736,Stanford University,OTHER,False,academic
NCT01153347,AstraZeneca,INDUSTRY,True,industry
NCT02459236,"Avalo Therapeutics, Inc.",INDUSTRY,True,industry
NCT03352453,"Naurex, Inc, an affiliate of Allergan plc",INDUSTRY,True,industry
NCT02229825,Boehringer Ingelheim,INDUSTRY,True,industry
NCT05323019,Zylorion Health,INDUSTRY,True,industry
NCT01559857,Stanford University,OTHER,False,academic
NCT05318924,University Hospital Tuebingen,OTHER,False,academic
NCT01311570,Shalvata Mental Health Center,OTHER,False,hospital
NCT01423253,"Sumitomo Pharma America, Inc.",INDUSTRY,True,industry
NCT01052077,"Otsuka Pharmaceutical Development & Commercialization, Inc.",INDUSTRY,True,industry
NCT07619092,Anders Jørgensen,OTHER,False,individual
NCT06400121,Rebecca Price,OTHER,False,individual
NCT04727229,Unity Health Toronto,OTHER,False,hospital
NCT04830215,"Otsuka Pharmaceutical Development & Commercialization, Inc.",INDUSTRY,True,industry
NCT06559306,"Janssen Research & Development, LLC",INDUSTRY,True,industry
NCT00036309,Eli Lilly and Company,INDUSTRY,True,industry
NCT03668600,"Naurex, Inc, an affiliate of Allergan plc",INDUSTRY,True,industry
NCT07586150,Ludwig-Maximilians - University of Munich,OTHER,False,academic
NCT00694304,H. Lundbeck A/S,INDUSTRY,True,industry
NCT01635218,Hospital Juarez de Mexico,OTHER_GOV,False,government
NCT02882711,"The University of Texas Health Science Center, Houston",OTHER,False,academic
NCT03739632,"Zhejiang Huahai Pharmaceutical Co., Ltd.",INDUSTRY,True,industry
NCT05644093,Small Pharma Ltd,INDUSTRY,True,industry
NCT01373931,Eli Lilly and Company,INDUSTRY,True,industry
NCT01254305,Forest Laboratories,INDUSTRY,True,industry
NCT03915613,"University Health Network, Toronto",OTHER,False,academic
NCT01243957,Eli Lilly and Company,INDUSTRY,True,industry
NCT03202095,University of Utah,OTHER,False,academic
NCT03065335,National Institute of Mental Health (NIMH),NIH,False,government
NCT00944996,Tirat Carmel Mental Health Center,OTHER_GOV,False,government
NCT03219008,Shanghai Mental Health Center,OTHER,False,hospital
NCT00413023,GlaxoSmithKline,INDUSTRY,True,industry
NCT01031810,New York State Psychiatric Institute,OTHER,False,research_nonprofit
NCT00845507,University of Cincinnati,OTHER,False,academic
NCT00042562,Eli Lilly and Company,INDUSTRY,True,industry
NCT06664138,Yeongseok Yun,OTHER,False,individual
NCT02058693,Rush University Medical Center,OTHER,False,academic
NCT04640636,New York State Psychiatric Institute,OTHER,False,research_nonprofit
NCT00179257,Vanderbilt University,OTHER,False,academic
NCT00901407,Louisiana State University Health Sciences Center in New Orleans,OTHER,False,academic
NCT00330174,Medical University of South Carolina,OTHER,False,academic
NCT05018013,"CSPC ZhongQi Pharmaceutical Technology Co., Ltd.",INDUSTRY,True,industry
NCT01251471,Medical University of Vienna,OTHER,False,academic
NCT05220410,Sheppard Pratt Health System,OTHER,False,hospital
NCT01531309,Novartis Pharmaceuticals,INDUSTRY,True,industry
NCT04509102,"University of California, Los Angeles",OTHER,False,academic
NCT03155503,Suven Life Sciences Limited,INDUSTRY,True,industry
NCT00220623,Sir Mortimer B. Davis - Jewish General Hospital,OTHER,False,hospital
NCT02924090,University of Manitoba,OTHER,False,academic
NCT01541475,Ewha Womans University,OTHER,False,academic
NCT01944969,H. Lundbeck A/S,INDUSTRY,True,industry
NCT02902601,"Janssen Research & Development, LLC",INDUSTRY,True,industry
NCT00519012,Oizumi Hospital,OTHER,False,hospital
NCT00246233,"Janssen-Ortho Inc., Canada",INDUSTRY,True,industry
NCT00088699,National Institute of Mental Health (NIMH),NIH,False,government
NCT01152996,Takeda,INDUSTRY,True,industry
NCT06842992,"Jiangsu Nhwa Pharmaceutical Co., Ltd.",INDUSTRY,True,industry
NCT00882362,"Otsuka Pharmaceutical Co., Ltd.",INDUSTRY,True,industry
NCT00057226,GlaxoSmithKline,INDUSTRY,True,industry
NCT02994433,Washington University School of Medicine,OTHER,False,academic
NCT00714779,University of Turku,OTHER,False,academic
NCT03812588,New York State Psychiatric Institute,OTHER,False,research_nonprofit
NCT00005013,National Institute of Mental Health (NIMH),NIH,False,government
NCT05892744,University of Texas at Austin,OTHER,False,academic
NCT02129751,"Bausch Health Americas, Inc.",INDUSTRY,True,industry
NCT03697603,"Otsuka Pharmaceutical Co., Ltd.",INDUSTRY,True,industry
NCT01488071,H. Lundbeck A/S,INDUSTRY,True,industry
NCT06429722,"Neumora Therapeutics, Inc.",INDUSTRY,True,industry
NCT00955474,Massachusetts General Hospital,OTHER,False,hospital
NCT05353543,The Third Affiliated hospital of Zhejiang Chinese Medical University,OTHER,False,academic
NCT04513912,"Janssen Research & Development, LLC",INDUSTRY,True,industry
NCT00238758,The University of New South Wales,OTHER,False,academic
NCT00234195,Thomas Jefferson University,OTHER,False,academic
NCT07685964,University of Texas Southwestern Medical Center,OTHER,False,academic
NCT01253421,Mclean Hospital,OTHER,False,hospital
NCT00696293,University of Pittsburgh,OTHER,False,academic
NCT00385437,"University Health Network, Toronto",OTHER,False,academic
NCT01787240,Massachusetts General Hospital,OTHER,False,hospital
NCT01667926,Massachusetts General Hospital,OTHER,False,hospital
NCT00668525,Forest Laboratories,INDUSTRY,True,industry
NCT06860958,Tanta University,OTHER,False,academic
NCT00208169,Creighton University,OTHER,False,academic
NCT01808612,Eli Lilly and Company,INDUSTRY,True,industry
NCT02579928,Yale University,OTHER,False,academic
NCT00191685,Eli Lilly and Company,INDUSTRY,True,industry
NCT03551288,Suven Life Sciences Limited,INDUSTRY,True,industry
NCT03721900,"Shenox Pharmaceuticals, LLC",INDUSTRY,True,industry
NCT04670081,"Central Institute of Mental Health, Mannheim",OTHER,False,research_nonprofit
NCT00926835,"Ministry of Health & Welfare, Korea",OTHER_GOV,False,government
NCT00224302,"Central Institute of Mental Health, Mannheim",OTHER,False,research_nonprofit
NCT01211756,David Feifel,OTHER,False,individual
NCT00067444,GlaxoSmithKline,INDUSTRY,True,industry
NCT00206765,Beth Israel Medical Center,OTHER,False,hospital
NCT01556971,"Capital Clinical Research Associates, LLC",OTHER,True,industry
NCT00239954,Pharmacology Research Institute,OTHER,False,research_nonprofit
NCT06922110,Xenon Pharmaceuticals Inc.,INDUSTRY,True,industry
NCT05232032,Mclean Hospital,OTHER,False,hospital
NCT00331799,Duke University,OTHER,False,academic
NCT00463242,Novartis,INDUSTRY,True,industry
NCT05933538,Sultan Qaboos University,OTHER,False,academic
NCT03108625,H. Lundbeck A/S,INDUSTRY,True,industry
NCT06635135,"Janssen Research & Development, LLC",INDUSTRY,True,industry
NCT00749125,Washington University School of Medicine,OTHER,False,academic
NCT01309542,Pfizer,INDUSTRY,True,industry
NCT02401139,The University of New South Wales,OTHER,False,academic
NCT05538910,National Institute on Drug Abuse (NIDA),NIH,False,government
NCT03748446,Massachusetts General Hospital,OTHER,False,hospital
NCT00406848,Eli Lilly and Company,INDUSTRY,True,industry
NCT05832619,Xiaomei Shao,OTHER,False,individual
NCT00531518,MaineHealth,OTHER,False,hospital
NCT06537921,King's College London,OTHER,False,academic
NCT00252356,Sanofi,INDUSTRY,True,industry
NCT01119430,Fundació Institut de Recerca de l'Hospital de la Santa Creu i Sant Pau,OTHER,False,hospital
NCT02165449,"University of California, Los Angeles",OTHER,False,academic
NCT00177528,University of Pittsburgh,OTHER,False,academic
NCT00775203,Labopharm Inc.,INDUSTRY,True,industry
NCT04352621,University of Cincinnati,OTHER,False,academic
NCT04623814,"Sunshine Lake Pharma Co., Ltd.",INDUSTRY,True,industry
NCT00531947,Somerset Pharmaceuticals,INDUSTRY,True,industry
NCT07412132,University of Sao Paulo,OTHER,False,academic
NCT03357796,Luye Pharma Group Ltd.,INDUSTRY,True,industry
NCT00343070,"University Hospital, Ghent",OTHER,False,academic
NCT04582916,National Institute of Mental Health (NIMH),NIH,False,government
NCT05203341,Neurocrine Biosciences,INDUSTRY,True,industry
NCT00646087,Essentia Health,OTHER,False,hospital
NCT00626340,University of Pennsylvania,OTHER,False,academic
NCT00168493,Baker Heart Research Institute,OTHER,False,research_nonprofit
NCT01903096,"Psicofundación: Fundación Española para Promoción, Desarrollo Científico y Profesional de la Psicolo",OTHER,False,research_nonprofit
NCT00888862,Hamilton Health Sciences Corporation,OTHER,True,industry
NCT00633399,Massachusetts General Hospital,OTHER,False,hospital
NCT00366652,Wyeth is now a wholly owned subsidiary of Pfizer,INDUSTRY,True,industry
NCT00880048,GlaxoSmithKline,INDUSTRY,True,industry
NCT00837564,University Hospital Freiburg,OTHER,False,academic
NCT00107120,Forest Laboratories,INDUSTRY,True,industry
NCT03692910,Biogen,INDUSTRY,True,industry
NCT04352101,Emory University,OTHER,False,academic
NCT00353028,Solvay Pharmaceuticals,INDUSTRY,True,industry
NCT02422303,The University of Texas Health Science Center at San Antonio,OTHER,False,academic
NCT02395978,"BioLite, Inc.",INDUSTRY,True,industry
NCT04423757,Boehringer Ingelheim,INDUSTRY,True,industry
NCT05165394,Neurocrine Biosciences,INDUSTRY,True,industry
NCT00963196,University of Virginia,OTHER,False,academic
NCT05014919,H. Lundbeck A/S,INDUSTRY,True,industry
NCT06788249,University of Pennsylvania,OTHER,False,academic
NCT03374475,"Janssen Research & Development, LLC",INDUSTRY,True,industry
NCT03429075,Imperial College London,OTHER,False,academic
NCT06431386,The Royal's Institute of Mental Health Research,OTHER,False,research_nonprofit
NCT03573349,Mayo Clinic,OTHER,False,hospital
NCT03866252,"University Hospital, Basel, Switzerland",OTHER,False,academic
NCT01473381,Forest Laboratories,INDUSTRY,True,industry
NCT03675776,"Naurex, Inc, an affiliate of Allergan plc",INDUSTRY,True,industry
NCT06547489,"Syndeio Biosciences, Inc",INDUSTRY,True,industry
NCT06820723,Ohio State University,OTHER,False,academic
NCT00448058,GlaxoSmithKline,INDUSTRY,True,industry
NCT00447512,Max-Planck-Institute of Psychiatry,OTHER,False,research_nonprofit
NCT05894902,Advanced Integrative Medical Science Institute,OTHER,False,research_nonprofit
NCT01432457,Pfizer,INDUSTRY,True,industry
NCT04719663,Philipps University Marburg,OTHER,False,academic
NCT00414323,Eli Lilly and Company,INDUSTRY,True,industry
NCT07592689,"Definium Therapeutics US, Inc.",INDUSTRY,True,industry
NCT04853407,Luye Pharma Group Ltd.,INDUSTRY,True,industry
NCT03249376,"Intra-Cellular Therapies, Inc.",INDUSTRY,True,industry
NCT00798707,Pfizer,INDUSTRY,True,industry
NCT00035321,Eli Lilly and Company,INDUSTRY,True,industry
NCT01640080,"Janssen Research & Development, LLC",INDUSTRY,True,industry
NCT02188121,Mclean Hospital,OTHER,False,hospital
NCT02067299,"Janssen Research & Development, LLC",INDUSTRY,True,industry
NCT00715559,Icahn School of Medicine at Mount Sinai,OTHER,False,academic
NCT00384436,Forest Laboratories,INDUSTRY,True,industry
NCT00636246,Pfizer's Upjohn has merged with Mylan to form Viatris Inc.,INDUSTRY,True,industry
NCT06372964,"Intra-Cellular Therapies, Inc.",INDUSTRY,True,industry
NCT05762458,"CSPC ZhongQi Pharmaceutical Technology Co., Ltd.",INDUSTRY,True,industry
NCT05786066,Yale University,OTHER,False,academic
NCT00960986,Eli Lilly and Company,INDUSTRY,True,industry
NCT01263197,Eli Lilly and Company,INDUSTRY,True,industry
NCT00095823,Bristol-Myers Squibb,INDUSTRY,True,industry
NCT01920555,Massachusetts General Hospital,OTHER,False,hospital
NCT07139834,Jeffrey Miller,OTHER,False,individual
NCT00087737,Wyeth is now a wholly owned subsidiary of Pfizer,INDUSTRY,True,industry
NCT01942733,H. Lundbeck A/S,INDUSTRY,True,industry
NCT00541957,Butler Hospital,OTHER,False,hospital
NCT04448431,H. Lundbeck A/S,INDUSTRY,True,industry
NCT01121484,Pfizer,INDUSTRY,True,industry
NCT00329147,Wyeth is now a wholly owned subsidiary of Pfizer,INDUSTRY,True,industry
NCT06303076,Sultan Qaboos University,OTHER,False,academic
NCT07369115,University of Texas at Austin,OTHER,False,academic
NCT05347199,Simone Grimm,OTHER,False,individual
NCT05324735,Hawler Medical University,OTHER,False,academic
NCT04827901,James Murrough,OTHER,False,individual
NCT00621946,University of Texas Southwestern Medical Center,OTHER,False,academic
NCT00442481,Sheba Medical Center,OTHER_GOV,False,government
NCT00446719,"Mount Sinai Hospital, Canada",OTHER,False,hospital
NCT04661475,Sultan Qaboos University,OTHER,False,academic
NCT00294944,Sheba Medical Center,OTHER_GOV,False,government
NCT07651293,Imperial College Healthcare NHS Trust,OTHER,False,government
NCT05273996,David Steffens,OTHER,False,individual
NCT02593643,Sunnybrook Health Sciences Centre,OTHER,False,hospital
NCT00475137,University of British Columbia,OTHER,False,academic
NCT07374211,Chinese PLA General Hospital,OTHER,False,hospital
NCT07412756,Eli Lilly and Company,INDUSTRY,True,industry
NCT03609190,"Psychiatric University Hospital, Zurich",OTHER,False,academic
NCT01389765,Eli Lilly and Company,INDUSTRY,True,industry
NCT04711005,National Institute of Mental Health (NIMH),NIH,False,government
NCT04037111,Xijing Hospital,OTHER,False,hospital
NCT05655507,Biogen,INDUSTRY,True,industry
NCT02122562,Mark Niciu,OTHER,False,individual
NCT02469545,Medical University of Bialystok,OTHER,False,academic
NCT02407704,"Kirk Erickson, PhD",OTHER,False,other
NCT01916824,Emory University,OTHER,False,academic
NCT01035073,University of Pennsylvania,OTHER,False,academic
NCT01919216,New York State Psychiatric Institute,OTHER,False,research_nonprofit
NCT02579642,University of Alberta,OTHER,False,academic
NCT00693849,BRC Operations Pty. Ltd.,INDUSTRY,True,industry
NCT05518149,"Janssen Research & Development, LLC",INDUSTRY,True,industry
NCT06442423,Yale University,OTHER,False,academic
NCT00229645,Dr Alexander McIntyre Inc.,OTHER,True,industry
NCT00073203,"Johnson & Johnson Pharmaceutical Research & Development, L.L.C.",INDUSTRY,True,industry
NCT00696774,Eli Lilly and Company,INDUSTRY,True,industry
NCT05389046,Peking University,OTHER,False,academic
NCT00215228,Duke University,OTHER,False,academic
NCT05327699,Emory University,OTHER,False,academic
NCT04669665,"Seelos Therapeutics, Inc.",INDUSTRY,True,industry
NCT06911112,Neurocrine Biosciences,INDUSTRY,True,industry
NCT02134808,Perry Renshaw,OTHER,False,individual
NCT00789854,AstraZeneca,INDUSTRY,True,industry
NCT04469959,Vanderbilt University Medical Center,OTHER,False,academic
NCT01148979,Mclean Hospital,OTHER,False,hospital
NCT01360645,"Otsuka Pharmaceutical Development & Commercialization, Inc.",INDUSTRY,True,industry
NCT00889369,Hamilton Health Sciences Corporation,OTHER,True,industry
NCT01608295,"University of California, Los Angeles",OTHER,False,academic
NCT00958204,University of British Columbia,OTHER,False,academic
NCT00863798,Wyeth is now a wholly owned subsidiary of Pfizer,INDUSTRY,True,industry
NCT05870501,King's College London,OTHER,False,academic
NCT03766867,H. Lundbeck A/S,INDUSTRY,True,industry
NCT00440427,Wyeth is now a wholly owned subsidiary of Pfizer,INDUSTRY,True,industry
NCT05399498,University of Chicago,OTHER,False,academic
NCT00296777,New York State Psychiatric Institute,OTHER,False,research_nonprofit
NCT01421342,VA Office of Research and Development,FED,False,government
NCT05004987,NYU Langone Health,OTHER,False,hospital
NCT04183205,VA Office of Research and Development,FED,False,government
NCT02695472,Neuralstem Inc.,INDUSTRY,True,industry
NCT04973930,New York State Psychiatric Institute,OTHER,False,research_nonprofit
NCT04101474,Assiut University,OTHER,False,academic
NCT01263106,Eli Lilly and Company,INDUSTRY,True,industry
NCT00491686,AstraZeneca,INDUSTRY,True,industry
NCT05686408,"Tonix Pharmaceuticals, Inc.",INDUSTRY,True,industry
NCT00351910,AstraZeneca,INDUSTRY,True,industry
NCT00788918,Aarhus University Hospital,OTHER,False,academic
NCT05417087,"Seasons Biotechnology (Taizhou) Co., Ltd.",INDUSTRY,True,industry
NCT07101120,"Chengdu Kanghong Pharmaceutical Group Co., Ltd.",INDUSTRY,True,industry
NCT01740726,Emory University,OTHER,False,academic
NCT06580145,Emory University,OTHER,False,academic
NCT00650897,Sheba Medical Center,OTHER_GOV,False,government
