nct,year,epoch,phase,int_class,n_arms,n_enroll,sponsor_class,overall_status,allocation,randomized,masking,masking_ord,blinded_any,blinded_double_plus,model,power_ok,comparator_kind,has_comparator,n_started,n_completed,attrition,low_attrition,pivotal,treatment,multiarm,has_results,has_result_ref,n_derived,has_derived,ipd,ipd_yes,dmc
NCT01997801,2013.0,<=2015,NA,drug,2,64.0,OTHER,UNKNOWN,RANDOMIZED,True,QUADRUPLE,4.0,True,True,PARALLEL,True,placebo/sham,True,,,,,False,False,False,False,False,1,True,,False,True
NCT04791761,2021.0,2021-2026,PHASE1;PHASE2,drug,3,73.0,OTHER,TERMINATED,RANDOMIZED,True,NONE,0.0,False,False,PARALLEL,True,active,True,73.0,45.0,0.3835616438356164,False,False,True,True,True,False,0,False,NO,False,False
NCT06183073,2023.0,2021-2026,PHASE2,both,2,90.0,OTHER,UNKNOWN,RANDOMIZED,True,QUADRUPLE,4.0,True,True,PARALLEL,True,active,True,,,,,False,False,False,False,False,0,False,,False,True
NCT03023462,2019.0,2016-2020,NA,drug,2,60.0,OTHER,COMPLETED,RANDOMIZED,True,TRIPLE,3.0,True,True,PARALLEL,True,active,True,,,,,False,True,False,False,False,0,False,UNDECIDED,False,True
NCT03018301,2017.0,2016-2020,PHASE2,drug,2,80.0,OTHER,UNKNOWN,RANDOMIZED,True,DOUBLE,2.0,True,True,PARALLEL,True,placebo/sham,True,,,,,False,True,False,False,False,0,False,YES,True,False
NCT04275596,2020.0,2016-2020,PHASE3,drug,2,50.0,OTHER,UNKNOWN,RANDOMIZED,True,QUADRUPLE,4.0,True,True,PARALLEL,False,active,True,,,,,True,True,False,False,False,0,False,UNDECIDED,False,False
NCT03151746,2018.0,2016-2020,PHASE4,drug,2,20.0,OTHER,TERMINATED,RANDOMIZED,True,QUADRUPLE,4.0,True,True,PARALLEL,False,placebo/sham,True,20.0,20.0,0.0,True,True,False,False,True,False,0,False,NO,False,True
NCT03733275,2018.0,2016-2020,NA,drug,2,33.0,OTHER,COMPLETED,RANDOMIZED,True,QUADRUPLE,4.0,True,True,PARALLEL,True,placebo/sham,True,,,,,False,True,False,False,False,0,False,UNDECIDED,False,True
NCT05059535,2022.0,2021-2026,PHASE4,drug,3,52.0,OTHER,TERMINATED,RANDOMIZED,True,SINGLE,1.0,True,False,PARALLEL,False,placebo/sham,True,,,,,True,False,True,False,False,0,False,NO,False,True
NCT03484650,2020.0,2016-2020,PHASE3,drug,2,0.0,OTHER,WITHDRAWN,RANDOMIZED,True,TRIPLE,3.0,True,True,PARALLEL,False,placebo/sham,True,,,,,True,False,False,False,False,0,False,NO,False,False
NCT03817034,2021.0,2021-2026,EARLY_PHASE1,drug,1,0.0,OTHER,WITHDRAWN,NA,False,NONE,0.0,False,False,SINGLE_GROUP,False,none/single-group,False,,,,,False,True,False,False,False,0,False,,False,
NCT02169336,2014.0,<=2015,PHASE2,drug,3,95.0,INDUSTRY,TERMINATED,RANDOMIZED,True,QUADRUPLE,4.0,True,True,PARALLEL,True,placebo/sham,True,95.0,84.0,0.11578947368421055,True,False,True,True,True,False,0,False,,False,False
NCT02072135,2014.0,<=2015,NA,drug,1,4.0,OTHER,COMPLETED,NA,False,NONE,0.0,False,False,SINGLE_GROUP,False,none/single-group,False,,,,,False,True,False,False,False,0,False,NO,False,False
NCT00819962,2014.0,<=2015,EARLY_PHASE1,drug,1,42.0,OTHER,UNKNOWN,RANDOMIZED,True,DOUBLE,2.0,True,True,CROSSOVER,True,none/single-group,False,,,,,False,False,False,False,False,0,False,,False,True
NCT02762929,2016.0,2016-2020,PHASE2,drug,11,430.0,INDUSTRY,COMPLETED,RANDOMIZED,True,DOUBLE,2.0,True,True,PARALLEL,True,active,True,430.0,423.0,0.016279069767441867,True,False,True,True,True,False,1,True,,False,
NCT06575010,2024.0,2021-2026,PHASE4,drug,2,126.0,OTHER,ENROLLING_BY_INVITATION,RANDOMIZED,True,DOUBLE,2.0,True,True,PARALLEL,True,active,True,,,,,True,True,False,False,False,0,False,,False,
NCT01231191,,,PHASE4,drug,2,0.0,OTHER,WITHDRAWN,RANDOMIZED,True,DOUBLE,2.0,True,True,PARALLEL,False,placebo/sham,True,,,,,True,False,False,False,False,0,False,,False,False
NCT02725359,2016.0,2016-2020,PHASE4,drug,3,60.0,OTHER,COMPLETED,RANDOMIZED,True,DOUBLE,2.0,True,True,PARALLEL,False,placebo/sham,True,,,,,True,True,True,False,False,1,True,,False,False
NCT00345384,2008.0,<=2015,PHASE1;PHASE2,drug,2,38.0,OTHER,COMPLETED,RANDOMIZED,True,TRIPLE,3.0,True,True,PARALLEL,False,placebo/sham,True,38.0,38.0,0.0,True,False,True,False,True,False,0,False,,False,False
NCT01927874,2013.0,<=2015,NA,both,2,40.0,OTHER,COMPLETED,RANDOMIZED,True,NONE,0.0,False,False,PARALLEL,True,active,True,,,,,False,True,False,False,False,0,False,NO,False,False
NCT05640674,2023.0,2021-2026,PHASE4,drug,2,29.0,OTHER,TERMINATED,RANDOMIZED,True,NONE,0.0,False,False,PARALLEL,False,active,True,29.0,13.0,0.5517241379310345,False,True,False,False,True,False,0,False,NO,False,False
NCT04365088,2018.0,2016-2020,PHASE4,drug,2,35.0,OTHER,UNKNOWN,RANDOMIZED,True,QUADRUPLE,4.0,True,True,FACTORIAL,False,placebo/sham,True,,,,,True,False,False,False,False,0,False,NO,False,False
NCT00578136,2006.0,<=2015,NA,drug,2,52.0,OTHER,COMPLETED,RANDOMIZED,True,SINGLE,1.0,True,False,SINGLE_GROUP,True,active,True,54.0,52.0,0.03703703703703709,True,False,True,False,True,False,0,False,,False,False
NCT00528177,2007.0,<=2015,PHASE4,drug,2,90.0,OTHER,COMPLETED,RANDOMIZED,True,TRIPLE,3.0,True,True,PARALLEL,False,active,True,,,,,True,True,False,False,False,1,True,,False,False
NCT01373021,2011.0,<=2015,PHASE4,drug,2,95.0,OTHER,COMPLETED,RANDOMIZED,True,DOUBLE,2.0,True,True,PARALLEL,False,placebo/sham,True,,,,,True,False,False,False,False,0,False,,False,
NCT02263963,2013.0,<=2015,PHASE4,both,2,50.0,OTHER,COMPLETED,RANDOMIZED,True,SINGLE,1.0,True,False,PARALLEL,False,no-intervention,True,50.0,50.0,0.0,True,True,True,False,True,False,0,False,,False,True
NCT03221998,2017.0,2016-2020,EARLY_PHASE1,drug,2,126.0,OTHER,UNKNOWN,RANDOMIZED,True,NONE,0.0,False,False,PARALLEL,True,placebo/sham,True,,,,,False,True,False,False,True,0,False,UNDECIDED,False,True
NCT02525211,2012.0,<=2015,PHASE3,drug,2,59.0,OTHER,TERMINATED,RANDOMIZED,True,QUADRUPLE,4.0,True,True,PARALLEL,False,placebo/sham,True,,,,,True,True,False,False,True,0,False,,False,False
NCT02487355,2015.0,<=2015,PHASE2;PHASE3,drug,4,120.0,OTHER,UNKNOWN,RANDOMIZED,True,QUADRUPLE,4.0,True,True,PARALLEL,True,active,True,,,,,True,False,True,False,False,0,False,,False,True
NCT03535792,2017.0,2016-2020,NA,drug,2,50.0,OTHER,COMPLETED,RANDOMIZED,True,TRIPLE,3.0,True,True,PARALLEL,True,active,True,,,,,False,True,False,False,False,0,False,,False,False
NCT00905437,2009.0,<=2015,PHASE3,drug,2,72.0,INDUSTRY,TERMINATED,RANDOMIZED,True,QUADRUPLE,4.0,True,True,PARALLEL,False,placebo/sham,True,72.0,54.0,0.25,False,True,False,False,True,False,0,False,,False,False
NCT05338671,2021.0,2021-2026,PHASE4,drug,2,35.0,OTHER,COMPLETED,RANDOMIZED,True,SINGLE,1.0,True,False,PARALLEL,False,active,True,35.0,30.0,0.1428571428571429,True,True,True,False,True,False,0,False,NO,False,False
NCT04620720,2020.0,2016-2020,EARLY_PHASE1,drug,2,51.0,OTHER,UNKNOWN,RANDOMIZED,True,QUADRUPLE,4.0,True,True,SINGLE_GROUP,True,no-intervention,True,,,,,False,False,False,False,False,0,False,NO,False,True
NCT05702151,2022.0,2021-2026,NA,both,2,50.0,OTHER,UNKNOWN,RANDOMIZED,True,NONE,0.0,False,False,PARALLEL,True,active,True,,,,,False,True,False,False,False,0,False,NO,False,False
NCT05345639,2022.0,2021-2026,PHASE3,both,3,254.0,OTHER_GOV,COMPLETED,RANDOMIZED,True,SINGLE,1.0,True,False,PARALLEL,True,placebo/sham,True,,,,,True,True,True,False,False,2,True,NO,False,True
NCT05031234,2020.0,2016-2020,NA,drug,2,160.0,OTHER,COMPLETED,RANDOMIZED,True,SINGLE,1.0,True,False,PARALLEL,True,active,True,,,,,False,True,False,False,False,1,True,NO,False,False
NCT03302689,2017.0,2016-2020,NA,drug,2,50.0,OTHER,UNKNOWN,RANDOMIZED,True,DOUBLE,2.0,True,True,PARALLEL,True,none/single-group,False,,,,,False,True,False,False,False,0,False,NO,False,False
NCT01190722,2010.0,<=2015,PHASE4,drug,2,0.0,OTHER,WITHDRAWN,RANDOMIZED,True,TRIPLE,3.0,True,True,PARALLEL,False,active,True,,,,,True,True,False,False,False,0,False,,False,True
NCT07225140,2026.0,2021-2026,PHASE3,drug,3,180.0,INDUSTRY,NOT_YET_RECRUITING,RANDOMIZED,True,QUADRUPLE,4.0,True,True,PARALLEL,True,active,True,,,,,True,True,True,False,False,0,False,NO,False,
NCT02733393,2015.0,<=2015,PHASE1,both,1,2.0,OTHER,COMPLETED,NA,False,NONE,0.0,False,False,SINGLE_GROUP,False,none/single-group,False,,,,,False,True,False,False,False,0,False,,False,False
NCT07037888,2023.0,2021-2026,PHASE4,drug,2,100.0,OTHER,RECRUITING,RANDOMIZED,True,SINGLE,1.0,True,False,PARALLEL,True,placebo/sham,True,,,,,True,False,False,False,True,0,False,,False,False
NCT03877549,2019.0,2016-2020,PHASE4,drug,3,0.0,OTHER,WITHDRAWN,RANDOMIZED,True,TRIPLE,3.0,True,True,PARALLEL,False,placebo/sham,True,,,,,True,True,True,False,False,0,False,,False,
NCT05603832,2022.0,2021-2026,PHASE3,drug,2,151.0,INDUSTRY,COMPLETED,RANDOMIZED,True,DOUBLE,2.0,True,True,PARALLEL,True,active,True,,,,,True,True,False,False,False,0,False,,False,True
NCT03644147,2018.0,2016-2020,NA,drug,2,84.0,OTHER,COMPLETED,RANDOMIZED,True,QUADRUPLE,4.0,True,True,PARALLEL,True,no-intervention,True,,,,,False,True,False,False,False,1,True,,False,
NCT05635916,2022.0,2021-2026,PHASE4,drug,2,80.0,OTHER,COMPLETED,RANDOMIZED,True,SINGLE,1.0,True,False,PARALLEL,False,active,True,,,,,True,True,False,False,False,1,True,NO,False,False
NCT01319682,2011.0,<=2015,PHASE4,drug,2,54.0,OTHER,COMPLETED,RANDOMIZED,True,DOUBLE,2.0,True,True,PARALLEL,False,placebo/sham,True,,,,,True,True,False,False,False,1,True,,False,False
NCT02213159,2014.0,<=2015,PHASE2;PHASE3,drug,2,60.0,OTHER,COMPLETED,RANDOMIZED,True,DOUBLE,2.0,True,True,PARALLEL,False,active,True,,,,,True,True,False,False,False,0,False,NO,False,False
NCT06304259,2024.0,2021-2026,NA,drug,3,45.0,OTHER,COMPLETED,RANDOMIZED,True,DOUBLE,2.0,True,True,PARALLEL,True,active,True,,,,,False,True,True,False,False,0,False,NO,False,True
NCT00161577,2004.0,<=2015,PHASE4,drug,2,25.0,OTHER,COMPLETED,RANDOMIZED,True,TRIPLE,3.0,True,True,PARALLEL,False,placebo/sham,True,,,,,True,True,False,False,False,0,False,,False,False
NCT06719180,2024.0,2021-2026,PHASE4,drug,2,100.0,OTHER,RECRUITING,RANDOMIZED,True,QUADRUPLE,4.0,True,True,PARALLEL,True,placebo/sham,True,,,,,True,True,False,False,False,0,False,UNDECIDED,False,False
NCT01194089,2010.0,<=2015,PHASE4,drug,2,95.0,OTHER,COMPLETED,RANDOMIZED,True,TRIPLE,3.0,True,True,PARALLEL,False,placebo/sham,True,89.0,89.0,0.0,True,True,True,False,True,True,0,False,,False,False
NCT07650877,2026.0,2021-2026,NA,drug,2,90.0,OTHER,RECRUITING,RANDOMIZED,True,DOUBLE,2.0,True,True,PARALLEL,True,active,True,,,,,False,True,False,False,False,0,False,,False,False
NCT07070050,2025.0,2021-2026,PHASE4,drug,2,100.0,OTHER,RECRUITING,RANDOMIZED,True,TRIPLE,3.0,True,True,PARALLEL,True,active,True,,,,,True,True,False,False,False,0,False,NO,False,True
NCT07159334,2025.0,2021-2026,NA,drug,2,64.0,OTHER,RECRUITING,RANDOMIZED,True,NONE,0.0,False,False,PARALLEL,True,none/single-group,False,,,,,False,True,False,False,False,0,False,UNDECIDED,False,True
NCT06344169,2024.0,2021-2026,PHASE2;PHASE3,drug,2,120.0,OTHER,RECRUITING,RANDOMIZED,True,NONE,0.0,False,False,PARALLEL,True,active,True,,,,,True,True,False,False,False,0,False,NO,False,True
NCT04475029,2020.0,2016-2020,NA,drug,2,114.0,OTHER,COMPLETED,RANDOMIZED,True,QUADRUPLE,4.0,True,True,PARALLEL,True,active,True,,,,,False,True,False,False,False,0,False,NO,False,False
NCT03404518,2018.0,2016-2020,PHASE3,drug,2,185.0,OTHER,COMPLETED,RANDOMIZED,True,DOUBLE,2.0,True,True,PARALLEL,True,active,True,185.0,108.0,0.4162162162162162,False,True,True,False,True,False,0,False,NO,False,False
NCT04849858,2019.0,2016-2020,PHASE3,drug,3,13.0,OTHER,TERMINATED,NON_RANDOMIZED,False,NONE,0.0,False,False,SEQUENTIAL,False,active,True,,,,,True,True,True,False,False,0,False,NO,False,True
NCT04819503,2021.0,2021-2026,NA,both,2,1.0,OTHER,TERMINATED,RANDOMIZED,True,QUADRUPLE,4.0,True,True,CROSSOVER,False,none/single-group,False,,,,,False,True,False,False,False,0,False,YES,True,
NCT04260854,2024.0,2021-2026,PHASE1,drug,2,100.0,OTHER,ENROLLING_BY_INVITATION,RANDOMIZED,True,TRIPLE,3.0,True,True,PARALLEL,True,placebo/sham,True,,,,,False,True,False,False,False,0,False,NO,False,False
NCT05705050,2023.0,2021-2026,NA,drug,2,50.0,OTHER,COMPLETED,RANDOMIZED,True,DOUBLE,2.0,True,True,PARALLEL,True,placebo/sham,True,,,,,False,True,False,False,False,0,False,YES,True,
NCT03270514,2018.0,2016-2020,PHASE3,drug,2,60.0,OTHER,COMPLETED,RANDOMIZED,True,QUADRUPLE,4.0,True,True,PARALLEL,False,active,True,60.0,60.0,0.0,True,True,True,False,True,False,0,False,NO,False,True
NCT04703257,2021.0,2021-2026,NA,drug,2,110.0,OTHER,COMPLETED,RANDOMIZED,True,QUADRUPLE,4.0,True,True,PARALLEL,True,placebo/sham,True,,,,,False,True,False,False,False,0,False,NO,False,False
NCT03128346,2017.0,2016-2020,NA,both,2,100.0,OTHER,UNKNOWN,RANDOMIZED,True,SINGLE,1.0,True,False,PARALLEL,True,active,True,,,,,False,False,False,False,True,1,True,NO,False,False
NCT01557478,2012.0,<=2015,PHASE2;PHASE3,drug,2,166.0,OTHER,UNKNOWN,RANDOMIZED,True,QUADRUPLE,4.0,True,True,PARALLEL,True,placebo/sham,True,,,,,True,True,False,False,False,0,False,,False,False
NCT02881996,2014.0,<=2015,NA,drug,2,90.0,OTHER,COMPLETED,RANDOMIZED,True,NONE,0.0,False,False,PARALLEL,True,active,True,90.0,82.0,0.0888888888888889,True,False,False,False,True,False,0,False,NO,False,False
NCT04420104,2020.0,2016-2020,NA,both,2,40.0,OTHER,UNKNOWN,RANDOMIZED,True,SINGLE,1.0,True,False,PARALLEL,True,active,True,,,,,False,True,False,False,False,0,False,NO,False,False
NCT04391855,2020.0,2016-2020,PHASE4,drug,4,72.0,OTHER,COMPLETED,RANDOMIZED,True,TRIPLE,3.0,True,True,PARALLEL,False,placebo/sham,True,,,,,True,True,True,False,False,0,False,NO,False,False
NCT01109511,2010.0,<=2015,PHASE4,drug,2,85.0,OTHER,COMPLETED,RANDOMIZED,True,,,False,False,PARALLEL,False,active,True,,,,,True,False,False,False,False,0,False,,False,
NCT01511627,2012.0,<=2015,NA,drug,2,0.0,OTHER,WITHDRAWN,RANDOMIZED,True,NONE,0.0,False,False,PARALLEL,False,active,True,,,,,False,True,False,False,False,0,False,,False,False
NCT06315959,2024.0,2021-2026,NA,both,2,71.0,OTHER,COMPLETED,RANDOMIZED,True,QUADRUPLE,4.0,True,True,PARALLEL,True,active,True,,,,,False,True,False,False,False,0,False,NO,False,False
NCT06427044,2024.0,2021-2026,NA,drug,2,143.0,OTHER,UNKNOWN,RANDOMIZED,True,SINGLE,1.0,True,False,PARALLEL,True,no-intervention,True,,,,,False,True,False,False,False,0,False,NO,False,False
NCT07084753,2025.0,2021-2026,NA,both,3,36.0,OTHER,NOT_YET_RECRUITING,RANDOMIZED,True,NONE,0.0,False,False,PARALLEL,True,active,True,,,,,False,True,True,False,False,0,False,YES,True,False
NCT07248358,2023.0,2021-2026,PHASE1,drug,2,78.0,OTHER,COMPLETED,RANDOMIZED,True,QUADRUPLE,4.0,True,True,PARALLEL,True,active,True,,,,,False,True,False,False,False,0,False,NO,False,False
NCT05868993,2023.0,2021-2026,PHASE4,drug,3,150.0,OTHER,UNKNOWN,NON_RANDOMIZED,False,TRIPLE,3.0,True,True,PARALLEL,True,none/single-group,False,,,,,True,True,True,False,False,0,False,NO,False,False
NCT05438992,2023.0,2021-2026,NA,drug,3,105.0,OTHER,COMPLETED,RANDOMIZED,True,DOUBLE,2.0,True,True,PARALLEL,True,active,True,,,,,False,True,True,False,False,0,False,NO,False,
NCT05525013,2022.0,2021-2026,NA,drug,2,30.0,OTHER,COMPLETED,RANDOMIZED,True,DOUBLE,2.0,True,True,PARALLEL,True,active,True,,,,,False,True,False,False,False,0,False,NO,False,False
NCT01608360,2011.0,<=2015,PHASE4,drug,2,56.0,OTHER,UNKNOWN,RANDOMIZED,True,DOUBLE,2.0,True,True,PARALLEL,False,placebo/sham,True,,,,,True,True,False,False,False,1,True,,False,False
NCT00890721,2009.0,<=2015,PHASE3,drug,2,189.0,INDUSTRY,COMPLETED,RANDOMIZED,True,DOUBLE,2.0,True,True,PARALLEL,True,placebo/sham,True,189.0,187.0,0.010582010582010581,True,True,True,False,True,False,1,True,,False,False
NCT00609466,2007.0,<=2015,PHASE3,drug,3,291.0,INDUSTRY,COMPLETED,RANDOMIZED,True,QUADRUPLE,4.0,True,True,PARALLEL,True,placebo/sham,True,291.0,279.0,0.04123711340206182,True,True,True,True,True,False,0,False,,False,False
NCT03102515,2016.0,2016-2020,PHASE4,drug,2,109.0,OTHER,COMPLETED,RANDOMIZED,True,,,False,False,SEQUENTIAL,True,none/single-group,False,,,,,True,True,False,False,False,0,False,,False,False
NCT06951230,2024.0,2021-2026,PHASE1,both,2,20.0,OTHER,COMPLETED,RANDOMIZED,True,DOUBLE,2.0,True,True,PARALLEL,False,active,True,,,,,False,False,False,False,False,0,False,YES,True,True
NCT01406561,2011.0,<=2015,PHASE3,drug,2,344.0,INDUSTRY,COMPLETED,RANDOMIZED,True,QUADRUPLE,4.0,True,True,PARALLEL,True,placebo/sham,True,,,,,True,True,False,False,False,0,False,,False,False
NCT01855529,2013.0,<=2015,PHASE2,drug,2,150.0,OTHER,COMPLETED,RANDOMIZED,True,DOUBLE,2.0,True,True,PARALLEL,True,placebo/sham,True,,,,,False,True,False,False,False,0,False,,False,False
NCT05985759,2023.0,2021-2026,PHASE4,drug,3,60.0,OTHER,UNKNOWN,RANDOMIZED,True,NONE,0.0,False,False,PARALLEL,False,no-intervention,True,,,,,True,True,True,False,False,0,False,UNDECIDED,False,
NCT03648008,2018.0,2016-2020,PHASE4,drug,3,171.0,OTHER,COMPLETED,RANDOMIZED,True,QUADRUPLE,4.0,True,True,PARALLEL,True,active,True,,,,,True,True,True,False,False,0,False,NO,False,True
NCT02504580,2015.0,<=2015,PHASE2,drug,22,463.0,INDUSTRY,COMPLETED,RANDOMIZED,True,DOUBLE,2.0,True,True,FACTORIAL,True,placebo/sham,True,463.0,452.0,0.023758099352051865,True,False,False,True,True,False,0,False,,False,
NCT02161705,2014.0,<=2015,PHASE3,drug,2,18.0,OTHER,TERMINATED,RANDOMIZED,True,DOUBLE,2.0,True,True,PARALLEL,False,placebo/sham,True,18.0,18.0,0.0,True,True,True,False,True,False,0,False,,False,False
NCT05918796,2023.0,2021-2026,PHASE1,drug,2,60.0,OTHER,COMPLETED,RANDOMIZED,True,SINGLE,1.0,True,False,PARALLEL,True,active,True,,,,,False,False,False,False,False,0,False,NO,False,False
NCT01097577,2010.0,<=2015,NA,drug,2,130.0,FED,COMPLETED,RANDOMIZED,True,TRIPLE,3.0,True,True,PARALLEL,True,placebo/sham,True,130.0,129.0,0.007692307692307665,True,False,True,False,True,True,0,False,,False,True
NCT06521333,2024.0,2021-2026,NA,both,3,30.0,OTHER,COMPLETED,RANDOMIZED,True,TRIPLE,3.0,True,True,PARALLEL,True,placebo/sham,True,,,,,False,True,True,False,False,0,False,UNDECIDED,False,True
NCT05496205,2020.0,2016-2020,PHASE1,drug,4,104.0,INDUSTRY,COMPLETED,RANDOMIZED,True,QUADRUPLE,4.0,True,True,SEQUENTIAL,True,placebo/sham,True,,,,,False,True,True,False,False,0,False,,False,
NCT06467409,2024.0,2021-2026,PHASE2,drug,6,150.0,INDUSTRY,UNKNOWN,RANDOMIZED,True,TRIPLE,3.0,True,True,PARALLEL,True,placebo/sham,True,,,,,False,True,True,False,False,0,False,,False,
NCT03235739,2017.0,2016-2020,PHASE4,drug,2,136.0,OTHER,COMPLETED,RANDOMIZED,True,TRIPLE,3.0,True,True,PARALLEL,True,placebo/sham,True,136.0,131.0,0.03676470588235292,True,True,True,False,True,False,0,False,NO,False,True
NCT05389813,2021.0,2021-2026,PHASE2;PHASE3,drug,3,150.0,OTHER,UNKNOWN,RANDOMIZED,True,TRIPLE,3.0,True,True,PARALLEL,True,placebo/sham,True,,,,,True,False,True,False,False,0,False,,False,True
NCT03476811,2018.0,2016-2020,PHASE2,both,3,11.0,OTHER,COMPLETED,RANDOMIZED,True,TRIPLE,3.0,True,True,PARALLEL,False,placebo/sham,True,,,,,False,True,True,False,False,0,False,NO,False,
NCT05161637,2025.0,2021-2026,PHASE2;PHASE3,drug,5,415.0,INDUSTRY,UNKNOWN,RANDOMIZED,True,QUADRUPLE,4.0,True,True,PARALLEL,True,placebo/sham,True,,,,,True,True,True,False,False,0,False,NO,False,False
NCT00785382,2009.0,<=2015,PHASE4,drug,2,62.0,OTHER,COMPLETED,RANDOMIZED,True,QUADRUPLE,4.0,True,True,PARALLEL,False,placebo/sham,True,,,,,True,True,False,False,False,0,False,,False,True
NCT05243940,2022.0,2021-2026,NA,drug,2,60.0,OTHER,UNKNOWN,RANDOMIZED,True,DOUBLE,2.0,True,True,PARALLEL,True,active,True,,,,,False,False,False,False,False,0,False,NO,False,False
NCT05058287,2021.0,2021-2026,PHASE3,drug,2,150.0,OTHER,RECRUITING,RANDOMIZED,True,QUADRUPLE,4.0,True,True,PARALLEL,True,placebo/sham,True,,,,,True,True,False,False,False,0,False,YES,True,True
NCT06114121,2024.0,2021-2026,PHASE4,both,2,0.0,OTHER,WITHDRAWN,RANDOMIZED,True,NONE,0.0,False,False,PARALLEL,False,none/single-group,False,,,,,True,True,False,False,False,0,False,NO,False,False
NCT06062134,2023.0,2021-2026,NA,both,1,10.0,OTHER,COMPLETED,NA,False,NONE,0.0,False,False,SINGLE_GROUP,False,none/single-group,False,,,,,False,False,False,False,False,1,True,,False,False
NCT07661212,2026.0,2021-2026,NA,both,2,80.0,OTHER_GOV,NOT_YET_RECRUITING,RANDOMIZED,True,DOUBLE,2.0,True,True,PARALLEL,True,none/single-group,False,,,,,False,True,False,False,False,0,False,UNDECIDED,False,False
NCT07068243,2026.0,2021-2026,PHASE2,drug,2,25.0,OTHER,NOT_YET_RECRUITING,RANDOMIZED,True,DOUBLE,2.0,True,True,PARALLEL,False,active,True,,,,,False,False,False,False,False,0,False,NO,False,False
NCT02274870,2014.0,<=2015,PHASE4,drug,2,65.0,OTHER,COMPLETED,RANDOMIZED,True,NONE,0.0,False,False,PARALLEL,False,active,True,65.0,65.0,0.0,True,True,True,False,True,False,0,False,UNDECIDED,False,False
NCT02994173,2017.0,2016-2020,PHASE4,drug,4,100.0,OTHER_GOV,COMPLETED,RANDOMIZED,True,QUADRUPLE,4.0,True,True,PARALLEL,True,active,True,,,,,True,True,True,False,False,0,False,NO,False,False
NCT07517679,2026.0,2021-2026,PHASE4,drug,2,30.0,OTHER,RECRUITING,RANDOMIZED,True,TRIPLE,3.0,True,True,PARALLEL,False,active,True,,,,,True,True,False,False,False,0,False,NO,False,False
NCT03695367,2018.0,2016-2020,PHASE2,both,2,63.0,INDUSTRY,COMPLETED,NON_RANDOMIZED,False,NONE,0.0,False,False,SEQUENTIAL,True,none/single-group,False,63.0,58.0,0.07936507936507942,True,False,False,False,True,False,0,False,,False,
NCT04278846,2014.0,<=2015,PHASE4,drug,2,50.0,OTHER,COMPLETED,RANDOMIZED,True,NONE,0.0,False,False,PARALLEL,False,active,True,50.0,50.0,0.0,True,True,True,False,True,False,0,False,NO,False,False
NCT01439399,2005.0,<=2015,NA,drug,4,52.0,OTHER,COMPLETED,RANDOMIZED,True,QUADRUPLE,4.0,True,True,PARALLEL,True,placebo/sham,True,,,,,False,True,True,False,False,0,False,,False,False
NCT03354572,2017.0,2016-2020,PHASE4,drug,2,60.0,OTHER,COMPLETED,RANDOMIZED,True,QUADRUPLE,4.0,True,True,PARALLEL,False,placebo/sham,True,,,,,True,True,False,False,False,1,True,UNDECIDED,False,True
NCT05790044,2023.0,2021-2026,NA,drug,2,86.0,OTHER,UNKNOWN,RANDOMIZED,True,TRIPLE,3.0,True,True,PARALLEL,True,active,True,,,,,False,False,False,False,False,0,False,NO,False,False
NCT06685445,2024.0,2021-2026,NA,drug,2,60.0,OTHER_GOV,COMPLETED,RANDOMIZED,True,DOUBLE,2.0,True,True,PARALLEL,True,active,True,,,,,False,True,False,False,False,0,False,,False,False
NCT02904538,2016.0,2016-2020,PHASE3,drug,2,100.0,OTHER,COMPLETED,RANDOMIZED,True,DOUBLE,2.0,True,True,PARALLEL,True,none/single-group,False,,,,,True,True,False,False,False,1,True,,False,
NCT06109428,2021.0,2021-2026,PHASE4,both,2,30.0,INDUSTRY,COMPLETED,RANDOMIZED,True,DOUBLE,2.0,True,True,PARALLEL,False,active,True,,,,,True,True,False,False,False,0,False,UNDECIDED,False,
NCT03096730,2017.0,2016-2020,NA,drug,5,150.0,OTHER,COMPLETED,RANDOMIZED,True,DOUBLE,2.0,True,True,PARALLEL,True,placebo/sham,True,150.0,135.0,0.09999999999999998,True,False,False,True,True,False,0,False,NO,False,True
NCT06328062,2024.0,2021-2026,NA,drug,2,80.0,OTHER,RECRUITING,RANDOMIZED,True,QUADRUPLE,4.0,True,True,PARALLEL,True,active,True,,,,,False,True,False,False,True,0,False,NO,False,True
NCT03580135,2018.0,2016-2020,PHASE2,drug,2,28.0,OTHER,UNKNOWN,RANDOMIZED,True,TRIPLE,3.0,True,True,PARALLEL,False,active,True,,,,,False,True,False,False,False,0,False,YES,True,True
NCT01296347,2011.0,<=2015,PHASE4,drug,2,77.0,OTHER,COMPLETED,RANDOMIZED,True,TRIPLE,3.0,True,True,PARALLEL,False,no-intervention,True,77.0,70.0,0.09090909090909094,True,True,False,False,True,True,0,False,NO,False,True
NCT01304953,2010.0,<=2015,PHASE4,drug,4,296.0,OTHER,COMPLETED,RANDOMIZED,True,QUADRUPLE,4.0,True,True,PARALLEL,True,placebo/sham,True,,,,,True,False,True,False,False,0,False,,False,True
NCT01184794,2009.0,<=2015,PHASE3,drug,2,60.0,OTHER,COMPLETED,RANDOMIZED,True,QUADRUPLE,4.0,True,True,SINGLE_GROUP,False,placebo/sham,True,,,,,True,True,False,False,False,0,False,,False,False
NCT04563494,2020.0,2016-2020,PHASE4,drug,2,127.0,OTHER,COMPLETED,RANDOMIZED,True,QUADRUPLE,4.0,True,True,PARALLEL,True,active,True,,,,,True,True,False,False,False,0,False,NO,False,
NCT02996227,2016.0,2016-2020,NA,both,2,514.0,OTHER,COMPLETED,RANDOMIZED,True,NONE,0.0,False,False,PARALLEL,True,active,True,514.0,498.0,0.0311284046692607,True,False,True,False,True,False,1,True,,False,True
NCT01823497,2013.0,<=2015,NA,drug,2,36.0,OTHER,COMPLETED,RANDOMIZED,True,NONE,0.0,False,False,PARALLEL,True,active,True,36.0,25.0,0.3055555555555556,False,False,True,False,True,False,0,False,,False,False
NCT07575230,2025.0,2021-2026,PHASE4,drug,2,75.0,OTHER,ENROLLING_BY_INVITATION,RANDOMIZED,True,NONE,0.0,False,False,PARALLEL,False,active,True,,,,,True,True,False,False,False,0,False,NO,False,False
NCT05590234,2022.0,2021-2026,PHASE1;PHASE2,drug,3,90.0,OTHER,COMPLETED,RANDOMIZED,True,DOUBLE,2.0,True,True,PARALLEL,True,placebo/sham,True,,,,,False,False,True,False,False,1,True,NO,False,False
NCT05294393,2022.0,2021-2026,PHASE4,drug,3,68.0,OTHER,COMPLETED,RANDOMIZED,True,DOUBLE,2.0,True,True,PARALLEL,False,placebo/sham,True,,,,,True,False,True,False,False,0,False,NO,False,False
NCT07024043,2025.0,2021-2026,PHASE1;PHASE2,both,1,75.0,OTHER,ACTIVE_NOT_RECRUITING,RANDOMIZED,True,NONE,0.0,False,False,PARALLEL,True,none/single-group,False,,,,,False,False,False,False,False,0,False,YES,True,True
NCT03005483,2014.0,<=2015,PHASE4,drug,2,40.0,OTHER,COMPLETED,RANDOMIZED,True,SINGLE,1.0,True,False,PARALLEL,False,placebo/sham,True,,,,,True,True,False,False,False,0,False,NO,False,True
NCT04222010,2020.0,2016-2020,PHASE3,drug,3,155.0,OTHER,COMPLETED,RANDOMIZED,True,NONE,0.0,False,False,PARALLEL,True,none/single-group,False,,,,,True,True,True,False,True,0,False,NO,False,False
NCT07285083,2024.0,2021-2026,NA,drug,2,80.0,OTHER_GOV,RECRUITING,RANDOMIZED,True,TRIPLE,3.0,True,True,PARALLEL,True,active,True,,,,,False,True,False,False,False,0,False,NO,False,True
NCT05947760,2025.0,2021-2026,PHASE4,drug,2,50.0,OTHER,ACTIVE_NOT_RECRUITING,RANDOMIZED,True,SINGLE,1.0,True,False,PARALLEL,False,no-intervention,True,,,,,True,False,False,False,False,1,True,NO,False,False
NCT01114971,2009.0,<=2015,PHASE4,drug,3,75.0,OTHER,COMPLETED,RANDOMIZED,True,DOUBLE,2.0,True,True,FACTORIAL,False,active,True,75.0,75.0,0.0,True,True,False,True,True,False,0,False,,False,True
NCT04412694,2020.0,2016-2020,PHASE4,both,2,100.0,OTHER,UNKNOWN,RANDOMIZED,True,DOUBLE,2.0,True,True,PARALLEL,True,placebo/sham,True,,,,,True,False,False,False,False,0,False,YES,True,False
NCT02728323,2013.0,<=2015,PHASE3,drug,2,96.0,OTHER,TERMINATED,RANDOMIZED,True,TRIPLE,3.0,True,True,PARALLEL,False,placebo/sham,True,,,,,True,False,False,False,False,1,True,NO,False,True
NCT07233577,2024.0,2021-2026,NA,drug,3,72.0,OTHER,COMPLETED,RANDOMIZED,True,SINGLE,1.0,True,False,PARALLEL,True,no-intervention,True,,,,,False,False,True,False,False,0,False,NO,False,True
NCT04841018,2021.0,2021-2026,NA,drug,2,273.0,OTHER,COMPLETED,RANDOMIZED,True,TRIPLE,3.0,True,True,PARALLEL,True,none/single-group,False,,,,,False,False,False,False,False,0,False,NO,False,True
NCT07666971,2026.0,2021-2026,NA,drug,2,100.0,OTHER,NOT_YET_RECRUITING,RANDOMIZED,True,DOUBLE,2.0,True,True,PARALLEL,True,active,True,,,,,False,True,False,False,False,0,False,NO,False,True
NCT02092012,2014.0,<=2015,PHASE4,drug,2,60.0,OTHER,UNKNOWN,RANDOMIZED,True,QUADRUPLE,4.0,True,True,PARALLEL,False,active,True,,,,,True,True,False,False,False,0,False,,False,False
NCT02185716,2014.0,<=2015,PHASE4,drug,3,75.0,OTHER,COMPLETED,RANDOMIZED,True,DOUBLE,2.0,True,True,CROSSOVER,False,active,True,,,,,True,True,True,False,True,0,False,,False,
NCT07557576,2024.0,2021-2026,NA,drug,2,90.0,OTHER,RECRUITING,RANDOMIZED,True,TRIPLE,3.0,True,True,PARALLEL,True,active,True,,,,,False,True,False,False,False,0,False,NO,False,True
NCT02223533,2012.0,<=2015,PHASE4,both,2,110.0,OTHER_GOV,COMPLETED,RANDOMIZED,True,SINGLE,1.0,True,False,PARALLEL,True,active,True,,,,,True,True,False,False,False,0,False,,False,False
NCT06872944,2025.0,2021-2026,EARLY_PHASE1,drug,2,40.0,OTHER,COMPLETED,RANDOMIZED,True,DOUBLE,2.0,True,True,PARALLEL,True,placebo/sham,True,,,,,False,False,False,False,False,0,False,UNDECIDED,False,True
NCT00538499,2004.0,<=2015,NA,both,3,30.0,OTHER,COMPLETED,RANDOMIZED,True,NONE,0.0,False,False,CROSSOVER,True,none/single-group,False,,,,,False,True,True,False,False,0,False,,False,True
NCT02821169,2015.0,<=2015,PHASE3,drug,2,184.0,OTHER,COMPLETED,RANDOMIZED,True,QUADRUPLE,4.0,True,True,SINGLE_GROUP,True,placebo/sham,True,,,,,True,True,False,False,True,0,False,NO,False,False
NCT03389022,2015.0,<=2015,PHASE4,drug,5,64.0,OTHER,UNKNOWN,RANDOMIZED,True,QUADRUPLE,4.0,True,True,PARALLEL,False,placebo/sham,True,,,,,True,True,True,False,False,0,False,NO,False,False
NCT05464862,2023.0,2021-2026,PHASE4,drug,5,40.0,OTHER,COMPLETED,RANDOMIZED,True,TRIPLE,3.0,True,True,PARALLEL,False,active,True,,,,,True,True,True,False,False,1,True,YES,True,True
NCT03046290,2017.0,2016-2020,NA,both,2,60.0,OTHER,UNKNOWN,RANDOMIZED,True,TRIPLE,3.0,True,True,PARALLEL,True,active,True,,,,,False,False,False,False,False,0,False,NO,False,False
NCT03404206,2018.0,2016-2020,PHASE4,drug,3,387.0,INDUSTRY,COMPLETED,RANDOMIZED,True,QUADRUPLE,4.0,True,True,PARALLEL,True,placebo/sham,True,387.0,381.0,0.015503875968992276,True,True,True,True,True,False,1,True,,False,False
NCT01269918,2011.0,<=2015,NA,drug,2,142.0,OTHER,COMPLETED,RANDOMIZED,True,DOUBLE,2.0,True,True,PARALLEL,True,active,True,142.0,139.0,0.021126760563380254,True,False,True,False,True,False,0,False,UNDECIDED,False,True
NCT02240602,2015.0,<=2015,PHASE3,drug,3,0.0,OTHER,WITHDRAWN,RANDOMIZED,True,QUADRUPLE,4.0,True,True,PARALLEL,False,none/single-group,False,,,,,True,True,True,False,False,0,False,,False,True
NCT05478382,2022.0,2021-2026,PHASE4,drug,4,132.0,OTHER,UNKNOWN,RANDOMIZED,True,QUADRUPLE,4.0,True,True,PARALLEL,True,placebo/sham,True,,,,,True,True,True,False,False,1,True,NO,False,False
NCT04342065,2019.0,2016-2020,PHASE2;PHASE3,drug,2,200.0,OTHER,COMPLETED,RANDOMIZED,True,TRIPLE,3.0,True,True,PARALLEL,True,active,True,,,,,True,True,False,False,False,0,False,NO,False,True
NCT06353529,2024.0,2021-2026,PHASE4,drug,3,108.0,OTHER,RECRUITING,RANDOMIZED,True,DOUBLE,2.0,True,True,PARALLEL,True,placebo/sham,True,,,,,True,True,True,False,True,0,False,UNDECIDED,False,False
NCT02784327,2016.0,2016-2020,PHASE2,drug,1,15.0,INDUSTRY,UNKNOWN,NA,False,NONE,0.0,False,False,SINGLE_GROUP,False,none/single-group,False,,,,,False,True,False,False,False,0,False,,False,False
NCT06962306,2025.0,2021-2026,PHASE4,drug,2,60.0,OTHER,RECRUITING,RANDOMIZED,True,QUADRUPLE,4.0,True,True,PARALLEL,False,active,True,,,,,True,True,False,False,False,0,False,YES,True,False
NCT05934500,2023.0,2021-2026,EARLY_PHASE1,drug,3,100.0,OTHER,UNKNOWN,RANDOMIZED,True,NONE,0.0,False,False,PARALLEL,True,no-intervention,True,,,,,False,True,True,False,False,0,False,,False,False
NCT04169854,2020.0,2016-2020,PHASE3,drug,2,180.0,OTHER,UNKNOWN,RANDOMIZED,True,QUADRUPLE,4.0,True,True,PARALLEL,True,placebo/sham,True,,,,,True,True,False,False,False,1,True,UNDECIDED,False,True
NCT02013570,2013.0,<=2015,PHASE4,drug,2,71.0,OTHER,COMPLETED,RANDOMIZED,True,DOUBLE,2.0,True,True,PARALLEL,False,placebo/sham,True,,,,,True,True,False,False,False,0,False,,False,
NCT04447040,2020.0,2016-2020,PHASE2,drug,6,304.0,INDUSTRY,COMPLETED,RANDOMIZED,True,QUADRUPLE,4.0,True,True,PARALLEL,True,placebo/sham,True,304.0,288.0,0.052631578947368474,True,False,True,True,True,False,0,False,YES,True,False
NCT06344091,2024.0,2021-2026,PHASE4,drug,1,232.0,INDUSTRY,RECRUITING,NA,False,NONE,0.0,False,False,SINGLE_GROUP,True,none/single-group,False,,,,,True,False,False,False,False,0,False,UNDECIDED,False,
NCT01686802,2012.0,<=2015,PHASE2,drug,2,132.0,OTHER,COMPLETED,RANDOMIZED,True,DOUBLE,2.0,True,True,PARALLEL,True,active,True,,,,,False,True,False,False,False,1,True,,False,True
NCT01760161,2014.0,<=2015,NA,drug,2,80.0,OTHER,TERMINATED,RANDOMIZED,True,QUADRUPLE,4.0,True,True,PARALLEL,True,placebo/sham,True,,,,,False,True,False,False,False,0,False,,False,False
NCT01069055,2010.0,<=2015,PHASE3,drug,3,60.0,OTHER,UNKNOWN,RANDOMIZED,True,QUADRUPLE,4.0,True,True,PARALLEL,False,placebo/sham,True,,,,,True,False,True,False,False,0,False,,False,True
NCT07071012,2025.0,2021-2026,NA,drug,2,98.0,OTHER,COMPLETED,RANDOMIZED,True,SINGLE,1.0,True,False,PARALLEL,True,active,True,,,,,False,True,False,False,False,0,False,NO,False,False
NCT01969006,2014.0,<=2015,PHASE2,both,2,0.0,OTHER,WITHDRAWN,RANDOMIZED,True,QUADRUPLE,4.0,True,True,PARALLEL,False,placebo/sham,True,,,,,False,False,False,False,False,0,False,,False,False
NCT02541552,2015.0,<=2015,PHASE3,drug,1,26.0,OTHER,COMPLETED,NA,False,NONE,0.0,False,False,SINGLE_GROUP,False,none/single-group,False,,,,,True,False,False,False,False,1,True,,False,False
NCT03036085,2017.0,2016-2020,PHASE2;PHASE3,drug,2,200.0,OTHER,UNKNOWN,RANDOMIZED,True,TRIPLE,3.0,True,True,PARALLEL,True,active,True,,,,,True,True,False,False,True,0,False,NO,False,True
NCT06962085,2025.0,2021-2026,NA,both,2,60.0,OTHER,COMPLETED,RANDOMIZED,True,SINGLE,1.0,True,False,PARALLEL,True,active,True,,,,,False,False,False,False,False,0,False,NO,False,False
NCT04827030,2021.0,2021-2026,PHASE4,drug,2,292.0,OTHER,COMPLETED,RANDOMIZED,True,TRIPLE,3.0,True,True,PARALLEL,True,active,True,,,,,True,True,False,False,True,0,False,YES,True,False
NCT05120076,2021.0,2021-2026,PHASE3,drug,2,60.0,OTHER,RECRUITING,RANDOMIZED,True,TRIPLE,3.0,True,True,PARALLEL,False,placebo/sham,True,,,,,True,True,False,False,False,0,False,NO,False,False
NCT01108562,2008.0,<=2015,PHASE1;PHASE2,drug,2,0.0,OTHER,WITHDRAWN,RANDOMIZED,True,QUADRUPLE,4.0,True,True,,False,placebo/sham,True,,,,,False,True,False,False,False,0,False,,False,True
NCT00733083,2008.0,<=2015,NA,drug,4,100.0,OTHER,UNKNOWN,RANDOMIZED,True,TRIPLE,3.0,True,True,PARALLEL,True,placebo/sham,True,,,,,False,True,True,False,False,0,False,,False,False
NCT03039426,2017.0,2016-2020,PHASE4,drug,2,120.0,OTHER_GOV,COMPLETED,RANDOMIZED,True,TRIPLE,3.0,True,True,PARALLEL,True,active,True,,,,,True,False,False,False,False,0,False,NO,False,False
NCT01748630,2012.0,<=2015,PHASE4,drug,2,42.0,OTHER,COMPLETED,RANDOMIZED,True,DOUBLE,2.0,True,True,PARALLEL,False,active,True,,,,,True,True,False,False,False,0,False,,False,False
NCT03005808,2015.0,<=2015,PHASE4,drug,3,40.0,OTHER,COMPLETED,RANDOMIZED,True,SINGLE,1.0,True,False,PARALLEL,False,no-intervention,True,,,,,True,True,True,False,False,0,False,NO,False,True
NCT02512861,2014.0,<=2015,PHASE4,drug,2,93.0,OTHER,COMPLETED,RANDOMIZED,True,TRIPLE,3.0,True,True,PARALLEL,False,placebo/sham,True,93.0,78.0,0.16129032258064513,True,True,True,False,True,False,0,False,,False,True
NCT03458598,2018.0,2016-2020,NA,both,2,49.0,OTHER,COMPLETED,RANDOMIZED,True,TRIPLE,3.0,True,True,PARALLEL,True,placebo/sham,True,,,,,False,True,False,False,False,0,False,NO,False,False
NCT05920642,2023.0,2021-2026,PHASE4,drug,2,82.0,OTHER,COMPLETED,RANDOMIZED,True,SINGLE,1.0,True,False,PARALLEL,False,active,True,,,,,True,True,False,False,False,0,False,NO,False,False
NCT01321801,2009.0,<=2015,NA,drug,2,50.0,OTHER,COMPLETED,RANDOMIZED,True,DOUBLE,2.0,True,True,PARALLEL,True,placebo/sham,True,,,,,False,False,False,False,True,0,False,,False,True
NCT00413257,2006.0,<=2015,PHASE2;PHASE3,drug,3,90.0,OTHER,COMPLETED,RANDOMIZED,True,TRIPLE,3.0,True,True,PARALLEL,False,placebo/sham,True,,,,,True,True,True,False,False,1,True,,False,True
NCT06355687,2024.0,2021-2026,NA,drug,2,60.0,OTHER,UNKNOWN,RANDOMIZED,True,DOUBLE,2.0,True,True,PARALLEL,True,placebo/sham,True,,,,,False,False,False,False,False,0,False,,False,
NCT01484652,2011.0,<=2015,PHASE3,drug,2,329.0,INDUSTRY,COMPLETED,RANDOMIZED,True,DOUBLE,2.0,True,True,PARALLEL,True,placebo/sham,True,329.0,293.0,0.10942249240121582,True,True,True,False,True,False,2,True,,False,False
NCT06484439,2018.0,2016-2020,EARLY_PHASE1,drug,2,80.0,FED,COMPLETED,RANDOMIZED,True,TRIPLE,3.0,True,True,PARALLEL,True,active,True,,,,,False,True,False,False,False,0,False,NO,False,True
NCT04176419,2020.0,2016-2020,PHASE3,drug,2,30.0,OTHER,TERMINATED,RANDOMIZED,True,TRIPLE,3.0,True,True,PARALLEL,False,placebo/sham,True,,,,,True,False,False,False,False,0,False,,False,True
NCT07482709,2025.0,2021-2026,PHASE1;PHASE2,drug,2,30.0,OTHER,RECRUITING,RANDOMIZED,True,QUADRUPLE,4.0,True,True,PARALLEL,False,active,True,,,,,False,False,False,False,False,0,False,,False,False
NCT01702389,2012.0,<=2015,PHASE4,drug,1,16.0,OTHER,COMPLETED,NA,False,TRIPLE,3.0,True,True,SINGLE_GROUP,False,none/single-group,False,,,,,True,False,False,False,False,1,True,,False,False
NCT03331315,2013.0,<=2015,PHASE2,drug,2,170.0,OTHER,COMPLETED,RANDOMIZED,True,NONE,0.0,False,False,PARALLEL,True,active,True,170.0,138.0,0.18823529411764706,True,False,True,False,True,False,0,False,,False,False
NCT04898920,2021.0,2021-2026,NA,drug,2,83.0,OTHER,COMPLETED,RANDOMIZED,True,TRIPLE,3.0,True,True,PARALLEL,True,placebo/sham,True,,,,,False,False,False,False,False,0,False,YES,True,False
NCT05810012,2022.0,2021-2026,PHASE2,drug,2,50.0,OTHER,COMPLETED,RANDOMIZED,True,QUADRUPLE,4.0,True,True,PARALLEL,True,none/single-group,False,,,,,False,True,False,False,False,0,False,,False,True
NCT07408414,2025.0,2021-2026,NA,both,2,100.0,OTHER,RECRUITING,RANDOMIZED,True,SINGLE,1.0,True,False,PARALLEL,True,active,True,,,,,False,True,False,False,False,0,False,NO,False,
NCT00330941,2003.0,<=2015,PHASE4,drug,0,45.0,OTHER,COMPLETED,RANDOMIZED,True,DOUBLE,2.0,True,True,PARALLEL,False,none/single-group,False,,,,,True,False,False,False,False,0,False,,False,
NCT07456761,2026.0,2021-2026,NA,drug,2,80.0,OTHER,NOT_YET_RECRUITING,RANDOMIZED,True,DOUBLE,2.0,True,True,PARALLEL,True,active,True,,,,,False,False,False,False,False,0,False,,False,False
NCT01220024,2010.0,<=2015,PHASE2,drug,2,50.0,INDUSTRY,COMPLETED,RANDOMIZED,True,TRIPLE,3.0,True,True,PARALLEL,True,placebo/sham,True,50.0,48.0,0.040000000000000036,True,False,True,False,True,True,0,False,,False,False
NCT02576782,2013.0,<=2015,PHASE4,drug,3,63.0,OTHER,COMPLETED,RANDOMIZED,True,QUADRUPLE,4.0,True,True,PARALLEL,False,placebo/sham,True,,,,,True,False,True,False,False,0,False,,False,False
NCT04641338,2023.0,2021-2026,PHASE3,drug,3,491.0,OTHER,COMPLETED,RANDOMIZED,True,DOUBLE,2.0,True,True,PARALLEL,True,active,True,,,,,True,True,True,False,False,0,False,UNDECIDED,False,True
NCT01125059,2010.0,<=2015,NA,drug,2,0.0,OTHER,WITHDRAWN,RANDOMIZED,True,QUADRUPLE,4.0,True,True,SINGLE_GROUP,False,placebo/sham,True,,,,,False,True,False,False,False,0,False,,False,False
NCT04250519,2020.0,2016-2020,PHASE1,drug,4,150.0,OTHER,UNKNOWN,RANDOMIZED,True,DOUBLE,2.0,True,True,PARALLEL,True,active,True,,,,,False,True,True,False,False,0,False,YES,True,False
NCT00510666,2007.0,<=2015,PHASE4,drug,4,841.0,OTHER,COMPLETED,RANDOMIZED,True,QUADRUPLE,4.0,True,True,PARALLEL,True,none/single-group,False,,,,,True,True,True,False,True,0,False,,False,True
NCT05485480,2022.0,2021-2026,NA,drug,2,70.0,OTHER,COMPLETED,RANDOMIZED,True,DOUBLE,2.0,True,True,PARALLEL,True,active,True,,,,,False,True,False,False,False,0,False,,False,False
NCT07233564,2025.0,2021-2026,NA,drug,2,44.0,OTHER,ACTIVE_NOT_RECRUITING,RANDOMIZED,True,SINGLE,1.0,True,False,PARALLEL,True,placebo/sham,True,,,,,False,True,False,False,False,0,False,UNDECIDED,False,True
NCT04774328,2020.0,2016-2020,PHASE1;PHASE2,drug,2,34.0,INDUSTRY,COMPLETED,RANDOMIZED,True,QUADRUPLE,4.0,True,True,PARALLEL,False,placebo/sham,True,34.0,34.0,0.0,True,False,True,False,True,False,0,False,,False,False
NCT03458078,2017.0,2016-2020,PHASE2;PHASE3,drug,3,150.0,OTHER,COMPLETED,RANDOMIZED,True,DOUBLE,2.0,True,True,PARALLEL,True,placebo/sham,True,,,,,True,True,True,False,False,0,False,NO,False,False
NCT00799175,2007.0,<=2015,NA,drug,2,48.0,OTHER,COMPLETED,RANDOMIZED,True,QUADRUPLE,4.0,True,True,PARALLEL,True,placebo/sham,True,,,,,False,True,False,False,False,0,False,,False,True
NCT04786756,2020.0,2016-2020,NA,drug,2,55.0,OTHER,COMPLETED,RANDOMIZED,True,TRIPLE,3.0,True,True,PARALLEL,True,active,True,,,,,False,False,False,False,False,0,False,,False,False
NCT05474014,2022.0,2021-2026,NA,both,2,60.0,OTHER_GOV,COMPLETED,RANDOMIZED,True,SINGLE,1.0,True,False,PARALLEL,True,active,True,,,,,False,True,False,False,False,0,False,,False,False
NCT05476510,2022.0,2021-2026,NA,drug,2,60.0,OTHER,COMPLETED,RANDOMIZED,True,DOUBLE,2.0,True,True,PARALLEL,True,active,True,,,,,False,True,False,False,False,0,False,NO,False,False
NCT02331576,2015.0,<=2015,NA,drug,2,100.0,OTHER,UNKNOWN,RANDOMIZED,True,QUADRUPLE,4.0,True,True,PARALLEL,True,placebo/sham,True,,,,,False,True,False,False,False,0,False,,False,True
NCT05023278,2021.0,2021-2026,PHASE4,drug,2,100.0,OTHER,COMPLETED,RANDOMIZED,True,QUADRUPLE,4.0,True,True,PARALLEL,True,placebo/sham,True,,,,,True,True,False,False,False,0,False,YES,True,True
NCT04647435,2023.0,2021-2026,PHASE3,drug,3,396.0,INDUSTRY,COMPLETED,RANDOMIZED,True,DOUBLE,2.0,True,True,PARALLEL,True,active,True,,,,,True,True,True,False,False,0,False,NO,False,False
NCT02292667,2015.0,<=2015,PHASE3,both,2,60.0,OTHER,UNKNOWN,RANDOMIZED,True,NONE,0.0,False,False,PARALLEL,False,active,True,,,,,True,True,False,False,True,0,False,NO,False,True
NCT04005599,2019.0,2016-2020,NA,drug,2,40.0,OTHER,COMPLETED,RANDOMIZED,True,QUADRUPLE,4.0,True,True,PARALLEL,True,active,True,,,,,False,True,False,False,False,0,False,NO,False,False
NCT06499181,2018.0,2016-2020,EARLY_PHASE1,drug,2,86.0,FED,COMPLETED,RANDOMIZED,True,DOUBLE,2.0,True,True,PARALLEL,True,active,True,,,,,False,True,False,False,False,0,False,NO,False,False
NCT04149964,2019.0,2016-2020,PHASE4,drug,2,65.0,OTHER,COMPLETED,RANDOMIZED,True,NONE,0.0,False,False,PARALLEL,False,active,True,65.0,28.0,0.5692307692307692,False,True,True,False,True,False,0,False,NO,False,True
NCT02101476,2014.0,<=2015,PHASE4,drug,2,114.0,OTHER,COMPLETED,RANDOMIZED,True,NONE,0.0,False,False,PARALLEL,True,active,True,,,,,True,True,False,False,False,0,False,,False,False
NCT07046390,2025.0,2021-2026,NA,drug,2,52.0,OTHER,NOT_YET_RECRUITING,RANDOMIZED,True,SINGLE,1.0,True,False,PARALLEL,True,active,True,,,,,False,False,False,False,False,0,False,NO,False,True
NCT03253198,2016.0,2016-2020,NA,drug,2,156.0,OTHER,COMPLETED,RANDOMIZED,True,NONE,0.0,False,False,PARALLEL,True,active,True,,,,,False,True,False,False,False,0,False,NO,False,
NCT02361567,2015.0,<=2015,PHASE4,drug,2,160.0,OTHER,COMPLETED,RANDOMIZED,True,TRIPLE,3.0,True,True,PARALLEL,True,active,True,,,,,True,True,False,False,False,0,False,,False,False
NCT04448457,2017.0,2016-2020,NA,drug,2,72.0,OTHER,COMPLETED,RANDOMIZED,True,NONE,0.0,False,False,PARALLEL,True,active,True,,,,,False,True,False,False,False,1,True,,False,False
NCT01902108,2013.0,<=2015,PHASE4,drug,2,225.0,OTHER,COMPLETED,RANDOMIZED,True,TRIPLE,3.0,True,True,PARALLEL,True,active,True,,,,,True,True,False,False,False,1,True,,False,False
NCT04371445,2020.0,2016-2020,PHASE4,drug,2,30.0,OTHER,RECRUITING,RANDOMIZED,True,SINGLE,1.0,True,False,PARALLEL,False,active,True,,,,,True,False,False,False,False,0,False,NO,False,
NCT07399860,2026.0,2021-2026,PHASE2,drug,2,292.0,OTHER,RECRUITING,RANDOMIZED,True,QUADRUPLE,4.0,True,True,PARALLEL,True,placebo/sham,True,,,,,False,False,False,False,True,0,False,NO,False,False
NCT02787226,2014.0,<=2015,PHASE4,drug,4,100.0,OTHER,TERMINATED,RANDOMIZED,True,NONE,0.0,False,False,PARALLEL,True,active,True,,,,,True,True,True,False,False,0,False,,False,True
NCT04860856,2019.0,2016-2020,PHASE4,drug,2,88.0,OTHER,COMPLETED,RANDOMIZED,True,DOUBLE,2.0,True,True,SINGLE_GROUP,False,placebo/sham,True,,,,,True,True,False,False,False,1,True,NO,False,False
NCT05817474,2022.0,2021-2026,NA,drug,2,94.0,OTHER,COMPLETED,RANDOMIZED,True,SINGLE,1.0,True,False,PARALLEL,True,placebo/sham,True,,,,,False,True,False,False,False,0,False,UNDECIDED,False,
NCT04917055,2021.0,2021-2026,PHASE4,drug,2,14.0,OTHER,TERMINATED,RANDOMIZED,True,DOUBLE,2.0,True,True,PARALLEL,False,placebo/sham,True,,,,,True,True,False,False,False,0,False,NO,False,False
NCT02953210,2016.0,2016-2020,PHASE4,drug,2,40.0,OTHER,UNKNOWN,RANDOMIZED,True,SINGLE,1.0,True,False,PARALLEL,False,active,True,,,,,True,True,False,False,True,0,False,UNDECIDED,False,True
NCT07591233,2026.0,2021-2026,NA,drug,2,150.0,OTHER,RECRUITING,RANDOMIZED,True,QUADRUPLE,4.0,True,True,SEQUENTIAL,True,active,True,,,,,False,False,False,False,False,0,False,YES,True,True
NCT07276542,2026.0,2021-2026,PHASE2;PHASE3,drug,1,30.0,OTHER,RECRUITING,NA,False,NONE,0.0,False,False,SINGLE_GROUP,False,none/single-group,False,,,,,True,True,False,False,False,0,False,YES,True,False
NCT05442905,2022.0,2021-2026,NA,drug,3,60.0,OTHER,UNKNOWN,RANDOMIZED,True,DOUBLE,2.0,True,True,PARALLEL,True,active,True,,,,,False,False,True,False,False,0,False,UNDECIDED,False,
NCT02894710,2016.0,2016-2020,PHASE3,drug,2,143.0,OTHER,COMPLETED,RANDOMIZED,True,QUADRUPLE,4.0,True,True,PARALLEL,True,placebo/sham,True,,,,,True,True,False,False,True,0,False,,False,False
NCT03750773,2019.0,2016-2020,PHASE1;PHASE2,drug,2,0.0,OTHER,WITHDRAWN,RANDOMIZED,True,TRIPLE,3.0,True,True,PARALLEL,False,placebo/sham,True,,,,,False,True,False,False,False,0,False,NO,False,True
NCT06799442,2025.0,2021-2026,PHASE2;PHASE3,both,2,46.0,OTHER,NOT_YET_RECRUITING,RANDOMIZED,True,QUADRUPLE,4.0,True,True,PARALLEL,False,active,True,,,,,True,True,False,False,True,0,False,UNDECIDED,False,True
NCT03011905,2017.0,2016-2020,PHASE3,drug,2,53.0,OTHER,COMPLETED,RANDOMIZED,True,QUADRUPLE,4.0,True,True,PARALLEL,False,placebo/sham,True,,,,,True,True,False,False,False,1,True,NO,False,False
NCT04472000,2021.0,2021-2026,PHASE4,drug,2,46.0,INDUSTRY,TERMINATED,RANDOMIZED,True,TRIPLE,3.0,True,True,SINGLE_GROUP,False,placebo/sham,True,,,,,True,True,False,False,False,0,False,NO,False,False
NCT03698006,2021.0,2021-2026,NA,drug,2,60.0,OTHER,COMPLETED,RANDOMIZED,True,TRIPLE,3.0,True,True,PARALLEL,True,active,True,,,,,False,True,False,False,False,0,False,UNDECIDED,False,True
NCT05260008,2022.0,2021-2026,PHASE2,drug,3,112.0,INDUSTRY,TERMINATED,RANDOMIZED,True,DOUBLE,2.0,True,True,PARALLEL,True,active,True,112.0,111.0,0.008928571428571397,True,False,True,True,True,False,0,False,NO,False,True
NCT03692546,2017.0,2016-2020,NA,drug,2,50.0,OTHER,COMPLETED,RANDOMIZED,True,SINGLE,1.0,True,False,PARALLEL,True,no-intervention,True,,,,,False,False,False,False,False,0,False,NO,False,
NCT04017013,2020.0,2016-2020,PHASE4,both,2,210.0,OTHER,COMPLETED,RANDOMIZED,True,TRIPLE,3.0,True,True,PARALLEL,True,active,True,,,,,True,True,False,False,True,1,True,NO,False,True
NCT05782608,2023.0,2021-2026,NA,drug,2,50.0,OTHER,COMPLETED,RANDOMIZED,True,DOUBLE,2.0,True,True,PARALLEL,True,active,True,,,,,False,True,False,False,False,0,False,YES,True,False
NCT05548582,2023.0,2021-2026,NA,drug,2,120.0,OTHER,ACTIVE_NOT_RECRUITING,RANDOMIZED,True,NONE,0.0,False,False,PARALLEL,True,active,True,,,,,False,False,False,False,False,0,False,,False,
NCT04872270,2021.0,2021-2026,PHASE3,both,2,160.0,OTHER,UNKNOWN,RANDOMIZED,True,NONE,0.0,False,False,PARALLEL,True,active,True,,,,,True,True,False,False,False,0,False,,False,
NCT02849678,2008.0,<=2015,NA,drug,2,68.0,OTHER,COMPLETED,RANDOMIZED,True,QUADRUPLE,4.0,True,True,PARALLEL,True,active,True,44.0,35.0,0.20454545454545459,False,False,True,False,True,True,0,False,UNDECIDED,False,False
NCT00307892,2011.0,<=2015,PHASE3,drug,2,98.0,OTHER,SUSPENDED,RANDOMIZED,True,QUADRUPLE,4.0,True,True,PARALLEL,False,placebo/sham,True,,,,,True,True,False,False,False,0,False,,False,
NCT01783236,2013.0,<=2015,PHASE4,drug,2,16.0,OTHER,COMPLETED,RANDOMIZED,True,TRIPLE,3.0,True,True,PARALLEL,False,placebo/sham,True,16.0,14.0,0.125,True,True,False,False,True,False,0,False,NO,False,False
NCT04526132,2021.0,2021-2026,PHASE3,drug,2,306.0,INDUSTRY,COMPLETED,RANDOMIZED,True,QUADRUPLE,4.0,True,True,PARALLEL,True,placebo/sham,True,,,,,True,True,False,False,False,0,False,NO,False,False
NCT07566663,2026.0,2021-2026,NA,drug,2,274.0,OTHER,RECRUITING,RANDOMIZED,True,DOUBLE,2.0,True,True,PARALLEL,True,active,True,,,,,False,True,False,False,False,0,False,NO,False,False
NCT01812044,2013.0,<=2015,NA,drug,3,57.0,OTHER,COMPLETED,RANDOMIZED,True,QUADRUPLE,4.0,True,True,PARALLEL,True,none/single-group,False,50.0,50.0,0.0,True,False,False,True,True,False,0,False,,False,
NCT07450638,2026.0,2021-2026,NA,drug,2,60.0,OTHER,ACTIVE_NOT_RECRUITING,RANDOMIZED,True,QUADRUPLE,4.0,True,True,PARALLEL,True,placebo/sham,True,,,,,False,True,False,False,False,0,False,NO,False,True
NCT05010148,2021.0,2021-2026,PHASE3,drug,2,278.0,OTHER,RECRUITING,RANDOMIZED,True,TRIPLE,3.0,True,True,PARALLEL,True,placebo/sham,True,,,,,True,True,False,False,False,1,True,YES,True,True
NCT01549704,2012.0,<=2015,PHASE4,drug,2,50.0,OTHER,COMPLETED,RANDOMIZED,True,QUADRUPLE,4.0,True,True,PARALLEL,False,none/single-group,False,,,,,True,True,False,False,False,1,True,,False,True
NCT00330798,2006.0,<=2015,PHASE4,drug,2,40.0,INDUSTRY,COMPLETED,RANDOMIZED,True,DOUBLE,2.0,True,True,PARALLEL,False,placebo/sham,True,,,,,True,True,False,False,True,0,False,,False,
NCT01542697,2011.0,<=2015,PHASE4,drug,2,60.0,OTHER,UNKNOWN,RANDOMIZED,True,TRIPLE,3.0,True,True,PARALLEL,False,placebo/sham,True,,,,,True,True,False,False,False,0,False,,False,False
NCT01281891,2009.0,<=2015,PHASE4,drug,2,80.0,OTHER,UNKNOWN,RANDOMIZED,True,QUADRUPLE,4.0,True,True,PARALLEL,False,active,True,,,,,True,True,False,False,False,0,False,,False,True
NCT04429022,2020.0,2016-2020,PHASE3,both,2,68.0,OTHER,COMPLETED,NON_RANDOMIZED,False,NONE,0.0,False,False,SEQUENTIAL,False,active,True,68.0,49.0,0.27941176470588236,False,True,True,False,True,False,0,False,NO,False,False
NCT04515953,2020.0,2016-2020,PHASE1,drug,2,36.0,INDUSTRY,SUSPENDED,RANDOMIZED,True,NONE,0.0,False,False,PARALLEL,True,active,True,,,,,False,True,False,False,False,0,False,,False,
NCT07659665,2026.0,2021-2026,PHASE4,drug,2,100.0,OTHER,NOT_YET_RECRUITING,RANDOMIZED,True,QUADRUPLE,4.0,True,True,PARALLEL,True,placebo/sham,True,,,,,True,True,False,False,False,0,False,NO,False,True
NCT04300231,2019.0,2016-2020,PHASE3,drug,4,160.0,OTHER,COMPLETED,RANDOMIZED,True,NONE,0.0,False,False,PARALLEL,True,active,True,160.0,151.0,0.05625000000000002,True,True,True,True,True,False,0,False,NO,False,True
NCT06218784,2022.0,2021-2026,PHASE1,drug,8,64.0,INDUSTRY,UNKNOWN,RANDOMIZED,True,QUADRUPLE,4.0,True,True,SEQUENTIAL,True,placebo/sham,True,,,,,False,True,True,False,False,0,False,,False,
NCT06294665,2024.0,2021-2026,PHASE1,drug,2,60.0,OTHER,UNKNOWN,RANDOMIZED,True,NONE,0.0,False,False,PARALLEL,True,active,True,,,,,False,True,False,False,False,0,False,,False,
NCT03040011,2017.0,2016-2020,PHASE1;PHASE2,both,3,79.0,OTHER,COMPLETED,RANDOMIZED,True,QUADRUPLE,4.0,True,True,PARALLEL,True,placebo/sham,True,75.0,75.0,0.0,True,False,True,True,True,False,1,True,NO,False,False
NCT02747628,2013.0,<=2015,PHASE4,drug,3,60.0,OTHER,COMPLETED,RANDOMIZED,True,TRIPLE,3.0,True,True,PARALLEL,False,placebo/sham,True,60.0,60.0,0.0,True,True,False,True,True,False,0,False,,False,
NCT04311099,2021.0,2021-2026,PHASE4,both,3,360.0,OTHER,COMPLETED,RANDOMIZED,True,QUADRUPLE,4.0,True,True,PARALLEL,True,placebo/sham,True,,,,,True,True,True,False,True,1,True,YES,True,True
NCT02115360,2014.0,<=2015,NA,drug,2,60.0,OTHER,COMPLETED,RANDOMIZED,True,TRIPLE,3.0,True,True,PARALLEL,True,active,True,,,,,False,False,False,False,False,0,False,UNDECIDED,False,True
NCT00229567,2005.0,<=2015,NA,drug,0,60.0,OTHER,TERMINATED,RANDOMIZED,True,DOUBLE,2.0,True,True,PARALLEL,True,none/single-group,False,,,,,False,False,False,False,False,0,False,,False,
NCT03093454,2017.0,2016-2020,PHASE3,drug,2,58.0,OTHER,COMPLETED,RANDOMIZED,True,NONE,0.0,False,False,PARALLEL,False,no-intervention,True,58.0,49.0,0.15517241379310343,True,True,False,False,True,False,0,False,NO,False,True
NCT05432934,2022.0,2021-2026,PHASE1;PHASE2,drug,2,60.0,OTHER,UNKNOWN,RANDOMIZED,True,DOUBLE,2.0,True,True,PARALLEL,True,no-intervention,True,,,,,False,True,False,False,False,0,False,NO,False,False
NCT04368364,2020.0,2016-2020,PHASE4,drug,3,3.0,OTHER,TERMINATED,RANDOMIZED,True,DOUBLE,2.0,True,True,PARALLEL,False,active,True,3.0,3.0,0.0,True,True,False,True,True,False,0,False,NO,False,
NCT01437462,2008.0,<=2015,PHASE4,drug,0,168.0,OTHER,COMPLETED,RANDOMIZED,True,SINGLE,1.0,True,False,PARALLEL,True,none/single-group,False,,,,,True,True,False,False,False,0,False,,False,False
NCT01626118,2012.0,<=2015,PHASE3,drug,4,373.0,INDUSTRY,COMPLETED,RANDOMIZED,True,TRIPLE,3.0,True,True,PARALLEL,True,placebo/sham,True,373.0,364.0,0.024128686327077764,True,True,True,True,True,False,0,False,,False,False
NCT00831051,2008.0,<=2015,PHASE2,drug,6,197.0,INDUSTRY,COMPLETED,RANDOMIZED,True,QUADRUPLE,4.0,True,True,PARALLEL,True,active,True,,,,,False,True,True,False,False,0,False,,False,False
NCT07246785,2025.0,2021-2026,PHASE4,drug,4,13.0,OTHER,TERMINATED,RANDOMIZED,True,QUADRUPLE,4.0,True,True,PARALLEL,False,active,True,,,,,True,True,True,False,False,0,False,NO,False,False
NCT03875274,2017.0,2016-2020,PHASE4,drug,2,70.0,OTHER,COMPLETED,RANDOMIZED,True,TRIPLE,3.0,True,True,PARALLEL,False,placebo/sham,True,70.0,70.0,0.0,True,True,True,False,True,False,0,False,NO,False,True
NCT06243575,2024.0,2021-2026,NA,drug,2,20.0,OTHER_GOV,UNKNOWN,RANDOMIZED,True,QUADRUPLE,4.0,True,True,PARALLEL,False,none/single-group,False,,,,,False,True,False,False,False,1,True,NO,False,True
NCT04577690,2019.0,2016-2020,PHASE4,drug,2,48.0,OTHER,RECRUITING,RANDOMIZED,True,TRIPLE,3.0,True,True,PARALLEL,False,active,True,,,,,True,True,False,False,False,0,False,NO,False,False
NCT04787731,2019.0,2016-2020,PHASE4,drug,2,100.0,OTHER,SUSPENDED,RANDOMIZED,True,TRIPLE,3.0,True,True,PARALLEL,True,active,True,,,,,True,False,False,False,False,0,False,NO,False,True
NCT04244695,2019.0,2016-2020,PHASE4,drug,3,40.0,OTHER,UNKNOWN,RANDOMIZED,True,QUADRUPLE,4.0,True,True,PARALLEL,False,placebo/sham,True,,,,,True,True,True,False,False,0,False,NO,False,True
NCT02336529,2016.0,2016-2020,PHASE3,drug,4,48.0,OTHER,UNKNOWN,RANDOMIZED,True,TRIPLE,3.0,True,True,CROSSOVER,False,placebo/sham,True,,,,,True,False,True,False,False,0,False,,False,False
NCT02675907,2016.0,2016-2020,PHASE3,drug,2,201.0,INDUSTRY,COMPLETED,RANDOMIZED,True,QUADRUPLE,4.0,True,True,PARALLEL,True,placebo/sham,True,201.0,191.0,0.04975124378109452,True,True,True,False,True,False,1,True,UNDECIDED,False,False
NCT00564486,2007.0,<=2015,PHASE3,drug,4,244.0,INDUSTRY,COMPLETED,RANDOMIZED,True,DOUBLE,2.0,True,True,PARALLEL,True,placebo/sham,True,244.0,226.0,0.07377049180327866,True,True,True,True,True,False,1,True,,False,False
NCT02538679,2015.0,<=2015,NA,drug,3,127.0,OTHER,COMPLETED,RANDOMIZED,True,DOUBLE,2.0,True,True,PARALLEL,True,placebo/sham,True,127.0,107.0,0.15748031496062997,True,False,True,True,True,False,0,False,,False,
NCT02058303,2014.0,<=2015,PHASE4,drug,2,37.0,OTHER,TERMINATED,RANDOMIZED,True,TRIPLE,3.0,True,True,PARALLEL,False,active,True,37.0,37.0,0.0,True,True,True,False,True,False,0,False,,False,True
NCT07353983,2026.0,2021-2026,NA,drug,2,30.0,OTHER,NOT_YET_RECRUITING,NON_RANDOMIZED,False,NONE,0.0,False,False,SINGLE_GROUP,True,none/single-group,False,,,,,False,True,False,False,False,0,False,UNDECIDED,False,False
NCT05276908,2022.0,2021-2026,NA,both,2,80.0,OTHER,COMPLETED,RANDOMIZED,True,DOUBLE,2.0,True,True,PARALLEL,True,none/single-group,False,,,,,False,True,False,False,False,1,True,NO,False,True
NCT02849236,2016.0,2016-2020,NA,drug,2,56.0,OTHER,COMPLETED,RANDOMIZED,True,TRIPLE,3.0,True,True,PARALLEL,True,placebo/sham,True,,,,,False,True,False,False,False,0,False,NO,False,False
NCT06146491,2023.0,2021-2026,PHASE4,drug,2,108.0,OTHER,UNKNOWN,RANDOMIZED,True,DOUBLE,2.0,True,True,PARALLEL,True,active,True,,,,,True,True,False,False,False,0,False,,False,
NCT05375916,2022.0,2021-2026,NA,drug,2,80.0,OTHER,COMPLETED,RANDOMIZED,True,SINGLE,1.0,True,False,PARALLEL,True,active,True,,,,,False,True,False,False,False,0,False,,False,False
NCT06186895,2021.0,2021-2026,NA,drug,2,64.0,OTHER,COMPLETED,RANDOMIZED,True,DOUBLE,2.0,True,True,PARALLEL,True,active,True,,,,,False,True,False,False,False,0,False,YES,True,
NCT04005755,2019.0,2016-2020,PHASE3,drug,1,232.0,INDUSTRY,COMPLETED,NA,False,NONE,0.0,False,False,SINGLE_GROUP,True,none/single-group,False,232.0,215.0,0.07327586206896552,True,True,True,False,True,False,0,False,NO,False,False
NCT04189341,2020.0,2016-2020,NA,drug,3,0.0,OTHER,WITHDRAWN,RANDOMIZED,True,TRIPLE,3.0,True,True,PARALLEL,False,active,True,,,,,False,True,True,False,False,0,False,NO,False,False
NCT05565664,2022.0,2021-2026,PHASE4,drug,2,38.0,OTHER,COMPLETED,RANDOMIZED,True,DOUBLE,2.0,True,True,PARALLEL,False,active,True,,,,,True,False,False,False,False,0,False,,False,False
NCT06818981,2026.0,2021-2026,PHASE2,drug,4,120.0,OTHER,NOT_YET_RECRUITING,RANDOMIZED,True,TRIPLE,3.0,True,True,PARALLEL,True,placebo/sham,True,,,,,False,False,True,False,False,0,False,UNDECIDED,False,
NCT02102555,2013.0,<=2015,PHASE3,drug,2,82.0,OTHER,TERMINATED,RANDOMIZED,True,QUADRUPLE,4.0,True,True,PARALLEL,False,placebo/sham,True,,,,,True,True,False,False,False,0,False,,False,False
NCT00982800,2007.0,<=2015,PHASE4,drug,2,60.0,OTHER,COMPLETED,RANDOMIZED,True,QUADRUPLE,4.0,True,True,PARALLEL,False,placebo/sham,True,,,,,True,True,False,False,False,0,False,,False,True
NCT00892606,2009.0,<=2015,PHASE4,drug,2,75.0,OTHER,COMPLETED,RANDOMIZED,True,TRIPLE,3.0,True,True,PARALLEL,False,active,True,75.0,66.0,0.12,True,True,True,False,True,False,0,False,,False,False
NCT07596810,2025.0,2021-2026,PHASE4,drug,2,40.0,OTHER,COMPLETED,RANDOMIZED,True,QUADRUPLE,4.0,True,True,PARALLEL,False,active,True,,,,,True,True,False,False,False,0,False,,False,False
NCT04346407,2020.0,2016-2020,PHASE4,drug,2,90.0,OTHER,UNKNOWN,RANDOMIZED,True,QUADRUPLE,4.0,True,True,PARALLEL,False,placebo/sham,True,,,,,True,True,False,False,False,0,False,NO,False,True
NCT01394718,2011.0,<=2015,PHASE3,drug,2,67.0,OTHER,COMPLETED,RANDOMIZED,True,QUADRUPLE,4.0,True,True,PARALLEL,False,placebo/sham,True,60.0,57.0,0.050000000000000044,True,True,True,False,True,False,0,False,,False,False
NCT02793011,2016.0,2016-2020,PHASE4,drug,2,137.0,OTHER,COMPLETED,RANDOMIZED,True,TRIPLE,3.0,True,True,PARALLEL,True,placebo/sham,True,,,,,True,True,False,False,False,0,False,NO,False,False
NCT00533247,,,NA,drug,0,200.0,INDIV,UNKNOWN,RANDOMIZED,True,DOUBLE,2.0,True,True,PARALLEL,True,none/single-group,False,,,,,False,True,False,False,False,0,False,,False,True
NCT03496740,2018.0,2016-2020,NA,both,2,36.0,OTHER,COMPLETED,RANDOMIZED,True,TRIPLE,3.0,True,True,CROSSOVER,True,active,True,,,,,False,True,False,False,False,0,False,UNDECIDED,False,False
NCT07694661,2025.0,2021-2026,PHASE4,both,3,30.0,OTHER,COMPLETED,RANDOMIZED,True,DOUBLE,2.0,True,True,PARALLEL,False,no-intervention,True,,,,,True,True,True,False,False,0,False,,False,True
NCT00287326,2006.0,<=2015,PHASE3,drug,0,40.0,OTHER,TERMINATED,RANDOMIZED,True,DOUBLE,2.0,True,True,PARALLEL,False,none/single-group,False,,,,,True,True,False,False,False,0,False,,False,
NCT06128369,2023.0,2021-2026,PHASE3,drug,2,117.0,INDUSTRY,TERMINATED,RANDOMIZED,True,DOUBLE,2.0,True,True,PARALLEL,True,placebo/sham,True,,,,,True,True,False,False,False,0,False,NO,False,False
NCT02936934,2016.0,2016-2020,PHASE4,drug,2,64.0,OTHER,UNKNOWN,RANDOMIZED,True,SINGLE,1.0,True,False,PARALLEL,False,active,True,,,,,True,True,False,False,False,0,False,NO,False,False
NCT02090790,2014.0,<=2015,PHASE4,drug,3,60.0,OTHER,UNKNOWN,RANDOMIZED,True,QUADRUPLE,4.0,True,True,PARALLEL,False,placebo/sham,True,,,,,True,True,True,False,False,0,False,,False,False
NCT05240755,2022.0,2021-2026,EARLY_PHASE1,drug,3,40.0,OTHER,COMPLETED,RANDOMIZED,True,NONE,0.0,False,False,PARALLEL,True,no-intervention,True,,,,,False,True,True,False,False,0,False,,False,False
NCT01030614,2007.0,<=2015,PHASE3,drug,2,210.0,OTHER_GOV,COMPLETED,RANDOMIZED,True,QUADRUPLE,4.0,True,True,PARALLEL,True,placebo/sham,True,,,,,True,False,False,False,False,0,False,,False,False
NCT04209478,2016.0,2016-2020,NA,drug,2,40.0,OTHER_GOV,COMPLETED,RANDOMIZED,True,DOUBLE,2.0,True,True,PARALLEL,True,none/single-group,False,,,,,False,False,False,False,False,0,False,NO,False,False
NCT01916915,2013.0,<=2015,PHASE4,drug,3,65.0,OTHER,COMPLETED,RANDOMIZED,True,DOUBLE,2.0,True,True,PARALLEL,False,placebo/sham,True,,,,,True,True,True,False,False,0,False,NO,False,False
NCT01837394,2012.0,<=2015,PHASE4,both,2,60.0,OTHER,COMPLETED,RANDOMIZED,True,QUADRUPLE,4.0,True,True,PARALLEL,False,placebo/sham,True,,,,,True,True,False,False,False,0,False,,False,False
NCT03268278,2017.0,2016-2020,PHASE1,drug,2,10.0,OTHER,TERMINATED,RANDOMIZED,True,QUADRUPLE,4.0,True,True,PARALLEL,False,placebo/sham,True,,,,,False,True,False,False,False,0,False,NO,False,False
NCT02568995,2014.0,<=2015,PHASE3,drug,2,55.0,OTHER,COMPLETED,RANDOMIZED,True,QUADRUPLE,4.0,True,True,PARALLEL,False,active,True,,,,,True,True,False,False,False,0,False,,False,False
NCT04906889,2021.0,2021-2026,NA,drug,2,0.0,OTHER,WITHDRAWN,RANDOMIZED,True,TRIPLE,3.0,True,True,PARALLEL,False,active,True,,,,,False,False,False,False,False,0,False,NO,False,True
NCT01279447,2011.0,<=2015,PHASE4,drug,2,68.0,OTHER,COMPLETED,RANDOMIZED,True,DOUBLE,2.0,True,True,PARALLEL,False,placebo/sham,True,68.0,64.0,0.05882352941176472,True,True,True,False,True,False,0,False,,False,False
NCT00058357,2004.0,<=2015,PHASE3,drug,2,30.0,OTHER,COMPLETED,RANDOMIZED,True,TRIPLE,3.0,True,True,CROSSOVER,False,placebo/sham,True,,,,,True,False,False,False,True,0,False,,False,True
NCT01170702,2010.0,<=2015,PHASE4,drug,4,120.0,OTHER,COMPLETED,RANDOMIZED,True,DOUBLE,2.0,True,True,PARALLEL,True,placebo/sham,True,120.0,115.0,0.04166666666666663,True,True,True,True,True,False,0,False,NO,False,False
NCT05609955,2022.0,2021-2026,PHASE4,drug,2,48.0,OTHER,COMPLETED,RANDOMIZED,True,SINGLE,1.0,True,False,PARALLEL,False,placebo/sham,True,,,,,True,True,False,False,False,0,False,NO,False,True
NCT02619032,2005.0,<=2015,NA,drug,2,46.0,OTHER,COMPLETED,RANDOMIZED,True,DOUBLE,2.0,True,True,PARALLEL,True,active,True,,,,,False,False,False,False,False,0,False,,False,False
NCT07062601,2025.0,2021-2026,NA,drug,2,64.0,OTHER,NOT_YET_RECRUITING,RANDOMIZED,True,QUADRUPLE,4.0,True,True,PARALLEL,True,none/single-group,False,,,,,False,False,False,False,False,0,False,,False,False
NCT03389243,2018.0,2016-2020,NA,drug,3,165.0,OTHER,COMPLETED,RANDOMIZED,True,SINGLE,1.0,True,False,CROSSOVER,True,none/single-group,False,,,,,False,False,True,False,True,0,False,YES,True,
NCT02840526,2013.0,<=2015,NA,both,2,58.0,OTHER,COMPLETED,RANDOMIZED,True,NONE,0.0,False,False,PARALLEL,True,none/single-group,False,,,,,False,True,False,False,False,1,True,NO,False,False
NCT06010056,2018.0,2016-2020,PHASE4,drug,2,60.0,OTHER,COMPLETED,RANDOMIZED,True,TRIPLE,3.0,True,True,PARALLEL,False,active,True,,,,,True,True,False,False,False,0,False,NO,False,False
NCT03696095,2018.0,2016-2020,PHASE4,drug,2,70.0,OTHER,COMPLETED,RANDOMIZED,True,TRIPLE,3.0,True,True,PARALLEL,False,active,True,,,,,True,True,False,False,False,0,False,,False,False
NCT00387140,2006.0,<=2015,PHASE2,drug,0,89.0,INDUSTRY,COMPLETED,RANDOMIZED,True,DOUBLE,2.0,True,True,PARALLEL,True,none/single-group,False,,,,,False,True,False,False,False,0,False,,False,
NCT01860235,2010.0,<=2015,NA,drug,4,32.0,OTHER,COMPLETED,RANDOMIZED,True,TRIPLE,3.0,True,True,CROSSOVER,True,placebo/sham,True,,,,,False,True,True,False,False,0,False,,False,False
NCT06778460,2023.0,2021-2026,NA,drug,2,304.0,OTHER,RECRUITING,RANDOMIZED,True,QUADRUPLE,4.0,True,True,PARALLEL,True,placebo/sham,True,,,,,False,True,False,False,False,0,False,,False,True
NCT06974656,2025.0,2021-2026,NA,drug,2,40.0,OTHER,COMPLETED,RANDOMIZED,True,DOUBLE,2.0,True,True,PARALLEL,True,none/single-group,False,,,,,False,True,False,False,False,0,False,YES,True,
NCT03005548,2016.0,2016-2020,PHASE2,both,2,62.0,OTHER,COMPLETED,RANDOMIZED,True,QUADRUPLE,4.0,True,True,PARALLEL,True,placebo/sham,True,,,,,False,True,False,False,True,1,True,UNDECIDED,False,True
NCT02785003,2016.0,2016-2020,PHASE4,drug,2,0.0,OTHER,WITHDRAWN,RANDOMIZED,True,TRIPLE,3.0,True,True,PARALLEL,False,placebo/sham,True,,,,,True,True,False,False,False,0,False,UNDECIDED,False,False
NCT00406679,2006.0,<=2015,PHASE3,drug,3,135.0,INDUSTRY,COMPLETED,RANDOMIZED,True,QUADRUPLE,4.0,True,True,PARALLEL,True,placebo/sham,True,,,,,True,True,True,False,False,0,False,,False,False
NCT02660918,2016.0,2016-2020,NA,drug,2,84.0,OTHER,COMPLETED,RANDOMIZED,True,SINGLE,1.0,True,False,PARALLEL,True,placebo/sham,True,84.0,82.0,0.023809523809523836,True,False,True,False,True,False,0,False,NO,False,False
NCT03369782,2017.0,2016-2020,PHASE4,drug,2,0.0,OTHER,WITHDRAWN,RANDOMIZED,True,QUADRUPLE,4.0,True,True,PARALLEL,False,placebo/sham,True,,,,,True,True,False,False,False,0,False,UNDECIDED,False,False
NCT04931433,2020.0,2016-2020,PHASE4,drug,2,115.0,OTHER,COMPLETED,RANDOMIZED,True,DOUBLE,2.0,True,True,PARALLEL,True,placebo/sham,True,,,,,True,True,False,False,True,0,False,NO,False,False
NCT07370181,2026.0,2021-2026,PHASE3,drug,2,60.0,OTHER,NOT_YET_RECRUITING,RANDOMIZED,True,QUADRUPLE,4.0,True,True,PARALLEL,False,placebo/sham,True,,,,,True,True,False,False,True,0,False,UNDECIDED,False,True
NCT00823576,2008.0,<=2015,PHASE4,drug,2,60.0,OTHER,TERMINATED,RANDOMIZED,True,NONE,0.0,False,False,PARALLEL,False,active,True,,,,,True,True,False,False,False,0,False,,False,False
NCT04091009,2019.0,2016-2020,PHASE4,drug,2,0.0,OTHER,WITHDRAWN,RANDOMIZED,True,NONE,0.0,False,False,PARALLEL,False,active,True,,,,,True,True,False,False,False,0,False,NO,False,
NCT03790020,2018.0,2016-2020,PHASE4,drug,4,3.0,OTHER,COMPLETED,RANDOMIZED,True,NONE,0.0,False,False,CROSSOVER,False,active,True,,,,,True,False,True,False,False,0,False,NO,False,False
NCT01667120,2012.0,<=2015,PHASE2,drug,2,0.0,OTHER,WITHDRAWN,RANDOMIZED,True,QUADRUPLE,4.0,True,True,PARALLEL,False,placebo/sham,True,,,,,False,True,False,False,False,0,False,,False,True
NCT06483204,2026.0,2021-2026,PHASE4,drug,2,0.0,OTHER,WITHDRAWN,RANDOMIZED,True,SINGLE,1.0,True,False,PARALLEL,False,no-intervention,True,,,,,True,False,False,False,False,0,False,NO,False,True
NCT02875288,2015.0,<=2015,NA,drug,2,100.0,FED,COMPLETED,RANDOMIZED,True,SINGLE,1.0,True,False,PARALLEL,True,active,True,,,,,False,True,False,False,False,0,False,NO,False,False
NCT07568405,2026.0,2021-2026,NA,both,1,40.0,OTHER,ENROLLING_BY_INVITATION,NA,False,NONE,0.0,False,False,SINGLE_GROUP,True,none/single-group,False,,,,,False,False,False,False,False,0,False,NO,False,
NCT00266786,2005.0,<=2015,PHASE3,drug,2,321.0,INDUSTRY,COMPLETED,RANDOMIZED,True,DOUBLE,2.0,True,True,PARALLEL,True,placebo/sham,True,,,,,True,True,False,False,False,0,False,,False,
NCT01986309,2012.0,<=2015,PHASE4,drug,2,92.0,OTHER,COMPLETED,RANDOMIZED,True,TRIPLE,3.0,True,True,PARALLEL,False,placebo/sham,True,,,,,True,True,False,False,False,1,True,,False,True
NCT07413055,2026.0,2021-2026,PHASE3,drug,3,138.0,OTHER_GOV,RECRUITING,RANDOMIZED,True,TRIPLE,3.0,True,True,PARALLEL,True,placebo/sham,True,,,,,True,True,True,False,False,0,False,,False,
NCT06502262,2024.0,2021-2026,PHASE1,drug,3,60.0,OTHER,COMPLETED,RANDOMIZED,True,TRIPLE,3.0,True,True,PARALLEL,True,active,True,,,,,False,False,True,False,False,0,False,NO,False,True
NCT05096468,2021.0,2021-2026,PHASE2;PHASE3,drug,2,90.0,OTHER,COMPLETED,RANDOMIZED,True,QUADRUPLE,4.0,True,True,PARALLEL,False,placebo/sham,True,,,,,True,True,False,False,False,2,True,,False,
NCT06040060,2022.0,2021-2026,PHASE2;PHASE3,drug,2,40.0,OTHER,COMPLETED,RANDOMIZED,True,DOUBLE,2.0,True,True,PARALLEL,False,placebo/sham,True,,,,,True,False,False,False,False,0,False,NO,False,True
NCT07139691,2024.0,2021-2026,NA,both,2,82.0,OTHER,ACTIVE_NOT_RECRUITING,RANDOMIZED,True,TRIPLE,3.0,True,True,PARALLEL,True,active,True,,,,,False,True,False,False,False,0,False,YES,True,False
NCT05345249,2022.0,2021-2026,PHASE4,drug,2,76.0,OTHER,COMPLETED,RANDOMIZED,True,QUADRUPLE,4.0,True,True,PARALLEL,False,placebo/sham,True,,,,,True,True,False,False,False,1,True,YES,True,False
NCT03776838,2018.0,2016-2020,PHASE4,drug,2,70.0,OTHER,COMPLETED,RANDOMIZED,True,TRIPLE,3.0,True,True,PARALLEL,False,active,True,,,,,True,False,False,False,False,2,True,,False,False
NCT03966326,2018.0,2016-2020,PHASE4,drug,2,80.0,OTHER,UNKNOWN,RANDOMIZED,True,QUADRUPLE,4.0,True,True,PARALLEL,False,placebo/sham,True,,,,,True,True,False,False,False,1,True,,False,True
NCT01943240,2014.0,<=2015,PHASE4,drug,2,0.0,OTHER,WITHDRAWN,RANDOMIZED,True,TRIPLE,3.0,True,True,PARALLEL,False,active,True,,,,,True,True,False,False,False,0,False,,False,False
NCT07330765,2026.0,2021-2026,PHASE1;PHASE2,drug,2,1.0,OTHER,NOT_YET_RECRUITING,RANDOMIZED,True,NONE,0.0,False,False,PARALLEL,False,none/single-group,False,,,,,False,True,False,False,True,0,False,UNDECIDED,False,True
NCT02030717,2012.0,<=2015,PHASE2;PHASE3,drug,2,120.0,OTHER,COMPLETED,RANDOMIZED,True,NONE,0.0,False,False,PARALLEL,True,active,True,,,,,True,True,False,False,False,1,True,,False,True
NCT04676802,2021.0,2021-2026,PHASE2,drug,2,121.0,OTHER,RECRUITING,RANDOMIZED,True,QUADRUPLE,4.0,True,True,PARALLEL,True,none/single-group,False,,,,,False,True,False,False,False,0,False,NO,False,False
NCT05686395,2023.0,2021-2026,NA,both,2,90.0,OTHER,COMPLETED,RANDOMIZED,True,DOUBLE,2.0,True,True,PARALLEL,True,active,True,,,,,False,True,False,False,False,0,False,NO,False,False
NCT01564680,2009.0,<=2015,PHASE4,drug,3,60.0,OTHER,COMPLETED,RANDOMIZED,True,QUADRUPLE,4.0,True,True,PARALLEL,False,placebo/sham,True,,,,,True,True,True,False,False,1,True,,False,True
NCT05079087,2021.0,2021-2026,NA,both,2,100.0,OTHER,UNKNOWN,RANDOMIZED,True,NONE,0.0,False,False,PARALLEL,True,active,True,,,,,False,True,False,False,False,0,False,UNDECIDED,False,
NCT00712517,2010.0,<=2015,NA,drug,2,90.0,OTHER,TERMINATED,RANDOMIZED,True,NONE,0.0,False,False,PARALLEL,True,active,True,,,,,False,False,False,False,False,1,True,NO,False,False
NCT02852382,2014.0,<=2015,PHASE2,drug,3,45.0,OTHER,COMPLETED,RANDOMIZED,True,DOUBLE,2.0,True,True,PARALLEL,False,placebo/sham,True,,,,,False,True,True,False,True,0,False,UNDECIDED,False,False
NCT04945694,2021.0,2021-2026,NA,both,2,80.0,OTHER,UNKNOWN,RANDOMIZED,True,SINGLE,1.0,True,False,PARALLEL,True,placebo/sham,True,,,,,False,False,False,False,False,0,False,YES,True,True
NCT07565870,2026.0,2021-2026,PHASE3,drug,2,400.0,OTHER,NOT_YET_RECRUITING,RANDOMIZED,True,SINGLE,1.0,True,False,PARALLEL,True,active,True,,,,,True,True,False,False,False,0,False,UNDECIDED,False,False
NCT06742554,2024.0,2021-2026,PHASE4,drug,2,70.0,OTHER,ACTIVE_NOT_RECRUITING,RANDOMIZED,True,TRIPLE,3.0,True,True,PARALLEL,False,active,True,,,,,True,True,False,False,False,0,False,YES,True,False
NCT06789393,2025.0,2021-2026,PHASE3,drug,2,80.0,OTHER,NOT_YET_RECRUITING,RANDOMIZED,True,QUADRUPLE,4.0,True,True,PARALLEL,False,placebo/sham,True,,,,,True,True,False,False,False,0,False,UNDECIDED,False,True
NCT03568474,2018.0,2016-2020,PHASE4,drug,2,40.0,OTHER,UNKNOWN,RANDOMIZED,True,TRIPLE,3.0,True,True,PARALLEL,False,active,True,,,,,True,True,False,False,False,0,False,YES,True,True
NCT05582421,2022.0,2021-2026,EARLY_PHASE1,drug,2,30.0,OTHER,UNKNOWN,RANDOMIZED,True,DOUBLE,2.0,True,True,PARALLEL,True,placebo/sham,True,,,,,False,True,False,False,False,0,False,UNDECIDED,False,False
NCT01374828,2012.0,<=2015,PHASE4,drug,1,0.0,OTHER,WITHDRAWN,RANDOMIZED,True,DOUBLE,2.0,True,True,SINGLE_GROUP,False,none/single-group,False,,,,,True,True,False,False,False,0,False,,False,False
NCT04475198,2021.0,2021-2026,PHASE1,drug,5,24.0,INDUSTRY,TERMINATED,RANDOMIZED,True,DOUBLE,2.0,True,True,PARALLEL,False,none/single-group,False,24.0,24.0,0.0,True,False,True,True,True,False,0,False,NO,False,True
NCT00448110,2006.0,<=2015,PHASE3,drug,4,331.0,INDUSTRY,COMPLETED,RANDOMIZED,True,QUADRUPLE,4.0,True,True,PARALLEL,True,placebo/sham,True,,,,,True,True,True,False,False,2,True,,False,False
NCT03074097,2015.0,<=2015,PHASE2,drug,2,60.0,OTHER,COMPLETED,RANDOMIZED,True,DOUBLE,2.0,True,True,PARALLEL,True,active,True,,,,,False,False,False,False,False,0,False,UNDECIDED,False,True
NCT02949778,2016.0,2016-2020,PHASE4,both,2,50.0,OTHER,COMPLETED,RANDOMIZED,True,QUADRUPLE,4.0,True,True,PARALLEL,False,placebo/sham,True,,,,,True,True,False,False,False,0,False,NO,False,True
NCT05953766,2025.0,2021-2026,PHASE2,drug,2,60.0,OTHER,RECRUITING,RANDOMIZED,True,QUADRUPLE,4.0,True,True,PARALLEL,True,placebo/sham,True,,,,,False,False,False,False,False,0,False,NO,False,False
NCT05985629,2023.0,2021-2026,PHASE4,drug,2,78.0,OTHER,RECRUITING,RANDOMIZED,True,DOUBLE,2.0,True,True,PARALLEL,False,placebo/sham,True,,,,,True,True,False,False,False,0,False,UNDECIDED,False,True
NCT03886896,2019.0,2016-2020,PHASE4,drug,2,74.0,OTHER,COMPLETED,RANDOMIZED,True,SINGLE,1.0,True,False,PARALLEL,False,no-intervention,True,,,,,True,False,False,False,False,2,True,,False,False
NCT05722002,2023.0,2021-2026,PHASE4,drug,2,900.0,OTHER,RECRUITING,RANDOMIZED,True,SINGLE,1.0,True,False,PARALLEL,True,none/single-group,False,,,,,True,True,False,False,False,1,True,YES,True,
NCT01762332,2013.0,<=2015,NA,drug,3,82.0,OTHER,COMPLETED,RANDOMIZED,True,TRIPLE,3.0,True,True,PARALLEL,True,active,True,,,,,False,False,True,False,False,0,False,,False,True
NCT07441902,2026.0,2021-2026,NA,drug,2,134.0,OTHER,RECRUITING,RANDOMIZED,True,QUADRUPLE,4.0,True,True,PARALLEL,True,active,True,,,,,False,False,False,False,False,0,False,YES,True,True
NCT04585230,2020.0,2016-2020,NA,drug,4,92.0,OTHER,UNKNOWN,RANDOMIZED,True,DOUBLE,2.0,True,True,PARALLEL,True,placebo/sham,True,,,,,False,True,True,False,False,0,False,,False,
NCT06134713,2023.0,2021-2026,PHASE4,drug,4,120.0,OTHER,UNKNOWN,RANDOMIZED,True,SINGLE,1.0,True,False,PARALLEL,True,active,True,,,,,True,True,True,False,False,0,False,,False,
NCT01816581,2011.0,<=2015,PHASE4,drug,2,50.0,OTHER,COMPLETED,RANDOMIZED,True,NONE,0.0,False,False,PARALLEL,False,active,True,,,,,True,True,False,False,False,1,True,,False,False
NCT01861665,2010.0,<=2015,NA,drug,2,27.0,OTHER,TERMINATED,RANDOMIZED,True,SINGLE,1.0,True,False,SINGLE_GROUP,False,active,True,27.0,27.0,0.0,True,False,True,False,True,True,0,False,,False,False
NCT06354478,2021.0,2021-2026,NA,drug,3,90.0,OTHER,COMPLETED,RANDOMIZED,True,DOUBLE,2.0,True,True,PARALLEL,True,none/single-group,False,,,,,False,True,True,False,False,0,False,NO,False,True
NCT05150795,2022.0,2021-2026,EARLY_PHASE1,drug,2,80.0,OTHER,RECRUITING,RANDOMIZED,True,TRIPLE,3.0,True,True,PARALLEL,True,active,True,,,,,False,True,False,False,False,0,False,NO,False,False
NCT01326039,2010.0,<=2015,PHASE4,drug,2,60.0,OTHER,UNKNOWN,RANDOMIZED,True,QUADRUPLE,4.0,True,True,PARALLEL,False,placebo/sham,True,,,,,True,True,False,False,False,0,False,,False,True
NCT04029467,2019.0,2016-2020,PHASE4,drug,2,44.0,OTHER,UNKNOWN,RANDOMIZED,True,QUADRUPLE,4.0,True,True,PARALLEL,False,active,True,,,,,True,True,False,False,False,0,False,NO,False,True
NCT07665762,2026.0,2021-2026,PHASE3,drug,2,90.0,OTHER,NOT_YET_RECRUITING,RANDOMIZED,True,TRIPLE,3.0,True,True,PARALLEL,False,active,True,,,,,True,True,False,False,False,0,False,,False,False
NCT04926454,2020.0,2016-2020,PHASE1;PHASE2,drug,2,50.0,OTHER,UNKNOWN,RANDOMIZED,True,DOUBLE,2.0,True,True,PARALLEL,True,none/single-group,False,,,,,False,False,False,False,False,0,False,NO,False,
NCT03393702,2017.0,2016-2020,PHASE4,drug,2,104.0,OTHER,COMPLETED,RANDOMIZED,True,QUADRUPLE,4.0,True,True,PARALLEL,True,placebo/sham,True,,,,,True,True,False,False,False,1,True,,False,True
NCT01288924,2011.0,<=2015,PHASE2,drug,2,160.0,OTHER,COMPLETED,RANDOMIZED,True,TRIPLE,3.0,True,True,PARALLEL,True,placebo/sham,True,,,,,False,False,False,False,False,0,False,NO,False,False
NCT05579223,2022.0,2021-2026,PHASE2,drug,2,150.0,OTHER,COMPLETED,RANDOMIZED,True,QUADRUPLE,4.0,True,True,PARALLEL,True,placebo/sham,True,,,,,False,True,False,False,False,0,False,NO,False,True
NCT00143169,2004.0,<=2015,PHASE3,drug,0,220.0,INDUSTRY,COMPLETED,RANDOMIZED,True,DOUBLE,2.0,True,True,PARALLEL,True,none/single-group,False,,,,,True,True,False,False,False,0,False,,False,
NCT07097220,2025.0,2021-2026,NA,drug,2,106.0,OTHER_GOV,COMPLETED,RANDOMIZED,True,NONE,0.0,False,False,PARALLEL,True,none/single-group,False,,,,,False,False,False,False,False,0,False,,False,
NCT05920967,2023.0,2021-2026,NA,drug,2,562.0,OTHER,COMPLETED,RANDOMIZED,True,QUADRUPLE,4.0,True,True,SEQUENTIAL,True,active,True,,,,,False,False,False,False,False,1,True,,False,True
NCT07495605,2026.0,2021-2026,NA,drug,2,50.0,OTHER,NOT_YET_RECRUITING,RANDOMIZED,True,DOUBLE,2.0,True,True,PARALLEL,True,active,True,,,,,False,True,False,False,False,0,False,UNDECIDED,False,
NCT05412992,2022.0,2021-2026,PHASE2,drug,2,179.0,INDUSTRY,TERMINATED,RANDOMIZED,True,QUADRUPLE,4.0,True,True,PARALLEL,True,placebo/sham,True,,,,,False,True,False,False,False,0,False,NO,False,True
NCT05590013,2022.0,2021-2026,PHASE4,drug,2,60.0,OTHER,UNKNOWN,RANDOMIZED,True,DOUBLE,2.0,True,True,PARALLEL,False,placebo/sham,True,,,,,True,True,False,False,False,0,False,NO,False,
NCT05696678,2023.0,2021-2026,NA,drug,2,0.0,OTHER,WITHDRAWN,RANDOMIZED,True,TRIPLE,3.0,True,True,PARALLEL,False,active,True,,,,,False,True,False,False,False,0,False,NO,False,False
NCT04879823,2021.0,2021-2026,PHASE3,drug,2,222.0,OTHER,TERMINATED,RANDOMIZED,True,QUADRUPLE,4.0,True,True,PARALLEL,True,placebo/sham,True,222.0,135.0,0.3918918918918919,False,True,True,False,True,False,0,False,NO,False,False
NCT04427904,2022.0,2021-2026,PHASE2,drug,2,210.0,OTHER,UNKNOWN,RANDOMIZED,True,QUADRUPLE,4.0,True,True,PARALLEL,True,active,True,,,,,False,True,False,False,False,0,False,NO,False,False
NCT03990038,2019.0,2016-2020,NA,drug,2,2.0,OTHER,TERMINATED,RANDOMIZED,True,QUADRUPLE,4.0,True,True,PARALLEL,False,active,True,,,,,False,True,False,False,False,0,False,NO,False,True
NCT05091242,2021.0,2021-2026,PHASE2;PHASE3,drug,2,336.0,OTHER,UNKNOWN,RANDOMIZED,True,QUADRUPLE,4.0,True,True,PARALLEL,True,placebo/sham,True,,,,,True,False,False,False,False,0,False,NO,False,True
NCT07411950,2021.0,2021-2026,NA,both,4,141.0,OTHER,COMPLETED,RANDOMIZED,True,DOUBLE,2.0,True,True,PARALLEL,True,none/single-group,False,,,,,False,True,True,False,False,0,False,NO,False,True
NCT02554123,2015.0,<=2015,PHASE3,drug,2,60.0,OTHER,COMPLETED,RANDOMIZED,True,DOUBLE,2.0,True,True,PARALLEL,False,placebo/sham,True,,,,,True,False,False,False,False,0,False,,False,True
NCT03614403,2017.0,2016-2020,NA,drug,2,60.0,OTHER,COMPLETED,RANDOMIZED,True,TRIPLE,3.0,True,True,PARALLEL,True,no-intervention,True,,,,,False,True,False,False,False,0,False,NO,False,
NCT05697276,2022.0,2021-2026,NA,drug,2,82.0,OTHER,COMPLETED,RANDOMIZED,True,SINGLE,1.0,True,False,PARALLEL,True,active,True,,,,,False,True,False,False,False,1,True,,False,False
NCT03979469,2018.0,2016-2020,PHASE2,drug,2,100.0,OTHER,COMPLETED,RANDOMIZED,True,TRIPLE,3.0,True,True,PARALLEL,True,active,True,,,,,False,False,False,False,False,0,False,NO,False,
NCT07600697,2026.0,2021-2026,PHASE4,drug,2,120.0,OTHER,NOT_YET_RECRUITING,RANDOMIZED,True,SINGLE,1.0,True,False,SEQUENTIAL,True,active,True,,,,,True,True,False,False,False,0,False,NO,False,True
NCT06423859,2024.0,2021-2026,NA,drug,2,66.0,OTHER,UNKNOWN,RANDOMIZED,True,TRIPLE,3.0,True,True,PARALLEL,True,active,True,,,,,False,True,False,False,False,0,False,UNDECIDED,False,
NCT06559280,2024.0,2021-2026,EARLY_PHASE1,drug,2,84.0,OTHER,COMPLETED,RANDOMIZED,True,QUADRUPLE,4.0,True,True,PARALLEL,True,no-intervention,True,,,,,False,False,False,False,False,0,False,NO,False,
NCT01297829,2011.0,<=2015,PHASE3,drug,2,51.0,OTHER,UNKNOWN,RANDOMIZED,True,DOUBLE,2.0,True,True,PARALLEL,False,placebo/sham,True,,,,,True,False,False,False,False,0,False,,False,False
NCT06336161,2024.0,2021-2026,NA,drug,2,80.0,OTHER,UNKNOWN,RANDOMIZED,True,QUADRUPLE,4.0,True,True,PARALLEL,True,active,True,,,,,False,True,False,False,True,0,False,,False,True
NCT02037061,2014.0,<=2015,NA,drug,2,46.0,OTHER,COMPLETED,RANDOMIZED,True,TRIPLE,3.0,True,True,PARALLEL,True,placebo/sham,True,46.0,46.0,0.0,True,False,True,False,True,False,1,True,NO,False,False
NCT06935708,2025.0,2021-2026,PHASE4,both,2,98.0,OTHER,RECRUITING,RANDOMIZED,True,NONE,0.0,False,False,PARALLEL,False,active,True,,,,,True,True,False,False,False,0,False,NO,False,False
NCT06903819,2025.0,2021-2026,PHASE4,drug,2,90.0,OTHER,RECRUITING,RANDOMIZED,True,SINGLE,1.0,True,False,PARALLEL,False,active,True,,,,,True,True,False,False,False,1,True,NO,False,True
NCT05038605,2020.0,2016-2020,NA,drug,3,108.0,OTHER,COMPLETED,RANDOMIZED,True,DOUBLE,2.0,True,True,PARALLEL,True,active,True,,,,,False,True,True,False,False,0,False,NO,False,False
NCT03296488,2017.0,2016-2020,PHASE4,drug,2,110.0,OTHER,UNKNOWN,RANDOMIZED,True,NONE,0.0,False,False,PARALLEL,True,active,True,,,,,True,True,False,False,False,2,True,NO,False,True
NCT02198924,2014.0,<=2015,PHASE4,drug,2,246.0,OTHER,COMPLETED,RANDOMIZED,True,QUADRUPLE,4.0,True,True,PARALLEL,True,placebo/sham,True,,,,,True,True,False,False,False,2,True,NO,False,True
NCT05302986,2023.0,2021-2026,PHASE3,drug,2,220.0,OTHER,COMPLETED,RANDOMIZED,True,DOUBLE,2.0,True,True,PARALLEL,True,placebo/sham,True,,,,,True,True,False,False,True,0,False,,False,False
NCT02751619,2013.0,<=2015,NA,drug,2,90.0,OTHER,COMPLETED,RANDOMIZED,True,DOUBLE,2.0,True,True,PARALLEL,True,active,True,,,,,False,True,False,False,False,0,False,YES,True,True
NCT02507700,2015.0,<=2015,NA,both,2,60.0,OTHER,COMPLETED,RANDOMIZED,True,DOUBLE,2.0,True,True,PARALLEL,True,placebo/sham,True,,,,,False,True,False,False,True,1,True,,False,False
NCT00292188,2006.0,<=2015,PHASE4,drug,2,255.0,INDUSTRY,COMPLETED,RANDOMIZED,True,QUADRUPLE,4.0,True,True,PARALLEL,True,placebo/sham,True,368.0,254.0,0.3097826086956522,False,True,True,False,True,False,1,True,,False,False
NCT03150732,2022.0,2021-2026,NA,drug,2,82.0,OTHER,COMPLETED,RANDOMIZED,True,QUADRUPLE,4.0,True,True,PARALLEL,True,active,True,,,,,False,False,False,False,False,0,False,NO,False,
NCT05607641,2021.0,2021-2026,PHASE2;PHASE3,drug,3,424.0,INDUSTRY,COMPLETED,RANDOMIZED,True,NONE,0.0,False,False,PARALLEL,True,active,True,,,,,True,True,True,False,False,0,False,NO,False,False
NCT03204045,2017.0,2016-2020,NA,drug,3,90.0,OTHER,COMPLETED,RANDOMIZED,True,TRIPLE,3.0,True,True,PARALLEL,True,placebo/sham,True,,,,,False,False,True,False,False,0,False,YES,True,True
NCT03682302,2019.0,2016-2020,PHASE3,drug,4,98.0,INDUSTRY,COMPLETED,RANDOMIZED,True,NONE,0.0,False,False,SEQUENTIAL,False,active,True,97.0,91.0,0.061855670103092786,True,True,True,True,True,False,1,True,,False,True
NCT05040022,2021.0,2021-2026,PHASE4,drug,2,80.0,OTHER,UNKNOWN,RANDOMIZED,True,QUADRUPLE,4.0,True,True,PARALLEL,False,placebo/sham,True,,,,,True,False,False,False,False,0,False,YES,True,False
NCT00830089,2009.0,<=2015,NA,drug,2,66.0,OTHER,COMPLETED,RANDOMIZED,True,QUADRUPLE,4.0,True,True,PARALLEL,True,no-intervention,True,,,,,False,True,False,False,False,1,True,,False,False
NCT06689358,2022.0,2021-2026,NA,drug,2,81.0,OTHER,COMPLETED,RANDOMIZED,True,NONE,0.0,False,False,PARALLEL,True,no-intervention,True,,,,,False,True,False,False,False,0,False,NO,False,False
NCT00841841,2006.0,<=2015,PHASE2,drug,2,30.0,OTHER,COMPLETED,NON_RANDOMIZED,False,NONE,0.0,False,False,PARALLEL,False,none/single-group,False,,,,,False,True,False,False,False,0,False,,False,True
NCT05659823,2020.0,2016-2020,PHASE4,drug,3,108.0,OTHER_GOV,COMPLETED,NON_RANDOMIZED,False,NONE,0.0,False,False,PARALLEL,True,active,True,,,,,True,True,True,False,False,0,False,UNDECIDED,False,False
NCT00799656,2008.0,<=2015,PHASE2,drug,2,62.0,INDUSTRY,COMPLETED,RANDOMIZED,True,DOUBLE,2.0,True,True,CROSSOVER,True,none/single-group,False,,,,,False,True,False,False,False,0,False,,False,False
NCT03261310,2013.0,<=2015,NA,drug,4,55.0,FED,UNKNOWN,RANDOMIZED,True,TRIPLE,3.0,True,True,PARALLEL,True,placebo/sham,True,,,,,False,True,True,False,False,0,False,UNDECIDED,False,True
NCT07131657,2025.0,2021-2026,PHASE2,drug,1,40.0,INDUSTRY,COMPLETED,NA,False,NONE,0.0,False,False,SINGLE_GROUP,False,none/single-group,False,,,,,False,True,False,False,False,0,False,NO,False,False
NCT04969705,2022.0,2021-2026,NA,drug,3,60.0,OTHER,COMPLETED,RANDOMIZED,True,NONE,0.0,False,False,PARALLEL,True,active,True,,,,,False,True,True,False,False,0,False,YES,True,False
NCT02400645,2015.0,<=2015,PHASE1,both,2,69.0,OTHER,TERMINATED,RANDOMIZED,True,DOUBLE,2.0,True,True,PARALLEL,True,active,True,,,,,False,False,False,False,False,0,False,,False,False
NCT06757075,2025.0,2021-2026,PHASE4,drug,3,75.0,OTHER,RECRUITING,RANDOMIZED,True,NONE,0.0,False,False,PARALLEL,False,active,True,,,,,True,True,True,False,False,0,False,NO,False,False
NCT00488787,2001.0,<=2015,PHASE2,drug,4,40.0,INDUSTRY,COMPLETED,RANDOMIZED,True,QUADRUPLE,4.0,True,True,PARALLEL,False,placebo/sham,True,,,,,False,True,True,False,False,0,False,,False,False
NCT04245280,2021.0,2021-2026,NA,drug,2,74.0,OTHER,COMPLETED,RANDOMIZED,True,TRIPLE,3.0,True,True,PARALLEL,True,placebo/sham,True,,,,,False,True,False,False,False,0,False,NO,False,False
NCT06889987,2024.0,2021-2026,NA,drug,3,90.0,OTHER,RECRUITING,RANDOMIZED,True,DOUBLE,2.0,True,True,PARALLEL,True,active,True,,,,,False,True,True,False,False,0,False,YES,True,
NCT03105518,2011.0,<=2015,PHASE4,drug,1,100.0,OTHER,UNKNOWN,NA,False,NONE,0.0,False,False,SINGLE_GROUP,True,none/single-group,False,100.0,100.0,0.0,True,True,True,False,True,True,0,False,NO,False,False
NCT03967392,2018.0,2016-2020,PHASE4,drug,2,100.0,OTHER,COMPLETED,RANDOMIZED,True,QUADRUPLE,4.0,True,True,PARALLEL,True,active,True,,,,,True,True,False,False,False,0,False,NO,False,False
NCT03266419,2018.0,2016-2020,NA,drug,2,100.0,OTHER,COMPLETED,RANDOMIZED,True,DOUBLE,2.0,True,True,PARALLEL,True,active,True,100.0,100.0,0.0,True,False,True,False,True,False,1,True,NO,False,False
NCT00707057,2008.0,<=2015,PHASE3,drug,2,256.0,INDUSTRY,COMPLETED,RANDOMIZED,True,QUADRUPLE,4.0,True,True,PARALLEL,True,placebo/sham,True,256.0,244.0,0.046875,True,True,True,False,True,False,0,False,,False,False
NCT06046105,2023.0,2021-2026,PHASE2;PHASE3,drug,3,180.0,OTHER,UNKNOWN,RANDOMIZED,True,DOUBLE,2.0,True,True,PARALLEL,True,placebo/sham,True,,,,,True,True,True,False,False,0,False,NO,False,False
NCT07034300,2025.0,2021-2026,PHASE4,drug,2,90.0,OTHER,RECRUITING,RANDOMIZED,True,NONE,0.0,False,False,PARALLEL,False,active,True,,,,,True,True,False,False,False,0,False,NO,False,False
NCT01844206,2013.0,<=2015,PHASE4,drug,2,5.0,OTHER,TERMINATED,RANDOMIZED,True,QUADRUPLE,4.0,True,True,PARALLEL,False,placebo/sham,True,5.0,4.0,0.19999999999999996,True,True,True,False,True,False,0,False,,False,False
NCT03714919,2019.0,2016-2020,PHASE2,drug,1,10.0,OTHER,COMPLETED,NA,False,NONE,0.0,False,False,SINGLE_GROUP,False,none/single-group,False,10.0,10.0,0.0,True,False,True,False,True,False,0,False,NO,False,False
NCT06139666,2019.0,2016-2020,PHASE4,drug,2,160.0,OTHER,ENROLLING_BY_INVITATION,RANDOMIZED,True,DOUBLE,2.0,True,True,PARALLEL,True,active,True,,,,,True,True,False,False,False,1,True,NO,False,True
NCT01983111,2013.0,<=2015,PHASE4,drug,2,136.0,INDUSTRY,COMPLETED,RANDOMIZED,True,NONE,0.0,False,False,PARALLEL,True,active,True,136.0,117.0,0.13970588235294112,True,True,True,False,True,False,1,True,,False,False
NCT01305603,2011.0,<=2015,NA,both,2,10.0,OTHER,COMPLETED,RANDOMIZED,True,TRIPLE,3.0,True,True,SINGLE_GROUP,False,active,True,,,,,False,True,False,False,False,0,False,,False,True
NCT04084548,2019.0,2016-2020,PHASE3,drug,4,420.0,OTHER,ACTIVE_NOT_RECRUITING,RANDOMIZED,True,QUADRUPLE,4.0,True,True,FACTORIAL,True,placebo/sham,True,,,,,True,True,True,False,False,0,False,NO,False,True
NCT03618082,2019.0,2016-2020,PHASE3,drug,2,380.0,OTHER,UNKNOWN,RANDOMIZED,True,SINGLE,1.0,True,False,PARALLEL,True,active,True,,,,,True,False,False,False,False,1,True,,False,
NCT04316936,2019.0,2016-2020,PHASE4,drug,3,15.0,OTHER,COMPLETED,RANDOMIZED,True,NONE,0.0,False,False,PARALLEL,False,active,True,,,,,True,True,True,False,False,0,False,,False,False
NCT00150865,2001.0,<=2015,NA,drug,0,60.0,OTHER_GOV,COMPLETED,RANDOMIZED,True,DOUBLE,2.0,True,True,SINGLE_GROUP,True,none/single-group,False,,,,,False,True,False,False,False,0,False,,False,
NCT04200885,2019.0,2016-2020,PHASE4,both,3,52.0,OTHER,COMPLETED,RANDOMIZED,True,NONE,0.0,False,False,PARALLEL,False,active,True,,,,,True,False,True,False,False,1,True,YES,True,False
NCT02198235,2012.0,<=2015,PHASE1,drug,3,90.0,OTHER,COMPLETED,RANDOMIZED,True,DOUBLE,2.0,True,True,PARALLEL,True,active,True,90.0,83.0,0.07777777777777772,True,False,False,True,True,False,1,True,NO,False,False
NCT06785753,2024.0,2021-2026,PHASE2,drug,2,60.0,OTHER,UNKNOWN,RANDOMIZED,True,DOUBLE,2.0,True,True,PARALLEL,True,none/single-group,False,,,,,False,True,False,False,False,0,False,,False,True
NCT04545801,2019.0,2016-2020,NA,drug,2,80.0,OTHER,COMPLETED,RANDOMIZED,True,DOUBLE,2.0,True,True,PARALLEL,True,placebo/sham,True,,,,,False,True,False,False,False,0,False,NO,False,
NCT02645474,2018.0,2016-2020,PHASE4,both,2,23.0,OTHER,COMPLETED,RANDOMIZED,True,SINGLE,1.0,True,False,PARALLEL,False,active,True,,,,,True,True,False,False,False,1,True,NO,False,True
NCT06076707,2023.0,2021-2026,PHASE4,drug,3,163.0,OTHER,UNKNOWN,RANDOMIZED,True,DOUBLE,2.0,True,True,PARALLEL,True,placebo/sham,True,,,,,True,True,True,False,False,0,False,UNDECIDED,False,False
NCT06935331,2025.0,2021-2026,PHASE4,drug,2,58.0,OTHER,ENROLLING_BY_INVITATION,RANDOMIZED,True,NONE,0.0,False,False,PARALLEL,False,active,True,,,,,True,True,False,False,False,0,False,NO,False,True
NCT00298571,2006.0,<=2015,PHASE2;PHASE3,drug,0,100.0,OTHER,COMPLETED,RANDOMIZED,True,DOUBLE,2.0,True,True,PARALLEL,True,none/single-group,False,,,,,True,True,False,False,False,0,False,,False,
NCT05160493,2021.0,2021-2026,PHASE2;PHASE3,drug,2,246.0,OTHER,COMPLETED,RANDOMIZED,True,QUADRUPLE,4.0,True,True,PARALLEL,True,placebo/sham,True,,,,,True,True,False,False,False,0,False,UNDECIDED,False,True
NCT03211728,2017.0,2016-2020,NA,drug,2,96.0,OTHER,COMPLETED,RANDOMIZED,True,QUADRUPLE,4.0,True,True,PARALLEL,True,placebo/sham,True,,,,,False,False,False,False,False,0,False,NO,False,False
NCT02094339,2014.0,<=2015,PHASE4,both,3,45.0,OTHER,UNKNOWN,RANDOMIZED,True,NONE,0.0,False,False,PARALLEL,False,active,True,,,,,True,True,True,False,True,0,False,,False,False
NCT01711229,2015.0,<=2015,PHASE4,drug,2,114.0,INDIV,UNKNOWN,RANDOMIZED,True,NONE,0.0,False,False,SINGLE_GROUP,True,active,True,,,,,True,True,False,False,False,0,False,,False,False
NCT06026527,2024.0,2021-2026,PHASE3,drug,2,42.0,OTHER,COMPLETED,RANDOMIZED,True,TRIPLE,3.0,True,True,PARALLEL,False,placebo/sham,True,,,,,True,True,False,False,False,0,False,NO,False,True
NCT05826119,2024.0,2021-2026,NA,drug,2,60.0,OTHER,COMPLETED,RANDOMIZED,True,DOUBLE,2.0,True,True,PARALLEL,True,active,True,,,,,False,False,False,False,False,0,False,,False,
NCT02563587,2015.0,<=2015,NA,drug,3,210.0,OTHER_GOV,UNKNOWN,RANDOMIZED,True,NONE,0.0,False,False,PARALLEL,True,placebo/sham,True,,,,,False,False,True,False,True,0,False,,False,False
NCT05535036,2020.0,2016-2020,NA,drug,2,84.0,OTHER,COMPLETED,RANDOMIZED,True,TRIPLE,3.0,True,True,PARALLEL,True,placebo/sham,True,,,,,False,False,False,False,False,0,False,NO,False,False
NCT02288923,2015.0,<=2015,NA,both,2,199.0,OTHER,COMPLETED,RANDOMIZED,True,SINGLE,1.0,True,False,PARALLEL,True,active,True,,,,,False,True,False,False,False,0,False,,False,False
NCT01429480,2011.0,<=2015,NA,both,3,90.0,OTHER_GOV,UNKNOWN,RANDOMIZED,True,SINGLE,1.0,True,False,PARALLEL,True,active,True,,,,,False,True,True,False,False,1,True,,False,True
NCT05324358,2022.0,2021-2026,PHASE3,drug,3,341.0,OTHER,SUSPENDED,RANDOMIZED,True,QUADRUPLE,4.0,True,True,PARALLEL,True,placebo/sham,True,,,,,True,True,True,False,False,0,False,NO,False,True
NCT05804591,2023.0,2021-2026,PHASE4,drug,2,90.0,OTHER,RECRUITING,RANDOMIZED,True,QUADRUPLE,4.0,True,True,PARALLEL,False,placebo/sham,True,,,,,True,True,False,False,False,1,True,YES,True,False
NCT06307106,2024.0,2021-2026,NA,drug,5,150.0,OTHER_GOV,COMPLETED,RANDOMIZED,True,SINGLE,1.0,True,False,PARALLEL,True,placebo/sham,True,,,,,False,False,True,False,False,0,False,NO,False,False
NCT00993226,2009.0,<=2015,PHASE2,drug,6,115.0,INDUSTRY,COMPLETED,RANDOMIZED,True,DOUBLE,2.0,True,True,PARALLEL,True,placebo/sham,True,115.0,113.0,0.017391304347826098,True,False,True,True,True,False,0,False,,False,False
NCT05024825,2017.0,2016-2020,PHASE4,drug,2,17.0,OTHER,TERMINATED,RANDOMIZED,True,NONE,0.0,False,False,PARALLEL,False,active,True,,,,,True,True,False,False,False,0,False,,False,True
NCT07577934,2026.0,2021-2026,NA,drug,2,86.0,OTHER,RECRUITING,RANDOMIZED,True,DOUBLE,2.0,True,True,PARALLEL,True,active,True,,,,,False,True,False,False,False,0,False,YES,True,False
NCT06517069,2024.0,2021-2026,NA,drug,4,120.0,OTHER,RECRUITING,RANDOMIZED,True,QUADRUPLE,4.0,True,True,PARALLEL,True,no-intervention,True,,,,,False,True,True,False,False,0,False,,False,
NCT06660875,2024.0,2021-2026,NA,drug,2,80.0,OTHER_GOV,COMPLETED,RANDOMIZED,True,TRIPLE,3.0,True,True,PARALLEL,True,active,True,,,,,False,True,False,False,False,0,False,,False,False
NCT03618173,2018.0,2016-2020,PHASE3,drug,2,80.0,OTHER,UNKNOWN,RANDOMIZED,True,TRIPLE,3.0,True,True,PARALLEL,False,placebo/sham,True,,,,,True,True,False,False,False,1,True,,False,True
NCT04124822,2018.0,2016-2020,PHASE2;PHASE3,drug,3,60.0,OTHER,COMPLETED,RANDOMIZED,True,TRIPLE,3.0,True,True,PARALLEL,False,no-intervention,True,,,,,True,True,True,False,False,1,True,NO,False,False
NCT06429605,2024.0,2021-2026,NA,drug,2,80.0,OTHER,COMPLETED,RANDOMIZED,True,SINGLE,1.0,True,False,PARALLEL,True,no-intervention,True,,,,,False,False,False,False,False,0,False,,False,
NCT00768248,2008.0,<=2015,NA,drug,2,2.0,OTHER,TERMINATED,RANDOMIZED,True,QUADRUPLE,4.0,True,True,CROSSOVER,False,placebo/sham,True,2.0,0.0,1.0,False,False,True,False,True,False,0,False,,False,False
NCT00860899,2007.0,<=2015,PHASE4,drug,2,42.0,OTHER,COMPLETED,RANDOMIZED,True,DOUBLE,2.0,True,True,PARALLEL,False,active,True,,,,,True,True,False,False,False,0,False,,False,False
NCT06525740,2024.0,2021-2026,PHASE4,drug,2,140.0,OTHER,RECRUITING,RANDOMIZED,True,NONE,0.0,False,False,PARALLEL,True,none/single-group,False,,,,,True,False,False,False,False,0,False,,False,False
NCT04333095,2020.0,2016-2020,PHASE4,drug,2,70.0,OTHER,COMPLETED,RANDOMIZED,True,QUADRUPLE,4.0,True,True,PARALLEL,False,placebo/sham,True,70.0,52.0,0.2571428571428571,False,True,False,False,True,False,0,False,NO,False,False
NCT07058727,2025.0,2021-2026,NA,drug,3,75.0,OTHER,RECRUITING,RANDOMIZED,True,DOUBLE,2.0,True,True,PARALLEL,True,none/single-group,False,,,,,False,True,True,False,False,0,False,,False,False
NCT05094323,2022.0,2021-2026,PHASE2,drug,3,102.0,OTHER,COMPLETED,RANDOMIZED,True,DOUBLE,2.0,True,True,PARALLEL,True,placebo/sham,True,,,,,False,False,True,False,False,0,False,,False,
NCT02128646,2014.0,<=2015,PHASE4,both,4,19.0,OTHER,COMPLETED,RANDOMIZED,True,NONE,0.0,False,False,PARALLEL,False,active,True,19.0,18.0,0.052631578947368474,True,True,True,True,True,False,0,False,,False,False
NCT03536741,2017.0,2016-2020,PHASE2,both,2,70.0,OTHER,UNKNOWN,RANDOMIZED,True,NONE,0.0,False,False,PARALLEL,True,active,True,,,,,False,False,False,False,False,0,False,NO,False,
NCT04276298,2020.0,2016-2020,PHASE2;PHASE3,drug,4,192.0,OTHER,COMPLETED,RANDOMIZED,True,DOUBLE,2.0,True,True,FACTORIAL,True,active,True,,,,,True,True,True,False,False,1,True,YES,True,True
NCT03765827,2018.0,2016-2020,PHASE3,drug,2,140.0,OTHER,COMPLETED,RANDOMIZED,True,DOUBLE,2.0,True,True,PARALLEL,True,placebo/sham,True,,,,,True,False,False,False,False,1,True,,False,True
NCT04141319,2021.0,2021-2026,PHASE4,drug,2,100.0,OTHER,UNKNOWN,RANDOMIZED,True,SINGLE,1.0,True,False,PARALLEL,True,active,True,,,,,True,False,False,False,False,0,False,YES,True,True
NCT06351215,2025.0,2021-2026,PHASE3,drug,2,100.0,OTHER,NOT_YET_RECRUITING,RANDOMIZED,True,QUADRUPLE,4.0,True,True,PARALLEL,True,placebo/sham,True,,,,,True,True,False,False,False,0,False,NO,False,False
NCT02462174,2015.0,<=2015,PHASE2;PHASE3,drug,2,80.0,OTHER,COMPLETED,RANDOMIZED,True,DOUBLE,2.0,True,True,PARALLEL,False,active,True,,,,,True,True,False,False,False,0,False,,False,True
NCT04790812,2021.0,2021-2026,PHASE4,drug,2,65.0,OTHER,COMPLETED,RANDOMIZED,True,DOUBLE,2.0,True,True,PARALLEL,False,placebo/sham,True,65.0,10.0,0.8461538461538461,False,True,True,False,True,False,0,False,NO,False,False
NCT05791721,2021.0,2021-2026,PHASE4,drug,3,90.0,OTHER,COMPLETED,RANDOMIZED,True,TRIPLE,3.0,True,True,PARALLEL,False,active,True,,,,,True,False,True,False,False,1,True,NO,False,True
NCT03956966,2018.0,2016-2020,NA,drug,3,90.0,OTHER,COMPLETED,RANDOMIZED,True,TRIPLE,3.0,True,True,PARALLEL,True,placebo/sham,True,,,,,False,True,True,False,False,0,False,,False,False
NCT05750264,2023.0,2021-2026,PHASE2,drug,2,152.0,OTHER,ACTIVE_NOT_RECRUITING,RANDOMIZED,True,QUADRUPLE,4.0,True,True,PARALLEL,True,active,True,,,,,False,True,False,False,False,0,False,,False,False
NCT04662567,2021.0,2021-2026,NA,drug,2,42.0,OTHER,TERMINATED,RANDOMIZED,True,TRIPLE,3.0,True,True,PARALLEL,True,active,True,,,,,False,False,False,False,False,0,False,NO,False,True
NCT06997263,2024.0,2021-2026,NA,drug,3,96.0,OTHER,COMPLETED,RANDOMIZED,True,SINGLE,1.0,True,False,PARALLEL,True,no-intervention,True,,,,,False,True,True,False,False,0,False,,False,False
NCT03203070,2017.0,2016-2020,PHASE3,both,2,200.0,OTHER,UNKNOWN,RANDOMIZED,True,DOUBLE,2.0,True,True,PARALLEL,True,active,True,,,,,True,False,False,False,False,1,True,,False,True
NCT01294098,2011.0,<=2015,NA,drug,3,2.0,OTHER,TERMINATED,RANDOMIZED,True,TRIPLE,3.0,True,True,PARALLEL,False,no-intervention,True,2.0,0.0,1.0,False,False,True,True,True,False,0,False,,False,True
NCT00146198,2005.0,<=2015,PHASE2,drug,0,40.0,INDUSTRY,COMPLETED,RANDOMIZED,True,DOUBLE,2.0,True,True,PARALLEL,False,none/single-group,False,,,,,False,True,False,False,False,0,False,,False,
NCT02808728,2014.0,<=2015,PHASE4,drug,2,100.0,OTHER,UNKNOWN,RANDOMIZED,True,DOUBLE,2.0,True,True,PARALLEL,True,active,True,,,,,True,True,False,False,False,1,True,,False,
NCT00891540,2009.0,<=2015,PHASE4,drug,3,90.0,OTHER,COMPLETED,RANDOMIZED,True,TRIPLE,3.0,True,True,PARALLEL,False,placebo/sham,True,,,,,True,False,True,False,False,0,False,,False,False
NCT06685991,2024.0,2021-2026,PHASE4,drug,3,300.0,OTHER,NOT_YET_RECRUITING,RANDOMIZED,True,QUADRUPLE,4.0,True,True,PARALLEL,True,placebo/sham,True,,,,,True,True,True,False,False,0,False,UNDECIDED,False,
NCT03474510,2018.0,2016-2020,PHASE4,drug,2,0.0,OTHER,WITHDRAWN,RANDOMIZED,True,NONE,0.0,False,False,PARALLEL,False,active,True,,,,,True,False,False,False,False,0,False,NO,False,False
NCT03859635,2019.0,2016-2020,PHASE3,drug,3,120.0,OTHER,COMPLETED,RANDOMIZED,True,NONE,0.0,False,False,PARALLEL,True,active,True,120.0,105.0,0.125,True,True,True,True,True,True,0,False,NO,False,True
NCT07385352,2026.0,2021-2026,NA,drug,2,54.0,OTHER,NOT_YET_RECRUITING,RANDOMIZED,True,TRIPLE,3.0,True,True,PARALLEL,True,none/single-group,False,,,,,False,True,False,False,False,0,False,YES,True,False
NCT01458431,2011.0,<=2015,PHASE3,drug,2,70.0,OTHER,COMPLETED,RANDOMIZED,True,QUADRUPLE,4.0,True,True,PARALLEL,False,placebo/sham,True,,,,,True,True,False,False,False,1,True,,False,True
NCT07145879,2025.0,2021-2026,NA,both,2,43.0,OTHER,COMPLETED,RANDOMIZED,True,DOUBLE,2.0,True,True,FACTORIAL,True,none/single-group,False,,,,,False,False,False,False,False,0,False,NO,False,True
NCT02698995,2015.0,<=2015,PHASE3,drug,3,180.0,OTHER,COMPLETED,RANDOMIZED,True,QUADRUPLE,4.0,True,True,PARALLEL,True,placebo/sham,True,,,,,True,True,True,False,True,0,False,NO,False,True
NCT04996251,2021.0,2021-2026,PHASE4,drug,2,129.0,OTHER,COMPLETED,RANDOMIZED,True,SINGLE,1.0,True,False,PARALLEL,True,none/single-group,False,129.0,129.0,0.0,True,True,False,False,True,False,0,False,NO,False,True
NCT04171050,2019.0,2016-2020,PHASE4,drug,2,44.0,OTHER,COMPLETED,RANDOMIZED,True,DOUBLE,2.0,True,True,PARALLEL,False,active,True,44.0,42.0,0.045454545454545414,True,True,False,False,True,False,1,True,NO,False,False
NCT04156581,2019.0,2016-2020,PHASE4,drug,2,46.0,OTHER,COMPLETED,RANDOMIZED,True,QUADRUPLE,4.0,True,True,PARALLEL,False,placebo/sham,True,46.0,46.0,0.0,True,True,True,False,True,False,0,False,YES,True,False
NCT03513445,2018.0,2016-2020,PHASE3,drug,2,0.0,OTHER,WITHDRAWN,RANDOMIZED,True,SINGLE,1.0,True,False,PARALLEL,False,no-intervention,True,,,,,True,True,False,False,False,0,False,NO,False,False
NCT05685342,2023.0,2021-2026,NA,drug,2,154.0,OTHER,COMPLETED,RANDOMIZED,True,QUADRUPLE,4.0,True,True,PARALLEL,True,active,True,,,,,False,True,False,False,False,1,True,UNDECIDED,False,False
NCT07528612,2026.0,2021-2026,PHASE2,drug,2,150.0,OTHER,NOT_YET_RECRUITING,RANDOMIZED,True,QUADRUPLE,4.0,True,True,PARALLEL,True,placebo/sham,True,,,,,False,True,False,False,False,0,False,NO,False,True
NCT04826328,2021.0,2021-2026,PHASE1,drug,5,85.0,INDUSTRY,COMPLETED,RANDOMIZED,True,DOUBLE,2.0,True,True,PARALLEL,True,placebo/sham,True,,,,,False,True,True,False,False,0,False,,False,False
NCT04697745,2021.0,2021-2026,NA,drug,2,44.0,OTHER,UNKNOWN,RANDOMIZED,True,SINGLE,1.0,True,False,PARALLEL,True,active,True,,,,,False,False,False,False,False,0,False,,False,
NCT01074229,2010.0,<=2015,NA,drug,3,75.0,OTHER,COMPLETED,RANDOMIZED,True,TRIPLE,3.0,True,True,PARALLEL,True,placebo/sham,True,75.0,66.0,0.12,True,False,False,True,True,False,1,True,,False,False
NCT04833777,2021.0,2021-2026,NA,drug,2,140.0,OTHER,COMPLETED,RANDOMIZED,True,DOUBLE,2.0,True,True,SINGLE_GROUP,True,active,True,140.0,139.0,0.0071428571428571175,True,False,True,False,True,False,0,False,NO,False,False
NCT05642416,2022.0,2021-2026,PHASE4,drug,2,240.0,OTHER,COMPLETED,RANDOMIZED,True,TRIPLE,3.0,True,True,PARALLEL,True,active,True,240.0,240.0,0.0,True,True,True,False,True,False,0,False,NO,False,False
NCT07712783,2026.0,2021-2026,NA,both,2,56.0,OTHER,NOT_YET_RECRUITING,RANDOMIZED,True,QUADRUPLE,4.0,True,True,PARALLEL,True,none/single-group,False,,,,,False,True,False,False,False,0,False,,False,False
NCT01490268,2011.0,<=2015,PHASE4,drug,2,50.0,OTHER,COMPLETED,RANDOMIZED,True,SINGLE,1.0,True,False,PARALLEL,False,active,True,,,,,True,True,False,False,False,0,False,,False,False
NCT05696886,2021.0,2021-2026,NA,drug,2,400.0,OTHER,COMPLETED,NON_RANDOMIZED,False,SINGLE,1.0,True,False,PARALLEL,True,active,True,,,,,False,True,False,False,True,0,False,YES,True,True
NCT04905563,2021.0,2021-2026,PHASE4,drug,2,30.0,OTHER,TERMINATED,RANDOMIZED,True,TRIPLE,3.0,True,True,PARALLEL,False,none/single-group,False,30.0,26.0,0.1333333333333333,True,True,False,False,True,False,0,False,NO,False,False
NCT04236323,2020.0,2016-2020,NA,drug,2,68.0,OTHER,COMPLETED,RANDOMIZED,True,DOUBLE,2.0,True,True,PARALLEL,True,no-intervention,True,,,,,False,False,False,False,False,0,False,NO,False,
NCT07287657,2024.0,2021-2026,NA,both,3,90.0,OTHER,ENROLLING_BY_INVITATION,RANDOMIZED,True,NONE,0.0,False,False,PARALLEL,True,active,True,,,,,False,False,True,False,False,0,False,UNDECIDED,False,False
NCT07048522,2025.0,2021-2026,NA,drug,2,40.0,OTHER,RECRUITING,RANDOMIZED,True,TRIPLE,3.0,True,True,PARALLEL,True,placebo/sham,True,,,,,False,True,False,False,False,0,False,NO,False,
NCT00844012,2009.0,<=2015,PHASE4,drug,2,60.0,OTHER,UNKNOWN,RANDOMIZED,True,DOUBLE,2.0,True,True,PARALLEL,False,active,True,,,,,True,True,False,False,False,0,False,,False,False
NCT00825422,2009.0,<=2015,PHASE3,drug,2,50.0,OTHER,COMPLETED,RANDOMIZED,True,QUADRUPLE,4.0,True,True,PARALLEL,False,placebo/sham,True,,,,,True,True,False,False,False,0,False,,False,False
NCT07651722,2026.0,2021-2026,NA,drug,3,132.0,OTHER,RECRUITING,RANDOMIZED,True,TRIPLE,3.0,True,True,PARALLEL,True,active,True,,,,,False,True,True,False,False,0,False,YES,True,False
NCT04752111,2021.0,2021-2026,PHASE4,drug,2,60.0,OTHER,COMPLETED,RANDOMIZED,True,DOUBLE,2.0,True,True,PARALLEL,False,placebo/sham,True,,,,,True,True,False,False,False,0,False,UNDECIDED,False,
NCT02680392,2015.0,<=2015,NA,both,2,40.0,OTHER,COMPLETED,RANDOMIZED,True,DOUBLE,2.0,True,True,PARALLEL,True,active,True,,,,,False,True,False,False,True,0,False,NO,False,False
NCT00681174,2008.0,<=2015,PHASE4,both,2,22.0,OTHER,TERMINATED,RANDOMIZED,True,TRIPLE,3.0,True,True,PARALLEL,False,active,True,,,,,True,True,False,False,False,0,False,,False,True
NCT03341260,2016.0,2016-2020,PHASE2;PHASE3,drug,2,70.0,OTHER,COMPLETED,RANDOMIZED,True,QUADRUPLE,4.0,True,True,PARALLEL,False,placebo/sham,True,,,,,True,False,False,False,False,0,False,NO,False,False
NCT02584452,2015.0,<=2015,NA,both,2,59.0,OTHER,COMPLETED,RANDOMIZED,True,NONE,0.0,False,False,PARALLEL,True,active,True,57.0,53.0,0.07017543859649122,True,False,True,False,True,False,0,False,NO,False,False
NCT04900116,2021.0,2021-2026,NA,drug,4,84.0,OTHER,COMPLETED,RANDOMIZED,True,TRIPLE,3.0,True,True,PARALLEL,True,placebo/sham,True,,,,,False,False,True,False,True,1,True,,False,False
NCT05904184,2020.0,2016-2020,PHASE3,drug,2,42.0,OTHER,COMPLETED,RANDOMIZED,True,SINGLE,1.0,True,False,PARALLEL,False,active,True,,,,,True,True,False,False,False,0,False,NO,False,
NCT03946306,2020.0,2016-2020,NA,both,2,80.0,OTHER,COMPLETED,RANDOMIZED,True,SINGLE,1.0,True,False,PARALLEL,True,active,True,,,,,False,False,False,False,False,0,False,NO,False,True
NCT04443634,2020.0,2016-2020,NA,both,3,88.0,OTHER,UNKNOWN,RANDOMIZED,True,TRIPLE,3.0,True,True,PARALLEL,True,none/single-group,False,,,,,False,True,True,False,False,0,False,NO,False,False
NCT03695640,2018.0,2016-2020,PHASE4,both,2,60.0,OTHER,UNKNOWN,RANDOMIZED,True,SINGLE,1.0,True,False,PARALLEL,False,active,True,,,,,True,True,False,False,False,0,False,NO,False,False
NCT03410836,2019.0,2016-2020,PHASE4,drug,2,60.0,OTHER,UNKNOWN,RANDOMIZED,True,QUADRUPLE,4.0,True,True,PARALLEL,False,placebo/sham,True,,,,,True,True,False,False,False,0,False,NO,False,False
NCT02777970,2016.0,2016-2020,PHASE4,drug,3,654.0,INDUSTRY,COMPLETED,RANDOMIZED,True,QUADRUPLE,4.0,True,True,PARALLEL,True,placebo/sham,True,654.0,652.0,0.003058103975535187,True,True,True,True,True,False,1,True,NO,False,False
NCT01911949,2017.0,2016-2020,NA,drug,2,24.0,OTHER,COMPLETED,RANDOMIZED,True,QUADRUPLE,4.0,True,True,PARALLEL,False,placebo/sham,True,,,,,False,True,False,False,False,0,False,,False,False
NCT06710405,2024.0,2021-2026,PHASE4,drug,2,80.0,OTHER,RECRUITING,RANDOMIZED,True,QUADRUPLE,4.0,True,True,PARALLEL,False,placebo/sham,True,,,,,True,True,False,False,False,0,False,UNDECIDED,False,True
NCT00716833,2006.0,<=2015,PHASE3,drug,2,87.0,OTHER,TERMINATED,RANDOMIZED,True,QUADRUPLE,4.0,True,True,FACTORIAL,False,placebo/sham,True,,,,,True,True,False,False,False,1,True,,False,True
NCT00487110,2008.0,<=2015,PHASE4,drug,0,40.0,OTHER,COMPLETED,RANDOMIZED,True,DOUBLE,2.0,True,True,PARALLEL,False,none/single-group,False,,,,,True,True,False,False,False,0,False,,False,
NCT01677143,2013.0,<=2015,PHASE4,drug,2,24.0,OTHER_GOV,COMPLETED,RANDOMIZED,True,QUADRUPLE,4.0,True,True,PARALLEL,False,placebo/sham,True,,,,,True,False,False,False,False,0,False,,False,False
NCT02184273,2002.0,<=2015,PHASE4,drug,2,122.0,INDUSTRY,COMPLETED,RANDOMIZED,True,DOUBLE,2.0,True,True,PARALLEL,True,placebo/sham,True,,,,,True,True,False,False,False,0,False,,False,
NCT03034733,2017.0,2016-2020,PHASE4,drug,3,27.0,OTHER,TERMINATED,RANDOMIZED,True,QUADRUPLE,4.0,True,True,PARALLEL,False,placebo/sham,True,,,,,True,True,True,False,False,0,False,NO,False,False
NCT02084511,2014.0,<=2015,PHASE1,drug,4,80.0,INDUSTRY,COMPLETED,RANDOMIZED,True,DOUBLE,2.0,True,True,PARALLEL,True,none/single-group,False,80.0,80.0,0.0,True,False,True,True,True,False,0,False,,False,
NCT06148168,2024.0,2021-2026,PHASE2;PHASE3,drug,3,72.0,OTHER,UNKNOWN,RANDOMIZED,True,TRIPLE,3.0,True,True,PARALLEL,False,active,True,,,,,True,True,True,False,False,0,False,,False,
NCT01323595,2011.0,<=2015,NA,drug,2,78.0,OTHER,TERMINATED,RANDOMIZED,True,TRIPLE,3.0,True,True,PARALLEL,True,placebo/sham,True,78.0,34.0,0.5641025641025641,False,False,True,False,True,False,0,False,,False,False
NCT02720692,2016.0,2016-2020,PHASE3,drug,2,722.0,INDUSTRY,COMPLETED,RANDOMIZED,True,QUADRUPLE,4.0,True,True,PARALLEL,True,placebo/sham,True,722.0,706.0,0.02216066481994461,True,True,True,False,True,False,3,True,UNDECIDED,False,False
NCT05498870,2022.0,2021-2026,PHASE4,drug,2,82.0,OTHER,COMPLETED,RANDOMIZED,True,SINGLE,1.0,True,False,PARALLEL,False,active,True,82.0,72.0,0.12195121951219512,True,True,True,False,True,False,1,True,,False,True
NCT04668456,2020.0,2016-2020,PHASE3,drug,3,75.0,OTHER,UNKNOWN,RANDOMIZED,True,DOUBLE,2.0,True,True,PARALLEL,False,placebo/sham,True,,,,,True,True,True,False,False,0,False,NO,False,True
NCT03731364,2018.0,2016-2020,PHASE2,drug,5,55.0,INDUSTRY,COMPLETED,RANDOMIZED,True,QUADRUPLE,4.0,True,True,PARALLEL,True,placebo/sham,True,55.0,51.0,0.07272727272727275,True,False,True,True,True,False,0,False,NO,False,False
NCT04387617,2021.0,2021-2026,PHASE2;PHASE3,drug,2,90.0,OTHER,COMPLETED,RANDOMIZED,True,DOUBLE,2.0,True,True,PARALLEL,False,placebo/sham,True,90.0,90.0,0.0,True,True,False,False,True,False,0,False,NO,False,
NCT02476422,2015.0,<=2015,PHASE3,drug,2,328.0,INDUSTRY,COMPLETED,RANDOMIZED,True,DOUBLE,2.0,True,True,PARALLEL,True,active,True,328.0,327.0,0.0030487804878048808,True,True,True,False,True,False,0,False,,False,False
NCT06685081,2024.0,2021-2026,NA,drug,5,150.0,OTHER,COMPLETED,RANDOMIZED,True,DOUBLE,2.0,True,True,PARALLEL,True,active,True,,,,,False,True,True,False,False,0,False,,False,
NCT00724685,2008.0,<=2015,PHASE4,drug,2,34.0,OTHER,TERMINATED,RANDOMIZED,True,TRIPLE,3.0,True,True,PARALLEL,False,placebo/sham,True,,,,,True,True,False,False,False,0,False,,False,
NCT03415191,2012.0,<=2015,NA,drug,2,75.0,OTHER,COMPLETED,RANDOMIZED,True,QUADRUPLE,4.0,True,True,PARALLEL,True,placebo/sham,True,,,,,False,True,False,False,False,0,False,NO,False,
NCT00375362,2006.0,<=2015,NA,drug,0,50.0,OTHER,UNKNOWN,RANDOMIZED,True,DOUBLE,2.0,True,True,PARALLEL,True,none/single-group,False,,,,,False,True,False,False,False,0,False,,False,
NCT02502591,2015.0,<=2015,PHASE2,drug,2,21.0,OTHER,COMPLETED,RANDOMIZED,True,DOUBLE,2.0,True,True,PARALLEL,False,no-intervention,True,,,,,False,True,False,False,False,0,False,NO,False,False
NCT05840406,2024.0,2021-2026,NA,both,3,105.0,OTHER,COMPLETED,RANDOMIZED,True,SINGLE,1.0,True,False,PARALLEL,True,active,True,,,,,False,False,True,False,False,0,False,NO,False,False
NCT06807554,2022.0,2021-2026,EARLY_PHASE1,drug,2,92.0,OTHER,COMPLETED,RANDOMIZED,True,QUADRUPLE,4.0,True,True,PARALLEL,True,active,True,,,,,False,True,False,False,False,1,True,NO,False,False
NCT04874038,2021.0,2021-2026,PHASE3,drug,2,1602.0,OTHER,RECRUITING,RANDOMIZED,True,QUADRUPLE,4.0,True,True,PARALLEL,True,placebo/sham,True,,,,,True,False,False,False,False,1,True,NO,False,True
NCT01494259,2016.0,2016-2020,PHASE4,drug,2,0.0,OTHER,WITHDRAWN,RANDOMIZED,True,DOUBLE,2.0,True,True,PARALLEL,False,placebo/sham,True,,,,,True,True,False,False,False,0,False,,False,False
NCT04034836,2019.0,2016-2020,PHASE4,drug,3,132.0,OTHER,UNKNOWN,RANDOMIZED,True,DOUBLE,2.0,True,True,PARALLEL,True,active,True,,,,,True,False,True,False,False,0,False,YES,True,True
NCT05621161,2022.0,2021-2026,NA,drug,2,60.0,OTHER_GOV,COMPLETED,RANDOMIZED,True,DOUBLE,2.0,True,True,PARALLEL,True,active,True,,,,,False,True,False,False,False,1,True,NO,False,False
NCT02112864,2014.0,<=2015,NA,drug,2,60.0,OTHER,UNKNOWN,RANDOMIZED,True,QUADRUPLE,4.0,True,True,PARALLEL,True,placebo/sham,True,,,,,False,False,False,False,False,0,False,YES,True,False
NCT03838133,2019.0,2016-2020,PHASE2,drug,6,150.0,INDUSTRY,COMPLETED,RANDOMIZED,True,QUADRUPLE,4.0,True,True,PARALLEL,True,placebo/sham,True,,,,,False,False,True,False,False,0,False,NO,False,
NCT05565235,2022.0,2021-2026,PHASE4,drug,3,78.0,OTHER,UNKNOWN,RANDOMIZED,True,DOUBLE,2.0,True,True,PARALLEL,False,active,True,,,,,True,False,True,False,False,0,False,NO,False,False
NCT00378547,2006.0,<=2015,PHASE4,drug,3,147.0,OTHER,TERMINATED,RANDOMIZED,True,QUADRUPLE,4.0,True,True,PARALLEL,True,placebo/sham,True,,,,,True,True,True,False,False,0,False,,False,True
NCT04812860,2020.0,2016-2020,PHASE2,drug,5,187.0,INDUSTRY,COMPLETED,RANDOMIZED,True,QUADRUPLE,4.0,True,True,PARALLEL,True,placebo/sham,True,,,,,False,True,True,False,False,0,False,,False,
NCT04019834,2020.0,2016-2020,EARLY_PHASE1,drug,2,21.0,OTHER,COMPLETED,RANDOMIZED,True,TRIPLE,3.0,True,True,PARALLEL,False,placebo/sham,True,,,,,False,False,False,False,False,0,False,NO,False,False
NCT02296840,2014.0,<=2015,PHASE4,drug,2,45.0,OTHER,TERMINATED,RANDOMIZED,True,SINGLE,1.0,True,False,PARALLEL,False,active,True,45.0,17.0,0.6222222222222222,False,True,True,False,True,False,0,False,UNDECIDED,False,True
NCT01203644,2004.0,<=2015,PHASE2,drug,2,76.0,INDUSTRY,COMPLETED,RANDOMIZED,True,DOUBLE,2.0,True,True,PARALLEL,True,active,True,76.0,76.0,0.0,True,False,True,False,True,False,1,True,,False,False
NCT00468845,2007.0,<=2015,PHASE3,drug,3,501.0,INDUSTRY,COMPLETED,RANDOMIZED,True,DOUBLE,2.0,True,True,PARALLEL,True,placebo/sham,True,501.0,416.0,0.1696606786427146,True,True,True,True,True,False,1,True,,False,True
NCT04443556,2020.0,2016-2020,NA,drug,2,40.0,OTHER,COMPLETED,RANDOMIZED,True,DOUBLE,2.0,True,True,PARALLEL,True,active,True,,,,,False,False,False,False,False,0,False,,False,False
NCT06367595,2024.0,2021-2026,PHASE2,drug,3,90.0,OTHER,NOT_YET_RECRUITING,RANDOMIZED,True,DOUBLE,2.0,True,True,PARALLEL,True,placebo/sham,True,,,,,False,False,True,False,False,0,False,NO,False,
NCT03789318,2018.0,2016-2020,PHASE2,drug,5,54.0,INDUSTRY,COMPLETED,RANDOMIZED,True,TRIPLE,3.0,True,True,PARALLEL,True,placebo/sham,True,54.0,50.0,0.07407407407407407,True,False,True,True,True,False,0,False,NO,False,True
NCT00819988,2009.0,<=2015,PHASE3,drug,2,240.0,OTHER,COMPLETED,RANDOMIZED,True,QUADRUPLE,4.0,True,True,PARALLEL,True,placebo/sham,True,,,,,True,False,False,False,False,0,False,,False,False
NCT04732000,2021.0,2021-2026,PHASE2,drug,2,30.0,OTHER,COMPLETED,RANDOMIZED,True,QUADRUPLE,4.0,True,True,PARALLEL,False,placebo/sham,True,24.0,21.0,0.125,True,False,False,False,True,False,0,False,NO,False,
NCT01559480,2012.0,<=2015,NA,drug,2,40.0,OTHER,COMPLETED,RANDOMIZED,True,QUADRUPLE,4.0,True,True,PARALLEL,True,placebo/sham,True,,,,,False,True,False,False,False,1,True,,False,False
NCT04754451,2021.0,2021-2026,PHASE4,drug,2,32.0,OTHER,COMPLETED,RANDOMIZED,True,TRIPLE,3.0,True,True,PARALLEL,False,no-intervention,True,,,,,True,True,False,False,False,1,True,,False,
NCT05834023,2023.0,2021-2026,PHASE4,drug,2,40.0,OTHER,COMPLETED,RANDOMIZED,True,QUADRUPLE,4.0,True,True,PARALLEL,False,active,True,,,,,True,False,False,False,False,1,True,,False,True
NCT02299271,2014.0,<=2015,PHASE4,drug,2,72.0,OTHER,TERMINATED,RANDOMIZED,True,QUADRUPLE,4.0,True,True,PARALLEL,False,placebo/sham,True,,,,,True,True,False,False,False,0,False,,False,True
NCT07276906,2026.0,2021-2026,PHASE4,both,2,300.0,OTHER,NOT_YET_RECRUITING,RANDOMIZED,True,QUADRUPLE,4.0,True,True,PARALLEL,True,active,True,,,,,True,True,False,False,True,0,False,NO,False,
NCT06843174,2025.0,2021-2026,PHASE4,drug,2,40.0,OTHER,RECRUITING,RANDOMIZED,True,TRIPLE,3.0,True,True,PARALLEL,False,placebo/sham,True,,,,,True,False,False,False,False,0,False,NO,False,False
NCT00869037,2009.0,<=2015,PHASE4,drug,2,90.0,OTHER,UNKNOWN,RANDOMIZED,True,QUADRUPLE,4.0,True,True,PARALLEL,False,active,True,,,,,True,True,False,False,False,1,True,,False,
NCT04223219,2019.0,2016-2020,PHASE4,drug,3,90.0,OTHER,UNKNOWN,RANDOMIZED,True,TRIPLE,3.0,True,True,PARALLEL,False,placebo/sham,True,,,,,True,True,True,False,False,0,False,UNDECIDED,False,
NCT05194904,2022.0,2021-2026,PHASE2;PHASE3,drug,2,60.0,OTHER,UNKNOWN,RANDOMIZED,True,NONE,0.0,False,False,SINGLE_GROUP,False,active,True,,,,,True,False,False,False,True,0,False,NO,False,
NCT01904149,2013.0,<=2015,PHASE3,drug,6,606.0,INDUSTRY,COMPLETED,RANDOMIZED,True,TRIPLE,3.0,True,True,PARALLEL,True,active,True,606.0,576.0,0.04950495049504955,True,True,True,True,True,True,0,False,,False,False
NCT04534426,2018.0,2016-2020,PHASE4,drug,3,60.0,OTHER,COMPLETED,RANDOMIZED,True,NONE,0.0,False,False,PARALLEL,False,active,True,,,,,True,False,True,False,True,1,True,YES,True,
NCT06577233,2024.0,2021-2026,PHASE4,drug,2,60.0,OTHER,RECRUITING,RANDOMIZED,True,SINGLE,1.0,True,False,PARALLEL,False,placebo/sham,True,,,,,True,True,False,False,False,0,False,NO,False,False
NCT02393066,2014.0,<=2015,PHASE4,drug,2,60.0,OTHER,COMPLETED,RANDOMIZED,True,SINGLE,1.0,True,False,PARALLEL,False,active,True,,,,,True,True,False,False,False,0,False,,False,False
NCT07349810,2026.0,2021-2026,PHASE4,both,2,80.0,OTHER,RECRUITING,NON_RANDOMIZED,False,QUADRUPLE,4.0,True,True,SEQUENTIAL,False,active,True,,,,,True,True,False,False,False,0,False,YES,True,
NCT02605187,2015.0,<=2015,NA,drug,4,160.0,OTHER,COMPLETED,RANDOMIZED,True,TRIPLE,3.0,True,True,PARALLEL,True,active,True,160.0,138.0,0.13749999999999996,True,False,True,True,True,False,1,True,,False,True
NCT04457986,2020.0,2016-2020,PHASE4,drug,3,81.0,OTHER,COMPLETED,RANDOMIZED,True,SINGLE,1.0,True,False,PARALLEL,False,active,True,,,,,True,True,True,False,True,0,False,NO,False,False
NCT06447194,2025.0,2021-2026,PHASE1;PHASE2,drug,2,0.0,OTHER,WITHDRAWN,RANDOMIZED,True,QUADRUPLE,4.0,True,True,PARALLEL,False,placebo/sham,True,,,,,False,True,False,False,False,0,False,NO,False,True
NCT05109312,2021.0,2021-2026,PHASE4,both,4,90.0,INDUSTRY,UNKNOWN,RANDOMIZED,True,DOUBLE,2.0,True,True,PARALLEL,False,active,True,,,,,True,True,True,False,False,0,False,UNDECIDED,False,
NCT06507995,2021.0,2021-2026,NA,drug,2,100.0,OTHER,COMPLETED,RANDOMIZED,True,DOUBLE,2.0,True,True,PARALLEL,True,none/single-group,False,,,,,False,False,False,False,False,0,False,,False,
NCT04430088,2020.0,2016-2020,PHASE3,drug,2,300.0,INDUSTRY,UNKNOWN,RANDOMIZED,True,QUADRUPLE,4.0,True,True,PARALLEL,True,placebo/sham,True,,,,,True,True,False,False,False,0,False,,False,False
NCT01662401,2008.0,<=2015,PHASE2,drug,2,66.0,OTHER,COMPLETED,RANDOMIZED,True,TRIPLE,3.0,True,True,PARALLEL,True,none/single-group,False,,,,,False,False,False,False,False,0,False,,False,True
NCT03125941,2017.0,2016-2020,PHASE4,drug,2,130.0,OTHER,COMPLETED,RANDOMIZED,True,QUADRUPLE,4.0,True,True,PARALLEL,True,active,True,130.0,127.0,0.023076923076923106,True,True,True,False,True,False,0,False,NO,False,True
NCT03758170,2019.0,2016-2020,PHASE4,drug,2,160.0,OTHER,COMPLETED,RANDOMIZED,True,QUADRUPLE,4.0,True,True,PARALLEL,True,active,True,,,,,True,True,False,False,False,1,True,YES,True,True
NCT03167047,2016.0,2016-2020,NA,both,2,50.0,OTHER,UNKNOWN,RANDOMIZED,True,SINGLE,1.0,True,False,PARALLEL,True,active,True,,,,,False,False,False,False,False,0,False,UNDECIDED,False,True
NCT07525986,2026.0,2021-2026,PHASE4,drug,4,140.0,OTHER,RECRUITING,RANDOMIZED,True,QUADRUPLE,4.0,True,True,PARALLEL,True,active,True,,,,,True,False,True,False,False,0,False,NO,False,False
NCT02693821,2015.0,<=2015,PHASE4,drug,2,122.0,OTHER,COMPLETED,RANDOMIZED,True,DOUBLE,2.0,True,True,PARALLEL,True,placebo/sham,True,,,,,True,False,False,False,False,0,False,NO,False,True
NCT04239794,2020.0,2016-2020,NA,drug,2,468.0,OTHER,UNKNOWN,RANDOMIZED,True,TRIPLE,3.0,True,True,PARALLEL,True,active,True,,,,,False,False,False,False,False,0,False,NO,False,True
NCT01827020,2013.0,<=2015,PHASE4,drug,3,90.0,OTHER,COMPLETED,RANDOMIZED,True,QUADRUPLE,4.0,True,True,PARALLEL,False,placebo/sham,True,,,,,True,True,True,False,True,0,False,,False,True
NCT01928849,2013.0,<=2015,PHASE2,drug,2,128.0,OTHER,COMPLETED,RANDOMIZED,True,QUADRUPLE,4.0,True,True,PARALLEL,True,placebo/sham,True,128.0,107.0,0.1640625,True,False,False,False,True,False,0,False,,False,True
NCT06423716,2024.0,2021-2026,PHASE4,drug,2,150.0,OTHER,RECRUITING,RANDOMIZED,True,QUADRUPLE,4.0,True,True,PARALLEL,True,placebo/sham,True,,,,,True,True,False,False,False,0,False,YES,True,False
NCT03322878,2017.0,2016-2020,PHASE4,drug,3,90.0,OTHER,UNKNOWN,RANDOMIZED,True,TRIPLE,3.0,True,True,PARALLEL,False,placebo/sham,True,,,,,True,False,True,False,False,0,False,,False,
NCT04784104,2021.0,2021-2026,PHASE4,both,2,70.0,OTHER,UNKNOWN,RANDOMIZED,True,SINGLE,1.0,True,False,PARALLEL,False,none/single-group,False,,,,,True,True,False,False,False,0,False,NO,False,True
NCT01430182,2011.0,<=2015,NA,drug,2,17.0,OTHER,TERMINATED,RANDOMIZED,True,QUADRUPLE,4.0,True,True,PARALLEL,False,active,True,17.0,17.0,0.0,True,False,True,False,True,False,0,False,NO,False,False
NCT03667001,2018.0,2016-2020,PHASE3,drug,2,140.0,OTHER,COMPLETED,RANDOMIZED,True,QUADRUPLE,4.0,True,True,PARALLEL,True,placebo/sham,True,,,,,True,True,False,False,False,1,True,,False,False
NCT04976842,2019.0,2016-2020,NA,both,2,200.0,OTHER,UNKNOWN,RANDOMIZED,True,DOUBLE,2.0,True,True,PARALLEL,True,active,True,,,,,False,True,False,False,False,0,False,,False,
NCT02358850,2016.0,2016-2020,PHASE4,drug,3,27.0,OTHER,TERMINATED,RANDOMIZED,True,NONE,0.0,False,False,PARALLEL,False,active,True,,,,,True,True,True,False,False,0,False,,False,False
NCT07455565,2025.0,2021-2026,NA,both,2,100.0,OTHER,RECRUITING,RANDOMIZED,True,NONE,0.0,False,False,PARALLEL,True,active,True,,,,,False,True,False,False,False,0,False,NO,False,False
NCT01041378,2010.0,<=2015,NA,drug,0,80.0,OTHER,COMPLETED,RANDOMIZED,True,DOUBLE,2.0,True,True,PARALLEL,True,none/single-group,False,,,,,False,False,False,False,False,1,True,,False,False
NCT06410612,2024.0,2021-2026,PHASE4,drug,2,174.0,OTHER,COMPLETED,RANDOMIZED,True,SINGLE,1.0,True,False,PARALLEL,True,active,True,174.0,140.0,0.1954022988505747,True,True,False,False,True,False,0,False,NO,False,False
NCT01374763,2011.0,<=2015,PHASE4,drug,2,165.0,OTHER,COMPLETED,NON_RANDOMIZED,False,NONE,0.0,False,False,SINGLE_GROUP,True,active,True,,,,,True,True,False,False,False,0,False,,False,False
NCT05533684,2022.0,2021-2026,EARLY_PHASE1,drug,2,50.0,OTHER,COMPLETED,RANDOMIZED,True,DOUBLE,2.0,True,True,PARALLEL,True,no-intervention,True,,,,,False,False,False,False,False,0,False,NO,False,False
NCT05033093,2021.0,2021-2026,NA,drug,3,84.0,OTHER,UNKNOWN,RANDOMIZED,True,SINGLE,1.0,True,False,PARALLEL,True,active,True,,,,,False,True,True,False,False,0,False,NO,False,False
NCT04230980,2020.0,2016-2020,PHASE3,drug,2,74.0,OTHER,COMPLETED,RANDOMIZED,True,DOUBLE,2.0,True,True,PARALLEL,False,placebo/sham,True,74.0,70.0,0.05405405405405406,True,True,True,False,True,False,1,True,NO,False,True
NCT01690663,2012.0,<=2015,NA,drug,4,89.0,OTHER,COMPLETED,RANDOMIZED,True,DOUBLE,2.0,True,True,PARALLEL,True,placebo/sham,True,89.0,76.0,0.1460674157303371,True,False,True,True,True,False,0,False,,False,True
NCT00224588,2003.0,<=2015,PHASE3,drug,0,80.0,OTHER,COMPLETED,RANDOMIZED,True,DOUBLE,2.0,True,True,PARALLEL,False,none/single-group,False,,,,,True,True,False,False,False,0,False,,False,
NCT04508504,2020.0,2016-2020,NA,both,2,70.0,OTHER,COMPLETED,RANDOMIZED,True,TRIPLE,3.0,True,True,PARALLEL,True,placebo/sham,True,,,,,False,True,False,False,False,1,True,NO,False,False
NCT04834440,2021.0,2021-2026,PHASE4,drug,0,45.0,OTHER,UNKNOWN,NA,False,NONE,0.0,False,False,SINGLE_GROUP,False,none/single-group,False,,,,,True,True,False,False,False,0,False,NO,False,
NCT01850017,2012.0,<=2015,PHASE4,drug,2,142.0,OTHER,COMPLETED,RANDOMIZED,True,QUADRUPLE,4.0,True,True,PARALLEL,True,no-intervention,True,,,,,True,True,False,False,False,0,False,,False,False
NCT05630404,2022.0,2021-2026,NA,drug,3,90.0,OTHER_GOV,COMPLETED,RANDOMIZED,True,TRIPLE,3.0,True,True,PARALLEL,True,active,True,,,,,False,True,True,False,False,0,False,NO,False,False
NCT00624845,2007.0,<=2015,PHASE2;PHASE3,drug,2,200.0,INDUSTRY,COMPLETED,RANDOMIZED,True,QUADRUPLE,4.0,True,True,PARALLEL,True,placebo/sham,True,,,,,True,True,False,False,False,0,False,,False,False
NCT07558044,2024.0,2021-2026,PHASE4,drug,2,420.0,OTHER,COMPLETED,RANDOMIZED,True,QUADRUPLE,4.0,True,True,PARALLEL,True,none/single-group,False,,,,,True,True,False,False,False,0,False,UNDECIDED,False,False
NCT03675646,2016.0,2016-2020,PHASE4,drug,2,98.0,OTHER,COMPLETED,RANDOMIZED,True,SINGLE,1.0,True,False,SINGLE_GROUP,False,no-intervention,True,,,,,True,True,False,False,False,0,False,NO,False,False
NCT03156322,2016.0,2016-2020,NA,drug,3,81.0,OTHER,COMPLETED,RANDOMIZED,True,QUADRUPLE,4.0,True,True,PARALLEL,True,active,True,,,,,False,True,True,False,True,0,False,NO,False,False
NCT02077140,2014.0,<=2015,PHASE2,drug,2,192.0,INDUSTRY,COMPLETED,RANDOMIZED,True,DOUBLE,2.0,True,True,PARALLEL,True,active,True,192.0,175.0,0.08854166666666663,True,False,True,False,True,False,0,False,,False,True
NCT02180087,2014.0,<=2015,PHASE2,drug,4,100.0,OTHER,UNKNOWN,RANDOMIZED,True,DOUBLE,2.0,True,True,PARALLEL,True,placebo/sham,True,,,,,False,True,True,False,False,1,True,,False,
NCT03591146,2018.0,2016-2020,PHASE1;PHASE2,drug,5,65.0,INDUSTRY,COMPLETED,RANDOMIZED,True,QUADRUPLE,4.0,True,True,SEQUENTIAL,True,active,True,16.0,15.0,0.0625,True,False,False,True,True,False,0,False,NO,False,True
NCT05008367,2018.0,2016-2020,PHASE4,drug,3,485.0,OTHER,COMPLETED,RANDOMIZED,True,QUADRUPLE,4.0,True,True,PARALLEL,True,placebo/sham,True,,,,,True,True,True,False,False,0,False,UNDECIDED,False,False
NCT07488832,2026.0,2021-2026,NA,drug,2,110.0,OTHER,RECRUITING,RANDOMIZED,True,QUADRUPLE,4.0,True,True,PARALLEL,True,placebo/sham,True,,,,,False,True,False,False,False,0,False,NO,False,False
NCT04715165,2021.0,2021-2026,PHASE2,drug,2,80.0,OTHER,UNKNOWN,RANDOMIZED,True,QUADRUPLE,4.0,True,True,PARALLEL,True,placebo/sham,True,,,,,False,False,False,False,False,1,True,,False,False
NCT02716129,2016.0,2016-2020,PHASE2,drug,2,80.0,OTHER,COMPLETED,RANDOMIZED,True,DOUBLE,2.0,True,True,PARALLEL,True,active,True,,,,,False,False,False,False,False,0,False,UNDECIDED,False,False
NCT04248205,2020.0,2016-2020,PHASE4,drug,2,100.0,OTHER,RECRUITING,RANDOMIZED,True,SINGLE,1.0,True,False,PARALLEL,True,active,True,,,,,True,True,False,False,False,0,False,NO,False,False
NCT04622735,2020.0,2016-2020,PHASE3,drug,3,321.0,INDUSTRY,COMPLETED,RANDOMIZED,True,DOUBLE,2.0,True,True,PARALLEL,True,active,True,321.0,315.0,0.01869158878504673,True,True,True,True,True,False,0,False,NO,False,False
NCT02043366,2014.0,<=2015,NA,drug,6,180.0,OTHER,COMPLETED,RANDOMIZED,True,DOUBLE,2.0,True,True,PARALLEL,True,placebo/sham,True,180.0,168.0,0.06666666666666665,True,False,False,True,True,False,1,True,,False,True
NCT05885230,2023.0,2021-2026,NA,both,2,138.0,OTHER,RECRUITING,RANDOMIZED,True,SINGLE,1.0,True,False,PARALLEL,True,active,True,,,,,False,False,False,False,False,0,False,,False,
NCT02412930,2012.0,<=2015,PHASE4,both,2,53.0,OTHER,COMPLETED,RANDOMIZED,True,SINGLE,1.0,True,False,PARALLEL,False,placebo/sham,True,,,,,True,True,False,False,False,1,True,,False,False
NCT02156154,2014.0,<=2015,PHASE3,drug,2,580.0,OTHER,COMPLETED,RANDOMIZED,True,QUADRUPLE,4.0,True,True,PARALLEL,True,placebo/sham,True,580.0,570.0,0.017241379310344862,True,True,True,False,True,False,1,True,,False,False
NCT03610893,2018.0,2016-2020,NA,drug,2,120.0,OTHER,COMPLETED,RANDOMIZED,True,TRIPLE,3.0,True,True,PARALLEL,True,active,True,,,,,False,True,False,False,True,1,True,NO,False,True
NCT01960114,2013.0,<=2015,PHASE2,drug,2,403.0,INDUSTRY,COMPLETED,RANDOMIZED,True,QUADRUPLE,4.0,True,True,PARALLEL,True,placebo/sham,True,403.0,401.0,0.00496277915632759,True,False,True,False,True,False,0,False,,False,False
NCT02152514,2013.0,<=2015,PHASE4,both,2,34.0,OTHER,TERMINATED,RANDOMIZED,True,TRIPLE,3.0,True,True,PARALLEL,False,placebo/sham,True,,,,,True,False,False,False,False,0,False,,False,False
NCT02912650,2015.0,<=2015,PHASE3,drug,4,568.0,INDUSTRY,COMPLETED,RANDOMIZED,True,QUADRUPLE,4.0,True,True,PARALLEL,True,active,True,568.0,560.0,0.014084507042253502,True,True,True,True,True,False,0,False,,False,False
NCT02604940,2014.0,<=2015,PHASE4,drug,2,46.0,OTHER,COMPLETED,RANDOMIZED,True,DOUBLE,2.0,True,True,PARALLEL,False,active,True,46.0,46.0,0.0,True,True,False,False,True,False,1,True,NO,False,True
NCT07294755,2026.0,2021-2026,NA,drug,3,300.0,OTHER,NOT_YET_RECRUITING,RANDOMIZED,True,NONE,0.0,False,False,PARALLEL,True,placebo/sham,True,,,,,False,True,True,False,False,0,False,,False,False
NCT01759277,2012.0,<=2015,PHASE4,drug,2,80.0,OTHER,COMPLETED,RANDOMIZED,True,NONE,0.0,False,False,PARALLEL,False,active,True,80.0,80.0,0.0,True,True,True,False,True,False,0,False,NO,False,False
NCT01205997,2010.0,<=2015,PHASE1;PHASE2,drug,3,90.0,OTHER,COMPLETED,RANDOMIZED,True,QUADRUPLE,4.0,True,True,PARALLEL,True,placebo/sham,True,,,,,False,False,True,False,False,0,False,,False,True
NCT05929755,2023.0,2021-2026,PHASE4,drug,2,80.0,OTHER,RECRUITING,RANDOMIZED,True,SINGLE,1.0,True,False,PARALLEL,False,placebo/sham,True,,,,,True,False,False,False,False,0,False,NO,False,False
NCT02697955,2016.0,2016-2020,PHASE4,drug,2,18.0,OTHER,COMPLETED,RANDOMIZED,True,QUADRUPLE,4.0,True,True,PARALLEL,False,placebo/sham,True,,,,,True,False,False,False,False,1,True,UNDECIDED,False,True
NCT01460667,2011.0,<=2015,NA,drug,2,85.0,OTHER,UNKNOWN,RANDOMIZED,True,QUADRUPLE,4.0,True,True,PARALLEL,True,placebo/sham,True,,,,,False,True,False,False,True,0,False,,False,True
NCT04947566,2019.0,2016-2020,PHASE4,drug,2,116.0,OTHER,COMPLETED,RANDOMIZED,True,SINGLE,1.0,True,False,PARALLEL,True,none/single-group,False,,,,,True,False,False,False,False,0,False,,False,True
NCT00908375,2009.0,<=2015,PHASE4,drug,2,39.0,OTHER,COMPLETED,RANDOMIZED,True,DOUBLE,2.0,True,True,PARALLEL,False,placebo/sham,True,39.0,19.0,0.5128205128205128,False,True,True,False,True,False,0,False,,False,False
NCT02539628,2015.0,<=2015,PHASE4,drug,2,110.0,OTHER,COMPLETED,RANDOMIZED,True,TRIPLE,3.0,True,True,PARALLEL,True,active,True,,,,,True,True,False,False,False,1,True,,False,True
NCT06704698,2024.0,2021-2026,NA,drug,2,132.0,OTHER,RECRUITING,RANDOMIZED,True,TRIPLE,3.0,True,True,PARALLEL,True,none/single-group,False,,,,,False,True,False,False,False,0,False,YES,True,
NCT06996561,2025.0,2021-2026,PHASE2;PHASE3,drug,1,263.0,OTHER,RECRUITING,NA,False,NONE,0.0,False,False,SINGLE_GROUP,True,none/single-group,False,,,,,True,False,False,False,True,0,False,YES,True,True
NCT04495374,2019.0,2016-2020,PHASE4,drug,2,58.0,OTHER,TERMINATED,RANDOMIZED,True,TRIPLE,3.0,True,True,PARALLEL,False,placebo/sham,True,58.0,55.0,0.051724137931034475,True,True,False,False,True,False,0,False,NO,False,True
NCT02652156,2015.0,<=2015,PHASE3,drug,3,14.0,OTHER,TERMINATED,RANDOMIZED,True,NONE,0.0,False,False,PARALLEL,False,active,True,14.0,13.0,0.0714285714285714,True,True,True,True,True,False,0,False,,False,False
NCT05939635,2023.0,2021-2026,NA,both,2,66.0,OTHER,COMPLETED,RANDOMIZED,True,QUADRUPLE,4.0,True,True,PARALLEL,True,active,True,,,,,False,True,False,False,False,0,False,,False,False
NCT03011333,2017.0,2016-2020,PHASE2,drug,7,243.0,INDUSTRY,COMPLETED,RANDOMIZED,True,DOUBLE,2.0,True,True,PARALLEL,True,placebo/sham,True,243.0,228.0,0.06172839506172845,True,False,True,True,True,False,0,False,,False,False
NCT05644873,2023.0,2021-2026,NA,drug,2,48.0,OTHER,COMPLETED,RANDOMIZED,True,DOUBLE,2.0,True,True,PARALLEL,True,active,True,,,,,False,False,False,False,True,0,False,,False,
NCT06215859,2023.0,2021-2026,PHASE3,both,3,579.0,INDUSTRY,COMPLETED,RANDOMIZED,True,QUADRUPLE,4.0,True,True,PARALLEL,True,placebo/sham,True,,,,,True,True,True,False,False,0,False,,False,False
NCT07182110,2025.0,2021-2026,PHASE1,drug,2,100.0,OTHER,ACTIVE_NOT_RECRUITING,RANDOMIZED,True,DOUBLE,2.0,True,True,PARALLEL,True,active,True,,,,,False,True,False,False,True,0,False,NO,False,True
NCT06498583,2024.0,2021-2026,NA,both,2,68.0,OTHER,COMPLETED,RANDOMIZED,True,TRIPLE,3.0,True,True,PARALLEL,True,none/single-group,False,,,,,False,True,False,False,False,0,False,,False,False
NCT05110339,2019.0,2016-2020,NA,drug,2,28.0,OTHER,COMPLETED,RANDOMIZED,True,DOUBLE,2.0,True,True,PARALLEL,False,active,True,,,,,False,True,False,False,False,0,False,,False,False
NCT05993975,2021.0,2021-2026,PHASE4,drug,2,108.0,OTHER,COMPLETED,RANDOMIZED,True,DOUBLE,2.0,True,True,PARALLEL,True,active,True,,,,,True,False,False,False,False,0,False,NO,False,True
NCT01644864,2012.0,<=2015,PHASE4,drug,2,0.0,OTHER,WITHDRAWN,RANDOMIZED,True,TRIPLE,3.0,True,True,PARALLEL,False,placebo/sham,True,,,,,True,False,False,False,False,0,False,,False,True
NCT07296770,2026.0,2021-2026,PHASE3,both,2,126.0,OTHER,NOT_YET_RECRUITING,RANDOMIZED,True,NONE,0.0,False,False,PARALLEL,True,no-intervention,True,,,,,True,True,False,False,False,0,False,NO,False,True
NCT06478758,2024.0,2021-2026,PHASE4,drug,2,71.0,OTHER,COMPLETED,RANDOMIZED,True,SINGLE,1.0,True,False,PARALLEL,False,active,True,,,,,True,True,False,False,True,0,False,NO,False,True
NCT05147233,2022.0,2021-2026,PHASE3,drug,2,241.0,INDUSTRY,COMPLETED,RANDOMIZED,True,DOUBLE,2.0,True,True,PARALLEL,True,placebo/sham,True,241.0,234.0,0.02904564315352698,True,True,True,False,True,False,0,False,NO,False,False
NCT06953947,2022.0,2021-2026,NA,both,2,62.0,OTHER,COMPLETED,RANDOMIZED,True,DOUBLE,2.0,True,True,PARALLEL,True,none/single-group,False,,,,,False,True,False,False,False,0,False,UNDECIDED,False,False
NCT02302586,2014.0,<=2015,PHASE4,drug,2,60.0,OTHER,COMPLETED,RANDOMIZED,True,TRIPLE,3.0,True,True,PARALLEL,False,active,True,,,,,True,True,False,False,False,0,False,NO,False,True
NCT07486245,2025.0,2021-2026,NA,drug,3,90.0,OTHER_GOV,COMPLETED,RANDOMIZED,True,SINGLE,1.0,True,False,PARALLEL,True,none/single-group,False,,,,,False,True,True,False,False,0,False,NO,False,True
NCT02633969,2015.0,<=2015,PHASE2,drug,2,30.0,INDUSTRY,COMPLETED,NON_RANDOMIZED,False,NONE,0.0,False,False,PARALLEL,False,none/single-group,False,,,,,False,True,False,False,False,0,False,,False,False
NCT01717222,2011.0,<=2015,PHASE4,drug,2,50.0,OTHER_GOV,COMPLETED,RANDOMIZED,True,QUADRUPLE,4.0,True,True,PARALLEL,False,active,True,,,,,True,True,False,False,False,0,False,,False,True
NCT00964639,2009.0,<=2015,PHASE4,drug,2,12.0,OTHER,COMPLETED,RANDOMIZED,True,QUADRUPLE,4.0,True,True,PARALLEL,False,placebo/sham,True,,,,,True,True,False,False,False,0,False,,False,True
NCT07057336,2024.0,2021-2026,NA,drug,2,90.0,OTHER,COMPLETED,RANDOMIZED,True,SINGLE,1.0,True,False,PARALLEL,True,none/single-group,False,,,,,False,False,False,False,False,0,False,NO,False,True
NCT02229578,2014.0,<=2015,PHASE4,drug,2,34.0,OTHER,COMPLETED,RANDOMIZED,True,QUADRUPLE,4.0,True,True,PARALLEL,False,placebo/sham,True,34.0,28.0,0.17647058823529416,True,True,True,False,True,False,0,False,,False,False
NCT07257406,2018.0,2016-2020,NA,drug,2,87.0,OTHER,COMPLETED,RANDOMIZED,True,QUADRUPLE,4.0,True,True,PARALLEL,True,placebo/sham,True,,,,,False,False,False,False,False,0,False,YES,True,True
NCT06165991,2024.0,2021-2026,PHASE4,drug,2,496.0,OTHER,RECRUITING,RANDOMIZED,True,DOUBLE,2.0,True,True,PARALLEL,True,active,True,,,,,True,True,False,False,False,1,True,,False,False
NCT03339284,2017.0,2016-2020,PHASE4,drug,3,90.0,OTHER,UNKNOWN,RANDOMIZED,True,QUADRUPLE,4.0,True,True,PARALLEL,False,placebo/sham,True,,,,,True,True,True,False,False,0,False,NO,False,False
NCT02694653,2014.0,<=2015,PHASE1,drug,2,200.0,OTHER,UNKNOWN,RANDOMIZED,True,TRIPLE,3.0,True,True,PARALLEL,True,placebo/sham,True,,,,,False,True,False,False,False,1,True,YES,True,True
NCT05907213,2023.0,2021-2026,PHASE1,drug,4,12.0,OTHER,COMPLETED,NON_RANDOMIZED,False,NONE,0.0,False,False,SEQUENTIAL,False,none/single-group,False,12.0,12.0,0.0,True,False,False,True,True,False,0,False,YES,True,True
NCT02848729,2016.0,2016-2020,PHASE4,drug,2,50.0,INDUSTRY,COMPLETED,RANDOMIZED,True,SINGLE,1.0,True,False,PARALLEL,False,none/single-group,False,50.0,23.0,0.54,False,True,True,False,True,False,1,True,NO,False,False
NCT05255562,2022.0,2021-2026,NA,both,2,60.0,OTHER,COMPLETED,RANDOMIZED,True,DOUBLE,2.0,True,True,PARALLEL,True,active,True,,,,,False,True,False,False,False,0,False,,False,False
NCT00992082,2009.0,<=2015,NA,drug,2,50.0,OTHER,UNKNOWN,RANDOMIZED,True,TRIPLE,3.0,True,True,PARALLEL,True,active,True,,,,,False,True,False,False,False,0,False,,False,True
NCT03660020,2018.0,2016-2020,NA,drug,2,60.0,OTHER,UNKNOWN,RANDOMIZED,True,DOUBLE,2.0,True,True,PARALLEL,True,placebo/sham,True,,,,,False,False,False,False,False,0,False,,False,True
NCT07096635,2025.0,2021-2026,NA,drug,2,50.0,OTHER,NOT_YET_RECRUITING,RANDOMIZED,True,QUADRUPLE,4.0,True,True,PARALLEL,True,placebo/sham,True,,,,,False,False,False,False,False,0,False,,False,False
NCT02110745,2014.0,<=2015,PHASE4,drug,2,2.0,OTHER,COMPLETED,RANDOMIZED,True,DOUBLE,2.0,True,True,PARALLEL,False,none/single-group,False,,,,,True,True,False,False,True,0,False,,False,False
NCT07095816,2023.0,2021-2026,PHASE1,drug,2,182.0,OTHER,COMPLETED,RANDOMIZED,True,QUADRUPLE,4.0,True,True,PARALLEL,True,placebo/sham,True,,,,,False,True,False,False,False,0,False,YES,True,True
NCT04043624,2019.0,2016-2020,PHASE4,drug,2,80.0,OTHER,UNKNOWN,RANDOMIZED,True,DOUBLE,2.0,True,True,PARALLEL,False,placebo/sham,True,,,,,True,True,False,False,False,0,False,,False,True
NCT03043027,2017.0,2016-2020,PHASE3,drug,3,0.0,OTHER,WITHDRAWN,RANDOMIZED,True,SINGLE,1.0,True,False,PARALLEL,False,placebo/sham,True,,,,,True,True,True,False,False,0,False,NO,False,True
NCT06231355,2024.0,2021-2026,PHASE4,drug,2,61.0,OTHER,COMPLETED,RANDOMIZED,True,TRIPLE,3.0,True,True,PARALLEL,False,active,True,,,,,True,True,False,False,False,0,False,NO,False,False
NCT03796572,2019.0,2016-2020,PHASE4,drug,2,90.0,OTHER,RECRUITING,RANDOMIZED,True,DOUBLE,2.0,True,True,PARALLEL,False,placebo/sham,True,,,,,True,True,False,False,False,0,False,NO,False,False
NCT02571881,2012.0,<=2015,PHASE4,both,2,57.0,OTHER,UNKNOWN,RANDOMIZED,True,NONE,0.0,False,False,PARALLEL,False,active,True,,,,,True,True,False,False,False,0,False,UNDECIDED,False,False
NCT05958589,2022.0,2021-2026,PHASE3,both,2,70.0,OTHER,COMPLETED,RANDOMIZED,True,SINGLE,1.0,True,False,PARALLEL,False,active,True,,,,,True,True,False,False,False,0,False,NO,False,
NCT02025634,2013.0,<=2015,PHASE4,drug,2,119.0,OTHER,COMPLETED,RANDOMIZED,True,SINGLE,1.0,True,False,PARALLEL,True,placebo/sham,True,119.0,119.0,0.0,True,True,False,False,True,False,0,False,,False,False
NCT04464512,2020.0,2016-2020,PHASE4,drug,2,0.0,OTHER,WITHDRAWN,RANDOMIZED,True,SINGLE,1.0,True,False,PARALLEL,False,active,True,,,,,True,True,False,False,False,0,False,,False,False
NCT03434951,2017.0,2016-2020,PHASE4,drug,2,120.0,OTHER,UNKNOWN,RANDOMIZED,True,TRIPLE,3.0,True,True,PARALLEL,True,active,True,,,,,True,True,False,False,False,0,False,NO,False,False
NCT06495632,2024.0,2021-2026,PHASE4,drug,2,90.0,OTHER,RECRUITING,RANDOMIZED,True,NONE,0.0,False,False,PARALLEL,False,active,True,,,,,True,True,False,False,False,0,False,NO,False,False
NCT04697537,2021.0,2021-2026,PHASE3,drug,2,50.0,OTHER,COMPLETED,RANDOMIZED,True,DOUBLE,2.0,True,True,PARALLEL,False,active,True,,,,,True,True,False,False,False,0,False,YES,True,False
NCT07440576,2026.0,2021-2026,NA,drug,2,58.0,OTHER_GOV,RECRUITING,RANDOMIZED,True,QUADRUPLE,4.0,True,True,PARALLEL,True,placebo/sham,True,,,,,False,True,False,False,False,0,False,UNDECIDED,False,False
NCT04208516,2021.0,2021-2026,PHASE4,both,2,17.0,OTHER,TERMINATED,RANDOMIZED,True,SINGLE,1.0,True,False,PARALLEL,False,active,True,14.0,14.0,0.0,True,True,True,False,True,False,0,False,NO,False,False
NCT05608070,2023.0,2021-2026,PHASE4,drug,2,0.0,OTHER,WITHDRAWN,RANDOMIZED,True,QUADRUPLE,4.0,True,True,PARALLEL,False,placebo/sham,True,,,,,True,True,False,False,False,0,False,NO,False,False
NCT00852683,2008.0,<=2015,PHASE3,drug,2,70.0,OTHER,COMPLETED,RANDOMIZED,True,QUADRUPLE,4.0,True,True,PARALLEL,False,placebo/sham,True,,,,,True,True,False,False,False,0,False,,False,
NCT04114149,2019.0,2016-2020,NA,both,3,166.0,OTHER,COMPLETED,RANDOMIZED,True,NONE,0.0,False,False,PARALLEL,True,active,True,,,,,False,True,True,False,False,1,True,NO,False,False
NCT07458282,2026.0,2021-2026,NA,drug,2,318.0,OTHER,RECRUITING,RANDOMIZED,True,QUADRUPLE,4.0,True,True,PARALLEL,True,active,True,,,,,False,False,False,False,False,0,False,YES,True,True
NCT03482492,2014.0,<=2015,NA,drug,2,60.0,OTHER,COMPLETED,RANDOMIZED,True,NONE,0.0,False,False,PARALLEL,True,active,True,,,,,False,False,False,False,False,0,False,UNDECIDED,False,False
NCT07019103,2025.0,2021-2026,NA,drug,2,136.0,OTHER,ACTIVE_NOT_RECRUITING,RANDOMIZED,True,NONE,0.0,False,False,PARALLEL,True,no-intervention,True,,,,,False,False,False,False,False,0,False,NO,False,True
NCT00820027,2008.0,<=2015,PHASE3,drug,4,776.0,INDUSTRY,COMPLETED,RANDOMIZED,True,DOUBLE,2.0,True,True,PARALLEL,True,placebo/sham,True,776.0,702.0,0.09536082474226804,True,True,True,True,True,False,1,True,,False,False
NCT06752486,2024.0,2021-2026,PHASE1,drug,2,64.0,OTHER,RECRUITING,RANDOMIZED,True,NONE,0.0,False,False,PARALLEL,True,active,True,,,,,False,True,False,False,False,0,False,UNDECIDED,False,False
NCT03149887,2017.0,2016-2020,PHASE4,drug,2,54.0,OTHER,COMPLETED,RANDOMIZED,True,QUADRUPLE,4.0,True,True,PARALLEL,False,active,True,54.0,54.0,0.0,True,True,False,False,True,False,0,False,NO,False,True
NCT00749749,2008.0,<=2015,PHASE2,drug,2,27.0,INDUSTRY,COMPLETED,RANDOMIZED,True,NONE,0.0,False,False,PARALLEL,False,active,True,27.0,27.0,0.0,True,False,True,False,True,True,0,False,NO,False,False
NCT01782898,2013.0,<=2015,NA,drug,2,70.0,OTHER,COMPLETED,RANDOMIZED,True,TRIPLE,3.0,True,True,PARALLEL,True,placebo/sham,True,70.0,58.0,0.17142857142857137,True,False,False,False,True,False,0,False,NO,False,False
NCT07550348,2025.0,2021-2026,NA,drug,2,60.0,OTHER,RECRUITING,RANDOMIZED,True,DOUBLE,2.0,True,True,PARALLEL,True,active,True,,,,,False,True,False,False,False,0,False,NO,False,False
NCT03858621,2019.0,2016-2020,NA,drug,2,100.0,OTHER,COMPLETED,RANDOMIZED,True,TRIPLE,3.0,True,True,PARALLEL,True,no-intervention,True,,,,,False,False,False,False,True,0,False,NO,False,True
NCT01180660,2010.0,<=2015,NA,drug,2,51.0,OTHER,COMPLETED,RANDOMIZED,True,TRIPLE,3.0,True,True,PARALLEL,True,placebo/sham,True,51.0,50.0,0.019607843137254943,True,False,False,False,True,False,0,False,,False,False
NCT05514197,2022.0,2021-2026,NA,drug,2,73.0,OTHER,COMPLETED,RANDOMIZED,True,TRIPLE,3.0,True,True,PARALLEL,True,placebo/sham,True,,,,,False,True,False,False,False,0,False,UNDECIDED,False,True
NCT07539623,2026.0,2021-2026,PHASE3,drug,4,235.0,OTHER,RECRUITING,RANDOMIZED,True,TRIPLE,3.0,True,True,PARALLEL,True,placebo/sham,True,,,,,True,True,True,False,False,0,False,NO,False,False
NCT03290378,2017.0,2016-2020,PHASE3,drug,3,409.0,INDUSTRY,COMPLETED,RANDOMIZED,True,TRIPLE,3.0,True,True,PARALLEL,True,placebo/sham,True,409.0,380.0,0.07090464547677267,True,True,True,True,True,False,1,True,,False,False
NCT02959996,2017.0,2016-2020,PHASE2;PHASE3,drug,2,80.0,OTHER,COMPLETED,RANDOMIZED,True,QUADRUPLE,4.0,True,True,PARALLEL,False,placebo/sham,True,79.0,79.0,0.0,True,True,True,False,True,False,1,True,NO,False,False
NCT02283281,2015.0,<=2015,PHASE2;PHASE3,drug,3,200.0,OTHER,UNKNOWN,RANDOMIZED,True,QUADRUPLE,4.0,True,True,PARALLEL,True,placebo/sham,True,,,,,True,True,True,False,False,1,True,NO,False,True
NCT04470843,2018.0,2016-2020,PHASE1,drug,2,33.0,OTHER,COMPLETED,RANDOMIZED,True,SINGLE,1.0,True,False,PARALLEL,True,placebo/sham,True,,,,,False,True,False,False,False,0,False,NO,False,False
NCT01043211,2012.0,<=2015,NA,drug,0,0.0,OTHER,WITHDRAWN,RANDOMIZED,True,DOUBLE,2.0,True,True,PARALLEL,False,none/single-group,False,,,,,False,True,False,False,False,0,False,,False,True
NCT01929031,2013.0,<=2015,PHASE3,drug,6,562.0,INDUSTRY,COMPLETED,RANDOMIZED,True,DOUBLE,2.0,True,True,PARALLEL,True,none/single-group,False,562.0,553.0,0.016014234875444844,True,True,True,True,True,False,2,True,,False,False
NCT02533284,2016.0,2016-2020,NA,drug,3,90.0,OTHER,UNKNOWN,RANDOMIZED,True,SINGLE,1.0,True,False,PARALLEL,True,placebo/sham,True,,,,,False,False,True,False,False,0,False,,False,False
NCT00485667,2007.0,<=2015,PHASE1,drug,5,48.0,INDUSTRY,COMPLETED,RANDOMIZED,True,DOUBLE,2.0,True,True,CROSSOVER,True,placebo/sham,True,,,,,False,True,True,False,False,0,False,,False,False
NCT07585721,2026.0,2021-2026,NA,drug,2,28.0,OTHER,NOT_YET_RECRUITING,RANDOMIZED,True,NONE,0.0,False,False,PARALLEL,False,none/single-group,False,,,,,False,True,False,False,False,0,False,NO,False,True
NCT06570577,2025.0,2021-2026,NA,both,2,60.0,OTHER,RECRUITING,RANDOMIZED,True,SINGLE,1.0,True,False,PARALLEL,True,active,True,,,,,False,True,False,False,False,0,False,NO,False,False
NCT03027661,2017.0,2016-2020,PHASE3,drug,2,41.0,OTHER,COMPLETED,RANDOMIZED,True,QUADRUPLE,4.0,True,True,PARALLEL,False,placebo/sham,True,41.0,41.0,0.0,True,True,True,False,True,False,1,True,NO,False,False
NCT01546948,2011.0,<=2015,PHASE4,drug,2,60.0,OTHER,COMPLETED,RANDOMIZED,True,QUADRUPLE,4.0,True,True,PARALLEL,False,active,True,,,,,True,True,False,False,False,0,False,,False,False
NCT05069012,2021.0,2021-2026,PHASE4,drug,3,72.0,OTHER,COMPLETED,RANDOMIZED,True,QUADRUPLE,4.0,True,True,PARALLEL,False,active,True,72.0,70.0,0.02777777777777779,True,True,True,True,True,False,1,True,NO,False,False
NCT07226245,2026.0,2021-2026,PHASE4,drug,3,69.0,OTHER,NOT_YET_RECRUITING,RANDOMIZED,True,NONE,0.0,False,False,PARALLEL,False,active,True,,,,,True,True,True,False,False,0,False,NO,False,False
NCT02069184,2013.0,<=2015,PHASE4,drug,2,66.0,OTHER,COMPLETED,RANDOMIZED,True,QUADRUPLE,4.0,True,True,PARALLEL,False,none/single-group,False,66.0,58.0,0.12121212121212122,True,True,True,False,True,False,1,True,UNDECIDED,False,True
NCT07595471,2026.0,2021-2026,NA,drug,2,68.0,OTHER_GOV,ACTIVE_NOT_RECRUITING,RANDOMIZED,True,DOUBLE,2.0,True,True,PARALLEL,True,active,True,,,,,False,False,False,False,False,0,False,NO,False,True
NCT01859585,2011.0,<=2015,PHASE4,drug,3,96.0,OTHER,COMPLETED,RANDOMIZED,True,TRIPLE,3.0,True,True,PARALLEL,False,no-intervention,True,,,,,True,False,True,False,False,1,True,,False,True
NCT04908449,2023.0,2021-2026,PHASE1,drug,2,62.0,OTHER,COMPLETED,RANDOMIZED,True,QUADRUPLE,4.0,True,True,PARALLEL,True,placebo/sham,True,62.0,60.0,0.032258064516129004,True,False,True,False,True,False,0,False,NO,False,
NCT06864884,2025.0,2021-2026,EARLY_PHASE1,drug,2,30.0,INDUSTRY,RECRUITING,RANDOMIZED,True,TRIPLE,3.0,True,True,PARALLEL,True,placebo/sham,True,,,,,False,True,False,False,False,0,False,NO,False,True
NCT03865147,2019.0,2016-2020,PHASE2,drug,5,90.0,INDUSTRY,UNKNOWN,RANDOMIZED,True,NONE,0.0,False,False,PARALLEL,True,active,True,,,,,False,True,True,False,False,0,False,NO,False,False
NCT06431165,2024.0,2021-2026,PHASE1;PHASE2,drug,3,69.0,OTHER,UNKNOWN,RANDOMIZED,True,TRIPLE,3.0,True,True,PARALLEL,True,active,True,,,,,False,True,True,False,False,0,False,NO,False,
NCT02829944,2016.0,2016-2020,PHASE4,drug,2,84.0,OTHER,COMPLETED,RANDOMIZED,True,DOUBLE,2.0,True,True,PARALLEL,False,placebo/sham,True,84.0,71.0,0.15476190476190477,True,True,True,False,True,False,1,True,,False,False
NCT03422887,2018.0,2016-2020,NA,drug,3,330.0,OTHER,COMPLETED,RANDOMIZED,True,QUADRUPLE,4.0,True,True,PARALLEL,True,active,True,,,,,False,True,True,False,False,0,False,UNDECIDED,False,True
NCT03106818,2016.0,2016-2020,NA,drug,3,90.0,OTHER,COMPLETED,RANDOMIZED,True,DOUBLE,2.0,True,True,PARALLEL,True,active,True,,,,,False,True,True,False,False,0,False,NO,False,False
NCT05763667,2024.0,2021-2026,PHASE3,drug,3,15.0,OTHER,COMPLETED,RANDOMIZED,True,DOUBLE,2.0,True,True,PARALLEL,False,active,True,,,,,True,True,True,False,False,0,False,NO,False,False
NCT02007330,2013.0,<=2015,NA,drug,2,66.0,OTHER,COMPLETED,RANDOMIZED,True,DOUBLE,2.0,True,True,PARALLEL,True,placebo/sham,True,,,,,False,False,False,False,False,0,False,,False,True
NCT03723980,2017.0,2016-2020,PHASE3,drug,2,80.0,OTHER,COMPLETED,RANDOMIZED,True,DOUBLE,2.0,True,True,PARALLEL,False,active,True,80.0,68.0,0.15000000000000002,True,True,False,False,True,False,0,False,UNDECIDED,False,True
NCT05543109,2022.0,2021-2026,NA,drug,2,85.0,OTHER,UNKNOWN,RANDOMIZED,True,DOUBLE,2.0,True,True,PARALLEL,True,active,True,,,,,False,False,False,False,False,0,False,NO,False,
NCT01177514,2010.0,<=2015,PHASE4,drug,2,40.0,OTHER,COMPLETED,RANDOMIZED,True,QUADRUPLE,4.0,True,True,PARALLEL,False,placebo/sham,True,,,,,True,False,False,False,False,0,False,,False,True
NCT02284243,2014.0,<=2015,PHASE2,drug,2,168.0,INDUSTRY,COMPLETED,RANDOMIZED,True,QUADRUPLE,4.0,True,True,PARALLEL,True,placebo/sham,True,168.0,161.0,0.04166666666666663,True,False,True,False,True,False,0,False,,False,False
NCT04638881,2020.0,2016-2020,PHASE2,drug,2,92.0,OTHER,COMPLETED,RANDOMIZED,True,DOUBLE,2.0,True,True,PARALLEL,True,placebo/sham,True,92.0,92.0,0.0,True,False,True,False,True,False,0,False,NO,False,True
NCT01560767,2010.0,<=2015,PHASE4,drug,2,46.0,OTHER,COMPLETED,RANDOMIZED,True,DOUBLE,2.0,True,True,FACTORIAL,False,active,True,,,,,True,False,False,False,False,0,False,,False,False
NCT02124005,2013.0,<=2015,PHASE4,drug,1,45.0,OTHER,COMPLETED,RANDOMIZED,True,DOUBLE,2.0,True,True,PARALLEL,False,none/single-group,False,,,,,True,True,False,False,False,0,False,,False,True
NCT02161367,2014.0,<=2015,PHASE4,drug,2,100.0,OTHER,COMPLETED,RANDOMIZED,True,DOUBLE,2.0,True,True,PARALLEL,True,placebo/sham,True,,,,,True,True,False,False,False,0,False,,False,
NCT06166602,2023.0,2021-2026,NA,drug,2,50.0,OTHER,COMPLETED,RANDOMIZED,True,DOUBLE,2.0,True,True,PARALLEL,True,active,True,,,,,False,False,False,False,False,1,True,NO,False,False
NCT03294109,2018.0,2016-2020,PHASE4,drug,2,146.0,OTHER,COMPLETED,RANDOMIZED,True,TRIPLE,3.0,True,True,PARALLEL,True,no-intervention,True,103.0,92.0,0.10679611650485432,True,True,True,False,True,False,1,True,,False,
NCT04719507,2021.0,2021-2026,NA,both,3,45.0,OTHER,UNKNOWN,RANDOMIZED,True,DOUBLE,2.0,True,True,PARALLEL,True,active,True,,,,,False,False,True,False,False,0,False,,False,False
NCT05680142,2023.0,2021-2026,NA,drug,2,40.0,OTHER_GOV,COMPLETED,RANDOMIZED,True,DOUBLE,2.0,True,True,PARALLEL,True,active,True,,,,,False,True,False,False,False,0,False,NO,False,False
NCT05723341,2023.0,2021-2026,NA,drug,3,91.0,OTHER,COMPLETED,RANDOMIZED,True,SINGLE,1.0,True,False,PARALLEL,True,active,True,,,,,False,True,True,False,False,0,False,NO,False,False
NCT06635889,2025.0,2021-2026,PHASE2,drug,2,116.0,OTHER,RECRUITING,RANDOMIZED,True,TRIPLE,3.0,True,True,PARALLEL,True,placebo/sham,True,,,,,False,True,False,False,False,0,False,NO,False,True
NCT03035656,2019.0,2016-2020,PHASE4,drug,2,228.0,OTHER,UNKNOWN,RANDOMIZED,True,QUADRUPLE,4.0,True,True,PARALLEL,True,placebo/sham,True,,,,,True,False,False,False,False,0,False,NO,False,True
NCT07353307,2025.0,2021-2026,PHASE3,drug,3,333.0,OTHER,COMPLETED,RANDOMIZED,True,QUADRUPLE,4.0,True,True,PARALLEL,True,placebo/sham,True,,,,,True,True,True,False,False,0,False,NO,False,True
NCT00383682,1997.0,<=2015,PHASE2,drug,0,60.0,NIH,COMPLETED,RANDOMIZED,True,DOUBLE,2.0,True,True,CROSSOVER,True,none/single-group,False,,,,,False,True,False,False,False,1,True,,False,
NCT03295721,2017.0,2016-2020,PHASE3,both,3,412.0,INDUSTRY,COMPLETED,RANDOMIZED,True,TRIPLE,3.0,True,True,PARALLEL,True,placebo/sham,True,412.0,405.0,0.016990291262135915,True,True,False,True,True,False,2,True,,False,
NCT01425658,2011.0,<=2015,PHASE1;PHASE2,drug,3,90.0,OTHER,COMPLETED,RANDOMIZED,True,QUADRUPLE,4.0,True,True,PARALLEL,True,placebo/sham,True,,,,,False,False,True,False,False,1,True,,False,
NCT05090761,2021.0,2021-2026,NA,drug,3,120.0,OTHER,UNKNOWN,RANDOMIZED,True,TRIPLE,3.0,True,True,PARALLEL,True,active,True,,,,,False,False,True,False,False,0,False,NO,False,False
NCT04189107,2020.0,2016-2020,PHASE3,drug,2,18.0,OTHER,COMPLETED,RANDOMIZED,True,DOUBLE,2.0,True,True,PARALLEL,False,placebo/sham,True,,,,,True,True,False,False,False,0,False,NO,False,True
NCT02152592,2007.0,<=2015,PHASE4,drug,3,105.0,OTHER,COMPLETED,RANDOMIZED,True,NONE,0.0,False,False,PARALLEL,True,active,True,,,,,True,True,True,False,False,1,True,,False,False
NCT01344213,2008.0,<=2015,PHASE4,drug,4,100.0,OTHER,COMPLETED,RANDOMIZED,True,QUADRUPLE,4.0,True,True,FACTORIAL,True,placebo/sham,True,,,,,True,True,True,False,False,0,False,,False,True
NCT01429935,2010.0,<=2015,PHASE2,drug,3,60.0,OTHER,UNKNOWN,RANDOMIZED,True,QUADRUPLE,4.0,True,True,PARALLEL,True,placebo/sham,True,,,,,False,True,True,False,False,0,False,,False,True
NCT00240825,,,PHASE4,drug,3,222.0,INDUSTRY,COMPLETED,RANDOMIZED,True,DOUBLE,2.0,True,True,PARALLEL,True,placebo/sham,True,,,,,True,True,True,False,False,0,False,,False,
NCT02230735,2014.0,<=2015,NA,drug,2,0.0,INDIV,WITHDRAWN,RANDOMIZED,True,DOUBLE,2.0,True,True,PARALLEL,False,placebo/sham,True,,,,,False,False,False,False,False,0,False,,False,False
NCT03052673,2017.0,2016-2020,PHASE4,drug,2,76.0,OTHER,COMPLETED,RANDOMIZED,True,QUADRUPLE,4.0,True,True,PARALLEL,False,active,True,,,,,True,True,False,False,False,0,False,NO,False,True
NCT02518438,2012.0,<=2015,PHASE4,drug,2,60.0,OTHER,COMPLETED,RANDOMIZED,True,QUADRUPLE,4.0,True,True,CROSSOVER,False,placebo/sham,True,,,,,True,False,False,False,False,0,False,,False,False
NCT04304716,2020.0,2016-2020,PHASE4,drug,6,0.0,OTHER,WITHDRAWN,RANDOMIZED,True,NONE,0.0,False,False,PARALLEL,False,active,True,,,,,True,True,True,False,False,0,False,,False,
NCT05878262,2022.0,2021-2026,NA,drug,2,120.0,OTHER,COMPLETED,RANDOMIZED,True,DOUBLE,2.0,True,True,PARALLEL,True,no-intervention,True,,,,,False,False,False,False,True,0,False,YES,True,True
NCT05829707,2009.0,<=2015,PHASE4,drug,3,120.0,OTHER,COMPLETED,RANDOMIZED,True,DOUBLE,2.0,True,True,PARALLEL,True,active,True,,,,,True,True,True,False,False,1,True,NO,False,True
NCT00781131,2008.0,<=2015,PHASE4,drug,3,101.0,OTHER,COMPLETED,RANDOMIZED,True,QUADRUPLE,4.0,True,True,PARALLEL,True,placebo/sham,True,,,,,True,True,True,False,False,1,True,,False,True
NCT03814707,2019.0,2016-2020,NA,drug,2,26.0,OTHER,UNKNOWN,RANDOMIZED,True,SINGLE,1.0,True,False,PARALLEL,False,active,True,,,,,False,True,False,False,False,0,False,NO,False,True
NCT02746263,2016.0,2016-2020,PHASE4,drug,2,1.0,INDUSTRY,TERMINATED,RANDOMIZED,True,DOUBLE,2.0,True,True,PARALLEL,False,active,True,1.0,1.0,0.0,True,True,True,False,True,False,0,False,NO,False,False
NCT03372265,2017.0,2016-2020,PHASE4,drug,3,111.0,OTHER,COMPLETED,RANDOMIZED,True,QUADRUPLE,4.0,True,True,PARALLEL,True,active,True,,,,,True,True,True,False,False,0,False,UNDECIDED,False,True
NCT06604286,2023.0,2021-2026,PHASE4,drug,2,20.0,OTHER,COMPLETED,RANDOMIZED,True,SINGLE,1.0,True,False,CROSSOVER,False,active,True,,,,,True,True,False,False,True,0,False,NO,False,False
NCT06320041,2024.0,2021-2026,PHASE4,drug,3,162.0,OTHER,RECRUITING,RANDOMIZED,True,QUADRUPLE,4.0,True,True,PARALLEL,True,active,True,,,,,True,True,True,False,False,0,False,NO,False,False
NCT01359514,2008.0,<=2015,NA,drug,2,32.0,OTHER,COMPLETED,RANDOMIZED,True,TRIPLE,3.0,True,True,PARALLEL,True,active,True,,,,,False,True,False,False,False,0,False,,False,False
NCT02624856,2015.0,<=2015,PHASE4,drug,2,0.0,OTHER,WITHDRAWN,RANDOMIZED,True,QUADRUPLE,4.0,True,True,PARALLEL,False,active,True,,,,,True,True,False,False,False,0,False,,False,False
NCT07560501,2026.0,2021-2026,PHASE4,drug,4,180.0,OTHER,NOT_YET_RECRUITING,RANDOMIZED,True,TRIPLE,3.0,True,True,PARALLEL,True,active,True,,,,,True,True,True,False,False,0,False,NO,False,True
NCT02744482,2016.0,2016-2020,PHASE3,drug,2,3.0,OTHER,TERMINATED,RANDOMIZED,True,QUADRUPLE,4.0,True,True,PARALLEL,False,placebo/sham,True,,,,,True,True,False,False,False,0,False,NO,False,False
NCT07232108,2025.0,2021-2026,NA,drug,2,64.0,OTHER,RECRUITING,RANDOMIZED,True,TRIPLE,3.0,True,True,PARALLEL,True,active,True,,,,,False,False,False,False,False,0,False,NO,False,False
NCT02343263,2015.0,<=2015,PHASE2,drug,3,18.0,OTHER,TERMINATED,RANDOMIZED,True,TRIPLE,3.0,True,True,PARALLEL,False,active,True,9.0,0.0,1.0,False,False,True,True,True,False,0,False,NO,False,False
NCT03825198,2019.0,2016-2020,PHASE3,both,2,80.0,OTHER,UNKNOWN,RANDOMIZED,True,QUADRUPLE,4.0,True,True,PARALLEL,False,placebo/sham,True,,,,,True,True,False,False,False,1,True,NO,False,True
NCT07540676,2025.0,2021-2026,NA,drug,2,60.0,OTHER,COMPLETED,RANDOMIZED,True,DOUBLE,2.0,True,True,PARALLEL,True,active,True,,,,,False,True,False,False,False,0,False,UNDECIDED,False,False
NCT07266974,2026.0,2021-2026,PHASE2;PHASE3,drug,2,60.0,OTHER,NOT_YET_RECRUITING,RANDOMIZED,True,SINGLE,1.0,True,False,PARALLEL,False,active,True,,,,,True,True,False,False,False,0,False,NO,False,False
NCT06379425,2024.0,2021-2026,PHASE4,drug,2,70.0,OTHER,RECRUITING,RANDOMIZED,True,NONE,0.0,False,False,CROSSOVER,False,active,True,,,,,True,False,False,False,False,0,False,,False,True
NCT05425420,2023.0,2021-2026,PHASE1;PHASE2,drug,1,22.0,OTHER,COMPLETED,NA,False,NONE,0.0,False,False,SINGLE_GROUP,False,none/single-group,False,22.0,19.0,0.13636363636363635,True,False,False,False,True,False,0,False,NO,False,True
NCT06613178,2024.0,2021-2026,PHASE4,drug,2,1100.0,OTHER,RECRUITING,RANDOMIZED,True,QUADRUPLE,4.0,True,True,PARALLEL,True,placebo/sham,True,,,,,True,False,False,False,False,0,False,NO,False,True
NCT00307905,2011.0,<=2015,PHASE3,drug,2,224.0,OTHER,WITHDRAWN,RANDOMIZED,True,QUADRUPLE,4.0,True,True,PARALLEL,True,placebo/sham,True,,,,,True,True,False,False,False,0,False,,False,
NCT03541655,2018.0,2016-2020,PHASE2,drug,2,20.0,INDUSTRY,COMPLETED,RANDOMIZED,True,SINGLE,1.0,True,False,PARALLEL,False,active,True,,,,,False,True,False,False,False,0,False,NO,False,False
NCT02046382,2014.0,<=2015,PHASE4,drug,2,132.0,OTHER,COMPLETED,RANDOMIZED,True,TRIPLE,3.0,True,True,PARALLEL,True,placebo/sham,True,132.0,104.0,0.21212121212121215,False,True,False,False,True,False,1,True,,False,False
NCT03244540,2017.0,2016-2020,PHASE4,both,3,105.0,OTHER,COMPLETED,RANDOMIZED,True,TRIPLE,3.0,True,True,PARALLEL,True,none/single-group,False,,,,,True,True,True,False,False,1,True,NO,False,False
NCT04728308,2021.0,2021-2026,EARLY_PHASE1,drug,2,300.0,OTHER,UNKNOWN,RANDOMIZED,True,TRIPLE,3.0,True,True,PARALLEL,True,placebo/sham,True,,,,,False,True,False,False,False,0,False,NO,False,
NCT03005899,2016.0,2016-2020,PHASE3,drug,2,49.0,INDUSTRY,TERMINATED,RANDOMIZED,True,TRIPLE,3.0,True,True,PARALLEL,False,placebo/sham,True,,,,,True,True,False,False,False,0,False,,False,
NCT00702416,2008.0,<=2015,PHASE4,both,2,50.0,OTHER,COMPLETED,RANDOMIZED,True,SINGLE,1.0,True,False,PARALLEL,False,active,True,,,,,True,True,False,False,False,0,False,,False,False
NCT02729285,2014.0,<=2015,PHASE4,both,2,73.0,OTHER,COMPLETED,RANDOMIZED,True,QUADRUPLE,4.0,True,True,PARALLEL,False,placebo/sham,True,,,,,True,False,False,False,False,1,True,UNDECIDED,False,True
NCT02724761,2016.0,2016-2020,NA,drug,2,90.0,OTHER,UNKNOWN,RANDOMIZED,True,TRIPLE,3.0,True,True,PARALLEL,True,placebo/sham,True,,,,,False,False,False,False,False,0,False,YES,True,False
NCT00620490,2008.0,<=2015,PHASE3,drug,2,60.0,OTHER,COMPLETED,RANDOMIZED,True,DOUBLE,2.0,True,True,PARALLEL,False,placebo/sham,True,,,,,True,False,False,False,True,0,False,,False,False
NCT03036111,2017.0,2016-2020,NA,both,2,42.0,OTHER,SUSPENDED,RANDOMIZED,True,TRIPLE,3.0,True,True,PARALLEL,True,placebo/sham,True,,,,,False,True,False,False,False,0,False,NO,False,False
NCT00620828,2007.0,<=2015,PHASE4,drug,2,67.0,OTHER,COMPLETED,RANDOMIZED,True,QUADRUPLE,4.0,True,True,PARALLEL,False,placebo/sham,True,67.0,67.0,0.0,True,True,False,False,True,False,0,False,,False,False
NCT05956275,2020.0,2016-2020,PHASE4,drug,2,20.0,OTHER_GOV,COMPLETED,RANDOMIZED,True,TRIPLE,3.0,True,True,PARALLEL,False,placebo/sham,True,,,,,True,True,False,False,True,0,False,NO,False,True
NCT02061774,2013.0,<=2015,PHASE4,drug,2,21.0,OTHER,TERMINATED,RANDOMIZED,True,DOUBLE,2.0,True,True,PARALLEL,False,placebo/sham,True,21.0,21.0,0.0,True,True,True,False,True,False,0,False,NO,False,False
NCT03883347,2019.0,2016-2020,PHASE3,drug,2,50.0,OTHER,UNKNOWN,RANDOMIZED,True,QUADRUPLE,4.0,True,True,PARALLEL,False,active,True,,,,,True,True,False,False,False,0,False,NO,False,False
NCT05118620,2021.0,2021-2026,PHASE4,drug,2,0.0,OTHER,WITHDRAWN,RANDOMIZED,True,QUADRUPLE,4.0,True,True,PARALLEL,False,placebo/sham,True,,,,,True,True,False,False,False,0,False,UNDECIDED,False,False
NCT07419815,2025.0,2021-2026,NA,drug,2,62.0,OTHER,ACTIVE_NOT_RECRUITING,RANDOMIZED,True,SINGLE,1.0,True,False,PARALLEL,True,placebo/sham,True,,,,,False,True,False,False,False,0,False,NO,False,False
NCT05231941,2022.0,2021-2026,NA,drug,3,90.0,OTHER,COMPLETED,RANDOMIZED,True,NONE,0.0,False,False,PARALLEL,True,no-intervention,True,,,,,False,True,True,False,False,0,False,,False,True
NCT03421821,2018.0,2016-2020,NA,drug,2,80.0,OTHER,COMPLETED,RANDOMIZED,True,TRIPLE,3.0,True,True,PARALLEL,True,active,True,,,,,False,True,False,False,True,0,False,YES,True,True
NCT01163214,2010.0,<=2015,PHASE4,drug,2,160.0,OTHER,COMPLETED,RANDOMIZED,True,NONE,0.0,False,False,PARALLEL,True,active,True,160.0,160.0,0.0,True,True,True,False,True,True,0,False,,False,False
NCT03332316,2017.0,2016-2020,PHASE4,drug,4,84.0,OTHER,COMPLETED,RANDOMIZED,True,QUADRUPLE,4.0,True,True,PARALLEL,False,placebo/sham,True,,,,,True,True,True,False,False,0,False,NO,False,False
NCT00551135,2008.0,<=2015,PHASE3,drug,4,425.0,INDUSTRY,COMPLETED,RANDOMIZED,True,DOUBLE,2.0,True,True,PARALLEL,True,placebo/sham,True,425.0,408.0,0.040000000000000036,True,True,True,True,True,False,1,True,,False,False
NCT04380298,2020.0,2016-2020,PHASE4,drug,2,40.0,OTHER,UNKNOWN,RANDOMIZED,True,SINGLE,1.0,True,False,PARALLEL,False,active,True,,,,,True,False,False,False,False,0,False,YES,True,True
NCT07412522,2025.0,2021-2026,NA,both,2,60.0,OTHER_GOV,RECRUITING,RANDOMIZED,True,SINGLE,1.0,True,False,PARALLEL,True,no-intervention,True,,,,,False,False,False,False,False,0,False,NO,False,False
NCT01170780,2010.0,<=2015,PHASE3,drug,2,80.0,OTHER,COMPLETED,RANDOMIZED,True,QUADRUPLE,4.0,True,True,PARALLEL,False,placebo/sham,True,,,,,True,False,False,False,False,1,True,,False,True
NCT03062488,2017.0,2016-2020,EARLY_PHASE1,drug,3,143.0,OTHER,COMPLETED,RANDOMIZED,True,TRIPLE,3.0,True,True,PARALLEL,True,active,True,143.0,143.0,0.0,True,False,True,True,True,False,0,False,NO,False,True
NCT01801189,2013.0,<=2015,PHASE4,drug,2,61.0,OTHER,COMPLETED,RANDOMIZED,True,TRIPLE,3.0,True,True,SINGLE_GROUP,False,placebo/sham,True,61.0,61.0,0.0,True,True,True,False,True,False,0,False,NO,False,False
NCT04333992,2017.0,2016-2020,NA,drug,2,48.0,OTHER,COMPLETED,RANDOMIZED,True,TRIPLE,3.0,True,True,PARALLEL,True,active,True,,,,,False,False,False,False,False,0,False,YES,True,True
NCT07534709,2026.0,2021-2026,PHASE4,drug,2,90.0,OTHER,NOT_YET_RECRUITING,RANDOMIZED,True,DOUBLE,2.0,True,True,PARALLEL,False,none/single-group,False,,,,,True,True,False,False,False,0,False,NO,False,True
NCT05543785,2022.0,2021-2026,NA,drug,2,76.0,OTHER,RECRUITING,RANDOMIZED,True,DOUBLE,2.0,True,True,PARALLEL,True,placebo/sham,True,,,,,False,False,False,False,False,0,False,,False,
NCT05992896,2023.0,2021-2026,PHASE4,drug,2,3.0,OTHER,TERMINATED,RANDOMIZED,True,TRIPLE,3.0,True,True,PARALLEL,False,placebo/sham,True,3.0,2.0,0.33333333333333337,False,True,False,False,True,False,0,False,NO,False,False
NCT01094925,2010.0,<=2015,NA,drug,3,126.0,OTHER,COMPLETED,RANDOMIZED,True,QUADRUPLE,4.0,True,True,PARALLEL,True,placebo/sham,True,,,,,False,True,True,False,False,0,False,,False,False
NCT04295330,2020.0,2016-2020,NA,drug,2,260.0,OTHER,COMPLETED,RANDOMIZED,True,QUADRUPLE,4.0,True,True,PARALLEL,True,placebo/sham,True,,,,,False,True,False,False,False,1,True,NO,False,False
NCT03599089,2018.0,2016-2020,PHASE2,drug,4,147.0,INDUSTRY,COMPLETED,RANDOMIZED,True,QUADRUPLE,4.0,True,True,PARALLEL,True,placebo/sham,True,147.0,140.0,0.04761904761904767,True,False,True,True,True,False,0,False,,False,
NCT03870685,2018.0,2016-2020,PHASE4,both,2,43.0,OTHER,UNKNOWN,RANDOMIZED,True,SINGLE,1.0,True,False,PARALLEL,False,active,True,,,,,True,True,False,False,False,0,False,NO,False,False
NCT05541276,2025.0,2021-2026,PHASE3,drug,2,400.0,OTHER,RECRUITING,RANDOMIZED,True,QUADRUPLE,4.0,True,True,PARALLEL,True,placebo/sham,True,,,,,True,False,False,False,False,1,True,,False,True
NCT03577730,2018.0,2016-2020,EARLY_PHASE1,drug,2,71.0,OTHER,COMPLETED,RANDOMIZED,True,QUADRUPLE,4.0,True,True,PARALLEL,True,placebo/sham,True,65.0,60.0,0.07692307692307687,True,False,True,False,True,False,0,False,NO,False,False
NCT07275710,2026.0,2021-2026,NA,drug,2,110.0,OTHER,NOT_YET_RECRUITING,RANDOMIZED,True,TRIPLE,3.0,True,True,PARALLEL,True,active,True,,,,,False,False,False,False,False,0,False,NO,False,False
NCT01236495,2010.0,<=2015,PHASE4,drug,2,40.0,OTHER,COMPLETED,RANDOMIZED,True,QUADRUPLE,4.0,True,True,PARALLEL,False,active,True,,,,,True,True,False,False,False,0,False,,False,False
NCT05248984,2022.0,2021-2026,PHASE4,drug,2,92.0,OTHER,COMPLETED,RANDOMIZED,True,SINGLE,1.0,True,False,PARALLEL,False,none/single-group,False,92.0,92.0,0.0,True,True,True,False,True,False,1,True,NO,False,False
NCT01480752,2011.0,<=2015,PHASE2,drug,3,60.0,OTHER,COMPLETED,RANDOMIZED,True,QUADRUPLE,4.0,True,True,PARALLEL,True,placebo/sham,True,,,,,False,False,True,False,False,0,False,,False,True
NCT04282239,2021.0,2021-2026,NA,both,2,0.0,OTHER,WITHDRAWN,RANDOMIZED,True,DOUBLE,2.0,True,True,PARALLEL,False,no-intervention,True,,,,,False,True,False,False,False,0,False,YES,True,False
NCT03887650,2019.0,2016-2020,PHASE4,drug,2,90.0,OTHER,COMPLETED,RANDOMIZED,True,TRIPLE,3.0,True,True,PARALLEL,False,active,True,90.0,89.0,0.011111111111111072,True,True,True,False,True,False,0,False,NO,False,False
NCT06633068,2024.0,2021-2026,PHASE2,drug,2,54.0,OTHER,RECRUITING,RANDOMIZED,True,TRIPLE,3.0,True,True,PARALLEL,True,placebo/sham,True,,,,,False,True,False,False,False,0,False,,False,False
NCT07598188,2026.0,2021-2026,NA,drug,2,60.0,OTHER,NOT_YET_RECRUITING,RANDOMIZED,True,SINGLE,1.0,True,False,SEQUENTIAL,True,no-intervention,True,,,,,False,True,False,False,False,0,False,NO,False,True
NCT06618820,2024.0,2021-2026,PHASE3,drug,3,120.0,OTHER,ENROLLING_BY_INVITATION,RANDOMIZED,True,QUADRUPLE,4.0,True,True,PARALLEL,True,placebo/sham,True,,,,,True,True,True,False,False,0,False,,False,False
NCT01134536,2011.0,<=2015,PHASE2,drug,1,45.0,INDUSTRY,COMPLETED,NA,False,NONE,0.0,False,False,SINGLE_GROUP,False,none/single-group,False,,,,,False,True,False,False,False,0,False,,False,False
NCT05807945,2020.0,2016-2020,PHASE4,drug,2,70.0,OTHER,COMPLETED,RANDOMIZED,True,QUADRUPLE,4.0,True,True,PARALLEL,False,active,True,70.0,70.0,0.0,True,True,True,False,True,False,0,False,NO,False,True
NCT07231926,2025.0,2021-2026,NA,both,2,52.0,OTHER,RECRUITING,RANDOMIZED,True,DOUBLE,2.0,True,True,PARALLEL,True,active,True,,,,,False,True,False,False,False,0,False,NO,False,False
NCT03359655,2018.0,2016-2020,NA,drug,3,120.0,OTHER,COMPLETED,RANDOMIZED,True,QUADRUPLE,4.0,True,True,PARALLEL,True,active,True,,,,,False,False,True,False,False,0,False,YES,True,True
NCT03867240,2019.0,2016-2020,PHASE3,drug,2,0.0,OTHER,WITHDRAWN,RANDOMIZED,True,DOUBLE,2.0,True,True,PARALLEL,False,placebo/sham,True,,,,,True,True,False,False,False,0,False,YES,True,True
NCT07164807,2025.0,2021-2026,PHASE4,drug,3,177.0,OTHER,NOT_YET_RECRUITING,RANDOMIZED,True,NONE,0.0,False,False,PARALLEL,True,no-intervention,True,,,,,True,True,True,False,False,0,False,,False,
NCT03822962,2020.0,2016-2020,EARLY_PHASE1,drug,2,10.0,OTHER,TERMINATED,NON_RANDOMIZED,False,NONE,0.0,False,False,PARALLEL,False,active,True,,,,,False,True,False,False,False,0,False,NO,False,True
NCT01461031,2011.0,<=2015,NA,drug,0,40.0,OTHER,COMPLETED,RANDOMIZED,True,QUADRUPLE,4.0,True,True,SINGLE_GROUP,True,none/single-group,False,,,,,False,False,False,False,False,1,True,,False,True
NCT03592992,2020.0,2016-2020,PHASE4,drug,2,126.0,OTHER,COMPLETED,RANDOMIZED,True,TRIPLE,3.0,True,True,PARALLEL,True,active,True,,,,,True,True,False,False,False,1,True,NO,False,False
NCT07390097,2026.0,2021-2026,PHASE4,drug,2,250.0,OTHER,NOT_YET_RECRUITING,RANDOMIZED,True,NONE,0.0,False,False,PARALLEL,True,no-intervention,True,,,,,True,False,False,False,False,0,False,NO,False,False
NCT02696720,2016.0,2016-2020,PHASE2,drug,2,0.0,OTHER,WITHDRAWN,RANDOMIZED,True,DOUBLE,2.0,True,True,PARALLEL,False,placebo/sham,True,,,,,False,True,False,False,False,0,False,,False,False
NCT01277835,2010.0,<=2015,NA,drug,2,48.0,OTHER,COMPLETED,RANDOMIZED,True,QUADRUPLE,4.0,True,True,PARALLEL,True,placebo/sham,True,,,,,False,True,False,False,False,0,False,,False,False
NCT04398329,2020.0,2016-2020,PHASE1;PHASE2,both,5,78.0,INDUSTRY,COMPLETED,RANDOMIZED,True,TRIPLE,3.0,True,True,PARALLEL,True,active,True,78.0,73.0,0.0641025641025641,True,False,False,True,True,False,0,False,UNDECIDED,False,
NCT02862327,2016.0,2016-2020,PHASE3,drug,2,99.0,OTHER,COMPLETED,RANDOMIZED,True,QUADRUPLE,4.0,True,True,PARALLEL,False,placebo/sham,True,,,,,True,True,False,False,False,1,True,NO,False,False
NCT03830086,2019.0,2016-2020,NA,drug,2,28.0,OTHER,COMPLETED,NON_RANDOMIZED,False,NONE,0.0,False,False,PARALLEL,False,none/single-group,False,,,,,False,False,False,False,False,0,False,,False,
NCT07197684,2026.0,2021-2026,NA,both,3,120.0,OTHER,NOT_YET_RECRUITING,RANDOMIZED,True,SINGLE,1.0,True,False,PARALLEL,True,active,True,,,,,False,True,True,False,False,0,False,NO,False,False
NCT06624319,2025.0,2021-2026,NA,drug,2,50.0,OTHER,NOT_YET_RECRUITING,RANDOMIZED,True,NONE,0.0,False,False,PARALLEL,True,active,True,,,,,False,True,False,False,False,0,False,,False,
NCT07631416,2026.0,2021-2026,PHASE4,drug,2,200.0,OTHER,NOT_YET_RECRUITING,RANDOMIZED,True,TRIPLE,3.0,True,True,CROSSOVER,True,active,True,,,,,True,True,False,False,False,0,False,NO,False,True
NCT06374771,2024.0,2021-2026,NA,drug,3,60.0,OTHER,UNKNOWN,RANDOMIZED,True,QUADRUPLE,4.0,True,True,PARALLEL,True,active,True,,,,,False,False,True,False,False,0,False,,False,False
NCT00293631,2005.0,<=2015,PHASE2,drug,0,100.0,INDUSTRY,COMPLETED,RANDOMIZED,True,DOUBLE,2.0,True,True,PARALLEL,True,none/single-group,False,,,,,False,True,False,False,False,0,False,,False,
NCT01731730,2013.0,<=2015,PHASE2,drug,3,102.0,INDUSTRY,COMPLETED,RANDOMIZED,True,TRIPLE,3.0,True,True,PARALLEL,True,placebo/sham,True,,,,,False,True,True,False,False,0,False,,False,True
NCT00508976,2007.0,<=2015,PHASE2,drug,4,100.0,OTHER,COMPLETED,RANDOMIZED,True,TRIPLE,3.0,True,True,FACTORIAL,True,active,True,,,,,False,True,True,False,False,0,False,,False,True
NCT01280331,2011.0,<=2015,PHASE3,drug,3,375.0,INDUSTRY,COMPLETED,RANDOMIZED,True,DOUBLE,2.0,True,True,PARALLEL,True,active,True,,,,,True,True,True,False,False,0,False,,False,False
NCT04749628,2022.0,2021-2026,PHASE4,drug,3,37.0,OTHER,COMPLETED,RANDOMIZED,True,TRIPLE,3.0,True,True,PARALLEL,False,placebo/sham,True,37.0,27.0,0.2702702702702703,False,True,True,True,True,False,0,False,YES,True,False
NCT00847093,2008.0,<=2015,PHASE4,drug,1,50.0,INDUSTRY,COMPLETED,RANDOMIZED,True,DOUBLE,2.0,True,True,SINGLE_GROUP,False,none/single-group,False,,,,,True,False,False,False,False,0,False,,False,False
NCT00846690,2009.0,<=2015,PHASE4,drug,2,20.0,OTHER,UNKNOWN,RANDOMIZED,True,DOUBLE,2.0,True,True,CROSSOVER,False,active,True,,,,,True,True,False,False,False,0,False,,False,False
NCT04221880,2021.0,2021-2026,NA,drug,3,60.0,OTHER,COMPLETED,RANDOMIZED,True,SINGLE,1.0,True,False,PARALLEL,True,placebo/sham,True,,,,,False,True,True,False,False,0,False,,False,
NCT03059238,2016.0,2016-2020,PHASE3,drug,3,213.0,OTHER,COMPLETED,RANDOMIZED,True,SINGLE,1.0,True,False,PARALLEL,True,none/single-group,False,,,,,True,True,True,False,True,0,False,NO,False,
NCT07140510,2025.0,2021-2026,PHASE4,drug,2,100.0,OTHER,NOT_YET_RECRUITING,RANDOMIZED,True,QUADRUPLE,4.0,True,True,PARALLEL,True,placebo/sham,True,,,,,True,True,False,False,True,0,False,UNDECIDED,False,False
NCT03987022,2019.0,2016-2020,PHASE4,drug,2,66.0,OTHER,COMPLETED,RANDOMIZED,True,NONE,0.0,False,False,PARALLEL,False,active,True,66.0,61.0,0.0757575757575758,True,True,False,False,True,False,0,False,NO,False,True
NCT03771755,2017.0,2016-2020,NA,drug,2,62.0,OTHER,COMPLETED,RANDOMIZED,True,DOUBLE,2.0,True,True,PARALLEL,True,placebo/sham,True,,,,,False,False,False,False,False,0,False,UNDECIDED,False,True
NCT02924480,2016.0,2016-2020,NA,both,2,50.0,OTHER,COMPLETED,RANDOMIZED,True,DOUBLE,2.0,True,True,PARALLEL,True,placebo/sham,True,,,,,False,False,False,False,False,0,False,UNDECIDED,False,False
NCT02992028,2016.0,2016-2020,PHASE4,drug,2,54.0,OTHER,UNKNOWN,RANDOMIZED,True,TRIPLE,3.0,True,True,PARALLEL,False,placebo/sham,True,,,,,True,False,False,False,False,0,False,,False,False
NCT04651361,2021.0,2021-2026,PHASE2;PHASE3,drug,2,60.0,OTHER,UNKNOWN,RANDOMIZED,True,QUADRUPLE,4.0,True,True,PARALLEL,False,placebo/sham,True,,,,,True,True,False,False,False,0,False,,False,False
NCT04091841,2019.0,2016-2020,NA,drug,2,80.0,OTHER,COMPLETED,RANDOMIZED,True,QUADRUPLE,4.0,True,True,PARALLEL,True,placebo/sham,True,,,,,False,False,False,False,False,0,False,,False,True
NCT06271174,2024.0,2021-2026,PHASE3,drug,2,208.0,OTHER,UNKNOWN,RANDOMIZED,True,NONE,0.0,False,False,PARALLEL,True,active,True,,,,,True,True,False,False,False,0,False,,False,
NCT07304882,2023.0,2021-2026,PHASE3,drug,4,24.0,OTHER,COMPLETED,RANDOMIZED,True,TRIPLE,3.0,True,True,CROSSOVER,False,active,True,,,,,True,True,True,False,False,0,False,NO,False,False
NCT00139607,2002.0,<=2015,PHASE3,drug,0,60.0,INDUSTRY,TERMINATED,NON_RANDOMIZED,False,NONE,0.0,False,False,PARALLEL,False,none/single-group,False,,,,,True,True,False,False,False,0,False,,False,
NCT01933542,2013.0,<=2015,PHASE4,drug,2,110.0,OTHER,COMPLETED,RANDOMIZED,True,QUADRUPLE,4.0,True,True,PARALLEL,True,placebo/sham,True,,,,,True,True,False,False,False,0,False,,False,True
NCT05005260,2021.0,2021-2026,PHASE4,drug,2,88.0,OTHER,COMPLETED,RANDOMIZED,True,NONE,0.0,False,False,PARALLEL,False,active,True,88.0,83.0,0.05681818181818177,True,True,True,False,True,False,0,False,,False,False
NCT07203794,2025.0,2021-2026,NA,both,3,132.0,OTHER,NOT_YET_RECRUITING,RANDOMIZED,True,DOUBLE,2.0,True,True,PARALLEL,True,active,True,,,,,False,True,True,False,False,0,False,NO,False,False
NCT07624006,2027.0,2021-2026,PHASE4,drug,2,1150.0,OTHER,NOT_YET_RECRUITING,RANDOMIZED,True,NONE,0.0,False,False,PARALLEL,True,active,True,,,,,True,True,False,False,False,0,False,NO,False,False
NCT06745388,2025.0,2021-2026,PHASE4,drug,3,150.0,OTHER,RECRUITING,RANDOMIZED,True,TRIPLE,3.0,True,True,PARALLEL,True,placebo/sham,True,,,,,True,True,True,False,False,0,False,YES,True,False
NCT03871387,2019.0,2016-2020,NA,drug,2,88.0,OTHER,COMPLETED,RANDOMIZED,True,DOUBLE,2.0,True,True,PARALLEL,True,active,True,,,,,False,False,False,False,False,0,False,NO,False,False
NCT01249872,2010.0,<=2015,PHASE2;PHASE3,drug,6,96.0,OTHER,COMPLETED,RANDOMIZED,True,DOUBLE,2.0,True,True,PARALLEL,False,active,True,96.0,96.0,0.0,True,True,True,True,True,False,0,False,,False,False
NCT02007096,2012.0,<=2015,PHASE2,drug,2,127.0,OTHER,COMPLETED,RANDOMIZED,True,DOUBLE,2.0,True,True,PARALLEL,True,placebo/sham,True,127.0,100.0,0.21259842519685035,False,False,False,False,True,False,1,True,,False,True
NCT04530903,2020.0,2016-2020,PHASE4,drug,2,30.0,OTHER,UNKNOWN,RANDOMIZED,True,TRIPLE,3.0,True,True,PARALLEL,False,placebo/sham,True,,,,,True,True,False,False,False,0,False,NO,False,False
NCT01917045,2012.0,<=2015,NA,drug,2,180.0,OTHER,COMPLETED,RANDOMIZED,True,DOUBLE,2.0,True,True,PARALLEL,True,none/single-group,False,,,,,False,True,False,False,False,0,False,,False,False
NCT05082155,2022.0,2021-2026,PHASE4,drug,2,0.0,OTHER,WITHDRAWN,RANDOMIZED,True,QUADRUPLE,4.0,True,True,PARALLEL,False,none/single-group,False,,,,,True,True,False,False,False,0,False,NO,False,False
NCT06458400,2024.0,2021-2026,PHASE4,drug,3,75.0,OTHER,COMPLETED,RANDOMIZED,True,NONE,0.0,False,False,PARALLEL,False,active,True,,,,,True,True,True,False,False,0,False,NO,False,
NCT05588336,2022.0,2021-2026,PHASE4,drug,2,46.0,OTHER,COMPLETED,RANDOMIZED,True,TRIPLE,3.0,True,True,PARALLEL,False,active,True,,,,,True,True,False,False,False,0,False,,False,
NCT02785276,2016.0,2016-2020,NA,both,2,0.0,OTHER,WITHDRAWN,RANDOMIZED,True,QUADRUPLE,4.0,True,True,PARALLEL,False,placebo/sham,True,,,,,False,False,False,False,False,0,False,NO,False,False
NCT04477733,2020.0,2016-2020,PHASE4,drug,2,203.0,OTHER,COMPLETED,RANDOMIZED,True,QUADRUPLE,4.0,True,True,PARALLEL,True,placebo/sham,True,,,,,True,True,False,False,False,1,True,,False,
NCT00757198,2008.0,<=2015,PHASE4,drug,2,90.0,OTHER,COMPLETED,RANDOMIZED,True,QUADRUPLE,4.0,True,True,PARALLEL,False,active,True,,,,,True,True,False,False,False,0,False,,False,False
NCT05575700,2023.0,2021-2026,PHASE4,drug,2,2904.0,OTHER,COMPLETED,RANDOMIZED,True,QUADRUPLE,4.0,True,True,PARALLEL,True,placebo/sham,True,,,,,True,True,False,False,False,0,False,YES,True,True
NCT03500211,2018.0,2016-2020,PHASE4,drug,2,50.0,OTHER,COMPLETED,RANDOMIZED,True,DOUBLE,2.0,True,True,PARALLEL,False,placebo/sham,True,50.0,48.0,0.040000000000000036,True,True,True,False,True,False,0,False,NO,False,
NCT00508495,2007.0,<=2015,PHASE3,drug,3,148.0,INDUSTRY,COMPLETED,RANDOMIZED,True,QUADRUPLE,4.0,True,True,PARALLEL,True,placebo/sham,True,,,,,True,True,True,False,False,0,False,,False,False
NCT07311369,2025.0,2021-2026,PHASE2,drug,2,40.0,INDUSTRY,RECRUITING,RANDOMIZED,True,QUADRUPLE,4.0,True,True,PARALLEL,False,placebo/sham,True,,,,,False,True,False,False,False,0,False,NO,False,False
NCT02577068,2015.0,<=2015,NA,drug,3,84.0,OTHER,COMPLETED,RANDOMIZED,True,DOUBLE,2.0,True,True,PARALLEL,True,active,True,,,,,False,True,True,False,False,0,False,,False,False
NCT00270322,2006.0,<=2015,PHASE4,drug,0,80.0,OTHER,TERMINATED,RANDOMIZED,True,DOUBLE,2.0,True,True,PARALLEL,False,none/single-group,False,,,,,True,True,False,False,False,0,False,,False,
NCT02264795,2014.0,<=2015,NA,drug,2,204.0,OTHER,COMPLETED,RANDOMIZED,True,QUADRUPLE,4.0,True,True,PARALLEL,True,placebo/sham,True,,,,,False,True,False,False,False,0,False,,False,False
NCT06574269,2024.0,2021-2026,PHASE2,drug,8,120.0,INDUSTRY,RECRUITING,RANDOMIZED,True,NONE,0.0,False,False,PARALLEL,True,none/single-group,False,,,,,False,True,True,False,False,0,False,,False,True
NCT04864210,2021.0,2021-2026,PHASE2,drug,2,176.0,OTHER,COMPLETED,RANDOMIZED,True,SINGLE,1.0,True,False,PARALLEL,True,active,True,176.0,144.0,0.18181818181818177,True,False,True,False,True,False,0,False,YES,True,False
NCT01777100,2012.0,<=2015,PHASE4,drug,2,40.0,OTHER,COMPLETED,RANDOMIZED,True,QUADRUPLE,4.0,True,True,PARALLEL,False,no-intervention,True,,,,,True,True,False,False,False,0,False,,False,False
NCT07334132,2026.0,2021-2026,PHASE4,drug,2,600.0,OTHER,NOT_YET_RECRUITING,RANDOMIZED,True,NONE,0.0,False,False,PARALLEL,True,none/single-group,False,,,,,True,True,False,False,False,1,True,UNDECIDED,False,False
NCT03236155,2017.0,2016-2020,PHASE4,drug,2,304.0,OTHER,COMPLETED,RANDOMIZED,True,TRIPLE,3.0,True,True,PARALLEL,True,active,True,304.0,304.0,0.0,True,True,True,False,True,False,0,False,NO,False,False
NCT02523599,2015.0,<=2015,PHASE3,drug,2,305.0,INDUSTRY,COMPLETED,RANDOMIZED,True,QUADRUPLE,4.0,True,True,PARALLEL,True,placebo/sham,True,305.0,296.0,0.02950819672131144,True,True,True,False,True,False,1,True,,False,False
NCT03403842,2018.0,2016-2020,NA,both,3,159.0,OTHER,UNKNOWN,RANDOMIZED,True,NONE,0.0,False,False,SEQUENTIAL,True,active,True,,,,,False,True,True,False,False,0,False,UNDECIDED,False,True
NCT02884180,2017.0,2016-2020,PHASE4,drug,2,98.0,OTHER,TERMINATED,RANDOMIZED,True,QUADRUPLE,4.0,True,True,PARALLEL,False,placebo/sham,True,,,,,True,True,False,False,False,0,False,NO,False,False
NCT03640390,2018.0,2016-2020,PHASE3,drug,3,60.0,OTHER,COMPLETED,RANDOMIZED,True,QUADRUPLE,4.0,True,True,PARALLEL,False,placebo/sham,True,,,,,True,False,True,False,False,0,False,NO,False,True
NCT03506789,2018.0,2016-2020,PHASE4,drug,3,485.0,OTHER,COMPLETED,RANDOMIZED,True,QUADRUPLE,4.0,True,True,PARALLEL,True,placebo/sham,True,,,,,True,True,True,False,False,5,True,YES,True,True
NCT06021717,2018.0,2016-2020,PHASE4,drug,2,60.0,OTHER,COMPLETED,RANDOMIZED,True,TRIPLE,3.0,True,True,PARALLEL,False,active,True,,,,,True,True,False,False,False,0,False,NO,False,False
NCT00942565,2007.0,<=2015,PHASE4,drug,2,60.0,OTHER,COMPLETED,RANDOMIZED,True,QUADRUPLE,4.0,True,True,PARALLEL,False,active,True,,,,,True,True,False,False,False,0,False,,False,
NCT02653742,2015.0,<=2015,PHASE4,drug,3,150.0,OTHER,UNKNOWN,RANDOMIZED,True,QUADRUPLE,4.0,True,True,PARALLEL,True,none/single-group,False,,,,,True,True,True,False,False,0,False,,False,True
NCT03879980,2019.0,2016-2020,NA,drug,2,44.0,OTHER,COMPLETED,RANDOMIZED,True,DOUBLE,2.0,True,True,PARALLEL,True,placebo/sham,True,,,,,False,False,False,False,False,0,False,,False,False
NCT02929589,2018.0,2016-2020,PHASE3,drug,4,18.0,FED,TERMINATED,RANDOMIZED,True,DOUBLE,2.0,True,True,PARALLEL,False,placebo/sham,True,18.0,15.0,0.16666666666666663,True,True,True,True,True,False,0,False,NO,False,False
NCT02193620,2013.0,<=2015,PHASE2;PHASE3,drug,2,106.0,INDUSTRY,COMPLETED,RANDOMIZED,True,DOUBLE,2.0,True,True,PARALLEL,True,placebo/sham,True,,,,,True,True,False,False,False,0,False,,False,False
NCT06253260,2024.0,2021-2026,NA,drug,2,50.0,OTHER,COMPLETED,RANDOMIZED,True,DOUBLE,2.0,True,True,PARALLEL,True,active,True,,,,,False,True,False,False,False,0,False,NO,False,True
NCT03844451,2019.0,2016-2020,PHASE4,drug,2,75.0,OTHER,UNKNOWN,RANDOMIZED,True,NONE,0.0,False,False,PARALLEL,False,placebo/sham,True,,,,,True,True,False,False,False,0,False,UNDECIDED,False,True
NCT00877799,2009.0,<=2015,PHASE2,drug,2,114.0,INDUSTRY,COMPLETED,RANDOMIZED,True,TRIPLE,3.0,True,True,PARALLEL,True,placebo/sham,True,68.0,57.0,0.16176470588235292,True,False,True,False,True,False,0,False,,False,False
NCT01380834,2010.0,<=2015,NA,drug,2,84.0,OTHER,COMPLETED,RANDOMIZED,True,QUADRUPLE,4.0,True,True,PARALLEL,True,placebo/sham,True,84.0,83.0,0.011904761904761862,True,False,True,False,True,False,1,True,,False,True
NCT06920576,2025.0,2021-2026,PHASE1;PHASE2,drug,3,144.0,OTHER,ACTIVE_NOT_RECRUITING,RANDOMIZED,True,TRIPLE,3.0,True,True,PARALLEL,True,placebo/sham,True,,,,,False,True,True,False,False,0,False,NO,False,
NCT03382938,2019.0,2016-2020,NA,drug,4,100.0,OTHER,RECRUITING,RANDOMIZED,True,DOUBLE,2.0,True,True,PARALLEL,True,placebo/sham,True,,,,,False,False,True,False,False,0,False,UNDECIDED,False,False
NCT01605942,2012.0,<=2015,PHASE1,drug,2,8.0,INDUSTRY,TERMINATED,RANDOMIZED,True,TRIPLE,3.0,True,True,PARALLEL,False,placebo/sham,True,8.0,8.0,0.0,True,False,True,False,True,False,0,False,,False,False
NCT07094802,2025.0,2021-2026,PHASE4,drug,2,92.0,OTHER,NOT_YET_RECRUITING,RANDOMIZED,True,DOUBLE,2.0,True,True,PARALLEL,False,placebo/sham,True,,,,,True,True,False,False,False,0,False,,False,True
NCT02634788,2016.0,2016-2020,PHASE3,drug,4,322.0,INDUSTRY,COMPLETED,RANDOMIZED,True,DOUBLE,2.0,True,True,PARALLEL,True,placebo/sham,True,322.0,298.0,0.07453416149068326,True,True,True,True,True,False,0,False,,False,False
NCT06871033,2024.0,2021-2026,PHASE3,drug,2,80.0,OTHER,COMPLETED,RANDOMIZED,True,QUADRUPLE,4.0,True,True,PARALLEL,False,active,True,,,,,True,True,False,False,False,0,False,,False,True
NCT03825965,2023.0,2021-2026,PHASE3,drug,2,39.0,OTHER,COMPLETED,RANDOMIZED,True,QUADRUPLE,4.0,True,True,PARALLEL,False,placebo/sham,True,,,,,True,True,False,False,False,1,True,UNDECIDED,False,True
NCT01052012,2009.0,<=2015,PHASE3,drug,3,331.0,INDUSTRY,COMPLETED,RANDOMIZED,True,QUADRUPLE,4.0,True,True,PARALLEL,True,placebo/sham,True,331.0,294.0,0.11178247734138969,True,True,True,True,True,False,0,False,,False,False
NCT01546857,2012.0,<=2015,PHASE4,drug,2,34.0,OTHER,TERMINATED,RANDOMIZED,True,QUADRUPLE,4.0,True,True,PARALLEL,False,placebo/sham,True,34.0,29.0,0.1470588235294118,True,True,True,False,True,False,1,True,,False,False
NCT02028715,2013.0,<=2015,PHASE4,drug,2,68.0,OTHER,COMPLETED,RANDOMIZED,True,DOUBLE,2.0,True,True,PARALLEL,False,placebo/sham,True,68.0,59.0,0.13235294117647056,True,True,False,False,True,False,0,False,,False,False
NCT03997838,2019.0,2016-2020,PHASE3,drug,2,307.0,INDUSTRY,COMPLETED,RANDOMIZED,True,QUADRUPLE,4.0,True,True,PARALLEL,True,placebo/sham,True,,,,,True,True,False,False,False,0,False,NO,False,False
NCT03570541,2018.0,2016-2020,PHASE4,both,2,69.0,OTHER,COMPLETED,RANDOMIZED,True,QUADRUPLE,4.0,True,True,PARALLEL,False,placebo/sham,True,,,,,True,True,False,False,False,2,True,NO,False,True
NCT02927379,2016.0,2016-2020,PHASE3,drug,3,90.0,OTHER,COMPLETED,RANDOMIZED,True,DOUBLE,2.0,True,True,PARALLEL,False,placebo/sham,True,,,,,True,False,True,False,False,1,True,UNDECIDED,False,True
NCT04278703,2019.0,2016-2020,NA,drug,3,192.0,OTHER,UNKNOWN,RANDOMIZED,True,SINGLE,1.0,True,False,PARALLEL,True,active,True,,,,,False,True,True,False,False,0,False,,False,
NCT00771173,2008.0,<=2015,PHASE4,drug,2,258.0,OTHER,COMPLETED,RANDOMIZED,True,QUADRUPLE,4.0,True,True,PARALLEL,True,placebo/sham,True,258.0,219.0,0.15116279069767447,True,True,True,False,True,True,0,False,UNDECIDED,False,False
NCT03645304,2019.0,2016-2020,NA,both,2,66.0,OTHER,UNKNOWN,RANDOMIZED,True,TRIPLE,3.0,True,True,PARALLEL,True,placebo/sham,True,,,,,False,True,False,False,False,0,False,NO,False,False
NCT04724772,2020.0,2016-2020,PHASE3,drug,1,0.0,OTHER,WITHDRAWN,NA,False,NONE,0.0,False,False,SINGLE_GROUP,False,none/single-group,False,,,,,True,False,False,False,False,0,False,NO,False,
NCT07571252,2026.0,2021-2026,PHASE4,drug,3,72.0,OTHER,NOT_YET_RECRUITING,RANDOMIZED,True,TRIPLE,3.0,True,True,PARALLEL,False,no-intervention,True,,,,,True,True,True,False,False,0,False,NO,False,False
NCT07591207,2026.0,2021-2026,NA,drug,2,134.0,OTHER,RECRUITING,RANDOMIZED,True,QUADRUPLE,4.0,True,True,PARALLEL,True,active,True,,,,,False,False,False,False,True,0,False,YES,True,True
NCT02239497,2013.0,<=2015,PHASE4,both,2,30.0,OTHER,COMPLETED,RANDOMIZED,True,NONE,0.0,False,False,PARALLEL,False,none/single-group,False,,,,,True,True,False,False,False,0,False,,False,
NCT02515422,2014.0,<=2015,PHASE1,drug,4,120.0,OTHER_GOV,COMPLETED,RANDOMIZED,True,TRIPLE,3.0,True,True,PARALLEL,True,placebo/sham,True,,,,,False,False,True,False,False,0,False,,False,
NCT05280197,2022.0,2021-2026,NA,both,2,224.0,OTHER,COMPLETED,RANDOMIZED,True,TRIPLE,3.0,True,True,PARALLEL,True,placebo/sham,True,,,,,False,False,False,False,False,0,False,NO,False,False
NCT05920980,2023.0,2021-2026,NA,drug,2,276.0,OTHER,COMPLETED,RANDOMIZED,True,DOUBLE,2.0,True,True,PARALLEL,True,placebo/sham,True,,,,,False,False,False,False,False,0,False,NO,False,
NCT02372812,2014.0,<=2015,PHASE2,drug,2,173.0,OTHER,COMPLETED,RANDOMIZED,True,TRIPLE,3.0,True,True,PARALLEL,True,placebo/sham,True,,,,,False,False,False,False,False,0,False,,False,True
NCT01307202,2007.0,<=2015,NA,drug,2,101.0,OTHER,COMPLETED,RANDOMIZED,True,QUADRUPLE,4.0,True,True,PARALLEL,True,placebo/sham,True,,,,,False,True,False,False,False,2,True,,False,False
NCT03413280,2017.0,2016-2020,NA,drug,2,200.0,OTHER,COMPLETED,RANDOMIZED,True,TRIPLE,3.0,True,True,PARALLEL,True,active,True,,,,,False,False,False,False,False,0,False,,False,
NCT05479747,2021.0,2021-2026,PHASE4,drug,4,60.0,OTHER,COMPLETED,RANDOMIZED,True,TRIPLE,3.0,True,True,PARALLEL,False,placebo/sham,True,60.0,60.0,0.0,True,True,True,True,True,False,1,True,NO,False,
NCT02625753,2014.0,<=2015,PHASE3,drug,2,40.0,OTHER,COMPLETED,RANDOMIZED,True,QUADRUPLE,4.0,True,True,PARALLEL,False,placebo/sham,True,,,,,True,True,False,False,False,2,True,,False,True
NCT04585620,2022.0,2021-2026,PHASE1;PHASE2,drug,2,30.0,OTHER,UNKNOWN,RANDOMIZED,True,DOUBLE,2.0,True,True,PARALLEL,False,placebo/sham,True,,,,,False,True,False,False,False,0,False,NO,False,True
NCT03364088,2016.0,2016-2020,NA,both,4,402.0,OTHER,COMPLETED,RANDOMIZED,True,NONE,0.0,False,False,PARALLEL,True,active,True,,,,,False,True,True,False,False,1,True,,False,
NCT05718544,2023.0,2021-2026,PHASE4,drug,2,199.0,OTHER,COMPLETED,RANDOMIZED,True,QUADRUPLE,4.0,True,True,PARALLEL,True,placebo/sham,True,,,,,True,False,False,False,False,0,False,NO,False,True
NCT00618423,2007.0,<=2015,PHASE2,drug,2,160.0,OTHER,COMPLETED,RANDOMIZED,True,QUADRUPLE,4.0,True,True,SINGLE_GROUP,True,placebo/sham,True,,,,,False,False,False,False,False,1,True,,False,False
NCT03554980,2018.0,2016-2020,PHASE4,drug,2,46.0,OTHER,UNKNOWN,RANDOMIZED,True,DOUBLE,2.0,True,True,PARALLEL,False,active,True,,,,,True,True,False,False,False,0,False,YES,True,True
NCT01221025,2010.0,<=2015,PHASE4,drug,1,900.0,OTHER,UNKNOWN,RANDOMIZED,True,DOUBLE,2.0,True,True,PARALLEL,True,none/single-group,False,,,,,True,True,False,False,False,0,False,,False,True
NCT00616850,2007.0,<=2015,NA,both,3,0.0,OTHER,WITHDRAWN,RANDOMIZED,True,TRIPLE,3.0,True,True,FACTORIAL,False,placebo/sham,True,,,,,False,True,True,False,False,0,False,,False,False
NCT05034406,2019.0,2016-2020,NA,drug,3,60.0,OTHER,COMPLETED,RANDOMIZED,True,SINGLE,1.0,True,False,PARALLEL,True,no-intervention,True,,,,,False,True,True,False,False,0,False,NO,False,False
NCT03011307,2017.0,2016-2020,PHASE2,drug,2,126.0,OTHER,TERMINATED,RANDOMIZED,True,TRIPLE,3.0,True,True,PARALLEL,True,placebo/sham,True,98.0,90.0,0.08163265306122447,True,False,True,False,True,False,0,False,NO,False,True
NCT01075087,2010.0,<=2015,NA,drug,2,19.0,OTHER,COMPLETED,RANDOMIZED,True,TRIPLE,3.0,True,True,PARALLEL,False,placebo/sham,True,19.0,19.0,0.0,True,False,False,False,True,False,0,False,,False,False
NCT07416136,2025.0,2021-2026,NA,drug,2,40.0,OTHER,COMPLETED,RANDOMIZED,True,TRIPLE,3.0,True,True,CROSSOVER,True,active,True,,,,,False,True,False,False,False,0,False,NO,False,False
NCT07173725,2023.0,2021-2026,NA,drug,2,142.0,OTHER,COMPLETED,RANDOMIZED,True,TRIPLE,3.0,True,True,PARALLEL,True,active,True,,,,,False,True,False,False,False,0,False,NO,False,False
NCT04178109,2019.0,2016-2020,PHASE2,drug,2,226.0,OTHER,COMPLETED,RANDOMIZED,True,SINGLE,1.0,True,False,PARALLEL,True,placebo/sham,True,,,,,False,True,False,False,False,1,True,YES,True,
NCT02829697,2016.0,2016-2020,PHASE4,drug,10,120.0,OTHER,COMPLETED,RANDOMIZED,True,TRIPLE,3.0,True,True,PARALLEL,True,active,True,,,,,True,True,True,False,False,0,False,YES,True,True
NCT02270437,2014.0,<=2015,PHASE4,drug,2,55.0,OTHER,COMPLETED,RANDOMIZED,True,DOUBLE,2.0,True,True,PARALLEL,False,no-intervention,True,,,,,True,True,False,False,False,0,False,,False,False
NCT04998071,2021.0,2021-2026,NA,drug,2,50.0,OTHER_GOV,UNKNOWN,RANDOMIZED,True,QUADRUPLE,4.0,True,True,PARALLEL,True,active,True,,,,,False,True,False,False,False,0,False,,False,True
NCT00970086,2009.0,<=2015,PHASE4,drug,1,22.0,OTHER,TERMINATED,NA,False,DOUBLE,2.0,True,True,SINGLE_GROUP,False,none/single-group,False,,,,,True,True,False,False,False,0,False,,False,False
NCT03623230,2018.0,2016-2020,PHASE4,both,3,63.0,OTHER,COMPLETED,RANDOMIZED,True,TRIPLE,3.0,True,True,PARALLEL,False,placebo/sham,True,,,,,True,True,True,False,False,0,False,NO,False,
NCT04042688,2017.0,2016-2020,PHASE4,drug,2,47.0,OTHER,UNKNOWN,RANDOMIZED,True,DOUBLE,2.0,True,True,PARALLEL,False,no-intervention,True,,,,,True,True,False,False,False,1,True,UNDECIDED,False,True
NCT02108847,2014.0,<=2015,NA,both,2,42.0,OTHER,COMPLETED,RANDOMIZED,True,QUADRUPLE,4.0,True,True,PARALLEL,True,placebo/sham,True,,,,,False,True,False,False,True,0,False,,False,False
NCT03084601,2017.0,2016-2020,PHASE4,drug,2,100.0,OTHER,COMPLETED,RANDOMIZED,True,DOUBLE,2.0,True,True,PARALLEL,True,active,True,,,,,True,True,False,False,False,0,False,NO,False,True
NCT05404490,2022.0,2021-2026,NA,drug,2,202.0,OTHER,COMPLETED,RANDOMIZED,True,SINGLE,1.0,True,False,PARALLEL,True,placebo/sham,True,,,,,False,True,False,False,False,0,False,NO,False,False
NCT01852955,2013.0,<=2015,NA,drug,2,70.0,OTHER,COMPLETED,RANDOMIZED,True,DOUBLE,2.0,True,True,PARALLEL,True,placebo/sham,True,70.0,65.0,0.0714285714285714,True,False,False,False,True,False,0,False,NO,False,False
NCT03151369,2017.0,2016-2020,NA,drug,1,89.0,OTHER,COMPLETED,NA,False,NONE,0.0,False,False,SINGLE_GROUP,True,none/single-group,False,,,,,False,False,False,False,False,0,False,UNDECIDED,False,
NCT02950233,2017.0,2016-2020,PHASE3,drug,4,27.0,OTHER,TERMINATED,RANDOMIZED,True,QUADRUPLE,4.0,True,True,FACTORIAL,False,placebo/sham,True,,,,,True,True,True,False,False,1,True,NO,False,False
NCT01247857,2008.0,<=2015,PHASE3,drug,3,90.0,OTHER,COMPLETED,RANDOMIZED,True,TRIPLE,3.0,True,True,PARALLEL,False,placebo/sham,True,,,,,True,True,True,False,True,0,False,,False,False
NCT07316660,2026.0,2021-2026,NA,drug,2,120.0,OTHER,NOT_YET_RECRUITING,RANDOMIZED,True,DOUBLE,2.0,True,True,PARALLEL,True,active,True,,,,,False,True,False,False,False,0,False,UNDECIDED,False,
NCT05751421,2023.0,2021-2026,PHASE3,both,2,60.0,OTHER,UNKNOWN,RANDOMIZED,True,SINGLE,1.0,True,False,PARALLEL,False,active,True,,,,,True,True,False,False,False,0,False,,False,
NCT04051723,2019.0,2016-2020,PHASE4,drug,2,80.0,OTHER,COMPLETED,RANDOMIZED,True,DOUBLE,2.0,True,True,PARALLEL,False,active,True,,,,,True,False,False,False,False,0,False,YES,True,True
NCT06590714,2024.0,2021-2026,NA,drug,2,150.0,OTHER,RECRUITING,RANDOMIZED,True,NONE,0.0,False,False,PARALLEL,True,active,True,,,,,False,True,False,False,False,0,False,UNDECIDED,False,False
NCT07500454,2024.0,2021-2026,NA,drug,3,30.0,OTHER_GOV,COMPLETED,RANDOMIZED,True,DOUBLE,2.0,True,True,PARALLEL,True,active,True,,,,,False,True,True,False,False,0,False,YES,True,False
NCT07187037,2025.0,2021-2026,NA,drug,2,130.0,OTHER,NOT_YET_RECRUITING,RANDOMIZED,True,QUADRUPLE,4.0,True,True,PARALLEL,True,active,True,,,,,False,False,False,False,False,0,False,NO,False,False
NCT02400580,2015.0,<=2015,PHASE4,drug,2,183.0,OTHER,COMPLETED,RANDOMIZED,True,TRIPLE,3.0,True,True,PARALLEL,True,placebo/sham,True,183.0,180.0,0.016393442622950838,True,True,True,False,True,False,0,False,,False,True
NCT04791943,2021.0,2021-2026,PHASE2,drug,2,60.0,OTHER,COMPLETED,RANDOMIZED,True,DOUBLE,2.0,True,True,PARALLEL,True,placebo/sham,True,,,,,False,False,False,False,False,0,False,NO,False,True
NCT06270147,2024.0,2021-2026,PHASE2,drug,2,100.0,OTHER,RECRUITING,RANDOMIZED,True,TRIPLE,3.0,True,True,PARALLEL,True,active,True,,,,,False,False,False,False,False,0,False,NO,False,
NCT06204120,2022.0,2021-2026,PHASE2,drug,6,150.0,INDUSTRY,COMPLETED,RANDOMIZED,True,TRIPLE,3.0,True,True,PARALLEL,True,placebo/sham,True,,,,,False,True,True,False,False,0,False,NO,False,False
NCT03729375,2018.0,2016-2020,PHASE1,drug,2,52.0,OTHER,COMPLETED,RANDOMIZED,True,DOUBLE,2.0,True,True,PARALLEL,True,active,True,,,,,False,True,False,False,False,0,False,NO,False,
NCT04700228,2021.0,2021-2026,PHASE4,drug,3,162.0,OTHER_GOV,UNKNOWN,RANDOMIZED,True,DOUBLE,2.0,True,True,FACTORIAL,True,placebo/sham,True,,,,,True,True,True,False,False,0,False,,False,True
NCT02161484,2014.0,<=2015,NA,both,2,10.0,OTHER,TERMINATED,RANDOMIZED,True,DOUBLE,2.0,True,True,PARALLEL,False,active,True,10.0,3.0,0.7,False,False,True,False,True,False,0,False,,False,False
NCT07626489,2026.0,2021-2026,NA,drug,2,100.0,OTHER,RECRUITING,RANDOMIZED,True,QUADRUPLE,4.0,True,True,PARALLEL,True,active,True,,,,,False,False,False,False,False,0,False,YES,True,True
NCT00572208,2008.0,<=2015,NA,drug,2,64.0,OTHER,UNKNOWN,RANDOMIZED,True,QUADRUPLE,4.0,True,True,PARALLEL,True,active,True,,,,,False,True,False,False,False,0,False,,False,True
NCT02160236,2014.0,<=2015,PHASE4,drug,3,90.0,OTHER,UNKNOWN,RANDOMIZED,True,QUADRUPLE,4.0,True,True,PARALLEL,False,placebo/sham,True,,,,,True,True,True,False,False,0,False,,False,False
NCT07615595,2025.0,2021-2026,PHASE4,drug,2,176.0,OTHER,ENROLLING_BY_INVITATION,RANDOMIZED,True,SINGLE,1.0,True,False,PARALLEL,True,placebo/sham,True,,,,,True,False,False,False,False,0,False,,False,False
NCT03743194,2021.0,2021-2026,PHASE4,drug,2,210.0,OTHER,COMPLETED,RANDOMIZED,True,DOUBLE,2.0,True,True,PARALLEL,True,placebo/sham,True,210.0,194.0,0.07619047619047614,True,True,True,False,True,False,1,True,,False,False
NCT05900427,2023.0,2021-2026,PHASE4,drug,2,78.0,OTHER,TERMINATED,RANDOMIZED,True,DOUBLE,2.0,True,True,PARALLEL,False,none/single-group,False,,,,,True,False,False,False,True,0,False,NO,False,True
NCT01594047,2009.0,<=2015,NA,drug,4,113.0,OTHER,COMPLETED,RANDOMIZED,True,DOUBLE,2.0,True,True,PARALLEL,True,no-intervention,True,113.0,96.0,0.1504424778761062,True,False,True,True,True,False,1,True,,False,False
NCT03498261,2018.0,2016-2020,PHASE1,drug,2,50.0,OTHER,ACTIVE_NOT_RECRUITING,RANDOMIZED,True,DOUBLE,2.0,True,True,SINGLE_GROUP,True,placebo/sham,True,,,,,False,False,False,False,False,0,False,NO,False,False
NCT05509244,2022.0,2021-2026,NA,drug,2,64.0,OTHER,UNKNOWN,RANDOMIZED,True,TRIPLE,3.0,True,True,PARALLEL,True,active,True,,,,,False,True,False,False,False,0,False,NO,False,
NCT03123861,2017.0,2016-2020,PHASE4,drug,2,45.0,OTHER,COMPLETED,RANDOMIZED,True,QUADRUPLE,4.0,True,True,PARALLEL,False,placebo/sham,True,45.0,39.0,0.1333333333333333,True,True,False,False,True,False,1,True,NO,False,False
NCT01929252,2011.0,<=2015,PHASE4,drug,2,50.0,OTHER,COMPLETED,RANDOMIZED,True,QUADRUPLE,4.0,True,True,PARALLEL,False,active,True,,,,,True,True,False,False,False,0,False,,False,False
NCT05297513,2022.0,2021-2026,PHASE4,drug,2,275.0,OTHER,NOT_YET_RECRUITING,RANDOMIZED,True,SINGLE,1.0,True,False,PARALLEL,True,no-intervention,True,,,,,True,False,False,False,False,0,False,NO,False,
NCT04630158,2021.0,2021-2026,PHASE2,drug,3,153.0,INDUSTRY,COMPLETED,RANDOMIZED,True,QUADRUPLE,4.0,True,True,PARALLEL,True,placebo/sham,True,150.0,138.0,0.07999999999999996,True,False,True,True,True,False,1,True,YES,True,False
NCT05705128,2023.0,2021-2026,PHASE2;PHASE3,drug,2,100.0,OTHER,ENROLLING_BY_INVITATION,RANDOMIZED,True,TRIPLE,3.0,True,True,PARALLEL,True,active,True,,,,,True,True,False,False,False,0,False,,False,True
NCT03527576,2018.0,2016-2020,PHASE4,drug,2,50.0,OTHER,COMPLETED,RANDOMIZED,True,TRIPLE,3.0,True,True,PARALLEL,False,placebo/sham,True,,,,,True,True,False,False,False,1,True,UNDECIDED,False,True
NCT05785234,2023.0,2021-2026,NA,drug,2,66.0,OTHER,UNKNOWN,RANDOMIZED,True,DOUBLE,2.0,True,True,PARALLEL,True,active,True,,,,,False,False,False,False,False,0,False,,False,False
NCT05979493,2024.0,2021-2026,PHASE4,drug,2,80.0,OTHER,RECRUITING,RANDOMIZED,True,TRIPLE,3.0,True,True,PARALLEL,False,placebo/sham,True,,,,,True,False,False,False,False,0,False,NO,False,True
NCT04751344,2020.0,2016-2020,PHASE4,drug,2,100.0,OTHER,UNKNOWN,RANDOMIZED,True,SINGLE,1.0,True,False,PARALLEL,True,active,True,,,,,True,False,False,False,False,0,False,NO,False,True
NCT07180498,2025.0,2021-2026,NA,drug,2,54.0,OTHER,RECRUITING,RANDOMIZED,True,DOUBLE,2.0,True,True,PARALLEL,True,active,True,,,,,False,False,False,False,False,0,False,,False,False
NCT02274974,2014.0,<=2015,PHASE4,drug,2,160.0,OTHER,COMPLETED,RANDOMIZED,True,DOUBLE,2.0,True,True,PARALLEL,True,active,True,,,,,True,False,False,False,False,0,False,,False,True
NCT07208799,2026.0,2021-2026,PHASE2,drug,2,72.0,OTHER,RECRUITING,RANDOMIZED,True,TRIPLE,3.0,True,True,PARALLEL,True,active,True,,,,,False,False,False,False,False,0,False,UNDECIDED,False,False
NCT05928520,2023.0,2021-2026,PHASE3,drug,2,80.0,OTHER,UNKNOWN,RANDOMIZED,True,DOUBLE,2.0,True,True,PARALLEL,False,active,True,,,,,True,True,False,False,False,0,False,YES,True,True
NCT05581901,2023.0,2021-2026,PHASE4,drug,3,31.0,OTHER,COMPLETED,NON_RANDOMIZED,False,DOUBLE,2.0,True,True,SEQUENTIAL,False,none/single-group,False,,,,,True,True,True,False,False,1,True,NO,False,False
NCT00814580,2008.0,<=2015,PHASE3,drug,2,382.0,INDUSTRY,COMPLETED,RANDOMIZED,True,QUADRUPLE,4.0,True,True,PARALLEL,True,active,True,382.0,304.0,0.20418848167539272,False,True,True,False,True,False,1,True,,False,False
NCT00661466,2008.0,<=2015,PHASE2,drug,2,7.0,INDUSTRY,TERMINATED,RANDOMIZED,True,TRIPLE,3.0,True,True,PARALLEL,False,placebo/sham,True,7.0,7.0,0.0,True,False,True,False,True,False,0,False,,False,False
NCT02992041,2016.0,2016-2020,PHASE2,drug,3,69.0,INDUSTRY,COMPLETED,RANDOMIZED,True,QUADRUPLE,4.0,True,True,PARALLEL,True,placebo/sham,True,,,,,False,True,True,False,False,0,False,,False,False
NCT02120703,2011.0,<=2015,PHASE3,drug,2,78.0,OTHER,COMPLETED,RANDOMIZED,True,SINGLE,1.0,True,False,PARALLEL,False,active,True,,,,,True,False,False,False,False,0,False,,False,False
NCT06722963,2025.0,2021-2026,PHASE4,drug,2,70.0,OTHER,NOT_YET_RECRUITING,RANDOMIZED,True,QUADRUPLE,4.0,True,True,PARALLEL,False,none/single-group,False,,,,,True,True,False,False,True,0,False,UNDECIDED,False,True
NCT07368790,2024.0,2021-2026,NA,drug,2,40.0,OTHER,COMPLETED,RANDOMIZED,True,DOUBLE,2.0,True,True,SINGLE_GROUP,True,placebo/sham,True,,,,,False,True,False,False,False,0,False,UNDECIDED,False,True
NCT01365195,2011.0,<=2015,PHASE4,drug,3,21.0,OTHER,TERMINATED,RANDOMIZED,True,TRIPLE,3.0,True,True,PARALLEL,False,placebo/sham,True,21.0,21.0,0.0,True,True,True,True,True,False,0,False,,False,False
NCT01614236,2012.0,<=2015,NA,drug,2,100.0,OTHER_GOV,UNKNOWN,RANDOMIZED,True,QUADRUPLE,4.0,True,True,PARALLEL,True,active,True,,,,,False,True,False,False,False,0,False,,False,False
NCT05943015,2022.0,2021-2026,NA,both,3,122.0,OTHER_GOV,COMPLETED,RANDOMIZED,True,SINGLE,1.0,True,False,PARALLEL,True,active,True,,,,,False,False,True,False,False,0,False,NO,False,
NCT06689943,2025.0,2021-2026,PHASE2,drug,2,80.0,OTHER,NOT_YET_RECRUITING,RANDOMIZED,True,SINGLE,1.0,True,False,PARALLEL,True,active,True,,,,,False,True,False,False,False,0,False,UNDECIDED,False,False
NCT00612534,2008.0,<=2015,PHASE2,drug,4,94.0,INDUSTRY,COMPLETED,RANDOMIZED,True,QUADRUPLE,4.0,True,True,PARALLEL,True,placebo/sham,True,94.0,40.0,0.574468085106383,False,False,True,True,True,True,0,False,,False,False
NCT04908579,2021.0,2021-2026,PHASE4,drug,3,90.0,OTHER,RECRUITING,RANDOMIZED,True,DOUBLE,2.0,True,True,PARALLEL,False,active,True,,,,,True,False,True,False,False,0,False,NO,False,
NCT07228039,2026.0,2021-2026,PHASE4,drug,2,75.0,OTHER,NOT_YET_RECRUITING,RANDOMIZED,True,QUADRUPLE,4.0,True,True,PARALLEL,False,none/single-group,False,,,,,True,True,False,False,False,0,False,NO,False,
NCT01983020,2011.0,<=2015,PHASE3,drug,4,46.0,OTHER,COMPLETED,RANDOMIZED,True,DOUBLE,2.0,True,True,PARALLEL,False,placebo/sham,True,46.0,46.0,0.0,True,True,True,True,True,False,0,False,,False,False
NCT02477098,2015.0,<=2015,PHASE4,drug,2,77.0,OTHER,COMPLETED,RANDOMIZED,True,TRIPLE,3.0,True,True,PARALLEL,False,none/single-group,False,,,,,True,True,False,False,False,2,True,,False,True
NCT04782778,2021.0,2021-2026,NA,drug,2,58.0,OTHER,COMPLETED,RANDOMIZED,True,TRIPLE,3.0,True,True,PARALLEL,True,active,True,,,,,False,False,False,False,False,0,False,,False,False
NCT06894069,2025.0,2021-2026,EARLY_PHASE1,drug,2,80.0,OTHER,NOT_YET_RECRUITING,RANDOMIZED,True,DOUBLE,2.0,True,True,PARALLEL,True,placebo/sham,True,,,,,False,True,False,False,False,0,False,YES,True,False
NCT07622641,2026.0,2021-2026,NA,drug,2,100.0,OTHER,NOT_YET_RECRUITING,RANDOMIZED,True,NONE,0.0,False,False,PARALLEL,True,none/single-group,False,,,,,False,True,False,False,False,0,False,NO,False,False
NCT02044302,2014.0,<=2015,PHASE2,drug,4,2.0,OTHER,TERMINATED,RANDOMIZED,True,TRIPLE,3.0,True,True,PARALLEL,False,active,True,2.0,0.0,1.0,False,False,True,True,True,False,0,False,,False,False
NCT04118101,2019.0,2016-2020,PHASE2;PHASE3,drug,2,46.0,OTHER,COMPLETED,RANDOMIZED,True,QUADRUPLE,4.0,True,True,PARALLEL,False,placebo/sham,True,,,,,True,True,False,False,False,0,False,YES,True,True
NCT01492179,2011.0,<=2015,PHASE4,drug,3,60.0,OTHER,COMPLETED,RANDOMIZED,True,QUADRUPLE,4.0,True,True,PARALLEL,False,placebo/sham,True,,,,,True,True,True,False,False,0,False,,False,True
NCT02067442,2013.0,<=2015,NA,drug,2,100.0,OTHER,UNKNOWN,RANDOMIZED,True,DOUBLE,2.0,True,True,SINGLE_GROUP,True,active,True,,,,,False,True,False,False,False,0,False,,False,False
NCT06451705,2024.0,2021-2026,NA,drug,2,30.0,OTHER,COMPLETED,RANDOMIZED,True,SINGLE,1.0,True,False,PARALLEL,True,active,True,,,,,False,True,False,False,False,0,False,NO,False,False
NCT03275207,2018.0,2016-2020,PHASE4,drug,2,120.0,OTHER,UNKNOWN,RANDOMIZED,True,DOUBLE,2.0,True,True,PARALLEL,True,placebo/sham,True,,,,,True,False,False,False,False,0,False,NO,False,
NCT00943098,2009.0,<=2015,PHASE3,drug,2,142.0,INDUSTRY,COMPLETED,RANDOMIZED,True,DOUBLE,2.0,True,True,PARALLEL,True,active,True,142.0,142.0,0.0,True,True,True,False,True,False,0,False,,False,False
NCT01981369,2014.0,<=2015,NA,both,2,100.0,OTHER,COMPLETED,RANDOMIZED,True,TRIPLE,3.0,True,True,PARALLEL,True,active,True,,,,,False,True,False,False,False,0,False,,False,False
NCT00004696,1994.0,<=2015,NA,drug,0,100.0,OTHER,COMPLETED,RANDOMIZED,True,,,False,False,,True,none/single-group,False,,,,,False,False,False,False,False,0,False,,False,
NCT06002152,2023.0,2021-2026,PHASE2,drug,2,160.0,OTHER,COMPLETED,RANDOMIZED,True,QUADRUPLE,4.0,True,True,PARALLEL,True,placebo/sham,True,,,,,False,False,False,False,False,1,True,NO,False,False
NCT02658240,2016.0,2016-2020,NA,drug,2,60.0,OTHER,COMPLETED,RANDOMIZED,True,SINGLE,1.0,True,False,PARALLEL,True,active,True,60.0,60.0,0.0,True,False,True,False,True,False,1,True,UNDECIDED,False,True
NCT07718360,2024.0,2021-2026,PHASE4,drug,2,80.0,OTHER,COMPLETED,RANDOMIZED,True,DOUBLE,2.0,True,True,PARALLEL,False,placebo/sham,True,,,,,True,True,False,False,False,0,False,NO,False,False
NCT02359110,2015.0,<=2015,PHASE4,drug,2,112.0,OTHER,COMPLETED,RANDOMIZED,True,TRIPLE,3.0,True,True,PARALLEL,True,placebo/sham,True,109.0,109.0,0.0,True,True,True,False,True,False,0,False,,False,True
NCT04624360,2020.0,2016-2020,PHASE4,drug,2,60.0,OTHER,UNKNOWN,RANDOMIZED,True,TRIPLE,3.0,True,True,PARALLEL,False,placebo/sham,True,,,,,True,True,False,False,False,0,False,YES,True,True
NCT07435909,2025.0,2021-2026,NA,drug,2,120.0,OTHER_GOV,RECRUITING,RANDOMIZED,True,SINGLE,1.0,True,False,PARALLEL,True,no-intervention,True,,,,,False,True,False,False,False,0,False,,False,
NCT02243254,2014.0,<=2015,NA,drug,4,120.0,OTHER,COMPLETED,RANDOMIZED,True,TRIPLE,3.0,True,True,PARALLEL,True,placebo/sham,True,,,,,False,False,True,False,False,0,False,,False,
NCT00653926,2005.0,<=2015,NA,drug,2,40.0,OTHER,COMPLETED,RANDOMIZED,True,QUADRUPLE,4.0,True,True,PARALLEL,True,placebo/sham,True,,,,,False,True,False,False,False,1,True,,False,True
NCT07588802,2026.0,2021-2026,PHASE2,drug,2,120.0,OTHER,NOT_YET_RECRUITING,RANDOMIZED,True,DOUBLE,2.0,True,True,PARALLEL,True,active,True,,,,,False,True,False,False,False,0,False,NO,False,False
NCT02568735,2013.0,<=2015,PHASE4,drug,2,24.0,OTHER,COMPLETED,RANDOMIZED,True,NONE,0.0,False,False,PARALLEL,False,active,True,,,,,True,True,False,False,False,0,False,NO,False,True
NCT04910165,2020.0,2016-2020,PHASE3,drug,2,100.0,OTHER,COMPLETED,RANDOMIZED,True,DOUBLE,2.0,True,True,PARALLEL,True,active,True,100.0,100.0,0.0,True,True,True,False,True,False,0,False,NO,False,True
NCT04313764,2020.0,2016-2020,NA,drug,2,48.0,OTHER,UNKNOWN,RANDOMIZED,True,SINGLE,1.0,True,False,PARALLEL,True,active,True,,,,,False,True,False,False,False,0,False,,False,
NCT00373464,2006.0,<=2015,PHASE3,drug,0,126.0,OTHER,COMPLETED,RANDOMIZED,True,DOUBLE,2.0,True,True,SINGLE_GROUP,True,none/single-group,False,,,,,True,True,False,False,False,0,False,,False,
NCT05447429,2021.0,2021-2026,NA,both,2,40.0,OTHER,COMPLETED,RANDOMIZED,True,DOUBLE,2.0,True,True,PARALLEL,True,placebo/sham,True,,,,,False,True,False,False,True,0,False,NO,False,False
NCT03529032,2012.0,<=2015,PHASE4,drug,2,160.0,OTHER,COMPLETED,RANDOMIZED,True,TRIPLE,3.0,True,True,PARALLEL,True,no-intervention,True,,,,,True,True,False,False,False,0,False,,False,True
NCT00807209,2008.0,<=2015,PHASE2,drug,3,3.0,INDUSTRY,TERMINATED,RANDOMIZED,True,NONE,0.0,False,False,PARALLEL,False,active,True,3.0,3.0,0.0,True,False,True,True,True,False,0,False,,False,False
NCT00927888,2007.0,<=2015,PHASE4,drug,2,56.0,OTHER,COMPLETED,RANDOMIZED,True,QUADRUPLE,4.0,True,True,PARALLEL,False,placebo/sham,True,56.0,56.0,0.0,True,True,True,False,True,True,0,False,,False,False
NCT03714867,2019.0,2016-2020,PHASE4,drug,2,0.0,OTHER,WITHDRAWN,RANDOMIZED,True,TRIPLE,3.0,True,True,PARALLEL,False,placebo/sham,True,,,,,True,True,False,False,False,0,False,,False,True
NCT04916418,2021.0,2021-2026,PHASE4,drug,2,120.0,OTHER_GOV,COMPLETED,RANDOMIZED,True,QUADRUPLE,4.0,True,True,PARALLEL,True,placebo/sham,True,,,,,True,True,False,False,False,0,False,NO,False,False
NCT03479996,2018.0,2016-2020,NA,drug,2,22.0,OTHER,COMPLETED,RANDOMIZED,True,SINGLE,1.0,True,False,PARALLEL,False,no-intervention,True,,,,,False,True,False,False,False,1,True,NO,False,False
NCT02585011,2015.0,<=2015,NA,drug,2,123.0,OTHER,COMPLETED,RANDOMIZED,True,QUADRUPLE,4.0,True,True,PARALLEL,True,placebo/sham,True,,,,,False,True,False,False,False,0,False,,False,False
NCT04544228,2020.0,2016-2020,NA,both,3,90.0,OTHER,COMPLETED,RANDOMIZED,True,TRIPLE,3.0,True,True,PARALLEL,True,active,True,,,,,False,True,True,False,False,0,False,UNDECIDED,False,True
NCT00818493,2009.0,<=2015,PHASE2,drug,3,44.0,INDUSTRY,COMPLETED,RANDOMIZED,True,NONE,0.0,False,False,PARALLEL,False,active,True,,,,,False,True,True,False,False,1,True,,False,False
NCT04672252,2020.0,2016-2020,PHASE2;PHASE3,drug,2,100.0,OTHER,COMPLETED,RANDOMIZED,True,DOUBLE,2.0,True,True,PARALLEL,True,placebo/sham,True,100.0,99.0,0.010000000000000009,True,True,True,False,True,False,2,True,YES,True,True
NCT02086097,2013.0,<=2015,PHASE4,drug,3,90.0,OTHER,COMPLETED,RANDOMIZED,True,DOUBLE,2.0,True,True,FACTORIAL,False,placebo/sham,True,,,,,True,True,True,False,False,0,False,,False,False
NCT01015807,2009.0,<=2015,NA,drug,3,90.0,OTHER,COMPLETED,RANDOMIZED,True,DOUBLE,2.0,True,True,PARALLEL,True,placebo/sham,True,90.0,90.0,0.0,True,False,False,True,True,False,0,False,NO,False,True
NCT03678675,2019.0,2016-2020,PHASE3,drug,2,148.0,OTHER,COMPLETED,RANDOMIZED,True,TRIPLE,3.0,True,True,PARALLEL,True,no-intervention,True,148.0,148.0,0.0,True,True,True,False,True,False,1,True,NO,False,False
NCT06926764,2025.0,2021-2026,NA,both,2,100.0,OTHER,NOT_YET_RECRUITING,RANDOMIZED,True,QUADRUPLE,4.0,True,True,PARALLEL,True,placebo/sham,True,,,,,False,True,False,False,True,0,False,NO,False,False
NCT04854395,2021.0,2021-2026,PHASE4,drug,3,165.0,OTHER,COMPLETED,RANDOMIZED,True,QUADRUPLE,4.0,True,True,PARALLEL,True,active,True,,,,,True,True,True,False,False,0,False,YES,True,True
NCT04002271,2020.0,2016-2020,PHASE4,both,3,180.0,OTHER,UNKNOWN,RANDOMIZED,True,SINGLE,1.0,True,False,PARALLEL,True,active,True,,,,,True,True,True,False,False,0,False,,False,False
NCT06658574,2024.0,2021-2026,PHASE2,drug,2,65.0,OTHER,COMPLETED,RANDOMIZED,True,SINGLE,1.0,True,False,PARALLEL,True,none/single-group,False,65.0,35.0,0.46153846153846156,False,False,True,False,True,False,0,False,NO,False,False
NCT04528173,2020.0,2016-2020,PHASE4,drug,2,35.0,OTHER,TERMINATED,RANDOMIZED,True,TRIPLE,3.0,True,True,PARALLEL,False,active,True,35.0,35.0,0.0,True,True,True,False,True,False,0,False,,False,True
NCT05667324,2023.0,2021-2026,PHASE4,drug,2,50.0,OTHER,COMPLETED,RANDOMIZED,True,NONE,0.0,False,False,PARALLEL,False,active,True,50.0,46.0,0.07999999999999996,True,True,True,False,True,False,0,False,NO,False,False
NCT07667439,2026.0,2021-2026,NA,drug,2,148.0,OTHER,NOT_YET_RECRUITING,RANDOMIZED,True,TRIPLE,3.0,True,True,PARALLEL,True,active,True,,,,,False,True,False,False,False,0,False,,False,False
NCT01437644,2011.0,<=2015,PHASE3,drug,2,54.0,OTHER,COMPLETED,RANDOMIZED,True,QUADRUPLE,4.0,True,True,PARALLEL,False,placebo/sham,True,,,,,True,True,False,False,False,0,False,,False,True
NCT07452471,2026.0,2021-2026,NA,both,2,80.0,OTHER,NOT_YET_RECRUITING,RANDOMIZED,True,DOUBLE,2.0,True,True,PARALLEL,True,active,True,,,,,False,True,False,False,False,0,False,UNDECIDED,False,False
NCT03783702,2019.0,2016-2020,PHASE4,drug,2,118.0,OTHER,COMPLETED,RANDOMIZED,True,NONE,0.0,False,False,PARALLEL,True,active,True,118.0,100.0,0.15254237288135597,True,True,True,False,True,False,1,True,NO,False,
NCT02424630,2013.0,<=2015,NA,both,2,52.0,OTHER,COMPLETED,RANDOMIZED,True,QUADRUPLE,4.0,True,True,PARALLEL,True,placebo/sham,True,52.0,48.0,0.07692307692307687,True,False,False,False,True,False,1,True,,False,True
NCT05417100,2022.0,2021-2026,PHASE3,drug,2,17.0,OTHER,ACTIVE_NOT_RECRUITING,RANDOMIZED,True,NONE,0.0,False,False,PARALLEL,False,active,True,,,,,True,True,False,False,False,0,False,YES,True,
NCT00603083,2008.0,<=2015,PHASE4,drug,2,60.0,OTHER,COMPLETED,RANDOMIZED,True,QUADRUPLE,4.0,True,True,PARALLEL,False,placebo/sham,True,,,,,True,True,False,False,False,0,False,,False,True
NCT02914028,2016.0,2016-2020,NA,both,2,2.0,OTHER,COMPLETED,RANDOMIZED,True,TRIPLE,3.0,True,True,PARALLEL,False,active,True,,,,,False,False,False,False,False,0,False,NO,False,False
NCT01133639,2010.0,<=2015,NA,drug,2,18.0,OTHER,TERMINATED,RANDOMIZED,True,QUADRUPLE,4.0,True,True,PARALLEL,False,placebo/sham,True,0.0,0.0,,,False,True,False,True,False,0,False,,False,False
NCT00661635,2002.0,<=2015,PHASE3,drug,3,490.0,INDUSTRY,COMPLETED,RANDOMIZED,True,TRIPLE,3.0,True,True,PARALLEL,True,placebo/sham,True,,,,,True,True,True,False,False,0,False,,False,False
NCT00583869,2007.0,<=2015,EARLY_PHASE1,drug,3,86.0,OTHER,COMPLETED,RANDOMIZED,True,QUADRUPLE,4.0,True,True,PARALLEL,True,placebo/sham,True,,,,,False,True,True,False,False,0,False,,False,True
NCT04557202,2017.0,2016-2020,PHASE3,drug,2,120.0,OTHER,COMPLETED,RANDOMIZED,True,DOUBLE,2.0,True,True,PARALLEL,True,placebo/sham,True,,,,,True,True,False,False,False,0,False,UNDECIDED,False,True
NCT07346872,2025.0,2021-2026,NA,both,2,60.0,OTHER_GOV,ACTIVE_NOT_RECRUITING,NON_RANDOMIZED,False,SINGLE,1.0,True,False,PARALLEL,True,active,True,,,,,False,True,False,False,False,0,False,,False,
NCT03304444,2016.0,2016-2020,PHASE3,drug,2,128.0,OTHER,UNKNOWN,RANDOMIZED,True,TRIPLE,3.0,True,True,PARALLEL,True,active,True,,,,,True,True,False,False,False,0,False,,False,False
NCT04095455,2017.0,2016-2020,PHASE3,both,3,75.0,OTHER,UNKNOWN,RANDOMIZED,True,SINGLE,1.0,True,False,PARALLEL,False,active,True,,,,,True,False,True,False,False,0,False,,False,
NCT03619447,2018.0,2016-2020,PHASE4,drug,2,60.0,OTHER,UNKNOWN,RANDOMIZED,True,DOUBLE,2.0,True,True,PARALLEL,False,active,True,,,,,True,True,False,False,False,0,False,NO,False,False
NCT02438852,2019.0,2016-2020,PHASE3,drug,2,0.0,OTHER,WITHDRAWN,RANDOMIZED,True,DOUBLE,2.0,True,True,PARALLEL,False,placebo/sham,True,,,,,True,False,False,False,False,0,False,,False,True
NCT03634111,2017.0,2016-2020,NA,both,2,60.0,OTHER,COMPLETED,RANDOMIZED,True,NONE,0.0,False,False,PARALLEL,True,placebo/sham,True,,,,,False,False,False,False,False,0,False,NO,False,True
NCT04646707,2020.0,2016-2020,NA,drug,2,52.0,OTHER,RECRUITING,RANDOMIZED,True,TRIPLE,3.0,True,True,PARALLEL,True,placebo/sham,True,,,,,False,True,False,False,False,0,False,NO,False,False
NCT02571439,2014.0,<=2015,PHASE4,both,2,41.0,OTHER,COMPLETED,RANDOMIZED,True,SINGLE,1.0,True,False,PARALLEL,False,active,True,41.0,41.0,0.0,True,True,True,False,True,False,0,False,,False,False
NCT04959825,2021.0,2021-2026,EARLY_PHASE1,drug,2,30.0,OTHER,COMPLETED,RANDOMIZED,True,QUADRUPLE,4.0,True,True,PARALLEL,True,placebo/sham,True,,,,,False,False,False,False,False,0,False,NO,False,True
NCT06766474,2023.0,2021-2026,PHASE2,drug,3,90.0,OTHER,COMPLETED,RANDOMIZED,True,DOUBLE,2.0,True,True,PARALLEL,True,no-intervention,True,,,,,False,True,True,False,False,0,False,UNDECIDED,False,False
NCT06701539,2024.0,2021-2026,NA,drug,2,106.0,OTHER,NOT_YET_RECRUITING,RANDOMIZED,True,TRIPLE,3.0,True,True,PARALLEL,True,active,True,,,,,False,True,False,False,False,0,False,,False,
NCT04639011,2022.0,2021-2026,PHASE4,drug,2,0.0,OTHER,WITHDRAWN,RANDOMIZED,True,QUADRUPLE,4.0,True,True,PARALLEL,False,active,True,,,,,True,False,False,False,False,0,False,NO,False,False
NCT02361775,2012.0,<=2015,EARLY_PHASE1,both,2,50.0,OTHER,COMPLETED,RANDOMIZED,True,NONE,0.0,False,False,PARALLEL,True,active,True,,,,,False,True,False,False,False,0,False,,False,True
NCT02804022,2016.0,2016-2020,PHASE2,both,1,20.0,OTHER_GOV,ACTIVE_NOT_RECRUITING,NA,False,NONE,0.0,False,False,SINGLE_GROUP,False,none/single-group,False,,,,,False,True,False,False,False,1,True,NO,False,False
NCT03134729,2017.0,2016-2020,NA,drug,2,90.0,OTHER,COMPLETED,RANDOMIZED,True,DOUBLE,2.0,True,True,PARALLEL,True,no-intervention,True,,,,,False,True,False,False,True,1,True,NO,False,True
NCT03079830,2016.0,2016-2020,NA,drug,2,76.0,OTHER,COMPLETED,RANDOMIZED,True,TRIPLE,3.0,True,True,PARALLEL,True,placebo/sham,True,,,,,False,True,False,False,False,1,True,NO,False,True
NCT04259476,2020.0,2016-2020,PHASE1,drug,2,60.0,OTHER_GOV,UNKNOWN,RANDOMIZED,True,SINGLE,1.0,True,False,CROSSOVER,True,placebo/sham,True,,,,,False,False,False,False,False,0,False,NO,False,True
NCT02790099,2014.0,<=2015,PHASE4,drug,3,144.0,OTHER,COMPLETED,RANDOMIZED,True,TRIPLE,3.0,True,True,PARALLEL,True,active,True,,,,,True,True,True,False,True,0,False,NO,False,False
NCT04697329,2020.0,2016-2020,PHASE4,drug,2,233.0,OTHER,COMPLETED,RANDOMIZED,True,TRIPLE,3.0,True,True,PARALLEL,True,no-intervention,True,,,,,True,True,False,False,False,0,False,YES,True,False
NCT03810235,2019.0,2016-2020,PHASE4,drug,2,66.0,OTHER,COMPLETED,RANDOMIZED,True,SINGLE,1.0,True,False,PARALLEL,False,placebo/sham,True,63.0,61.0,0.031746031746031744,True,True,True,False,True,False,1,True,NO,False,True
NCT06970548,2022.0,2021-2026,NA,drug,2,40.0,OTHER,COMPLETED,RANDOMIZED,True,NONE,0.0,False,False,PARALLEL,True,active,True,,,,,False,True,False,False,False,0,False,UNDECIDED,False,True
NCT05288374,2022.0,2021-2026,PHASE4,drug,2,42.0,OTHER,COMPLETED,RANDOMIZED,True,SINGLE,1.0,True,False,PARALLEL,False,placebo/sham,True,,,,,True,True,False,False,False,0,False,,False,False
NCT07365800,2026.0,2021-2026,PHASE4,drug,2,248.0,OTHER,ENROLLING_BY_INVITATION,NON_RANDOMIZED,False,NONE,0.0,False,False,PARALLEL,True,no-intervention,True,,,,,True,True,False,False,False,0,False,NO,False,True
NCT03770013,2019.0,2016-2020,NA,drug,3,150.0,OTHER,COMPLETED,RANDOMIZED,True,QUADRUPLE,4.0,True,True,PARALLEL,True,placebo/sham,True,,,,,False,False,True,False,False,0,False,UNDECIDED,False,True
NCT02511483,2015.0,<=2015,PHASE2,both,2,10.0,OTHER,TERMINATED,RANDOMIZED,True,TRIPLE,3.0,True,True,PARALLEL,False,placebo/sham,True,,,,,False,True,False,False,False,0,False,,False,False
NCT02671227,2016.0,2016-2020,PHASE2,drug,2,50.0,OTHER,COMPLETED,RANDOMIZED,True,DOUBLE,2.0,True,True,PARALLEL,True,active,True,,,,,False,True,False,False,False,0,False,YES,True,True
NCT07213375,2025.0,2021-2026,PHASE2;PHASE3,drug,2,80.0,OTHER,RECRUITING,RANDOMIZED,True,TRIPLE,3.0,True,True,PARALLEL,False,active,True,,,,,True,False,False,False,False,0,False,UNDECIDED,False,True
NCT06834711,2024.0,2021-2026,NA,drug,3,78.0,OTHER,COMPLETED,RANDOMIZED,True,SINGLE,1.0,True,False,PARALLEL,True,no-intervention,True,,,,,False,False,True,False,False,0,False,NO,False,True
NCT06709716,2024.0,2021-2026,PHASE4,drug,2,76.0,FED,NOT_YET_RECRUITING,RANDOMIZED,True,QUADRUPLE,4.0,True,True,PARALLEL,False,active,True,,,,,True,True,False,False,False,1,True,NO,False,True
NCT04862845,2021.0,2021-2026,PHASE1,drug,3,90.0,OTHER,COMPLETED,RANDOMIZED,True,TRIPLE,3.0,True,True,PARALLEL,True,placebo/sham,True,,,,,False,False,True,False,False,0,False,UNDECIDED,False,True
NCT02461056,2014.0,<=2015,NA,drug,3,90.0,OTHER,COMPLETED,RANDOMIZED,True,QUADRUPLE,4.0,True,True,PARALLEL,True,active,True,,,,,False,True,True,False,False,0,False,,False,True
NCT01186159,2010.0,<=2015,PHASE4,drug,1,90.0,OTHER,COMPLETED,RANDOMIZED,True,TRIPLE,3.0,True,True,PARALLEL,False,none/single-group,False,,,,,True,True,False,False,False,0,False,,False,True
NCT05097976,2022.0,2021-2026,PHASE4,drug,2,420.0,OTHER,RECRUITING,RANDOMIZED,True,DOUBLE,2.0,True,True,PARALLEL,True,placebo/sham,True,,,,,True,False,False,False,False,0,False,UNDECIDED,False,False
NCT07326683,2025.0,2021-2026,PHASE4,drug,2,68.0,OTHER,COMPLETED,RANDOMIZED,True,QUADRUPLE,4.0,True,True,PARALLEL,False,none/single-group,False,,,,,True,True,False,False,True,1,True,NO,False,True
NCT05963139,2023.0,2021-2026,NA,drug,4,112.0,OTHER,COMPLETED,RANDOMIZED,True,TRIPLE,3.0,True,True,PARALLEL,True,active,True,,,,,False,False,True,False,False,0,False,,False,False
NCT05315479,2022.0,2021-2026,PHASE4,drug,1,19.0,INDUSTRY,TERMINATED,NA,False,NONE,0.0,False,False,SINGLE_GROUP,False,none/single-group,False,19.0,19.0,0.0,True,True,True,False,True,False,0,False,NO,False,True
NCT06569953,2024.0,2021-2026,PHASE4,drug,2,284.0,OTHER,RECRUITING,RANDOMIZED,True,QUADRUPLE,4.0,True,True,PARALLEL,True,active,True,,,,,True,True,False,False,False,0,False,,False,False
NCT03998813,2020.0,2016-2020,NA,drug,2,287.0,OTHER,COMPLETED,RANDOMIZED,True,SINGLE,1.0,True,False,PARALLEL,True,active,True,287.0,241.0,0.16027874564459932,True,False,True,False,True,False,0,False,,False,False
NCT05083793,2020.0,2016-2020,PHASE2,drug,2,90.0,OTHER,UNKNOWN,RANDOMIZED,True,SINGLE,1.0,True,False,PARALLEL,True,placebo/sham,True,,,,,False,False,False,False,False,0,False,YES,True,
NCT05053009,2021.0,2021-2026,NA,drug,2,48.0,OTHER,UNKNOWN,RANDOMIZED,True,TRIPLE,3.0,True,True,PARALLEL,True,placebo/sham,True,,,,,False,True,False,False,False,0,False,,False,True
NCT01620112,2009.0,<=2015,PHASE2,drug,4,60.0,OTHER,COMPLETED,RANDOMIZED,True,SINGLE,1.0,True,False,PARALLEL,True,active,True,,,,,False,True,True,False,False,0,False,,False,True
NCT02573909,2015.0,<=2015,PHASE4,drug,2,100.0,OTHER,UNKNOWN,RANDOMIZED,True,DOUBLE,2.0,True,True,PARALLEL,True,none/single-group,False,,,,,True,True,False,False,False,0,False,UNDECIDED,False,False
NCT02296333,2014.0,<=2015,PHASE4,drug,2,80.0,OTHER,COMPLETED,RANDOMIZED,True,DOUBLE,2.0,True,True,PARALLEL,False,placebo/sham,True,,,,,True,True,False,False,True,0,False,,False,True
NCT00765232,2008.0,<=2015,PHASE4,drug,2,111.0,OTHER,COMPLETED,RANDOMIZED,True,QUADRUPLE,4.0,True,True,PARALLEL,True,placebo/sham,True,111.0,111.0,0.0,True,True,True,False,True,False,2,True,,False,False
NCT05341999,2022.0,2021-2026,PHASE1,drug,3,36.0,OTHER,UNKNOWN,RANDOMIZED,True,TRIPLE,3.0,True,True,PARALLEL,True,active,True,,,,,False,True,True,False,False,0,False,,False,
NCT02818491,2017.0,2016-2020,PHASE4,drug,5,75.0,OTHER,COMPLETED,RANDOMIZED,True,QUADRUPLE,4.0,True,True,PARALLEL,False,placebo/sham,True,,,,,True,True,True,False,False,0,False,UNDECIDED,False,False
NCT04426058,2020.0,2016-2020,NA,drug,2,40.0,OTHER,UNKNOWN,RANDOMIZED,True,NONE,0.0,False,False,PARALLEL,True,active,True,,,,,False,True,False,False,False,0,False,NO,False,False
NCT04571515,2020.0,2016-2020,PHASE2,drug,5,114.0,INDUSTRY,COMPLETED,RANDOMIZED,True,QUADRUPLE,4.0,True,True,PARALLEL,True,placebo/sham,True,114.0,110.0,0.03508771929824561,True,False,True,True,True,False,0,False,,False,False
NCT01536314,2012.0,<=2015,PHASE3,drug,0,43.0,OTHER,COMPLETED,NA,False,NONE,0.0,False,False,SINGLE_GROUP,False,none/single-group,False,,,,,True,False,False,False,False,2,True,,False,
NCT02460640,2015.0,<=2015,NA,both,2,96.0,OTHER,COMPLETED,RANDOMIZED,True,QUADRUPLE,4.0,True,True,PARALLEL,True,active,True,,,,,False,True,False,False,False,1,True,,False,False
NCT02204878,2014.0,<=2015,PHASE4,drug,2,100.0,OTHER,UNKNOWN,RANDOMIZED,True,TRIPLE,3.0,True,True,PARALLEL,True,placebo/sham,True,,,,,True,True,False,False,False,0,False,,False,True
NCT05897307,2023.0,2021-2026,NA,drug,3,90.0,OTHER,UNKNOWN,RANDOMIZED,True,QUADRUPLE,4.0,True,True,PARALLEL,True,placebo/sham,True,,,,,False,True,True,False,False,0,False,NO,False,False
NCT04835116,2019.0,2016-2020,PHASE4,drug,2,68.0,OTHER,COMPLETED,RANDOMIZED,True,SINGLE,1.0,True,False,PARALLEL,False,none/single-group,False,,,,,True,True,False,False,False,0,False,NO,False,True
NCT01116713,2009.0,<=2015,PHASE3,drug,2,70.0,OTHER_GOV,COMPLETED,RANDOMIZED,True,TRIPLE,3.0,True,True,PARALLEL,False,placebo/sham,True,,,,,True,False,False,False,False,1,True,,False,True
NCT01536717,2012.0,<=2015,PHASE4,drug,2,36.0,OTHER,SUSPENDED,RANDOMIZED,True,TRIPLE,3.0,True,True,PARALLEL,False,placebo/sham,True,,,,,True,True,False,False,False,0,False,,False,False
NCT02459392,2021.0,2021-2026,NA,drug,4,300.0,OTHER,COMPLETED,RANDOMIZED,True,QUADRUPLE,4.0,True,True,PARALLEL,True,none/single-group,False,,,,,False,True,True,False,False,0,False,,False,True
NCT01591382,2008.0,<=2015,PHASE4,drug,2,64.0,OTHER,COMPLETED,RANDOMIZED,True,QUADRUPLE,4.0,True,True,SINGLE_GROUP,False,placebo/sham,True,64.0,59.0,0.078125,True,True,True,False,True,False,0,False,,False,False
NCT05015907,2021.0,2021-2026,NA,drug,2,50.0,OTHER,COMPLETED,RANDOMIZED,True,SINGLE,1.0,True,False,PARALLEL,True,active,True,,,,,False,True,False,False,False,1,True,,False,False
NCT03308955,2017.0,2016-2020,NA,both,2,60.0,OTHER_GOV,COMPLETED,RANDOMIZED,True,SINGLE,1.0,True,False,PARALLEL,True,placebo/sham,True,,,,,False,True,False,False,False,0,False,,False,
NCT07432711,2026.0,2021-2026,NA,drug,2,100.0,OTHER,RECRUITING,RANDOMIZED,True,QUADRUPLE,4.0,True,True,PARALLEL,True,active,True,,,,,False,False,False,False,False,0,False,YES,True,True
NCT04900571,2021.0,2021-2026,PHASE4,drug,3,60.0,OTHER,COMPLETED,RANDOMIZED,True,SINGLE,1.0,True,False,PARALLEL,False,none/single-group,False,,,,,True,True,True,False,False,0,False,,False,False
NCT05080985,2018.0,2016-2020,NA,both,2,86.0,OTHER,COMPLETED,RANDOMIZED,True,DOUBLE,2.0,True,True,PARALLEL,True,none/single-group,False,,,,,False,True,False,False,False,0,False,,False,False
NCT03958513,2019.0,2016-2020,PHASE2,drug,2,58.0,OTHER,COMPLETED,RANDOMIZED,True,TRIPLE,3.0,True,True,PARALLEL,True,placebo/sham,True,,,,,False,True,False,False,False,0,False,NO,False,
NCT06453681,2024.0,2021-2026,PHASE4,drug,2,60.0,OTHER,COMPLETED,RANDOMIZED,True,QUADRUPLE,4.0,True,True,PARALLEL,False,active,True,,,,,True,True,False,False,False,0,False,NO,False,True
NCT04554862,2019.0,2016-2020,PHASE4,both,2,80.0,OTHER,COMPLETED,RANDOMIZED,True,DOUBLE,2.0,True,True,PARALLEL,False,active,True,,,,,True,False,False,False,False,0,False,,False,
NCT02313675,2015.0,<=2015,PHASE4,drug,4,44.0,OTHER,COMPLETED,RANDOMIZED,True,TRIPLE,3.0,True,True,FACTORIAL,False,placebo/sham,True,44.0,44.0,0.0,True,True,True,True,True,False,0,False,,False,False
NCT02480621,2014.0,<=2015,PHASE3,drug,2,84.0,OTHER,COMPLETED,RANDOMIZED,True,SINGLE,1.0,True,False,PARALLEL,False,no-intervention,True,84.0,82.0,0.023809523809523836,True,True,True,False,True,False,0,False,,False,True
NCT05004636,2020.0,2016-2020,NA,drug,2,119.0,OTHER,COMPLETED,RANDOMIZED,True,TRIPLE,3.0,True,True,PARALLEL,True,no-intervention,True,,,,,False,False,False,False,False,0,False,NO,False,False
NCT07591220,2026.0,2021-2026,NA,drug,2,156.0,OTHER,NOT_YET_RECRUITING,RANDOMIZED,True,QUADRUPLE,4.0,True,True,PARALLEL,True,active,True,,,,,False,False,False,False,False,0,False,YES,True,True
NCT01680549,2012.0,<=2015,PHASE4,drug,2,50.0,OTHER,COMPLETED,RANDOMIZED,True,DOUBLE,2.0,True,True,PARALLEL,False,placebo/sham,True,50.0,37.0,0.26,False,True,True,False,True,False,0,False,NO,False,False
NCT04729049,2021.0,2021-2026,NA,both,2,30.0,OTHER,COMPLETED,RANDOMIZED,True,TRIPLE,3.0,True,True,PARALLEL,True,active,True,,,,,False,False,False,False,False,1,True,YES,True,False
NCT02764008,2016.0,2016-2020,PHASE4,both,3,60.0,OTHER,COMPLETED,RANDOMIZED,True,DOUBLE,2.0,True,True,PARALLEL,False,active,True,,,,,True,True,True,False,False,0,False,UNDECIDED,False,False
NCT01146145,2003.0,<=2015,NA,drug,2,160.0,OTHER,COMPLETED,RANDOMIZED,True,DOUBLE,2.0,True,True,PARALLEL,True,placebo/sham,True,,,,,False,True,False,False,False,0,False,,False,False
NCT07164677,2025.0,2021-2026,NA,both,2,50.0,OTHER,RECRUITING,RANDOMIZED,True,QUADRUPLE,4.0,True,True,PARALLEL,True,placebo/sham,True,,,,,False,True,False,False,False,0,False,,False,False
NCT06612424,2024.0,2021-2026,NA,drug,3,118.0,OTHER_GOV,COMPLETED,RANDOMIZED,True,NONE,0.0,False,False,PARALLEL,True,active,True,,,,,False,False,True,False,True,0,False,NO,False,False
NCT06895382,2022.0,2021-2026,NA,both,2,60.0,OTHER,COMPLETED,RANDOMIZED,True,SINGLE,1.0,True,False,PARALLEL,True,none/single-group,False,,,,,False,True,False,False,False,0,False,NO,False,False
NCT06981494,2025.0,2021-2026,NA,drug,2,84.0,OTHER,RECRUITING,RANDOMIZED,True,NONE,0.0,False,False,PARALLEL,True,active,True,,,,,False,True,False,False,False,0,False,,False,False
NCT03375112,2017.0,2016-2020,PHASE4,both,2,122.0,OTHER,COMPLETED,RANDOMIZED,True,TRIPLE,3.0,True,True,PARALLEL,True,placebo/sham,True,122.0,119.0,0.024590163934426257,True,True,False,False,True,False,1,True,UNDECIDED,False,False
NCT05746143,2022.0,2021-2026,PHASE4,drug,2,140.0,OTHER,RECRUITING,RANDOMIZED,True,TRIPLE,3.0,True,True,PARALLEL,True,placebo/sham,True,,,,,True,False,False,False,False,0,False,NO,False,
NCT05611749,2023.0,2021-2026,PHASE2,drug,2,17.0,OTHER,TERMINATED,RANDOMIZED,True,QUADRUPLE,4.0,True,True,PARALLEL,False,placebo/sham,True,,,,,False,False,False,False,False,0,False,,False,True
NCT05536362,2021.0,2021-2026,PHASE1,drug,2,60.0,INDUSTRY,COMPLETED,RANDOMIZED,True,SINGLE,1.0,True,False,PARALLEL,True,none/single-group,False,,,,,False,True,False,False,False,0,False,,False,True
NCT01081990,2010.0,<=2015,NA,drug,2,63.0,OTHER,COMPLETED,RANDOMIZED,True,DOUBLE,2.0,True,True,PARALLEL,True,placebo/sham,True,,,,,False,True,False,False,False,0,False,,False,True
NCT05419752,2022.0,2021-2026,PHASE2;PHASE3,drug,3,60.0,OTHER,UNKNOWN,RANDOMIZED,True,SINGLE,1.0,True,False,PARALLEL,False,none/single-group,False,,,,,True,True,True,False,False,0,False,,False,
NCT01014520,2009.0,<=2015,PHASE2,drug,2,120.0,OTHER,UNKNOWN,RANDOMIZED,True,QUADRUPLE,4.0,True,True,PARALLEL,True,none/single-group,False,,,,,False,True,False,False,False,0,False,,False,True
NCT03918889,2019.0,2016-2020,NA,drug,2,120.0,OTHER,UNKNOWN,RANDOMIZED,True,QUADRUPLE,4.0,True,True,PARALLEL,True,none/single-group,False,,,,,False,False,False,False,False,1,True,NO,False,
NCT03199170,2017.0,2016-2020,NA,drug,3,90.0,OTHER,COMPLETED,RANDOMIZED,True,TRIPLE,3.0,True,True,PARALLEL,True,placebo/sham,True,,,,,False,False,True,False,False,1,True,,False,True
NCT02285491,2014.0,<=2015,EARLY_PHASE1,drug,3,225.0,OTHER,COMPLETED,RANDOMIZED,True,TRIPLE,3.0,True,True,PARALLEL,True,placebo/sham,True,,,,,False,True,True,False,False,0,False,,False,
NCT01566838,2012.0,<=2015,NA,drug,2,83.0,OTHER,COMPLETED,RANDOMIZED,True,NONE,0.0,False,False,PARALLEL,True,active,True,83.0,80.0,0.03614457831325302,True,False,True,False,True,False,0,False,,False,False
NCT05560230,2022.0,2021-2026,PHASE4,drug,2,120.0,OTHER,COMPLETED,RANDOMIZED,True,QUADRUPLE,4.0,True,True,PARALLEL,True,placebo/sham,True,,,,,True,True,False,False,False,0,False,NO,False,
NCT03826316,2018.0,2016-2020,PHASE4,drug,1,14.0,INDUSTRY,COMPLETED,NA,False,NONE,0.0,False,False,SINGLE_GROUP,False,none/single-group,False,,,,,True,True,False,False,False,0,False,,False,
NCT04786470,2021.0,2021-2026,PHASE3,drug,2,120.0,OTHER,UNKNOWN,RANDOMIZED,True,QUADRUPLE,4.0,True,True,PARALLEL,True,placebo/sham,True,,,,,True,True,False,False,False,0,False,NO,False,True
NCT07121764,2025.0,2021-2026,PHASE4,drug,2,60.0,OTHER_GOV,COMPLETED,RANDOMIZED,True,SINGLE,1.0,True,False,PARALLEL,False,active,True,,,,,True,True,False,False,False,0,False,NO,False,False
NCT00405262,2006.0,<=2015,PHASE3,drug,3,54.0,OTHER,COMPLETED,RANDOMIZED,True,DOUBLE,2.0,True,True,PARALLEL,False,active,True,,,,,True,True,True,False,False,1,True,,False,False
NCT05813847,2023.0,2021-2026,PHASE3,both,3,518.0,INDUSTRY,COMPLETED,RANDOMIZED,True,QUADRUPLE,4.0,True,True,PARALLEL,True,placebo/sham,True,,,,,True,True,True,False,False,0,False,NO,False,True
NCT06040853,2023.0,2021-2026,PHASE4,drug,2,90.0,OTHER_GOV,UNKNOWN,RANDOMIZED,True,SINGLE,1.0,True,False,CROSSOVER,False,placebo/sham,True,,,,,True,True,False,False,False,1,True,NO,False,
NCT04362566,2020.0,2016-2020,PHASE4,drug,2,174.0,OTHER,COMPLETED,RANDOMIZED,True,SINGLE,1.0,True,False,PARALLEL,True,placebo/sham,True,,,,,True,True,False,False,False,0,False,NO,False,True
NCT04691726,2019.0,2016-2020,PHASE4,drug,2,87.0,OTHER,COMPLETED,RANDOMIZED,True,QUADRUPLE,4.0,True,True,PARALLEL,False,placebo/sham,True,,,,,True,True,False,False,False,1,True,,False,False
NCT02973581,2016.0,2016-2020,NA,drug,5,176.0,OTHER,COMPLETED,RANDOMIZED,True,SINGLE,1.0,True,False,PARALLEL,True,placebo/sham,True,,,,,False,False,True,False,True,0,False,YES,True,True
NCT01517932,2011.0,<=2015,PHASE4,drug,2,60.0,OTHER,COMPLETED,RANDOMIZED,True,QUADRUPLE,4.0,True,True,PARALLEL,False,placebo/sham,True,,,,,True,False,False,False,False,0,False,,False,True
NCT06186141,2024.0,2021-2026,PHASE4,drug,2,690.0,OTHER,RECRUITING,RANDOMIZED,True,NONE,0.0,False,False,PARALLEL,True,active,True,,,,,True,True,False,False,False,0,False,YES,True,False
NCT01612702,2011.0,<=2015,PHASE4,drug,2,291.0,OTHER,COMPLETED,RANDOMIZED,True,DOUBLE,2.0,True,True,PARALLEL,True,no-intervention,True,291.0,269.0,0.07560137457044669,True,True,True,False,True,False,0,False,,False,True
NCT07227649,2026.0,2021-2026,PHASE2,drug,2,80.0,OTHER,NOT_YET_RECRUITING,RANDOMIZED,True,TRIPLE,3.0,True,True,PARALLEL,True,placebo/sham,True,,,,,False,True,False,False,False,0,False,,False,False
NCT00424424,2006.0,<=2015,PHASE2,drug,0,81.0,INDUSTRY,TERMINATED,RANDOMIZED,True,DOUBLE,2.0,True,True,SINGLE_GROUP,True,none/single-group,False,,,,,False,False,False,False,False,0,False,,False,
NCT03902249,2017.0,2016-2020,PHASE4,drug,2,70.0,OTHER,COMPLETED,RANDOMIZED,True,DOUBLE,2.0,True,True,PARALLEL,False,placebo/sham,True,,,,,True,False,False,False,False,1,True,,False,
NCT06062550,2023.0,2021-2026,PHASE4,drug,3,312.0,OTHER,ACTIVE_NOT_RECRUITING,RANDOMIZED,True,QUADRUPLE,4.0,True,True,PARALLEL,True,active,True,,,,,True,False,True,False,False,1,True,NO,False,True
NCT04077398,2020.0,2016-2020,PHASE4,drug,2,0.0,OTHER,WITHDRAWN,RANDOMIZED,True,DOUBLE,2.0,True,True,PARALLEL,False,none/single-group,False,,,,,True,True,False,False,False,0,False,NO,False,True
NCT07099924,2025.0,2021-2026,NA,drug,2,40.0,OTHER,NOT_YET_RECRUITING,RANDOMIZED,True,DOUBLE,2.0,True,True,PARALLEL,True,placebo/sham,True,,,,,False,True,False,False,False,0,False,YES,True,False
NCT06604598,2024.0,2021-2026,PHASE4,drug,3,45.0,OTHER,COMPLETED,RANDOMIZED,True,QUADRUPLE,4.0,True,True,PARALLEL,False,active,True,,,,,True,True,True,False,False,0,False,NO,False,True
NCT05144828,2022.0,2021-2026,PHASE4,both,2,33.0,OTHER,COMPLETED,RANDOMIZED,True,SINGLE,1.0,True,False,PARALLEL,False,active,True,33.0,30.0,0.09090909090909094,True,True,True,False,True,False,0,False,,False,False
NCT02426736,2015.0,<=2015,PHASE4,both,4,280.0,OTHER,COMPLETED,RANDOMIZED,True,QUADRUPLE,4.0,True,True,FACTORIAL,True,active,True,,,,,True,True,True,False,False,1,True,,False,False
NCT07066111,2025.0,2021-2026,PHASE4,drug,2,40.0,OTHER,NOT_YET_RECRUITING,RANDOMIZED,True,SINGLE,1.0,True,False,PARALLEL,False,placebo/sham,True,,,,,True,True,False,False,False,0,False,,False,True
NCT03627897,2019.0,2016-2020,PHASE4,drug,2,40.0,OTHER,COMPLETED,RANDOMIZED,True,TRIPLE,3.0,True,True,PARALLEL,False,none/single-group,False,,,,,True,True,False,False,True,0,False,NO,False,False
NCT02344264,2015.0,<=2015,PHASE4,drug,2,60.0,OTHER,COMPLETED,RANDOMIZED,True,QUADRUPLE,4.0,True,True,PARALLEL,False,none/single-group,False,,,,,True,True,False,False,False,0,False,,False,True
NCT03067103,2017.0,2016-2020,PHASE4,drug,3,108.0,OTHER,UNKNOWN,RANDOMIZED,True,TRIPLE,3.0,True,True,SEQUENTIAL,True,placebo/sham,True,,,,,True,True,True,False,False,0,False,NO,False,False
NCT04280263,2020.0,2016-2020,NA,drug,2,70.0,OTHER,UNKNOWN,RANDOMIZED,True,DOUBLE,2.0,True,True,PARALLEL,True,placebo/sham,True,,,,,False,True,False,False,False,0,False,,False,
NCT02398123,2015.0,<=2015,PHASE1,drug,2,28.0,OTHER,COMPLETED,RANDOMIZED,True,QUADRUPLE,4.0,True,True,PARALLEL,False,placebo/sham,True,,,,,False,True,False,False,False,0,False,,False,True
NCT02282956,2014.0,<=2015,PHASE4,both,2,60.0,OTHER,UNKNOWN,RANDOMIZED,True,NONE,0.0,False,False,PARALLEL,False,none/single-group,False,,,,,True,True,False,False,False,0,False,,False,False
NCT05080959,2021.0,2021-2026,PHASE2,drug,3,105.0,INDUSTRY,COMPLETED,RANDOMIZED,True,TRIPLE,3.0,True,True,PARALLEL,True,none/single-group,False,,,,,False,True,True,False,False,0,False,NO,False,True
NCT02540070,2014.0,<=2015,PHASE3,both,3,135.0,OTHER,UNKNOWN,RANDOMIZED,True,DOUBLE,2.0,True,True,PARALLEL,True,active,True,,,,,True,True,True,False,False,0,False,,False,False
NCT02102516,2014.0,<=2015,PHASE3,drug,1,45.0,INDUSTRY,COMPLETED,NA,False,NONE,0.0,False,False,SINGLE_GROUP,False,none/single-group,False,,,,,True,True,False,False,False,0,False,UNDECIDED,False,True
NCT06140238,2023.0,2021-2026,PHASE4,drug,2,178.0,OTHER_GOV,COMPLETED,RANDOMIZED,True,TRIPLE,3.0,True,True,PARALLEL,True,placebo/sham,True,,,,,True,True,False,False,False,0,False,YES,True,True
NCT01833715,2013.0,<=2015,NA,drug,2,86.0,OTHER,COMPLETED,RANDOMIZED,True,DOUBLE,2.0,True,True,PARALLEL,True,active,True,,,,,False,True,False,False,False,0,False,NO,False,True
NCT02752477,2016.0,2016-2020,PHASE3,drug,2,30.0,OTHER,UNKNOWN,RANDOMIZED,True,SINGLE,1.0,True,False,PARALLEL,False,active,True,,,,,True,True,False,False,False,0,False,NO,False,False
NCT02773472,2015.0,<=2015,NA,both,2,70.0,OTHER,TERMINATED,RANDOMIZED,True,NONE,0.0,False,False,PARALLEL,True,none/single-group,False,,,,,False,True,False,False,False,0,False,NO,False,True
NCT05038007,2021.0,2021-2026,PHASE2,drug,2,50.0,OTHER,UNKNOWN,RANDOMIZED,True,TRIPLE,3.0,True,True,PARALLEL,True,active,True,,,,,False,True,False,False,False,0,False,NO,False,True
NCT03650998,2018.0,2016-2020,PHASE4,drug,2,70.0,OTHER,COMPLETED,RANDOMIZED,True,QUADRUPLE,4.0,True,True,PARALLEL,False,placebo/sham,True,,,,,True,True,False,False,False,1,True,NO,False,True
NCT03929640,2019.0,2016-2020,PHASE3,drug,2,49.0,OTHER,TERMINATED,RANDOMIZED,True,TRIPLE,3.0,True,True,PARALLEL,False,placebo/sham,True,49.0,34.0,0.30612244897959184,False,True,True,False,True,False,0,False,NO,False,
NCT04711668,2019.0,2016-2020,NA,drug,3,75.0,OTHER,COMPLETED,RANDOMIZED,True,DOUBLE,2.0,True,True,PARALLEL,True,placebo/sham,True,,,,,False,True,True,False,False,0,False,UNDECIDED,False,False
NCT05245721,2022.0,2021-2026,PHASE1,drug,2,80.0,OTHER,UNKNOWN,RANDOMIZED,True,SINGLE,1.0,True,False,PARALLEL,True,active,True,,,,,False,False,False,False,False,0,False,UNDECIDED,False,
NCT04153396,2021.0,2021-2026,PHASE4,drug,2,116.0,OTHER,COMPLETED,RANDOMIZED,True,SINGLE,1.0,True,False,PARALLEL,True,active,True,,,,,True,False,False,False,False,2,True,YES,True,True
NCT01432496,2011.0,<=2015,PHASE3,drug,2,130.0,OTHER,TERMINATED,RANDOMIZED,True,QUADRUPLE,4.0,True,True,PARALLEL,True,placebo/sham,True,,,,,True,True,False,False,False,0,False,,False,False
NCT04911062,2022.0,2021-2026,PHASE2,both,3,32.0,INDUSTRY,COMPLETED,NON_RANDOMIZED,False,NONE,0.0,False,False,SEQUENTIAL,False,none/single-group,False,,,,,False,True,True,False,False,0,False,,False,False
NCT04265456,2020.0,2016-2020,PHASE1,drug,3,63.0,INDUSTRY,COMPLETED,RANDOMIZED,True,TRIPLE,3.0,True,True,PARALLEL,True,no-intervention,True,,,,,False,True,True,False,False,0,False,NO,False,False
NCT06743802,2025.0,2021-2026,PHASE4,drug,2,264.0,OTHER,RECRUITING,RANDOMIZED,True,TRIPLE,3.0,True,True,PARALLEL,True,placebo/sham,True,,,,,True,False,False,False,False,1,True,YES,True,True
NCT03355716,2018.0,2016-2020,NA,drug,4,120.0,OTHER,UNKNOWN,RANDOMIZED,True,TRIPLE,3.0,True,True,PARALLEL,True,placebo/sham,True,,,,,False,True,True,False,False,0,False,,False,False
NCT03692286,2019.0,2016-2020,PHASE4,drug,3,30.0,OTHER,COMPLETED,RANDOMIZED,True,TRIPLE,3.0,True,True,PARALLEL,False,active,True,,,,,True,True,True,False,False,0,False,YES,True,True
NCT03646006,2018.0,2016-2020,PHASE4,drug,2,60.0,OTHER,UNKNOWN,RANDOMIZED,True,QUADRUPLE,4.0,True,True,PARALLEL,False,placebo/sham,True,,,,,True,True,False,False,False,0,False,NO,False,False
NCT04767542,2021.0,2021-2026,PHASE3,both,2,42.0,OTHER_GOV,UNKNOWN,RANDOMIZED,True,SINGLE,1.0,True,False,PARALLEL,False,placebo/sham,True,,,,,True,False,False,False,True,0,False,NO,False,True
NCT05154682,2021.0,2021-2026,PHASE3,drug,2,200.0,OTHER,UNKNOWN,RANDOMIZED,True,NONE,0.0,False,False,PARALLEL,True,active,True,,,,,True,True,False,False,False,0,False,,False,
NCT01679353,2012.0,<=2015,NA,drug,2,80.0,OTHER,COMPLETED,RANDOMIZED,True,DOUBLE,2.0,True,True,PARALLEL,True,placebo/sham,True,,,,,False,True,False,False,False,0,False,,False,False
NCT04495283,2020.0,2016-2020,PHASE2,drug,3,87.0,INDUSTRY,COMPLETED,RANDOMIZED,True,TRIPLE,3.0,True,True,PARALLEL,True,none/single-group,False,87.0,82.0,0.05747126436781613,True,False,True,True,True,False,0,False,NO,False,False
NCT04130464,2019.0,2016-2020,PHASE4,drug,3,120.0,OTHER,RECRUITING,RANDOMIZED,True,QUADRUPLE,4.0,True,True,PARALLEL,True,placebo/sham,True,,,,,True,True,True,False,False,0,False,,False,False
NCT05561309,2022.0,2021-2026,PHASE2,drug,3,89.0,INDUSTRY,UNKNOWN,RANDOMIZED,True,QUADRUPLE,4.0,True,True,PARALLEL,True,none/single-group,False,,,,,False,False,True,False,False,0,False,UNDECIDED,False,
NCT04584749,2020.0,2016-2020,PHASE4,drug,2,96.0,OTHER,COMPLETED,RANDOMIZED,True,DOUBLE,2.0,True,True,PARALLEL,False,placebo/sham,True,,,,,True,True,False,False,False,0,False,NO,False,False
NCT03624985,2018.0,2016-2020,PHASE4,drug,2,61.0,OTHER,TERMINATED,RANDOMIZED,True,QUADRUPLE,4.0,True,True,PARALLEL,False,placebo/sham,True,,,,,True,True,False,False,False,0,False,NO,False,
NCT04761029,2018.0,2016-2020,NA,drug,2,50.0,OTHER_GOV,COMPLETED,NON_RANDOMIZED,False,NONE,0.0,False,False,PARALLEL,True,placebo/sham,True,,,,,False,True,False,False,False,0,False,,False,False
NCT06950502,2022.0,2021-2026,NA,both,2,120.0,OTHER,COMPLETED,RANDOMIZED,True,NONE,0.0,False,False,PARALLEL,True,active,True,,,,,False,True,False,False,False,0,False,YES,True,False
NCT03532906,2018.0,2016-2020,NA,drug,2,60.0,OTHER,COMPLETED,RANDOMIZED,True,TRIPLE,3.0,True,True,PARALLEL,True,active,True,,,,,False,False,False,False,True,0,False,NO,False,False
NCT04189640,2020.0,2016-2020,NA,drug,3,0.0,OTHER,WITHDRAWN,RANDOMIZED,True,TRIPLE,3.0,True,True,PARALLEL,False,active,True,,,,,False,True,True,False,False,0,False,NO,False,False
NCT06300008,2024.0,2021-2026,NA,drug,2,80.0,OTHER,UNKNOWN,RANDOMIZED,True,QUADRUPLE,4.0,True,True,PARALLEL,True,placebo/sham,True,,,,,False,True,False,False,False,0,False,NO,False,True
NCT03643666,2018.0,2016-2020,PHASE3,drug,3,75.0,OTHER,UNKNOWN,RANDOMIZED,True,QUADRUPLE,4.0,True,True,PARALLEL,False,placebo/sham,True,,,,,True,True,True,False,False,0,False,,False,
NCT04432259,2020.0,2016-2020,PHASE4,drug,2,300.0,OTHER,NOT_YET_RECRUITING,RANDOMIZED,True,QUADRUPLE,4.0,True,True,PARALLEL,True,placebo/sham,True,,,,,True,True,False,False,False,0,False,,False,False
NCT07330726,2026.0,2021-2026,PHASE3,drug,2,21.0,OTHER,NOT_YET_RECRUITING,RANDOMIZED,True,QUADRUPLE,4.0,True,True,CROSSOVER,False,placebo/sham,True,,,,,True,False,False,False,False,0,False,,False,True
NCT02865928,2017.0,2016-2020,PHASE4,drug,2,42.0,OTHER,TERMINATED,RANDOMIZED,True,QUADRUPLE,4.0,True,True,PARALLEL,False,placebo/sham,True,42.0,38.0,0.09523809523809523,True,True,True,False,True,False,0,False,NO,False,False
NCT00209495,2005.0,<=2015,PHASE4,drug,3,130.0,OTHER,COMPLETED,RANDOMIZED,True,QUADRUPLE,4.0,True,True,PARALLEL,True,placebo/sham,True,,,,,True,False,True,False,False,0,False,,False,True
NCT03626753,2015.0,<=2015,PHASE2;PHASE3,drug,2,200.0,OTHER,COMPLETED,RANDOMIZED,True,DOUBLE,2.0,True,True,PARALLEL,True,active,True,,,,,True,True,False,False,False,0,False,UNDECIDED,False,False
NCT00485433,2007.0,<=2015,PHASE2,drug,4,98.0,INDUSTRY,COMPLETED,RANDOMIZED,True,TRIPLE,3.0,True,True,PARALLEL,True,active,True,98.0,98.0,0.0,True,False,False,True,True,False,1,True,,False,False
NCT07539935,2026.0,2021-2026,PHASE4,both,2,60.0,OTHER,ACTIVE_NOT_RECRUITING,RANDOMIZED,True,TRIPLE,3.0,True,True,PARALLEL,False,placebo/sham,True,,,,,True,True,False,False,False,0,False,UNDECIDED,False,
NCT06069804,2023.0,2021-2026,PHASE4,drug,2,110.0,OTHER,COMPLETED,RANDOMIZED,True,DOUBLE,2.0,True,True,PARALLEL,True,active,True,,,,,True,False,False,False,False,0,False,YES,True,True
NCT03950700,2019.0,2016-2020,PHASE4,drug,2,40.0,OTHER,COMPLETED,RANDOMIZED,True,SINGLE,1.0,True,False,PARALLEL,False,placebo/sham,True,,,,,True,False,False,False,True,0,False,NO,False,True
NCT06067893,2024.0,2021-2026,PHASE4,drug,2,160.0,OTHER,ENROLLING_BY_INVITATION,RANDOMIZED,True,QUADRUPLE,4.0,True,True,PARALLEL,True,placebo/sham,True,,,,,True,True,False,False,False,0,False,NO,False,False
NCT04338633,2020.0,2016-2020,NA,drug,3,30.0,OTHER,UNKNOWN,RANDOMIZED,True,DOUBLE,2.0,True,True,PARALLEL,True,active,True,,,,,False,True,True,False,False,0,False,NO,False,True
NCT02718976,2016.0,2016-2020,PHASE2,both,2,22.0,OTHER,COMPLETED,RANDOMIZED,True,DOUBLE,2.0,True,True,CROSSOVER,False,none/single-group,False,,,,,False,True,False,False,False,0,False,NO,False,True
NCT02256228,2014.0,<=2015,PHASE3,drug,2,40.0,OTHER,COMPLETED,RANDOMIZED,True,QUADRUPLE,4.0,True,True,PARALLEL,False,placebo/sham,True,,,,,True,True,False,False,False,3,True,,False,False
NCT07614802,2026.0,2021-2026,PHASE4,drug,2,80.0,OTHER,NOT_YET_RECRUITING,RANDOMIZED,True,TRIPLE,3.0,True,True,PARALLEL,False,active,True,,,,,True,True,False,False,False,0,False,NO,False,False
NCT00884650,2005.0,<=2015,NA,drug,2,54.0,OTHER,COMPLETED,RANDOMIZED,True,NONE,0.0,False,False,PARALLEL,True,active,True,54.0,37.0,0.31481481481481477,False,False,True,False,True,False,0,False,,False,False
NCT04640896,2020.0,2016-2020,PHASE4,drug,3,60.0,OTHER,RECRUITING,RANDOMIZED,True,SINGLE,1.0,True,False,PARALLEL,False,placebo/sham,True,,,,,True,True,True,False,False,0,False,NO,False,False
NCT04335461,2021.0,2021-2026,EARLY_PHASE1,both,3,0.0,OTHER,WITHDRAWN,RANDOMIZED,True,DOUBLE,2.0,True,True,PARALLEL,False,placebo/sham,True,,,,,False,True,True,False,False,0,False,NO,False,True
NCT06238154,2023.0,2021-2026,PHASE4,drug,2,40.0,OTHER,COMPLETED,RANDOMIZED,True,DOUBLE,2.0,True,True,PARALLEL,False,active,True,,,,,True,True,False,False,False,0,False,YES,True,False
NCT07398066,2026.0,2021-2026,NA,drug,2,60.0,OTHER,NOT_YET_RECRUITING,RANDOMIZED,True,QUADRUPLE,4.0,True,True,PARALLEL,True,placebo/sham,True,,,,,False,True,False,False,False,0,False,UNDECIDED,False,True
NCT01750060,2012.0,<=2015,PHASE1,drug,5,54.0,INDUSTRY,COMPLETED,RANDOMIZED,True,NONE,0.0,False,False,SINGLE_GROUP,True,active,True,,,,,False,False,True,False,False,0,False,,False,False
NCT03176758,2017.0,2016-2020,PHASE4,both,2,60.0,OTHER,UNKNOWN,NON_RANDOMIZED,False,NONE,0.0,False,False,PARALLEL,False,active,True,,,,,True,False,False,False,False,0,False,NO,False,False
NCT06863714,2023.0,2021-2026,NA,drug,2,80.0,OTHER,COMPLETED,RANDOMIZED,True,DOUBLE,2.0,True,True,PARALLEL,True,active,True,,,,,False,False,False,False,False,0,False,NO,False,False
NCT06559215,2025.0,2021-2026,PHASE2,drug,2,100.0,OTHER,RECRUITING,RANDOMIZED,True,SINGLE,1.0,True,False,PARALLEL,True,active,True,,,,,False,True,False,False,False,0,False,,False,True
NCT03901768,2018.0,2016-2020,PHASE4,drug,4,180.0,OTHER,UNKNOWN,RANDOMIZED,True,DOUBLE,2.0,True,True,PARALLEL,True,placebo/sham,True,,,,,True,True,True,False,False,0,False,NO,False,
NCT00904085,2003.0,<=2015,PHASE3,drug,2,122.0,INDUSTRY,COMPLETED,RANDOMIZED,True,DOUBLE,2.0,True,True,SINGLE_GROUP,True,placebo/sham,True,,,,,True,True,False,False,False,0,False,,False,False
NCT06439368,2023.0,2021-2026,PHASE4,drug,2,210.0,INDUSTRY,UNKNOWN,RANDOMIZED,True,DOUBLE,2.0,True,True,PARALLEL,True,none/single-group,False,,,,,True,True,False,False,False,0,False,YES,True,
NCT00454259,2007.0,<=2015,PHASE4,drug,4,48.0,OTHER,COMPLETED,RANDOMIZED,True,TRIPLE,3.0,True,True,CROSSOVER,False,placebo/sham,True,,,,,True,False,True,False,True,0,False,,False,True
NCT05495750,2022.0,2021-2026,PHASE4,drug,2,30.0,OTHER,COMPLETED,RANDOMIZED,True,TRIPLE,3.0,True,True,SINGLE_GROUP,False,active,True,,,,,True,True,False,False,False,0,False,YES,True,False
NCT03119038,2016.0,2016-2020,PHASE4,drug,2,0.0,OTHER,WITHDRAWN,RANDOMIZED,True,TRIPLE,3.0,True,True,PARALLEL,False,active,True,,,,,True,True,False,False,False,0,False,NO,False,False
NCT07248332,2024.0,2021-2026,PHASE1,drug,2,168.0,OTHER,COMPLETED,RANDOMIZED,True,QUADRUPLE,4.0,True,True,PARALLEL,True,active,True,,,,,False,True,False,False,False,0,False,NO,False,False
NCT03415555,2018.0,2016-2020,PHASE4,both,2,19.0,OTHER,COMPLETED,RANDOMIZED,True,SINGLE,1.0,True,False,PARALLEL,False,none/single-group,False,,,,,True,True,False,False,False,0,False,,False,False
NCT01391858,2006.0,<=2015,PHASE3,drug,2,80.0,OTHER,COMPLETED,RANDOMIZED,True,QUADRUPLE,4.0,True,True,SINGLE_GROUP,False,placebo/sham,True,49.0,47.0,0.04081632653061229,True,True,False,False,True,False,0,False,,False,True
NCT00745290,2008.0,<=2015,PHASE3,drug,2,245.0,INDUSTRY,COMPLETED,RANDOMIZED,True,DOUBLE,2.0,True,True,PARALLEL,True,active,True,245.0,245.0,0.0,True,True,False,False,True,False,1,True,,False,False
NCT00485693,2007.0,<=2015,PHASE2,drug,2,138.0,INDUSTRY,COMPLETED,RANDOMIZED,True,DOUBLE,2.0,True,True,PARALLEL,True,active,True,138.0,138.0,0.0,True,False,True,False,True,False,1,True,,False,False
NCT05317676,2023.0,2021-2026,PHASE2,drug,2,0.0,OTHER,WITHDRAWN,RANDOMIZED,True,SINGLE,1.0,True,False,PARALLEL,False,placebo/sham,True,,,,,False,True,False,False,False,0,False,,False,True
NCT02852720,2016.0,2016-2020,PHASE4,both,1,12.0,OTHER,COMPLETED,NA,False,NONE,0.0,False,False,SINGLE_GROUP,False,none/single-group,False,,,,,True,False,False,False,False,1,True,NO,False,False
NCT04397458,2022.0,2021-2026,PHASE4,drug,2,0.0,OTHER,WITHDRAWN,RANDOMIZED,True,SINGLE,1.0,True,False,PARALLEL,False,placebo/sham,True,,,,,True,True,False,False,False,0,False,NO,False,
NCT03705637,2019.0,2016-2020,EARLY_PHASE1,drug,1,6.0,OTHER,TERMINATED,NA,False,NONE,0.0,False,False,SINGLE_GROUP,False,none/single-group,False,,,,,False,False,False,False,False,0,False,NO,False,False
NCT01544959,2010.0,<=2015,NA,drug,2,84.0,OTHER,COMPLETED,RANDOMIZED,True,QUADRUPLE,4.0,True,True,PARALLEL,True,active,True,,,,,False,False,False,False,False,0,False,,False,False
NCT07023497,2023.0,2021-2026,NA,drug,1,100.0,OTHER,RECRUITING,NA,False,NONE,0.0,False,False,SINGLE_GROUP,True,none/single-group,False,,,,,False,True,False,False,False,0,False,NO,False,
NCT06034041,2023.0,2021-2026,PHASE4,drug,2,78.0,OTHER,UNKNOWN,RANDOMIZED,True,TRIPLE,3.0,True,True,PARALLEL,False,placebo/sham,True,,,,,True,True,False,False,True,0,False,NO,False,True
NCT01189071,2009.0,<=2015,NA,drug,2,3.0,OTHER,TERMINATED,RANDOMIZED,True,DOUBLE,2.0,True,True,PARALLEL,False,active,True,0.0,0.0,,,False,True,False,True,False,0,False,UNDECIDED,False,False
NCT06864416,2024.0,2021-2026,PHASE4,drug,2,20.0,OTHER,COMPLETED,RANDOMIZED,True,DOUBLE,2.0,True,True,PARALLEL,False,active,True,,,,,True,True,False,False,False,0,False,,False,
NCT04869046,2013.0,<=2015,PHASE4,drug,2,100.0,OTHER,COMPLETED,RANDOMIZED,True,DOUBLE,2.0,True,True,PARALLEL,True,placebo/sham,True,,,,,True,True,False,False,False,0,False,NO,False,True
NCT03785041,2016.0,2016-2020,NA,drug,4,220.0,OTHER,COMPLETED,RANDOMIZED,True,DOUBLE,2.0,True,True,PARALLEL,True,active,True,,,,,False,True,True,False,False,0,False,NO,False,False
NCT00219921,2005.0,<=2015,PHASE3,drug,0,120.0,OTHER,COMPLETED,RANDOMIZED,True,DOUBLE,2.0,True,True,PARALLEL,True,none/single-group,False,,,,,True,True,False,False,False,0,False,,False,
NCT00822133,2009.0,<=2015,PHASE4,drug,3,75.0,OTHER_GOV,UNKNOWN,RANDOMIZED,True,TRIPLE,3.0,True,True,PARALLEL,False,placebo/sham,True,,,,,True,True,True,False,False,0,False,,False,False
NCT03638960,2019.0,2016-2020,PHASE4,drug,2,40.0,OTHER,COMPLETED,RANDOMIZED,True,DOUBLE,2.0,True,True,PARALLEL,False,active,True,,,,,True,True,False,False,False,0,False,NO,False,False
NCT03588910,2018.0,2016-2020,PHASE2,drug,2,120.0,OTHER,COMPLETED,RANDOMIZED,True,SINGLE,1.0,True,False,PARALLEL,True,active,True,120.0,92.0,0.23333333333333328,False,False,True,False,True,False,0,False,NO,False,False
NCT03041935,2015.0,<=2015,NA,both,2,90.0,OTHER,COMPLETED,RANDOMIZED,True,SINGLE,1.0,True,False,PARALLEL,True,active,True,,,,,False,False,False,False,False,0,False,UNDECIDED,False,False
NCT01450345,2009.0,<=2015,PHASE3,drug,1,72.0,OTHER,UNKNOWN,RANDOMIZED,True,QUADRUPLE,4.0,True,True,PARALLEL,False,none/single-group,False,,,,,True,False,False,False,False,0,False,,False,False
NCT00236483,2002.0,<=2015,PHASE4,drug,0,456.0,INDUSTRY,COMPLETED,RANDOMIZED,True,DOUBLE,2.0,True,True,PARALLEL,True,none/single-group,False,,,,,True,True,False,False,True,0,False,,False,
NCT00927225,2008.0,<=2015,PHASE4,drug,2,16.0,OTHER,COMPLETED,RANDOMIZED,True,QUADRUPLE,4.0,True,True,CROSSOVER,False,placebo/sham,True,,,,,True,True,False,False,False,1,True,,False,False
NCT04831736,2021.0,2021-2026,PHASE4,drug,2,31.0,OTHER,COMPLETED,RANDOMIZED,True,SINGLE,1.0,True,False,PARALLEL,False,placebo/sham,True,31.0,30.0,0.032258064516129004,True,True,True,False,True,False,0,False,YES,True,False
NCT03230565,2018.0,2016-2020,PHASE4,drug,2,240.0,OTHER,RECRUITING,RANDOMIZED,True,TRIPLE,3.0,True,True,PARALLEL,True,active,True,,,,,True,True,False,False,False,0,False,NO,False,False
NCT05044429,2021.0,2021-2026,PHASE4,drug,3,31.0,OTHER,TERMINATED,RANDOMIZED,True,NONE,0.0,False,False,PARALLEL,False,active,True,31.0,31.0,0.0,True,True,False,True,True,False,0,False,NO,False,False
NCT05394402,2022.0,2021-2026,PHASE2,drug,3,31.0,INDUSTRY,TERMINATED,RANDOMIZED,True,QUADRUPLE,4.0,True,True,PARALLEL,False,placebo/sham,True,,,,,False,True,True,False,False,0,False,UNDECIDED,False,
NCT02058511,2012.0,<=2015,NA,both,1,24.0,OTHER,TERMINATED,NA,False,NONE,0.0,False,False,SINGLE_GROUP,False,none/single-group,False,24.0,24.0,0.0,True,False,False,False,True,False,0,False,,False,False
NCT02783144,2017.0,2016-2020,PHASE3,both,3,120.0,OTHER,COMPLETED,RANDOMIZED,True,QUADRUPLE,4.0,True,True,PARALLEL,True,placebo/sham,True,,,,,True,False,True,False,False,0,False,NO,False,True
NCT02915042,2017.0,2016-2020,PHASE4,drug,2,0.0,OTHER,WITHDRAWN,RANDOMIZED,True,QUADRUPLE,4.0,True,True,PARALLEL,False,placebo/sham,True,,,,,True,True,False,False,False,0,False,NO,False,False
NCT01666379,2009.0,<=2015,PHASE4,drug,2,60.0,OTHER_GOV,COMPLETED,RANDOMIZED,True,TRIPLE,3.0,True,True,PARALLEL,False,placebo/sham,True,,,,,True,True,False,False,False,0,False,,False,False
NCT04138901,2019.0,2016-2020,NA,both,2,112.0,OTHER,COMPLETED,RANDOMIZED,True,DOUBLE,2.0,True,True,PARALLEL,True,no-intervention,True,,,,,False,True,False,False,False,0,False,NO,False,True
NCT04688814,2020.0,2016-2020,PHASE3,both,2,52.0,OTHER,COMPLETED,RANDOMIZED,True,DOUBLE,2.0,True,True,PARALLEL,False,active,True,,,,,True,False,False,False,False,0,False,YES,True,True
NCT05477875,2024.0,2021-2026,PHASE2,drug,2,35.0,OTHER,COMPLETED,RANDOMIZED,True,NONE,0.0,False,False,CROSSOVER,False,active,True,35.0,35.0,0.0,True,False,True,False,True,False,0,False,NO,False,False
NCT02664857,2016.0,2016-2020,PHASE4,drug,2,50.0,OTHER,COMPLETED,RANDOMIZED,True,DOUBLE,2.0,True,True,SINGLE_GROUP,False,placebo/sham,True,,,,,True,True,False,False,False,0,False,NO,False,False
NCT07465406,2025.0,2021-2026,NA,drug,2,60.0,OTHER,COMPLETED,RANDOMIZED,True,SINGLE,1.0,True,False,PARALLEL,True,none/single-group,False,,,,,False,True,False,False,False,0,False,NO,False,False
NCT06653608,2024.0,2021-2026,NA,drug,2,60.0,OTHER_GOV,COMPLETED,NON_RANDOMIZED,False,TRIPLE,3.0,True,True,PARALLEL,True,none/single-group,False,,,,,False,True,False,False,False,1,True,NO,False,False
NCT03542617,2016.0,2016-2020,PHASE4,drug,3,57.0,OTHER,UNKNOWN,RANDOMIZED,True,QUADRUPLE,4.0,True,True,PARALLEL,False,placebo/sham,True,,,,,True,True,True,False,False,0,False,,False,True
NCT01538459,2012.0,<=2015,PHASE3,drug,2,0.0,OTHER,WITHDRAWN,RANDOMIZED,True,TRIPLE,3.0,True,True,PARALLEL,False,active,True,,,,,True,True,False,False,False,0,False,,False,False
NCT05318846,2022.0,2021-2026,PHASE2,drug,2,38.0,INDUSTRY,COMPLETED,RANDOMIZED,True,QUADRUPLE,4.0,True,True,PARALLEL,False,placebo/sham,True,,,,,False,True,False,False,False,0,False,UNDECIDED,False,
NCT07393386,2026.0,2021-2026,PHASE4,drug,3,249.0,OTHER,NOT_YET_RECRUITING,RANDOMIZED,True,QUADRUPLE,4.0,True,True,PARALLEL,True,placebo/sham,True,,,,,True,True,True,False,False,0,False,YES,True,True
NCT07257874,2025.0,2021-2026,PHASE3,drug,2,60.0,OTHER,COMPLETED,RANDOMIZED,True,DOUBLE,2.0,True,True,PARALLEL,False,active,True,,,,,True,False,False,False,False,0,False,,False,
NCT03759028,2019.0,2016-2020,PHASE4,drug,2,90.0,OTHER,RECRUITING,RANDOMIZED,True,DOUBLE,2.0,True,True,PARALLEL,False,active,True,,,,,True,True,False,False,False,0,False,NO,False,False
NCT03379987,2018.0,2016-2020,NA,drug,2,120.0,OTHER,UNKNOWN,RANDOMIZED,True,SINGLE,1.0,True,False,PARALLEL,True,active,True,,,,,False,True,False,False,False,0,False,,False,
NCT06288685,2023.0,2021-2026,PHASE3,both,2,38.0,OTHER,COMPLETED,RANDOMIZED,True,DOUBLE,2.0,True,True,PARALLEL,False,active,True,,,,,True,True,False,False,False,0,False,YES,True,True
NCT02171299,2012.0,<=2015,NA,both,2,400.0,OTHER,COMPLETED,RANDOMIZED,True,DOUBLE,2.0,True,True,PARALLEL,True,no-intervention,True,,,,,False,True,False,False,False,1,True,,False,True
NCT06937853,2024.0,2021-2026,NA,drug,3,200.0,OTHER,RECRUITING,RANDOMIZED,True,QUADRUPLE,4.0,True,True,PARALLEL,True,placebo/sham,True,,,,,False,True,True,False,False,0,False,NO,False,False
NCT03597308,2017.0,2016-2020,NA,drug,3,210.0,OTHER,COMPLETED,RANDOMIZED,True,DOUBLE,2.0,True,True,PARALLEL,True,active,True,,,,,False,True,True,False,False,0,False,NO,False,False
NCT02272660,2014.0,<=2015,PHASE4,drug,2,74.0,OTHER,COMPLETED,RANDOMIZED,True,SINGLE,1.0,True,False,PARALLEL,False,placebo/sham,True,,,,,True,True,False,False,False,0,False,,False,False
NCT04554693,2020.0,2016-2020,PHASE4,drug,2,78.0,OTHER,TERMINATED,RANDOMIZED,True,DOUBLE,2.0,True,True,PARALLEL,False,placebo/sham,True,78.0,72.0,0.07692307692307687,True,True,True,False,True,False,0,False,NO,False,True
NCT03341234,2016.0,2016-2020,NA,both,2,48.0,OTHER,COMPLETED,RANDOMIZED,True,DOUBLE,2.0,True,True,PARALLEL,True,active,True,,,,,False,True,False,False,False,0,False,UNDECIDED,False,False
NCT02618876,2015.0,<=2015,NA,drug,2,60.0,OTHER,COMPLETED,RANDOMIZED,True,QUADRUPLE,4.0,True,True,PARALLEL,True,active,True,,,,,False,False,False,False,False,0,False,,False,True
NCT03049878,2013.0,<=2015,PHASE4,drug,2,32.0,OTHER,COMPLETED,RANDOMIZED,True,TRIPLE,3.0,True,True,PARALLEL,False,placebo/sham,True,,,,,True,True,False,False,False,1,True,NO,False,True
NCT03974932,2019.0,2016-2020,PHASE3,both,4,116.0,INDUSTRY,COMPLETED,NON_RANDOMIZED,False,NONE,0.0,False,False,SINGLE_GROUP,True,none/single-group,False,116.0,116.0,0.0,True,True,True,True,True,False,0,False,NO,False,False
NCT06942702,2026.0,2021-2026,NA,drug,2,44.0,OTHER,NOT_YET_RECRUITING,RANDOMIZED,True,DOUBLE,2.0,True,True,PARALLEL,True,active,True,,,,,False,False,False,False,False,0,False,UNDECIDED,False,False
NCT04339023,2020.0,2016-2020,NA,drug,2,76.0,OTHER,COMPLETED,RANDOMIZED,True,SINGLE,1.0,True,False,PARALLEL,True,none/single-group,False,,,,,False,True,False,False,False,1,True,,False,False
NCT05717361,2022.0,2021-2026,NA,drug,2,60.0,OTHER,UNKNOWN,RANDOMIZED,True,QUADRUPLE,4.0,True,True,PARALLEL,True,active,True,,,,,False,False,False,False,False,0,False,,False,False
NCT03549611,2018.0,2016-2020,PHASE4,drug,2,0.0,OTHER,WITHDRAWN,RANDOMIZED,True,SINGLE,1.0,True,False,PARALLEL,False,active,True,,,,,True,True,False,False,False,0,False,NO,False,False
NCT07330479,2024.0,2021-2026,NA,both,2,60.0,OTHER,COMPLETED,RANDOMIZED,True,SINGLE,1.0,True,False,PARALLEL,True,active,True,,,,,False,False,False,False,False,0,False,,False,False
NCT00650039,2004.0,<=2015,PHASE3,drug,3,488.0,INDUSTRY,COMPLETED,RANDOMIZED,True,TRIPLE,3.0,True,True,PARALLEL,True,placebo/sham,True,,,,,True,True,True,False,False,0,False,,False,False
NCT06958718,2025.0,2021-2026,PHASE4,both,2,52.0,OTHER,COMPLETED,RANDOMIZED,True,QUADRUPLE,4.0,True,True,PARALLEL,False,active,True,,,,,True,False,False,False,False,0,False,NO,False,
NCT05398757,2022.0,2021-2026,NA,drug,3,0.0,OTHER,WITHDRAWN,RANDOMIZED,True,DOUBLE,2.0,True,True,PARALLEL,False,active,True,,,,,False,False,True,False,False,0,False,,False,False
NCT03530280,2018.0,2016-2020,NA,drug,3,51.0,OTHER,COMPLETED,RANDOMIZED,True,SINGLE,1.0,True,False,PARALLEL,True,placebo/sham,True,,,,,False,False,True,False,False,0,False,NO,False,False
NCT07599254,2025.0,2021-2026,PHASE4,drug,4,100.0,OTHER,RECRUITING,RANDOMIZED,True,SINGLE,1.0,True,False,PARALLEL,True,none/single-group,False,,,,,True,True,True,False,False,0,False,NO,False,False
NCT05161221,2021.0,2021-2026,PHASE3,both,2,154.0,OTHER,UNKNOWN,RANDOMIZED,True,NONE,0.0,False,False,PARALLEL,True,active,True,,,,,True,True,False,False,False,0,False,,False,
NCT07185594,2025.0,2021-2026,PHASE2;PHASE3,drug,5,360.0,INDUSTRY,RECRUITING,RANDOMIZED,True,QUADRUPLE,4.0,True,True,PARALLEL,True,placebo/sham,True,,,,,True,True,True,False,False,0,False,UNDECIDED,False,
NCT05924412,2023.0,2021-2026,PHASE4,drug,2,40.0,OTHER,COMPLETED,RANDOMIZED,True,QUADRUPLE,4.0,True,True,PARALLEL,False,placebo/sham,True,,,,,True,True,False,False,True,0,False,NO,False,True
NCT02401529,2013.0,<=2015,PHASE2,drug,2,100.0,OTHER_GOV,COMPLETED,RANDOMIZED,True,DOUBLE,2.0,True,True,PARALLEL,True,active,True,116.0,100.0,0.13793103448275867,True,False,False,False,True,False,0,False,,False,False
NCT00412035,2007.0,<=2015,PHASE3,drug,2,125.0,OTHER,COMPLETED,RANDOMIZED,True,QUADRUPLE,4.0,True,True,PARALLEL,True,placebo/sham,True,,,,,True,True,False,False,True,0,False,,False,True
NCT07664956,2026.0,2021-2026,PHASE4,drug,2,36.0,OTHER,NOT_YET_RECRUITING,RANDOMIZED,True,NONE,0.0,False,False,PARALLEL,False,no-intervention,True,,,,,True,True,False,False,False,0,False,NO,False,True
NCT04414917,2026.0,2021-2026,PHASE2,both,2,133.0,OTHER,SUSPENDED,RANDOMIZED,True,DOUBLE,2.0,True,True,PARALLEL,True,placebo/sham,True,,,,,False,True,False,False,False,0,False,NO,False,True
NCT05276206,2022.0,2021-2026,PHASE1,drug,4,400.0,INDUSTRY,COMPLETED,RANDOMIZED,True,QUADRUPLE,4.0,True,True,FACTORIAL,True,active,True,,,,,False,True,True,False,False,0,False,NO,False,False
NCT02724293,2014.0,<=2015,PHASE2;PHASE3,drug,4,60.0,OTHER,COMPLETED,RANDOMIZED,True,TRIPLE,3.0,True,True,CROSSOVER,False,placebo/sham,True,,,,,True,True,True,False,False,0,False,,False,False
NCT07533786,2026.0,2021-2026,PHASE2,drug,5,200.0,INDUSTRY,RECRUITING,RANDOMIZED,True,QUADRUPLE,4.0,True,True,PARALLEL,True,placebo/sham,True,,,,,False,True,True,False,False,0,False,NO,False,False
NCT00235261,2005.0,<=2015,PHASE4,drug,0,120.0,OTHER,COMPLETED,RANDOMIZED,True,DOUBLE,2.0,True,True,PARALLEL,True,none/single-group,False,,,,,True,True,False,False,False,0,False,,False,True
NCT03620591,2018.0,2016-2020,NA,drug,2,98.0,OTHER,COMPLETED,RANDOMIZED,True,DOUBLE,2.0,True,True,PARALLEL,True,placebo/sham,True,,,,,False,False,False,False,False,0,False,,False,True
NCT05982392,2023.0,2021-2026,PHASE2;PHASE3,drug,3,139.0,OTHER,COMPLETED,RANDOMIZED,True,TRIPLE,3.0,True,True,PARALLEL,True,placebo/sham,True,120.0,120.0,0.0,True,True,False,True,True,False,0,False,NO,False,False
NCT06861387,2026.0,2021-2026,NA,both,2,150.0,OTHER,RECRUITING,RANDOMIZED,True,SINGLE,1.0,True,False,PARALLEL,True,active,True,,,,,False,True,False,False,False,0,False,,False,True
NCT06688136,2024.0,2021-2026,NA,drug,2,68.0,OTHER,COMPLETED,RANDOMIZED,True,SINGLE,1.0,True,False,PARALLEL,True,active,True,,,,,False,False,False,False,False,0,False,NO,False,True
NCT00236249,2005.0,<=2015,PHASE3,drug,0,110.0,OTHER,COMPLETED,RANDOMIZED,True,SINGLE,1.0,True,False,PARALLEL,True,none/single-group,False,,,,,True,True,False,False,False,0,False,,False,True
NCT05283499,2020.0,2016-2020,PHASE3,drug,2,53.0,OTHER,COMPLETED,RANDOMIZED,True,QUADRUPLE,4.0,True,True,PARALLEL,False,active,True,53.0,50.0,0.05660377358490565,True,True,False,False,True,False,0,False,YES,True,False
NCT06547255,2024.0,2021-2026,PHASE4,drug,2,82.0,OTHER,COMPLETED,RANDOMIZED,True,SINGLE,1.0,True,False,PARALLEL,False,active,True,,,,,True,True,False,False,False,0,False,NO,False,
NCT01210352,2010.0,<=2015,PHASE3,drug,1,61.0,INDUSTRY,COMPLETED,NA,False,NONE,0.0,False,False,SINGLE_GROUP,False,none/single-group,False,61.0,50.0,0.180327868852459,True,True,True,False,True,False,0,False,,False,True
NCT04724252,2021.0,2021-2026,PHASE2;PHASE3,drug,2,60.0,OTHER,RECRUITING,RANDOMIZED,True,DOUBLE,2.0,True,True,PARALLEL,False,placebo/sham,True,,,,,True,True,False,False,False,0,False,NO,False,False
NCT01743625,2012.0,<=2015,PHASE3,drug,2,406.0,INDUSTRY,COMPLETED,RANDOMIZED,True,DOUBLE,2.0,True,True,PARALLEL,True,placebo/sham,True,,,,,True,True,False,False,False,0,False,,False,False
NCT02750917,2014.0,<=2015,PHASE3,drug,2,120.0,OTHER,COMPLETED,RANDOMIZED,True,QUADRUPLE,4.0,True,True,PARALLEL,True,active,True,,,,,True,True,False,False,True,0,False,NO,False,True
NCT03797612,2021.0,2021-2026,PHASE2,drug,2,0.0,INDUSTRY,WITHDRAWN,RANDOMIZED,True,QUADRUPLE,4.0,True,True,PARALLEL,False,placebo/sham,True,,,,,False,True,False,False,False,0,False,NO,False,False
NCT04298528,2020.0,2016-2020,PHASE3,drug,2,460.0,OTHER,UNKNOWN,RANDOMIZED,True,DOUBLE,2.0,True,True,PARALLEL,True,placebo/sham,True,,,,,True,True,False,False,False,0,False,NO,False,False
NCT05502159,2022.0,2021-2026,NA,drug,2,60.0,OTHER,COMPLETED,RANDOMIZED,True,DOUBLE,2.0,True,True,PARALLEL,True,active,True,,,,,False,True,False,False,False,0,False,NO,False,False
NCT01032759,2009.0,<=2015,PHASE4,drug,2,77.0,OTHER,TERMINATED,RANDOMIZED,True,QUADRUPLE,4.0,True,True,PARALLEL,False,placebo/sham,True,63.0,59.0,0.06349206349206349,True,True,True,False,True,False,0,False,,False,False
NCT02604446,2015.0,<=2015,PHASE3,drug,3,134.0,OTHER,COMPLETED,RANDOMIZED,True,DOUBLE,2.0,True,True,PARALLEL,True,placebo/sham,True,,,,,True,True,True,False,True,1,True,,False,False
NCT01995045,2012.0,<=2015,PHASE4,drug,2,58.0,OTHER,COMPLETED,RANDOMIZED,True,SINGLE,1.0,True,False,PARALLEL,False,active,True,57.0,57.0,0.0,True,True,False,False,True,False,0,False,,False,True
NCT04653415,2019.0,2016-2020,PHASE4,drug,2,160.0,OTHER,COMPLETED,RANDOMIZED,True,TRIPLE,3.0,True,True,PARALLEL,True,placebo/sham,True,,,,,True,True,False,False,False,0,False,NO,False,True
NCT05172570,2021.0,2021-2026,PHASE3,drug,3,20.0,OTHER,TERMINATED,RANDOMIZED,True,NONE,0.0,False,False,PARALLEL,False,active,True,20.0,18.0,0.09999999999999998,True,True,True,True,True,False,0,False,NO,False,True
NCT06031129,2023.0,2021-2026,NA,drug,2,300.0,OTHER,COMPLETED,RANDOMIZED,True,DOUBLE,2.0,True,True,SINGLE_GROUP,True,placebo/sham,True,,,,,False,True,False,False,False,0,False,,False,
NCT02751268,2016.0,2016-2020,PHASE4,drug,2,66.0,OTHER,UNKNOWN,RANDOMIZED,True,TRIPLE,3.0,True,True,PARALLEL,False,placebo/sham,True,,,,,True,False,False,False,False,0,False,NO,False,False
NCT06524596,2022.0,2021-2026,NA,drug,2,59.0,OTHER,COMPLETED,RANDOMIZED,True,SINGLE,1.0,True,False,PARALLEL,True,placebo/sham,True,,,,,False,True,False,False,False,0,False,,False,
NCT00791804,2004.0,<=2015,PHASE2,drug,1,19.0,INDUSTRY,COMPLETED,NON_RANDOMIZED,False,NONE,0.0,False,False,SINGLE_GROUP,False,none/single-group,False,,,,,False,True,False,False,False,0,False,,False,False
NCT02920905,2015.0,<=2015,PHASE3,drug,3,75.0,OTHER,COMPLETED,RANDOMIZED,True,QUADRUPLE,4.0,True,True,PARALLEL,False,none/single-group,False,,,,,True,False,True,False,False,0,False,UNDECIDED,False,False
NCT06815887,2025.0,2021-2026,NA,drug,2,70.0,OTHER,COMPLETED,RANDOMIZED,True,DOUBLE,2.0,True,True,PARALLEL,True,active,True,,,,,False,True,False,False,False,0,False,YES,True,
NCT02499575,2015.0,<=2015,NA,drug,2,2.0,OTHER,TERMINATED,RANDOMIZED,True,SINGLE,1.0,True,False,PARALLEL,False,active,True,2.0,1.0,0.5,False,False,False,False,True,False,0,False,NO,False,False
NCT05091138,2021.0,2021-2026,NA,drug,2,100.0,OTHER,UNKNOWN,RANDOMIZED,True,TRIPLE,3.0,True,True,PARALLEL,True,active,True,,,,,False,False,False,False,False,0,False,NO,False,False
NCT01558622,2012.0,<=2015,PHASE4,drug,6,72.0,OTHER,UNKNOWN,RANDOMIZED,True,DOUBLE,2.0,True,True,CROSSOVER,False,placebo/sham,True,,,,,True,True,True,False,False,0,False,,False,False
NCT01542645,2010.0,<=2015,PHASE4,drug,2,164.0,OTHER,COMPLETED,RANDOMIZED,True,QUADRUPLE,4.0,True,True,PARALLEL,True,active,True,164.0,156.0,0.04878048780487809,True,True,True,False,True,False,0,False,,False,False
NCT03875664,2018.0,2016-2020,PHASE4,drug,2,72.0,OTHER,COMPLETED,RANDOMIZED,True,TRIPLE,3.0,True,True,PARALLEL,False,placebo/sham,True,72.0,72.0,0.0,True,True,True,False,True,False,0,False,NO,False,True
NCT03425162,2018.0,2016-2020,NA,both,2,60.0,OTHER_GOV,COMPLETED,RANDOMIZED,True,DOUBLE,2.0,True,True,PARALLEL,True,placebo/sham,True,,,,,False,True,False,False,False,0,False,,False,
NCT02356588,2015.0,<=2015,PHASE3,drug,2,161.0,INDUSTRY,COMPLETED,RANDOMIZED,True,QUADRUPLE,4.0,True,True,PARALLEL,True,placebo/sham,True,161.0,143.0,0.11180124223602483,True,True,True,False,True,False,0,False,,False,False
NCT03036514,2017.0,2016-2020,NA,both,2,27.0,OTHER,COMPLETED,NON_RANDOMIZED,False,NONE,0.0,False,False,SEQUENTIAL,False,active,True,,,,,False,False,False,False,False,0,False,NO,False,False
NCT03198403,2017.0,2016-2020,PHASE4,drug,2,17.0,OTHER,COMPLETED,NON_RANDOMIZED,False,NONE,0.0,False,False,PARALLEL,False,no-intervention,True,,,,,True,True,False,False,False,0,False,,False,True
NCT00863928,2008.0,<=2015,NA,drug,2,135.0,OTHER,COMPLETED,RANDOMIZED,True,DOUBLE,2.0,True,True,PARALLEL,True,no-intervention,True,135.0,99.0,0.2666666666666667,False,False,True,False,True,False,0,False,,False,False
NCT03243032,2017.0,2016-2020,EARLY_PHASE1,drug,2,0.0,OTHER,WITHDRAWN,RANDOMIZED,True,SINGLE,1.0,True,False,PARALLEL,False,placebo/sham,True,,,,,False,True,False,False,False,0,False,NO,False,False
NCT05994287,2021.0,2021-2026,NA,drug,4,105.0,OTHER,COMPLETED,RANDOMIZED,True,QUADRUPLE,4.0,True,True,PARALLEL,True,active,True,,,,,False,True,True,False,False,0,False,,False,True
NCT07699744,2026.0,2021-2026,PHASE4,both,2,92.0,OTHER,NOT_YET_RECRUITING,RANDOMIZED,True,NONE,0.0,False,False,PARALLEL,False,active,True,,,,,True,True,False,False,False,0,False,NO,False,False
NCT02973958,2017.0,2016-2020,PHASE1,drug,2,30.0,OTHER,COMPLETED,RANDOMIZED,True,SINGLE,1.0,True,False,PARALLEL,True,active,True,,,,,False,False,False,False,False,1,True,UNDECIDED,False,True
NCT05344911,2022.0,2021-2026,PHASE4,drug,2,130.0,OTHER,COMPLETED,RANDOMIZED,True,QUADRUPLE,4.0,True,True,PARALLEL,True,active,True,,,,,True,True,False,False,False,0,False,NO,False,True
NCT00638508,2007.0,<=2015,PHASE4,drug,2,67.0,OTHER,COMPLETED,RANDOMIZED,True,TRIPLE,3.0,True,True,PARALLEL,False,active,True,67.0,60.0,0.10447761194029848,True,True,True,False,True,False,0,False,,False,True
NCT03929146,2019.0,2016-2020,PHASE4,both,2,76.0,OTHER,COMPLETED,RANDOMIZED,True,NONE,0.0,False,False,PARALLEL,False,none/single-group,False,,,,,True,True,False,False,False,0,False,NO,False,False
NCT06838156,2023.0,2021-2026,NA,drug,2,60.0,OTHER_GOV,COMPLETED,RANDOMIZED,True,DOUBLE,2.0,True,True,PARALLEL,True,active,True,,,,,False,True,False,False,True,0,False,NO,False,
NCT07616180,2026.0,2021-2026,PHASE4,drug,2,50.0,OTHER,NOT_YET_RECRUITING,RANDOMIZED,True,TRIPLE,3.0,True,True,PARALLEL,False,none/single-group,False,,,,,True,True,False,False,False,0,False,NO,False,True
NCT00347204,2006.0,<=2015,PHASE4,drug,0,40.0,OTHER,COMPLETED,RANDOMIZED,True,DOUBLE,2.0,True,True,PARALLEL,False,none/single-group,False,,,,,True,True,False,False,False,0,False,,False,
NCT03199482,2017.0,2016-2020,EARLY_PHASE1,drug,2,32.0,OTHER,UNKNOWN,RANDOMIZED,True,DOUBLE,2.0,True,True,PARALLEL,True,placebo/sham,True,,,,,False,True,False,False,False,0,False,NO,False,True
NCT01534416,2011.0,<=2015,NA,drug,2,132.0,OTHER,COMPLETED,RANDOMIZED,True,QUADRUPLE,4.0,True,True,PARALLEL,True,placebo/sham,True,132.0,132.0,0.0,True,False,False,False,True,False,0,False,,False,False
NCT02287246,2014.0,<=2015,PHASE4,drug,2,120.0,FED,UNKNOWN,RANDOMIZED,True,DOUBLE,2.0,True,True,SINGLE_GROUP,True,active,True,,,,,True,True,False,False,False,0,False,YES,True,False
NCT02102815,2014.0,<=2015,PHASE4,drug,2,100.0,OTHER,COMPLETED,RANDOMIZED,True,QUADRUPLE,4.0,True,True,PARALLEL,True,placebo/sham,True,,,,,True,True,False,False,False,0,False,,False,True
NCT03927911,2019.0,2016-2020,PHASE4,drug,3,65.0,INDUSTRY,TERMINATED,NON_RANDOMIZED,False,NONE,0.0,False,False,PARALLEL,False,active,True,65.0,54.0,0.16923076923076918,True,True,True,True,True,False,0,False,,False,
NCT02778178,2016.0,2016-2020,PHASE4,both,2,40.0,OTHER,COMPLETED,RANDOMIZED,True,QUADRUPLE,4.0,True,True,PARALLEL,False,placebo/sham,True,,,,,True,True,False,False,False,0,False,NO,False,True
NCT06600282,2024.0,2021-2026,PHASE4,drug,2,14.0,INDUSTRY,NOT_YET_RECRUITING,RANDOMIZED,True,NONE,0.0,False,False,CROSSOVER,False,active,True,,,,,True,False,False,False,False,0,False,,False,False
NCT03323385,2017.0,2016-2020,PHASE3,drug,2,57.0,INDUSTRY,COMPLETED,RANDOMIZED,True,QUADRUPLE,4.0,True,True,PARALLEL,False,placebo/sham,True,57.0,53.0,0.07017543859649122,True,True,True,False,True,False,1,True,UNDECIDED,False,False
NCT04768764,2021.0,2021-2026,PHASE4,both,2,52.0,OTHER,UNKNOWN,RANDOMIZED,True,DOUBLE,2.0,True,True,PARALLEL,False,active,True,,,,,True,True,False,False,False,0,False,NO,False,True
NCT01096797,2009.0,<=2015,PHASE4,drug,1,150.0,OTHER,COMPLETED,NA,False,NONE,0.0,False,False,SINGLE_GROUP,True,none/single-group,False,,,,,True,False,False,False,True,0,False,,False,False
NCT02862769,2017.0,2016-2020,PHASE4,drug,2,120.0,OTHER,UNKNOWN,RANDOMIZED,True,QUADRUPLE,4.0,True,True,SINGLE_GROUP,True,placebo/sham,True,,,,,True,False,False,False,True,0,False,NO,False,False
NCT05841290,2022.0,2021-2026,NA,both,2,50.0,OTHER,RECRUITING,RANDOMIZED,True,NONE,0.0,False,False,PARALLEL,True,none/single-group,False,,,,,False,False,False,False,False,0,False,,False,
NCT04648358,2020.0,2016-2020,NA,drug,2,156.0,OTHER,COMPLETED,RANDOMIZED,True,DOUBLE,2.0,True,True,PARALLEL,True,active,True,,,,,False,True,False,False,False,1,True,YES,True,True
NCT05871424,2023.0,2021-2026,NA,drug,2,66.0,OTHER,COMPLETED,RANDOMIZED,True,DOUBLE,2.0,True,True,PARALLEL,True,placebo/sham,True,,,,,False,False,False,False,False,0,False,NO,False,
NCT02954484,2015.0,<=2015,PHASE3,drug,2,116.0,OTHER,COMPLETED,RANDOMIZED,True,QUADRUPLE,4.0,True,True,PARALLEL,True,placebo/sham,True,,,,,True,True,False,False,False,0,False,NO,False,True
NCT01922427,,,PHASE2,drug,0,0.0,INDUSTRY,WITHDRAWN,RANDOMIZED,True,TRIPLE,3.0,True,True,PARALLEL,False,none/single-group,False,,,,,False,True,False,False,False,0,False,,False,
NCT00601458,2007.0,<=2015,PHASE1,drug,3,100.0,INDUSTRY,COMPLETED,RANDOMIZED,True,DOUBLE,2.0,True,True,PARALLEL,True,placebo/sham,True,100.0,89.0,0.10999999999999999,True,False,True,True,True,True,0,False,,False,
NCT03827213,2019.0,2016-2020,PHASE2,both,2,23.0,OTHER,TERMINATED,RANDOMIZED,True,DOUBLE,2.0,True,True,PARALLEL,False,active,True,23.0,18.0,0.21739130434782605,False,False,True,False,True,False,0,False,NO,False,True
NCT05317312,2022.0,2021-2026,PHASE2,drug,4,111.0,INDUSTRY,COMPLETED,RANDOMIZED,True,DOUBLE,2.0,True,True,PARALLEL,True,placebo/sham,True,110.0,107.0,0.027272727272727226,True,False,True,True,True,False,0,False,,False,False
NCT02822196,2018.0,2016-2020,PHASE4,drug,2,0.0,OTHER,WITHDRAWN,RANDOMIZED,True,SINGLE,1.0,True,False,PARALLEL,False,active,True,,,,,True,True,False,False,False,0,False,NO,False,False
NCT02784340,2014.0,<=2015,PHASE4,both,3,120.0,OTHER,COMPLETED,RANDOMIZED,True,DOUBLE,2.0,True,True,PARALLEL,True,placebo/sham,True,,,,,True,True,True,False,False,1,True,NO,False,False
NCT00500565,2003.0,<=2015,NA,drug,2,61.0,OTHER,COMPLETED,RANDOMIZED,True,DOUBLE,2.0,True,True,PARALLEL,True,none/single-group,False,,,,,False,True,False,False,False,0,False,,False,False
NCT04871061,2021.0,2021-2026,NA,both,2,80.0,OTHER,COMPLETED,RANDOMIZED,True,DOUBLE,2.0,True,True,PARALLEL,True,active,True,,,,,False,True,False,False,True,1,True,,False,False
NCT00229996,2004.0,<=2015,PHASE3,drug,0,194.0,NIH,COMPLETED,RANDOMIZED,True,DOUBLE,2.0,True,True,PARALLEL,True,none/single-group,False,,,,,True,True,False,False,False,0,False,,False,
NCT02341079,2015.0,<=2015,PHASE2;PHASE3,drug,2,0.0,FED,WITHDRAWN,RANDOMIZED,True,NONE,0.0,False,False,PARALLEL,False,active,True,,,,,True,True,False,False,False,0,False,,False,True
NCT03528343,2017.0,2016-2020,PHASE1;PHASE2,drug,2,0.0,OTHER,WITHDRAWN,RANDOMIZED,True,NONE,0.0,False,False,PARALLEL,False,no-intervention,True,,,,,False,True,False,False,False,0,False,NO,False,True
NCT02570230,2017.0,2016-2020,PHASE4,drug,2,32.0,OTHER,COMPLETED,RANDOMIZED,True,QUADRUPLE,4.0,True,True,PARALLEL,False,placebo/sham,True,,,,,True,True,False,False,False,0,False,NO,False,False
NCT00914498,2009.0,<=2015,NA,drug,2,120.0,OTHER_GOV,UNKNOWN,RANDOMIZED,True,QUADRUPLE,4.0,True,True,PARALLEL,True,placebo/sham,True,,,,,False,True,False,False,False,0,False,,False,False
NCT05140499,2022.0,2021-2026,PHASE4,drug,2,11.0,OTHER,TERMINATED,RANDOMIZED,True,SINGLE,1.0,True,False,PARALLEL,False,active,True,11.0,8.0,0.2727272727272727,False,True,False,False,True,False,0,False,NO,False,False
NCT03241875,2016.0,2016-2020,PHASE4,drug,3,90.0,OTHER,COMPLETED,RANDOMIZED,True,DOUBLE,2.0,True,True,PARALLEL,False,placebo/sham,True,,,,,True,True,True,False,True,1,True,UNDECIDED,False,
NCT07479602,2026.0,2021-2026,PHASE4,drug,2,160.0,OTHER,RECRUITING,RANDOMIZED,True,QUADRUPLE,4.0,True,True,PARALLEL,True,placebo/sham,True,,,,,True,False,False,False,False,0,False,NO,False,True
NCT02123979,2015.0,<=2015,PHASE2,drug,2,50.0,OTHER,UNKNOWN,RANDOMIZED,True,TRIPLE,3.0,True,True,SINGLE_GROUP,True,placebo/sham,True,,,,,False,True,False,False,False,0,False,,False,False
NCT05550597,2022.0,2021-2026,NA,drug,3,93.0,OTHER,COMPLETED,RANDOMIZED,True,NONE,0.0,False,False,PARALLEL,True,none/single-group,False,,,,,False,True,True,False,False,0,False,NO,False,
NCT02254525,2012.0,<=2015,PHASE3,drug,2,231.0,INDUSTRY,TERMINATED,RANDOMIZED,True,TRIPLE,3.0,True,True,PARALLEL,True,placebo/sham,True,,,,,True,True,False,False,False,0,False,,False,False
NCT03728946,2018.0,2016-2020,NA,drug,2,100.0,OTHER,COMPLETED,RANDOMIZED,True,SINGLE,1.0,True,False,PARALLEL,True,no-intervention,True,,,,,False,False,False,False,False,0,False,NO,False,False
NCT07113483,2025.0,2021-2026,PHASE3,drug,4,120.0,OTHER,RECRUITING,RANDOMIZED,True,QUADRUPLE,4.0,True,True,FACTORIAL,True,active,True,,,,,True,True,True,False,False,0,False,NO,False,True
NCT05186467,2021.0,2021-2026,PHASE2,drug,2,44.0,OTHER,UNKNOWN,RANDOMIZED,True,QUADRUPLE,4.0,True,True,PARALLEL,False,active,True,,,,,False,False,False,False,False,0,False,,False,True
NCT03603626,2015.0,<=2015,NA,drug,2,0.0,OTHER,WITHDRAWN,RANDOMIZED,True,SINGLE,1.0,True,False,PARALLEL,False,placebo/sham,True,,,,,False,True,False,False,False,0,False,,False,
NCT06558331,2024.0,2021-2026,NA,drug,2,60.0,OTHER_GOV,COMPLETED,RANDOMIZED,True,DOUBLE,2.0,True,True,PARALLEL,True,active,True,,,,,False,False,False,False,False,1,True,NO,False,False
NCT01465191,2011.0,<=2015,PHASE4,drug,3,169.0,OTHER,COMPLETED,RANDOMIZED,True,QUADRUPLE,4.0,True,True,PARALLEL,True,none/single-group,False,169.0,144.0,0.14792899408284022,True,True,True,True,True,False,0,False,,False,False
NCT02805504,2016.0,2016-2020,PHASE4,drug,2,136.0,OTHER,COMPLETED,RANDOMIZED,True,SINGLE,1.0,True,False,PARALLEL,True,active,True,136.0,136.0,0.0,True,True,True,False,True,False,0,False,NO,False,False
NCT04964180,2020.0,2016-2020,NA,drug,2,80.0,OTHER,COMPLETED,RANDOMIZED,True,NONE,0.0,False,False,PARALLEL,True,active,True,,,,,False,False,False,False,False,0,False,UNDECIDED,False,
NCT01224145,2011.0,<=2015,PHASE2,drug,1,10.0,INDUSTRY,COMPLETED,NA,False,NONE,0.0,False,False,SINGLE_GROUP,False,none/single-group,False,10.0,10.0,0.0,True,False,True,False,True,True,0,False,,False,False
NCT03571490,2018.0,2016-2020,PHASE4,drug,2,50.0,OTHER,COMPLETED,RANDOMIZED,True,TRIPLE,3.0,True,True,SINGLE_GROUP,False,placebo/sham,True,,,,,True,True,False,False,False,1,True,UNDECIDED,False,False
NCT02893423,2013.0,<=2015,NA,drug,3,51.0,OTHER,TERMINATED,RANDOMIZED,True,DOUBLE,2.0,True,True,PARALLEL,True,active,True,51.0,51.0,0.0,True,False,True,True,True,False,0,False,NO,False,False
NCT02198027,2014.0,<=2015,PHASE4,drug,2,68.0,OTHER,UNKNOWN,RANDOMIZED,True,TRIPLE,3.0,True,True,PARALLEL,False,placebo/sham,True,,,,,True,False,False,False,False,0,False,,False,True
NCT01530815,2011.0,<=2015,NA,drug,1,80.0,INDIV,UNKNOWN,NA,False,TRIPLE,3.0,True,True,SINGLE_GROUP,True,none/single-group,False,,,,,False,True,False,False,False,1,True,,False,True
NCT02408393,2015.0,<=2015,PHASE3,drug,2,380.0,OTHER,COMPLETED,RANDOMIZED,True,DOUBLE,2.0,True,True,PARALLEL,True,placebo/sham,True,,,,,True,True,False,False,True,0,False,UNDECIDED,False,False
NCT00902967,2009.0,<=2015,PHASE3,drug,2,40.0,OTHER,UNKNOWN,RANDOMIZED,True,TRIPLE,3.0,True,True,PARALLEL,False,placebo/sham,True,,,,,True,True,False,False,False,0,False,,False,False
NCT05708521,2023.0,2021-2026,PHASE4,drug,2,201.0,OTHER,ACTIVE_NOT_RECRUITING,RANDOMIZED,True,SINGLE,1.0,True,False,PARALLEL,True,active,True,,,,,True,True,False,False,False,0,False,NO,False,False
NCT02309879,2014.0,<=2015,PHASE4,drug,4,120.0,OTHER,COMPLETED,RANDOMIZED,True,QUADRUPLE,4.0,True,True,PARALLEL,True,active,True,,,,,True,False,True,False,False,1,True,,False,False
NCT04611763,2021.0,2021-2026,PHASE1,drug,2,112.0,OTHER,COMPLETED,RANDOMIZED,True,QUADRUPLE,4.0,True,True,PARALLEL,True,active,True,,,,,False,True,False,False,False,1,True,NO,False,False
NCT02653651,2016.0,2016-2020,PHASE4,drug,3,60.0,OTHER,COMPLETED,RANDOMIZED,True,TRIPLE,3.0,True,True,PARALLEL,False,placebo/sham,True,,,,,True,False,True,False,False,0,False,NO,False,False
NCT04160936,2018.0,2016-2020,NA,drug,2,50.0,OTHER,COMPLETED,RANDOMIZED,True,SINGLE,1.0,True,False,PARALLEL,True,active,True,,,,,False,False,False,False,False,1,True,NO,False,False
NCT01843296,2012.0,<=2015,PHASE4,both,3,105.0,OTHER,COMPLETED,RANDOMIZED,True,QUADRUPLE,4.0,True,True,PARALLEL,True,active,True,,,,,True,False,True,False,False,0,False,,False,True
NCT05897385,2023.0,2021-2026,NA,drug,2,112.0,OTHER,COMPLETED,RANDOMIZED,True,QUADRUPLE,4.0,True,True,PARALLEL,True,placebo/sham,True,,,,,False,True,False,False,True,0,False,NO,False,True
NCT00508066,2007.0,<=2015,PHASE4,drug,2,60.0,OTHER,COMPLETED,RANDOMIZED,True,TRIPLE,3.0,True,True,PARALLEL,False,placebo/sham,True,,,,,True,True,False,False,False,0,False,,False,False
NCT02160301,2017.0,2016-2020,PHASE4,drug,2,0.0,OTHER,WITHDRAWN,RANDOMIZED,True,NONE,0.0,False,False,PARALLEL,False,active,True,,,,,True,True,False,False,False,0,False,,False,False
NCT02240199,2014.0,<=2015,PHASE3,drug,4,100.0,OTHER,COMPLETED,RANDOMIZED,True,QUADRUPLE,4.0,True,True,FACTORIAL,True,placebo/sham,True,,,,,True,False,True,False,False,1,True,NO,False,False
NCT07186426,2025.0,2021-2026,PHASE3,drug,3,405.0,INDUSTRY,RECRUITING,RANDOMIZED,True,QUADRUPLE,4.0,True,True,PARALLEL,True,placebo/sham,True,,,,,True,True,True,False,False,0,False,NO,False,
NCT07099222,2024.0,2021-2026,PHASE1;PHASE2,drug,2,100.0,OTHER,ACTIVE_NOT_RECRUITING,RANDOMIZED,True,SINGLE,1.0,True,False,PARALLEL,True,none/single-group,False,,,,,False,True,False,False,False,0,False,YES,True,False
NCT03769818,2019.0,2016-2020,NA,drug,3,150.0,OTHER,COMPLETED,RANDOMIZED,True,QUADRUPLE,4.0,True,True,PARALLEL,True,placebo/sham,True,,,,,False,False,True,False,False,0,False,UNDECIDED,False,True
NCT05840679,2023.0,2021-2026,PHASE1,drug,2,66.0,OTHER,UNKNOWN,RANDOMIZED,True,DOUBLE,2.0,True,True,PARALLEL,True,none/single-group,False,,,,,False,True,False,False,False,0,False,NO,False,True
NCT04241640,2020.0,2016-2020,PHASE4,drug,2,72.0,OTHER,COMPLETED,RANDOMIZED,True,QUADRUPLE,4.0,True,True,PARALLEL,False,placebo/sham,True,,,,,True,True,False,False,False,0,False,NO,False,False
NCT03033472,,,PHASE2;PHASE3,drug,2,72.0,OTHER,UNKNOWN,RANDOMIZED,True,QUADRUPLE,4.0,True,True,PARALLEL,False,placebo/sham,True,,,,,True,True,False,False,True,0,False,,False,
NCT06561438,2024.0,2021-2026,PHASE3,drug,2,86.0,OTHER,COMPLETED,RANDOMIZED,True,NONE,0.0,False,False,PARALLEL,False,no-intervention,True,,,,,True,True,False,False,False,0,False,NO,False,False
NCT06491485,2024.0,2021-2026,PHASE4,drug,3,90.0,OTHER,NOT_YET_RECRUITING,RANDOMIZED,True,QUADRUPLE,4.0,True,True,PARALLEL,False,active,True,,,,,True,True,True,False,False,0,False,,False,
NCT03296189,2018.0,2016-2020,NA,drug,3,150.0,OTHER,UNKNOWN,RANDOMIZED,True,TRIPLE,3.0,True,True,PARALLEL,True,placebo/sham,True,,,,,False,False,True,False,False,0,False,UNDECIDED,False,False
NCT02945696,2016.0,2016-2020,NA,both,3,0.0,OTHER,WITHDRAWN,RANDOMIZED,True,SINGLE,1.0,True,False,PARALLEL,False,no-intervention,True,,,,,False,False,True,False,False,0,False,NO,False,False
NCT03261193,2017.0,2016-2020,PHASE3,drug,2,21.0,OTHER,TERMINATED,RANDOMIZED,True,SINGLE,1.0,True,False,PARALLEL,False,placebo/sham,True,21.0,21.0,0.0,True,True,True,False,True,False,0,False,NO,False,False
NCT03927326,2019.0,2016-2020,NA,drug,2,150.0,OTHER,UNKNOWN,RANDOMIZED,True,SINGLE,1.0,True,False,PARALLEL,True,none/single-group,False,,,,,False,True,False,False,False,0,False,NO,False,False
NCT07316166,2026.0,2021-2026,PHASE4,drug,2,120.0,OTHER,RECRUITING,RANDOMIZED,True,TRIPLE,3.0,True,True,PARALLEL,True,active,True,,,,,True,False,False,False,False,0,False,NO,False,False
NCT03748108,2018.0,2016-2020,NA,drug,2,120.0,OTHER,COMPLETED,RANDOMIZED,True,QUADRUPLE,4.0,True,True,PARALLEL,True,placebo/sham,True,,,,,False,False,False,False,False,0,False,UNDECIDED,False,True
NCT02940509,2017.0,2016-2020,PHASE1,drug,2,20.0,OTHER,TERMINATED,RANDOMIZED,True,TRIPLE,3.0,True,True,PARALLEL,False,placebo/sham,True,,,,,False,True,False,False,False,0,False,NO,False,False
NCT06015165,2024.0,2021-2026,NA,both,2,216.0,OTHER,RECRUITING,RANDOMIZED,True,NONE,0.0,False,False,PARALLEL,True,active,True,,,,,False,True,False,False,False,0,False,NO,False,True
NCT04432428,2020.0,2016-2020,PHASE4,drug,1,90.0,OTHER,COMPLETED,NA,False,NONE,0.0,False,False,SINGLE_GROUP,False,none/single-group,False,,,,,True,True,False,False,False,0,False,NO,False,True
NCT02252614,2014.0,<=2015,PHASE4,drug,3,75.0,OTHER_GOV,UNKNOWN,RANDOMIZED,True,TRIPLE,3.0,True,True,PARALLEL,False,placebo/sham,True,,,,,True,True,True,False,False,0,False,,False,True
NCT01816477,2013.0,<=2015,NA,both,2,85.0,OTHER,COMPLETED,RANDOMIZED,True,NONE,0.0,False,False,SINGLE_GROUP,True,active,True,85.0,68.0,0.19999999999999996,True,False,True,False,True,True,0,False,UNDECIDED,False,False
NCT01307020,2011.0,<=2015,PHASE2,drug,10,745.0,INDUSTRY,COMPLETED,RANDOMIZED,True,TRIPLE,3.0,True,True,PARALLEL,True,placebo/sham,True,611.0,607.0,0.006546644844517169,True,False,True,True,True,False,1,True,,False,False
NCT03479320,2018.0,2016-2020,PHASE4,drug,2,40.0,OTHER,COMPLETED,RANDOMIZED,True,DOUBLE,2.0,True,True,PARALLEL,False,placebo/sham,True,,,,,True,True,False,False,False,1,True,NO,False,
NCT07098962,2025.0,2021-2026,PHASE2;PHASE3,drug,2,100.0,OTHER,COMPLETED,RANDOMIZED,True,NONE,0.0,False,False,PARALLEL,True,active,True,,,,,True,False,False,False,False,0,False,YES,True,
NCT01813890,2013.0,<=2015,PHASE3,drug,3,60.0,INDUSTRY,COMPLETED,RANDOMIZED,True,DOUBLE,2.0,True,True,PARALLEL,False,placebo/sham,True,60.0,41.0,0.31666666666666665,False,True,True,True,True,False,1,True,,False,False
NCT03839160,2019.0,2016-2020,NA,both,2,90.0,OTHER,COMPLETED,RANDOMIZED,True,DOUBLE,2.0,True,True,PARALLEL,True,placebo/sham,True,,,,,False,True,False,False,False,0,False,,False,False
NCT03605914,2018.0,2016-2020,PHASE4,drug,2,100.0,OTHER,COMPLETED,RANDOMIZED,True,NONE,0.0,False,False,PARALLEL,True,active,True,100.0,54.0,0.45999999999999996,False,True,True,False,True,False,0,False,NO,False,
NCT00626886,2008.0,<=2015,PHASE2,drug,2,53.0,INDUSTRY,COMPLETED,RANDOMIZED,True,TRIPLE,3.0,True,True,PARALLEL,True,placebo/sham,True,53.0,53.0,0.0,True,False,True,False,True,True,0,False,,False,False
NCT04488315,2022.0,2021-2026,PHASE4,drug,2,130.0,OTHER,UNKNOWN,RANDOMIZED,True,DOUBLE,2.0,True,True,PARALLEL,True,active,True,,,,,True,False,False,False,False,1,True,YES,True,True
NCT03051503,2017.0,2016-2020,PHASE4,both,2,60.0,OTHER,UNKNOWN,RANDOMIZED,True,TRIPLE,3.0,True,True,PARALLEL,False,placebo/sham,True,,,,,True,False,False,False,False,0,False,YES,True,True
NCT03632161,2017.0,2016-2020,NA,drug,2,60.0,OTHER,COMPLETED,RANDOMIZED,True,DOUBLE,2.0,True,True,PARALLEL,True,active,True,,,,,False,False,False,False,False,1,True,UNDECIDED,False,True
NCT00315835,1996.0,<=2015,PHASE2,drug,0,100.0,INDUSTRY,COMPLETED,RANDOMIZED,True,DOUBLE,2.0,True,True,PARALLEL,True,none/single-group,False,,,,,False,True,False,False,False,0,False,,False,
NCT04167176,2020.0,2016-2020,NA,both,2,44.0,OTHER,COMPLETED,RANDOMIZED,True,DOUBLE,2.0,True,True,PARALLEL,True,active,True,,,,,False,False,False,False,False,0,False,,False,True
NCT03214536,2017.0,2016-2020,NA,both,1,15.0,OTHER,COMPLETED,NA,False,NONE,0.0,False,False,SINGLE_GROUP,False,none/single-group,False,,,,,False,False,False,False,False,0,False,UNDECIDED,False,False
NCT00225732,2005.0,<=2015,PHASE3,drug,2,319.0,INDUSTRY,COMPLETED,RANDOMIZED,True,QUADRUPLE,4.0,True,True,PARALLEL,True,placebo/sham,True,319.0,319.0,0.0,True,True,True,False,True,False,1,True,,False,True
NCT03230227,2015.0,<=2015,NA,drug,2,40.0,OTHER,COMPLETED,RANDOMIZED,True,DOUBLE,2.0,True,True,PARALLEL,True,active,True,,,,,False,True,False,False,False,0,False,UNDECIDED,False,False
NCT01171885,2009.0,<=2015,PHASE4,drug,3,120.0,OTHER,UNKNOWN,RANDOMIZED,True,QUADRUPLE,4.0,True,True,PARALLEL,True,placebo/sham,True,,,,,True,True,True,False,False,0,False,,False,True
NCT07244757,2025.0,2021-2026,NA,drug,2,125.0,OTHER,COMPLETED,RANDOMIZED,True,QUADRUPLE,4.0,True,True,PARALLEL,True,active,True,,,,,False,False,False,False,False,0,False,YES,True,False
NCT00180687,2004.0,<=2015,PHASE3,drug,4,80.0,OTHER,COMPLETED,RANDOMIZED,True,QUADRUPLE,4.0,True,True,PARALLEL,False,placebo/sham,True,80.0,80.0,0.0,True,True,True,True,True,True,0,False,,False,True
NCT01082471,2005.0,<=2015,PHASE3,drug,2,517.0,INDUSTRY,COMPLETED,RANDOMIZED,True,QUADRUPLE,4.0,True,True,PARALLEL,True,active,True,,,,,True,True,False,False,False,0,False,,False,False
NCT03867695,2019.0,2016-2020,NA,drug,2,60.0,OTHER,TERMINATED,RANDOMIZED,True,DOUBLE,2.0,True,True,PARALLEL,True,placebo/sham,True,,,,,False,False,False,False,False,0,False,UNDECIDED,False,False
NCT06801587,2025.0,2021-2026,PHASE4,drug,2,118.0,OTHER,COMPLETED,RANDOMIZED,True,DOUBLE,2.0,True,True,PARALLEL,True,active,True,,,,,True,False,False,False,False,0,False,YES,True,True
NCT07605923,2026.0,2021-2026,PHASE4,drug,2,64.0,OTHER,NOT_YET_RECRUITING,RANDOMIZED,True,NONE,0.0,False,False,PARALLEL,False,active,True,,,,,True,True,False,False,False,0,False,NO,False,True
NCT04618146,2020.0,2016-2020,NA,drug,3,60.0,OTHER,UNKNOWN,RANDOMIZED,True,QUADRUPLE,4.0,True,True,PARALLEL,True,placebo/sham,True,,,,,False,False,True,False,False,0,False,,False,
NCT04135534,2019.0,2016-2020,NA,drug,3,150.0,OTHER,UNKNOWN,RANDOMIZED,True,DOUBLE,2.0,True,True,PARALLEL,True,active,True,,,,,False,True,True,False,False,0,False,,False,
NCT00289419,2005.0,<=2015,PHASE4,drug,2,80.0,OTHER,COMPLETED,RANDOMIZED,True,NONE,0.0,False,False,PARALLEL,False,active,True,,,,,True,True,False,False,False,0,False,,False,
NCT02222129,2012.0,<=2015,PHASE4,drug,2,206.0,INDIV,COMPLETED,RANDOMIZED,True,SINGLE,1.0,True,False,PARALLEL,True,active,True,206.0,206.0,0.0,True,True,True,False,True,False,0,False,,False,False
NCT03428230,2018.0,2016-2020,PHASE2,drug,4,60.0,INDUSTRY,COMPLETED,RANDOMIZED,True,TRIPLE,3.0,True,True,PARALLEL,True,placebo/sham,True,60.0,60.0,0.0,True,False,False,True,True,False,0,False,,False,False
NCT01505465,2012.0,<=2015,NA,drug,2,50.0,OTHER,COMPLETED,RANDOMIZED,True,DOUBLE,2.0,True,True,PARALLEL,True,placebo/sham,True,50.0,37.0,0.26,False,False,False,False,True,False,0,False,,False,False
NCT00624910,2007.0,<=2015,PHASE2,drug,3,54.0,INDUSTRY,COMPLETED,RANDOMIZED,True,TRIPLE,3.0,True,True,PARALLEL,True,placebo/sham,True,54.0,54.0,0.0,True,False,True,True,True,False,0,False,,False,False
NCT06821763,2025.0,2021-2026,PHASE2;PHASE3,drug,2,180.0,OTHER,NOT_YET_RECRUITING,RANDOMIZED,True,TRIPLE,3.0,True,True,PARALLEL,True,active,True,,,,,True,True,False,False,False,0,False,NO,False,False
NCT03127592,2020.0,2016-2020,PHASE3,drug,3,140.0,INDUSTRY,TERMINATED,RANDOMIZED,True,QUADRUPLE,4.0,True,True,PARALLEL,True,active,True,,,,,True,True,True,False,False,0,False,NO,False,True
NCT05158348,2021.0,2021-2026,PHASE3,drug,3,60.0,OTHER,UNKNOWN,RANDOMIZED,True,QUADRUPLE,4.0,True,True,PARALLEL,False,active,True,,,,,True,True,True,False,False,0,False,UNDECIDED,False,True
NCT02424578,2015.0,<=2015,PHASE2,drug,2,30.0,INDUSTRY,COMPLETED,NON_RANDOMIZED,False,NONE,0.0,False,False,PARALLEL,False,none/single-group,False,30.0,29.0,0.033333333333333326,True,False,True,False,True,False,0,False,,False,False
NCT07101250,2025.0,2021-2026,PHASE4,drug,2,100.0,OTHER,RECRUITING,RANDOMIZED,True,DOUBLE,2.0,True,True,PARALLEL,True,active,True,,,,,True,False,False,False,False,0,False,UNDECIDED,False,False
NCT06529432,2026.0,2021-2026,PHASE2,drug,2,96.0,INDUSTRY,RECRUITING,RANDOMIZED,True,TRIPLE,3.0,True,True,PARALLEL,True,active,True,,,,,False,True,False,False,False,0,False,UNDECIDED,False,
NCT05610384,2022.0,2021-2026,NA,drug,2,100.0,OTHER,COMPLETED,RANDOMIZED,True,QUADRUPLE,4.0,True,True,PARALLEL,True,active,True,,,,,False,False,False,False,False,1,True,NO,False,False
NCT05644496,2023.0,2021-2026,PHASE4,drug,2,29.0,OTHER,TERMINATED,RANDOMIZED,True,SINGLE,1.0,True,False,PARALLEL,False,no-intervention,True,,,,,True,True,False,False,False,0,False,NO,False,False
NCT07292324,2025.0,2021-2026,PHASE4,drug,2,62.0,OTHER,COMPLETED,RANDOMIZED,True,QUADRUPLE,4.0,True,True,PARALLEL,False,active,True,,,,,True,True,False,False,False,0,False,NO,False,False
NCT03545516,2018.0,2016-2020,PHASE2,drug,3,540.0,OTHER,UNKNOWN,RANDOMIZED,True,TRIPLE,3.0,True,True,PARALLEL,True,placebo/sham,True,,,,,False,True,True,False,False,0,False,NO,False,True
NCT07081373,2025.0,2021-2026,NA,drug,2,408.0,OTHER,RECRUITING,RANDOMIZED,True,NONE,0.0,False,False,PARALLEL,True,no-intervention,True,,,,,False,True,False,False,False,0,False,NO,False,True
NCT01527942,2012.0,<=2015,NA,drug,2,34.0,OTHER,TERMINATED,RANDOMIZED,True,TRIPLE,3.0,True,True,PARALLEL,True,placebo/sham,True,34.0,34.0,0.0,True,False,False,False,True,False,0,False,,False,True
NCT03350334,2017.0,2016-2020,NA,drug,2,100.0,OTHER,COMPLETED,RANDOMIZED,True,SINGLE,1.0,True,False,PARALLEL,True,placebo/sham,True,,,,,False,True,False,False,True,0,False,UNDECIDED,False,False
NCT06886035,2025.0,2021-2026,PHASE4,drug,2,126.0,OTHER,COMPLETED,RANDOMIZED,True,SINGLE,1.0,True,False,PARALLEL,True,placebo/sham,True,,,,,True,False,False,False,True,0,False,UNDECIDED,False,True
NCT01782781,2012.0,<=2015,PHASE3,drug,2,60.0,OTHER,COMPLETED,RANDOMIZED,True,QUADRUPLE,4.0,True,True,PARALLEL,False,placebo/sham,True,,,,,True,True,False,False,False,0,False,,False,False
NCT05479175,2022.0,2021-2026,NA,both,4,76.0,OTHER,UNKNOWN,RANDOMIZED,True,NONE,0.0,False,False,PARALLEL,True,active,True,,,,,False,False,True,False,False,0,False,NO,False,False
NCT03053401,2017.0,2016-2020,NA,both,2,52.0,OTHER,COMPLETED,RANDOMIZED,True,TRIPLE,3.0,True,True,PARALLEL,True,active,True,52.0,52.0,0.0,True,False,False,False,True,True,0,False,NO,False,True
NCT00232817,2003.0,<=2015,PHASE4,drug,2,23.0,OTHER,COMPLETED,RANDOMIZED,True,TRIPLE,3.0,True,True,PARALLEL,False,none/single-group,False,23.0,20.0,0.13043478260869568,True,True,True,False,True,False,0,False,,False,False
NCT07458295,2026.0,2021-2026,NA,drug,2,110.0,OTHER,RECRUITING,RANDOMIZED,True,QUADRUPLE,4.0,True,True,PARALLEL,True,active,True,,,,,False,False,False,False,False,0,False,YES,True,True
NCT04613024,2025.0,2021-2026,EARLY_PHASE1,drug,2,0.0,OTHER,WITHDRAWN,RANDOMIZED,True,QUADRUPLE,4.0,True,True,PARALLEL,False,active,True,,,,,False,True,False,False,False,0,False,,False,False
NCT07452705,2026.0,2021-2026,NA,drug,2,114.0,OTHER,NOT_YET_RECRUITING,RANDOMIZED,True,QUADRUPLE,4.0,True,True,PARALLEL,True,active,True,,,,,False,True,False,False,False,0,False,NO,False,False
NCT06784882,2025.0,2021-2026,PHASE4,both,2,40.0,OTHER,RECRUITING,RANDOMIZED,True,NONE,0.0,False,False,PARALLEL,False,active,True,,,,,True,True,False,False,False,0,False,UNDECIDED,False,False
NCT01582490,2012.0,<=2015,PHASE4,drug,2,19.0,INDUSTRY,COMPLETED,NON_RANDOMIZED,False,NONE,0.0,False,False,SINGLE_GROUP,False,active,True,19.0,17.0,0.10526315789473684,True,True,True,False,True,False,0,False,,False,False
NCT01155986,2010.0,<=2015,PHASE2,drug,2,74.0,INDUSTRY,TERMINATED,RANDOMIZED,True,QUADRUPLE,4.0,True,True,PARALLEL,True,placebo/sham,True,,,,,False,True,False,False,False,0,False,,False,False
NCT04860635,2027.0,2021-2026,PHASE2;PHASE3,drug,1,100.0,INDUSTRY,SUSPENDED,NA,False,NONE,0.0,False,False,SINGLE_GROUP,True,none/single-group,False,,,,,True,True,False,False,False,0,False,NO,False,True
NCT05037123,2022.0,2021-2026,PHASE3,drug,3,765.0,OTHER,ACTIVE_NOT_RECRUITING,RANDOMIZED,True,TRIPLE,3.0,True,True,PARALLEL,True,placebo/sham,True,,,,,True,False,True,False,False,1,True,YES,True,True
NCT06071988,2023.0,2021-2026,PHASE3,drug,2,558.0,INDUSTRY,UNKNOWN,RANDOMIZED,True,QUADRUPLE,4.0,True,True,PARALLEL,True,none/single-group,False,,,,,True,True,False,False,False,0,False,NO,False,False
NCT04539249,2020.0,2016-2020,NA,drug,2,324.0,OTHER_GOV,COMPLETED,RANDOMIZED,True,SINGLE,1.0,True,False,PARALLEL,True,active,True,100.0,100.0,0.0,True,False,False,False,True,False,0,False,YES,True,False
NCT03854851,2019.0,2016-2020,PHASE4,drug,2,40.0,OTHER,UNKNOWN,RANDOMIZED,True,NONE,0.0,False,False,PARALLEL,False,active,True,,,,,True,True,False,False,False,0,False,NO,False,False
NCT05480111,2022.0,2021-2026,PHASE4,drug,2,76.0,OTHER,COMPLETED,RANDOMIZED,True,TRIPLE,3.0,True,True,PARALLEL,False,active,True,76.0,63.0,0.17105263157894735,True,True,False,False,True,False,0,False,,False,False
NCT06410404,2024.0,2021-2026,NA,both,2,60.0,OTHER,UNKNOWN,RANDOMIZED,True,SINGLE,1.0,True,False,PARALLEL,True,active,True,,,,,False,False,False,False,False,0,False,UNDECIDED,False,True
NCT04402411,2020.0,2016-2020,NA,both,3,63.0,OTHER,UNKNOWN,RANDOMIZED,True,NONE,0.0,False,False,PARALLEL,True,active,True,,,,,False,False,True,False,False,0,False,NO,False,
NCT02352922,2015.0,<=2015,PHASE4,drug,2,64.0,OTHER,COMPLETED,RANDOMIZED,True,DOUBLE,2.0,True,True,PARALLEL,False,active,True,64.0,56.0,0.125,True,True,True,False,True,False,0,False,YES,True,False
NCT02555423,2015.0,<=2015,NA,drug,0,,OTHER,UNKNOWN,,False,,,False,False,,,none/single-group,False,,,,,False,False,False,False,False,0,False,,False,
NCT05842733,2023.0,2021-2026,PHASE2,drug,3,36.0,INDUSTRY,UNKNOWN,RANDOMIZED,True,DOUBLE,2.0,True,True,PARALLEL,False,active,True,,,,,False,True,True,False,False,0,False,,False,True
NCT06843343,2025.0,2021-2026,PHASE4,both,2,13.0,OTHER,COMPLETED,RANDOMIZED,True,DOUBLE,2.0,True,True,PARALLEL,False,active,True,,,,,True,False,False,False,False,0,False,NO,False,False
NCT00650598,2004.0,<=2015,PHASE4,drug,2,328.0,INDUSTRY,COMPLETED,RANDOMIZED,True,DOUBLE,2.0,True,True,PARALLEL,True,active,True,,,,,True,True,False,False,False,0,False,,False,False
NCT04202406,2021.0,2021-2026,NA,drug,3,69.0,OTHER,COMPLETED,RANDOMIZED,True,DOUBLE,2.0,True,True,PARALLEL,True,placebo/sham,True,,,,,False,False,True,False,False,0,False,,False,
NCT03519152,2016.0,2016-2020,PHASE1;PHASE2,drug,2,20.0,OTHER,COMPLETED,RANDOMIZED,True,SINGLE,1.0,True,False,CROSSOVER,False,placebo/sham,True,,,,,False,True,False,False,False,0,False,NO,False,False
NCT03514277,2016.0,2016-2020,PHASE4,drug,3,19.0,OTHER,TERMINATED,RANDOMIZED,True,DOUBLE,2.0,True,True,PARALLEL,False,active,True,19.0,19.0,0.0,True,True,False,True,True,False,0,False,NO,False,False
NCT03538496,2017.0,2016-2020,NA,drug,2,60.0,OTHER,COMPLETED,RANDOMIZED,True,SINGLE,1.0,True,False,PARALLEL,True,active,True,,,,,False,True,False,False,False,0,False,NO,False,False
NCT01902134,2013.0,<=2015,PHASE3,drug,6,641.0,INDUSTRY,COMPLETED,RANDOMIZED,True,TRIPLE,3.0,True,True,PARALLEL,True,active,True,641.0,589.0,0.08112324492979717,True,True,True,True,True,True,0,False,,False,False
NCT00779038,2008.0,<=2015,PHASE4,drug,1,13.0,INDUSTRY,TERMINATED,NA,False,NONE,0.0,False,False,SINGLE_GROUP,False,none/single-group,False,13.0,0.0,1.0,False,True,True,False,True,False,0,False,,False,False
NCT05919745,2023.0,2021-2026,PHASE4,drug,2,50.0,OTHER,RECRUITING,RANDOMIZED,True,TRIPLE,3.0,True,True,PARALLEL,False,placebo/sham,True,,,,,True,False,False,False,False,0,False,NO,False,False
NCT02577809,2015.0,<=2015,PHASE4,drug,3,100.0,OTHER,COMPLETED,RANDOMIZED,True,DOUBLE,2.0,True,True,PARALLEL,True,active,True,,,,,True,True,True,False,False,1,True,,False,False
NCT05816772,2022.0,2021-2026,EARLY_PHASE1,drug,2,80.0,OTHER,COMPLETED,RANDOMIZED,True,SINGLE,1.0,True,False,PARALLEL,True,active,True,,,,,False,False,False,False,False,0,False,NO,False,True
NCT05068063,2022.0,2021-2026,NA,drug,2,48.0,OTHER,UNKNOWN,RANDOMIZED,True,TRIPLE,3.0,True,True,PARALLEL,True,active,True,,,,,False,True,False,False,False,0,False,NO,False,False
NCT01761149,2012.0,<=2015,PHASE4,drug,2,60.0,OTHER,UNKNOWN,RANDOMIZED,True,DOUBLE,2.0,True,True,PARALLEL,False,active,True,,,,,True,True,False,False,False,1,True,,False,True
NCT07704398,2023.0,2021-2026,NA,drug,2,100.0,OTHER,COMPLETED,RANDOMIZED,True,SINGLE,1.0,True,False,PARALLEL,True,none/single-group,False,,,,,False,False,False,False,False,0,False,,False,True
NCT07081581,2022.0,2021-2026,PHASE2,drug,3,75.0,OTHER,COMPLETED,RANDOMIZED,True,DOUBLE,2.0,True,True,PARALLEL,True,none/single-group,False,,,,,False,True,True,False,False,0,False,NO,False,True
NCT02353676,2015.0,<=2015,NA,drug,2,100.0,OTHER,UNKNOWN,RANDOMIZED,True,DOUBLE,2.0,True,True,PARALLEL,True,placebo/sham,True,,,,,False,False,False,False,False,0,False,,False,False
NCT04073069,2019.0,2016-2020,PHASE4,drug,2,96.0,OTHER,COMPLETED,RANDOMIZED,True,DOUBLE,2.0,True,True,PARALLEL,False,active,True,,,,,True,False,False,False,False,0,False,YES,True,True
NCT06072001,2023.0,2021-2026,PHASE3,drug,2,558.0,INDUSTRY,UNKNOWN,RANDOMIZED,True,QUADRUPLE,4.0,True,True,PARALLEL,True,none/single-group,False,,,,,True,True,False,False,False,0,False,NO,False,False
NCT05648708,2022.0,2021-2026,NA,both,2,68.0,OTHER_GOV,COMPLETED,RANDOMIZED,True,QUADRUPLE,4.0,True,True,PARALLEL,True,active,True,,,,,False,False,False,False,False,0,False,YES,True,True
NCT03792009,2019.0,2016-2020,NA,both,2,86.0,OTHER,UNKNOWN,RANDOMIZED,True,QUADRUPLE,4.0,True,True,PARALLEL,True,placebo/sham,True,,,,,False,True,False,False,False,0,False,NO,False,False
NCT03879564,2019.0,2016-2020,PHASE4,drug,2,118.0,OTHER,COMPLETED,RANDOMIZED,True,TRIPLE,3.0,True,True,PARALLEL,True,placebo/sham,True,,,,,True,True,False,False,False,1,True,NO,False,False
NCT04254679,2020.0,2016-2020,PHASE2;PHASE3,drug,2,81.0,OTHER,COMPLETED,RANDOMIZED,True,SINGLE,1.0,True,False,PARALLEL,False,active,True,81.0,76.0,0.06172839506172845,True,True,True,False,True,False,1,True,,False,False
NCT03537612,2018.0,2016-2020,PHASE3,drug,4,15.0,OTHER,TERMINATED,RANDOMIZED,True,QUADRUPLE,4.0,True,True,PARALLEL,False,active,True,,,,,True,True,True,False,False,0,False,,False,True
NCT04062591,2019.0,2016-2020,EARLY_PHASE1,drug,2,72.0,OTHER,COMPLETED,RANDOMIZED,True,DOUBLE,2.0,True,True,PARALLEL,True,placebo/sham,True,,,,,False,True,False,False,False,0,False,YES,True,
NCT01620047,2011.0,<=2015,NA,drug,3,60.0,OTHER,COMPLETED,RANDOMIZED,True,QUADRUPLE,4.0,True,True,PARALLEL,True,placebo/sham,True,60.0,60.0,0.0,True,False,True,True,True,False,0,False,,False,False
NCT00765128,2008.0,<=2015,PHASE4,drug,2,17.0,OTHER,COMPLETED,RANDOMIZED,True,QUADRUPLE,4.0,True,True,PARALLEL,False,placebo/sham,True,17.0,17.0,0.0,True,True,True,False,True,False,2,True,,False,False
NCT04290442,2021.0,2021-2026,PHASE4,both,2,0.0,OTHER,WITHDRAWN,RANDOMIZED,True,SINGLE,1.0,True,False,PARALLEL,False,active,True,,,,,True,True,False,False,False,0,False,NO,False,False
NCT01597479,2012.0,<=2015,PHASE4,drug,2,52.0,OTHER,COMPLETED,RANDOMIZED,True,NONE,0.0,False,False,PARALLEL,False,no-intervention,True,52.0,50.0,0.038461538461538436,True,True,True,False,True,False,0,False,UNDECIDED,False,True
NCT03507634,2018.0,2016-2020,NA,drug,2,80.0,OTHER,COMPLETED,RANDOMIZED,True,TRIPLE,3.0,True,True,PARALLEL,True,active,True,,,,,False,True,False,False,False,1,True,NO,False,False
NCT00746720,2006.0,<=2015,PHASE2,drug,4,23.0,OTHER,TERMINATED,RANDOMIZED,True,QUADRUPLE,4.0,True,True,PARALLEL,False,placebo/sham,True,,,,,False,True,True,False,True,0,False,,False,True
NCT03975283,2019.0,2016-2020,PHASE4,drug,2,80.0,OTHER,UNKNOWN,RANDOMIZED,True,TRIPLE,3.0,True,True,PARALLEL,False,active,True,,,,,True,True,False,False,False,0,False,NO,False,False
NCT01586806,2012.0,<=2015,PHASE4,drug,3,195.0,OTHER,COMPLETED,RANDOMIZED,True,DOUBLE,2.0,True,True,PARALLEL,True,placebo/sham,True,195.0,186.0,0.0461538461538461,True,True,True,True,True,False,0,False,,False,True
NCT07012889,2025.0,2021-2026,NA,drug,2,94.0,OTHER,NOT_YET_RECRUITING,RANDOMIZED,True,DOUBLE,2.0,True,True,PARALLEL,True,placebo/sham,True,,,,,False,False,False,False,False,0,False,,False,
NCT07565662,2025.0,2021-2026,NA,drug,2,30.0,OTHER,COMPLETED,RANDOMIZED,True,SINGLE,1.0,True,False,PARALLEL,True,active,True,,,,,False,True,False,False,False,0,False,NO,False,False
NCT01785693,2013.0,<=2015,PHASE4,drug,2,47.0,OTHER,COMPLETED,RANDOMIZED,True,DOUBLE,2.0,True,True,PARALLEL,False,none/single-group,False,,,,,True,True,False,False,False,1,True,,False,
NCT00533403,2004.0,<=2015,PHASE2,drug,0,114.0,INDUSTRY,COMPLETED,RANDOMIZED,True,DOUBLE,2.0,True,True,PARALLEL,True,none/single-group,False,,,,,False,True,False,False,False,0,False,,False,
NCT00344045,2006.0,<=2015,PHASE4,drug,2,86.0,INDUSTRY,COMPLETED,RANDOMIZED,True,DOUBLE,2.0,True,True,PARALLEL,False,placebo/sham,True,,,,,True,True,False,False,False,0,False,,False,False
NCT03719157,2019.0,2016-2020,NA,both,4,100.0,OTHER_GOV,COMPLETED,RANDOMIZED,True,NONE,0.0,False,False,PARALLEL,True,placebo/sham,True,,,,,False,True,True,False,False,1,True,NO,False,False
NCT05281081,2021.0,2021-2026,PHASE4,drug,2,60.0,OTHER,COMPLETED,RANDOMIZED,True,QUADRUPLE,4.0,True,True,PARALLEL,False,active,True,,,,,True,False,False,False,False,0,False,,False,
NCT06298370,2024.0,2021-2026,NA,drug,3,3.0,OTHER,UNKNOWN,RANDOMIZED,True,SINGLE,1.0,True,False,PARALLEL,False,active,True,,,,,False,True,True,False,False,0,False,,False,True
NCT03825471,2019.0,2016-2020,NA,both,2,80.0,OTHER,UNKNOWN,RANDOMIZED,True,SINGLE,1.0,True,False,PARALLEL,True,placebo/sham,True,,,,,False,True,False,False,True,0,False,NO,False,False
NCT02523235,2015.0,<=2015,PHASE4,drug,2,117.0,OTHER,COMPLETED,RANDOMIZED,True,SINGLE,1.0,True,False,PARALLEL,True,active,True,114.0,114.0,0.0,True,True,True,False,True,False,1,True,,False,False
NCT05115955,2021.0,2021-2026,PHASE4,drug,2,76.0,OTHER,COMPLETED,RANDOMIZED,True,DOUBLE,2.0,True,True,PARALLEL,False,placebo/sham,True,,,,,True,True,False,False,False,0,False,NO,False,False
NCT03388814,2018.0,2016-2020,EARLY_PHASE1,drug,2,0.0,OTHER,WITHDRAWN,RANDOMIZED,True,DOUBLE,2.0,True,True,PARALLEL,False,active,True,,,,,False,False,False,False,False,0,False,,False,False
NCT04122196,2020.0,2016-2020,PHASE2;PHASE3,drug,2,118.0,OTHER,COMPLETED,RANDOMIZED,True,QUADRUPLE,4.0,True,True,PARALLEL,True,placebo/sham,True,118.0,118.0,0.0,True,True,True,False,True,False,0,False,,False,True
NCT02291094,2013.0,<=2015,PHASE4,drug,2,60.0,OTHER,COMPLETED,RANDOMIZED,True,QUADRUPLE,4.0,True,True,PARALLEL,False,active,True,,,,,True,False,False,False,False,0,False,,False,False
NCT06243263,2024.0,2021-2026,PHASE4,drug,2,30.0,OTHER,UNKNOWN,RANDOMIZED,True,DOUBLE,2.0,True,True,PARALLEL,False,no-intervention,True,,,,,True,False,False,False,False,0,False,,False,
NCT04351737,2020.0,2016-2020,PHASE4,drug,1,20.0,OTHER,COMPLETED,NA,False,NONE,0.0,False,False,SINGLE_GROUP,False,none/single-group,False,,,,,True,True,False,False,False,0,False,NO,False,False
NCT03437707,2018.0,2016-2020,NA,drug,3,3.0,OTHER,COMPLETED,RANDOMIZED,True,SINGLE,1.0,True,False,PARALLEL,False,placebo/sham,True,,,,,False,True,True,False,True,0,False,NO,False,True
NCT01866917,2013.0,<=2015,PHASE1;PHASE2,drug,2,35.0,OTHER,TERMINATED,RANDOMIZED,True,QUADRUPLE,4.0,True,True,PARALLEL,False,placebo/sham,True,35.0,25.0,0.2857142857142857,False,False,True,False,True,False,0,False,,False,True
NCT03468348,2018.0,2016-2020,NA,drug,4,88.0,OTHER,COMPLETED,RANDOMIZED,True,DOUBLE,2.0,True,True,PARALLEL,True,placebo/sham,True,,,,,False,True,True,False,False,1,True,,False,
NCT01344395,2010.0,<=2015,PHASE4,drug,2,80.0,OTHER,COMPLETED,RANDOMIZED,True,QUADRUPLE,4.0,True,True,PARALLEL,False,active,True,,,,,True,True,False,False,False,0,False,,False,True
NCT03318757,2020.0,2016-2020,PHASE4,drug,2,0.0,OTHER,WITHDRAWN,RANDOMIZED,True,SINGLE,1.0,True,False,PARALLEL,False,active,True,,,,,True,True,False,False,False,0,False,NO,False,False
NCT02164825,2014.0,<=2015,NA,drug,2,60.0,OTHER,COMPLETED,RANDOMIZED,True,NONE,0.0,False,False,PARALLEL,True,active,True,,,,,False,False,False,False,False,0,False,,False,True
NCT03638635,2018.0,2016-2020,PHASE4,drug,2,63.0,OTHER,TERMINATED,RANDOMIZED,True,DOUBLE,2.0,True,True,PARALLEL,False,active,True,63.0,61.0,0.031746031746031744,True,True,False,False,True,False,0,False,NO,False,False
NCT06260046,2024.0,2021-2026,NA,drug,2,48.0,OTHER,NOT_YET_RECRUITING,RANDOMIZED,True,DOUBLE,2.0,True,True,PARALLEL,True,active,True,,,,,False,False,False,False,False,0,False,NO,False,False
NCT03731468,2018.0,2016-2020,NA,drug,2,60.0,OTHER,COMPLETED,RANDOMIZED,True,TRIPLE,3.0,True,True,PARALLEL,True,placebo/sham,True,,,,,False,False,False,False,False,0,False,,False,True
NCT02976597,2016.0,2016-2020,PHASE2;PHASE3,drug,3,90.0,OTHER,COMPLETED,RANDOMIZED,True,QUADRUPLE,4.0,True,True,PARALLEL,False,active,True,,,,,True,True,True,False,False,0,False,NO,False,True
NCT03723447,2018.0,2016-2020,PHASE4,drug,2,102.0,OTHER,COMPLETED,RANDOMIZED,True,NONE,0.0,False,False,PARALLEL,True,active,True,101.0,101.0,0.0,True,True,True,False,True,False,1,True,NO,False,False
NCT02913573,2016.0,2016-2020,PHASE2,both,2,60.0,OTHER,UNKNOWN,RANDOMIZED,True,NONE,0.0,False,False,PARALLEL,True,no-intervention,True,,,,,False,True,False,False,True,0,False,NO,False,True
NCT01814878,2009.0,<=2015,PHASE3,drug,2,320.0,INDUSTRY,COMPLETED,RANDOMIZED,True,DOUBLE,2.0,True,True,PARALLEL,True,active,True,320.0,244.0,0.23750000000000004,False,True,True,False,True,False,1,True,,False,False
NCT02393339,2017.0,2016-2020,EARLY_PHASE1,drug,2,114.0,OTHER,COMPLETED,RANDOMIZED,True,TRIPLE,3.0,True,True,PARALLEL,True,placebo/sham,True,114.0,102.0,0.10526315789473684,True,False,True,False,True,False,0,False,,False,False
NCT05361824,2021.0,2021-2026,PHASE4,drug,2,60.0,OTHER,COMPLETED,RANDOMIZED,True,SINGLE,1.0,True,False,PARALLEL,False,active,True,,,,,True,False,False,False,False,0,False,NO,False,False
NCT07090928,2026.0,2021-2026,PHASE4,drug,2,60.0,OTHER,RECRUITING,RANDOMIZED,True,NONE,0.0,False,False,PARALLEL,False,placebo/sham,True,,,,,True,False,False,False,False,0,False,,False,True
NCT03242668,2016.0,2016-2020,NA,both,1,30.0,OTHER,COMPLETED,NA,False,NONE,0.0,False,False,SINGLE_GROUP,True,none/single-group,False,,,,,False,True,False,False,False,0,False,UNDECIDED,False,True
NCT07434427,2026.0,2021-2026,PHASE4,drug,2,200.0,OTHER,NOT_YET_RECRUITING,RANDOMIZED,True,DOUBLE,2.0,True,True,PARALLEL,True,active,True,,,,,True,True,False,False,False,0,False,NO,False,False
NCT07641647,2026.0,2021-2026,PHASE4,drug,2,88.0,OTHER,NOT_YET_RECRUITING,RANDOMIZED,True,DOUBLE,2.0,True,True,PARALLEL,False,active,True,,,,,True,False,False,False,False,0,False,NO,False,
NCT00923598,2009.0,<=2015,PHASE4,drug,2,48.0,OTHER,COMPLETED,RANDOMIZED,True,QUADRUPLE,4.0,True,True,PARALLEL,False,active,True,45.0,36.0,0.19999999999999996,True,True,True,False,True,False,0,False,,False,False
NCT02155738,2014.0,<=2015,PHASE4,drug,2,204.0,OTHER,COMPLETED,RANDOMIZED,True,TRIPLE,3.0,True,True,PARALLEL,True,placebo/sham,True,204.0,202.0,0.009803921568627416,True,True,True,False,True,False,1,True,,False,False
NCT07689617,2022.0,2021-2026,NA,both,2,52.0,OTHER,COMPLETED,RANDOMIZED,True,TRIPLE,3.0,True,True,PARALLEL,True,placebo/sham,True,,,,,False,True,False,False,False,0,False,NO,False,False
NCT03001453,2014.0,<=2015,PHASE2,drug,2,107.0,OTHER,COMPLETED,RANDOMIZED,True,TRIPLE,3.0,True,True,PARALLEL,True,active,True,107.0,107.0,0.0,True,False,True,False,True,False,1,True,NO,False,False
NCT04613869,2020.0,2016-2020,NA,drug,3,282.0,OTHER,UNKNOWN,RANDOMIZED,True,QUADRUPLE,4.0,True,True,PARALLEL,True,placebo/sham,True,,,,,False,True,True,False,False,0,False,NO,False,True
NCT06215820,2023.0,2021-2026,PHASE3,both,3,410.0,INDUSTRY,COMPLETED,RANDOMIZED,True,QUADRUPLE,4.0,True,True,PARALLEL,True,placebo/sham,True,,,,,True,True,True,False,False,0,False,,False,False
NCT02689258,2016.0,2016-2020,PHASE2,drug,12,277.0,INDUSTRY,COMPLETED,RANDOMIZED,True,DOUBLE,2.0,True,True,PARALLEL,True,placebo/sham,True,276.0,268.0,0.02898550724637683,True,False,False,True,True,False,0,False,,False,
NCT00417443,2007.0,<=2015,PHASE3,drug,0,0.0,OTHER,WITHDRAWN,RANDOMIZED,True,DOUBLE,2.0,True,True,PARALLEL,False,none/single-group,False,,,,,True,True,False,False,False,0,False,,False,
NCT07556952,2026.0,2021-2026,PHASE4,drug,2,170.0,OTHER,RECRUITING,RANDOMIZED,True,QUADRUPLE,4.0,True,True,PARALLEL,True,placebo/sham,True,,,,,True,False,False,False,False,0,False,UNDECIDED,False,False
NCT05317572,2017.0,2016-2020,NA,drug,3,150.0,OTHER,COMPLETED,RANDOMIZED,True,DOUBLE,2.0,True,True,PARALLEL,True,active,True,,,,,False,False,True,False,True,0,False,,False,False
NCT04259333,2020.0,2016-2020,PHASE4,drug,2,60.0,OTHER,UNKNOWN,RANDOMIZED,True,DOUBLE,2.0,True,True,PARALLEL,False,active,True,,,,,True,True,False,False,False,0,False,YES,True,False
NCT05062356,2021.0,2021-2026,PHASE1,drug,4,240.0,OTHER,COMPLETED,RANDOMIZED,True,QUADRUPLE,4.0,True,True,PARALLEL,True,placebo/sham,True,,,,,False,True,True,False,False,0,False,,False,
NCT04833296,2021.0,2021-2026,PHASE4,drug,0,45.0,OTHER,UNKNOWN,NA,False,NONE,0.0,False,False,SINGLE_GROUP,False,none/single-group,False,,,,,True,True,False,False,False,0,False,NO,False,
NCT00735124,2008.0,<=2015,PHASE2;PHASE3,drug,2,5.0,OTHER,TERMINATED,RANDOMIZED,True,QUADRUPLE,4.0,True,True,PARALLEL,False,placebo/sham,True,,,,,True,True,False,False,False,0,False,NO,False,True
NCT03314792,2017.0,2016-2020,PHASE4,drug,2,86.0,OTHER,COMPLETED,RANDOMIZED,True,DOUBLE,2.0,True,True,PARALLEL,False,active,True,,,,,True,True,False,False,False,1,True,YES,True,False
NCT07101016,2025.0,2021-2026,NA,drug,2,44.0,OTHER,NOT_YET_RECRUITING,RANDOMIZED,True,DOUBLE,2.0,True,True,PARALLEL,True,no-intervention,True,,,,,False,True,False,False,False,0,False,NO,False,False
NCT07195669,2025.0,2021-2026,PHASE4,drug,2,76.0,OTHER,NOT_YET_RECRUITING,RANDOMIZED,True,DOUBLE,2.0,True,True,PARALLEL,False,active,True,,,,,True,True,False,False,False,0,False,UNDECIDED,False,False
NCT07023991,2025.0,2021-2026,PHASE1,drug,2,30.0,OTHER,ENROLLING_BY_INVITATION,RANDOMIZED,True,SINGLE,1.0,True,False,PARALLEL,True,active,True,,,,,False,False,False,False,False,0,False,YES,True,True
NCT03404908,2018.0,2016-2020,PHASE4,both,2,105.0,OTHER,COMPLETED,RANDOMIZED,True,SINGLE,1.0,True,False,PARALLEL,True,none/single-group,False,,,,,True,True,False,False,False,0,False,NO,False,False
NCT02574520,2015.0,<=2015,PHASE3,drug,2,399.0,INDUSTRY,COMPLETED,RANDOMIZED,True,QUADRUPLE,4.0,True,True,PARALLEL,True,placebo/sham,True,399.0,384.0,0.03759398496240607,True,True,True,False,True,False,0,False,,False,False
NCT00623285,2008.0,<=2015,PHASE3,drug,2,40.0,OTHER,UNKNOWN,RANDOMIZED,True,QUADRUPLE,4.0,True,True,PARALLEL,False,placebo/sham,True,,,,,True,True,False,False,False,0,False,,False,True
NCT02783586,2016.0,2016-2020,PHASE4,both,2,104.0,OTHER,COMPLETED,RANDOMIZED,True,TRIPLE,3.0,True,True,PARALLEL,True,active,True,,,,,True,True,False,False,False,1,True,NO,False,False
NCT06774625,2024.0,2021-2026,PHASE2,drug,5,250.0,INDUSTRY,COMPLETED,RANDOMIZED,True,QUADRUPLE,4.0,True,True,PARALLEL,True,placebo/sham,True,,,,,False,True,True,False,False,0,False,NO,False,True
NCT01364194,2010.0,<=2015,PHASE4,drug,2,60.0,OTHER,COMPLETED,RANDOMIZED,True,QUADRUPLE,4.0,True,True,PARALLEL,False,placebo/sham,True,,,,,True,True,False,False,False,0,False,,False,True
NCT06812832,2025.0,2021-2026,PHASE4,drug,2,260.0,FED,RECRUITING,RANDOMIZED,True,TRIPLE,3.0,True,True,PARALLEL,True,placebo/sham,True,,,,,True,True,False,False,False,0,False,NO,False,False
NCT07525934,2026.0,2021-2026,NA,drug,2,70.0,OTHER,NOT_YET_RECRUITING,RANDOMIZED,True,TRIPLE,3.0,True,True,PARALLEL,True,placebo/sham,True,,,,,False,False,False,False,False,0,False,NO,False,
NCT00738192,2008.0,<=2015,PHASE4,drug,3,150.0,OTHER,COMPLETED,RANDOMIZED,True,QUADRUPLE,4.0,True,True,PARALLEL,True,active,True,,,,,True,True,True,False,False,0,False,,False,True
NCT02571153,2015.0,<=2015,PHASE4,drug,3,135.0,OTHER,COMPLETED,RANDOMIZED,True,QUADRUPLE,4.0,True,True,PARALLEL,True,placebo/sham,True,135.0,119.0,0.11851851851851847,True,True,False,True,True,False,0,False,,False,False
NCT03534895,2019.0,2016-2020,PHASE4,both,3,168.0,OTHER,UNKNOWN,RANDOMIZED,True,DOUBLE,2.0,True,True,PARALLEL,True,placebo/sham,True,,,,,True,True,True,False,False,0,False,YES,True,False
NCT01838707,2007.0,<=2015,PHASE2,drug,3,60.0,OTHER,COMPLETED,RANDOMIZED,True,DOUBLE,2.0,True,True,PARALLEL,True,active,True,,,,,False,True,True,False,False,0,False,,False,
NCT07400146,2026.0,2021-2026,PHASE4,drug,2,100.0,OTHER,NOT_YET_RECRUITING,RANDOMIZED,True,SINGLE,1.0,True,False,PARALLEL,True,no-intervention,True,,,,,True,False,False,False,False,0,False,NO,False,True
NCT01997593,2013.0,<=2015,PHASE2,drug,1,70.0,OTHER,COMPLETED,NA,False,DOUBLE,2.0,True,True,SINGLE_GROUP,True,none/single-group,False,,,,,False,True,False,False,False,0,False,,False,False
NCT03982784,2019.0,2016-2020,NA,both,2,60.0,OTHER,COMPLETED,RANDOMIZED,True,DOUBLE,2.0,True,True,PARALLEL,True,active,True,,,,,False,False,False,False,False,0,False,UNDECIDED,False,
NCT00092378,2003.0,<=2015,PHASE3,drug,0,251.0,INDUSTRY,COMPLETED,RANDOMIZED,True,DOUBLE,2.0,True,True,PARALLEL,True,none/single-group,False,,,,,True,True,False,False,False,0,False,,False,
NCT03805607,2021.0,2021-2026,PHASE4,drug,2,40.0,OTHER,COMPLETED,RANDOMIZED,True,QUADRUPLE,4.0,True,True,PARALLEL,False,placebo/sham,True,40.0,31.0,0.22499999999999998,False,True,True,False,True,False,0,False,NO,False,False
NCT05936190,2023.0,2021-2026,NA,drug,2,80.0,OTHER,UNKNOWN,RANDOMIZED,True,TRIPLE,3.0,True,True,PARALLEL,True,active,True,,,,,False,False,False,False,True,0,False,,False,
NCT07551739,2026.0,2021-2026,PHASE2,drug,5,200.0,INDUSTRY,NOT_YET_RECRUITING,RANDOMIZED,True,QUADRUPLE,4.0,True,True,PARALLEL,True,placebo/sham,True,,,,,False,True,True,False,False,0,False,NO,False,
NCT03067168,2017.0,2016-2020,NA,drug,2,128.0,OTHER,UNKNOWN,RANDOMIZED,True,QUADRUPLE,4.0,True,True,PARALLEL,True,placebo/sham,True,,,,,False,True,False,False,False,1,True,NO,False,True
NCT03865550,2016.0,2016-2020,NA,drug,2,75.0,OTHER,UNKNOWN,RANDOMIZED,True,QUADRUPLE,4.0,True,True,PARALLEL,True,placebo/sham,True,,,,,False,True,False,False,False,0,False,,False,
NCT03677830,2019.0,2016-2020,PHASE4,drug,2,11.0,OTHER,TERMINATED,RANDOMIZED,True,QUADRUPLE,4.0,True,True,PARALLEL,False,placebo/sham,True,,,,,True,True,False,False,False,0,False,NO,False,True
NCT02961062,2016.0,2016-2020,PHASE2,drug,2,40.0,INDUSTRY,COMPLETED,NA,False,QUADRUPLE,4.0,True,True,CROSSOVER,False,placebo/sham,True,40.0,40.0,0.0,True,False,True,False,True,False,1,True,,False,False
NCT05324995,2021.0,2021-2026,PHASE2,drug,3,146.0,OTHER,COMPLETED,RANDOMIZED,True,DOUBLE,2.0,True,True,SEQUENTIAL,True,none/single-group,False,,,,,False,True,True,False,False,0,False,YES,True,False
NCT07059429,2025.0,2021-2026,NA,drug,2,100.0,OTHER,COMPLETED,RANDOMIZED,True,NONE,0.0,False,False,PARALLEL,True,active,True,100.0,95.0,0.050000000000000044,True,False,True,False,True,False,0,False,YES,True,False
NCT01608308,2012.0,<=2015,NA,drug,2,62.0,OTHER,COMPLETED,RANDOMIZED,True,QUADRUPLE,4.0,True,True,PARALLEL,True,placebo/sham,True,62.0,60.0,0.032258064516129004,True,False,False,False,True,False,1,True,,False,False
NCT00938548,2009.0,<=2015,PHASE4,drug,2,70.0,OTHER,COMPLETED,RANDOMIZED,True,TRIPLE,3.0,True,True,PARALLEL,False,placebo/sham,True,70.0,70.0,0.0,True,True,True,False,True,False,1,True,,False,True
NCT06721832,2025.0,2021-2026,PHASE3,both,2,50.0,OTHER,COMPLETED,RANDOMIZED,True,TRIPLE,3.0,True,True,PARALLEL,False,placebo/sham,True,,,,,True,True,False,False,False,0,False,NO,False,False
NCT00725218,2008.0,<=2015,PHASE4,drug,2,97.0,OTHER,COMPLETED,RANDOMIZED,True,QUADRUPLE,4.0,True,True,PARALLEL,False,placebo/sham,True,,,,,True,True,False,False,False,0,False,,False,True
NCT06564610,2024.0,2021-2026,NA,both,2,96.0,OTHER,COMPLETED,RANDOMIZED,True,DOUBLE,2.0,True,True,PARALLEL,True,active,True,,,,,False,False,False,False,False,0,False,NO,False,True
NCT00286065,2006.0,<=2015,PHASE2,drug,0,123.0,INDUSTRY,COMPLETED,RANDOMIZED,True,DOUBLE,2.0,True,True,FACTORIAL,True,none/single-group,False,,,,,False,True,False,False,False,0,False,,False,
NCT04110886,2020.0,2016-2020,PHASE1,drug,2,120.0,INDUSTRY,COMPLETED,RANDOMIZED,True,DOUBLE,2.0,True,True,PARALLEL,True,placebo/sham,True,,,,,False,True,False,False,False,0,False,NO,False,
NCT06857734,2025.0,2021-2026,NA,drug,3,90.0,OTHER,NOT_YET_RECRUITING,RANDOMIZED,True,DOUBLE,2.0,True,True,PARALLEL,True,placebo/sham,True,,,,,False,True,True,False,False,0,False,YES,True,False
NCT04622618,2020.0,2016-2020,EARLY_PHASE1,drug,3,150.0,OTHER,COMPLETED,RANDOMIZED,True,TRIPLE,3.0,True,True,PARALLEL,True,active,True,,,,,False,False,True,False,False,0,False,YES,True,True
NCT05287035,2023.0,2021-2026,EARLY_PHASE1,drug,2,70.0,OTHER,UNKNOWN,RANDOMIZED,True,TRIPLE,3.0,True,True,PARALLEL,True,placebo/sham,True,,,,,False,True,False,False,True,0,False,NO,False,False
NCT01463865,2011.0,<=2015,NA,drug,2,60.0,OTHER,COMPLETED,RANDOMIZED,True,QUADRUPLE,4.0,True,True,PARALLEL,True,placebo/sham,True,,,,,False,True,False,False,False,1,True,,False,False
NCT00199303,2002.0,<=2015,NA,drug,0,100.0,OTHER,COMPLETED,RANDOMIZED,True,DOUBLE,2.0,True,True,PARALLEL,True,none/single-group,False,,,,,False,True,False,False,False,0,False,,False,
NCT00241332,2005.0,<=2015,PHASE3,drug,0,100.0,OTHER,COMPLETED,RANDOMIZED,True,DOUBLE,2.0,True,True,SINGLE_GROUP,True,none/single-group,False,,,,,True,True,False,False,False,0,False,,False,
NCT06975761,2025.0,2021-2026,PHASE2,drug,2,62.0,OTHER,RECRUITING,RANDOMIZED,True,DOUBLE,2.0,True,True,PARALLEL,True,active,True,,,,,False,True,False,False,False,0,False,UNDECIDED,False,True
NCT00912873,2008.0,<=2015,PHASE4,drug,2,50.0,OTHER,COMPLETED,RANDOMIZED,True,DOUBLE,2.0,True,True,PARALLEL,False,active,True,50.0,50.0,0.0,True,True,True,False,True,True,0,False,NO,False,False
NCT05351229,2023.0,2021-2026,PHASE4,drug,2,90.0,OTHER,RECRUITING,RANDOMIZED,True,QUADRUPLE,4.0,True,True,PARALLEL,False,placebo/sham,True,,,,,True,False,False,False,False,0,False,NO,False,False
NCT02713490,2016.0,2016-2020,PHASE4,drug,2,140.0,INDUSTRY,COMPLETED,RANDOMIZED,True,TRIPLE,3.0,True,True,PARALLEL,True,active,True,140.0,135.0,0.0357142857142857,True,True,True,False,True,False,2,True,UNDECIDED,False,False
NCT00136682,2004.0,<=2015,PHASE3,drug,2,240.0,OTHER,COMPLETED,RANDOMIZED,True,NONE,0.0,False,False,PARALLEL,True,active,True,,,,,True,True,False,False,False,0,False,,False,
NCT06315634,2021.0,2021-2026,PHASE4,drug,3,75.0,OTHER,COMPLETED,RANDOMIZED,True,TRIPLE,3.0,True,True,PARALLEL,False,active,True,,,,,True,True,True,False,False,0,False,,False,
NCT05232084,2022.0,2021-2026,NA,drug,2,40.0,OTHER,COMPLETED,RANDOMIZED,True,DOUBLE,2.0,True,True,PARALLEL,True,active,True,,,,,False,True,False,False,False,0,False,NO,False,False
NCT03023501,2014.0,<=2015,PHASE2,drug,2,50.0,OTHER,COMPLETED,RANDOMIZED,True,DOUBLE,2.0,True,True,PARALLEL,True,placebo/sham,True,,,,,False,True,False,False,False,0,False,YES,True,True
NCT00996177,2004.0,<=2015,PHASE4,drug,2,657.0,INDUSTRY,COMPLETED,RANDOMIZED,True,NONE,0.0,False,False,PARALLEL,True,active,True,,,,,True,True,False,False,True,0,False,,False,False
NCT04859062,2021.0,2021-2026,NA,drug,2,40.0,OTHER,COMPLETED,RANDOMIZED,True,TRIPLE,3.0,True,True,PARALLEL,True,placebo/sham,True,,,,,False,False,False,False,False,0,False,,False,False
NCT02662660,2012.0,<=2015,PHASE3,drug,3,147.0,OTHER,COMPLETED,RANDOMIZED,True,SINGLE,1.0,True,False,PARALLEL,True,active,True,,,,,True,True,True,False,False,1,True,NO,False,True
NCT00573664,2007.0,<=2015,NA,drug,2,46.0,OTHER,TERMINATED,RANDOMIZED,True,QUADRUPLE,4.0,True,True,PARALLEL,True,placebo/sham,True,,,,,False,True,False,False,False,0,False,,False,False
NCT02479165,2009.0,<=2015,PHASE4,drug,2,182.0,OTHER,COMPLETED,RANDOMIZED,True,NONE,0.0,False,False,PARALLEL,True,active,True,,,,,True,True,False,False,False,0,False,,False,False
NCT00806806,2008.0,<=2015,PHASE1,drug,2,128.0,INDUSTRY,COMPLETED,RANDOMIZED,True,SINGLE,1.0,True,False,CROSSOVER,True,placebo/sham,True,,,,,False,False,False,False,False,1,True,,False,False
NCT05374499,2022.0,2021-2026,PHASE4,drug,2,85.0,OTHER,COMPLETED,RANDOMIZED,True,QUADRUPLE,4.0,True,True,SINGLE_GROUP,False,active,True,170.0,144.0,0.15294117647058825,True,True,False,False,True,False,1,True,NO,False,False
NCT04459377,2017.0,2016-2020,PHASE4,drug,3,168.0,OTHER,COMPLETED,RANDOMIZED,True,QUADRUPLE,4.0,True,True,PARALLEL,True,placebo/sham,True,,,,,True,True,True,False,False,1,True,NO,False,False
NCT05068960,2021.0,2021-2026,PHASE4,drug,2,100.0,OTHER,COMPLETED,RANDOMIZED,True,QUADRUPLE,4.0,True,True,PARALLEL,True,active,True,,,,,True,True,False,False,False,0,False,NO,False,False
NCT07571837,2026.0,2021-2026,NA,drug,3,63.0,OTHER,RECRUITING,RANDOMIZED,True,TRIPLE,3.0,True,True,PARALLEL,True,none/single-group,False,,,,,False,True,True,False,False,0,False,NO,False,True
NCT04099355,2025.0,2021-2026,EARLY_PHASE1,drug,2,0.0,OTHER,WITHDRAWN,RANDOMIZED,True,QUADRUPLE,4.0,True,True,PARALLEL,False,placebo/sham,True,,,,,False,True,False,False,False,0,False,NO,False,False
NCT03266445,2018.0,2016-2020,PHASE4,drug,2,76.0,OTHER,UNKNOWN,RANDOMIZED,True,NONE,0.0,False,False,PARALLEL,False,active,True,,,,,True,True,False,False,False,0,False,NO,False,True
NCT03282669,2019.0,2016-2020,PHASE4,drug,2,0.0,OTHER,WITHDRAWN,RANDOMIZED,True,NONE,0.0,False,False,PARALLEL,False,active,True,,,,,True,True,False,False,True,0,False,NO,False,True
NCT02647788,2015.0,<=2015,PHASE4,drug,2,144.0,OTHER,COMPLETED,RANDOMIZED,True,DOUBLE,2.0,True,True,PARALLEL,True,active,True,140.0,111.0,0.20714285714285718,False,True,True,False,True,False,0,False,NO,False,False
NCT04701593,2020.0,2016-2020,PHASE4,drug,2,14.0,OTHER,COMPLETED,RANDOMIZED,True,DOUBLE,2.0,True,True,PARALLEL,False,no-intervention,True,14.0,14.0,0.0,True,True,False,False,True,False,0,False,NO,False,
NCT04175509,2019.0,2016-2020,PHASE4,drug,2,40.0,OTHER,COMPLETED,RANDOMIZED,True,SINGLE,1.0,True,False,PARALLEL,False,active,True,40.0,36.0,0.09999999999999998,True,True,False,False,True,False,0,False,,False,True
NCT04007263,2019.0,2016-2020,PHASE1,drug,4,24.0,INDUSTRY,COMPLETED,RANDOMIZED,True,QUADRUPLE,4.0,True,True,SEQUENTIAL,False,placebo/sham,True,,,,,False,True,True,False,False,1,True,UNDECIDED,False,True
NCT03525912,2017.0,2016-2020,NA,drug,1,101.0,OTHER,COMPLETED,NA,False,NONE,0.0,False,False,SINGLE_GROUP,True,none/single-group,False,,,,,False,True,False,False,False,0,False,NO,False,True
NCT00728832,2002.0,<=2015,PHASE1,drug,5,39.0,INDUSTRY,COMPLETED,RANDOMIZED,True,NONE,0.0,False,False,PARALLEL,True,active,True,,,,,False,False,True,False,False,1,True,,False,True
NCT02514122,2015.0,<=2015,PHASE2;PHASE3,drug,2,61.0,OTHER,COMPLETED,RANDOMIZED,True,QUADRUPLE,4.0,True,True,PARALLEL,False,placebo/sham,True,61.0,59.0,0.032786885245901676,True,True,True,False,True,False,1,True,NO,False,True
NCT03922048,2023.0,2021-2026,PHASE2,both,10,0.0,INDUSTRY,WITHDRAWN,RANDOMIZED,True,TRIPLE,3.0,True,True,SEQUENTIAL,False,active,True,,,,,False,True,True,False,False,0,False,UNDECIDED,False,
NCT06884540,2025.0,2021-2026,NA,drug,3,100.0,OTHER,ACTIVE_NOT_RECRUITING,RANDOMIZED,True,DOUBLE,2.0,True,True,PARALLEL,True,none/single-group,False,,,,,False,True,True,False,False,0,False,NO,False,True
NCT00737048,2008.0,<=2015,PHASE3,drug,3,328.0,INDUSTRY,COMPLETED,RANDOMIZED,True,DOUBLE,2.0,True,True,PARALLEL,True,none/single-group,False,328.0,315.0,0.03963414634146345,True,True,True,True,True,False,0,False,,False,False
NCT00554346,2008.0,<=2015,PHASE4,drug,2,64.0,OTHER,COMPLETED,RANDOMIZED,True,TRIPLE,3.0,True,True,PARALLEL,False,placebo/sham,True,,,,,True,True,False,False,False,0,False,,False,True
NCT05439564,2022.0,2021-2026,NA,drug,3,105.0,OTHER,COMPLETED,RANDOMIZED,True,TRIPLE,3.0,True,True,PARALLEL,True,placebo/sham,True,,,,,False,False,True,False,False,0,False,NO,False,
NCT05173090,2022.0,2021-2026,NA,drug,2,120.0,OTHER,UNKNOWN,RANDOMIZED,True,SINGLE,1.0,True,False,PARALLEL,True,placebo/sham,True,,,,,False,True,False,False,False,0,False,,False,True
NCT02380001,2015.0,<=2015,PHASE4,drug,2,60.0,OTHER,COMPLETED,RANDOMIZED,True,TRIPLE,3.0,True,True,PARALLEL,False,placebo/sham,True,,,,,True,True,False,False,False,1,True,,False,True
NCT01229449,2009.0,<=2015,PHASE3,drug,5,678.0,INDUSTRY,COMPLETED,RANDOMIZED,True,QUADRUPLE,4.0,True,True,PARALLEL,True,placebo/sham,True,678.0,669.0,0.013274336283185861,True,True,True,True,True,False,0,False,,False,False
NCT00560183,2007.0,<=2015,PHASE3,drug,2,256.0,INDUSTRY,COMPLETED,RANDOMIZED,True,DOUBLE,2.0,True,True,PARALLEL,True,placebo/sham,True,,,,,True,True,False,False,False,0,False,,False,False
NCT02886429,2016.0,2016-2020,PHASE2,drug,2,60.0,OTHER,COMPLETED,RANDOMIZED,True,DOUBLE,2.0,True,True,PARALLEL,True,active,True,,,,,False,True,False,False,False,0,False,UNDECIDED,False,True
NCT06301334,2024.0,2021-2026,NA,drug,2,60.0,OTHER,UNKNOWN,NA,False,NONE,0.0,False,False,PARALLEL,True,active,True,,,,,False,True,False,False,False,0,False,UNDECIDED,False,
NCT02460627,2015.0,<=2015,PHASE1,drug,2,180.0,OTHER,UNKNOWN,RANDOMIZED,True,DOUBLE,2.0,True,True,PARALLEL,True,placebo/sham,True,,,,,False,True,False,False,False,0,False,,False,True
NCT07380139,2026.0,2021-2026,PHASE1,drug,3,90.0,OTHER,ENROLLING_BY_INVITATION,RANDOMIZED,True,SINGLE,1.0,True,False,PARALLEL,True,active,True,,,,,False,False,True,False,False,0,False,UNDECIDED,False,True
NCT05142176,2022.0,2021-2026,NA,drug,2,75.0,OTHER,UNKNOWN,RANDOMIZED,True,DOUBLE,2.0,True,True,PARALLEL,True,placebo/sham,True,,,,,False,False,False,False,False,0,False,,False,
NCT05204056,2018.0,2016-2020,NA,drug,3,60.0,OTHER,COMPLETED,RANDOMIZED,True,DOUBLE,2.0,True,True,PARALLEL,True,active,True,,,,,False,True,True,False,False,0,False,NO,False,True
NCT03680716,2018.0,2016-2020,NA,drug,2,60.0,OTHER,COMPLETED,RANDOMIZED,True,TRIPLE,3.0,True,True,PARALLEL,True,active,True,,,,,False,True,False,False,False,1,True,UNDECIDED,False,True
NCT05177991,2022.0,2021-2026,EARLY_PHASE1,drug,2,200.0,OTHER,ACTIVE_NOT_RECRUITING,RANDOMIZED,True,SINGLE,1.0,True,False,PARALLEL,True,active,True,,,,,False,False,False,False,False,0,False,NO,False,False
NCT06738043,2026.0,2021-2026,NA,drug,3,90.0,OTHER,NOT_YET_RECRUITING,RANDOMIZED,True,QUADRUPLE,4.0,True,True,PARALLEL,True,placebo/sham,True,,,,,False,True,True,False,False,0,False,YES,True,False
NCT07573033,2024.0,2021-2026,PHASE4,drug,2,90.0,OTHER,COMPLETED,RANDOMIZED,True,SINGLE,1.0,True,False,PARALLEL,False,active,True,,,,,True,True,False,False,False,0,False,NO,False,False
NCT03084536,2017.0,2016-2020,PHASE2,drug,2,134.0,OTHER,COMPLETED,RANDOMIZED,True,QUADRUPLE,4.0,True,True,PARALLEL,True,placebo/sham,True,134.0,107.0,0.20149253731343286,False,False,True,False,True,False,0,False,NO,False,True
NCT06779370,2024.0,2021-2026,NA,drug,2,60.0,OTHER,COMPLETED,RANDOMIZED,True,SINGLE,1.0,True,False,PARALLEL,True,active,True,,,,,False,True,False,False,False,1,True,NO,False,False
NCT07650760,2026.0,2021-2026,PHASE4,drug,2,106.0,OTHER,RECRUITING,RANDOMIZED,True,TRIPLE,3.0,True,True,PARALLEL,True,placebo/sham,True,,,,,True,True,False,False,False,0,False,YES,True,False
NCT07463430,2026.0,2021-2026,PHASE4,drug,1,120.0,OTHER,ENROLLING_BY_INVITATION,NA,False,NONE,0.0,False,False,SINGLE_GROUP,True,none/single-group,False,,,,,True,True,False,False,False,0,False,YES,True,False
NCT06668298,2024.0,2021-2026,NA,drug,2,150.0,OTHER,NOT_YET_RECRUITING,RANDOMIZED,True,QUADRUPLE,4.0,True,True,PARALLEL,True,active,True,,,,,False,False,False,False,False,0,False,NO,False,True
NCT02506855,2015.0,<=2015,PHASE3,both,2,0.0,OTHER,WITHDRAWN,RANDOMIZED,True,TRIPLE,3.0,True,True,PARALLEL,False,placebo/sham,True,,,,,True,False,False,False,False,0,False,,False,False
NCT03944629,2018.0,2016-2020,,drug,2,53.0,OTHER,COMPLETED,RANDOMIZED,True,DOUBLE,2.0,True,True,PARALLEL,True,placebo/sham,True,53.0,50.0,0.05660377358490565,True,False,True,False,True,False,0,False,,False,False
NCT03479216,2018.0,2016-2020,PHASE4,drug,2,62.0,OTHER,COMPLETED,RANDOMIZED,True,TRIPLE,3.0,True,True,PARALLEL,False,none/single-group,False,62.0,52.0,0.16129032258064513,True,True,False,False,True,True,1,True,UNDECIDED,False,False
NCT06638086,2023.0,2021-2026,NA,drug,2,64.0,OTHER,COMPLETED,RANDOMIZED,True,NONE,0.0,False,False,PARALLEL,True,active,True,,,,,False,False,False,False,True,0,False,NO,False,False
NCT07502235,2026.0,2021-2026,PHASE3,drug,2,90.0,OTHER,NOT_YET_RECRUITING,RANDOMIZED,True,QUADRUPLE,4.0,True,True,PARALLEL,False,placebo/sham,True,,,,,True,False,False,False,False,0,False,NO,False,False
NCT02128113,2014.0,<=2015,PHASE2,drug,3,307.0,INDUSTRY,COMPLETED,RANDOMIZED,True,DOUBLE,2.0,True,True,PARALLEL,True,placebo/sham,True,307.0,300.0,0.0228013029315961,True,False,False,True,True,False,0,False,YES,True,False
NCT01808014,2013.0,<=2015,NA,drug,1,54.0,OTHER,UNKNOWN,RANDOMIZED,True,DOUBLE,2.0,True,True,SINGLE_GROUP,True,none/single-group,False,,,,,False,True,False,False,False,0,False,,False,True
NCT03007342,2017.0,2016-2020,NA,drug,2,78.0,OTHER,UNKNOWN,RANDOMIZED,True,QUADRUPLE,4.0,True,True,PARALLEL,True,placebo/sham,True,,,,,False,True,False,False,False,0,False,NO,False,False
NCT01106716,2009.0,<=2015,PHASE2,drug,3,23.0,INDUSTRY,COMPLETED,RANDOMIZED,True,DOUBLE,2.0,True,True,CROSSOVER,False,placebo/sham,True,,,,,False,True,True,False,False,0,False,,False,False
NCT01699919,2011.0,<=2015,PHASE4,drug,2,134.0,OTHER_GOV,COMPLETED,RANDOMIZED,True,DOUBLE,2.0,True,True,PARALLEL,True,placebo/sham,True,,,,,True,True,False,False,False,0,False,,False,False
NCT04246541,2019.0,2016-2020,PHASE3,drug,2,48.0,OTHER,COMPLETED,RANDOMIZED,True,NONE,0.0,False,False,PARALLEL,False,none/single-group,False,48.0,42.0,0.125,True,True,True,False,True,False,0,False,,False,False
NCT03502889,2019.0,2016-2020,NA,both,2,128.0,FED,UNKNOWN,RANDOMIZED,True,NONE,0.0,False,False,PARALLEL,True,active,True,,,,,False,True,False,False,False,0,False,UNDECIDED,False,True
NCT01737593,2012.0,<=2015,PHASE4,drug,3,108.0,OTHER,TERMINATED,RANDOMIZED,True,DOUBLE,2.0,True,True,PARALLEL,True,active,True,108.0,108.0,0.0,True,True,False,True,True,False,0,False,NO,False,True
NCT06810336,2025.0,2021-2026,EARLY_PHASE1,drug,2,40.0,OTHER,RECRUITING,RANDOMIZED,True,SINGLE,1.0,True,False,PARALLEL,True,active,True,,,,,False,False,False,False,False,0,False,NO,False,False
NCT03775018,2018.0,2016-2020,PHASE3,both,2,140.0,OTHER,UNKNOWN,RANDOMIZED,True,DOUBLE,2.0,True,True,PARALLEL,True,active,True,,,,,True,True,False,False,False,0,False,,False,True
NCT05372133,2022.0,2021-2026,NA,drug,1,175.0,OTHER,COMPLETED,NA,False,NONE,0.0,False,False,SINGLE_GROUP,True,none/single-group,False,,,,,False,False,False,False,False,0,False,NO,False,
NCT03738735,2019.0,2016-2020,PHASE4,drug,2,100.0,OTHER,UNKNOWN,RANDOMIZED,True,DOUBLE,2.0,True,True,PARALLEL,True,no-intervention,True,,,,,True,True,False,False,False,0,False,NO,False,
NCT00150280,2004.0,<=2015,PHASE3,drug,0,132.0,INDUSTRY,COMPLETED,RANDOMIZED,True,DOUBLE,2.0,True,True,PARALLEL,True,none/single-group,False,,,,,True,True,False,False,False,0,False,,False,
NCT04627779,2021.0,2021-2026,NA,drug,2,100.0,OTHER,UNKNOWN,NON_RANDOMIZED,False,QUADRUPLE,4.0,True,True,PARALLEL,True,active,True,,,,,False,True,False,False,False,0,False,,False,
NCT03067740,2016.0,2016-2020,PHASE4,drug,2,56.0,OTHER_GOV,UNKNOWN,RANDOMIZED,True,TRIPLE,3.0,True,True,PARALLEL,False,active,True,,,,,True,True,False,False,True,0,False,NO,False,False
NCT04894864,2020.0,2016-2020,PHASE4,drug,2,40.0,OTHER,RECRUITING,RANDOMIZED,True,DOUBLE,2.0,True,True,PARALLEL,False,active,True,,,,,True,False,False,False,False,0,False,NO,False,False
NCT01342835,2010.0,<=2015,PHASE1;PHASE2,drug,2,100.0,OTHER,UNKNOWN,RANDOMIZED,True,QUADRUPLE,4.0,True,True,PARALLEL,True,active,True,,,,,False,True,False,False,False,0,False,,False,True
NCT00286221,2006.0,<=2015,PHASE2;PHASE3,drug,4,159.0,OTHER,COMPLETED,RANDOMIZED,True,SINGLE,1.0,True,False,PARALLEL,True,active,True,159.0,129.0,0.18867924528301883,True,True,True,True,True,True,0,False,,False,
NCT03652103,2018.0,2016-2020,PHASE4,both,2,64.0,OTHER,COMPLETED,RANDOMIZED,True,SINGLE,1.0,True,False,PARALLEL,False,no-intervention,True,,,,,True,True,False,False,False,0,False,NO,False,True
NCT01825863,2013.0,<=2015,NA,drug,2,56.0,OTHER,COMPLETED,RANDOMIZED,True,QUADRUPLE,4.0,True,True,PARALLEL,True,placebo/sham,True,,,,,False,True,False,False,False,0,False,,False,True
NCT04168112,2020.0,2016-2020,PHASE4,drug,2,20.0,OTHER,COMPLETED,RANDOMIZED,True,NONE,0.0,False,False,PARALLEL,False,active,True,20.0,18.0,0.09999999999999998,True,True,False,False,True,False,1,True,NO,False,False
NCT07113782,2024.0,2021-2026,PHASE4,drug,2,60.0,OTHER,COMPLETED,RANDOMIZED,True,SINGLE,1.0,True,False,PARALLEL,False,active,True,,,,,True,True,False,False,False,0,False,,False,False
NCT03486548,2018.0,2016-2020,PHASE4,both,2,50.0,OTHER,UNKNOWN,RANDOMIZED,True,TRIPLE,3.0,True,True,PARALLEL,False,placebo/sham,True,,,,,True,True,False,False,False,1,True,NO,False,False
NCT01095575,2006.0,<=2015,NA,drug,2,40.0,OTHER_GOV,COMPLETED,RANDOMIZED,True,DOUBLE,2.0,True,True,PARALLEL,True,active,True,,,,,False,True,False,False,False,0,False,,False,False
NCT06109415,2021.0,2021-2026,PHASE4,both,2,30.0,INDUSTRY,COMPLETED,RANDOMIZED,True,DOUBLE,2.0,True,True,PARALLEL,False,active,True,,,,,True,True,False,False,False,0,False,UNDECIDED,False,
NCT07046325,2025.0,2021-2026,NA,drug,2,40.0,OTHER,COMPLETED,RANDOMIZED,True,QUADRUPLE,4.0,True,True,PARALLEL,True,active,True,,,,,False,False,False,False,False,0,False,,False,True
NCT07518225,2022.0,2021-2026,NA,drug,2,102.0,OTHER,COMPLETED,RANDOMIZED,True,TRIPLE,3.0,True,True,PARALLEL,True,active,True,,,,,False,True,False,False,False,0,False,NO,False,False
NCT04603638,2020.0,2016-2020,NA,drug,2,82.0,OTHER,COMPLETED,RANDOMIZED,True,TRIPLE,3.0,True,True,CROSSOVER,True,placebo/sham,True,,,,,False,True,False,False,False,0,False,,False,
NCT00709436,2008.0,<=2015,PHASE3,drug,2,250.0,INDUSTRY,COMPLETED,RANDOMIZED,True,QUADRUPLE,4.0,True,True,PARALLEL,True,placebo/sham,True,,,,,True,True,False,False,False,0,False,,False,False
NCT00793910,2008.0,<=2015,NA,drug,2,106.0,FED,COMPLETED,RANDOMIZED,True,TRIPLE,3.0,True,True,PARALLEL,True,placebo/sham,True,106.0,94.0,0.1132075471698113,True,False,True,False,True,False,0,False,,False,
NCT04541147,2021.0,2021-2026,PHASE4,drug,2,24.0,OTHER,TERMINATED,RANDOMIZED,True,NONE,0.0,False,False,PARALLEL,False,active,True,24.0,21.0,0.125,True,True,False,False,True,False,0,False,NO,False,False
NCT01916590,2011.0,<=2015,NA,drug,2,7.0,OTHER,TERMINATED,RANDOMIZED,True,DOUBLE,2.0,True,True,PARALLEL,False,placebo/sham,True,7.0,7.0,0.0,True,False,True,False,True,False,0,False,,False,False
NCT00532662,2007.0,<=2015,PHASE4,drug,2,40.0,OTHER,UNKNOWN,RANDOMIZED,True,DOUBLE,2.0,True,True,PARALLEL,False,active,True,,,,,True,True,False,False,False,0,False,,False,True
NCT03068260,2017.0,2016-2020,PHASE4,both,2,72.0,OTHER,COMPLETED,RANDOMIZED,True,QUADRUPLE,4.0,True,True,PARALLEL,False,placebo/sham,True,,,,,True,True,False,False,False,0,False,NO,False,True
NCT04443569,2021.0,2021-2026,PHASE3,drug,2,93.0,OTHER,COMPLETED,RANDOMIZED,True,SINGLE,1.0,True,False,PARALLEL,False,placebo/sham,True,93.0,93.0,0.0,True,True,True,False,True,False,0,False,NO,False,False
NCT06594224,2024.0,2021-2026,NA,drug,2,80.0,OTHER,COMPLETED,RANDOMIZED,True,NONE,0.0,False,False,PARALLEL,True,none/single-group,False,,,,,False,True,False,False,False,1,True,NO,False,False
NCT02057601,2013.0,<=2015,NA,drug,2,37.0,OTHER,COMPLETED,RANDOMIZED,True,DOUBLE,2.0,True,True,PARALLEL,True,no-intervention,True,,,,,False,True,False,False,False,0,False,,False,True
NCT01598545,2013.0,<=2015,PHASE2,drug,1,20.0,OTHER,COMPLETED,NA,False,SINGLE,1.0,True,False,SINGLE_GROUP,False,none/single-group,False,20.0,20.0,0.0,True,False,True,False,True,False,0,False,,False,True
NCT06137924,2023.0,2021-2026,PHASE3,drug,3,150.0,OTHER,UNKNOWN,RANDOMIZED,True,DOUBLE,2.0,True,True,PARALLEL,True,active,True,,,,,True,False,True,False,False,1,True,NO,False,True
NCT02509312,2016.0,2016-2020,PHASE4,drug,2,70.0,OTHER,COMPLETED,RANDOMIZED,True,QUADRUPLE,4.0,True,True,PARALLEL,False,placebo/sham,True,70.0,58.0,0.17142857142857137,True,True,True,False,True,False,0,False,NO,False,True
NCT06849466,2025.0,2021-2026,PHASE4,drug,2,364.0,OTHER,ENROLLING_BY_INVITATION,RANDOMIZED,True,QUADRUPLE,4.0,True,True,PARALLEL,True,placebo/sham,True,,,,,True,False,False,False,False,1,True,YES,True,True
NCT02053558,2014.0,<=2015,NA,drug,2,0.0,OTHER,WITHDRAWN,RANDOMIZED,True,DOUBLE,2.0,True,True,PARALLEL,False,placebo/sham,True,,,,,False,False,False,False,False,0,False,NO,False,False
NCT07587645,2024.0,2021-2026,NA,drug,2,46.0,OTHER_GOV,COMPLETED,RANDOMIZED,True,QUADRUPLE,4.0,True,True,PARALLEL,True,active,True,,,,,False,False,False,False,False,0,False,YES,True,False
NCT02925858,2017.0,2016-2020,PHASE4,drug,2,80.0,OTHER,COMPLETED,RANDOMIZED,True,QUADRUPLE,4.0,True,True,PARALLEL,False,placebo/sham,True,80.0,80.0,0.0,True,True,False,False,True,False,0,False,YES,True,False
NCT03606889,2018.0,2016-2020,NA,drug,2,12.0,OTHER,TERMINATED,RANDOMIZED,True,QUADRUPLE,4.0,True,True,PARALLEL,False,none/single-group,False,,,,,False,True,False,False,False,0,False,UNDECIDED,False,False
NCT05695664,2021.0,2021-2026,EARLY_PHASE1,drug,2,100.0,OTHER_GOV,COMPLETED,RANDOMIZED,True,SINGLE,1.0,True,False,PARALLEL,True,none/single-group,False,,,,,False,True,False,False,False,0,False,NO,False,False
NCT03057015,2017.0,2016-2020,PHASE4,drug,2,80.0,OTHER,UNKNOWN,RANDOMIZED,True,QUADRUPLE,4.0,True,True,PARALLEL,False,placebo/sham,True,,,,,True,False,False,False,False,0,False,UNDECIDED,False,True
NCT06066879,2023.0,2021-2026,PHASE4,drug,2,40.0,OTHER,UNKNOWN,NON_RANDOMIZED,False,NONE,0.0,False,False,PARALLEL,False,no-intervention,True,,,,,True,True,False,False,False,0,False,UNDECIDED,False,False
NCT02769390,2015.0,<=2015,PHASE2,drug,4,80.0,OTHER,COMPLETED,RANDOMIZED,True,QUADRUPLE,4.0,True,True,PARALLEL,True,active,True,,,,,False,False,True,False,False,0,False,UNDECIDED,False,True
NCT04474366,2020.0,2016-2020,PHASE4,drug,2,50.0,OTHER,COMPLETED,RANDOMIZED,True,DOUBLE,2.0,True,True,PARALLEL,False,placebo/sham,True,50.0,43.0,0.14,True,True,False,False,True,False,1,True,YES,True,False
NCT03349034,2017.0,2016-2020,PHASE2,drug,2,24.0,OTHER,COMPLETED,RANDOMIZED,True,QUADRUPLE,4.0,True,True,PARALLEL,False,placebo/sham,True,24.0,18.0,0.25,False,False,False,False,True,False,1,True,NO,False,True
NCT04889781,2019.0,2016-2020,PHASE4,both,4,80.0,OTHER_GOV,COMPLETED,RANDOMIZED,True,NONE,0.0,False,False,PARALLEL,False,none/single-group,False,,,,,True,True,True,False,False,1,True,NO,False,False
NCT01022528,2009.0,<=2015,NA,drug,2,138.0,OTHER,COMPLETED,RANDOMIZED,True,DOUBLE,2.0,True,True,PARALLEL,True,placebo/sham,True,,,,,False,True,False,False,False,0,False,,False,
NCT03829774,2019.0,2016-2020,NA,both,2,22.0,INDUSTRY,UNKNOWN,RANDOMIZED,True,DOUBLE,2.0,True,True,PARALLEL,False,placebo/sham,True,,,,,False,True,False,False,False,1,True,UNDECIDED,False,True
NCT00092300,2002.0,<=2015,PHASE3,drug,0,450.0,INDUSTRY,COMPLETED,RANDOMIZED,True,DOUBLE,2.0,True,True,PARALLEL,True,none/single-group,False,,,,,True,True,False,False,False,0,False,,False,
NCT03485014,2018.0,2016-2020,PHASE1,drug,1,15.0,INDUSTRY,COMPLETED,NA,False,NONE,0.0,False,False,SINGLE_GROUP,False,none/single-group,False,,,,,False,True,False,False,False,0,False,,False,True
NCT01082081,2009.0,<=2015,PHASE4,drug,3,300.0,INDUSTRY,COMPLETED,RANDOMIZED,True,DOUBLE,2.0,True,True,PARALLEL,True,placebo/sham,True,300.0,297.0,0.010000000000000009,True,True,True,True,True,False,1,True,,False,False
NCT03763110,2016.0,2016-2020,NA,both,2,40.0,OTHER,UNKNOWN,RANDOMIZED,True,DOUBLE,2.0,True,True,PARALLEL,True,active,True,,,,,False,True,False,False,False,0,False,,False,
NCT04709211,2021.0,2021-2026,NA,both,2,128.0,OTHER,COMPLETED,RANDOMIZED,True,TRIPLE,3.0,True,True,PARALLEL,True,active,True,,,,,False,False,False,False,False,0,False,NO,False,False
NCT06725485,2021.0,2021-2026,PHASE4,drug,1,18.0,OTHER,COMPLETED,NA,False,NONE,0.0,False,False,SINGLE_GROUP,False,none/single-group,False,,,,,True,True,False,False,False,0,False,NO,False,False
NCT01944098,2013.0,<=2015,PHASE3,drug,2,20.0,OTHER,COMPLETED,RANDOMIZED,True,TRIPLE,3.0,True,True,PARALLEL,False,active,True,20.0,19.0,0.050000000000000044,True,True,False,False,True,False,0,False,,False,True
NCT04020133,2019.0,2016-2020,NA,both,2,58.0,OTHER,UNKNOWN,RANDOMIZED,True,QUADRUPLE,4.0,True,True,PARALLEL,True,active,True,,,,,False,False,False,False,False,1,True,NO,False,
NCT03450161,2018.0,2016-2020,PHASE4,drug,3,80.0,OTHER,COMPLETED,RANDOMIZED,True,QUADRUPLE,4.0,True,True,SINGLE_GROUP,False,none/single-group,False,,,,,True,False,True,False,False,0,False,UNDECIDED,False,True
NCT03529201,2018.0,2016-2020,NA,both,2,105.0,OTHER,COMPLETED,RANDOMIZED,True,SINGLE,1.0,True,False,PARALLEL,True,none/single-group,False,,,,,False,True,False,False,False,0,False,NO,False,False
NCT00163969,2002.0,<=2015,PHASE4,drug,0,40.0,OTHER_GOV,COMPLETED,RANDOMIZED,True,DOUBLE,2.0,True,True,PARALLEL,False,none/single-group,False,,,,,True,True,False,False,False,0,False,,False,
NCT01966172,2007.0,<=2015,PHASE4,drug,2,180.0,OTHER,COMPLETED,RANDOMIZED,True,SINGLE,1.0,True,False,PARALLEL,True,active,True,,,,,True,True,False,False,False,1,True,,False,False
NCT02284282,2014.0,<=2015,NA,drug,2,56.0,OTHER,COMPLETED,RANDOMIZED,True,QUADRUPLE,4.0,True,True,PARALLEL,True,placebo/sham,True,,,,,False,True,False,False,False,0,False,,False,True
NCT05863221,2023.0,2021-2026,PHASE4,drug,2,120.0,OTHER,UNKNOWN,RANDOMIZED,True,NONE,0.0,False,False,PARALLEL,True,no-intervention,True,,,,,True,True,False,False,False,0,False,NO,False,False
NCT02168959,2013.0,<=2015,EARLY_PHASE1,drug,2,5.0,OTHER,COMPLETED,RANDOMIZED,True,NONE,0.0,False,False,PARALLEL,False,active,True,,,,,False,False,False,False,False,0,False,,False,False
NCT00968578,2009.0,<=2015,PHASE4,drug,2,48.0,OTHER,COMPLETED,RANDOMIZED,True,QUADRUPLE,4.0,True,True,PARALLEL,False,placebo/sham,True,,,,,True,False,False,False,False,1,True,,False,False
NCT01328782,2008.0,<=2015,NA,drug,3,124.0,OTHER,COMPLETED,RANDOMIZED,True,SINGLE,1.0,True,False,PARALLEL,True,active,True,124.0,124.0,0.0,True,False,True,True,True,False,0,False,,False,False
NCT05919173,2021.0,2021-2026,PHASE4,drug,2,60.0,OTHER,COMPLETED,RANDOMIZED,True,DOUBLE,2.0,True,True,PARALLEL,False,none/single-group,False,,,,,True,False,False,False,False,0,False,NO,False,True
NCT05868122,2023.0,2021-2026,PHASE3,drug,2,143.0,INDUSTRY,COMPLETED,RANDOMIZED,True,QUADRUPLE,4.0,True,True,PARALLEL,True,placebo/sham,True,,,,,True,True,False,False,False,0,False,YES,True,False
NCT01395043,2010.0,<=2015,NA,both,1,15.0,OTHER,COMPLETED,NA,False,NONE,0.0,False,False,SINGLE_GROUP,False,none/single-group,False,15.0,15.0,0.0,True,False,False,False,True,False,0,False,,False,False
NCT05187520,2022.0,2021-2026,PHASE2,both,2,120.0,OTHER,UNKNOWN,RANDOMIZED,True,NONE,0.0,False,False,PARALLEL,True,active,True,,,,,False,True,False,False,False,0,False,NO,False,False
NCT01721486,2012.0,<=2015,PHASE4,drug,2,41.0,OTHER,COMPLETED,RANDOMIZED,True,DOUBLE,2.0,True,True,PARALLEL,False,active,True,41.0,39.0,0.04878048780487809,True,True,True,False,True,False,0,False,NO,False,True
NCT01206595,2005.0,<=2015,PHASE2,drug,2,58.0,INDUSTRY,COMPLETED,RANDOMIZED,True,DOUBLE,2.0,True,True,PARALLEL,True,active,True,58.0,58.0,0.0,True,False,True,False,True,False,0,False,,False,False
NCT04494880,2020.0,2016-2020,EARLY_PHASE1,drug,2,22.0,OTHER,COMPLETED,RANDOMIZED,True,DOUBLE,2.0,True,True,PARALLEL,False,no-intervention,True,,,,,False,True,False,False,False,0,False,NO,False,
NCT06326281,2024.0,2021-2026,NA,both,4,100.0,OTHER,UNKNOWN,RANDOMIZED,True,DOUBLE,2.0,True,True,PARALLEL,True,placebo/sham,True,,,,,False,True,True,False,False,0,False,NO,False,False
NCT01964586,2013.0,<=2015,PHASE4,drug,2,60.0,OTHER,COMPLETED,RANDOMIZED,True,QUADRUPLE,4.0,True,True,PARALLEL,False,active,True,,,,,True,False,False,False,False,0,False,,False,False
NCT02712151,2024.0,2021-2026,PHASE3,both,2,0.0,OTHER,WITHDRAWN,RANDOMIZED,True,DOUBLE,2.0,True,True,PARALLEL,False,active,True,,,,,True,False,False,False,True,0,False,NO,False,True
NCT01363076,2007.0,<=2015,PHASE1,drug,2,20.0,INDUSTRY,COMPLETED,NON_RANDOMIZED,False,NONE,0.0,False,False,SINGLE_GROUP,False,none/single-group,False,20.0,19.0,0.050000000000000044,True,False,True,False,True,False,0,False,,False,
NCT03906838,2020.0,2016-2020,EARLY_PHASE1,drug,2,0.0,OTHER,WITHDRAWN,NON_RANDOMIZED,False,NONE,0.0,False,False,PARALLEL,False,no-intervention,True,,,,,False,False,False,False,False,0,False,NO,False,True
NCT06267820,2023.0,2021-2026,PHASE2,drug,2,90.0,OTHER,COMPLETED,RANDOMIZED,True,QUADRUPLE,4.0,True,True,PARALLEL,True,active,True,,,,,False,False,False,False,False,0,False,,False,True
NCT02472314,2015.0,<=2015,PHASE4,drug,4,70.0,OTHER,COMPLETED,RANDOMIZED,True,NONE,0.0,False,False,PARALLEL,False,active,True,70.0,70.0,0.0,True,True,True,True,True,False,0,False,,False,False
NCT02662023,2016.0,2016-2020,PHASE4,drug,2,24.0,OTHER,COMPLETED,RANDOMIZED,True,QUADRUPLE,4.0,True,True,PARALLEL,False,active,True,24.0,24.0,0.0,True,True,True,False,True,True,0,False,NO,False,False
NCT07420712,2025.0,2021-2026,NA,both,2,60.0,OTHER_GOV,RECRUITING,RANDOMIZED,True,SINGLE,1.0,True,False,PARALLEL,True,no-intervention,True,,,,,False,False,False,False,False,0,False,NO,False,False
NCT02364167,2015.0,<=2015,PHASE2;PHASE3,both,3,180.0,OTHER,COMPLETED,RANDOMIZED,True,TRIPLE,3.0,True,True,PARALLEL,True,placebo/sham,True,,,,,True,True,True,False,False,2,True,,False,False
NCT01898052,2012.0,<=2015,PHASE4,drug,2,60.0,OTHER,COMPLETED,RANDOMIZED,True,QUADRUPLE,4.0,True,True,PARALLEL,False,active,True,,,,,True,True,False,False,False,0,False,,False,True
NCT04653792,2018.0,2016-2020,PHASE4,both,2,84.0,OTHER,COMPLETED,RANDOMIZED,True,DOUBLE,2.0,True,True,PARALLEL,False,placebo/sham,True,,,,,True,True,False,False,False,0,False,NO,False,True
NCT04606836,2020.0,2016-2020,PHASE4,drug,2,40.0,OTHER,UNKNOWN,NON_RANDOMIZED,False,DOUBLE,2.0,True,True,PARALLEL,False,no-intervention,True,,,,,True,False,False,False,True,0,False,NO,False,True
NCT02730728,2015.0,<=2015,NA,drug,3,159.0,OTHER,COMPLETED,RANDOMIZED,True,NONE,0.0,False,False,PARALLEL,True,active,True,159.0,156.0,0.018867924528301883,True,False,True,True,True,False,0,False,NO,False,False
NCT07672808,2026.0,2021-2026,NA,drug,2,100.0,OTHER,NOT_YET_RECRUITING,RANDOMIZED,True,NONE,0.0,False,False,PARALLEL,True,active,True,,,,,False,True,False,False,False,0,False,NO,False,False
NCT02489526,2015.0,<=2015,PHASE2,drug,2,60.0,INDUSTRY,COMPLETED,RANDOMIZED,True,QUADRUPLE,4.0,True,True,PARALLEL,True,placebo/sham,True,,,,,False,True,False,False,False,3,True,,False,False
NCT07222748,2025.0,2021-2026,PHASE3,drug,3,304.0,INDUSTRY,ACTIVE_NOT_RECRUITING,RANDOMIZED,True,TRIPLE,3.0,True,True,PARALLEL,True,placebo/sham,True,,,,,True,True,True,False,False,0,False,,False,True
NCT07626983,2026.0,2021-2026,NA,drug,2,100.0,OTHER,NOT_YET_RECRUITING,RANDOMIZED,True,TRIPLE,3.0,True,True,PARALLEL,True,active,True,,,,,False,True,False,False,True,0,False,YES,True,False
NCT06208267,2025.0,2021-2026,NA,drug,3,210.0,OTHER,RECRUITING,RANDOMIZED,True,TRIPLE,3.0,True,True,PARALLEL,True,active,True,,,,,False,True,True,False,False,0,False,NO,False,False
NCT04040452,2021.0,2021-2026,PHASE4,drug,2,166.0,OTHER,RECRUITING,RANDOMIZED,True,TRIPLE,3.0,True,True,PARALLEL,True,placebo/sham,True,,,,,True,False,False,False,False,0,False,NO,False,True
NCT00444769,2006.0,<=2015,PHASE2,drug,0,112.0,INDUSTRY,COMPLETED,RANDOMIZED,True,DOUBLE,2.0,True,True,PARALLEL,True,none/single-group,False,,,,,False,True,False,False,False,0,False,,False,
NCT03238430,2015.0,<=2015,PHASE2;PHASE3,drug,3,186.0,OTHER,COMPLETED,RANDOMIZED,True,NONE,0.0,False,False,PARALLEL,True,active,True,,,,,True,True,True,False,True,0,False,,False,True
NCT02962024,2016.0,2016-2020,NA,drug,2,40.0,OTHER,COMPLETED,RANDOMIZED,True,DOUBLE,2.0,True,True,PARALLEL,True,placebo/sham,True,,,,,False,False,False,False,False,1,True,NO,False,True
NCT04691856,2020.0,2016-2020,NA,drug,3,66.0,OTHER,COMPLETED,RANDOMIZED,True,DOUBLE,2.0,True,True,PARALLEL,True,placebo/sham,True,,,,,False,True,True,False,True,0,False,NO,False,True
NCT03907176,2019.0,2016-2020,PHASE3,both,2,209.0,INDUSTRY,COMPLETED,NON_RANDOMIZED,False,NONE,0.0,False,False,PARALLEL,True,none/single-group,False,209.0,207.0,0.009569377990430672,True,True,True,False,True,False,0,False,UNDECIDED,False,
NCT02882854,2016.0,2016-2020,NA,drug,2,84.0,OTHER,COMPLETED,RANDOMIZED,True,QUADRUPLE,4.0,True,True,PARALLEL,True,placebo/sham,True,84.0,80.0,0.04761904761904767,True,False,True,False,True,False,0,False,UNDECIDED,False,False
NCT02953691,2017.0,2016-2020,PHASE2,drug,2,0.0,OTHER,WITHDRAWN,RANDOMIZED,True,QUADRUPLE,4.0,True,True,PARALLEL,False,placebo/sham,True,,,,,False,False,False,False,False,0,False,NO,False,False
NCT03079076,2017.0,2016-2020,PHASE4,drug,2,40.0,OTHER,COMPLETED,RANDOMIZED,True,DOUBLE,2.0,True,True,PARALLEL,False,placebo/sham,True,,,,,True,True,False,False,False,0,False,UNDECIDED,False,False
NCT04751175,2013.0,<=2015,PHASE4,drug,4,128.0,OTHER,COMPLETED,RANDOMIZED,True,DOUBLE,2.0,True,True,PARALLEL,True,placebo/sham,True,,,,,True,True,True,False,False,0,False,,False,False
NCT02806713,2016.0,2016-2020,PHASE3,drug,2,92.0,OTHER,COMPLETED,RANDOMIZED,True,SINGLE,1.0,True,False,PARALLEL,False,placebo/sham,True,92.0,88.0,0.04347826086956519,True,True,True,False,True,False,0,False,NO,False,True
NCT05964985,2023.0,2021-2026,NA,drug,4,160.0,OTHER,UNKNOWN,RANDOMIZED,True,DOUBLE,2.0,True,True,PARALLEL,True,placebo/sham,True,,,,,False,False,True,False,False,0,False,NO,False,True
NCT07412223,2026.0,2021-2026,PHASE4,drug,2,152.0,OTHER,NOT_YET_RECRUITING,RANDOMIZED,True,TRIPLE,3.0,True,True,PARALLEL,True,active,True,,,,,True,True,False,False,False,0,False,UNDECIDED,False,False
NCT04246554,2019.0,2016-2020,PHASE3,drug,2,49.0,OTHER,COMPLETED,RANDOMIZED,True,NONE,0.0,False,False,PARALLEL,False,none/single-group,False,49.0,48.0,0.020408163265306145,True,True,True,False,True,False,1,True,,False,
NCT05943613,2023.0,2021-2026,PHASE1,drug,3,111.0,OTHER,UNKNOWN,RANDOMIZED,True,QUADRUPLE,4.0,True,True,PARALLEL,True,placebo/sham,True,,,,,False,False,True,False,False,0,False,,False,
NCT04016376,2019.0,2016-2020,PHASE4,drug,3,1507.0,OTHER,COMPLETED,RANDOMIZED,True,NONE,0.0,False,False,PARALLEL,True,none/single-group,False,,,,,True,True,True,False,False,2,True,YES,True,False
NCT05990868,2023.0,2021-2026,NA,drug,2,78.0,OTHER,UNKNOWN,RANDOMIZED,True,DOUBLE,2.0,True,True,PARALLEL,True,placebo/sham,True,,,,,False,True,False,False,False,0,False,UNDECIDED,False,True
NCT07426692,2025.0,2021-2026,NA,both,3,110.0,OTHER,COMPLETED,RANDOMIZED,True,SINGLE,1.0,True,False,PARALLEL,True,active,True,,,,,False,True,True,False,False,0,False,NO,False,True
NCT00529425,2008.0,<=2015,PHASE4,drug,2,50.0,OTHER,COMPLETED,RANDOMIZED,True,QUADRUPLE,4.0,True,True,PARALLEL,False,placebo/sham,True,,,,,True,True,False,False,False,1,True,,False,True
NCT07098429,2024.0,2021-2026,PHASE4,drug,2,60.0,OTHER,COMPLETED,RANDOMIZED,True,NONE,0.0,False,False,PARALLEL,False,placebo/sham,True,,,,,True,True,False,False,False,0,False,NO,False,True
NCT07101029,2025.0,2021-2026,EARLY_PHASE1,drug,2,30.0,OTHER,NOT_YET_RECRUITING,RANDOMIZED,True,DOUBLE,2.0,True,True,PARALLEL,True,active,True,,,,,False,True,False,False,False,0,False,,False,False
NCT03808077,2019.0,2016-2020,PHASE2,drug,2,139.0,OTHER,ACTIVE_NOT_RECRUITING,RANDOMIZED,True,SINGLE,1.0,True,False,PARALLEL,True,active,True,139.0,130.0,0.06474820143884896,True,False,True,False,True,False,1,True,YES,True,
NCT03380533,2016.0,2016-2020,PHASE2;PHASE3,drug,2,50.0,OTHER,COMPLETED,RANDOMIZED,True,TRIPLE,3.0,True,True,PARALLEL,False,active,True,,,,,True,True,False,False,False,0,False,UNDECIDED,False,True
NCT03874806,2019.0,2016-2020,PHASE4,drug,2,0.0,OTHER,WITHDRAWN,NON_RANDOMIZED,False,NONE,0.0,False,False,SEQUENTIAL,False,active,True,,,,,True,False,False,False,False,0,False,NO,False,False
NCT07208253,2021.0,2021-2026,NA,drug,2,175.0,OTHER_GOV,COMPLETED,RANDOMIZED,True,SINGLE,1.0,True,False,PARALLEL,True,no-intervention,True,,,,,False,True,False,False,False,1,True,NO,False,False
NCT05004506,2016.0,2016-2020,PHASE3,drug,2,100.0,OTHER,UNKNOWN,RANDOMIZED,True,SINGLE,1.0,True,False,PARALLEL,True,active,True,,,,,True,True,False,False,False,0,False,NO,False,False
NCT00533845,2007.0,<=2015,PHASE4,drug,2,30.0,OTHER,COMPLETED,RANDOMIZED,True,QUADRUPLE,4.0,True,True,PARALLEL,False,placebo/sham,True,30.0,29.0,0.033333333333333326,True,True,True,False,True,False,0,False,,False,False
NCT04258241,2020.0,2016-2020,NA,both,2,80.0,OTHER,UNKNOWN,RANDOMIZED,True,TRIPLE,3.0,True,True,PARALLEL,True,placebo/sham,True,,,,,False,True,False,False,False,0,False,,False,True
NCT02074709,2014.0,<=2015,PHASE4,drug,2,60.0,OTHER,COMPLETED,RANDOMIZED,True,SINGLE,1.0,True,False,PARALLEL,False,active,True,60.0,58.0,0.033333333333333326,True,True,False,False,True,False,0,False,,False,True
NCT02769325,2016.0,2016-2020,PHASE4,drug,2,150.0,OTHER,UNKNOWN,RANDOMIZED,True,QUADRUPLE,4.0,True,True,PARALLEL,True,placebo/sham,True,,,,,True,True,False,False,False,0,False,NO,False,True
NCT05974748,2023.0,2021-2026,PHASE3,drug,2,44.0,OTHER,COMPLETED,RANDOMIZED,True,DOUBLE,2.0,True,True,PARALLEL,False,active,True,,,,,True,False,False,False,False,0,False,NO,False,False
NCT02567487,2015.0,<=2015,PHASE4,drug,2,50.0,OTHER,UNKNOWN,RANDOMIZED,True,DOUBLE,2.0,True,True,PARALLEL,False,active,True,,,,,True,False,False,False,False,0,False,,False,False
NCT06339151,2022.0,2021-2026,NA,drug,3,120.0,OTHER,UNKNOWN,RANDOMIZED,True,QUADRUPLE,4.0,True,True,PARALLEL,True,active,True,,,,,False,True,True,False,False,0,False,NO,False,True
NCT06799845,2025.0,2021-2026,PHASE2,drug,3,226.0,INDUSTRY,COMPLETED,RANDOMIZED,True,QUADRUPLE,4.0,True,True,PARALLEL,True,placebo/sham,True,,,,,False,True,True,False,False,0,False,NO,False,True
NCT03154658,2017.0,2016-2020,PHASE4,drug,2,66.0,OTHER,COMPLETED,RANDOMIZED,True,SINGLE,1.0,True,False,PARALLEL,False,active,True,66.0,64.0,0.030303030303030276,True,True,True,False,True,False,1,True,NO,False,False
NCT01062906,2010.0,<=2015,NA,drug,2,80.0,OTHER,COMPLETED,RANDOMIZED,True,TRIPLE,3.0,True,True,PARALLEL,True,placebo/sham,True,,,,,False,True,False,False,False,0,False,,False,True
NCT02570503,2015.0,<=2015,PHASE4,drug,2,64.0,OTHER,TERMINATED,RANDOMIZED,True,QUADRUPLE,4.0,True,True,PARALLEL,False,placebo/sham,True,64.0,64.0,0.0,True,True,True,False,True,False,0,False,NO,False,True
NCT02544893,2015.0,<=2015,PHASE4,drug,3,93.0,OTHER,COMPLETED,RANDOMIZED,True,QUADRUPLE,4.0,True,True,CROSSOVER,False,active,True,,,,,True,True,True,False,False,0,False,,False,False
NCT05861791,2023.0,2021-2026,NA,drug,2,98.0,OTHER,COMPLETED,RANDOMIZED,True,SINGLE,1.0,True,False,PARALLEL,True,active,True,,,,,False,False,False,False,False,0,False,,False,
NCT01675635,2011.0,<=2015,PHASE3,drug,2,240.0,INDUSTRY,COMPLETED,RANDOMIZED,True,DOUBLE,2.0,True,True,PARALLEL,True,active,True,234.0,234.0,0.0,True,True,True,False,True,False,0,False,,False,True
NCT03562611,2018.0,2016-2020,NA,drug,3,63.0,OTHER,COMPLETED,RANDOMIZED,True,QUADRUPLE,4.0,True,True,PARALLEL,True,active,True,,,,,False,True,True,False,False,0,False,UNDECIDED,False,True
NCT02021240,2014.0,<=2015,PHASE3,drug,3,150.0,OTHER,COMPLETED,RANDOMIZED,True,QUADRUPLE,4.0,True,True,PARALLEL,True,placebo/sham,True,,,,,True,True,True,False,False,0,False,,False,False
NCT07271849,2025.0,2021-2026,PHASE4,drug,3,162.0,OTHER,RECRUITING,RANDOMIZED,True,SINGLE,1.0,True,False,PARALLEL,True,active,True,,,,,True,False,True,False,False,0,False,,False,
NCT04218149,2019.0,2016-2020,PHASE4,drug,2,70.0,OTHER,COMPLETED,RANDOMIZED,True,DOUBLE,2.0,True,True,PARALLEL,False,active,True,,,,,True,True,False,False,False,0,False,,False,False
NCT03259243,2017.0,2016-2020,PHASE4,drug,4,100.0,OTHER_GOV,COMPLETED,RANDOMIZED,True,TRIPLE,3.0,True,True,FACTORIAL,True,placebo/sham,True,,,,,True,True,True,False,False,0,False,NO,False,True
NCT02490345,2015.0,<=2015,PHASE1,drug,2,13.0,OTHER,COMPLETED,RANDOMIZED,True,TRIPLE,3.0,True,True,PARALLEL,False,placebo/sham,True,,,,,False,True,False,False,False,0,False,UNDECIDED,False,True
NCT04585438,2021.0,2021-2026,PHASE4,drug,2,48.0,OTHER,UNKNOWN,RANDOMIZED,True,TRIPLE,3.0,True,True,PARALLEL,False,placebo/sham,True,,,,,True,True,False,False,False,0,False,,False,False
NCT06514222,2024.0,2021-2026,EARLY_PHASE1,drug,2,56.0,OTHER,ACTIVE_NOT_RECRUITING,RANDOMIZED,True,DOUBLE,2.0,True,True,PARALLEL,True,active,True,,,,,False,True,False,False,False,1,True,NO,False,
NCT07262554,2025.0,2021-2026,PHASE2,drug,2,40.0,OTHER,ACTIVE_NOT_RECRUITING,RANDOMIZED,True,SINGLE,1.0,True,False,PARALLEL,False,active,True,,,,,False,True,False,False,False,0,False,NO,False,True
NCT00615875,2008.0,<=2015,PHASE4,drug,2,24.0,OTHER,UNKNOWN,RANDOMIZED,True,TRIPLE,3.0,True,True,PARALLEL,False,placebo/sham,True,,,,,True,True,False,False,False,0,False,,False,False
NCT07478692,2025.0,2021-2026,NA,drug,2,83.0,OTHER,COMPLETED,RANDOMIZED,True,DOUBLE,2.0,True,True,PARALLEL,True,no-intervention,True,,,,,False,False,False,False,False,0,False,NO,False,True
NCT04104204,2019.0,2016-2020,NA,drug,2,98.0,OTHER,UNKNOWN,RANDOMIZED,True,DOUBLE,2.0,True,True,PARALLEL,True,placebo/sham,True,,,,,False,False,False,False,False,0,False,NO,False,False
NCT01351090,,,PHASE2,drug,3,127.0,INDUSTRY,COMPLETED,RANDOMIZED,True,DOUBLE,2.0,True,True,PARALLEL,True,placebo/sham,True,127.0,99.0,0.22047244094488194,False,False,True,True,True,False,0,False,,False,
NCT05941130,2022.0,2021-2026,PHASE4,drug,2,40.0,OTHER,UNKNOWN,RANDOMIZED,True,DOUBLE,2.0,True,True,PARALLEL,False,none/single-group,False,,,,,True,True,False,False,False,0,False,NO,False,False
NCT05831449,2023.0,2021-2026,PHASE3,both,3,616.0,INDUSTRY,COMPLETED,RANDOMIZED,True,QUADRUPLE,4.0,True,True,PARALLEL,True,placebo/sham,True,,,,,True,True,True,False,False,0,False,NO,False,True
NCT02508857,2010.0,<=2015,PHASE4,drug,3,60.0,OTHER,COMPLETED,RANDOMIZED,True,TRIPLE,3.0,True,True,PARALLEL,False,placebo/sham,True,,,,,True,True,True,False,True,0,False,,False,True
NCT06653439,2024.0,2021-2026,NA,both,2,60.0,OTHER,COMPLETED,RANDOMIZED,True,TRIPLE,3.0,True,True,PARALLEL,True,active,True,,,,,False,True,False,False,False,1,True,NO,False,False
NCT01347853,2003.0,<=2015,PHASE3,drug,2,300.0,INDUSTRY,COMPLETED,RANDOMIZED,True,DOUBLE,2.0,True,True,PARALLEL,True,placebo/sham,True,,,,,True,True,False,False,False,0,False,,False,False
NCT07604376,2024.0,2021-2026,NA,drug,2,70.0,OTHER,RECRUITING,RANDOMIZED,True,NONE,0.0,False,False,PARALLEL,True,active,True,,,,,False,True,False,False,False,0,False,YES,True,False
NCT00965796,2008.0,<=2015,NA,drug,1,40.0,OTHER,COMPLETED,RANDOMIZED,True,TRIPLE,3.0,True,True,PARALLEL,True,none/single-group,False,,,,,False,True,False,False,False,0,False,,False,False
NCT05341375,2021.0,2021-2026,NA,both,4,110.0,OTHER_GOV,COMPLETED,RANDOMIZED,True,DOUBLE,2.0,True,True,CROSSOVER,True,none/single-group,False,,,,,False,False,True,False,False,0,False,NO,False,False
NCT02689063,2016.0,2016-2020,PHASE3,drug,4,276.0,INDUSTRY,COMPLETED,RANDOMIZED,True,DOUBLE,2.0,True,True,PARALLEL,True,placebo/sham,True,276.0,271.0,0.018115942028985477,True,True,True,True,True,False,2,True,NO,False,False
NCT06349772,2024.0,2021-2026,EARLY_PHASE1,drug,2,130.0,OTHER,RECRUITING,RANDOMIZED,True,DOUBLE,2.0,True,True,PARALLEL,True,none/single-group,False,,,,,False,True,False,False,False,0,False,YES,True,True
NCT04981678,2022.0,2021-2026,PHASE4,drug,2,12.0,OTHER,TERMINATED,RANDOMIZED,True,NONE,0.0,False,False,PARALLEL,False,none/single-group,False,12.0,11.0,0.08333333333333337,True,True,True,False,True,False,0,False,NO,False,True
NCT02639741,2014.0,<=2015,PHASE4,drug,3,55.0,OTHER,COMPLETED,RANDOMIZED,True,DOUBLE,2.0,True,True,PARALLEL,False,placebo/sham,True,,,,,True,True,True,False,False,0,False,NO,False,False
NCT00678379,2008.0,<=2015,PHASE3,drug,3,120.0,OTHER,COMPLETED,RANDOMIZED,True,QUADRUPLE,4.0,True,True,PARALLEL,True,placebo/sham,True,120.0,107.0,0.10833333333333328,True,True,True,True,True,False,1,True,UNDECIDED,False,True
NCT07088432,2023.0,2021-2026,NA,drug,2,120.0,OTHER,COMPLETED,RANDOMIZED,True,TRIPLE,3.0,True,True,PARALLEL,True,placebo/sham,True,,,,,False,True,False,False,False,0,False,UNDECIDED,False,False
NCT06642077,2023.0,2021-2026,NA,drug,2,60.0,OTHER,COMPLETED,RANDOMIZED,True,QUADRUPLE,4.0,True,True,PARALLEL,True,no-intervention,True,,,,,False,True,False,False,True,1,True,NO,False,False
NCT03201809,2016.0,2016-2020,NA,both,2,12.0,OTHER,TERMINATED,RANDOMIZED,True,NONE,0.0,False,False,PARALLEL,False,active,True,12.0,10.0,0.16666666666666663,True,False,True,False,True,False,0,False,NO,False,False
NCT03363425,2017.0,2016-2020,PHASE2;PHASE3,drug,3,60.0,OTHER,UNKNOWN,RANDOMIZED,True,QUADRUPLE,4.0,True,True,PARALLEL,False,placebo/sham,True,,,,,True,False,True,False,False,2,True,NO,False,True
NCT05286008,2022.0,2021-2026,NA,drug,3,90.0,OTHER,UNKNOWN,RANDOMIZED,True,DOUBLE,2.0,True,True,PARALLEL,True,placebo/sham,True,,,,,False,False,True,False,False,0,False,NO,False,True
NCT00801398,2009.0,<=2015,PHASE3,drug,1,58.0,INDUSTRY,COMPLETED,NA,False,NONE,0.0,False,False,SINGLE_GROUP,False,none/single-group,False,58.0,20.0,0.6551724137931034,False,True,True,False,True,False,0,False,,False,True
NCT05348824,2022.0,2021-2026,PHASE2;PHASE3,drug,2,30.0,OTHER,UNKNOWN,RANDOMIZED,True,DOUBLE,2.0,True,True,PARALLEL,False,active,True,,,,,True,True,False,False,False,0,False,,False,
NCT02183051,1998.0,<=2015,PHASE2,drug,7,381.0,INDUSTRY,COMPLETED,RANDOMIZED,True,DOUBLE,2.0,True,True,PARALLEL,True,placebo/sham,True,,,,,False,True,True,False,False,0,False,,False,
NCT04205916,2019.0,2016-2020,PHASE4,drug,2,50.0,OTHER,RECRUITING,RANDOMIZED,True,NONE,0.0,False,False,SINGLE_GROUP,False,active,True,,,,,True,False,False,False,False,0,False,,False,False
NCT07182097,2025.0,2021-2026,NA,drug,2,106.0,OTHER,RECRUITING,RANDOMIZED,True,TRIPLE,3.0,True,True,PARALLEL,True,active,True,,,,,False,False,False,False,False,0,False,NO,False,False
NCT02958566,2017.0,2016-2020,PHASE4,drug,2,80.0,OTHER,UNKNOWN,RANDOMIZED,True,NONE,0.0,False,False,PARALLEL,False,active,True,,,,,True,False,False,False,True,0,False,NO,False,True
NCT00849719,2009.0,<=2015,NA,drug,2,150.0,OTHER_GOV,UNKNOWN,RANDOMIZED,True,TRIPLE,3.0,True,True,PARALLEL,True,active,True,,,,,False,False,False,False,False,0,False,,False,True
NCT00683137,2002.0,<=2015,PHASE3,drug,3,450.0,INDUSTRY,COMPLETED,RANDOMIZED,True,DOUBLE,2.0,True,True,PARALLEL,True,active,True,,,,,True,True,True,False,False,0,False,,False,False
NCT05136625,2021.0,2021-2026,NA,drug,2,84.0,OTHER,UNKNOWN,RANDOMIZED,True,DOUBLE,2.0,True,True,PARALLEL,True,active,True,,,,,False,True,False,False,False,1,True,NO,False,False
NCT03317600,2017.0,2016-2020,NA,both,2,12.0,OTHER,COMPLETED,RANDOMIZED,True,DOUBLE,2.0,True,True,CROSSOVER,False,placebo/sham,True,,,,,False,False,False,False,False,0,False,,False,True
NCT01660763,2012.0,<=2015,PHASE3,drug,2,419.0,INDUSTRY,COMPLETED,RANDOMIZED,True,QUADRUPLE,4.0,True,True,PARALLEL,True,placebo/sham,True,419.0,258.0,0.38424821002386633,False,True,True,False,True,False,0,False,,False,False
NCT05081102,2024.0,2021-2026,PHASE3,drug,2,288.0,INDUSTRY,COMPLETED,RANDOMIZED,True,QUADRUPLE,4.0,True,True,PARALLEL,True,active,True,,,,,True,True,False,False,False,0,False,NO,False,False
NCT06823180,2025.0,2021-2026,PHASE4,drug,3,105.0,OTHER,COMPLETED,RANDOMIZED,True,TRIPLE,3.0,True,True,PARALLEL,True,placebo/sham,True,,,,,True,False,True,False,False,0,False,NO,False,True
NCT06229054,2024.0,2021-2026,EARLY_PHASE1,drug,2,56.0,OTHER,COMPLETED,RANDOMIZED,True,DOUBLE,2.0,True,True,PARALLEL,True,none/single-group,False,,,,,False,False,False,False,False,0,False,NO,False,True
NCT02642718,2001.0,<=2015,PHASE4,drug,2,48.0,OTHER,COMPLETED,RANDOMIZED,True,QUADRUPLE,4.0,True,True,PARALLEL,False,placebo/sham,True,,,,,True,False,False,False,False,0,False,NO,False,False
NCT03216187,2018.0,2016-2020,PHASE3,drug,2,126.0,OTHER,TERMINATED,RANDOMIZED,True,QUADRUPLE,4.0,True,True,PARALLEL,True,placebo/sham,True,,,,,True,False,False,False,False,0,False,UNDECIDED,False,True
NCT05172739,2021.0,2021-2026,PHASE4,drug,2,70.0,OTHER,RECRUITING,RANDOMIZED,True,QUADRUPLE,4.0,True,True,PARALLEL,False,active,True,,,,,True,False,False,False,False,0,False,NO,False,False
NCT05996133,2023.0,2021-2026,PHASE4,drug,2,38.0,OTHER,RECRUITING,RANDOMIZED,True,DOUBLE,2.0,True,True,PARALLEL,False,placebo/sham,True,,,,,True,False,False,False,True,0,False,NO,False,True
NCT01559740,2010.0,<=2015,PHASE2,drug,2,36.0,OTHER,COMPLETED,RANDOMIZED,True,TRIPLE,3.0,True,True,PARALLEL,False,none/single-group,False,,,,,False,False,False,False,False,0,False,,False,True
NCT01115673,2010.0,<=2015,PHASE3,drug,3,540.0,INDUSTRY,COMPLETED,RANDOMIZED,True,DOUBLE,2.0,True,True,PARALLEL,True,placebo/sham,True,540.0,540.0,0.0,True,True,True,True,True,False,1,True,,False,False
NCT04133051,2018.0,2016-2020,PHASE2,drug,2,34.0,OTHER,COMPLETED,RANDOMIZED,True,NONE,0.0,False,False,PARALLEL,False,active,True,,,,,False,False,False,False,False,0,False,NO,False,
NCT07627945,2025.0,2021-2026,NA,drug,2,58.0,INDUSTRY,COMPLETED,RANDOMIZED,True,TRIPLE,3.0,True,True,PARALLEL,True,active,True,,,,,False,True,False,False,False,0,False,NO,False,True
NCT05907993,2023.0,2021-2026,PHASE4,drug,2,50.0,OTHER,COMPLETED,RANDOMIZED,True,QUADRUPLE,4.0,True,True,PARALLEL,False,active,True,,,,,True,True,False,False,False,0,False,YES,True,False
NCT01923948,2013.0,<=2015,NA,drug,2,40.0,OTHER,COMPLETED,RANDOMIZED,True,TRIPLE,3.0,True,True,PARALLEL,True,placebo/sham,True,,,,,False,True,False,False,False,0,False,,False,True
NCT05083663,2021.0,2021-2026,PHASE2;PHASE3,drug,2,40.0,OTHER,UNKNOWN,RANDOMIZED,True,TRIPLE,3.0,True,True,PARALLEL,False,no-intervention,True,,,,,True,False,False,False,False,0,False,NO,False,True
NCT07666009,2026.0,2021-2026,NA,drug,2,100.0,OTHER,NOT_YET_RECRUITING,RANDOMIZED,True,DOUBLE,2.0,True,True,PARALLEL,True,active,True,,,,,False,True,False,False,False,0,False,NO,False,True
NCT06621849,2024.0,2021-2026,EARLY_PHASE1,both,2,70.0,OTHER,COMPLETED,RANDOMIZED,True,QUADRUPLE,4.0,True,True,PARALLEL,True,active,True,,,,,False,False,False,False,False,1,True,,False,
NCT07064993,2026.0,2021-2026,PHASE4,drug,3,135.0,OTHER,NOT_YET_RECRUITING,RANDOMIZED,True,QUADRUPLE,4.0,True,True,PARALLEL,True,placebo/sham,True,,,,,True,True,True,False,False,0,False,NO,False,False
NCT01052038,2010.0,<=2015,PHASE4,drug,3,120.0,OTHER,COMPLETED,RANDOMIZED,True,TRIPLE,3.0,True,True,PARALLEL,True,placebo/sham,True,120.0,106.0,0.1166666666666667,True,True,False,True,True,True,0,False,,False,False
NCT00188071,2002.0,<=2015,NA,drug,0,240.0,OTHER_GOV,COMPLETED,RANDOMIZED,True,SINGLE,1.0,True,False,PARALLEL,True,none/single-group,False,,,,,False,True,False,False,False,0,False,,False,
NCT05893160,2026.0,2021-2026,PHASE1,drug,2,0.0,OTHER,WITHDRAWN,RANDOMIZED,True,DOUBLE,2.0,True,True,PARALLEL,False,placebo/sham,True,,,,,False,True,False,False,False,0,False,NO,False,True
NCT05506787,2020.0,2016-2020,PHASE4,drug,2,120.0,OTHER,COMPLETED,RANDOMIZED,True,QUADRUPLE,4.0,True,True,PARALLEL,True,placebo/sham,True,,,,,True,False,False,False,False,0,False,NO,False,
NCT07226700,2025.0,2021-2026,PHASE3,drug,2,210.0,OTHER,RECRUITING,RANDOMIZED,True,TRIPLE,3.0,True,True,PARALLEL,True,placebo/sham,True,,,,,True,True,False,False,False,0,False,YES,True,
NCT00456638,2008.0,<=2015,NA,drug,2,0.0,OTHER,WITHDRAWN,RANDOMIZED,True,QUADRUPLE,4.0,True,True,PARALLEL,False,active,True,,,,,False,False,False,False,False,0,False,,False,False
NCT07079514,2025.0,2021-2026,PHASE1;PHASE2,drug,2,60.0,OTHER,COMPLETED,RANDOMIZED,True,QUADRUPLE,4.0,True,True,PARALLEL,True,placebo/sham,True,,,,,False,False,False,False,True,0,False,YES,True,True
NCT00240864,,,PHASE4,drug,3,224.0,INDUSTRY,COMPLETED,RANDOMIZED,True,DOUBLE,2.0,True,True,PARALLEL,True,placebo/sham,True,,,,,True,True,True,False,False,0,False,,False,
NCT07109388,2025.0,2021-2026,NA,drug,2,50.0,OTHER,NOT_YET_RECRUITING,RANDOMIZED,True,QUADRUPLE,4.0,True,True,PARALLEL,True,active,True,,,,,False,True,False,False,False,0,False,NO,False,True
NCT02456909,2015.0,<=2015,NA,both,2,176.0,OTHER,COMPLETED,RANDOMIZED,True,NONE,0.0,False,False,PARALLEL,True,placebo/sham,True,176.0,125.0,0.2897727272727273,False,False,False,False,True,False,0,False,,False,False
NCT05074056,2022.0,2021-2026,PHASE4,drug,2,142.0,OTHER,COMPLETED,RANDOMIZED,True,QUADRUPLE,4.0,True,True,PARALLEL,True,placebo/sham,True,,,,,True,True,False,False,False,0,False,NO,False,True
NCT04444830,2021.0,2021-2026,PHASE4,drug,2,0.0,OTHER,WITHDRAWN,RANDOMIZED,True,NONE,0.0,False,False,PARALLEL,False,no-intervention,True,,,,,True,True,False,False,False,0,False,NO,False,True
NCT02619799,2015.0,<=2015,PHASE2;PHASE3,drug,2,50.0,OTHER,COMPLETED,RANDOMIZED,True,DOUBLE,2.0,True,True,PARALLEL,False,active,True,50.0,50.0,0.0,True,True,True,False,True,False,0,False,NO,False,True
NCT01150474,2011.0,<=2015,PHASE4,drug,2,103.0,OTHER,COMPLETED,RANDOMIZED,True,QUADRUPLE,4.0,True,True,PARALLEL,True,placebo/sham,True,103.0,90.0,0.12621359223300976,True,True,True,False,True,False,0,False,,False,False
NCT06112223,2023.0,2021-2026,NA,drug,2,50.0,OTHER,COMPLETED,RANDOMIZED,True,DOUBLE,2.0,True,True,PARALLEL,True,none/single-group,False,,,,,False,False,False,False,False,0,False,YES,True,False
NCT04074265,2019.0,2016-2020,PHASE4,drug,2,34.0,OTHER,COMPLETED,RANDOMIZED,True,TRIPLE,3.0,True,True,PARALLEL,False,placebo/sham,True,34.0,34.0,0.0,True,True,True,False,True,False,0,False,NO,False,False
NCT03823534,2019.0,2016-2020,PHASE3,drug,2,60.0,OTHER,RECRUITING,RANDOMIZED,True,DOUBLE,2.0,True,True,PARALLEL,False,placebo/sham,True,,,,,True,True,False,False,False,0,False,NO,False,False
NCT03225313,2017.0,2016-2020,NA,drug,3,75.0,OTHER,COMPLETED,RANDOMIZED,True,QUADRUPLE,4.0,True,True,PARALLEL,True,placebo/sham,True,75.0,75.0,0.0,True,False,False,True,True,False,0,False,,False,
NCT03383588,2018.0,2016-2020,PHASE2,drug,3,26.0,OTHER,TERMINATED,RANDOMIZED,True,TRIPLE,3.0,True,True,PARALLEL,False,placebo/sham,True,26.0,26.0,0.0,True,False,False,True,True,False,0,False,NO,False,True
NCT03783312,2018.0,2016-2020,NA,drug,3,60.0,OTHER,COMPLETED,RANDOMIZED,True,SINGLE,1.0,True,False,PARALLEL,True,placebo/sham,True,,,,,False,True,True,False,False,0,False,NO,False,False
NCT07102459,2025.0,2021-2026,PHASE2,drug,4,343.0,INDUSTRY,COMPLETED,RANDOMIZED,True,QUADRUPLE,4.0,True,True,PARALLEL,True,placebo/sham,True,,,,,False,True,True,False,False,0,False,NO,False,True
NCT02726828,2015.0,<=2015,PHASE2;PHASE3,drug,3,90.0,OTHER,COMPLETED,RANDOMIZED,True,TRIPLE,3.0,True,True,CROSSOVER,False,active,True,,,,,True,True,True,False,False,0,False,UNDECIDED,False,True
NCT02300077,2014.0,<=2015,NA,drug,3,60.0,OTHER,COMPLETED,RANDOMIZED,True,DOUBLE,2.0,True,True,PARALLEL,True,active,True,60.0,60.0,0.0,True,False,True,True,True,False,1,True,NO,False,False
NCT06179628,2023.0,2021-2026,NA,drug,2,140.0,OTHER,COMPLETED,RANDOMIZED,True,QUADRUPLE,4.0,True,True,PARALLEL,True,placebo/sham,True,,,,,False,True,False,False,True,1,True,NO,False,
NCT07430085,2026.0,2021-2026,PHASE4,drug,2,150.0,OTHER,NOT_YET_RECRUITING,RANDOMIZED,True,DOUBLE,2.0,True,True,PARALLEL,True,active,True,,,,,True,True,False,False,False,0,False,NO,False,False
NCT03636165,2022.0,2021-2026,PHASE4,drug,2,90.0,OTHER,UNKNOWN,RANDOMIZED,True,DOUBLE,2.0,True,True,PARALLEL,False,active,True,,,,,True,False,False,False,False,1,True,UNDECIDED,False,False
NCT05974423,2022.0,2021-2026,PHASE4,drug,2,60.0,OTHER,UNKNOWN,RANDOMIZED,True,NONE,0.0,False,False,PARALLEL,False,active,True,,,,,True,True,False,False,False,0,False,,False,False
NCT01230463,2010.0,<=2015,NA,drug,2,50.0,OTHER,UNKNOWN,RANDOMIZED,True,QUADRUPLE,4.0,True,True,PARALLEL,True,active,True,,,,,False,True,False,False,False,0,False,,False,True
NCT06176222,2023.0,2021-2026,PHASE4,drug,2,70.0,OTHER,UNKNOWN,RANDOMIZED,True,QUADRUPLE,4.0,True,True,PARALLEL,False,placebo/sham,True,,,,,True,True,False,False,False,0,False,,False,
NCT05666089,2023.0,2021-2026,EARLY_PHASE1,drug,2,30.0,OTHER,UNKNOWN,RANDOMIZED,True,DOUBLE,2.0,True,True,PARALLEL,True,active,True,,,,,False,True,False,False,False,0,False,UNDECIDED,False,
NCT00470600,2007.0,<=2015,PHASE3,drug,2,185.0,INDUSTRY,COMPLETED,RANDOMIZED,True,QUADRUPLE,4.0,True,True,PARALLEL,True,placebo/sham,True,185.0,185.0,0.0,True,True,True,False,True,False,0,False,,False,True
NCT04442750,2020.0,2016-2020,NA,both,3,100.0,OTHER,UNKNOWN,RANDOMIZED,True,TRIPLE,3.0,True,True,PARALLEL,True,none/single-group,False,,,,,False,True,True,False,False,0,False,NO,False,False
NCT00859313,2009.0,<=2015,PHASE2,drug,1,30.0,INDUSTRY,COMPLETED,NA,False,NONE,0.0,False,False,SINGLE_GROUP,False,none/single-group,False,30.0,26.0,0.1333333333333333,True,False,True,False,True,False,0,False,,False,False
NCT02969187,2016.0,2016-2020,PHASE4,drug,2,126.0,OTHER,COMPLETED,RANDOMIZED,True,DOUBLE,2.0,True,True,PARALLEL,True,active,True,126.0,101.0,0.19841269841269837,True,True,True,False,True,False,0,False,,False,False
NCT03394807,2016.0,2016-2020,PHASE4,drug,2,76.0,OTHER,COMPLETED,RANDOMIZED,True,QUADRUPLE,4.0,True,True,PARALLEL,False,placebo/sham,True,,,,,True,True,False,False,False,0,False,NO,False,False
NCT07485803,2026.0,2021-2026,PHASE4,drug,2,192.0,OTHER,RECRUITING,RANDOMIZED,True,DOUBLE,2.0,True,True,PARALLEL,True,no-intervention,True,,,,,True,True,False,False,False,0,False,NO,False,False
NCT01454063,2011.0,<=2015,PHASE3,drug,2,405.0,INDUSTRY,COMPLETED,RANDOMIZED,True,QUADRUPLE,4.0,True,True,PARALLEL,True,placebo/sham,True,405.0,402.0,0.007407407407407418,True,True,True,False,True,False,0,False,,False,False
NCT07578311,2026.0,2021-2026,NA,drug,3,40.0,OTHER,NOT_YET_RECRUITING,RANDOMIZED,True,DOUBLE,2.0,True,True,PARALLEL,True,active,True,,,,,False,True,True,False,False,0,False,NO,False,True
NCT02339766,2015.0,<=2015,NA,both,3,8.0,OTHER,TERMINATED,RANDOMIZED,True,TRIPLE,3.0,True,True,PARALLEL,False,placebo/sham,True,,,,,False,True,True,False,False,0,False,UNDECIDED,False,False
NCT02737124,2017.0,2016-2020,PHASE3,drug,2,0.0,OTHER,WITHDRAWN,RANDOMIZED,True,DOUBLE,2.0,True,True,CROSSOVER,False,active,True,,,,,True,True,False,False,False,0,False,,False,False
NCT03268525,2017.0,2016-2020,EARLY_PHASE1,drug,2,60.0,OTHER_GOV,COMPLETED,RANDOMIZED,True,QUADRUPLE,4.0,True,True,PARALLEL,True,placebo/sham,True,,,,,False,False,False,False,False,0,False,NO,False,True
NCT05624359,2023.0,2021-2026,NA,drug,2,216.0,OTHER,SUSPENDED,RANDOMIZED,True,DOUBLE,2.0,True,True,PARALLEL,True,active,True,,,,,False,False,False,False,False,0,False,NO,False,False
NCT03007927,2016.0,2016-2020,PHASE4,drug,2,82.0,OTHER,COMPLETED,RANDOMIZED,True,DOUBLE,2.0,True,True,PARALLEL,False,active,True,,,,,True,False,False,False,False,0,False,YES,True,True
NCT01868633,2013.0,<=2015,PHASE4,drug,2,52.0,OTHER,COMPLETED,RANDOMIZED,True,QUADRUPLE,4.0,True,True,PARALLEL,False,placebo/sham,True,52.0,52.0,0.0,True,True,False,False,True,False,0,False,,False,True
NCT06537323,2024.0,2021-2026,NA,drug,3,210.0,OTHER,RECRUITING,RANDOMIZED,True,TRIPLE,3.0,True,True,PARALLEL,True,none/single-group,False,,,,,False,True,True,False,False,0,False,NO,False,False
NCT04148729,2019.0,2016-2020,PHASE4,drug,2,40.0,OTHER,COMPLETED,RANDOMIZED,True,DOUBLE,2.0,True,True,PARALLEL,False,placebo/sham,True,,,,,True,True,False,False,False,0,False,NO,False,True
NCT03591289,2018.0,2016-2020,PHASE4,drug,2,0.0,OTHER,WITHDRAWN,RANDOMIZED,True,TRIPLE,3.0,True,True,PARALLEL,False,active,True,,,,,True,True,False,False,False,0,False,NO,False,False
NCT05046639,2021.0,2021-2026,PHASE4,drug,2,1.0,OTHER,TERMINATED,RANDOMIZED,True,QUADRUPLE,4.0,True,True,CROSSOVER,False,placebo/sham,True,1.0,1.0,0.0,True,True,True,False,True,True,0,False,NO,False,True
NCT07337135,2023.0,2021-2026,NA,drug,2,60.0,OTHER,COMPLETED,RANDOMIZED,True,NONE,0.0,False,False,PARALLEL,True,active,True,60.0,60.0,0.0,True,False,True,False,True,False,1,True,NO,False,False
NCT02659501,2015.0,<=2015,NA,drug,2,24.0,OTHER,TERMINATED,RANDOMIZED,True,SINGLE,1.0,True,False,PARALLEL,False,active,True,24.0,24.0,0.0,True,False,True,False,True,False,0,False,NO,False,False
NCT03739021,2019.0,2016-2020,PHASE2;PHASE3,drug,2,60.0,OTHER,NOT_YET_RECRUITING,RANDOMIZED,True,NONE,0.0,False,False,PARALLEL,False,none/single-group,False,,,,,True,True,False,False,False,0,False,YES,True,False
NCT07266233,2025.0,2021-2026,NA,both,2,50.0,OTHER,ACTIVE_NOT_RECRUITING,RANDOMIZED,True,SINGLE,1.0,True,False,PARALLEL,True,placebo/sham,True,,,,,False,True,False,False,False,0,False,NO,False,
NCT02678585,2015.0,<=2015,NA,drug,2,106.0,OTHER,COMPLETED,RANDOMIZED,True,QUADRUPLE,4.0,True,True,PARALLEL,True,active,True,,,,,False,False,False,False,False,0,False,,False,
NCT02951351,2016.0,2016-2020,NA,both,2,36.0,OTHER,COMPLETED,RANDOMIZED,True,SINGLE,1.0,True,False,PARALLEL,True,active,True,36.0,36.0,0.0,True,False,False,False,True,False,0,False,,False,True
NCT02223377,2015.0,<=2015,NA,drug,2,402.0,OTHER,COMPLETED,RANDOMIZED,True,QUADRUPLE,4.0,True,True,PARALLEL,True,active,True,402.0,402.0,0.0,True,False,True,False,True,False,3,True,,False,False
NCT00178178,2005.0,<=2015,NA,both,4,96.0,OTHER,COMPLETED,RANDOMIZED,True,SINGLE,1.0,True,False,PARALLEL,True,placebo/sham,True,96.0,96.0,0.0,True,False,True,True,True,False,0,False,,False,False
NCT03158376,2015.0,<=2015,PHASE3,drug,2,201.0,OTHER,COMPLETED,RANDOMIZED,True,QUADRUPLE,4.0,True,True,PARALLEL,True,placebo/sham,True,,,,,True,True,False,False,False,0,False,NO,False,True
NCT07340944,2022.0,2021-2026,NA,drug,3,45.0,OTHER,COMPLETED,RANDOMIZED,True,NONE,0.0,False,False,PARALLEL,True,active,True,,,,,False,True,True,False,False,0,False,NO,False,True
NCT04360135,2020.0,2016-2020,PHASE2;PHASE3,drug,2,0.0,OTHER,WITHDRAWN,RANDOMIZED,True,DOUBLE,2.0,True,True,PARALLEL,False,placebo/sham,True,,,,,True,True,False,False,False,0,False,NO,False,False
NCT01688596,2012.0,<=2015,PHASE1,drug,2,135.0,OTHER,COMPLETED,RANDOMIZED,True,DOUBLE,2.0,True,True,PARALLEL,True,active,True,135.0,118.0,0.12592592592592589,True,False,False,False,True,False,0,False,NO,False,True
NCT06793293,2024.0,2021-2026,NA,both,2,40.0,OTHER,ENROLLING_BY_INVITATION,RANDOMIZED,True,SINGLE,1.0,True,False,PARALLEL,True,active,True,,,,,False,True,False,False,False,0,False,UNDECIDED,False,True
NCT02653144,2016.0,2016-2020,PHASE4,drug,3,105.0,OTHER,COMPLETED,RANDOMIZED,True,DOUBLE,2.0,True,True,PARALLEL,True,active,True,89.0,89.0,0.0,True,True,True,True,True,False,0,False,NO,False,True
NCT02128022,2014.0,<=2015,PHASE1,drug,4,32.0,OTHER_GOV,COMPLETED,NON_RANDOMIZED,False,NONE,0.0,False,False,FACTORIAL,True,active,True,,,,,False,False,True,False,False,1,True,,False,False
NCT05972122,2023.0,2021-2026,NA,drug,2,0.0,OTHER,WITHDRAWN,RANDOMIZED,True,DOUBLE,2.0,True,True,PARALLEL,False,placebo/sham,True,,,,,False,True,False,False,False,0,False,NO,False,False
NCT07358065,2026.0,2021-2026,NA,drug,3,135.0,OTHER,NOT_YET_RECRUITING,RANDOMIZED,True,NONE,0.0,False,False,PARALLEL,True,none/single-group,False,,,,,False,False,True,False,False,0,False,NO,False,True
NCT03372304,2017.0,2016-2020,PHASE4,drug,3,85.0,OTHER,COMPLETED,RANDOMIZED,True,QUADRUPLE,4.0,True,True,PARALLEL,False,active,True,,,,,True,True,True,False,False,0,False,UNDECIDED,False,True
NCT07472959,2026.0,2021-2026,PHASE4,drug,2,60.0,OTHER,RECRUITING,RANDOMIZED,True,TRIPLE,3.0,True,True,PARALLEL,False,no-intervention,True,,,,,True,False,False,False,False,0,False,UNDECIDED,False,True
NCT07434310,2026.0,2021-2026,PHASE3,drug,2,70.0,OTHER,NOT_YET_RECRUITING,RANDOMIZED,True,QUADRUPLE,4.0,True,True,PARALLEL,False,placebo/sham,True,,,,,True,False,False,False,False,0,False,NO,False,False
NCT02001259,2014.0,<=2015,PHASE4,drug,2,108.0,OTHER,COMPLETED,RANDOMIZED,True,TRIPLE,3.0,True,True,PARALLEL,True,active,True,,,,,True,True,False,False,False,0,False,,False,True
NCT02107339,2014.0,<=2015,PHASE4,drug,2,120.0,OTHER,COMPLETED,RANDOMIZED,True,QUADRUPLE,4.0,True,True,PARALLEL,True,active,True,120.0,115.0,0.04166666666666663,True,True,True,False,True,False,0,False,,False,False
NCT06423339,2024.0,2021-2026,NA,both,2,50.0,OTHER,COMPLETED,RANDOMIZED,True,DOUBLE,2.0,True,True,PARALLEL,True,none/single-group,False,,,,,False,True,False,False,False,1,True,NO,False,False
NCT06465992,2024.0,2021-2026,PHASE4,drug,2,126.0,OTHER,UNKNOWN,RANDOMIZED,True,DOUBLE,2.0,True,True,PARALLEL,True,active,True,,,,,True,True,False,False,False,0,False,,False,
NCT01451762,2011.0,<=2015,NA,drug,3,90.0,OTHER,COMPLETED,RANDOMIZED,True,QUADRUPLE,4.0,True,True,PARALLEL,True,placebo/sham,True,90.0,75.0,0.16666666666666663,True,False,False,True,True,False,0,False,,False,False
NCT03328299,2017.0,2016-2020,PHASE2;PHASE3,drug,2,24.0,OTHER,COMPLETED,RANDOMIZED,True,DOUBLE,2.0,True,True,PARALLEL,False,placebo/sham,True,,,,,True,True,False,False,False,1,True,UNDECIDED,False,False
NCT01117610,2010.0,<=2015,PHASE4,drug,2,60.0,OTHER,UNKNOWN,RANDOMIZED,True,DOUBLE,2.0,True,True,PARALLEL,False,placebo/sham,True,,,,,True,True,False,False,False,1,True,,False,False
NCT01291979,2011.0,<=2015,PHASE4,drug,2,62.0,OTHER,UNKNOWN,RANDOMIZED,True,DOUBLE,2.0,True,True,PARALLEL,False,placebo/sham,True,,,,,True,True,False,False,False,0,False,,False,False
NCT05744674,2023.0,2021-2026,PHASE2,drug,2,96.0,INDUSTRY,UNKNOWN,RANDOMIZED,True,QUADRUPLE,4.0,True,True,PARALLEL,True,active,True,,,,,False,False,False,False,False,0,False,UNDECIDED,False,
NCT05841693,2023.0,2021-2026,PHASE4,drug,2,100.0,OTHER,COMPLETED,RANDOMIZED,True,QUADRUPLE,4.0,True,True,PARALLEL,True,placebo/sham,True,,,,,True,True,False,False,False,0,False,NO,False,True
NCT01025102,2010.0,<=2015,PHASE3,drug,1,26.0,OTHER,COMPLETED,RANDOMIZED,True,QUADRUPLE,4.0,True,True,PARALLEL,False,none/single-group,False,,,,,True,False,False,False,False,0,False,,False,True
NCT06280456,2022.0,2021-2026,NA,drug,2,150.0,OTHER_GOV,COMPLETED,RANDOMIZED,True,SINGLE,1.0,True,False,SINGLE_GROUP,True,none/single-group,False,,,,,False,True,False,False,False,0,False,,False,
NCT04102566,2017.0,2016-2020,PHASE4,drug,2,50.0,OTHER,RECRUITING,RANDOMIZED,True,NONE,0.0,False,False,PARALLEL,False,no-intervention,True,,,,,True,True,False,False,False,0,False,NO,False,False
NCT03789058,2018.0,2016-2020,PHASE2;PHASE3,drug,2,70.0,OTHER,UNKNOWN,RANDOMIZED,True,DOUBLE,2.0,True,True,PARALLEL,False,active,True,,,,,True,False,False,False,False,0,False,NO,False,True
NCT01118572,2010.0,<=2015,PHASE3,drug,3,616.0,INDUSTRY,COMPLETED,RANDOMIZED,True,QUADRUPLE,4.0,True,True,PARALLEL,True,placebo/sham,True,,,,,True,True,True,False,False,0,False,,False,False
NCT07687394,2026.0,2021-2026,PHASE4,drug,2,160.0,OTHER,NOT_YET_RECRUITING,NON_RANDOMIZED,False,QUADRUPLE,4.0,True,True,PARALLEL,True,active,True,,,,,True,True,False,False,False,0,False,YES,True,True
NCT00335972,2006.0,<=2015,PHASE4,drug,2,142.0,OTHER,TERMINATED,RANDOMIZED,True,TRIPLE,3.0,True,True,PARALLEL,True,active,True,142.0,139.0,0.021126760563380254,True,True,False,False,True,False,0,False,NO,False,True
NCT05935306,2024.0,2021-2026,NA,both,2,34.0,OTHER,RECRUITING,RANDOMIZED,True,TRIPLE,3.0,True,True,PARALLEL,True,active,True,,,,,False,True,False,False,False,1,True,YES,True,False
NCT01539642,2012.0,<=2015,PHASE3,drug,2,172.0,INDUSTRY,COMPLETED,RANDOMIZED,True,QUADRUPLE,4.0,True,True,PARALLEL,True,placebo/sham,True,172.0,105.0,0.38953488372093026,False,True,True,False,True,False,0,False,,False,False
NCT03584152,2019.0,2016-2020,PHASE2,drug,2,159.0,OTHER,COMPLETED,RANDOMIZED,True,QUADRUPLE,4.0,True,True,PARALLEL,True,active,True,141.0,130.0,0.07801418439716312,True,False,False,False,True,False,0,False,NO,False,False
NCT03541759,2018.0,2016-2020,PHASE4,drug,2,48.0,OTHER,COMPLETED,RANDOMIZED,True,DOUBLE,2.0,True,True,PARALLEL,False,active,True,,,,,True,True,False,False,False,0,False,NO,False,True
NCT07490496,2026.0,2021-2026,PHASE3,drug,2,112.0,INDUSTRY,NOT_YET_RECRUITING,RANDOMIZED,True,TRIPLE,3.0,True,True,PARALLEL,True,placebo/sham,True,,,,,True,True,False,False,False,0,False,YES,True,False
NCT03467750,2018.0,2016-2020,PHASE4,drug,2,63.0,OTHER,COMPLETED,RANDOMIZED,True,SINGLE,1.0,True,False,PARALLEL,False,active,True,63.0,59.0,0.06349206349206349,True,True,False,False,True,False,0,False,NO,False,True
NCT07630896,2026.0,2021-2026,PHASE4,both,2,104.0,OTHER,NOT_YET_RECRUITING,RANDOMIZED,True,NONE,0.0,False,False,PARALLEL,True,placebo/sham,True,,,,,True,True,False,False,False,0,False,NO,False,False
NCT06458842,2014.0,<=2015,NA,drug,2,56.0,OTHER,TERMINATED,RANDOMIZED,True,QUADRUPLE,4.0,True,True,PARALLEL,True,placebo/sham,True,,,,,False,True,False,False,False,0,False,NO,False,
NCT06721988,2025.0,2021-2026,NA,drug,2,1316.0,OTHER,NOT_YET_RECRUITING,RANDOMIZED,True,QUADRUPLE,4.0,True,True,PARALLEL,True,placebo/sham,True,,,,,False,False,False,False,False,0,False,NO,False,True
NCT03859024,2019.0,2016-2020,PHASE4,drug,2,48.0,OTHER,COMPLETED,RANDOMIZED,True,NONE,0.0,False,False,PARALLEL,False,active,True,48.0,47.0,0.02083333333333337,True,True,True,False,True,False,0,False,NO,False,False
NCT07200544,2025.0,2021-2026,PHASE4,drug,3,300.0,OTHER,RECRUITING,RANDOMIZED,True,NONE,0.0,False,False,PARALLEL,True,active,True,,,,,True,False,True,False,False,0,False,NO,False,True
NCT02243943,2014.0,<=2015,PHASE4,drug,2,100.0,OTHER,COMPLETED,RANDOMIZED,True,DOUBLE,2.0,True,True,PARALLEL,True,active,True,100.0,100.0,0.0,True,True,True,False,True,False,0,False,,False,False
NCT05559437,2022.0,2021-2026,PHASE1,drug,2,60.0,INDUSTRY,COMPLETED,RANDOMIZED,True,TRIPLE,3.0,True,True,PARALLEL,True,none/single-group,False,,,,,False,True,False,False,False,0,False,UNDECIDED,False,True
NCT02096003,2014.0,<=2015,PHASE2,drug,2,80.0,OTHER,COMPLETED,RANDOMIZED,True,QUADRUPLE,4.0,True,True,PARALLEL,True,active,True,80.0,75.0,0.0625,True,False,True,False,True,False,0,False,,False,True
NCT03095404,2022.0,2021-2026,EARLY_PHASE1,drug,2,0.0,OTHER,WITHDRAWN,RANDOMIZED,True,QUADRUPLE,4.0,True,True,SINGLE_GROUP,False,none/single-group,False,,,,,False,False,False,False,False,0,False,UNDECIDED,False,False
NCT02453360,2015.0,<=2015,NA,both,3,60.0,OTHER,COMPLETED,RANDOMIZED,True,DOUBLE,2.0,True,True,PARALLEL,True,none/single-group,False,60.0,60.0,0.0,True,False,False,True,True,False,0,False,,False,False
NCT01324544,2011.0,<=2015,PHASE3,drug,1,0.0,INDUSTRY,WITHDRAWN,NON_RANDOMIZED,False,NONE,0.0,False,False,SINGLE_GROUP,False,none/single-group,False,,,,,True,True,False,False,False,0,False,,False,False
NCT04172272,2019.0,2016-2020,NA,both,3,75.0,OTHER,UNKNOWN,RANDOMIZED,True,SINGLE,1.0,True,False,PARALLEL,True,active,True,,,,,False,True,True,False,False,0,False,NO,False,True
NCT04003688,2019.0,2016-2020,NA,drug,3,74.0,OTHER,COMPLETED,RANDOMIZED,True,QUADRUPLE,4.0,True,True,PARALLEL,True,placebo/sham,True,,,,,False,True,True,False,False,0,False,NO,False,False
NCT04012424,2019.0,2016-2020,NA,drug,2,44.0,OTHER,COMPLETED,RANDOMIZED,True,DOUBLE,2.0,True,True,PARALLEL,True,placebo/sham,True,,,,,False,True,False,False,False,0,False,,False,False
NCT03104816,2016.0,2016-2020,PHASE4,drug,3,28.0,OTHER,TERMINATED,RANDOMIZED,True,QUADRUPLE,4.0,True,True,PARALLEL,False,active,True,28.0,22.0,0.2142857142857143,False,True,True,True,True,False,0,False,NO,False,True
NCT02255955,2014.0,<=2015,PHASE4,drug,3,75.0,OTHER_GOV,UNKNOWN,RANDOMIZED,True,TRIPLE,3.0,True,True,PARALLEL,False,placebo/sham,True,,,,,True,True,True,False,False,0,False,,False,True
NCT07332936,2023.0,2021-2026,NA,drug,2,43.0,OTHER,COMPLETED,NON_RANDOMIZED,False,SINGLE,1.0,True,False,PARALLEL,True,active,True,,,,,False,True,False,False,True,1,True,NO,False,False
NCT03035617,2015.0,<=2015,NA,drug,2,100.0,OTHER,UNKNOWN,RANDOMIZED,True,QUADRUPLE,4.0,True,True,PARALLEL,True,placebo/sham,True,,,,,False,True,False,False,False,1,True,NO,False,False
NCT01975285,2013.0,<=2015,PHASE4,drug,2,60.0,OTHER,COMPLETED,RANDOMIZED,True,QUADRUPLE,4.0,True,True,PARALLEL,False,placebo/sham,True,60.0,56.0,0.06666666666666665,True,True,False,False,True,False,0,False,YES,True,False
NCT04623632,2020.0,2016-2020,PHASE2,drug,2,60.0,OTHER,COMPLETED,RANDOMIZED,True,DOUBLE,2.0,True,True,PARALLEL,True,placebo/sham,True,,,,,False,False,False,False,False,0,False,NO,False,True
NCT04825704,2021.0,2021-2026,PHASE3,drug,2,84.0,OTHER,COMPLETED,RANDOMIZED,True,QUADRUPLE,4.0,True,True,PARALLEL,False,placebo/sham,True,,,,,True,True,False,False,False,0,False,,False,
NCT01632215,2010.0,<=2015,PHASE3,drug,2,40.0,OTHER,COMPLETED,RANDOMIZED,True,TRIPLE,3.0,True,True,PARALLEL,False,placebo/sham,True,40.0,37.0,0.07499999999999996,True,True,True,False,True,False,0,False,NO,False,False
NCT03044808,2016.0,2016-2020,PHASE4,drug,2,60.0,OTHER,COMPLETED,RANDOMIZED,True,QUADRUPLE,4.0,True,True,PARALLEL,False,placebo/sham,True,,,,,True,True,False,False,False,1,True,NO,False,True
NCT07654556,2026.0,2021-2026,NA,drug,2,64.0,OTHER,NOT_YET_RECRUITING,RANDOMIZED,True,TRIPLE,3.0,True,True,PARALLEL,True,active,True,,,,,False,False,False,False,False,0,False,,False,True
NCT00118820,2004.0,<=2015,PHASE3,drug,0,132.0,OTHER,COMPLETED,RANDOMIZED,True,DOUBLE,2.0,True,True,SINGLE_GROUP,True,none/single-group,False,,,,,True,True,False,False,False,0,False,,False,
NCT06671002,2025.0,2021-2026,PHASE4,drug,2,900.0,OTHER,RECRUITING,RANDOMIZED,True,SINGLE,1.0,True,False,PARALLEL,True,none/single-group,False,,,,,True,True,False,False,False,1,True,YES,True,True
NCT03874936,2020.0,2016-2020,PHASE2;PHASE3,drug,3,90.0,OTHER,COMPLETED,RANDOMIZED,True,QUADRUPLE,4.0,True,True,PARALLEL,False,placebo/sham,True,,,,,True,False,True,False,False,1,True,NO,False,True
NCT07268495,2024.0,2021-2026,NA,drug,4,100.0,OTHER,RECRUITING,RANDOMIZED,True,DOUBLE,2.0,True,True,PARALLEL,True,active,True,,,,,False,False,True,False,False,0,False,,False,True
NCT06860100,2025.0,2021-2026,NA,drug,3,90.0,OTHER,ACTIVE_NOT_RECRUITING,RANDOMIZED,True,DOUBLE,2.0,True,True,PARALLEL,True,placebo/sham,True,,,,,False,True,True,False,False,0,False,,False,False
NCT01798316,2013.0,<=2015,PHASE4,drug,2,105.0,OTHER,TERMINATED,RANDOMIZED,True,SINGLE,1.0,True,False,PARALLEL,True,active,True,105.0,105.0,0.0,True,True,True,False,True,False,0,False,NO,False,False
NCT03612947,2018.0,2016-2020,PHASE2,drug,2,60.0,OTHER,COMPLETED,RANDOMIZED,True,QUADRUPLE,4.0,True,True,PARALLEL,True,placebo/sham,True,,,,,False,False,False,False,False,0,False,,False,
NCT02006966,2014.0,<=2015,NA,drug,2,168.0,OTHER,COMPLETED,RANDOMIZED,True,DOUBLE,2.0,True,True,PARALLEL,True,active,True,,,,,False,False,False,False,False,0,False,,False,True
NCT03395912,2018.0,2016-2020,NA,drug,2,288.0,OTHER,COMPLETED,RANDOMIZED,True,NONE,0.0,False,False,PARALLEL,True,no-intervention,True,,,,,False,False,False,False,True,1,True,UNDECIDED,False,True
NCT07531147,2026.0,2021-2026,PHASE4,drug,3,100.0,OTHER,NOT_YET_RECRUITING,RANDOMIZED,True,TRIPLE,3.0,True,True,PARALLEL,True,placebo/sham,True,,,,,True,True,True,False,False,0,False,NO,False,False
NCT01726530,2011.0,<=2015,NA,drug,2,50.0,OTHER,COMPLETED,RANDOMIZED,True,QUADRUPLE,4.0,True,True,PARALLEL,True,placebo/sham,True,,,,,False,True,False,False,False,0,False,,False,False
NCT07209345,2025.0,2021-2026,NA,drug,2,216.0,OTHER,RECRUITING,RANDOMIZED,True,DOUBLE,2.0,True,True,PARALLEL,True,active,True,,,,,False,False,False,False,False,0,False,,False,True
NCT03936387,2019.0,2016-2020,PHASE3,drug,1,10.0,OTHER,COMPLETED,NA,False,NONE,0.0,False,False,SINGLE_GROUP,False,none/single-group,False,10.0,10.0,0.0,True,True,True,False,True,False,0,False,NO,False,False
NCT03737292,2019.0,2016-2020,PHASE4,drug,2,40.0,OTHER,RECRUITING,RANDOMIZED,True,TRIPLE,3.0,True,True,PARALLEL,False,active,True,,,,,True,True,False,False,False,0,False,NO,False,True
NCT00895843,2006.0,<=2015,NA,drug,2,122.0,OTHER,COMPLETED,RANDOMIZED,True,TRIPLE,3.0,True,True,PARALLEL,True,active,True,122.0,98.0,0.19672131147540983,True,False,False,False,True,False,0,False,,False,True
NCT02544282,2014.0,<=2015,PHASE4,drug,2,140.0,OTHER,COMPLETED,RANDOMIZED,True,QUADRUPLE,4.0,True,True,PARALLEL,True,placebo/sham,True,,,,,True,False,False,False,True,0,False,,False,False
NCT00262262,2004.0,<=2015,NA,drug,0,25.0,OTHER,COMPLETED,RANDOMIZED,True,QUADRUPLE,4.0,True,True,CROSSOVER,False,none/single-group,False,,,,,False,True,False,False,False,0,False,,False,False
NCT06894719,2026.0,2021-2026,PHASE4,drug,3,351.0,OTHER,NOT_YET_RECRUITING,RANDOMIZED,True,TRIPLE,3.0,True,True,PARALLEL,True,placebo/sham,True,,,,,True,True,True,False,False,0,False,YES,True,False
NCT00403234,2006.0,<=2015,PHASE2,drug,4,10.0,INDUSTRY,TERMINATED,RANDOMIZED,True,DOUBLE,2.0,True,True,PARALLEL,False,placebo/sham,True,10.0,7.0,0.30000000000000004,False,False,True,True,True,False,0,False,,False,
NCT05534945,2022.0,2021-2026,NA,drug,12,60.0,OTHER,RECRUITING,RANDOMIZED,True,TRIPLE,3.0,True,True,SEQUENTIAL,True,none/single-group,False,,,,,False,True,True,False,False,0,False,NO,False,False
NCT03745105,2018.0,2016-2020,NA,drug,3,42.0,OTHER,UNKNOWN,RANDOMIZED,True,SINGLE,1.0,True,False,PARALLEL,True,active,True,,,,,False,True,True,False,False,0,False,UNDECIDED,False,
NCT03592485,2018.0,2016-2020,PHASE4,both,2,33.0,OTHER,COMPLETED,RANDOMIZED,True,SINGLE,1.0,True,False,PARALLEL,False,none/single-group,False,,,,,True,True,False,False,False,1,True,NO,False,False
NCT03997812,2019.0,2016-2020,PHASE2,drug,2,60.0,INDUSTRY,COMPLETED,RANDOMIZED,True,QUADRUPLE,4.0,True,True,PARALLEL,True,placebo/sham,True,,,,,False,True,False,False,False,0,False,NO,False,False
NCT03903367,2019.0,2016-2020,PHASE1;PHASE2,drug,2,44.0,OTHER,UNKNOWN,RANDOMIZED,True,SINGLE,1.0,True,False,PARALLEL,False,active,True,,,,,False,False,False,False,False,0,False,NO,False,
NCT04104919,2021.0,2021-2026,PHASE2,drug,2,0.0,INDUSTRY,WITHDRAWN,RANDOMIZED,True,TRIPLE,3.0,True,True,PARALLEL,False,placebo/sham,True,,,,,False,True,False,False,False,0,False,NO,False,True
NCT02775474,2016.0,2016-2020,PHASE4,drug,2,32.0,OTHER,COMPLETED,RANDOMIZED,True,QUADRUPLE,4.0,True,True,PARALLEL,False,active,True,,,,,True,False,False,False,True,0,False,UNDECIDED,False,False
NCT01736358,2012.0,<=2015,PHASE4,drug,2,50.0,OTHER,TERMINATED,RANDOMIZED,True,DOUBLE,2.0,True,True,PARALLEL,False,placebo/sham,True,50.0,43.0,0.14,True,True,False,False,True,False,0,False,,False,True
NCT03790007,2018.0,2016-2020,PHASE4,drug,4,3.0,OTHER,COMPLETED,RANDOMIZED,True,NONE,0.0,False,False,CROSSOVER,False,active,True,,,,,True,False,True,False,False,0,False,NO,False,False
NCT06095973,2023.0,2021-2026,PHASE1,drug,4,40.0,INDUSTRY,COMPLETED,RANDOMIZED,True,SINGLE,1.0,True,False,PARALLEL,True,none/single-group,False,,,,,False,True,True,False,False,0,False,,False,False
NCT03413371,2018.0,2016-2020,NA,drug,4,184.0,OTHER,COMPLETED,RANDOMIZED,True,TRIPLE,3.0,True,True,PARALLEL,True,none/single-group,False,,,,,False,False,True,False,True,0,False,YES,True,
NCT04860141,2021.0,2021-2026,PHASE4,drug,2,98.0,OTHER,RECRUITING,RANDOMIZED,True,TRIPLE,3.0,True,True,PARALLEL,False,placebo/sham,True,,,,,True,False,False,False,False,0,False,NO,False,True
NCT04169256,2020.0,2016-2020,PHASE1,drug,2,32.0,INDUSTRY,COMPLETED,RANDOMIZED,True,TRIPLE,3.0,True,True,PARALLEL,True,active,True,,,,,False,True,False,False,False,0,False,NO,False,True
NCT04836819,2021.0,2021-2026,NA,drug,3,78.0,OTHER,COMPLETED,RANDOMIZED,True,DOUBLE,2.0,True,True,PARALLEL,True,active,True,,,,,False,False,True,False,False,0,False,NO,False,False
NCT01602692,2012.0,<=2015,PHASE4,drug,2,40.0,OTHER,COMPLETED,RANDOMIZED,True,QUADRUPLE,4.0,True,True,PARALLEL,False,active,True,40.0,40.0,0.0,True,True,False,False,True,True,0,False,,False,False
NCT02731430,2015.0,<=2015,PHASE2;PHASE3,drug,2,100.0,OTHER,UNKNOWN,RANDOMIZED,True,TRIPLE,3.0,True,True,CROSSOVER,True,placebo/sham,True,,,,,True,True,False,False,False,0,False,UNDECIDED,False,True
NCT00769054,2008.0,<=2015,PHASE4,drug,2,48.0,OTHER,COMPLETED,RANDOMIZED,True,TRIPLE,3.0,True,True,PARALLEL,False,placebo/sham,True,,,,,True,False,False,False,False,0,False,,False,
NCT07525999,2026.0,2021-2026,PHASE4,drug,2,274.0,OTHER,NOT_YET_RECRUITING,RANDOMIZED,True,QUADRUPLE,4.0,True,True,PARALLEL,True,placebo/sham,True,,,,,True,False,False,False,False,0,False,NO,False,True
NCT04327063,2020.0,2016-2020,PHASE3,drug,2,182.0,OTHER,COMPLETED,RANDOMIZED,True,DOUBLE,2.0,True,True,PARALLEL,True,placebo/sham,True,,,,,True,True,False,False,True,0,False,YES,True,False
NCT03599427,2018.0,2016-2020,PHASE4,drug,2,60.0,OTHER,COMPLETED,RANDOMIZED,True,QUADRUPLE,4.0,True,True,PARALLEL,False,placebo/sham,True,,,,,True,False,False,False,False,0,False,UNDECIDED,False,False
NCT05091905,2022.0,2021-2026,PHASE4,drug,2,140.0,OTHER,ENROLLING_BY_INVITATION,RANDOMIZED,True,NONE,0.0,False,False,PARALLEL,True,active,True,,,,,True,True,False,False,False,0,False,NO,False,False
NCT01824082,2013.0,<=2015,PHASE4,drug,2,144.0,OTHER,COMPLETED,RANDOMIZED,True,QUADRUPLE,4.0,True,True,CROSSOVER,True,placebo/sham,True,144.0,144.0,0.0,True,True,True,False,True,False,3,True,,False,True
NCT03420586,2018.0,2016-2020,NA,drug,2,100.0,OTHER,COMPLETED,RANDOMIZED,True,DOUBLE,2.0,True,True,PARALLEL,True,active,True,,,,,False,True,False,False,False,0,False,UNDECIDED,False,False
NCT06860893,2025.0,2021-2026,PHASE4,drug,2,30.0,OTHER,COMPLETED,RANDOMIZED,True,TRIPLE,3.0,True,True,PARALLEL,False,placebo/sham,True,,,,,True,True,False,False,False,0,False,,False,False
NCT02274077,2016.0,2016-2020,PHASE4,drug,2,0.0,OTHER,WITHDRAWN,RANDOMIZED,True,QUADRUPLE,4.0,True,True,PARALLEL,False,placebo/sham,True,,,,,True,True,False,False,True,0,False,,False,True
NCT07653490,2026.0,2021-2026,NA,both,2,72.0,OTHER_GOV,RECRUITING,RANDOMIZED,True,SINGLE,1.0,True,False,PARALLEL,True,active,True,,,,,False,True,False,False,True,0,False,NO,False,False
NCT05303311,2022.0,2021-2026,PHASE4,drug,2,46.0,OTHER_GOV,COMPLETED,RANDOMIZED,True,DOUBLE,2.0,True,True,PARALLEL,False,active,True,,,,,True,True,False,False,False,0,False,,False,
NCT00699634,2009.0,<=2015,PHASE2,drug,0,50.0,OTHER,COMPLETED,RANDOMIZED,True,QUADRUPLE,4.0,True,True,PARALLEL,True,none/single-group,False,,,,,False,True,False,False,False,0,False,,False,True
NCT03846284,2017.0,2016-2020,NA,drug,3,93.0,OTHER,UNKNOWN,RANDOMIZED,True,QUADRUPLE,4.0,True,True,SEQUENTIAL,True,placebo/sham,True,,,,,False,False,True,False,False,0,False,NO,False,True
NCT00092339,2002.0,<=2015,PHASE3,drug,0,125.0,INDUSTRY,COMPLETED,RANDOMIZED,True,DOUBLE,2.0,True,True,PARALLEL,True,none/single-group,False,,,,,True,True,False,False,False,0,False,,False,
NCT02242591,2014.0,<=2015,PHASE4,drug,2,64.0,OTHER,COMPLETED,RANDOMIZED,True,QUADRUPLE,4.0,True,True,PARALLEL,False,placebo/sham,True,,,,,True,True,False,False,False,0,False,,False,True
NCT05727969,2023.0,2021-2026,NA,both,2,90.0,OTHER,COMPLETED,RANDOMIZED,True,TRIPLE,3.0,True,True,PARALLEL,True,placebo/sham,True,,,,,False,False,False,False,False,0,False,NO,False,
NCT06381401,2024.0,2021-2026,PHASE4,drug,2,60.0,OTHER,UNKNOWN,RANDOMIZED,True,DOUBLE,2.0,True,True,PARALLEL,False,active,True,,,,,True,False,False,False,False,0,False,,False,False
NCT02805920,2016.0,2016-2020,NA,drug,3,90.0,OTHER,COMPLETED,RANDOMIZED,True,TRIPLE,3.0,True,True,CROSSOVER,True,active,True,,,,,False,True,True,False,False,0,False,NO,False,True
NCT03902782,2019.0,2016-2020,NA,both,2,100.0,OTHER,COMPLETED,RANDOMIZED,True,TRIPLE,3.0,True,True,PARALLEL,True,placebo/sham,True,,,,,False,True,False,False,False,0,False,UNDECIDED,False,True
NCT05447364,2021.0,2021-2026,PHASE4,drug,2,82.0,OTHER,COMPLETED,RANDOMIZED,True,DOUBLE,2.0,True,True,PARALLEL,False,active,True,,,,,True,True,False,False,True,0,False,YES,True,True
NCT02884986,2015.0,<=2015,NA,drug,2,60.0,OTHER_GOV,COMPLETED,RANDOMIZED,True,DOUBLE,2.0,True,True,PARALLEL,True,placebo/sham,True,,,,,False,True,False,False,False,0,False,YES,True,True
NCT03137030,2017.0,2016-2020,PHASE1,drug,6,0.0,INDUSTRY,WITHDRAWN,RANDOMIZED,True,NONE,0.0,False,False,CROSSOVER,False,active,True,,,,,False,True,True,False,False,0,False,NO,False,False
NCT03249168,2017.0,2016-2020,PHASE3,drug,2,60.0,OTHER,COMPLETED,RANDOMIZED,True,TRIPLE,3.0,True,True,PARALLEL,False,active,True,,,,,True,False,False,False,False,0,False,,False,
NCT01466764,2011.0,<=2015,NA,drug,2,13.0,OTHER,TERMINATED,RANDOMIZED,True,TRIPLE,3.0,True,True,PARALLEL,False,placebo/sham,True,10.0,10.0,0.0,True,False,True,False,True,False,0,False,NO,False,True
NCT06406010,2024.0,2021-2026,PHASE4,drug,2,90.0,OTHER,RECRUITING,RANDOMIZED,True,TRIPLE,3.0,True,True,PARALLEL,False,placebo/sham,True,,,,,True,True,False,False,False,0,False,NO,False,True
NCT05904275,2023.0,2021-2026,NA,drug,2,60.0,OTHER,UNKNOWN,RANDOMIZED,True,QUADRUPLE,4.0,True,True,PARALLEL,True,none/single-group,False,,,,,False,False,False,False,True,0,False,NO,False,
NCT05274113,2022.0,2021-2026,PHASE3,drug,2,50.0,OTHER,UNKNOWN,RANDOMIZED,True,DOUBLE,2.0,True,True,PARALLEL,False,active,True,,,,,True,True,False,False,False,0,False,,False,
NCT01764464,2012.0,<=2015,PHASE4,drug,2,53.0,OTHER,COMPLETED,RANDOMIZED,True,TRIPLE,3.0,True,True,CROSSOVER,False,none/single-group,False,32.0,27.0,0.15625,True,True,True,False,True,False,0,False,,False,False
NCT02026141,2013.0,<=2015,PHASE4,drug,2,40.0,OTHER,COMPLETED,RANDOMIZED,True,QUADRUPLE,4.0,True,True,PARALLEL,False,placebo/sham,True,40.0,39.0,0.025000000000000022,True,True,True,False,True,False,1,True,,False,True
NCT06562634,2025.0,2021-2026,NA,both,2,40.0,OTHER,ENROLLING_BY_INVITATION,RANDOMIZED,True,DOUBLE,2.0,True,True,PARALLEL,True,none/single-group,False,,,,,False,False,False,False,True,0,False,,False,
NCT02036827,2013.0,<=2015,PHASE4,drug,3,108.0,OTHER,COMPLETED,RANDOMIZED,True,QUADRUPLE,4.0,True,True,PARALLEL,True,active,True,,,,,True,False,True,False,False,0,False,,False,False
NCT03995641,2019.0,2016-2020,PHASE4,drug,2,0.0,OTHER,WITHDRAWN,RANDOMIZED,True,SINGLE,1.0,True,False,PARALLEL,False,no-intervention,True,,,,,True,True,False,False,False,0,False,,False,
NCT07227064,2026.0,2021-2026,PHASE3,drug,2,162.0,OTHER,RECRUITING,RANDOMIZED,True,DOUBLE,2.0,True,True,PARALLEL,True,active,True,,,,,True,True,False,False,False,0,False,NO,False,True
NCT05316168,2023.0,2021-2026,PHASE3,both,2,154.0,OTHER,UNKNOWN,RANDOMIZED,True,DOUBLE,2.0,True,True,PARALLEL,True,active,True,,,,,True,False,False,False,False,0,False,,False,
NCT02530151,2015.0,<=2015,PHASE4,drug,2,70.0,OTHER,COMPLETED,RANDOMIZED,True,QUADRUPLE,4.0,True,True,PARALLEL,False,placebo/sham,True,70.0,33.0,0.5285714285714286,False,True,False,False,True,False,0,False,,False,False
NCT01972620,2010.0,<=2015,NA,drug,2,63.0,OTHER,COMPLETED,RANDOMIZED,True,SINGLE,1.0,True,False,PARALLEL,True,active,True,,,,,False,True,False,False,True,0,False,,False,True
NCT04033471,2019.0,2016-2020,PHASE1;PHASE2,drug,3,20.0,OTHER,UNKNOWN,RANDOMIZED,True,DOUBLE,2.0,True,True,PARALLEL,False,active,True,,,,,False,True,True,False,False,0,False,,False,
NCT06779396,2025.0,2021-2026,PHASE4,drug,2,128.0,OTHER,RECRUITING,RANDOMIZED,True,DOUBLE,2.0,True,True,PARALLEL,True,active,True,,,,,True,False,False,False,False,0,False,YES,True,True
NCT02856087,2014.0,<=2015,NA,drug,3,92.0,OTHER,COMPLETED,RANDOMIZED,True,QUADRUPLE,4.0,True,True,PARALLEL,True,placebo/sham,True,,,,,False,False,True,False,False,1,True,NO,False,False
NCT01017380,2008.0,<=2015,PHASE3,drug,1,30.0,OTHER,COMPLETED,RANDOMIZED,True,DOUBLE,2.0,True,True,PARALLEL,False,none/single-group,False,,,,,True,True,False,False,False,1,True,,False,False
NCT05943080,2023.0,2021-2026,NA,drug,3,195.0,OTHER,COMPLETED,RANDOMIZED,True,DOUBLE,2.0,True,True,PARALLEL,True,none/single-group,False,,,,,False,True,True,False,True,0,False,NO,False,False
NCT06300944,2023.0,2021-2026,NA,drug,2,100.0,OTHER,COMPLETED,RANDOMIZED,True,DOUBLE,2.0,True,True,PARALLEL,True,active,True,,,,,False,False,False,False,False,0,False,NO,False,True
NCT02395653,2015.0,<=2015,PHASE3,drug,1,71.0,INDUSTRY,COMPLETED,NA,False,NONE,0.0,False,False,SINGLE_GROUP,False,none/single-group,False,71.0,59.0,0.16901408450704225,True,True,False,False,True,False,0,False,,False,False
NCT02678117,2015.0,<=2015,PHASE3,drug,4,120.0,OTHER,COMPLETED,RANDOMIZED,True,DOUBLE,2.0,True,True,PARALLEL,True,placebo/sham,True,,,,,True,False,True,False,False,1,True,YES,True,False
NCT05974501,2023.0,2021-2026,PHASE4,drug,2,84.0,OTHER,COMPLETED,RANDOMIZED,True,TRIPLE,3.0,True,True,PARALLEL,False,active,True,84.0,83.0,0.011904761904761862,True,True,False,False,True,False,0,False,NO,False,False
NCT07431944,2026.0,2021-2026,NA,drug,2,100.0,OTHER,NOT_YET_RECRUITING,RANDOMIZED,True,DOUBLE,2.0,True,True,SINGLE_GROUP,True,active,True,,,,,False,True,False,False,True,0,False,NO,False,False
NCT00411307,,,PHASE2,drug,0,50.0,INDUSTRY,COMPLETED,RANDOMIZED,True,NONE,0.0,False,False,SINGLE_GROUP,True,none/single-group,False,,,,,False,True,False,False,False,0,False,,False,
NCT02987920,2017.0,2016-2020,PHASE4,drug,2,23.0,OTHER,TERMINATED,RANDOMIZED,True,TRIPLE,3.0,True,True,PARALLEL,False,active,True,,,,,True,True,False,False,False,0,False,NO,False,True
NCT03246971,2017.0,2016-2020,PHASE2,drug,2,125.0,OTHER,COMPLETED,RANDOMIZED,True,QUADRUPLE,4.0,True,True,PARALLEL,True,placebo/sham,True,,,,,False,True,False,False,False,0,False,,False,
NCT05733741,2023.0,2021-2026,PHASE4,drug,2,70.0,OTHER,COMPLETED,RANDOMIZED,True,DOUBLE,2.0,True,True,PARALLEL,False,placebo/sham,True,,,,,True,True,False,False,False,1,True,NO,False,False
NCT03035942,2017.0,2016-2020,PHASE4,drug,3,135.0,OTHER,COMPLETED,RANDOMIZED,True,QUADRUPLE,4.0,True,True,PARALLEL,True,placebo/sham,True,135.0,118.0,0.12592592592592589,True,True,False,True,True,False,0,False,NO,False,True
NCT07610408,2026.0,2021-2026,NA,drug,3,135.0,OTHER_GOV,RECRUITING,RANDOMIZED,True,DOUBLE,2.0,True,True,PARALLEL,True,none/single-group,False,,,,,False,True,True,False,False,0,False,NO,False,False
NCT05264805,2022.0,2021-2026,PHASE3,drug,2,166.0,OTHER,UNKNOWN,RANDOMIZED,True,NONE,0.0,False,False,PARALLEL,True,no-intervention,True,,,,,True,True,False,False,False,0,False,,False,False
NCT07613346,2024.0,2021-2026,NA,both,2,80.0,OTHER,ACTIVE_NOT_RECRUITING,NON_RANDOMIZED,False,SINGLE,1.0,True,False,PARALLEL,True,active,True,,,,,False,True,False,False,False,0,False,NO,False,True
NCT01041313,2010.0,<=2015,PHASE4,drug,2,120.0,OTHER,UNKNOWN,RANDOMIZED,True,QUADRUPLE,4.0,True,True,PARALLEL,True,active,True,,,,,True,True,False,False,False,0,False,,False,False
NCT01055015,2010.0,<=2015,PHASE3,drug,2,141.0,INDUSTRY,COMPLETED,RANDOMIZED,True,DOUBLE,2.0,True,True,PARALLEL,True,none/single-group,False,,,,,True,True,False,False,False,0,False,,False,False
NCT06882369,2024.0,2021-2026,PHASE1,both,3,75.0,OTHER,ACTIVE_NOT_RECRUITING,RANDOMIZED,True,NONE,0.0,False,False,PARALLEL,True,active,True,,,,,False,True,True,False,False,0,False,NO,False,
NCT06881563,2025.0,2021-2026,PHASE4,both,2,98.0,OTHER,NOT_YET_RECRUITING,RANDOMIZED,True,NONE,0.0,False,False,PARALLEL,False,active,True,,,,,True,True,False,False,False,0,False,NO,False,False
NCT02405104,2015.0,<=2015,PHASE4,both,4,400.0,OTHER,COMPLETED,RANDOMIZED,True,QUADRUPLE,4.0,True,True,PARALLEL,True,placebo/sham,True,,,,,True,True,True,False,False,0,False,,False,True
NCT04525898,2019.0,2016-2020,PHASE4,drug,2,40.0,OTHER,TERMINATED,RANDOMIZED,True,QUADRUPLE,4.0,True,True,PARALLEL,False,placebo/sham,True,,,,,True,False,False,False,False,0,False,NO,False,False
NCT00968955,2009.0,<=2015,PHASE4,drug,2,120.0,OTHER,COMPLETED,RANDOMIZED,True,QUADRUPLE,4.0,True,True,PARALLEL,True,placebo/sham,True,,,,,True,False,False,False,False,0,False,,False,False
NCT03756961,2019.0,2016-2020,NA,both,2,220.0,OTHER,RECRUITING,RANDOMIZED,True,NONE,0.0,False,False,PARALLEL,True,active,True,,,,,False,True,False,False,False,2,True,NO,False,True
NCT02299908,2014.0,<=2015,PHASE4,drug,2,40.0,OTHER,UNKNOWN,RANDOMIZED,True,TRIPLE,3.0,True,True,PARALLEL,False,placebo/sham,True,,,,,True,True,False,False,False,0,False,,False,False
NCT02763059,2013.0,<=2015,PHASE4,drug,3,132.0,OTHER,COMPLETED,RANDOMIZED,True,TRIPLE,3.0,True,True,PARALLEL,True,placebo/sham,True,132.0,117.0,0.11363636363636365,True,True,False,True,True,False,1,True,,False,True
NCT05913284,2024.0,2021-2026,PHASE3,drug,2,86.0,OTHER,ACTIVE_NOT_RECRUITING,RANDOMIZED,True,DOUBLE,2.0,True,True,PARALLEL,False,active,True,,,,,True,True,False,False,False,1,True,,False,True
NCT05678244,2023.0,2021-2026,PHASE4,drug,2,60.0,OTHER,UNKNOWN,RANDOMIZED,True,QUADRUPLE,4.0,True,True,PARALLEL,False,placebo/sham,True,,,,,True,True,False,False,False,1,True,NO,False,True
NCT06531759,2024.0,2021-2026,PHASE2,drug,1,100.0,OTHER,NOT_YET_RECRUITING,NA,False,NONE,0.0,False,False,SINGLE_GROUP,True,none/single-group,False,,,,,False,True,False,False,False,0,False,,False,
NCT00805298,2008.0,<=2015,NA,drug,4,154.0,OTHER,COMPLETED,RANDOMIZED,True,QUADRUPLE,4.0,True,True,CROSSOVER,True,placebo/sham,True,,,,,False,False,True,False,False,0,False,,False,True
NCT00735748,2008.0,<=2015,PHASE4,drug,2,195.0,OTHER,COMPLETED,RANDOMIZED,True,NONE,0.0,False,False,PARALLEL,True,active,True,,,,,True,True,False,False,False,0,False,,False,False
NCT00733421,2008.0,<=2015,PHASE4,drug,2,100.0,OTHER,COMPLETED,RANDOMIZED,True,DOUBLE,2.0,True,True,PARALLEL,True,active,True,100.0,98.0,0.020000000000000018,True,True,True,False,True,False,0,False,,False,False
NCT01552096,2011.0,<=2015,PHASE2,drug,3,90.0,OTHER,COMPLETED,RANDOMIZED,True,TRIPLE,3.0,True,True,PARALLEL,True,placebo/sham,True,,,,,False,True,True,False,False,0,False,,False,True
NCT05233683,2022.0,2021-2026,PHASE3,both,4,120.0,OTHER,UNKNOWN,RANDOMIZED,True,DOUBLE,2.0,True,True,PARALLEL,True,active,True,,,,,True,False,True,False,False,0,False,,False,False
NCT07277933,2025.0,2021-2026,PHASE1,drug,2,24.0,INDUSTRY,NOT_YET_RECRUITING,RANDOMIZED,True,TRIPLE,3.0,True,True,PARALLEL,False,placebo/sham,True,,,,,False,True,False,False,False,0,False,UNDECIDED,False,False
NCT00442546,2007.0,<=2015,PHASE3,drug,3,307.0,INDUSTRY,COMPLETED,RANDOMIZED,True,DOUBLE,2.0,True,True,PARALLEL,True,placebo/sham,True,307.0,211.0,0.3127035830618893,False,True,True,True,True,False,1,True,,False,True
NCT07637968,2026.0,2021-2026,PHASE4,drug,2,84.0,OTHER,NOT_YET_RECRUITING,RANDOMIZED,True,TRIPLE,3.0,True,True,PARALLEL,False,active,True,,,,,True,True,False,False,False,0,False,NO,False,
NCT03995628,2018.0,2016-2020,PHASE2,drug,2,163.0,OTHER,COMPLETED,RANDOMIZED,True,SINGLE,1.0,True,False,PARALLEL,True,placebo/sham,True,,,,,False,True,False,False,False,0,False,NO,False,
NCT07175623,2025.0,2021-2026,NA,drug,3,60.0,OTHER,COMPLETED,RANDOMIZED,True,QUADRUPLE,4.0,True,True,PARALLEL,True,placebo/sham,True,,,,,False,True,True,False,False,0,False,NO,False,False
NCT02516059,2015.0,<=2015,PHASE4,both,3,90.0,OTHER,COMPLETED,RANDOMIZED,True,QUADRUPLE,4.0,True,True,PARALLEL,False,placebo/sham,True,,,,,True,True,True,False,False,0,False,,False,False
NCT02425254,2016.0,2016-2020,PHASE4,drug,2,50.0,OTHER,UNKNOWN,RANDOMIZED,True,QUADRUPLE,4.0,True,True,CROSSOVER,False,active,True,,,,,True,True,False,False,False,0,False,,False,False
NCT01454609,2009.0,<=2015,PHASE2,both,3,60.0,OTHER_GOV,COMPLETED,RANDOMIZED,True,TRIPLE,3.0,True,True,PARALLEL,True,placebo/sham,True,,,,,False,True,True,False,False,0,False,,False,True
NCT03058341,2016.0,2016-2020,PHASE4,drug,2,96.0,OTHER,COMPLETED,RANDOMIZED,True,QUADRUPLE,4.0,True,True,PARALLEL,False,placebo/sham,True,,,,,True,True,False,False,False,0,False,UNDECIDED,False,True
NCT02784626,2016.0,2016-2020,PHASE4,drug,2,48.0,OTHER,COMPLETED,RANDOMIZED,True,QUADRUPLE,4.0,True,True,PARALLEL,False,none/single-group,False,,,,,True,False,False,False,False,0,False,NO,False,False
NCT01701778,2012.0,<=2015,PHASE2,drug,3,90.0,OTHER,COMPLETED,RANDOMIZED,True,QUADRUPLE,4.0,True,True,PARALLEL,True,placebo/sham,True,,,,,False,False,True,False,False,1,True,,False,True
NCT07006168,2024.0,2021-2026,PHASE4,drug,2,56.0,OTHER,RECRUITING,RANDOMIZED,True,DOUBLE,2.0,True,True,PARALLEL,False,no-intervention,True,,,,,True,True,False,False,False,0,False,YES,True,False
NCT06923540,2025.0,2021-2026,PHASE4,drug,2,140.0,OTHER,NOT_YET_RECRUITING,NON_RANDOMIZED,False,NONE,0.0,False,False,PARALLEL,True,active,True,,,,,True,False,False,False,False,0,False,NO,False,False
NCT03015532,2017.0,2016-2020,PHASE2,drug,8,285.0,INDUSTRY,COMPLETED,RANDOMIZED,True,DOUBLE,2.0,True,True,PARALLEL,True,placebo/sham,True,285.0,281.0,0.01403508771929829,True,False,True,True,True,False,1,True,,False,
NCT04849468,2019.0,2016-2020,PHASE2,drug,2,15.0,OTHER,UNKNOWN,RANDOMIZED,True,DOUBLE,2.0,True,True,PARALLEL,False,active,True,,,,,False,True,False,False,False,0,False,,False,True
NCT01703351,2012.0,<=2015,PHASE2,drug,2,79.0,OTHER,COMPLETED,RANDOMIZED,True,SINGLE,1.0,True,False,PARALLEL,True,active,True,,,,,False,True,False,False,False,0,False,,False,False
NCT00795223,2008.0,<=2015,PHASE4,drug,4,160.0,OTHER,COMPLETED,RANDOMIZED,True,QUADRUPLE,4.0,True,True,PARALLEL,True,active,True,,,,,True,True,True,False,False,0,False,,False,False
NCT04990804,2021.0,2021-2026,PHASE4,drug,2,8.0,OTHER,TERMINATED,RANDOMIZED,True,NONE,0.0,False,False,PARALLEL,False,active,True,8.0,6.0,0.25,False,True,True,False,True,False,0,False,NO,False,
NCT03033147,2019.0,2016-2020,NA,drug,2,72.0,OTHER,COMPLETED,RANDOMIZED,True,QUADRUPLE,4.0,True,True,PARALLEL,True,placebo/sham,True,,,,,False,True,False,False,False,0,False,,False,
NCT05492669,2020.0,2016-2020,PHASE2,drug,2,260.0,OTHER,UNKNOWN,RANDOMIZED,True,QUADRUPLE,4.0,True,True,PARALLEL,True,placebo/sham,True,,,,,False,True,False,False,False,0,False,NO,False,True
NCT06680167,2024.0,2021-2026,EARLY_PHASE1,drug,2,142.0,OTHER,COMPLETED,RANDOMIZED,True,SINGLE,1.0,True,False,PARALLEL,True,active,True,,,,,False,False,False,False,False,0,False,NO,False,False
NCT00790829,2007.0,<=2015,NA,drug,1,30.0,OTHER,TERMINATED,NA,False,NONE,0.0,False,False,SINGLE_GROUP,True,none/single-group,False,,,,,False,False,False,False,False,0,False,,False,True
NCT07624916,2026.0,2021-2026,PHASE4,drug,2,90.0,OTHER,NOT_YET_RECRUITING,RANDOMIZED,True,DOUBLE,2.0,True,True,PARALLEL,False,placebo/sham,True,,,,,True,True,False,False,True,0,False,NO,False,
NCT07306702,2026.0,2021-2026,PHASE4,drug,3,0.0,OTHER,WITHDRAWN,RANDOMIZED,True,QUADRUPLE,4.0,True,True,PARALLEL,False,active,True,,,,,True,True,True,False,False,0,False,NO,False,False
NCT04086940,2019.0,2016-2020,PHASE4,drug,2,60.0,OTHER,UNKNOWN,RANDOMIZED,True,QUADRUPLE,4.0,True,True,PARALLEL,False,active,True,,,,,True,False,False,False,False,0,False,NO,False,True
NCT01789476,2013.0,<=2015,PHASE2,drug,2,51.0,INDUSTRY,COMPLETED,RANDOMIZED,True,TRIPLE,3.0,True,True,PARALLEL,True,placebo/sham,True,51.0,41.0,0.196078431372549,True,False,True,False,True,False,0,False,,False,False
NCT02967172,2016.0,2016-2020,PHASE4,drug,2,100.0,OTHER,COMPLETED,RANDOMIZED,True,DOUBLE,2.0,True,True,PARALLEL,True,no-intervention,True,100.0,100.0,0.0,True,True,True,False,True,False,0,False,NO,False,False
NCT02127060,2013.0,<=2015,NA,drug,2,112.0,OTHER,COMPLETED,RANDOMIZED,True,QUADRUPLE,4.0,True,True,PARALLEL,True,placebo/sham,True,,,,,False,True,False,False,False,0,False,,False,False
NCT07344467,2026.0,2021-2026,NA,drug,3,105.0,OTHER,RECRUITING,RANDOMIZED,True,DOUBLE,2.0,True,True,PARALLEL,True,placebo/sham,True,,,,,False,True,True,False,False,0,False,YES,True,
NCT01556724,2010.0,<=2015,NA,drug,2,41.0,OTHER,COMPLETED,RANDOMIZED,True,QUADRUPLE,4.0,True,True,PARALLEL,True,active,True,30.0,30.0,0.0,True,False,True,False,True,False,0,False,,False,False
NCT01591746,2012.0,<=2015,PHASE3,drug,2,131.0,OTHER,COMPLETED,RANDOMIZED,True,QUADRUPLE,4.0,True,True,PARALLEL,True,placebo/sham,True,131.0,131.0,0.0,True,True,False,False,True,False,0,False,NO,False,False
NCT03262688,2017.0,2016-2020,PHASE3,drug,2,159.0,INDUSTRY,UNKNOWN,RANDOMIZED,True,DOUBLE,2.0,True,True,PARALLEL,True,active,True,,,,,True,True,False,False,False,0,False,NO,False,True
NCT06338865,2024.0,2021-2026,NA,drug,6,294.0,OTHER,RECRUITING,RANDOMIZED,True,DOUBLE,2.0,True,True,PARALLEL,True,active,True,,,,,False,False,True,False,False,0,False,NO,False,False
NCT01276925,2011.0,<=2015,NA,both,3,81.0,OTHER,UNKNOWN,RANDOMIZED,True,QUADRUPLE,4.0,True,True,PARALLEL,True,placebo/sham,True,,,,,False,True,True,False,False,0,False,,False,True
NCT03343509,2019.0,2016-2020,PHASE4,drug,2,120.0,OTHER,COMPLETED,RANDOMIZED,True,QUADRUPLE,4.0,True,True,PARALLEL,True,none/single-group,False,,,,,True,True,False,False,False,0,False,NO,False,True
NCT03718039,2018.0,2016-2020,PHASE2,both,3,78.0,INDUSTRY,COMPLETED,NON_RANDOMIZED,False,NONE,0.0,False,False,SINGLE_GROUP,True,none/single-group,False,78.0,78.0,0.0,True,False,False,True,True,False,0,False,UNDECIDED,False,
NCT04718116,2022.0,2021-2026,NA,drug,3,90.0,OTHER,UNKNOWN,RANDOMIZED,True,DOUBLE,2.0,True,True,PARALLEL,True,active,True,,,,,False,False,True,False,False,0,False,NO,False,False
NCT03580980,2015.0,<=2015,NA,both,3,90.0,OTHER,COMPLETED,RANDOMIZED,True,SINGLE,1.0,True,False,PARALLEL,True,active,True,,,,,False,False,True,False,False,0,False,UNDECIDED,False,
NCT06952556,2025.0,2021-2026,PHASE4,drug,2,100.0,OTHER,RECRUITING,RANDOMIZED,True,SINGLE,1.0,True,False,PARALLEL,True,active,True,,,,,True,False,False,False,False,0,False,NO,False,False
NCT02932579,2017.0,2016-2020,PHASE4,drug,2,59.0,OTHER,TERMINATED,RANDOMIZED,True,TRIPLE,3.0,True,True,PARALLEL,False,active,True,59.0,54.0,0.0847457627118644,True,True,True,False,True,False,0,False,,False,True
NCT01442818,2010.0,<=2015,NA,drug,2,54.0,OTHER,COMPLETED,RANDOMIZED,True,NONE,0.0,False,False,PARALLEL,True,none/single-group,False,,,,,False,True,False,False,False,0,False,,False,True
NCT06432712,2025.0,2021-2026,EARLY_PHASE1,drug,2,140.0,OTHER,UNKNOWN,RANDOMIZED,True,NONE,0.0,False,False,PARALLEL,True,no-intervention,True,,,,,False,False,False,False,True,0,False,NO,False,True
NCT03566979,2018.0,2016-2020,PHASE3,drug,4,501.0,INDUSTRY,COMPLETED,RANDOMIZED,True,QUADRUPLE,4.0,True,True,PARALLEL,True,placebo/sham,True,501.0,473.0,0.055888223552894245,True,True,True,True,True,False,0,False,YES,True,False
NCT00993798,2009.0,<=2015,PHASE2,drug,6,107.0,INDUSTRY,COMPLETED,RANDOMIZED,True,DOUBLE,2.0,True,True,PARALLEL,True,placebo/sham,True,107.0,107.0,0.0,True,False,True,True,True,False,0,False,,False,False
NCT00375934,2006.0,<=2015,PHASE3,drug,2,200.0,INDUSTRY,COMPLETED,RANDOMIZED,True,DOUBLE,2.0,True,True,PARALLEL,True,placebo/sham,True,200.0,191.0,0.04500000000000004,True,True,True,False,True,False,2,True,,False,
NCT04635176,2022.0,2021-2026,PHASE4,drug,2,10.0,OTHER,TERMINATED,RANDOMIZED,True,QUADRUPLE,4.0,True,True,PARALLEL,False,placebo/sham,True,,,,,True,False,False,False,False,0,False,NO,False,True
NCT05338320,2022.0,2021-2026,PHASE4,both,3,120.0,OTHER,COMPLETED,RANDOMIZED,True,DOUBLE,2.0,True,True,PARALLEL,True,active,True,,,,,True,False,True,False,False,1,True,,False,
NCT05752305,2022.0,2021-2026,PHASE2;PHASE3,drug,2,84.0,OTHER,COMPLETED,RANDOMIZED,True,QUADRUPLE,4.0,True,True,PARALLEL,False,none/single-group,False,,,,,True,False,False,False,False,0,False,NO,False,True
NCT05567822,2022.0,2021-2026,NA,drug,2,70.0,OTHER,UNKNOWN,RANDOMIZED,True,QUADRUPLE,4.0,True,True,PARALLEL,True,placebo/sham,True,,,,,False,False,False,False,False,0,False,NO,False,False
NCT03187080,2017.0,2016-2020,PHASE4,both,8,113.0,OTHER,TERMINATED,RANDOMIZED,True,TRIPLE,3.0,True,True,SEQUENTIAL,True,placebo/sham,True,113.0,113.0,0.0,True,True,True,True,True,False,0,False,NO,False,False
NCT05086393,2021.0,2021-2026,PHASE4,drug,2,241.0,OTHER,COMPLETED,RANDOMIZED,True,TRIPLE,3.0,True,True,PARALLEL,True,placebo/sham,True,,,,,True,True,False,False,False,0,False,NO,False,False
NCT06077422,2024.0,2021-2026,PHASE2;PHASE3,drug,2,150.0,OTHER,ENROLLING_BY_INVITATION,RANDOMIZED,True,QUADRUPLE,4.0,True,True,PARALLEL,True,active,True,,,,,True,True,False,False,False,1,True,NO,False,False
NCT03600129,2018.0,2016-2020,NA,both,2,50.0,OTHER,COMPLETED,RANDOMIZED,True,QUADRUPLE,4.0,True,True,PARALLEL,True,placebo/sham,True,,,,,False,False,False,False,False,0,False,NO,False,False
NCT04161729,2020.0,2016-2020,PHASE4,drug,2,74.0,OTHER,COMPLETED,RANDOMIZED,True,TRIPLE,3.0,True,True,PARALLEL,False,placebo/sham,True,,,,,True,True,False,False,False,0,False,NO,False,False
NCT02880800,2016.0,2016-2020,NA,drug,2,80.0,OTHER,UNKNOWN,RANDOMIZED,True,SINGLE,1.0,True,False,PARALLEL,True,active,True,,,,,False,False,False,False,False,0,False,NO,False,False
NCT04855240,2021.0,2021-2026,PHASE2,drug,3,239.0,INDUSTRY,COMPLETED,RANDOMIZED,True,QUADRUPLE,4.0,True,True,PARALLEL,True,placebo/sham,True,239.0,225.0,0.05857740585774063,True,False,True,True,True,False,0,False,NO,False,False
NCT03020966,2017.0,2016-2020,PHASE4,drug,2,154.0,OTHER,COMPLETED,RANDOMIZED,True,TRIPLE,3.0,True,True,PARALLEL,True,none/single-group,False,154.0,152.0,0.012987012987012991,True,True,True,False,True,False,0,False,,False,
NCT03198871,2018.0,2016-2020,PHASE4,drug,2,180.0,OTHER,COMPLETED,RANDOMIZED,True,QUADRUPLE,4.0,True,True,PARALLEL,True,placebo/sham,True,180.0,154.0,0.1444444444444445,True,True,True,False,True,False,1,True,NO,False,False
NCT02306278,2014.0,<=2015,NA,drug,2,122.0,OTHER,COMPLETED,RANDOMIZED,True,QUADRUPLE,4.0,True,True,PARALLEL,True,placebo/sham,True,,,,,False,True,False,False,False,0,False,,False,True
NCT06407544,2024.0,2021-2026,NA,both,3,60.0,OTHER,UNKNOWN,RANDOMIZED,True,NONE,0.0,False,False,PARALLEL,True,active,True,,,,,False,True,True,False,False,0,False,UNDECIDED,False,False
NCT04085237,2020.0,2016-2020,NA,drug,2,10.0,OTHER,TERMINATED,RANDOMIZED,True,QUADRUPLE,4.0,True,True,PARALLEL,False,placebo/sham,True,,,,,False,True,False,False,True,0,False,,False,False
NCT00512395,2004.0,<=2015,PHASE4,drug,2,75.0,OTHER,COMPLETED,NON_RANDOMIZED,False,NONE,0.0,False,False,PARALLEL,False,active,True,,,,,True,True,False,False,False,0,False,,False,False
NCT02453321,2015.0,<=2015,PHASE4,both,3,62.0,OTHER,COMPLETED,RANDOMIZED,True,SINGLE,1.0,True,False,PARALLEL,False,active,True,62.0,57.0,0.08064516129032262,True,True,True,True,True,False,0,False,NO,False,False
NCT02807428,2017.0,2016-2020,PHASE2,drug,2,210.0,INDUSTRY,COMPLETED,RANDOMIZED,True,TRIPLE,3.0,True,True,PARALLEL,True,placebo/sham,True,,,,,False,True,False,False,False,0,False,NO,False,False
NCT07221617,2026.0,2021-2026,PHASE4,drug,2,100.0,OTHER,RECRUITING,RANDOMIZED,True,TRIPLE,3.0,True,True,PARALLEL,True,active,True,,,,,True,True,False,False,False,0,False,NO,False,True
NCT02727491,2012.0,<=2015,PHASE4,drug,2,85.0,OTHER,COMPLETED,RANDOMIZED,True,QUADRUPLE,4.0,True,True,PARALLEL,False,placebo/sham,True,,,,,True,True,False,False,False,0,False,NO,False,False
NCT03109691,2018.0,2016-2020,NA,both,2,60.0,OTHER,UNKNOWN,RANDOMIZED,True,QUADRUPLE,4.0,True,True,PARALLEL,True,active,True,,,,,False,False,False,False,False,0,False,,False,
NCT07248189,2025.0,2021-2026,NA,drug,2,60.0,OTHER,COMPLETED,RANDOMIZED,True,TRIPLE,3.0,True,True,PARALLEL,True,active,True,,,,,False,True,False,False,False,1,True,NO,False,False
NCT02649179,2016.0,2016-2020,NA,drug,2,140.0,OTHER,COMPLETED,RANDOMIZED,True,TRIPLE,3.0,True,True,PARALLEL,True,placebo/sham,True,,,,,False,True,False,False,False,0,False,NO,False,True
NCT07469332,2026.0,2021-2026,NA,both,3,135.0,OTHER,NOT_YET_RECRUITING,RANDOMIZED,True,SINGLE,1.0,True,False,PARALLEL,True,placebo/sham,True,,,,,False,True,True,False,False,0,False,NO,False,False
NCT04939987,2022.0,2021-2026,PHASE2;PHASE3,drug,2,0.0,OTHER,WITHDRAWN,RANDOMIZED,True,DOUBLE,2.0,True,True,PARALLEL,False,active,True,,,,,True,True,False,False,False,0,False,NO,False,True
NCT02187588,1998.0,<=2015,PHASE2,drug,4,200.0,INDUSTRY,COMPLETED,RANDOMIZED,True,DOUBLE,2.0,True,True,PARALLEL,True,placebo/sham,True,,,,,False,True,True,False,False,0,False,,False,
NCT01479270,2011.0,<=2015,NA,drug,2,56.0,OTHER,COMPLETED,RANDOMIZED,True,SINGLE,1.0,True,False,PARALLEL,True,active,True,56.0,56.0,0.0,True,False,False,False,True,False,1,True,,False,False
NCT05465226,2023.0,2021-2026,PHASE4,drug,2,31.0,OTHER,COMPLETED,NON_RANDOMIZED,False,NONE,0.0,False,False,PARALLEL,False,active,True,,,,,True,True,False,False,False,0,False,NO,False,False
NCT02788019,2016.0,2016-2020,PHASE4,drug,2,52.0,OTHER,TERMINATED,RANDOMIZED,True,SINGLE,1.0,True,False,PARALLEL,False,active,True,52.0,43.0,0.17307692307692313,True,True,True,False,True,False,0,False,,False,False
NCT07049094,2025.0,2021-2026,PHASE4,drug,2,218.0,OTHER,RECRUITING,RANDOMIZED,True,SINGLE,1.0,True,False,PARALLEL,True,active,True,,,,,True,True,False,False,False,0,False,UNDECIDED,False,False
NCT06471348,2025.0,2021-2026,NA,drug,2,128.0,OTHER,RECRUITING,RANDOMIZED,True,SINGLE,1.0,True,False,PARALLEL,True,active,True,,,,,False,True,False,False,False,0,False,NO,False,False
NCT05124067,2021.0,2021-2026,PHASE1,drug,4,4.0,OTHER,COMPLETED,RANDOMIZED,True,QUADRUPLE,4.0,True,True,PARALLEL,False,placebo/sham,True,,,,,False,False,True,False,False,0,False,NO,False,True
NCT03864588,2018.0,2016-2020,PHASE4,drug,2,164.0,OTHER,UNKNOWN,RANDOMIZED,True,SINGLE,1.0,True,False,PARALLEL,True,placebo/sham,True,,,,,True,True,False,False,False,0,False,,False,
NCT04574778,2021.0,2021-2026,PHASE3,drug,2,82.0,OTHER,UNKNOWN,RANDOMIZED,True,DOUBLE,2.0,True,True,PARALLEL,False,active,True,,,,,True,False,False,False,False,1,True,NO,False,
NCT06650891,2024.0,2021-2026,PHASE3,drug,2,80.0,OTHER,COMPLETED,RANDOMIZED,True,QUADRUPLE,4.0,True,True,PARALLEL,False,placebo/sham,True,,,,,True,False,False,False,False,1,True,NO,False,False
NCT05446727,2022.0,2021-2026,NA,drug,2,100.0,OTHER,COMPLETED,RANDOMIZED,True,SINGLE,1.0,True,False,PARALLEL,True,none/single-group,False,,,,,False,True,False,False,False,1,True,NO,False,True
NCT03240562,2017.0,2016-2020,NA,both,2,89.0,OTHER,COMPLETED,RANDOMIZED,True,DOUBLE,2.0,True,True,PARALLEL,True,placebo/sham,True,,,,,False,True,False,False,False,0,False,NO,False,
NCT03434275,2018.0,2016-2020,PHASE3,drug,2,194.0,INDUSTRY,COMPLETED,RANDOMIZED,True,QUADRUPLE,4.0,True,True,PARALLEL,True,placebo/sham,True,194.0,181.0,0.0670103092783505,True,True,True,False,True,False,1,True,UNDECIDED,False,False
NCT00935116,2009.0,<=2015,PHASE4,drug,1,70.0,OTHER,UNKNOWN,RANDOMIZED,True,TRIPLE,3.0,True,True,PARALLEL,False,active,True,,,,,True,True,False,False,False,0,False,,False,False
NCT06956950,2025.0,2021-2026,PHASE2;PHASE3,drug,2,70.0,OTHER,RECRUITING,RANDOMIZED,True,TRIPLE,3.0,True,True,PARALLEL,False,active,True,,,,,True,True,False,False,False,0,False,NO,False,True
NCT02252432,2013.0,<=2015,PHASE4,drug,3,13.0,OTHER,TERMINATED,RANDOMIZED,True,QUADRUPLE,4.0,True,True,PARALLEL,False,active,True,13.0,13.0,0.0,True,True,True,True,True,False,0,False,,False,False
NCT02723487,2016.0,2016-2020,PHASE2,drug,3,60.0,OTHER,COMPLETED,RANDOMIZED,True,DOUBLE,2.0,True,True,PARALLEL,True,active,True,,,,,False,False,True,False,False,0,False,UNDECIDED,False,True
NCT02127996,2015.0,<=2015,PHASE2,drug,2,193.0,OTHER_GOV,UNKNOWN,RANDOMIZED,True,QUADRUPLE,4.0,True,True,PARALLEL,True,placebo/sham,True,,,,,False,True,False,False,False,1,True,,False,True
NCT02953054,2017.0,2016-2020,PHASE2,drug,2,88.0,INDUSTRY,COMPLETED,RANDOMIZED,True,QUADRUPLE,4.0,True,True,PARALLEL,True,placebo/sham,True,,,,,False,True,False,False,False,0,False,NO,False,False
NCT03098420,2016.0,2016-2020,PHASE2;PHASE3,drug,3,29.0,OTHER,TERMINATED,RANDOMIZED,True,DOUBLE,2.0,True,True,PARALLEL,False,placebo/sham,True,29.0,29.0,0.0,True,True,True,True,True,False,0,False,NO,False,True
NCT02483923,2015.0,<=2015,NA,drug,2,40.0,OTHER,COMPLETED,RANDOMIZED,True,DOUBLE,2.0,True,True,PARALLEL,True,placebo/sham,True,,,,,False,True,False,False,False,0,False,,False,False
NCT05132595,2021.0,2021-2026,NA,drug,4,160.0,OTHER,UNKNOWN,RANDOMIZED,True,TRIPLE,3.0,True,True,PARALLEL,True,placebo/sham,True,,,,,False,False,True,False,False,0,False,NO,False,True
NCT01394445,2011.0,<=2015,PHASE3,drug,2,20.0,OTHER,COMPLETED,RANDOMIZED,True,TRIPLE,3.0,True,True,SINGLE_GROUP,False,placebo/sham,True,,,,,True,True,False,False,False,0,False,,False,False
NCT02549105,2014.0,<=2015,PHASE4,drug,2,80.0,OTHER,UNKNOWN,RANDOMIZED,True,SINGLE,1.0,True,False,PARALLEL,False,active,True,,,,,True,True,False,False,False,0,False,,False,True
NCT01853176,2013.0,<=2015,PHASE4,drug,2,4.0,OTHER,TERMINATED,RANDOMIZED,True,SINGLE,1.0,True,False,PARALLEL,False,active,True,4.0,0.0,1.0,False,True,True,False,True,False,0,False,,False,False
NCT00006427,1996.0,<=2015,PHASE4,drug,0,125.0,NIH,COMPLETED,RANDOMIZED,True,DOUBLE,2.0,True,True,SINGLE_GROUP,True,none/single-group,False,,,,,True,True,False,False,False,0,False,,False,
NCT04575233,2018.0,2016-2020,NA,both,2,116.0,OTHER,COMPLETED,RANDOMIZED,True,DOUBLE,2.0,True,True,PARALLEL,True,active,True,,,,,False,True,False,False,False,1,True,NO,False,False
NCT07629713,2018.0,2016-2020,PHASE4,drug,2,75.0,OTHER,COMPLETED,RANDOMIZED,True,NONE,0.0,False,False,CROSSOVER,False,active,True,,,,,True,False,False,False,False,0,False,YES,True,
NCT06797973,2025.0,2021-2026,PHASE4,drug,2,1312.0,OTHER,RECRUITING,RANDOMIZED,True,QUADRUPLE,4.0,True,True,PARALLEL,True,placebo/sham,True,,,,,True,True,False,False,False,0,False,YES,True,True
NCT04764045,2019.0,2016-2020,NA,drug,2,12.0,OTHER,UNKNOWN,RANDOMIZED,True,DOUBLE,2.0,True,True,CROSSOVER,False,placebo/sham,True,,,,,False,False,False,False,False,0,False,NO,False,False
NCT01258296,2003.0,<=2015,PHASE4,drug,2,60.0,OTHER,COMPLETED,RANDOMIZED,True,QUADRUPLE,4.0,True,True,PARALLEL,False,placebo/sham,True,,,,,True,True,False,False,False,0,False,,False,True
NCT00666393,2008.0,<=2015,PHASE3,drug,1,0.0,INDUSTRY,WITHDRAWN,NA,False,NONE,0.0,False,False,SINGLE_GROUP,False,none/single-group,False,,,,,True,True,False,False,False,0,False,,False,False
NCT02678286,2016.0,2016-2020,PHASE3,drug,2,219.0,INDUSTRY,COMPLETED,RANDOMIZED,True,QUADRUPLE,4.0,True,True,PARALLEL,True,placebo/sham,True,219.0,215.0,0.0182648401826484,True,True,True,False,True,False,1,True,UNDECIDED,False,False
NCT01526525,2009.0,<=2015,PHASE4,both,2,70.0,OTHER,COMPLETED,RANDOMIZED,True,SINGLE,1.0,True,False,PARALLEL,False,placebo/sham,True,,,,,True,True,False,False,False,1,True,,False,False
NCT02154464,2014.0,<=2015,NA,drug,2,220.0,OTHER,UNKNOWN,RANDOMIZED,True,TRIPLE,3.0,True,True,PARALLEL,True,placebo/sham,True,,,,,False,True,False,False,False,1,True,,False,True
NCT00390260,2002.0,<=2015,PHASE3,drug,0,420.0,INDUSTRY,COMPLETED,RANDOMIZED,True,DOUBLE,2.0,True,True,PARALLEL,True,none/single-group,False,,,,,True,True,False,False,False,0,False,,False,
NCT04067609,2020.0,2016-2020,PHASE4,drug,2,24.0,OTHER,COMPLETED,RANDOMIZED,True,SINGLE,1.0,True,False,PARALLEL,False,placebo/sham,True,24.0,24.0,0.0,True,True,False,False,True,False,0,False,,False,
NCT01042093,2010.0,<=2015,NA,drug,4,160.0,OTHER,COMPLETED,RANDOMIZED,True,QUADRUPLE,4.0,True,True,PARALLEL,True,active,True,160.0,150.0,0.0625,True,False,True,True,True,False,0,False,,False,False
NCT03187899,2018.0,2016-2020,PHASE3,drug,2,0.0,OTHER,WITHDRAWN,RANDOMIZED,True,SINGLE,1.0,True,False,PARALLEL,False,placebo/sham,True,,,,,True,False,False,False,False,0,False,NO,False,True
NCT06952309,2025.0,2021-2026,NA,drug,4,144.0,OTHER,NOT_YET_RECRUITING,RANDOMIZED,True,QUADRUPLE,4.0,True,True,PARALLEL,True,none/single-group,False,,,,,False,False,True,False,False,0,False,NO,False,False
NCT02487303,2015.0,<=2015,NA,drug,3,148.0,OTHER,COMPLETED,RANDOMIZED,True,SINGLE,1.0,True,False,PARALLEL,True,active,True,148.0,141.0,0.04729729729729726,True,False,True,True,True,True,1,True,,False,True
NCT07631091,2026.0,2021-2026,PHASE4,drug,2,176.0,OTHER,NOT_YET_RECRUITING,RANDOMIZED,True,TRIPLE,3.0,True,True,PARALLEL,True,active,True,,,,,True,True,False,False,False,0,False,NO,False,False
NCT03377595,2019.0,2016-2020,PHASE4,drug,2,0.0,OTHER,WITHDRAWN,RANDOMIZED,True,DOUBLE,2.0,True,True,PARALLEL,False,none/single-group,False,,,,,True,True,False,False,False,0,False,NO,False,True
NCT04008043,2020.0,2016-2020,PHASE4,drug,2,0.0,OTHER,WITHDRAWN,RANDOMIZED,True,NONE,0.0,False,False,PARALLEL,False,active,True,,,,,True,True,False,False,False,0,False,NO,False,True
NCT03001843,2017.0,2016-2020,PHASE4,drug,2,54.0,OTHER,COMPLETED,RANDOMIZED,True,SINGLE,1.0,True,False,PARALLEL,False,active,True,54.0,54.0,0.0,True,True,False,False,True,False,0,False,NO,False,False
NCT01811251,2012.0,<=2015,PHASE3,drug,2,162.0,OTHER,COMPLETED,RANDOMIZED,True,DOUBLE,2.0,True,True,PARALLEL,True,placebo/sham,True,,,,,True,True,False,False,False,0,False,,False,
NCT01015235,2008.0,<=2015,PHASE2,drug,3,90.0,INDUSTRY,COMPLETED,RANDOMIZED,True,DOUBLE,2.0,True,True,PARALLEL,True,placebo/sham,True,,,,,False,True,True,False,False,0,False,,False,True
NCT04111406,2019.0,2016-2020,NA,drug,2,29.0,OTHER,TERMINATED,NON_RANDOMIZED,False,DOUBLE,2.0,True,True,SEQUENTIAL,False,none/single-group,False,,,,,False,False,False,False,False,0,False,NO,False,True
NCT00210132,2003.0,<=2015,PHASE2,drug,2,90.0,OTHER,COMPLETED,RANDOMIZED,True,TRIPLE,3.0,True,True,PARALLEL,True,placebo/sham,True,90.0,85.0,0.05555555555555558,True,False,True,False,True,False,0,False,,False,
NCT00636064,2003.0,<=2015,PHASE3,drug,3,1671.0,INDUSTRY,COMPLETED,RANDOMIZED,True,DOUBLE,2.0,True,True,PARALLEL,True,placebo/sham,True,,,,,True,True,True,False,False,0,False,,False,True
NCT07523321,2026.0,2021-2026,PHASE4,drug,2,274.0,OTHER,NOT_YET_RECRUITING,RANDOMIZED,True,QUADRUPLE,4.0,True,True,PARALLEL,True,placebo/sham,True,,,,,True,False,False,False,False,0,False,NO,False,True
NCT07678385,2024.0,2021-2026,PHASE4,drug,2,225.0,OTHER,COMPLETED,RANDOMIZED,True,QUADRUPLE,4.0,True,True,PARALLEL,True,placebo/sham,True,,,,,True,True,False,False,False,0,False,NO,False,False
NCT02819648,2012.0,<=2015,PHASE4,drug,2,400.0,OTHER,COMPLETED,RANDOMIZED,True,TRIPLE,3.0,True,True,PARALLEL,True,placebo/sham,True,,,,,True,True,False,False,True,0,False,YES,True,True
NCT04123873,2020.0,2016-2020,PHASE4,drug,4,1060.0,OTHER,COMPLETED,RANDOMIZED,True,QUADRUPLE,4.0,True,True,PARALLEL,True,none/single-group,False,,,,,True,True,True,False,False,2,True,,False,False
NCT04715152,2021.0,2021-2026,PHASE2,drug,2,72.0,OTHER,COMPLETED,RANDOMIZED,True,QUADRUPLE,4.0,True,True,PARALLEL,True,placebo/sham,True,,,,,False,False,False,False,False,0,False,,False,False
NCT07704970,2026.0,2021-2026,NA,drug,2,120.0,OTHER,NOT_YET_RECRUITING,RANDOMIZED,True,DOUBLE,2.0,True,True,PARALLEL,True,active,True,,,,,False,True,False,False,True,0,False,NO,False,False
NCT03260972,2021.0,2021-2026,PHASE3,drug,2,0.0,OTHER,WITHDRAWN,RANDOMIZED,True,TRIPLE,3.0,True,True,PARALLEL,False,placebo/sham,True,,,,,True,True,False,False,False,0,False,NO,False,True
NCT03720223,2015.0,<=2015,PHASE3,drug,2,50.0,OTHER,COMPLETED,RANDOMIZED,True,TRIPLE,3.0,True,True,PARALLEL,False,no-intervention,True,,,,,True,True,False,False,False,1,True,NO,False,True
NCT02381132,2014.0,<=2015,PHASE3,drug,2,99.0,OTHER,TERMINATED,RANDOMIZED,True,NONE,0.0,False,False,PARALLEL,False,active,True,,,,,True,False,False,False,False,0,False,,False,False
NCT04814433,2021.0,2021-2026,PHASE4,drug,4,46.0,OTHER,TERMINATED,RANDOMIZED,True,SINGLE,1.0,True,False,PARALLEL,False,none/single-group,False,46.0,25.0,0.4565217391304348,False,True,True,True,True,False,0,False,YES,True,True
NCT07614607,2026.0,2021-2026,NA,both,2,68.0,OTHER,ACTIVE_NOT_RECRUITING,RANDOMIZED,True,NONE,0.0,False,False,PARALLEL,True,active,True,,,,,False,True,False,False,False,0,False,UNDECIDED,False,False
NCT03618823,2018.0,2016-2020,PHASE1;PHASE2,drug,2,268.0,OTHER,TERMINATED,RANDOMIZED,True,NONE,0.0,False,False,PARALLEL,True,active,True,268.0,144.0,0.4626865671641791,False,False,True,False,True,False,1,True,YES,True,True
NCT07274215,2025.0,2021-2026,NA,drug,2,200.0,OTHER_GOV,RECRUITING,RANDOMIZED,True,QUADRUPLE,4.0,True,True,PARALLEL,True,placebo/sham,True,,,,,False,True,False,False,False,0,False,YES,True,False
NCT05366777,2022.0,2021-2026,NA,drug,2,96.0,OTHER,COMPLETED,RANDOMIZED,True,QUADRUPLE,4.0,True,True,PARALLEL,True,placebo/sham,True,,,,,False,True,False,False,False,0,False,UNDECIDED,False,
NCT01636700,2011.0,<=2015,NA,drug,2,0.0,OTHER,WITHDRAWN,RANDOMIZED,True,TRIPLE,3.0,True,True,PARALLEL,False,placebo/sham,True,,,,,False,True,False,False,False,0,False,,False,False
NCT01389284,2011.0,<=2015,PHASE3,drug,3,300.0,INDUSTRY,COMPLETED,RANDOMIZED,True,TRIPLE,3.0,True,True,PARALLEL,True,placebo/sham,True,300.0,300.0,0.0,True,True,True,True,True,False,1,True,,False,False
NCT06530563,2025.0,2021-2026,PHASE4,drug,2,606.0,OTHER,NOT_YET_RECRUITING,RANDOMIZED,True,QUADRUPLE,4.0,True,True,PARALLEL,True,active,True,,,,,True,True,False,False,False,0,False,NO,False,True
NCT02818140,2016.0,2016-2020,PHASE4,both,2,60.0,OTHER,COMPLETED,RANDOMIZED,True,QUADRUPLE,4.0,True,True,PARALLEL,False,placebo/sham,True,,,,,True,True,False,False,False,1,True,NO,False,True
NCT00560092,2004.0,<=2015,PHASE3,drug,1,40.0,OTHER,COMPLETED,RANDOMIZED,True,DOUBLE,2.0,True,True,SINGLE_GROUP,False,none/single-group,False,,,,,True,True,False,False,False,0,False,,False,
NCT05390905,2022.0,2021-2026,PHASE3,drug,3,387.0,INDUSTRY,COMPLETED,RANDOMIZED,True,DOUBLE,2.0,True,True,PARALLEL,True,placebo/sham,True,,,,,True,True,True,False,False,1,True,,False,False
NCT07412496,2026.0,2021-2026,PHASE2,drug,3,123.0,INDUSTRY,NOT_YET_RECRUITING,RANDOMIZED,True,DOUBLE,2.0,True,True,PARALLEL,True,placebo/sham,True,,,,,False,True,True,False,False,0,False,NO,False,False
NCT07223580,2026.0,2021-2026,PHASE4,drug,2,90.0,OTHER,RECRUITING,RANDOMIZED,True,TRIPLE,3.0,True,True,PARALLEL,False,placebo/sham,True,,,,,True,True,False,False,False,0,False,NO,False,False
NCT03199157,2015.0,<=2015,PHASE4,drug,2,78.0,OTHER,COMPLETED,RANDOMIZED,True,DOUBLE,2.0,True,True,PARALLEL,False,active,True,,,,,True,True,False,False,False,0,False,,False,True
NCT03921034,2016.0,2016-2020,PHASE4,drug,2,72.0,OTHER,COMPLETED,RANDOMIZED,True,DOUBLE,2.0,True,True,PARALLEL,False,placebo/sham,True,,,,,True,True,False,False,False,0,False,NO,False,False
NCT01404442,2011.0,<=2015,PHASE1;PHASE2,drug,3,90.0,OTHER,COMPLETED,RANDOMIZED,True,QUADRUPLE,4.0,True,True,PARALLEL,True,placebo/sham,True,,,,,False,False,True,False,False,1,True,,False,True
NCT04377204,2020.0,2016-2020,EARLY_PHASE1,drug,2,5.0,OTHER,COMPLETED,RANDOMIZED,True,SINGLE,1.0,True,False,PARALLEL,False,active,True,,,,,False,False,False,False,False,0,False,NO,False,False
NCT06833697,2025.0,2021-2026,NA,both,3,60.0,OTHER,COMPLETED,RANDOMIZED,True,DOUBLE,2.0,True,True,PARALLEL,True,no-intervention,True,,,,,False,False,True,False,False,0,False,YES,True,False
NCT05681507,2022.0,2021-2026,NA,both,2,140.0,OTHER,UNKNOWN,RANDOMIZED,True,TRIPLE,3.0,True,True,PARALLEL,True,active,True,,,,,False,True,False,False,False,0,False,,False,True
NCT05564819,2022.0,2021-2026,PHASE1,drug,2,220.0,OTHER,COMPLETED,RANDOMIZED,True,QUADRUPLE,4.0,True,True,PARALLEL,True,placebo/sham,True,,,,,False,True,False,False,False,1,True,YES,True,True
NCT01196767,2010.0,<=2015,PHASE4,drug,2,40.0,OTHER,COMPLETED,RANDOMIZED,True,DOUBLE,2.0,True,True,PARALLEL,False,none/single-group,False,,,,,True,False,False,False,True,0,False,,False,
NCT07357376,2026.0,2021-2026,PHASE3,drug,2,210.0,OTHER,NOT_YET_RECRUITING,RANDOMIZED,True,QUADRUPLE,4.0,True,True,PARALLEL,True,placebo/sham,True,,,,,True,True,False,False,False,0,False,NO,False,True
NCT03786029,2019.0,2016-2020,PHASE2;PHASE3,drug,3,66.0,OTHER,COMPLETED,RANDOMIZED,True,DOUBLE,2.0,True,True,PARALLEL,False,placebo/sham,True,,,,,True,True,True,False,False,0,False,UNDECIDED,False,
NCT05609682,2022.0,2021-2026,EARLY_PHASE1,drug,2,40.0,OTHER,COMPLETED,RANDOMIZED,True,NONE,0.0,False,False,PARALLEL,True,placebo/sham,True,,,,,False,False,False,False,False,0,False,NO,False,False
NCT03541837,2017.0,2016-2020,NA,drug,1,40.0,OTHER,COMPLETED,NA,False,NONE,0.0,False,False,SINGLE_GROUP,True,none/single-group,False,,,,,False,False,False,False,False,0,False,YES,True,True
NCT05708989,2023.0,2021-2026,PHASE4,both,2,0.0,OTHER,WITHDRAWN,RANDOMIZED,True,DOUBLE,2.0,True,True,PARALLEL,False,active,True,,,,,True,True,False,False,False,0,False,NO,False,True
NCT06609993,2017.0,2016-2020,NA,drug,3,75.0,OTHER,COMPLETED,RANDOMIZED,True,SINGLE,1.0,True,False,CROSSOVER,True,none/single-group,False,,,,,False,True,True,False,False,0,False,NO,False,True
NCT07695935,2026.0,2021-2026,NA,both,2,80.0,OTHER,RECRUITING,RANDOMIZED,True,SINGLE,1.0,True,False,PARALLEL,True,active,True,,,,,False,True,False,False,False,0,False,,False,False
NCT02450214,2015.0,<=2015,NA,drug,3,63.0,OTHER,COMPLETED,RANDOMIZED,True,DOUBLE,2.0,True,True,PARALLEL,True,placebo/sham,True,,,,,False,False,True,False,False,0,False,,False,
NCT00385541,2003.0,<=2015,PHASE4,drug,2,50.0,OTHER,COMPLETED,RANDOMIZED,True,QUADRUPLE,4.0,True,True,PARALLEL,False,active,True,50.0,49.0,0.020000000000000018,True,True,True,False,True,True,0,False,,False,False
NCT02720406,2016.0,2016-2020,PHASE2;PHASE3,drug,4,100.0,OTHER,COMPLETED,RANDOMIZED,True,QUADRUPLE,4.0,True,True,PARALLEL,True,placebo/sham,True,,,,,True,True,True,False,False,0,False,NO,False,True
NCT05964868,2024.0,2021-2026,PHASE3,drug,3,72.0,OTHER,ENROLLING_BY_INVITATION,RANDOMIZED,True,TRIPLE,3.0,True,True,PARALLEL,False,placebo/sham,True,,,,,True,True,True,False,False,0,False,,False,True
NCT02417337,2012.0,<=2015,PHASE2,drug,5,185.0,OTHER,COMPLETED,RANDOMIZED,True,QUADRUPLE,4.0,True,True,PARALLEL,True,active,True,185.0,170.0,0.08108108108108103,True,False,True,True,True,True,1,True,NO,False,False
NCT06906315,2024.0,2021-2026,PHASE4,drug,2,82.0,OTHER,COMPLETED,RANDOMIZED,True,SINGLE,1.0,True,False,PARALLEL,False,active,True,,,,,True,True,False,False,False,0,False,NO,False,False
NCT01847339,2013.0,<=2015,NA,drug,2,0.0,OTHER,WITHDRAWN,RANDOMIZED,True,DOUBLE,2.0,True,True,PARALLEL,False,placebo/sham,True,,,,,False,False,False,False,False,0,False,,False,False
NCT04938882,2021.0,2021-2026,NA,drug,4,164.0,OTHER,COMPLETED,RANDOMIZED,True,DOUBLE,2.0,True,True,PARALLEL,True,placebo/sham,True,,,,,False,False,True,False,False,1,True,NO,False,True
NCT01582477,2012.0,<=2015,PHASE4,drug,2,24.0,INDUSTRY,COMPLETED,NON_RANDOMIZED,False,NONE,0.0,False,False,SINGLE_GROUP,False,active,True,24.0,24.0,0.0,True,True,True,False,True,False,0,False,,False,False
NCT03847792,2019.0,2016-2020,NA,drug,3,87.0,OTHER,COMPLETED,RANDOMIZED,True,DOUBLE,2.0,True,True,PARALLEL,True,placebo/sham,True,,,,,False,False,True,False,False,0,False,YES,True,True
NCT01939379,2013.0,<=2015,NA,drug,2,0.0,OTHER,WITHDRAWN,RANDOMIZED,True,SINGLE,1.0,True,False,SINGLE_GROUP,False,active,True,,,,,False,True,False,False,False,0,False,,False,False
NCT05268835,2020.0,2016-2020,PHASE4,drug,3,300.0,OTHER,UNKNOWN,RANDOMIZED,True,TRIPLE,3.0,True,True,PARALLEL,True,active,True,,,,,True,True,True,False,False,0,False,YES,True,False
NCT02253784,2014.0,<=2015,NA,drug,3,90.0,OTHER_GOV,COMPLETED,RANDOMIZED,True,SINGLE,1.0,True,False,SINGLE_GROUP,True,active,True,,,,,False,True,True,False,False,0,False,,False,True
NCT04849455,2021.0,2021-2026,PHASE4,drug,2,70.0,OTHER,RECRUITING,RANDOMIZED,True,DOUBLE,2.0,True,True,PARALLEL,False,placebo/sham,True,,,,,True,True,False,False,False,0,False,NO,False,False
NCT02173418,2012.0,<=2015,PHASE4,drug,2,76.0,OTHER,COMPLETED,RANDOMIZED,True,QUADRUPLE,4.0,True,True,PARALLEL,False,placebo/sham,True,,,,,True,True,False,False,False,0,False,,False,True
NCT04481451,2020.0,2016-2020,PHASE4,both,2,0.0,OTHER,WITHDRAWN,RANDOMIZED,True,TRIPLE,3.0,True,True,PARALLEL,False,active,True,,,,,True,True,False,False,False,0,False,NO,False,False
NCT02096926,2014.0,<=2015,PHASE4,drug,2,40.0,OTHER,COMPLETED,RANDOMIZED,True,NONE,0.0,False,False,PARALLEL,False,placebo/sham,True,,,,,True,True,False,False,False,0,False,,False,False
NCT02170415,2014.0,<=2015,NA,both,2,154.0,OTHER,UNKNOWN,RANDOMIZED,True,SINGLE,1.0,True,False,PARALLEL,True,active,True,,,,,False,False,False,False,False,0,False,,False,True
NCT07458256,2026.0,2021-2026,NA,drug,2,190.0,OTHER,RECRUITING,RANDOMIZED,True,QUADRUPLE,4.0,True,True,PARALLEL,True,active,True,,,,,False,False,False,False,False,0,False,YES,True,True
NCT02903719,2016.0,2016-2020,PHASE4,drug,2,30.0,OTHER,UNKNOWN,RANDOMIZED,True,TRIPLE,3.0,True,True,CROSSOVER,False,none/single-group,False,,,,,True,True,False,False,False,0,False,UNDECIDED,False,True
NCT04432012,2020.0,2016-2020,PHASE4,drug,3,159.0,OTHER,RECRUITING,RANDOMIZED,True,DOUBLE,2.0,True,True,PARALLEL,True,no-intervention,True,,,,,True,True,True,False,False,0,False,NO,False,False
NCT03393572,2018.0,2016-2020,PHASE4,drug,2,80.0,OTHER,COMPLETED,RANDOMIZED,True,QUADRUPLE,4.0,True,True,PARALLEL,False,active,True,,,,,True,True,False,False,False,0,False,,False,
NCT02680626,2016.0,2016-2020,PHASE4,drug,2,86.0,OTHER,TERMINATED,RANDOMIZED,True,QUADRUPLE,4.0,True,True,PARALLEL,False,active,True,,,,,True,True,False,False,False,0,False,NO,False,False
NCT05995912,2021.0,2021-2026,PHASE2,drug,2,58.0,INDUSTRY,COMPLETED,RANDOMIZED,True,DOUBLE,2.0,True,True,PARALLEL,True,active,True,,,,,False,True,False,False,False,0,False,NO,False,False
NCT02285010,2014.0,<=2015,PHASE4,drug,2,125.0,OTHER,COMPLETED,RANDOMIZED,True,QUADRUPLE,4.0,True,True,PARALLEL,True,placebo/sham,True,125.0,119.0,0.04800000000000004,True,True,True,False,True,False,0,False,,False,False
NCT02145975,2014.0,<=2015,PHASE3,drug,2,60.0,OTHER,COMPLETED,RANDOMIZED,True,TRIPLE,3.0,True,True,PARALLEL,False,active,True,,,,,True,True,False,False,False,0,False,,False,False
NCT04039321,2019.0,2016-2020,NA,drug,2,40.0,OTHER_GOV,COMPLETED,RANDOMIZED,True,SINGLE,1.0,True,False,PARALLEL,True,placebo/sham,True,,,,,False,True,False,False,False,0,False,NO,False,
NCT03064633,2017.0,2016-2020,PHASE4,drug,2,54.0,OTHER,COMPLETED,RANDOMIZED,True,QUADRUPLE,4.0,True,True,PARALLEL,False,active,True,,,,,True,True,False,False,False,0,False,NO,False,False
NCT06774274,2025.0,2021-2026,PHASE4,drug,2,120.0,OTHER,RECRUITING,RANDOMIZED,True,QUADRUPLE,4.0,True,True,PARALLEL,True,active,True,,,,,True,True,False,False,False,0,False,NO,False,True
NCT05283408,2022.0,2021-2026,NA,drug,3,135.0,OTHER,COMPLETED,RANDOMIZED,True,QUADRUPLE,4.0,True,True,PARALLEL,True,none/single-group,False,,,,,False,True,True,False,False,0,False,,False,
NCT07267182,2022.0,2021-2026,NA,drug,2,240.0,OTHER,COMPLETED,RANDOMIZED,True,NONE,0.0,False,False,PARALLEL,True,none/single-group,False,,,,,False,True,False,False,False,0,False,NO,False,False
NCT05247255,2022.0,2021-2026,EARLY_PHASE1,drug,2,80.0,OTHER,ENROLLING_BY_INVITATION,RANDOMIZED,True,QUADRUPLE,4.0,True,True,PARALLEL,True,placebo/sham,True,,,,,False,False,False,False,False,0,False,NO,False,False
NCT04452344,2021.0,2021-2026,PHASE3,drug,2,1815.0,OTHER,ACTIVE_NOT_RECRUITING,RANDOMIZED,True,QUADRUPLE,4.0,True,True,PARALLEL,True,active,True,1815.0,1786.0,0.01597796143250685,True,True,False,False,True,False,2,True,YES,True,True
NCT01612832,2012.0,<=2015,NA,drug,2,100.0,OTHER_GOV,UNKNOWN,RANDOMIZED,True,QUADRUPLE,4.0,True,True,PARALLEL,True,active,True,,,,,False,True,False,False,False,1,True,,False,
NCT03549221,2018.0,2016-2020,PHASE2,drug,2,82.0,OTHER,UNKNOWN,RANDOMIZED,True,DOUBLE,2.0,True,True,PARALLEL,True,no-intervention,True,,,,,False,True,False,False,False,0,False,NO,False,False
NCT07386353,2024.0,2021-2026,PHASE4,drug,2,120.0,OTHER,RECRUITING,RANDOMIZED,True,NONE,0.0,False,False,PARALLEL,True,none/single-group,False,,,,,True,True,False,False,False,0,False,YES,True,True
NCT04032327,2018.0,2016-2020,PHASE2,drug,2,120.0,FED,COMPLETED,RANDOMIZED,True,TRIPLE,3.0,True,True,PARALLEL,True,active,True,120.0,120.0,0.0,True,False,True,False,True,False,1,True,NO,False,True
NCT01706588,2013.0,<=2015,PHASE2,drug,5,75.0,INDUSTRY,COMPLETED,RANDOMIZED,True,DOUBLE,2.0,True,True,PARALLEL,True,placebo/sham,True,75.0,75.0,0.0,True,False,True,True,True,False,1,True,,False,False
NCT07426666,2025.0,2021-2026,NA,drug,2,48.0,OTHER_GOV,COMPLETED,RANDOMIZED,True,SINGLE,1.0,True,False,PARALLEL,True,no-intervention,True,,,,,False,True,False,False,False,0,False,NO,False,False
NCT01444924,2011.0,<=2015,PHASE2,drug,2,75.0,OTHER,COMPLETED,RANDOMIZED,True,QUADRUPLE,4.0,True,True,PARALLEL,True,placebo/sham,True,64.0,64.0,0.0,True,False,False,False,True,False,0,False,,False,True
NCT00111046,2001.0,<=2015,PHASE1;PHASE2,drug,0,40.0,OTHER_GOV,UNKNOWN,RANDOMIZED,True,SINGLE,1.0,True,False,PARALLEL,False,none/single-group,False,,,,,False,True,False,False,False,0,False,,False,
NCT03732469,2019.0,2016-2020,PHASE4,drug,2,4.0,OTHER,TERMINATED,RANDOMIZED,True,SINGLE,1.0,True,False,PARALLEL,False,active,True,,,,,True,False,False,False,False,0,False,NO,False,True
NCT05072314,2022.0,2021-2026,PHASE3,drug,2,4300.0,OTHER,RECRUITING,RANDOMIZED,True,QUADRUPLE,4.0,True,True,PARALLEL,True,placebo/sham,True,,,,,True,False,False,False,False,0,False,NO,False,True
NCT00632580,2008.0,<=2015,PHASE4,drug,2,60.0,OTHER,UNKNOWN,RANDOMIZED,True,DOUBLE,2.0,True,True,PARALLEL,False,active,True,,,,,True,True,False,False,False,0,False,,False,False
NCT03045133,2016.0,2016-2020,PHASE4,drug,2,70.0,OTHER,COMPLETED,RANDOMIZED,True,QUADRUPLE,4.0,True,True,PARALLEL,False,active,True,,,,,True,False,False,False,False,0,False,NO,False,False
NCT07636070,2026.0,2021-2026,NA,drug,2,60.0,OTHER,NOT_YET_RECRUITING,RANDOMIZED,True,DOUBLE,2.0,True,True,PARALLEL,True,active,True,,,,,False,True,False,False,False,0,False,NO,False,False
NCT00726388,2008.0,<=2015,PHASE3,drug,1,1050.0,INDUSTRY,COMPLETED,NA,False,NONE,0.0,False,False,SINGLE_GROUP,True,none/single-group,False,1050.0,943.0,0.10190476190476194,True,True,True,False,True,False,1,True,,False,False
NCT02949674,2016.0,2016-2020,PHASE3,drug,3,93.0,OTHER_GOV,COMPLETED,RANDOMIZED,True,SINGLE,1.0,True,False,PARALLEL,False,no-intervention,True,93.0,93.0,0.0,True,True,False,True,True,False,0,False,,False,
NCT05376904,2022.0,2021-2026,PHASE2,drug,4,86.0,INDUSTRY,COMPLETED,RANDOMIZED,True,QUADRUPLE,4.0,True,True,PARALLEL,True,active,True,,,,,False,True,True,False,False,0,False,UNDECIDED,False,
NCT02932930,2016.0,2016-2020,NA,both,2,40.0,OTHER,COMPLETED,RANDOMIZED,True,TRIPLE,3.0,True,True,PARALLEL,True,placebo/sham,True,,,,,False,True,False,False,False,0,False,,False,
NCT05944380,2020.0,2016-2020,PHASE4,drug,2,556.0,OTHER,COMPLETED,RANDOMIZED,True,TRIPLE,3.0,True,True,PARALLEL,True,none/single-group,False,,,,,True,True,False,False,False,0,False,YES,True,True
NCT05773846,2023.0,2021-2026,PHASE3,drug,3,428.0,INDUSTRY,COMPLETED,RANDOMIZED,True,QUADRUPLE,4.0,True,True,PARALLEL,True,placebo/sham,True,,,,,True,True,True,False,False,0,False,NO,False,False
NCT07201987,2027.0,2021-2026,PHASE2,drug,2,100.0,OTHER,NOT_YET_RECRUITING,RANDOMIZED,True,DOUBLE,2.0,True,True,PARALLEL,True,active,True,,,,,False,True,False,False,False,0,False,YES,True,False
NCT04286035,2019.0,2016-2020,PHASE4,drug,2,70.0,OTHER,COMPLETED,RANDOMIZED,True,DOUBLE,2.0,True,True,PARALLEL,False,active,True,,,,,True,True,False,False,False,0,False,NO,False,
NCT00954187,2009.0,<=2015,NA,drug,2,8.0,OTHER,TERMINATED,RANDOMIZED,True,DOUBLE,2.0,True,True,PARALLEL,False,none/single-group,False,0.0,0.0,,,False,True,False,True,False,0,False,,False,False
NCT01246362,2011.0,<=2015,PHASE2,drug,2,65.0,OTHER,COMPLETED,RANDOMIZED,True,QUADRUPLE,4.0,True,True,PARALLEL,True,placebo/sham,True,,,,,False,True,False,False,False,0,False,,False,False
NCT02995304,2016.0,2016-2020,NA,drug,2,60.0,OTHER,UNKNOWN,RANDOMIZED,True,TRIPLE,3.0,True,True,PARALLEL,True,active,True,,,,,False,False,False,False,False,0,False,NO,False,True
NCT02778958,2016.0,2016-2020,PHASE4,drug,2,40.0,OTHER,COMPLETED,RANDOMIZED,True,QUADRUPLE,4.0,True,True,PARALLEL,False,active,True,,,,,True,True,False,False,True,0,False,NO,False,False
NCT06264739,2024.0,2021-2026,NA,drug,2,74.0,OTHER,UNKNOWN,RANDOMIZED,True,DOUBLE,2.0,True,True,CROSSOVER,True,none/single-group,False,,,,,False,False,False,False,False,0,False,UNDECIDED,False,False
NCT04476069,2019.0,2016-2020,PHASE3,drug,2,56.0,OTHER,COMPLETED,RANDOMIZED,True,TRIPLE,3.0,True,True,PARALLEL,False,placebo/sham,True,,,,,True,False,False,False,True,0,False,YES,True,True
NCT01930877,2013.0,<=2015,PHASE2,drug,2,0.0,OTHER,WITHDRAWN,RANDOMIZED,True,QUADRUPLE,4.0,True,True,PARALLEL,False,placebo/sham,True,,,,,False,True,False,False,False,0,False,,False,False
NCT01135108,2009.0,<=2015,PHASE2,drug,2,5.0,INDUSTRY,COMPLETED,RANDOMIZED,True,DOUBLE,2.0,True,True,CROSSOVER,False,placebo/sham,True,,,,,False,True,False,False,False,0,False,,False,False
NCT04173390,2021.0,2021-2026,PHASE2,drug,2,230.0,OTHER,UNKNOWN,RANDOMIZED,True,TRIPLE,3.0,True,True,PARALLEL,True,placebo/sham,True,,,,,False,True,False,False,False,0,False,NO,False,True
NCT04987372,2019.0,2016-2020,PHASE4,drug,2,100.0,OTHER,COMPLETED,RANDOMIZED,True,SINGLE,1.0,True,False,PARALLEL,True,active,True,100.0,96.0,0.040000000000000036,True,True,True,False,True,False,0,False,NO,False,True
NCT03040167,2017.0,2016-2020,PHASE4,both,2,20.0,OTHER,COMPLETED,RANDOMIZED,True,QUADRUPLE,4.0,True,True,PARALLEL,False,placebo/sham,True,,,,,True,True,False,False,False,1,True,NO,False,True
NCT05893680,2021.0,2021-2026,NA,drug,4,160.0,OTHER,COMPLETED,RANDOMIZED,True,DOUBLE,2.0,True,True,FACTORIAL,True,placebo/sham,True,,,,,False,False,True,False,False,0,False,,False,True
NCT06576830,2024.0,2021-2026,PHASE4,drug,2,440.0,OTHER,RECRUITING,RANDOMIZED,True,TRIPLE,3.0,True,True,PARALLEL,True,active,True,,,,,True,True,False,False,False,0,False,YES,True,False
NCT02391844,2014.0,<=2015,PHASE4,drug,1,50.0,OTHER,COMPLETED,NA,False,NONE,0.0,False,False,SINGLE_GROUP,False,none/single-group,False,,,,,True,True,False,False,False,0,False,,False,False
NCT06387303,2024.0,2021-2026,EARLY_PHASE1,drug,2,40.0,OTHER,RECRUITING,RANDOMIZED,True,SINGLE,1.0,True,False,PARALLEL,True,active,True,,,,,False,False,False,False,False,0,False,NO,False,False
NCT05817162,2023.0,2021-2026,PHASE4,both,2,30.0,OTHER,UNKNOWN,RANDOMIZED,True,SINGLE,1.0,True,False,PARALLEL,False,placebo/sham,True,,,,,True,True,False,False,False,0,False,NO,False,False
NCT05626010,2022.0,2021-2026,NA,drug,2,62.0,OTHER,UNKNOWN,RANDOMIZED,True,QUADRUPLE,4.0,True,True,PARALLEL,True,active,True,,,,,False,True,False,False,False,0,False,NO,False,
NCT03597997,2018.0,2016-2020,PHASE4,drug,2,90.0,OTHER,COMPLETED,RANDOMIZED,True,DOUBLE,2.0,True,True,PARALLEL,False,placebo/sham,True,,,,,True,True,False,False,False,1,True,UNDECIDED,False,False
NCT00889148,2007.0,<=2015,NA,drug,2,103.0,OTHER,COMPLETED,RANDOMIZED,True,QUADRUPLE,4.0,True,True,PARALLEL,True,placebo/sham,True,,,,,False,True,False,False,False,0,False,,False,False
NCT01447329,2011.0,<=2015,NA,drug,2,49.0,FED,COMPLETED,RANDOMIZED,True,TRIPLE,3.0,True,True,PARALLEL,True,placebo/sham,True,49.0,34.0,0.30612244897959184,False,False,True,False,True,False,0,False,NO,False,False
NCT01393925,2011.0,<=2015,NA,drug,1,126.0,OTHER,COMPLETED,RANDOMIZED,True,TRIPLE,3.0,True,True,PARALLEL,True,none/single-group,False,,,,,False,True,False,False,False,0,False,,False,True
NCT05666076,2024.0,2021-2026,NA,both,2,74.0,OTHER_GOV,COMPLETED,RANDOMIZED,True,TRIPLE,3.0,True,True,PARALLEL,True,active,True,,,,,False,False,False,False,False,0,False,YES,True,True
NCT01201499,2010.0,<=2015,NA,drug,2,140.0,OTHER_GOV,UNKNOWN,RANDOMIZED,True,TRIPLE,3.0,True,True,PARALLEL,True,active,True,,,,,False,True,False,False,False,0,False,,False,True
NCT00369811,2006.0,<=2015,PHASE4,drug,0,80.0,OTHER,COMPLETED,RANDOMIZED,True,DOUBLE,2.0,True,True,PARALLEL,False,none/single-group,False,,,,,True,True,False,False,False,0,False,,False,True
NCT01259830,2011.0,<=2015,PHASE4,drug,2,81.0,OTHER,TERMINATED,RANDOMIZED,True,QUADRUPLE,4.0,True,True,PARALLEL,False,placebo/sham,True,,,,,True,True,False,False,False,0,False,,False,False
NCT02890199,2016.0,2016-2020,NA,drug,2,30.0,OTHER,UNKNOWN,RANDOMIZED,True,DOUBLE,2.0,True,True,PARALLEL,True,active,True,,,,,False,True,False,False,False,0,False,NO,False,False
NCT07219888,2026.0,2021-2026,PHASE4,drug,2,140.0,OTHER,ENROLLING_BY_INVITATION,RANDOMIZED,True,NONE,0.0,False,False,PARALLEL,True,active,True,,,,,True,False,False,False,True,0,False,NO,False,False
NCT01901393,2013.0,<=2015,PHASE4,drug,2,100.0,INDUSTRY,COMPLETED,RANDOMIZED,True,TRIPLE,3.0,True,True,PARALLEL,True,active,True,100.0,99.0,0.010000000000000009,True,True,True,False,True,False,0,False,,False,False
NCT03538483,2017.0,2016-2020,NA,drug,2,60.0,OTHER,COMPLETED,RANDOMIZED,True,SINGLE,1.0,True,False,PARALLEL,True,active,True,,,,,False,True,False,False,False,0,False,NO,False,False
NCT02969733,2011.0,<=2015,PHASE2;PHASE3,drug,3,135.0,OTHER,COMPLETED,RANDOMIZED,True,TRIPLE,3.0,True,True,PARALLEL,True,placebo/sham,True,,,,,True,True,True,False,False,0,False,NO,False,False
NCT07380568,2025.0,2021-2026,NA,drug,3,60.0,OTHER,COMPLETED,RANDOMIZED,True,TRIPLE,3.0,True,True,PARALLEL,True,placebo/sham,True,,,,,False,False,True,False,False,0,False,NO,False,False
NCT01359085,2011.0,<=2015,NA,both,2,56.0,OTHER_GOV,UNKNOWN,RANDOMIZED,True,DOUBLE,2.0,True,True,PARALLEL,True,active,True,,,,,False,False,False,False,False,0,False,,False,
NCT02760459,2016.0,2016-2020,PHASE4,drug,2,70.0,OTHER,UNKNOWN,RANDOMIZED,True,QUADRUPLE,4.0,True,True,PARALLEL,False,placebo/sham,True,,,,,True,True,False,False,False,1,True,,False,
NCT00520338,2007.0,<=2015,PHASE4,drug,2,80.0,OTHER,COMPLETED,RANDOMIZED,True,QUADRUPLE,4.0,True,True,SINGLE_GROUP,False,placebo/sham,True,,,,,True,True,False,False,False,0,False,,False,False
NCT05594407,2022.0,2021-2026,NA,drug,2,60.0,OTHER,UNKNOWN,RANDOMIZED,True,QUADRUPLE,4.0,True,True,PARALLEL,True,active,True,,,,,False,False,False,False,False,0,False,,False,False
NCT07491991,2025.0,2021-2026,PHASE4,drug,2,96.0,OTHER,COMPLETED,RANDOMIZED,True,SINGLE,1.0,True,False,PARALLEL,False,placebo/sham,True,,,,,True,False,False,False,False,0,False,,False,
NCT07437612,2023.0,2021-2026,PHASE2,drug,4,80.0,OTHER,COMPLETED,RANDOMIZED,True,SINGLE,1.0,True,False,PARALLEL,True,active,True,,,,,False,True,True,False,False,0,False,NO,False,False
NCT04248179,2019.0,2016-2020,PHASE4,drug,2,36.0,OTHER,COMPLETED,RANDOMIZED,True,QUADRUPLE,4.0,True,True,PARALLEL,False,placebo/sham,True,,,,,True,True,False,False,False,0,False,NO,False,True
NCT02869841,2012.0,<=2015,PHASE4,drug,4,57.0,OTHER,COMPLETED,RANDOMIZED,True,NONE,0.0,False,False,PARALLEL,False,placebo/sham,True,,,,,True,True,True,False,False,0,False,NO,False,True
NCT06205875,2024.0,2021-2026,NA,both,2,100.0,OTHER,RECRUITING,RANDOMIZED,True,QUADRUPLE,4.0,True,True,PARALLEL,True,active,True,,,,,False,True,False,False,False,0,False,NO,False,False
NCT03574246,2018.0,2016-2020,PHASE4,drug,2,111.0,OTHER,COMPLETED,RANDOMIZED,True,DOUBLE,2.0,True,True,PARALLEL,True,active,True,,,,,True,False,False,False,False,0,False,,False,False
NCT03822182,2018.0,2016-2020,PHASE4,drug,3,78.0,OTHER,COMPLETED,RANDOMIZED,True,TRIPLE,3.0,True,True,PARALLEL,False,active,True,78.0,76.0,0.02564102564102566,True,True,True,True,True,False,0,False,NO,False,False
NCT04177342,2020.0,2016-2020,PHASE4,drug,2,196.0,OTHER,UNKNOWN,RANDOMIZED,True,DOUBLE,2.0,True,True,PARALLEL,True,active,True,,,,,True,True,False,False,False,0,False,,False,
NCT06908837,2025.0,2021-2026,PHASE4,drug,2,120.0,OTHER,COMPLETED,RANDOMIZED,True,QUADRUPLE,4.0,True,True,PARALLEL,True,active,True,,,,,True,True,False,False,False,1,True,UNDECIDED,False,True
NCT03063658,2017.0,2016-2020,PHASE4,drug,2,108.0,OTHER,UNKNOWN,RANDOMIZED,True,QUADRUPLE,4.0,True,True,PARALLEL,True,active,True,,,,,True,False,False,False,False,0,False,NO,False,False
NCT07071675,2025.0,2021-2026,NA,drug,2,56.0,OTHER,NOT_YET_RECRUITING,RANDOMIZED,True,SINGLE,1.0,True,False,PARALLEL,True,none/single-group,False,,,,,False,True,False,False,False,0,False,NO,False,True
NCT01083485,2010.0,<=2015,PHASE4,drug,2,137.0,INDUSTRY,COMPLETED,RANDOMIZED,True,QUADRUPLE,4.0,True,True,PARALLEL,True,active,True,137.0,127.0,0.07299270072992703,True,True,True,False,True,False,0,False,,False,False
NCT07301528,2025.0,2021-2026,NA,drug,2,60.0,OTHER,COMPLETED,RANDOMIZED,True,SINGLE,1.0,True,False,PARALLEL,True,active,True,,,,,False,False,False,False,False,0,False,UNDECIDED,False,False
NCT05950152,2023.0,2021-2026,PHASE2,drug,3,108.0,INDUSTRY,UNKNOWN,RANDOMIZED,True,QUADRUPLE,4.0,True,True,PARALLEL,True,placebo/sham,True,,,,,False,True,True,False,False,0,False,,False,False
NCT02926573,2016.0,2016-2020,PHASE4,drug,2,123.0,OTHER,COMPLETED,RANDOMIZED,True,DOUBLE,2.0,True,True,PARALLEL,True,placebo/sham,True,110.0,90.0,0.18181818181818177,True,True,True,False,True,False,1,True,UNDECIDED,False,True
NCT02466022,2015.0,<=2015,PHASE3,drug,2,54.0,OTHER,COMPLETED,RANDOMIZED,True,QUADRUPLE,4.0,True,True,PARALLEL,False,placebo/sham,True,,,,,True,False,False,False,False,0,False,,False,False
NCT06791577,2023.0,2021-2026,PHASE4,drug,2,72.0,OTHER,COMPLETED,RANDOMIZED,True,SINGLE,1.0,True,False,CROSSOVER,False,placebo/sham,True,,,,,True,False,False,False,False,0,False,YES,True,False
NCT06860191,2025.0,2021-2026,PHASE4,drug,4,80.0,OTHER,NOT_YET_RECRUITING,RANDOMIZED,True,SINGLE,1.0,True,False,PARALLEL,False,none/single-group,False,,,,,True,True,True,False,False,0,False,NO,False,False
NCT05990049,2023.0,2021-2026,PHASE3,drug,2,40.0,OTHER,UNKNOWN,RANDOMIZED,True,QUADRUPLE,4.0,True,True,PARALLEL,False,active,True,,,,,True,True,False,False,False,0,False,NO,False,False
NCT03825068,2018.0,2016-2020,NA,both,2,20.0,OTHER,UNKNOWN,RANDOMIZED,True,SINGLE,1.0,True,False,PARALLEL,False,placebo/sham,True,,,,,False,False,False,False,False,0,False,,False,True
NCT01198210,2010.0,<=2015,PHASE1;PHASE2,drug,4,160.0,OTHER,UNKNOWN,RANDOMIZED,True,QUADRUPLE,4.0,True,True,PARALLEL,True,placebo/sham,True,,,,,False,False,True,False,False,0,False,,False,True
NCT00619086,2005.0,<=2015,NA,drug,2,72.0,OTHER,COMPLETED,RANDOMIZED,True,TRIPLE,3.0,True,True,PARALLEL,True,placebo/sham,True,,,,,False,False,False,False,False,1,True,,False,False
NCT05206110,2022.0,2021-2026,NA,drug,2,100.0,OTHER,COMPLETED,RANDOMIZED,True,TRIPLE,3.0,True,True,PARALLEL,True,active,True,,,,,False,True,False,False,False,0,False,NO,False,False
NCT04680286,2020.0,2016-2020,PHASE3,drug,2,60.0,OTHER,TERMINATED,RANDOMIZED,True,QUADRUPLE,4.0,True,True,PARALLEL,False,placebo/sham,True,,,,,True,True,False,False,False,0,False,NO,False,True
NCT02534610,2014.0,<=2015,NA,drug,3,165.0,OTHER,COMPLETED,RANDOMIZED,True,TRIPLE,3.0,True,True,CROSSOVER,True,placebo/sham,True,,,,,False,False,True,False,True,1,True,,False,False
NCT02818985,2016.0,2016-2020,PHASE2,drug,3,60.0,OTHER,COMPLETED,RANDOMIZED,True,QUADRUPLE,4.0,True,True,PARALLEL,True,placebo/sham,True,,,,,False,False,True,False,False,1,True,YES,True,True
NCT05231460,2022.0,2021-2026,PHASE4,drug,4,244.0,OTHER,ENROLLING_BY_INVITATION,RANDOMIZED,True,NONE,0.0,False,False,FACTORIAL,True,active,True,,,,,True,True,True,False,False,0,False,NO,False,False
NCT07229495,2026.0,2021-2026,PHASE4,drug,3,171.0,OTHER,NOT_YET_RECRUITING,RANDOMIZED,True,QUADRUPLE,4.0,True,True,PARALLEL,True,active,True,,,,,True,True,True,False,False,0,False,NO,False,False
NCT06117917,2023.0,2021-2026,PHASE2;PHASE3,drug,2,150.0,OTHER,UNKNOWN,RANDOMIZED,True,QUADRUPLE,4.0,True,True,PARALLEL,True,placebo/sham,True,,,,,True,True,False,False,False,0,False,,False,False
NCT04393207,2022.0,2021-2026,PHASE4,drug,3,147.0,OTHER,TERMINATED,RANDOMIZED,True,DOUBLE,2.0,True,True,PARALLEL,True,active,True,147.0,147.0,0.0,True,True,False,True,True,False,0,False,NO,False,True
NCT02445599,2014.0,<=2015,PHASE4,drug,2,3.0,OTHER,COMPLETED,RANDOMIZED,True,TRIPLE,3.0,True,True,CROSSOVER,False,none/single-group,False,,,,,True,True,False,False,True,0,False,,False,True
NCT01084200,2009.0,<=2015,PHASE4,drug,3,90.0,OTHER,COMPLETED,RANDOMIZED,True,TRIPLE,3.0,True,True,PARALLEL,False,none/single-group,False,,,,,True,True,True,False,True,0,False,,False,True
NCT05414006,2022.0,2021-2026,PHASE4,drug,4,120.0,OTHER,COMPLETED,RANDOMIZED,True,TRIPLE,3.0,True,True,CROSSOVER,True,placebo/sham,True,,,,,True,False,True,False,False,1,True,YES,True,True
NCT03715517,2018.0,2016-2020,NA,both,2,128.0,OTHER,RECRUITING,RANDOMIZED,True,NONE,0.0,False,False,PARALLEL,True,active,True,,,,,False,True,False,False,False,0,False,,False,False
NCT02957903,2016.0,2016-2020,PHASE4,drug,2,20.0,OTHER,COMPLETED,RANDOMIZED,True,TRIPLE,3.0,True,True,CROSSOVER,False,placebo/sham,True,,,,,True,True,False,False,False,0,False,YES,True,False
NCT04788654,2021.0,2021-2026,PHASE3,both,2,60.0,OTHER,COMPLETED,RANDOMIZED,True,NONE,0.0,False,False,PARALLEL,False,active,True,,,,,True,False,False,False,False,0,False,,False,False
NCT01531439,2011.0,<=2015,NA,drug,2,84.0,OTHER,COMPLETED,RANDOMIZED,True,QUADRUPLE,4.0,True,True,PARALLEL,True,active,True,84.0,79.0,0.059523809523809534,True,False,False,False,True,False,0,False,,False,False
NCT06036979,2024.0,2021-2026,NA,both,3,51.0,OTHER,UNKNOWN,RANDOMIZED,True,NONE,0.0,False,False,PARALLEL,True,active,True,,,,,False,False,True,False,False,0,False,YES,True,True
NCT06071949,2023.0,2021-2026,PHASE3,drug,2,558.0,INDUSTRY,UNKNOWN,RANDOMIZED,True,QUADRUPLE,4.0,True,True,PARALLEL,True,none/single-group,False,,,,,True,True,False,False,False,0,False,NO,False,False
NCT03879408,2019.0,2016-2020,PHASE2,drug,5,290.0,INDUSTRY,COMPLETED,RANDOMIZED,True,QUADRUPLE,4.0,True,True,PARALLEL,True,placebo/sham,True,290.0,279.0,0.037931034482758585,True,False,True,True,True,False,0,False,YES,True,False
NCT03090776,2017.0,2016-2020,EARLY_PHASE1,drug,2,264.0,OTHER,COMPLETED,RANDOMIZED,True,QUADRUPLE,4.0,True,True,SEQUENTIAL,True,none/single-group,False,,,,,False,False,False,False,False,0,False,NO,False,False
NCT03756233,2018.0,2016-2020,NA,drug,2,60.0,OTHER,COMPLETED,RANDOMIZED,True,SINGLE,1.0,True,False,CROSSOVER,True,active,True,,,,,False,False,False,False,False,0,False,,False,False
NCT01178203,2010.0,<=2015,PHASE1;PHASE2,drug,0,,OTHER,COMPLETED,,False,,,False,False,PARALLEL,,none/single-group,False,,,,,False,True,False,False,False,0,False,,False,True
NCT02464813,2015.0,<=2015,PHASE4,drug,2,64.0,OTHER_GOV,COMPLETED,RANDOMIZED,True,DOUBLE,2.0,True,True,PARALLEL,False,placebo/sham,True,,,,,True,False,False,False,False,0,False,,False,True
NCT07387484,2026.0,2021-2026,NA,drug,2,90.0,OTHER,NOT_YET_RECRUITING,RANDOMIZED,True,DOUBLE,2.0,True,True,PARALLEL,True,active,True,,,,,False,True,False,False,False,0,False,YES,True,True
NCT00774540,2008.0,<=2015,PHASE4,drug,2,40.0,OTHER,COMPLETED,RANDOMIZED,True,QUADRUPLE,4.0,True,True,PARALLEL,False,placebo/sham,True,,,,,True,True,False,False,False,0,False,,False,True
NCT04622904,2020.0,2016-2020,NA,drug,3,90.0,OTHER,UNKNOWN,RANDOMIZED,True,QUADRUPLE,4.0,True,True,PARALLEL,True,active,True,,,,,False,False,True,False,False,0,False,NO,False,False
NCT03878888,2019.0,2016-2020,PHASE4,drug,2,52.0,OTHER,COMPLETED,NON_RANDOMIZED,False,NONE,0.0,False,False,PARALLEL,False,no-intervention,True,,,,,True,True,False,False,True,0,False,NO,False,True
NCT06433713,2023.0,2021-2026,PHASE2,drug,2,60.0,OTHER,COMPLETED,RANDOMIZED,True,DOUBLE,2.0,True,True,PARALLEL,True,placebo/sham,True,,,,,False,True,False,False,False,0,False,UNDECIDED,False,True
NCT02483221,2015.0,<=2015,PHASE4,drug,2,50.0,OTHER,COMPLETED,RANDOMIZED,True,SINGLE,1.0,True,False,PARALLEL,False,active,True,,,,,True,True,False,False,False,1,True,,False,True
NCT05452369,2021.0,2021-2026,NA,drug,2,104.0,OTHER,UNKNOWN,RANDOMIZED,True,DOUBLE,2.0,True,True,PARALLEL,True,none/single-group,False,,,,,False,False,False,False,False,0,False,,False,False
NCT05244252,2021.0,2021-2026,EARLY_PHASE1,drug,2,80.0,OTHER_GOV,UNKNOWN,RANDOMIZED,True,SINGLE,1.0,True,False,PARALLEL,True,active,True,,,,,False,True,False,False,False,0,False,NO,False,False
NCT00581139,2003.0,<=2015,PHASE2,drug,4,241.0,OTHER,COMPLETED,RANDOMIZED,True,NONE,0.0,False,False,FACTORIAL,True,active,True,241.0,241.0,0.0,True,False,False,True,True,False,0,False,,False,True
NCT03347266,2017.0,2016-2020,PHASE2,drug,2,12.0,INDUSTRY,COMPLETED,RANDOMIZED,True,TRIPLE,3.0,True,True,PARALLEL,False,placebo/sham,True,,,,,False,True,False,False,False,0,False,,False,False
NCT02389361,2011.0,<=2015,PHASE4,drug,2,51.0,OTHER,COMPLETED,RANDOMIZED,True,TRIPLE,3.0,True,True,PARALLEL,False,active,True,51.0,51.0,0.0,True,True,True,False,True,False,0,False,,False,False
NCT06724432,2021.0,2021-2026,NA,drug,2,44.0,OTHER,COMPLETED,RANDOMIZED,True,DOUBLE,2.0,True,True,PARALLEL,True,placebo/sham,True,,,,,False,False,False,False,False,0,False,NO,False,False
NCT03912740,2019.0,2016-2020,NA,drug,2,58.0,OTHER,COMPLETED,RANDOMIZED,True,QUADRUPLE,4.0,True,True,PARALLEL,True,active,True,,,,,False,True,False,False,False,1,True,,False,
NCT00695045,2003.0,<=2015,NA,drug,3,60.0,OTHER,COMPLETED,RANDOMIZED,True,TRIPLE,3.0,True,True,PARALLEL,True,none/single-group,False,,,,,False,True,True,False,False,1,True,,False,False
NCT03979599,2019.0,2016-2020,PHASE3,both,2,10.0,OTHER,UNKNOWN,RANDOMIZED,True,QUADRUPLE,4.0,True,True,PARALLEL,False,placebo/sham,True,,,,,True,True,False,False,False,0,False,,False,
NCT02670759,2016.0,2016-2020,NA,drug,2,14.0,OTHER,TERMINATED,RANDOMIZED,True,NONE,0.0,False,False,PARALLEL,False,active,True,,,,,False,True,False,False,False,0,False,NO,False,False
NCT01681966,2012.0,<=2015,PHASE2,drug,1,15.0,INDUSTRY,COMPLETED,NA,False,NONE,0.0,False,False,SINGLE_GROUP,False,none/single-group,False,,,,,False,True,False,False,False,0,False,,False,False
NCT04256057,2020.0,2016-2020,EARLY_PHASE1,drug,1,24.0,OTHER,UNKNOWN,,False,NONE,0.0,False,False,SEQUENTIAL,False,none/single-group,False,,,,,False,False,False,False,False,0,False,NO,False,
NCT06619340,2024.0,2021-2026,PHASE4,drug,1,10.0,OTHER,ENROLLING_BY_INVITATION,NA,False,NONE,0.0,False,False,SINGLE_GROUP,False,none/single-group,False,,,,,True,True,False,False,False,0,False,NO,False,False
NCT04018612,2019.0,2016-2020,PHASE2,drug,3,110.0,INDUSTRY,COMPLETED,RANDOMIZED,True,DOUBLE,2.0,True,True,PARALLEL,True,placebo/sham,True,110.0,108.0,0.018181818181818188,True,False,True,True,True,False,0,False,,False,False
NCT01982799,2014.0,<=2015,NA,drug,2,0.0,OTHER,WITHDRAWN,RANDOMIZED,True,DOUBLE,2.0,True,True,PARALLEL,False,none/single-group,False,,,,,False,False,False,False,False,0,False,,False,False
NCT06630364,2023.0,2021-2026,PHASE4,drug,2,59.0,OTHER,COMPLETED,RANDOMIZED,True,NONE,0.0,False,False,PARALLEL,False,active,True,,,,,True,True,False,False,False,0,False,NO,False,False
NCT05843344,2023.0,2021-2026,NA,drug,3,90.0,OTHER,UNKNOWN,RANDOMIZED,True,QUADRUPLE,4.0,True,True,PARALLEL,True,active,True,,,,,False,False,True,False,False,0,False,NO,False,False
NCT01388946,2010.0,<=2015,NA,drug,2,110.0,OTHER,COMPLETED,RANDOMIZED,True,TRIPLE,3.0,True,True,PARALLEL,True,placebo/sham,True,110.0,101.0,0.08181818181818179,True,False,True,False,True,False,0,False,NO,False,False
NCT02522598,2015.0,<=2015,PHASE2,drug,2,38.0,INDUSTRY,COMPLETED,RANDOMIZED,True,TRIPLE,3.0,True,True,PARALLEL,False,placebo/sham,True,,,,,False,True,False,False,False,0,False,,False,False
NCT03476772,2018.0,2016-2020,NA,drug,2,60.0,OTHER,COMPLETED,RANDOMIZED,True,DOUBLE,2.0,True,True,SINGLE_GROUP,True,active,True,,,,,False,True,False,False,False,0,False,NO,False,False
NCT02475031,2012.0,<=2015,PHASE4,both,2,70.0,OTHER,COMPLETED,RANDOMIZED,True,QUADRUPLE,4.0,True,True,PARALLEL,False,placebo/sham,True,70.0,70.0,0.0,True,True,True,False,True,True,0,False,NO,False,True
NCT02514980,2015.0,<=2015,PHASE2;PHASE3,drug,2,30.0,OTHER,COMPLETED,RANDOMIZED,True,QUADRUPLE,4.0,True,True,PARALLEL,False,active,True,,,,,True,True,False,False,False,0,False,NO,False,True
NCT02801799,2016.0,2016-2020,PHASE1,drug,5,60.0,OTHER,TERMINATED,RANDOMIZED,True,TRIPLE,3.0,True,True,PARALLEL,True,active,True,,,,,False,False,True,False,False,1,True,YES,True,True
NCT04025606,2019.0,2016-2020,NA,drug,2,94.0,OTHER,COMPLETED,RANDOMIZED,True,SINGLE,1.0,True,False,PARALLEL,True,active,True,,,,,False,True,False,False,False,0,False,NO,False,False
NCT02456142,2015.0,<=2015,PHASE4,drug,2,70.0,OTHER,COMPLETED,RANDOMIZED,True,NONE,0.0,False,False,PARALLEL,False,active,True,,,,,True,True,False,False,False,0,False,,False,True
NCT04188431,2020.0,2016-2020,PHASE4,drug,2,523.0,OTHER,TERMINATED,RANDOMIZED,True,QUADRUPLE,4.0,True,True,PARALLEL,True,placebo/sham,True,,,,,True,False,False,False,False,0,False,YES,True,True
NCT05289050,2022.0,2021-2026,PHASE4,drug,2,144.0,OTHER,UNKNOWN,RANDOMIZED,True,SINGLE,1.0,True,False,PARALLEL,True,placebo/sham,True,,,,,True,False,False,False,False,2,True,,False,
NCT07226076,2026.0,2021-2026,PHASE3,drug,2,162.0,OTHER,RECRUITING,RANDOMIZED,True,DOUBLE,2.0,True,True,PARALLEL,True,active,True,,,,,True,True,False,False,False,0,False,NO,False,True
NCT01219088,2010.0,<=2015,PHASE4,drug,4,80.0,OTHER,UNKNOWN,RANDOMIZED,True,SINGLE,1.0,True,False,PARALLEL,False,active,True,,,,,True,True,True,False,False,1,True,,False,False
NCT01719705,2012.0,<=2015,PHASE1,drug,3,135.0,OTHER,COMPLETED,RANDOMIZED,True,QUADRUPLE,4.0,True,True,PARALLEL,True,placebo/sham,True,,,,,False,True,True,False,False,0,False,,False,True
NCT00440739,2005.0,<=2015,PHASE4,drug,4,128.0,OTHER,COMPLETED,RANDOMIZED,True,QUADRUPLE,4.0,True,True,FACTORIAL,True,placebo/sham,True,,,,,True,True,True,False,False,0,False,,False,False
NCT06787196,2024.0,2021-2026,PHASE4,drug,1,60.0,OTHER,COMPLETED,NA,False,NONE,0.0,False,False,SINGLE_GROUP,False,none/single-group,False,,,,,True,False,False,False,False,0,False,NO,False,False
NCT02146638,2012.0,<=2015,NA,drug,2,60.0,OTHER,COMPLETED,RANDOMIZED,True,DOUBLE,2.0,True,True,PARALLEL,True,active,True,,,,,False,True,False,False,False,0,False,,False,False
NCT01543685,2012.0,<=2015,PHASE3,drug,5,462.0,INDUSTRY,COMPLETED,RANDOMIZED,True,TRIPLE,3.0,True,True,PARALLEL,True,placebo/sham,True,462.0,450.0,0.025974025974025983,True,True,True,True,True,False,0,False,,False,False
NCT01700491,2012.0,<=2015,PHASE3,drug,2,21.0,OTHER,TERMINATED,RANDOMIZED,True,QUADRUPLE,4.0,True,True,SINGLE_GROUP,False,active,True,,,,,True,True,False,False,False,0,False,,False,False
NCT07239505,2025.0,2021-2026,NA,drug,2,182.0,OTHER,RECRUITING,RANDOMIZED,True,QUADRUPLE,4.0,True,True,PARALLEL,True,placebo/sham,True,,,,,False,True,False,False,False,0,False,YES,True,False
NCT02241278,2001.0,<=2015,PHASE4,drug,2,48.0,OTHER,COMPLETED,RANDOMIZED,True,QUADRUPLE,4.0,True,True,PARALLEL,False,placebo/sham,True,,,,,True,False,False,False,False,0,False,,False,False
NCT05902780,2024.0,2021-2026,NA,drug,2,50.0,OTHER,NOT_YET_RECRUITING,RANDOMIZED,True,SINGLE,1.0,True,False,PARALLEL,True,active,True,,,,,False,False,False,False,False,0,False,,False,False
NCT02365961,2015.0,<=2015,PHASE4,drug,2,84.0,OTHER,COMPLETED,RANDOMIZED,True,SINGLE,1.0,True,False,PARALLEL,False,active,True,84.0,84.0,0.0,True,True,True,False,True,False,1,True,,False,False
NCT03413163,2018.0,2016-2020,NA,drug,2,40.0,OTHER,COMPLETED,RANDOMIZED,True,SINGLE,1.0,True,False,PARALLEL,True,placebo/sham,True,,,,,False,True,False,False,True,0,False,NO,False,False
NCT05126264,2021.0,2021-2026,NA,drug,2,10.0,OTHER,COMPLETED,RANDOMIZED,True,DOUBLE,2.0,True,True,CROSSOVER,False,active,True,,,,,False,True,False,False,False,0,False,NO,False,True
NCT05341323,2022.0,2021-2026,PHASE4,drug,2,80.0,OTHER,COMPLETED,RANDOMIZED,True,TRIPLE,3.0,True,True,PARALLEL,False,active,True,,,,,True,True,False,False,False,0,False,,False,
NCT07108582,2026.0,2021-2026,PHASE3,drug,2,270.0,OTHER,NOT_YET_RECRUITING,RANDOMIZED,True,DOUBLE,2.0,True,True,PARALLEL,True,active,True,,,,,True,True,False,False,False,0,False,UNDECIDED,False,False
NCT01593280,2012.0,<=2015,NA,both,2,80.0,OTHER,UNKNOWN,RANDOMIZED,True,NONE,0.0,False,False,PARALLEL,True,active,True,,,,,False,True,False,False,False,0,False,,False,True
NCT02132312,2014.0,<=2015,PHASE3,drug,2,78.0,INDUSTRY,COMPLETED,RANDOMIZED,True,QUADRUPLE,4.0,True,True,PARALLEL,False,active,True,78.0,69.0,0.11538461538461542,True,True,True,False,True,False,0,False,,False,False
NCT05474040,2021.0,2021-2026,NA,drug,2,60.0,OTHER_GOV,COMPLETED,RANDOMIZED,True,SINGLE,1.0,True,False,PARALLEL,True,active,True,,,,,False,True,False,False,False,1,True,UNDECIDED,False,
NCT03724266,2018.0,2016-2020,NA,drug,2,60.0,OTHER,UNKNOWN,RANDOMIZED,True,DOUBLE,2.0,True,True,PARALLEL,True,active,True,,,,,False,True,False,False,False,0,False,,False,True
NCT02976571,2016.0,2016-2020,NA,drug,4,120.0,OTHER_GOV,UNKNOWN,RANDOMIZED,True,QUADRUPLE,4.0,True,True,PARALLEL,True,placebo/sham,True,,,,,False,False,True,False,False,1,True,NO,False,False
NCT01512914,2008.0,<=2015,PHASE3,drug,4,120.0,OTHER,COMPLETED,RANDOMIZED,True,QUADRUPLE,4.0,True,True,PARALLEL,True,placebo/sham,True,,,,,True,True,True,False,True,0,False,,False,False
NCT03178539,2017.0,2016-2020,PHASE2;PHASE3,drug,2,100.0,OTHER,COMPLETED,RANDOMIZED,True,TRIPLE,3.0,True,True,PARALLEL,True,active,True,,,,,True,True,False,False,False,0,False,NO,False,True
NCT04776369,2022.0,2021-2026,PHASE4,drug,4,60.0,OTHER,UNKNOWN,RANDOMIZED,True,DOUBLE,2.0,True,True,FACTORIAL,False,placebo/sham,True,,,,,True,True,True,False,True,0,False,NO,False,False
NCT02848963,2016.0,2016-2020,PHASE4,drug,3,75.0,OTHER,COMPLETED,RANDOMIZED,True,SINGLE,1.0,True,False,CROSSOVER,False,active,True,,,,,True,False,True,False,False,1,True,NO,False,False
NCT05549492,2021.0,2021-2026,PHASE1,drug,2,64.0,INDUSTRY,COMPLETED,RANDOMIZED,True,SINGLE,1.0,True,False,PARALLEL,True,none/single-group,False,,,,,False,True,False,False,False,0,False,UNDECIDED,False,True
NCT02735122,2016.0,2016-2020,PHASE3,drug,4,420.0,INDUSTRY,COMPLETED,RANDOMIZED,True,QUADRUPLE,4.0,True,True,PARALLEL,True,placebo/sham,True,,,,,True,True,True,False,False,1,True,YES,True,False
NCT03737604,2018.0,2016-2020,PHASE4,drug,2,200.0,OTHER,ACTIVE_NOT_RECRUITING,RANDOMIZED,True,NONE,0.0,False,False,PARALLEL,True,active,True,,,,,True,True,False,False,False,0,False,NO,False,False
NCT06172920,2023.0,2021-2026,PHASE4,drug,3,45.0,OTHER,UNKNOWN,RANDOMIZED,True,DOUBLE,2.0,True,True,PARALLEL,False,active,True,,,,,True,True,True,False,False,0,False,,False,False
NCT01430520,2011.0,<=2015,PHASE4,drug,2,120.0,OTHER,COMPLETED,RANDOMIZED,True,QUADRUPLE,4.0,True,True,PARALLEL,True,placebo/sham,True,,,,,True,True,False,False,False,0,False,,False,True
NCT01322061,2010.0,<=2015,PHASE4,drug,2,80.0,OTHER,COMPLETED,RANDOMIZED,True,TRIPLE,3.0,True,True,PARALLEL,False,placebo/sham,True,,,,,True,True,False,False,False,1,True,,False,True
NCT04290208,2019.0,2016-2020,PHASE4,drug,2,130.0,OTHER,UNKNOWN,RANDOMIZED,True,TRIPLE,3.0,True,True,PARALLEL,True,active,True,,,,,True,True,False,False,True,0,False,,False,False
NCT07353996,2025.0,2021-2026,PHASE4,drug,1,180.0,OTHER,RECRUITING,NA,False,NONE,0.0,False,False,SINGLE_GROUP,True,none/single-group,False,,,,,True,True,False,False,False,0,False,NO,False,False
NCT03927781,2019.0,2016-2020,PHASE3,drug,1,10.0,OTHER,COMPLETED,NA,False,NONE,0.0,False,False,SINGLE_GROUP,False,none/single-group,False,10.0,10.0,0.0,True,True,True,False,True,False,0,False,NO,False,True
NCT02703259,2016.0,2016-2020,PHASE4,drug,2,137.0,OTHER,COMPLETED,RANDOMIZED,True,TRIPLE,3.0,True,True,PARALLEL,True,placebo/sham,True,137.0,129.0,0.058394160583941646,True,True,False,False,True,False,1,True,NO,False,False
NCT04190355,2019.0,2016-2020,NA,drug,2,104.0,OTHER,UNKNOWN,RANDOMIZED,True,NONE,0.0,False,False,PARALLEL,True,active,True,,,,,False,False,False,False,True,0,False,NO,False,False
NCT04400721,2020.0,2016-2020,PHASE3,drug,3,120.0,OTHER,UNKNOWN,RANDOMIZED,True,SINGLE,1.0,True,False,PARALLEL,True,active,True,,,,,True,False,True,False,False,0,False,NO,False,False
NCT06116409,2023.0,2021-2026,NA,drug,2,50.0,OTHER_GOV,COMPLETED,RANDOMIZED,True,DOUBLE,2.0,True,True,PARALLEL,True,no-intervention,True,,,,,False,True,False,False,False,0,False,,False,
NCT02525718,2015.0,<=2015,PHASE2,drug,2,47.0,OTHER,COMPLETED,RANDOMIZED,True,DOUBLE,2.0,True,True,PARALLEL,False,placebo/sham,True,47.0,45.0,0.04255319148936165,True,False,True,False,True,False,0,False,,False,False
NCT03995004,2022.0,2021-2026,PHASE1,drug,3,87.0,OTHER,SUSPENDED,RANDOMIZED,True,QUADRUPLE,4.0,True,True,PARALLEL,True,active,True,,,,,False,True,True,False,False,0,False,NO,False,False
NCT03618264,2019.0,2016-2020,PHASE4,drug,2,140.0,OTHER,COMPLETED,RANDOMIZED,True,DOUBLE,2.0,True,True,PARALLEL,True,active,True,,,,,True,False,False,False,False,1,True,UNDECIDED,False,False
NCT03496610,2021.0,2021-2026,PHASE4,both,2,44.0,OTHER,COMPLETED,NON_RANDOMIZED,False,NONE,0.0,False,False,PARALLEL,False,active,True,44.0,37.0,0.15909090909090906,True,True,False,False,True,False,0,False,NO,False,False
NCT07406828,2026.0,2021-2026,PHASE1,drug,2,70.0,OTHER,NOT_YET_RECRUITING,NON_RANDOMIZED,False,NONE,0.0,False,False,PARALLEL,True,active,True,,,,,False,True,False,False,False,0,False,NO,False,True
NCT01707420,2012.0,<=2015,NA,drug,2,36.0,OTHER,COMPLETED,RANDOMIZED,True,QUADRUPLE,4.0,True,True,PARALLEL,True,placebo/sham,True,36.0,36.0,0.0,True,False,True,False,True,False,0,False,NO,False,False
NCT06116539,2024.0,2021-2026,PHASE1,both,2,80.0,OTHER,UNKNOWN,RANDOMIZED,True,SINGLE,1.0,True,False,PARALLEL,True,active,True,,,,,False,False,False,False,False,0,False,NO,False,False
NCT06665438,2024.0,2021-2026,PHASE3,drug,3,75.0,OTHER,RECRUITING,RANDOMIZED,True,DOUBLE,2.0,True,True,PARALLEL,False,none/single-group,False,,,,,True,True,True,False,False,0,False,NO,False,
NCT04048889,2019.0,2016-2020,NA,drug,2,66.0,OTHER,UNKNOWN,RANDOMIZED,True,TRIPLE,3.0,True,True,PARALLEL,True,active,True,,,,,False,True,False,False,False,1,True,UNDECIDED,False,False
NCT02247648,2013.0,<=2015,PHASE2,drug,2,100.0,OTHER,TERMINATED,RANDOMIZED,True,DOUBLE,2.0,True,True,PARALLEL,True,placebo/sham,True,,,,,False,True,False,False,False,0,False,,False,True
NCT03885804,2019.0,2016-2020,EARLY_PHASE1,drug,2,50.0,OTHER,COMPLETED,RANDOMIZED,True,DOUBLE,2.0,True,True,PARALLEL,True,placebo/sham,True,,,,,False,False,False,False,False,0,False,YES,True,
NCT07153003,2026.0,2021-2026,PHASE4,drug,2,560.0,OTHER,ENROLLING_BY_INVITATION,RANDOMIZED,True,NONE,0.0,False,False,PARALLEL,True,active,True,,,,,True,True,False,False,False,0,False,NO,False,
NCT05153785,2021.0,2021-2026,PHASE2;PHASE3,drug,2,124.0,OTHER,COMPLETED,RANDOMIZED,True,QUADRUPLE,4.0,True,True,PARALLEL,True,placebo/sham,True,,,,,True,True,False,False,False,0,False,YES,True,True
NCT04969133,2021.0,2021-2026,NA,drug,2,110.0,OTHER,COMPLETED,RANDOMIZED,True,DOUBLE,2.0,True,True,PARALLEL,True,active,True,,,,,False,False,False,False,False,1,True,UNDECIDED,False,False
NCT01529190,2011.0,<=2015,PHASE2,drug,2,40.0,OTHER,COMPLETED,RANDOMIZED,True,TRIPLE,3.0,True,True,PARALLEL,False,placebo/sham,True,,,,,False,True,False,False,False,0,False,,False,True
NCT06606067,2024.0,2021-2026,PHASE3,drug,2,294.0,OTHER,ACTIVE_NOT_RECRUITING,RANDOMIZED,True,DOUBLE,2.0,True,True,PARALLEL,True,placebo/sham,True,,,,,True,False,False,False,False,0,False,NO,False,True
NCT03625011,2018.0,2016-2020,PHASE4,drug,2,50.0,OTHER,RECRUITING,RANDOMIZED,True,QUADRUPLE,4.0,True,True,PARALLEL,False,placebo/sham,True,,,,,True,False,False,False,False,0,False,,False,True
NCT06187922,2023.0,2021-2026,PHASE4,both,2,120.0,OTHER,UNKNOWN,RANDOMIZED,True,NONE,0.0,False,False,PARALLEL,True,placebo/sham,True,,,,,True,True,False,False,True,0,False,NO,False,True
NCT00813111,2008.0,<=2015,PHASE3,drug,2,136.0,INDUSTRY,TERMINATED,RANDOMIZED,True,DOUBLE,2.0,True,True,PARALLEL,True,active,True,136.0,134.0,0.014705882352941124,True,True,False,False,True,False,1,True,,False,False
NCT02603848,2017.0,2016-2020,NA,drug,2,100.0,OTHER,UNKNOWN,RANDOMIZED,True,QUADRUPLE,4.0,True,True,PARALLEL,True,active,True,,,,,False,True,False,False,False,0,False,,False,True
NCT01748942,2012.0,<=2015,NA,both,2,76.0,OTHER,COMPLETED,RANDOMIZED,True,DOUBLE,2.0,True,True,PARALLEL,True,active,True,76.0,68.0,0.10526315789473684,True,False,False,False,True,False,1,True,,False,True
NCT07628166,2026.0,2021-2026,NA,both,3,60.0,OTHER,COMPLETED,RANDOMIZED,True,SINGLE,1.0,True,False,PARALLEL,True,active,True,,,,,False,False,True,False,True,0,False,YES,True,False
NCT07528651,2021.0,2021-2026,NA,drug,2,53.0,OTHER,COMPLETED,RANDOMIZED,True,TRIPLE,3.0,True,True,PARALLEL,True,placebo/sham,True,,,,,False,True,False,False,False,0,False,YES,True,False
NCT01298778,2010.0,<=2015,NA,drug,2,69.0,OTHER,COMPLETED,RANDOMIZED,True,DOUBLE,2.0,True,True,PARALLEL,True,placebo/sham,True,69.0,60.0,0.13043478260869568,True,False,True,False,True,False,0,False,,False,True
NCT03332056,2013.0,<=2015,PHASE4,drug,2,71.0,OTHER,COMPLETED,RANDOMIZED,True,QUADRUPLE,4.0,True,True,PARALLEL,False,placebo/sham,True,71.0,52.0,0.2676056338028169,False,True,True,False,True,False,0,False,,False,False
NCT02466542,2015.0,<=2015,PHASE4,drug,2,60.0,OTHER,COMPLETED,RANDOMIZED,True,TRIPLE,3.0,True,True,PARALLEL,False,placebo/sham,True,,,,,True,False,False,False,False,2,True,,False,True
NCT05972083,2023.0,2021-2026,NA,drug,2,60.0,OTHER,COMPLETED,RANDOMIZED,True,DOUBLE,2.0,True,True,PARALLEL,True,active,True,,,,,False,True,False,False,False,0,False,NO,False,False
NCT06932835,2025.0,2021-2026,NA,drug,2,80.0,OTHER_GOV,RECRUITING,RANDOMIZED,True,TRIPLE,3.0,True,True,PARALLEL,True,active,True,,,,,False,True,False,False,False,0,False,,False,False
NCT05962970,2023.0,2021-2026,NA,drug,2,60.0,OTHER,COMPLETED,RANDOMIZED,True,QUADRUPLE,4.0,True,True,PARALLEL,True,placebo/sham,True,,,,,False,True,False,False,False,0,False,NO,False,False
NCT06925152,2025.0,2021-2026,PHASE4,drug,2,120.0,OTHER,RECRUITING,RANDOMIZED,True,QUADRUPLE,4.0,True,True,PARALLEL,True,placebo/sham,True,,,,,True,True,False,False,False,0,False,NO,False,False
NCT05823363,2024.0,2021-2026,PHASE4,drug,2,0.0,OTHER,WITHDRAWN,RANDOMIZED,True,DOUBLE,2.0,True,True,PARALLEL,False,active,True,,,,,True,True,False,False,False,0,False,NO,False,True
NCT07330063,2025.0,2021-2026,PHASE2,drug,3,114.0,OTHER,NOT_YET_RECRUITING,RANDOMIZED,True,DOUBLE,2.0,True,True,PARALLEL,True,placebo/sham,True,,,,,False,True,True,False,False,0,False,UNDECIDED,False,
NCT06531603,2022.0,2021-2026,PHASE2;PHASE3,drug,2,64.0,OTHER_GOV,COMPLETED,RANDOMIZED,True,DOUBLE,2.0,True,True,PARALLEL,False,none/single-group,False,,,,,True,True,False,False,True,0,False,NO,False,True
NCT07709598,2026.0,2021-2026,PHASE2;PHASE3,drug,4,330.0,INDUSTRY,RECRUITING,RANDOMIZED,True,QUADRUPLE,4.0,True,True,PARALLEL,True,placebo/sham,True,,,,,True,True,True,False,False,0,False,NO,False,True
NCT01770236,2013.0,<=2015,PHASE4,drug,2,41.0,OTHER,TERMINATED,RANDOMIZED,True,NONE,0.0,False,False,PARALLEL,False,no-intervention,True,,,,,True,False,False,False,False,0,False,,False,False
NCT00672347,2008.0,<=2015,PHASE1;PHASE2,drug,4,80.0,OTHER,COMPLETED,RANDOMIZED,True,TRIPLE,3.0,True,True,PARALLEL,True,active,True,,,,,False,True,True,False,False,0,False,,False,True
NCT03605901,2019.0,2016-2020,PHASE2,drug,2,21.0,OTHER,TERMINATED,RANDOMIZED,True,SINGLE,1.0,True,False,PARALLEL,False,active,True,21.0,21.0,0.0,True,False,False,False,True,True,0,False,NO,False,False
NCT02052180,2013.0,<=2015,NA,drug,2,70.0,OTHER,UNKNOWN,RANDOMIZED,True,SINGLE,1.0,True,False,PARALLEL,True,active,True,,,,,False,False,False,False,False,0,False,,False,False
NCT07224711,2026.0,2021-2026,PHASE4,drug,2,2290.0,OTHER,NOT_YET_RECRUITING,RANDOMIZED,True,TRIPLE,3.0,True,True,PARALLEL,True,placebo/sham,True,,,,,True,True,False,False,False,0,False,NO,False,True
NCT05271331,2022.0,2021-2026,NA,drug,2,112.0,OTHER,RECRUITING,RANDOMIZED,True,QUADRUPLE,4.0,True,True,PARALLEL,True,active,True,,,,,False,True,False,False,False,0,False,UNDECIDED,False,False
NCT02752971,2015.0,<=2015,PHASE3,drug,3,43.0,OTHER,COMPLETED,RANDOMIZED,True,TRIPLE,3.0,True,True,CROSSOVER,False,none/single-group,False,,,,,True,True,True,False,False,0,False,,False,
NCT00519246,2007.0,<=2015,PHASE4,drug,7,2000.0,OTHER,COMPLETED,RANDOMIZED,True,QUADRUPLE,4.0,True,True,PARALLEL,True,placebo/sham,True,,,,,True,True,True,False,True,0,False,,False,True
NCT00653354,2002.0,<=2015,PHASE3,drug,3,360.0,INDUSTRY,COMPLETED,RANDOMIZED,True,DOUBLE,2.0,True,True,PARALLEL,True,placebo/sham,True,,,,,True,True,True,False,False,0,False,,False,False
NCT06527976,2022.0,2021-2026,NA,drug,2,90.0,OTHER,COMPLETED,RANDOMIZED,True,TRIPLE,3.0,True,True,PARALLEL,True,active,True,,,,,False,False,False,False,False,0,False,,False,True
NCT01605240,2012.0,<=2015,NA,drug,2,50.0,OTHER,UNKNOWN,RANDOMIZED,True,SINGLE,1.0,True,False,SINGLE_GROUP,True,active,True,,,,,False,True,False,False,False,0,False,,False,True
NCT07287683,2025.0,2021-2026,PHASE1;PHASE2,drug,2,50.0,OTHER,ACTIVE_NOT_RECRUITING,RANDOMIZED,True,NONE,0.0,False,False,PARALLEL,True,active,True,,,,,False,False,False,False,False,0,False,NO,False,
NCT04625283,2021.0,2021-2026,PHASE4,drug,2,1570.0,OTHER,COMPLETED,RANDOMIZED,True,QUADRUPLE,4.0,True,True,PARALLEL,True,placebo/sham,True,1570.0,1522.0,0.030573248407643305,True,True,True,False,True,False,4,True,NO,False,True
NCT02479971,2014.0,<=2015,PHASE3,drug,2,60.0,OTHER,COMPLETED,RANDOMIZED,True,DOUBLE,2.0,True,True,PARALLEL,False,active,True,,,,,True,False,False,False,False,0,False,,False,True
NCT01472913,2010.0,<=2015,PHASE4,drug,2,48.0,OTHER,COMPLETED,RANDOMIZED,True,TRIPLE,3.0,True,True,PARALLEL,False,placebo/sham,True,,,,,True,True,False,False,False,0,False,,False,True
NCT07644065,2019.0,2016-2020,NA,drug,3,40.0,OTHER,COMPLETED,RANDOMIZED,True,QUADRUPLE,4.0,True,True,CROSSOVER,True,placebo/sham,True,,,,,False,False,True,False,False,0,False,NO,False,False
NCT05303688,2018.0,2016-2020,NA,drug,2,30.0,OTHER,COMPLETED,RANDOMIZED,True,TRIPLE,3.0,True,True,PARALLEL,True,placebo/sham,True,,,,,False,False,False,False,False,0,False,,False,
NCT04263909,2020.0,2016-2020,PHASE4,drug,1,199.0,OTHER,COMPLETED,NA,False,NONE,0.0,False,False,SINGLE_GROUP,True,none/single-group,False,199.0,190.0,0.045226130653266305,True,True,True,False,True,False,0,False,NO,False,False
NCT07579975,2026.0,2021-2026,NA,drug,2,70.0,OTHER,NOT_YET_RECRUITING,RANDOMIZED,True,DOUBLE,2.0,True,True,PARALLEL,True,none/single-group,False,,,,,False,True,False,False,False,0,False,NO,False,False
NCT07424001,2025.0,2021-2026,PHASE4,drug,2,76.0,OTHER,COMPLETED,RANDOMIZED,True,QUADRUPLE,4.0,True,True,PARALLEL,False,placebo/sham,True,,,,,True,True,False,False,False,0,False,NO,False,False
NCT03033589,2016.0,2016-2020,NA,drug,2,78.0,OTHER,COMPLETED,RANDOMIZED,True,DOUBLE,2.0,True,True,PARALLEL,True,active,True,78.0,60.0,0.23076923076923073,False,False,True,False,True,False,1,True,,False,False
NCT00964808,2009.0,<=2015,PHASE4,drug,2,76.0,OTHER,COMPLETED,RANDOMIZED,True,QUADRUPLE,4.0,True,True,PARALLEL,False,none/single-group,False,,,,,True,True,False,False,False,0,False,,False,True
NCT04879004,2021.0,2021-2026,NA,drug,2,40.0,OTHER,UNKNOWN,RANDOMIZED,True,QUADRUPLE,4.0,True,True,PARALLEL,True,placebo/sham,True,,,,,False,False,False,False,False,0,False,NO,False,False
NCT07062497,2025.0,2021-2026,PHASE2;PHASE3,drug,2,62.0,OTHER,RECRUITING,RANDOMIZED,True,TRIPLE,3.0,True,True,PARALLEL,False,active,True,,,,,True,True,False,False,True,0,False,YES,True,False
NCT07126483,2025.0,2021-2026,NA,both,2,70.0,OTHER,COMPLETED,RANDOMIZED,True,TRIPLE,3.0,True,True,PARALLEL,True,none/single-group,False,,,,,False,True,False,False,False,1,True,YES,True,False
NCT06483659,2025.0,2021-2026,PHASE2,drug,2,152.0,OTHER,RECRUITING,RANDOMIZED,True,QUADRUPLE,4.0,True,True,PARALLEL,True,placebo/sham,True,,,,,False,True,False,False,False,0,False,NO,False,False
NCT05323565,2022.0,2021-2026,PHASE4,drug,3,45.0,OTHER,UNKNOWN,RANDOMIZED,True,QUADRUPLE,4.0,True,True,PARALLEL,False,placebo/sham,True,,,,,True,True,True,False,False,0,False,,False,
NCT04610164,2019.0,2016-2020,PHASE3,drug,2,200.0,OTHER,UNKNOWN,RANDOMIZED,True,DOUBLE,2.0,True,True,PARALLEL,True,no-intervention,True,,,,,True,True,False,False,False,0,False,,False,
NCT05624957,2022.0,2021-2026,NA,drug,2,50.0,OTHER,COMPLETED,RANDOMIZED,True,TRIPLE,3.0,True,True,PARALLEL,True,placebo/sham,True,,,,,False,False,False,False,False,0,False,NO,False,
NCT07259057,2023.0,2021-2026,NA,both,2,66.0,OTHER,COMPLETED,RANDOMIZED,True,NONE,0.0,False,False,PARALLEL,True,active,True,,,,,False,False,False,False,True,0,False,NO,False,False
NCT06568770,2024.0,2021-2026,PHASE2;PHASE3,drug,2,70.0,OTHER_GOV,RECRUITING,RANDOMIZED,True,DOUBLE,2.0,True,True,PARALLEL,False,none/single-group,False,,,,,True,True,False,False,False,0,False,YES,True,True
NCT01819610,2013.0,<=2015,PHASE3,drug,1,60.0,INDUSTRY,COMPLETED,NA,False,NONE,0.0,False,False,SINGLE_GROUP,False,none/single-group,False,,,,,True,True,False,False,False,0,False,,False,True
NCT06999993,2025.0,2021-2026,PHASE2;PHASE3,drug,3,60.0,OTHER,ACTIVE_NOT_RECRUITING,RANDOMIZED,True,DOUBLE,2.0,True,True,PARALLEL,False,placebo/sham,True,,,,,True,False,True,False,False,0,False,YES,True,True
NCT06656299,2024.0,2021-2026,NA,both,2,60.0,OTHER,RECRUITING,RANDOMIZED,True,DOUBLE,2.0,True,True,PARALLEL,True,active,True,,,,,False,True,False,False,False,0,False,NO,False,False
NCT02989597,2017.0,2016-2020,PHASE4,both,2,10.0,OTHER,TERMINATED,RANDOMIZED,True,TRIPLE,3.0,True,True,PARALLEL,False,active,True,10.0,10.0,0.0,True,True,True,False,True,False,0,False,,False,True
NCT04983524,2015.0,<=2015,NA,drug,2,46.0,OTHER,COMPLETED,RANDOMIZED,True,SINGLE,1.0,True,False,PARALLEL,True,active,True,,,,,False,False,False,False,False,0,False,YES,True,
NCT01507363,2012.0,<=2015,PHASE4,drug,3,300.0,OTHER,COMPLETED,RANDOMIZED,True,QUADRUPLE,4.0,True,True,PARALLEL,True,placebo/sham,True,,,,,True,True,True,False,False,0,False,,False,True
NCT00335517,2006.0,<=2015,NA,drug,2,98.0,OTHER,COMPLETED,RANDOMIZED,True,NONE,0.0,False,False,SINGLE_GROUP,True,none/single-group,False,100.0,98.0,0.020000000000000018,True,False,True,False,True,False,0,False,,False,False
NCT01701921,2011.0,<=2015,PHASE2;PHASE3,drug,3,94.0,OTHER,COMPLETED,RANDOMIZED,True,TRIPLE,3.0,True,True,PARALLEL,False,placebo/sham,True,,,,,True,False,True,False,False,0,False,UNDECIDED,False,False
NCT07442877,2024.0,2021-2026,PHASE2,drug,4,161.0,INDUSTRY,COMPLETED,RANDOMIZED,True,QUADRUPLE,4.0,True,True,PARALLEL,True,placebo/sham,True,,,,,False,True,True,False,False,0,False,NO,False,False
NCT05282251,2024.0,2021-2026,NA,drug,2,60.0,OTHER,UNKNOWN,RANDOMIZED,True,QUADRUPLE,4.0,True,True,PARALLEL,True,active,True,,,,,False,True,False,False,False,0,False,,False,
NCT05021809,2021.0,2021-2026,PHASE4,drug,3,60.0,OTHER,UNKNOWN,RANDOMIZED,True,SINGLE,1.0,True,False,PARALLEL,False,active,True,,,,,True,True,True,False,False,0,False,UNDECIDED,False,True
NCT05308420,2022.0,2021-2026,PHASE4,both,2,60.0,OTHER,COMPLETED,RANDOMIZED,True,QUADRUPLE,4.0,True,True,PARALLEL,False,active,True,,,,,True,True,False,False,False,1,True,NO,False,
NCT02669004,2015.0,<=2015,PHASE4,drug,2,47.0,OTHER,COMPLETED,RANDOMIZED,True,DOUBLE,2.0,True,True,PARALLEL,False,active,True,,,,,True,True,False,False,False,0,False,NO,False,False
NCT03249662,2017.0,2016-2020,NA,both,2,60.0,OTHER,COMPLETED,RANDOMIZED,True,DOUBLE,2.0,True,True,PARALLEL,True,active,True,,,,,False,False,False,False,False,1,True,UNDECIDED,False,True
NCT05406765,2022.0,2021-2026,PHASE4,drug,2,10.0,OTHER,COMPLETED,RANDOMIZED,True,QUADRUPLE,4.0,True,True,PARALLEL,False,placebo/sham,True,,,,,True,True,False,False,False,1,True,UNDECIDED,False,False
NCT01974609,2016.0,2016-2020,PHASE4,drug,2,347.0,OTHER,COMPLETED,RANDOMIZED,True,QUADRUPLE,4.0,True,True,PARALLEL,True,active,True,,,,,True,False,False,False,False,0,False,NO,False,True
NCT07442539,2026.0,2021-2026,NA,drug,2,156.0,OTHER,RECRUITING,RANDOMIZED,True,QUADRUPLE,4.0,True,True,PARALLEL,True,active,True,,,,,False,True,False,False,False,0,False,YES,True,True
NCT04439396,2020.0,2016-2020,PHASE1,drug,3,183.0,OTHER,COMPLETED,RANDOMIZED,True,TRIPLE,3.0,True,True,PARALLEL,True,placebo/sham,True,,,,,False,True,True,False,False,0,False,NO,False,True
NCT02556970,,,NA,both,2,0.0,OTHER,WITHDRAWN,RANDOMIZED,True,TRIPLE,3.0,True,True,PARALLEL,False,active,True,,,,,False,True,False,False,False,0,False,,False,False
NCT02114463,2014.0,<=2015,PHASE4,both,2,36.0,OTHER,UNKNOWN,RANDOMIZED,True,NONE,0.0,False,False,PARALLEL,False,active,True,,,,,True,True,False,False,False,0,False,,False,False
NCT07341854,2026.0,2021-2026,NA,drug,2,446.0,OTHER,NOT_YET_RECRUITING,RANDOMIZED,True,SINGLE,1.0,True,False,PARALLEL,True,active,True,,,,,False,False,False,False,False,0,False,YES,True,True
NCT01973452,2013.0,<=2015,PHASE3,drug,2,333.0,OTHER,COMPLETED,RANDOMIZED,True,DOUBLE,2.0,True,True,PARALLEL,True,placebo/sham,True,331.0,300.0,0.09365558912386707,True,True,True,False,True,False,0,False,,False,
NCT05259098,2019.0,2016-2020,PHASE4,drug,2,54.0,OTHER,COMPLETED,RANDOMIZED,True,NONE,0.0,False,False,PARALLEL,False,none/single-group,False,,,,,True,True,False,False,False,0,False,YES,True,True
NCT07548385,2026.0,2021-2026,PHASE3,drug,2,235.0,OTHER,RECRUITING,RANDOMIZED,True,TRIPLE,3.0,True,True,PARALLEL,True,placebo/sham,True,,,,,True,True,False,False,False,0,False,NO,False,False
NCT03872830,2019.0,2016-2020,PHASE2,drug,4,165.0,INDUSTRY,COMPLETED,RANDOMIZED,True,QUADRUPLE,4.0,True,True,PARALLEL,True,placebo/sham,True,,,,,False,True,True,False,False,0,False,NO,False,False
NCT02341144,2014.0,<=2015,NA,both,2,61.0,OTHER,COMPLETED,RANDOMIZED,True,TRIPLE,3.0,True,True,PARALLEL,True,active,True,61.0,58.0,0.049180327868852514,True,False,False,False,True,False,0,False,NO,False,True
NCT04280406,2020.0,2016-2020,PHASE1,drug,2,50.0,OTHER,UNKNOWN,RANDOMIZED,True,QUADRUPLE,4.0,True,True,PARALLEL,True,placebo/sham,True,,,,,False,False,False,False,False,0,False,NO,False,True
NCT07590752,2024.0,2021-2026,PHASE2;PHASE3,drug,2,96.0,OTHER_GOV,RECRUITING,RANDOMIZED,True,DOUBLE,2.0,True,True,PARALLEL,False,none/single-group,False,,,,,True,True,False,False,False,0,False,YES,True,True
NCT05150431,2021.0,2021-2026,PHASE4,drug,2,58.0,OTHER,COMPLETED,RANDOMIZED,True,DOUBLE,2.0,True,True,PARALLEL,False,placebo/sham,True,,,,,True,True,False,False,False,0,False,,False,
NCT04622813,2021.0,2021-2026,PHASE3,drug,2,90.0,OTHER,COMPLETED,RANDOMIZED,True,QUADRUPLE,4.0,True,True,PARALLEL,False,placebo/sham,True,,,,,True,True,False,False,False,0,False,NO,False,
NCT04733326,2021.0,2021-2026,PHASE1,drug,3,48.0,OTHER,COMPLETED,RANDOMIZED,True,DOUBLE,2.0,True,True,PARALLEL,True,placebo/sham,True,,,,,False,True,True,False,False,0,False,NO,False,
NCT07689162,2026.0,2021-2026,PHASE2,drug,2,45.0,OTHER,NOT_YET_RECRUITING,RANDOMIZED,True,SINGLE,1.0,True,False,PARALLEL,False,active,True,,,,,False,True,False,False,False,0,False,NO,False,False
NCT06003933,2023.0,2021-2026,NA,both,2,50.0,OTHER,COMPLETED,RANDOMIZED,True,TRIPLE,3.0,True,True,PARALLEL,True,no-intervention,True,,,,,False,False,False,False,False,0,False,NO,False,
NCT05588557,2022.0,2021-2026,PHASE1,drug,2,24.0,INDUSTRY,COMPLETED,RANDOMIZED,True,DOUBLE,2.0,True,True,PARALLEL,False,active,True,,,,,False,True,False,False,False,0,False,,False,True
NCT05283980,2022.0,2021-2026,PHASE2;PHASE3,drug,2,62.0,OTHER,ACTIVE_NOT_RECRUITING,RANDOMIZED,True,TRIPLE,3.0,True,True,PARALLEL,False,placebo/sham,True,,,,,True,False,False,False,False,0,False,,False,
NCT07479069,2025.0,2021-2026,NA,both,2,46.0,OTHER,ACTIVE_NOT_RECRUITING,RANDOMIZED,True,NONE,0.0,False,False,PARALLEL,True,active,True,,,,,False,True,False,False,False,0,False,NO,False,False
NCT05141344,2021.0,2021-2026,PHASE1,drug,2,50.0,OTHER,COMPLETED,RANDOMIZED,True,TRIPLE,3.0,True,True,PARALLEL,True,placebo/sham,True,,,,,False,False,False,False,False,0,False,NO,False,
NCT04118777,2020.0,2016-2020,NA,drug,2,0.0,OTHER,WITHDRAWN,RANDOMIZED,True,QUADRUPLE,4.0,True,True,PARALLEL,False,placebo/sham,True,,,,,False,True,False,False,False,0,False,NO,False,True
NCT03183596,2019.0,2016-2020,PHASE3,drug,2,0.0,OTHER,WITHDRAWN,RANDOMIZED,True,NONE,0.0,False,False,PARALLEL,False,active,True,,,,,True,False,False,False,False,0,False,NO,False,True
NCT04364867,2020.0,2016-2020,PHASE4,drug,2,102.0,OTHER,COMPLETED,RANDOMIZED,True,NONE,0.0,False,False,PARALLEL,True,active,True,102.0,54.0,0.47058823529411764,False,True,True,False,True,False,0,False,NO,False,False
NCT01826851,2013.0,<=2015,PHASE2,drug,2,79.0,OTHER,COMPLETED,RANDOMIZED,True,QUADRUPLE,4.0,True,True,PARALLEL,True,placebo/sham,True,79.0,79.0,0.0,True,False,True,False,True,False,1,True,,False,False
NCT05193227,2021.0,2021-2026,PHASE2,drug,2,120.0,OTHER,RECRUITING,RANDOMIZED,True,SINGLE,1.0,True,False,PARALLEL,True,active,True,,,,,False,True,False,False,False,0,False,,False,True
NCT05728892,2023.0,2021-2026,NA,drug,2,72.0,OTHER,UNKNOWN,RANDOMIZED,True,NONE,0.0,False,False,PARALLEL,True,placebo/sham,True,,,,,False,True,False,False,False,0,False,NO,False,True
NCT03713216,2018.0,2016-2020,PHASE4,drug,2,44.0,OTHER,COMPLETED,RANDOMIZED,True,NONE,0.0,False,False,PARALLEL,False,active,True,,,,,True,True,False,False,False,1,True,UNDECIDED,False,False
NCT03534102,2022.0,2021-2026,PHASE4,drug,3,0.0,OTHER,WITHDRAWN,NON_RANDOMIZED,False,NONE,0.0,False,False,PARALLEL,False,no-intervention,True,,,,,True,True,True,False,False,0,False,NO,False,False
NCT07618182,2026.0,2021-2026,NA,drug,2,116.0,OTHER,NOT_YET_RECRUITING,RANDOMIZED,True,SINGLE,1.0,True,False,PARALLEL,True,active,True,,,,,False,True,False,False,False,0,False,NO,False,False
NCT01303120,2011.0,<=2015,NA,drug,3,107.0,OTHER_GOV,COMPLETED,RANDOMIZED,True,TRIPLE,3.0,True,True,PARALLEL,True,active,True,,,,,False,True,True,False,False,1,True,,False,True
NCT05795478,2023.0,2021-2026,NA,drug,4,264.0,OTHER,RECRUITING,RANDOMIZED,True,TRIPLE,3.0,True,True,FACTORIAL,True,placebo/sham,True,,,,,False,True,True,False,False,0,False,,False,True
NCT02844725,2016.0,2016-2020,PHASE2,drug,2,60.0,INDUSTRY,COMPLETED,RANDOMIZED,True,TRIPLE,3.0,True,True,PARALLEL,True,placebo/sham,True,,,,,False,True,False,False,False,0,False,,False,False
NCT05824832,2023.0,2021-2026,PHASE4,drug,2,120.0,OTHER,RECRUITING,RANDOMIZED,True,SINGLE,1.0,True,False,PARALLEL,True,active,True,,,,,True,True,False,False,False,0,False,NO,False,False
NCT02747875,2016.0,2016-2020,NA,drug,2,26.0,OTHER,TERMINATED,RANDOMIZED,True,QUADRUPLE,4.0,True,True,PARALLEL,False,active,True,26.0,24.0,0.07692307692307687,True,False,True,False,True,True,0,False,NO,False,False
NCT05199922,2022.0,2021-2026,NA,drug,2,60.0,OTHER,COMPLETED,RANDOMIZED,True,DOUBLE,2.0,True,True,PARALLEL,True,active,True,,,,,False,True,False,False,False,1,True,NO,False,False
NCT01322360,2011.0,<=2015,PHASE4,drug,1,50.0,INDUSTRY,COMPLETED,NA,False,NONE,0.0,False,False,SINGLE_GROUP,False,none/single-group,False,50.0,50.0,0.0,True,True,True,False,True,False,0,False,,False,False
NCT07668648,2026.0,2021-2026,NA,both,2,80.0,OTHER_GOV,RECRUITING,RANDOMIZED,True,SINGLE,1.0,True,False,PARALLEL,True,none/single-group,False,,,,,False,True,False,False,False,0,False,NO,False,False
NCT03563534,2017.0,2016-2020,PHASE4,drug,2,20.0,OTHER,UNKNOWN,RANDOMIZED,True,SINGLE,1.0,True,False,PARALLEL,False,active,True,,,,,True,True,False,False,False,0,False,UNDECIDED,False,True
NCT07644923,2026.0,2021-2026,PHASE4,drug,4,40.0,OTHER,NOT_YET_RECRUITING,RANDOMIZED,True,SINGLE,1.0,True,False,PARALLEL,False,none/single-group,False,,,,,True,False,True,False,False,0,False,YES,True,False
NCT07022821,2025.0,2021-2026,PHASE4,drug,3,90.0,OTHER,RECRUITING,RANDOMIZED,True,DOUBLE,2.0,True,True,PARALLEL,False,none/single-group,False,,,,,True,True,True,False,False,0,False,YES,True,False
NCT03673163,2018.0,2016-2020,NA,drug,2,180.0,OTHER,UNKNOWN,RANDOMIZED,True,QUADRUPLE,4.0,True,True,PARALLEL,True,placebo/sham,True,,,,,False,True,False,False,False,0,False,NO,False,False
NCT05523102,2022.0,2021-2026,PHASE4,drug,2,85.0,OTHER,COMPLETED,RANDOMIZED,True,DOUBLE,2.0,True,True,PARALLEL,False,active,True,,,,,True,True,False,False,False,0,False,NO,False,False
NCT01075243,2009.0,<=2015,PHASE4,drug,3,401.0,INDUSTRY,COMPLETED,RANDOMIZED,True,DOUBLE,2.0,True,True,PARALLEL,True,placebo/sham,True,401.0,392.0,0.02244389027431426,True,True,True,True,True,False,1,True,,False,False
NCT00720343,2009.0,<=2015,PHASE4,drug,2,60.0,OTHER,COMPLETED,RANDOMIZED,True,QUADRUPLE,4.0,True,True,PARALLEL,False,placebo/sham,True,60.0,57.0,0.050000000000000044,True,True,True,False,True,True,0,False,NO,False,True
NCT06071936,2023.0,2021-2026,PHASE3,drug,2,558.0,INDUSTRY,UNKNOWN,RANDOMIZED,True,QUADRUPLE,4.0,True,True,PARALLEL,True,placebo/sham,True,,,,,True,True,False,False,False,0,False,NO,False,False
NCT04500158,2020.0,2016-2020,PHASE3,drug,2,59.0,OTHER,COMPLETED,RANDOMIZED,True,TRIPLE,3.0,True,True,PARALLEL,False,no-intervention,True,59.0,31.0,0.47457627118644063,False,True,False,False,True,False,0,False,NO,False,
NCT01900795,2013.0,<=2015,PHASE2,drug,3,114.0,INDUSTRY,TERMINATED,RANDOMIZED,True,TRIPLE,3.0,True,True,PARALLEL,True,placebo/sham,True,,,,,False,True,True,False,False,0,False,,False,True
NCT03666299,2018.0,2016-2020,NA,drug,2,72.0,OTHER,UNKNOWN,RANDOMIZED,True,QUADRUPLE,4.0,True,True,PARALLEL,True,placebo/sham,True,,,,,False,True,False,False,False,0,False,NO,False,False
NCT06405724,2024.0,2021-2026,PHASE3,drug,2,84.0,OTHER,UNKNOWN,RANDOMIZED,True,QUADRUPLE,4.0,True,True,PARALLEL,False,active,True,,,,,True,True,False,False,False,0,False,,False,True
NCT04182880,2020.0,2016-2020,PHASE2,drug,2,20.0,INDUSTRY,COMPLETED,RANDOMIZED,True,TRIPLE,3.0,True,True,PARALLEL,False,placebo/sham,True,20.0,19.0,0.050000000000000044,True,False,True,False,True,True,0,False,,False,
NCT00804674,2005.0,<=2015,PHASE2,drug,2,47.0,OTHER,COMPLETED,RANDOMIZED,True,TRIPLE,3.0,True,True,PARALLEL,False,placebo/sham,True,,,,,False,False,False,False,False,0,False,,False,False
NCT02876055,2016.0,2016-2020,PHASE4,drug,3,125.0,OTHER,COMPLETED,RANDOMIZED,True,NONE,0.0,False,False,PARALLEL,True,active,True,125.0,125.0,0.0,True,True,True,True,True,False,0,False,NO,False,False
NCT06614257,2022.0,2021-2026,NA,both,2,84.0,OTHER,COMPLETED,RANDOMIZED,True,TRIPLE,3.0,True,True,PARALLEL,True,placebo/sham,True,,,,,False,True,False,False,True,0,False,,False,True
NCT05186454,2021.0,2021-2026,PHASE2,drug,2,60.0,OTHER,UNKNOWN,RANDOMIZED,True,QUADRUPLE,4.0,True,True,PARALLEL,True,active,True,,,,,False,False,False,False,False,0,False,NO,False,True
NCT02310581,2015.0,<=2015,PHASE3,drug,4,40.0,INDUSTRY,TERMINATED,RANDOMIZED,True,DOUBLE,2.0,True,True,PARALLEL,False,placebo/sham,True,40.0,33.0,0.17500000000000004,True,True,True,True,True,False,0,False,,False,False
NCT04294329,2017.0,2016-2020,NA,both,2,30.0,OTHER,COMPLETED,RANDOMIZED,True,TRIPLE,3.0,True,True,PARALLEL,True,placebo/sham,True,,,,,False,False,False,False,False,0,False,NO,False,True
NCT02953145,2019.0,2016-2020,PHASE4,drug,2,0.0,OTHER,WITHDRAWN,RANDOMIZED,True,SINGLE,1.0,True,False,PARALLEL,False,no-intervention,True,,,,,True,True,False,False,False,0,False,NO,False,False
NCT02454881,2015.0,<=2015,PHASE4,drug,4,107.0,OTHER_GOV,COMPLETED,RANDOMIZED,True,TRIPLE,3.0,True,True,PARALLEL,True,active,True,,,,,True,True,True,False,False,0,False,NO,False,False
NCT04908345,2021.0,2021-2026,PHASE3,drug,2,32.0,OTHER,UNKNOWN,RANDOMIZED,True,QUADRUPLE,4.0,True,True,PARALLEL,False,active,True,,,,,True,True,False,False,False,0,False,NO,False,True
NCT05385523,2022.0,2021-2026,NA,both,3,70.0,OTHER,COMPLETED,RANDOMIZED,True,QUADRUPLE,4.0,True,True,PARALLEL,True,none/single-group,False,,,,,False,True,True,False,True,0,False,NO,False,True
NCT07379762,2025.0,2021-2026,PHASE4,drug,2,60.0,OTHER_GOV,COMPLETED,RANDOMIZED,True,SINGLE,1.0,True,False,PARALLEL,False,active,True,,,,,True,True,False,False,False,0,False,NO,False,False
NCT01452633,2011.0,<=2015,NA,drug,4,100.0,OTHER,UNKNOWN,RANDOMIZED,True,DOUBLE,2.0,True,True,PARALLEL,True,placebo/sham,True,,,,,False,True,True,False,False,0,False,,False,False
NCT03439787,2018.0,2016-2020,PHASE4,drug,2,15.0,OTHER,TERMINATED,RANDOMIZED,True,QUADRUPLE,4.0,True,True,PARALLEL,False,placebo/sham,True,,,,,True,True,False,False,False,0,False,UNDECIDED,False,True
NCT05441150,2022.0,2021-2026,PHASE4,drug,2,2.0,OTHER,UNKNOWN,RANDOMIZED,True,SINGLE,1.0,True,False,PARALLEL,False,placebo/sham,True,,,,,True,False,False,False,False,0,False,UNDECIDED,False,
NCT05814744,2023.0,2021-2026,NA,both,2,60.0,OTHER,COMPLETED,RANDOMIZED,True,DOUBLE,2.0,True,True,PARALLEL,True,placebo/sham,True,,,,,False,True,False,False,False,0,False,NO,False,False
NCT00888303,2009.0,<=2015,PHASE2,both,2,80.0,OTHER,UNKNOWN,RANDOMIZED,True,TRIPLE,3.0,True,True,PARALLEL,True,placebo/sham,True,,,,,False,True,False,False,True,0,False,,False,True
NCT06267638,2024.0,2021-2026,PHASE4,drug,2,100.0,OTHER_GOV,UNKNOWN,RANDOMIZED,True,QUADRUPLE,4.0,True,True,PARALLEL,True,placebo/sham,True,,,,,True,True,False,False,False,0,False,,False,
NCT05411861,2022.0,2021-2026,PHASE2,drug,3,73.0,INDUSTRY,COMPLETED,RANDOMIZED,True,TRIPLE,3.0,True,True,SEQUENTIAL,True,placebo/sham,True,,,,,False,True,True,False,False,0,False,NO,False,True
NCT02051296,2012.0,<=2015,PHASE2,drug,2,131.0,FED,COMPLETED,RANDOMIZED,True,QUADRUPLE,4.0,True,True,PARALLEL,True,placebo/sham,True,131.0,114.0,0.1297709923664122,True,False,False,False,True,False,0,False,NO,False,True
NCT07244029,2026.0,2021-2026,NA,drug,2,100.0,OTHER_GOV,RECRUITING,RANDOMIZED,True,DOUBLE,2.0,True,True,PARALLEL,True,active,True,,,,,False,True,False,False,False,0,False,NO,False,False
NCT01953978,2012.0,<=2015,PHASE4,drug,2,160.0,OTHER,COMPLETED,RANDOMIZED,True,QUADRUPLE,4.0,True,True,PARALLEL,True,placebo/sham,True,,,,,True,True,False,False,False,2,True,,False,True
NCT07681648,2026.0,2021-2026,PHASE4,drug,2,50.0,OTHER,ENROLLING_BY_INVITATION,RANDOMIZED,True,DOUBLE,2.0,True,True,PARALLEL,False,active,True,,,,,True,True,False,False,True,0,False,UNDECIDED,False,
NCT02335294,2014.0,<=2015,PHASE2,drug,3,200.0,INDUSTRY,COMPLETED,RANDOMIZED,True,QUADRUPLE,4.0,True,True,PARALLEL,True,placebo/sham,True,200.0,186.0,0.06999999999999995,True,False,True,True,True,False,0,False,,False,False
NCT00815503,2009.0,<=2015,PHASE4,drug,2,70.0,OTHER,COMPLETED,RANDOMIZED,True,QUADRUPLE,4.0,True,True,PARALLEL,False,placebo/sham,True,,,,,True,True,False,False,False,1,True,,False,True
NCT01698203,2012.0,<=2015,PHASE4,drug,2,92.0,OTHER,COMPLETED,RANDOMIZED,True,DOUBLE,2.0,True,True,PARALLEL,False,placebo/sham,True,,,,,True,False,False,False,True,0,False,,False,False
NCT04005534,2022.0,2021-2026,NA,drug,2,70.0,OTHER,COMPLETED,RANDOMIZED,True,QUADRUPLE,4.0,True,True,PARALLEL,True,placebo/sham,True,,,,,False,False,False,False,False,0,False,NO,False,False
NCT06779968,2025.0,2021-2026,NA,both,5,150.0,OTHER,NOT_YET_RECRUITING,RANDOMIZED,True,QUADRUPLE,4.0,True,True,PARALLEL,True,active,True,,,,,False,True,True,False,False,0,False,YES,True,True
NCT03395808,2017.0,2016-2020,PHASE3,drug,1,251.0,INDUSTRY,COMPLETED,NA,False,NONE,0.0,False,False,SINGLE_GROUP,True,none/single-group,False,251.0,251.0,0.0,True,True,False,False,True,False,0,False,,False,False
NCT00266539,2004.0,<=2015,PHASE3,drug,0,506.0,INDUSTRY,COMPLETED,RANDOMIZED,True,NONE,0.0,False,False,PARALLEL,True,none/single-group,False,,,,,True,True,False,False,True,0,False,,False,
NCT06479122,2024.0,2021-2026,PHASE4,drug,2,84.0,OTHER,RECRUITING,RANDOMIZED,True,TRIPLE,3.0,True,True,PARALLEL,False,active,True,,,,,True,True,False,False,False,0,False,UNDECIDED,False,True
NCT00726999,2006.0,<=2015,NA,drug,2,63.0,OTHER,COMPLETED,RANDOMIZED,True,QUADRUPLE,4.0,True,True,PARALLEL,True,placebo/sham,True,63.0,59.0,0.06349206349206349,True,False,True,False,True,False,0,False,,False,True
NCT02602197,2013.0,<=2015,PHASE3,drug,2,2.0,OTHER,UNKNOWN,RANDOMIZED,True,DOUBLE,2.0,True,True,PARALLEL,False,active,True,,,,,True,True,False,False,False,0,False,,False,True
NCT04865211,2021.0,2021-2026,PHASE2,drug,3,90.0,OTHER,UNKNOWN,RANDOMIZED,True,TRIPLE,3.0,True,True,PARALLEL,True,placebo/sham,True,,,,,False,True,True,False,False,0,False,NO,False,False
NCT04398589,2015.0,<=2015,PHASE4,drug,2,46.0,OTHER,COMPLETED,RANDOMIZED,True,QUADRUPLE,4.0,True,True,PARALLEL,False,placebo/sham,True,,,,,True,True,False,False,False,1,True,YES,True,True
NCT07355166,2026.0,2021-2026,PHASE4,drug,2,140.0,OTHER,NOT_YET_RECRUITING,RANDOMIZED,True,NONE,0.0,False,False,PARALLEL,True,none/single-group,False,,,,,True,True,False,False,False,0,False,NO,False,False
NCT01997567,2013.0,<=2015,NA,drug,2,3.0,OTHER,TERMINATED,RANDOMIZED,True,QUADRUPLE,4.0,True,True,PARALLEL,False,placebo/sham,True,0.0,0.0,,,False,True,False,True,False,0,False,NO,False,False
NCT01314482,2010.0,<=2015,PHASE2,drug,1,116.0,OTHER,UNKNOWN,RANDOMIZED,True,DOUBLE,2.0,True,True,PARALLEL,True,none/single-group,False,,,,,False,True,False,False,False,0,False,,False,False
NCT07654296,2026.0,2021-2026,PHASE3,drug,2,100.0,OTHER,NOT_YET_RECRUITING,RANDOMIZED,True,NONE,0.0,False,False,PARALLEL,True,active,True,,,,,True,True,False,False,False,0,False,NO,False,False
NCT01598701,2012.0,<=2015,PHASE4,drug,2,100.0,OTHER,COMPLETED,RANDOMIZED,True,QUADRUPLE,4.0,True,True,PARALLEL,True,placebo/sham,True,100.0,86.0,0.14,True,True,False,False,True,True,0,False,UNDECIDED,False,False
NCT00333346,2006.0,<=2015,PHASE2,drug,0,200.0,OTHER,COMPLETED,RANDOMIZED,True,NONE,0.0,False,False,SINGLE_GROUP,True,none/single-group,False,,,,,False,True,False,False,False,0,False,,False,False
NCT03041948,2015.0,<=2015,NA,both,2,88.0,OTHER,UNKNOWN,RANDOMIZED,True,SINGLE,1.0,True,False,PARALLEL,True,active,True,,,,,False,False,False,False,False,0,False,UNDECIDED,False,False
NCT05880017,2022.0,2021-2026,NA,both,3,60.0,OTHER,UNKNOWN,RANDOMIZED,True,DOUBLE,2.0,True,True,PARALLEL,True,active,True,,,,,False,True,True,False,False,0,False,,False,
NCT06690021,2024.0,2021-2026,PHASE4,drug,2,26.0,OTHER,NOT_YET_RECRUITING,RANDOMIZED,True,QUADRUPLE,4.0,True,True,PARALLEL,False,none/single-group,False,,,,,True,True,False,False,True,0,False,UNDECIDED,False,True
NCT02440204,2015.0,<=2015,NA,both,3,68.0,OTHER,COMPLETED,RANDOMIZED,True,DOUBLE,2.0,True,True,PARALLEL,True,active,True,68.0,68.0,0.0,True,False,True,True,True,True,0,False,,False,False
NCT01317368,2011.0,<=2015,NA,drug,3,75.0,OTHER,COMPLETED,RANDOMIZED,True,QUADRUPLE,4.0,True,True,PARALLEL,True,placebo/sham,True,,,,,False,True,True,False,False,0,False,,False,True
NCT07330375,2026.0,2021-2026,PHASE3,drug,2,50.0,OTHER_GOV,NOT_YET_RECRUITING,RANDOMIZED,True,TRIPLE,3.0,True,True,PARALLEL,False,placebo/sham,True,,,,,True,False,False,False,True,0,False,YES,True,True
NCT06574516,2021.0,2021-2026,NA,drug,3,118.0,OTHER,COMPLETED,RANDOMIZED,True,TRIPLE,3.0,True,True,PARALLEL,True,active,True,,,,,False,True,True,False,False,0,False,NO,False,False
NCT05216211,2021.0,2021-2026,NA,drug,2,60.0,OTHER,COMPLETED,RANDOMIZED,True,SINGLE,1.0,True,False,PARALLEL,True,active,True,,,,,False,False,False,False,False,0,False,,False,
NCT06123715,2024.0,2021-2026,PHASE2,drug,2,400.0,OTHER,RECRUITING,RANDOMIZED,True,QUADRUPLE,4.0,True,True,PARALLEL,True,placebo/sham,True,,,,,False,False,False,False,False,0,False,,False,False
NCT02847013,,,PHASE2;PHASE3,both,2,0.0,OTHER,WITHDRAWN,RANDOMIZED,True,TRIPLE,3.0,True,True,PARALLEL,False,placebo/sham,True,,,,,True,True,False,False,False,0,False,UNDECIDED,False,True
NCT00771459,2008.0,<=2015,PHASE4,drug,2,48.0,OTHER,COMPLETED,RANDOMIZED,True,TRIPLE,3.0,True,True,PARALLEL,False,placebo/sham,True,,,,,True,True,False,False,False,0,False,,False,
NCT02325882,2015.0,<=2015,NA,drug,3,171.0,OTHER,COMPLETED,RANDOMIZED,True,NONE,0.0,False,False,PARALLEL,True,active,True,,,,,False,False,True,False,False,0,False,,False,False
NCT07626463,2026.0,2021-2026,NA,drug,2,150.0,OTHER,RECRUITING,RANDOMIZED,True,QUADRUPLE,4.0,True,True,PARALLEL,True,active,True,,,,,False,False,False,False,False,0,False,YES,True,True
NCT07073846,2025.0,2021-2026,PHASE4,drug,4,104.0,OTHER_GOV,RECRUITING,RANDOMIZED,True,QUADRUPLE,4.0,True,True,PARALLEL,True,placebo/sham,True,,,,,True,True,True,False,True,0,False,YES,True,True
NCT02581566,2015.0,<=2015,NA,drug,3,90.0,OTHER,COMPLETED,RANDOMIZED,True,QUADRUPLE,4.0,True,True,PARALLEL,True,active,True,,,,,False,False,True,False,False,0,False,,False,
NCT06350981,2024.0,2021-2026,PHASE2;PHASE3,drug,2,76.0,OTHER,ENROLLING_BY_INVITATION,RANDOMIZED,True,DOUBLE,2.0,True,True,PARALLEL,False,active,True,,,,,True,True,False,False,False,0,False,NO,False,True
NCT03211871,2016.0,2016-2020,PHASE3,drug,2,60.0,OTHER,UNKNOWN,RANDOMIZED,True,NONE,0.0,False,False,PARALLEL,False,placebo/sham,True,,,,,True,True,False,False,False,1,True,UNDECIDED,False,False
NCT04232306,2024.0,2021-2026,PHASE4,drug,2,0.0,OTHER,WITHDRAWN,RANDOMIZED,True,SINGLE,1.0,True,False,PARALLEL,False,active,True,,,,,True,True,False,False,False,0,False,NO,False,False
NCT03435692,2011.0,<=2015,NA,both,3,42.0,OTHER,TERMINATED,RANDOMIZED,True,NONE,0.0,False,False,PARALLEL,True,active,True,42.0,38.0,0.09523809523809523,True,False,True,True,True,False,0,False,NO,False,False
NCT03730714,2018.0,2016-2020,PHASE2;PHASE3,drug,3,90.0,OTHER,COMPLETED,RANDOMIZED,True,DOUBLE,2.0,True,True,PARALLEL,False,active,True,,,,,True,False,True,False,False,0,False,UNDECIDED,False,True
NCT06964555,2024.0,2021-2026,PHASE4,drug,2,100.0,OTHER,COMPLETED,RANDOMIZED,True,DOUBLE,2.0,True,True,PARALLEL,True,active,True,,,,,True,True,False,False,False,0,False,NO,False,True
NCT03854344,2019.0,2016-2020,PHASE4,drug,3,74.0,OTHER,COMPLETED,RANDOMIZED,True,SINGLE,1.0,True,False,SINGLE_GROUP,False,active,True,74.0,74.0,0.0,True,True,True,True,True,False,1,True,NO,False,False
NCT04526236,2019.0,2016-2020,PHASE4,drug,4,60.0,OTHER,COMPLETED,RANDOMIZED,True,DOUBLE,2.0,True,True,PARALLEL,False,placebo/sham,True,,,,,True,True,True,False,False,0,False,,False,True
NCT01040273,2009.0,<=2015,PHASE2;PHASE3,drug,2,,OTHER,UNKNOWN,RANDOMIZED,True,DOUBLE,2.0,True,True,PARALLEL,,placebo/sham,True,,,,,True,True,False,False,False,1,True,,False,
NCT06457828,2021.0,2021-2026,NA,both,2,40.0,OTHER,UNKNOWN,RANDOMIZED,True,SINGLE,1.0,True,False,CROSSOVER,True,placebo/sham,True,,,,,False,False,False,False,False,0,False,,False,
NCT04161690,2019.0,2016-2020,PHASE2,drug,3,120.0,OTHER,UNKNOWN,RANDOMIZED,True,SINGLE,1.0,True,False,PARALLEL,True,placebo/sham,True,,,,,False,True,True,False,False,0,False,UNDECIDED,False,
NCT01070108,2007.0,<=2015,NA,drug,3,120.0,OTHER_GOV,COMPLETED,RANDOMIZED,True,DOUBLE,2.0,True,True,PARALLEL,True,active,True,,,,,False,True,True,False,False,1,True,,False,False
NCT06160180,2024.0,2021-2026,PHASE4,drug,2,60.0,OTHER,NOT_YET_RECRUITING,RANDOMIZED,True,DOUBLE,2.0,True,True,PARALLEL,False,active,True,,,,,True,True,False,False,False,0,False,,False,True
NCT03756987,2018.0,2016-2020,NA,drug,2,76.0,OTHER,COMPLETED,RANDOMIZED,True,QUADRUPLE,4.0,True,True,PARALLEL,True,placebo/sham,True,,,,,False,True,False,False,False,0,False,YES,True,True
NCT07149077,2026.0,2021-2026,PHASE3,drug,2,230.0,OTHER,NOT_YET_RECRUITING,RANDOMIZED,True,SINGLE,1.0,True,False,PARALLEL,True,active,True,,,,,True,True,False,False,False,0,False,NO,False,False
NCT04429282,2020.0,2016-2020,PHASE3,drug,3,396.0,OTHER,UNKNOWN,RANDOMIZED,True,QUADRUPLE,4.0,True,True,PARALLEL,True,placebo/sham,True,,,,,True,False,True,False,False,0,False,,False,True
NCT06602271,2025.0,2021-2026,PHASE3,drug,4,320.0,INDUSTRY,RECRUITING,RANDOMIZED,True,QUADRUPLE,4.0,True,True,PARALLEL,True,placebo/sham,True,,,,,True,True,True,False,False,0,False,YES,True,True
NCT03695172,2019.0,2016-2020,PHASE4,both,3,12.0,OTHER,TERMINATED,RANDOMIZED,True,NONE,0.0,False,False,PARALLEL,False,active,True,12.0,10.0,0.16666666666666663,True,True,True,True,True,False,0,False,NO,False,
NCT06500286,2024.0,2021-2026,PHASE1,drug,2,103.0,OTHER,NOT_YET_RECRUITING,RANDOMIZED,True,SINGLE,1.0,True,False,PARALLEL,True,none/single-group,False,,,,,False,True,False,False,True,0,False,NO,False,True
NCT04972292,2023.0,2021-2026,PHASE3,drug,2,288.0,INDUSTRY,COMPLETED,RANDOMIZED,True,QUADRUPLE,4.0,True,True,PARALLEL,True,active,True,,,,,True,True,False,False,False,0,False,NO,False,False
NCT04314505,2020.0,2016-2020,PHASE4,drug,2,56.0,OTHER_GOV,UNKNOWN,RANDOMIZED,True,TRIPLE,3.0,True,True,PARALLEL,False,active,True,,,,,True,True,False,False,False,0,False,NO,False,
NCT07046949,2025.0,2021-2026,NA,both,2,56.0,OTHER,COMPLETED,RANDOMIZED,True,DOUBLE,2.0,True,True,PARALLEL,True,active,True,,,,,False,True,False,False,False,0,False,YES,True,False
NCT06384456,2025.0,2021-2026,PHASE4,drug,2,90.0,OTHER,RECRUITING,RANDOMIZED,True,QUADRUPLE,4.0,True,True,PARALLEL,False,placebo/sham,True,,,,,True,True,False,False,False,1,True,UNDECIDED,False,False
NCT07491146,2026.0,2021-2026,PHASE2,drug,5,200.0,OTHER,RECRUITING,RANDOMIZED,True,QUADRUPLE,4.0,True,True,PARALLEL,True,placebo/sham,True,,,,,False,True,True,False,False,0,False,NO,False,True
NCT07672873,2026.0,2021-2026,NA,drug,3,84.0,OTHER,RECRUITING,RANDOMIZED,True,SINGLE,1.0,True,False,PARALLEL,True,placebo/sham,True,,,,,False,True,True,False,False,0,False,NO,False,False
NCT01495858,2011.0,<=2015,PHASE3,drug,3,267.0,INDUSTRY,COMPLETED,RANDOMIZED,True,TRIPLE,3.0,True,True,PARALLEL,True,active,True,267.0,267.0,0.0,True,True,True,True,True,False,1,True,,False,False
NCT05590026,2022.0,2021-2026,PHASE4,drug,2,60.0,OTHER,UNKNOWN,RANDOMIZED,True,DOUBLE,2.0,True,True,PARALLEL,False,placebo/sham,True,,,,,True,True,False,False,False,0,False,NO,False,
NCT03073980,2019.0,2016-2020,PHASE4,drug,3,161.0,OTHER,COMPLETED,RANDOMIZED,True,QUADRUPLE,4.0,True,True,PARALLEL,True,placebo/sham,True,161.0,138.0,0.1428571428571429,True,True,True,True,True,False,1,True,NO,False,True
NCT03030560,2015.0,<=2015,PHASE2,drug,2,40.0,OTHER,COMPLETED,RANDOMIZED,True,DOUBLE,2.0,True,True,PARALLEL,False,placebo/sham,True,,,,,False,True,False,False,False,0,False,NO,False,False
NCT02385435,2014.0,<=2015,PHASE2;PHASE3,drug,3,91.0,OTHER,COMPLETED,RANDOMIZED,True,QUADRUPLE,4.0,True,True,PARALLEL,False,active,True,,,,,True,True,True,False,False,0,False,,False,True
NCT04080739,2020.0,2016-2020,PHASE4,drug,2,100.0,OTHER,COMPLETED,RANDOMIZED,True,NONE,0.0,False,False,PARALLEL,True,no-intervention,True,100.0,98.0,0.020000000000000018,True,True,True,False,True,False,0,False,,False,False
NCT06997016,2025.0,2021-2026,PHASE4,drug,2,60.0,OTHER,ENROLLING_BY_INVITATION,NON_RANDOMIZED,False,NONE,0.0,False,False,PARALLEL,False,no-intervention,True,,,,,True,True,False,False,False,0,False,NO,False,False
NCT05150756,2022.0,2021-2026,EARLY_PHASE1,drug,2,60.0,OTHER,COMPLETED,RANDOMIZED,True,TRIPLE,3.0,True,True,PARALLEL,True,active,True,,,,,False,True,False,False,False,0,False,NO,False,
NCT04646967,2022.0,2021-2026,PHASE2,drug,2,100.0,OTHER,COMPLETED,RANDOMIZED,True,SINGLE,1.0,True,False,PARALLEL,True,active,True,,,,,False,False,False,False,False,0,False,UNDECIDED,False,True
NCT07562945,2026.0,2021-2026,NA,both,2,40.0,OTHER,NOT_YET_RECRUITING,RANDOMIZED,True,SINGLE,1.0,True,False,PARALLEL,True,no-intervention,True,,,,,False,True,False,False,False,0,False,NO,False,False
NCT03664622,2018.0,2016-2020,NA,drug,2,160.0,OTHER,COMPLETED,RANDOMIZED,True,TRIPLE,3.0,True,True,PARALLEL,True,none/single-group,False,,,,,False,True,False,False,False,0,False,NO,False,False
NCT03372382,2017.0,2016-2020,PHASE4,drug,2,170.0,OTHER,COMPLETED,RANDOMIZED,True,NONE,0.0,False,False,PARALLEL,True,active,True,170.0,157.0,0.07647058823529407,True,True,True,False,True,False,0,False,UNDECIDED,False,False
NCT04729686,2020.0,2016-2020,PHASE4,drug,2,78.0,OTHER,RECRUITING,RANDOMIZED,True,NONE,0.0,False,False,PARALLEL,False,active,True,,,,,True,True,False,False,False,0,False,,False,False
NCT06298383,2025.0,2021-2026,NA,drug,4,124.0,OTHER,COMPLETED,RANDOMIZED,True,QUADRUPLE,4.0,True,True,PARALLEL,True,placebo/sham,True,,,,,False,True,True,False,False,1,True,NO,False,True
NCT04273282,2019.0,2016-2020,PHASE4,drug,2,31.0,INDUSTRY,COMPLETED,RANDOMIZED,True,SINGLE,1.0,True,False,PARALLEL,False,active,True,,,,,True,True,False,False,False,1,True,NO,False,False
NCT03187379,2017.0,2016-2020,PHASE4,drug,2,102.0,OTHER,COMPLETED,RANDOMIZED,True,SINGLE,1.0,True,False,PARALLEL,True,active,True,102.0,102.0,0.0,True,True,True,False,True,False,0,False,NO,False,False
NCT04003506,2024.0,2021-2026,PHASE4,drug,2,90.0,OTHER,NOT_YET_RECRUITING,RANDOMIZED,True,DOUBLE,2.0,True,True,PARALLEL,False,active,True,,,,,True,True,False,False,False,0,False,,False,
NCT00625911,2001.0,<=2015,NA,drug,2,44.0,OTHER_GOV,COMPLETED,RANDOMIZED,True,QUADRUPLE,4.0,True,True,PARALLEL,True,active,True,,,,,False,True,False,False,False,1,True,,False,True
NCT05775861,2022.0,2021-2026,NA,drug,2,96.0,OTHER,UNKNOWN,RANDOMIZED,True,NONE,0.0,False,False,PARALLEL,True,active,True,,,,,False,True,False,False,False,0,False,,False,False
NCT06193720,2022.0,2021-2026,NA,drug,2,10.0,OTHER,COMPLETED,RANDOMIZED,True,TRIPLE,3.0,True,True,PARALLEL,False,placebo/sham,True,,,,,False,True,False,False,False,0,False,UNDECIDED,False,False
NCT03485625,2018.0,2016-2020,PHASE3,drug,3,60.0,OTHER,COMPLETED,RANDOMIZED,True,QUADRUPLE,4.0,True,True,PARALLEL,False,none/single-group,False,,,,,True,True,True,False,False,0,False,UNDECIDED,False,
NCT03391284,2016.0,2016-2020,NA,drug,2,75.0,OTHER,COMPLETED,RANDOMIZED,True,TRIPLE,3.0,True,True,PARALLEL,True,active,True,,,,,False,True,False,False,False,1,True,,False,False
NCT03858231,2018.0,2016-2020,PHASE4,drug,2,148.0,OTHER,RECRUITING,RANDOMIZED,True,TRIPLE,3.0,True,True,PARALLEL,True,active,True,,,,,True,True,False,False,False,0,False,,False,False
NCT06520150,2024.0,2021-2026,NA,both,2,32.0,OTHER,RECRUITING,RANDOMIZED,True,DOUBLE,2.0,True,True,PARALLEL,True,active,True,,,,,False,False,False,False,False,0,False,,False,False
NCT02595463,2015.0,<=2015,PHASE2;PHASE3,drug,2,89.0,OTHER,COMPLETED,RANDOMIZED,True,QUADRUPLE,4.0,True,True,PARALLEL,False,placebo/sham,True,,,,,True,True,False,False,False,1,True,NO,False,False
NCT07538375,2025.0,2021-2026,NA,drug,2,70.0,OTHER_GOV,ACTIVE_NOT_RECRUITING,RANDOMIZED,True,NONE,0.0,False,False,PARALLEL,True,no-intervention,True,,,,,False,True,False,False,False,0,False,NO,False,False
NCT04052867,2019.0,2016-2020,NA,drug,2,40.0,OTHER,UNKNOWN,RANDOMIZED,True,QUADRUPLE,4.0,True,True,PARALLEL,True,active,True,,,,,False,False,False,False,False,0,False,NO,False,False
NCT05764525,2021.0,2021-2026,PHASE3,drug,2,285.0,INDUSTRY,COMPLETED,RANDOMIZED,True,QUADRUPLE,4.0,True,True,PARALLEL,True,placebo/sham,True,285.0,271.0,0.0491228070175439,True,True,True,False,True,True,0,False,UNDECIDED,False,False
NCT05801900,2023.0,2021-2026,NA,drug,2,116.0,OTHER,UNKNOWN,RANDOMIZED,True,QUADRUPLE,4.0,True,True,PARALLEL,True,active,True,,,,,False,True,False,False,False,0,False,NO,False,False
NCT03632460,2018.0,2016-2020,NA,drug,2,60.0,OTHER,UNKNOWN,RANDOMIZED,True,SINGLE,1.0,True,False,PARALLEL,True,active,True,,,,,False,True,False,False,True,0,False,NO,False,False
NCT03180099,2017.0,2016-2020,PHASE4,drug,2,50.0,OTHER_GOV,UNKNOWN,RANDOMIZED,True,DOUBLE,2.0,True,True,PARALLEL,False,active,True,,,,,True,True,False,False,True,0,False,,False,
NCT07699601,2026.0,2021-2026,PHASE2;PHASE3,drug,4,330.0,INDUSTRY,RECRUITING,RANDOMIZED,True,QUADRUPLE,4.0,True,True,PARALLEL,True,placebo/sham,True,,,,,True,True,True,False,False,0,False,NO,False,True
NCT02444533,2015.0,<=2015,PHASE4,drug,2,39.0,OTHER,COMPLETED,RANDOMIZED,True,SINGLE,1.0,True,False,PARALLEL,False,active,True,39.0,33.0,0.15384615384615385,True,True,True,False,True,False,0,False,NO,False,False
NCT04837170,2021.0,2021-2026,PHASE4,drug,2,12000.0,OTHER,UNKNOWN,RANDOMIZED,True,NONE,0.0,False,False,PARALLEL,True,active,True,,,,,True,True,False,False,False,1,True,NO,False,False
NCT05340725,2022.0,2021-2026,PHASE2;PHASE3,drug,3,45.0,OTHER,UNKNOWN,RANDOMIZED,True,QUADRUPLE,4.0,True,True,PARALLEL,False,active,True,,,,,True,True,True,False,False,0,False,NO,False,True
NCT03587025,2015.0,<=2015,PHASE3,drug,2,150.0,OTHER,COMPLETED,RANDOMIZED,True,QUADRUPLE,4.0,True,True,PARALLEL,True,placebo/sham,True,,,,,True,False,False,False,True,0,False,,False,False
NCT04650737,2020.0,2016-2020,NA,drug,2,40.0,OTHER,UNKNOWN,RANDOMIZED,True,DOUBLE,2.0,True,True,PARALLEL,True,active,True,,,,,False,False,False,False,False,0,False,YES,True,
NCT04242407,2020.0,2016-2020,PHASE2,drug,2,164.0,INDUSTRY,UNKNOWN,RANDOMIZED,True,QUADRUPLE,4.0,True,True,PARALLEL,True,placebo/sham,True,,,,,False,True,False,False,False,0,False,,False,False
NCT01082744,2010.0,<=2015,PHASE3,drug,2,90.0,OTHER,COMPLETED,RANDOMIZED,True,QUADRUPLE,4.0,True,True,PARALLEL,False,active,True,,,,,True,True,False,False,True,0,False,,False,True
NCT04599894,2020.0,2016-2020,PHASE4,drug,2,58.0,OTHER,COMPLETED,RANDOMIZED,True,SINGLE,1.0,True,False,PARALLEL,False,placebo/sham,True,,,,,True,False,False,False,False,0,False,NO,False,True
NCT03601780,2018.0,2016-2020,PHASE2,drug,2,40.0,OTHER,UNKNOWN,RANDOMIZED,True,QUADRUPLE,4.0,True,True,PARALLEL,False,placebo/sham,True,,,,,False,False,False,False,False,0,False,,False,False
NCT00768456,2008.0,<=2015,PHASE4,drug,2,48.0,OTHER,COMPLETED,RANDOMIZED,True,TRIPLE,3.0,True,True,PARALLEL,False,placebo/sham,True,,,,,True,False,False,False,False,0,False,,False,False
NCT05286190,2017.0,2016-2020,NA,drug,2,60.0,OTHER,COMPLETED,RANDOMIZED,True,DOUBLE,2.0,True,True,PARALLEL,True,active,True,,,,,False,False,False,False,False,1,True,,False,False
NCT06904248,2024.0,2021-2026,PHASE3,drug,2,224.0,INDUSTRY,COMPLETED,RANDOMIZED,True,DOUBLE,2.0,True,True,PARALLEL,True,placebo/sham,True,,,,,True,True,False,False,False,0,False,,False,
NCT04582786,2020.0,2016-2020,PHASE2,drug,3,118.0,INDUSTRY,UNKNOWN,RANDOMIZED,True,QUADRUPLE,4.0,True,True,PARALLEL,True,active,True,,,,,False,True,True,False,False,0,False,YES,True,False
NCT02744352,2016.0,2016-2020,NA,drug,2,8.0,OTHER,TERMINATED,RANDOMIZED,True,NONE,0.0,False,False,PARALLEL,False,active,True,8.0,8.0,0.0,True,False,True,False,True,False,0,False,NO,False,False
NCT03145584,2015.0,<=2015,NA,drug,2,40.0,OTHER,COMPLETED,RANDOMIZED,True,QUADRUPLE,4.0,True,True,PARALLEL,True,placebo/sham,True,,,,,False,True,False,False,False,0,False,NO,False,False
NCT00129597,2004.0,<=2015,PHASE4,drug,0,40.0,OTHER,UNKNOWN,RANDOMIZED,True,DOUBLE,2.0,True,True,PARALLEL,False,none/single-group,False,,,,,True,True,False,False,False,0,False,,False,
NCT02793947,2015.0,<=2015,PHASE4,drug,2,102.0,OTHER,COMPLETED,RANDOMIZED,True,DOUBLE,2.0,True,True,PARALLEL,True,no-intervention,True,102.0,95.0,0.06862745098039214,True,True,True,False,True,False,0,False,NO,False,False
NCT05386121,2022.0,2021-2026,PHASE4,both,2,60.0,OTHER,UNKNOWN,RANDOMIZED,True,DOUBLE,2.0,True,True,PARALLEL,False,active,True,,,,,True,False,False,False,False,0,False,,False,False
NCT04561856,2020.0,2016-2020,PHASE4,drug,3,99.0,OTHER,UNKNOWN,RANDOMIZED,True,SINGLE,1.0,True,False,PARALLEL,False,placebo/sham,True,,,,,True,True,True,False,True,0,False,,False,False
NCT00304850,2006.0,<=2015,PHASE2,drug,4,160.0,OTHER,COMPLETED,RANDOMIZED,True,NONE,0.0,False,False,FACTORIAL,True,placebo/sham,True,,,,,False,True,True,False,False,0,False,,False,True
NCT04260659,2020.0,2016-2020,PHASE4,drug,2,59.0,OTHER,COMPLETED,RANDOMIZED,True,TRIPLE,3.0,True,True,PARALLEL,False,active,True,,,,,True,True,False,False,False,0,False,YES,True,
NCT03151434,2017.0,2016-2020,PHASE3,drug,3,147.0,OTHER,COMPLETED,RANDOMIZED,True,NONE,0.0,False,False,PARALLEL,True,active,True,147.0,120.0,0.18367346938775508,True,True,True,True,True,True,0,False,NO,False,True
NCT05761574,2023.0,2021-2026,PHASE3,drug,4,447.0,INDUSTRY,COMPLETED,RANDOMIZED,True,DOUBLE,2.0,True,True,FACTORIAL,True,placebo/sham,True,,,,,True,True,True,False,False,0,False,YES,True,False
NCT03744689,2019.0,2016-2020,NA,both,2,60.0,OTHER,COMPLETED,RANDOMIZED,True,TRIPLE,3.0,True,True,CROSSOVER,True,placebo/sham,True,,,,,False,True,False,False,False,1,True,,False,False
NCT04646694,2020.0,2016-2020,PHASE3,drug,2,40.0,OTHER,COMPLETED,RANDOMIZED,True,QUADRUPLE,4.0,True,True,PARALLEL,False,placebo/sham,True,,,,,True,True,False,False,False,0,False,NO,False,False
NCT05297669,2021.0,2021-2026,PHASE3,drug,2,264.0,INDUSTRY,COMPLETED,RANDOMIZED,True,QUADRUPLE,4.0,True,True,PARALLEL,True,placebo/sham,True,,,,,True,True,False,False,False,0,False,NO,False,False
NCT04943549,2021.0,2021-2026,PHASE4,drug,2,60.0,OTHER,COMPLETED,NON_RANDOMIZED,False,DOUBLE,2.0,True,True,PARALLEL,False,placebo/sham,True,,,,,True,True,False,False,False,0,False,,False,
NCT06423456,2024.0,2021-2026,NA,drug,2,150.0,OTHER,COMPLETED,RANDOMIZED,True,TRIPLE,3.0,True,True,PARALLEL,True,placebo/sham,True,150.0,150.0,0.0,True,False,True,False,True,False,0,False,NO,False,
NCT06153602,2023.0,2021-2026,NA,drug,2,80.0,OTHER,COMPLETED,RANDOMIZED,True,QUADRUPLE,4.0,True,True,PARALLEL,True,placebo/sham,True,,,,,False,True,False,False,False,0,False,NO,False,False
NCT03908944,2019.0,2016-2020,PHASE2,drug,2,0.0,OTHER,WITHDRAWN,RANDOMIZED,True,SINGLE,1.0,True,False,PARALLEL,False,active,True,,,,,False,False,False,False,False,0,False,NO,False,False
NCT01361568,2011.0,<=2015,PHASE2,drug,2,203.0,INDUSTRY,COMPLETED,RANDOMIZED,True,QUADRUPLE,4.0,True,True,PARALLEL,True,placebo/sham,True,203.0,197.0,0.029556650246305383,True,False,True,False,True,False,0,False,,False,False
NCT01480102,2011.0,<=2015,NA,drug,2,46.0,OTHER,UNKNOWN,RANDOMIZED,True,TRIPLE,3.0,True,True,PARALLEL,True,placebo/sham,True,,,,,False,True,False,False,False,0,False,UNDECIDED,False,False
NCT02276495,2015.0,<=2015,NA,drug,3,55.0,OTHER,COMPLETED,RANDOMIZED,True,QUADRUPLE,4.0,True,True,FACTORIAL,True,none/single-group,False,55.0,55.0,0.0,True,False,False,True,True,False,0,False,,False,True
NCT01359059,2011.0,<=2015,NA,drug,2,80.0,OTHER_GOV,UNKNOWN,RANDOMIZED,True,TRIPLE,3.0,True,True,PARALLEL,True,active,True,,,,,False,False,False,False,False,0,False,,False,
NCT02163824,2014.0,<=2015,PHASE3,drug,4,380.0,INDUSTRY,COMPLETED,RANDOMIZED,True,QUADRUPLE,4.0,True,True,PARALLEL,True,placebo/sham,True,380.0,375.0,0.013157894736842146,True,True,True,True,True,False,0,False,NO,False,False
NCT07270159,2025.0,2021-2026,NA,drug,2,75.0,OTHER,COMPLETED,RANDOMIZED,True,DOUBLE,2.0,True,True,SINGLE_GROUP,True,active,True,,,,,False,True,False,False,False,0,False,,False,True
NCT07189962,2022.0,2021-2026,PHASE1,drug,2,20.0,INDUSTRY,COMPLETED,NON_RANDOMIZED,False,NONE,0.0,False,False,PARALLEL,False,none/single-group,False,,,,,False,True,False,False,False,0,False,UNDECIDED,False,
NCT02458742,2015.0,<=2015,NA,drug,2,80.0,OTHER,COMPLETED,RANDOMIZED,True,TRIPLE,3.0,True,True,PARALLEL,True,placebo/sham,True,,,,,False,False,False,False,False,0,False,,False,True
NCT06321354,2024.0,2021-2026,NA,drug,2,108.0,OTHER,COMPLETED,NA,False,DOUBLE,2.0,True,True,PARALLEL,True,active,True,,,,,False,False,False,False,False,0,False,YES,True,True
NCT04834427,2022.0,2021-2026,PHASE4,drug,2,3000.0,OTHER,UNKNOWN,RANDOMIZED,True,NONE,0.0,False,False,PARALLEL,True,active,True,,,,,True,True,False,False,False,1,True,NO,False,False
NCT03591172,2018.0,2016-2020,NA,drug,3,75.0,OTHER,UNKNOWN,RANDOMIZED,True,DOUBLE,2.0,True,True,PARALLEL,True,active,True,,,,,False,False,True,False,False,0,False,,False,
NCT07401641,2025.0,2021-2026,NA,drug,2,60.0,OTHER,RECRUITING,RANDOMIZED,True,TRIPLE,3.0,True,True,PARALLEL,True,active,True,,,,,False,False,False,False,False,0,False,,False,
NCT02218424,2014.0,<=2015,PHASE2;PHASE3,drug,2,60.0,OTHER,COMPLETED,RANDOMIZED,True,QUADRUPLE,4.0,True,True,PARALLEL,False,placebo/sham,True,60.0,60.0,0.0,True,True,True,False,True,False,0,False,,False,True
NCT02682186,2016.0,2016-2020,PHASE3,drug,2,74.0,OTHER,COMPLETED,RANDOMIZED,True,TRIPLE,3.0,True,True,PARALLEL,False,no-intervention,True,,,,,True,True,False,False,True,0,False,UNDECIDED,False,False
NCT02643394,2015.0,<=2015,PHASE4,drug,2,110.0,OTHER,COMPLETED,RANDOMIZED,True,SINGLE,1.0,True,False,PARALLEL,True,active,True,110.0,101.0,0.08181818181818179,True,True,True,False,True,False,0,False,NO,False,False
NCT03631433,2016.0,2016-2020,PHASE4,drug,2,102.0,OTHER,COMPLETED,RANDOMIZED,True,TRIPLE,3.0,True,True,PARALLEL,True,active,True,102.0,102.0,0.0,True,True,True,False,True,False,0,False,NO,False,False
NCT06484192,2024.0,2021-2026,PHASE4,drug,2,428.0,OTHER,UNKNOWN,RANDOMIZED,True,SINGLE,1.0,True,False,PARALLEL,True,active,True,,,,,True,True,False,False,False,0,False,,False,False
NCT02790203,2016.0,2016-2020,NA,drug,2,100.0,OTHER_GOV,UNKNOWN,RANDOMIZED,True,DOUBLE,2.0,True,True,PARALLEL,True,placebo/sham,True,,,,,False,False,False,False,False,0,False,UNDECIDED,False,False
NCT05687760,2023.0,2021-2026,EARLY_PHASE1,drug,2,30.0,OTHER,UNKNOWN,RANDOMIZED,True,DOUBLE,2.0,True,True,PARALLEL,True,active,True,,,,,False,True,False,False,False,0,False,UNDECIDED,False,True
NCT05335252,2022.0,2021-2026,PHASE3,drug,2,30.0,OTHER,ACTIVE_NOT_RECRUITING,RANDOMIZED,True,QUADRUPLE,4.0,True,True,PARALLEL,False,placebo/sham,True,,,,,True,True,False,False,False,0,False,,False,False
NCT01828788,2013.0,<=2015,PHASE2,drug,2,120.0,OTHER,COMPLETED,RANDOMIZED,True,SINGLE,1.0,True,False,PARALLEL,True,placebo/sham,True,,,,,False,True,False,False,False,1,True,,False,
NCT02245126,2013.0,<=2015,NA,drug,2,217.0,OTHER,COMPLETED,NON_RANDOMIZED,False,NONE,0.0,False,False,SINGLE_GROUP,True,active,True,,,,,False,True,False,False,False,1,True,,False,False
NCT06832254,2024.0,2021-2026,NA,drug,3,60.0,OTHER,COMPLETED,RANDOMIZED,True,SINGLE,1.0,True,False,PARALLEL,True,no-intervention,True,,,,,False,False,True,False,False,0,False,NO,False,True
NCT00880607,2008.0,<=2015,PHASE4,drug,2,84.0,OTHER,COMPLETED,RANDOMIZED,True,TRIPLE,3.0,True,True,PARALLEL,False,active,True,81.0,71.0,0.12345679012345678,True,True,True,False,True,False,0,False,,False,True
NCT05117034,2022.0,2021-2026,NA,drug,2,115.0,OTHER_GOV,ACTIVE_NOT_RECRUITING,RANDOMIZED,True,QUADRUPLE,4.0,True,True,PARALLEL,True,placebo/sham,True,,,,,False,True,False,False,False,0,False,,False,
NCT03393949,2015.0,<=2015,PHASE4,drug,2,112.0,OTHER,COMPLETED,RANDOMIZED,True,QUADRUPLE,4.0,True,True,PARALLEL,True,none/single-group,False,,,,,True,True,False,False,False,0,False,,False,True
NCT01261637,2009.0,<=2015,PHASE4,drug,2,86.0,OTHER,COMPLETED,RANDOMIZED,True,QUADRUPLE,4.0,True,True,PARALLEL,False,placebo/sham,True,,,,,True,True,False,False,False,1,True,,False,True
NCT03783182,2019.0,2016-2020,PHASE4,drug,2,100.0,OTHER,UNKNOWN,RANDOMIZED,True,TRIPLE,3.0,True,True,PARALLEL,True,placebo/sham,True,,,,,True,True,False,False,False,0,False,NO,False,False
NCT00199316,2005.0,<=2015,NA,drug,0,80.0,OTHER,UNKNOWN,RANDOMIZED,True,QUADRUPLE,4.0,True,True,PARALLEL,True,none/single-group,False,,,,,False,True,False,False,False,0,False,,False,
NCT03138668,2017.0,2016-2020,PHASE2,drug,2,20.0,OTHER,COMPLETED,RANDOMIZED,True,TRIPLE,3.0,True,True,CROSSOVER,False,none/single-group,False,,,,,False,True,False,False,False,1,True,YES,True,False
NCT05831761,2009.0,<=2015,NA,drug,4,83.0,OTHER,COMPLETED,RANDOMIZED,True,DOUBLE,2.0,True,True,PARALLEL,True,none/single-group,False,,,,,False,True,True,False,True,0,False,NO,False,False
NCT02691403,2016.0,2016-2020,PHASE4,drug,2,50.0,OTHER,UNKNOWN,RANDOMIZED,True,TRIPLE,3.0,True,True,PARALLEL,False,placebo/sham,True,,,,,True,True,False,False,False,0,False,,False,
NCT03352362,2017.0,2016-2020,NA,drug,3,159.0,OTHER,COMPLETED,RANDOMIZED,True,SINGLE,1.0,True,False,PARALLEL,True,active,True,,,,,False,True,True,False,False,1,True,NO,False,False
NCT03893318,2019.0,2016-2020,PHASE4,drug,2,15.0,OTHER,TERMINATED,RANDOMIZED,True,QUADRUPLE,4.0,True,True,PARALLEL,False,placebo/sham,True,15.0,15.0,0.0,True,True,True,False,True,False,0,False,UNDECIDED,False,False
NCT03801265,2019.0,2016-2020,PHASE4,both,2,46.0,OTHER,COMPLETED,RANDOMIZED,True,DOUBLE,2.0,True,True,PARALLEL,False,active,True,46.0,46.0,0.0,True,True,True,False,True,False,1,True,NO,False,False
NCT02749162,2015.0,<=2015,PHASE3,drug,3,90.0,OTHER,COMPLETED,RANDOMIZED,True,QUADRUPLE,4.0,True,True,PARALLEL,False,placebo/sham,True,,,,,True,True,True,False,True,0,False,NO,False,True
NCT05442411,2021.0,2021-2026,PHASE1,drug,2,58.0,OTHER,COMPLETED,RANDOMIZED,True,DOUBLE,2.0,True,True,PARALLEL,True,none/single-group,False,,,,,False,True,False,False,False,0,False,UNDECIDED,False,False
NCT01394406,2010.0,<=2015,PHASE4,drug,2,50.0,OTHER,COMPLETED,RANDOMIZED,True,DOUBLE,2.0,True,True,PARALLEL,False,placebo/sham,True,,,,,True,False,False,False,False,0,False,,False,True
NCT02930733,2016.0,2016-2020,PHASE4,drug,2,40.0,OTHER,COMPLETED,RANDOMIZED,True,DOUBLE,2.0,True,True,PARALLEL,False,placebo/sham,True,,,,,True,True,False,False,False,0,False,,False,False
NCT06008002,2023.0,2021-2026,NA,both,3,90.0,OTHER_GOV,COMPLETED,NON_RANDOMIZED,False,SINGLE,1.0,True,False,PARALLEL,True,active,True,,,,,False,True,True,False,False,0,False,NO,False,
NCT07388888,2026.0,2021-2026,PHASE4,drug,3,52.0,OTHER,NOT_YET_RECRUITING,RANDOMIZED,True,SINGLE,1.0,True,False,PARALLEL,False,active,True,,,,,True,True,True,False,False,0,False,NO,False,True
NCT00435747,,,PHASE4,drug,0,0.0,INDUSTRY,WITHDRAWN,RANDOMIZED,True,DOUBLE,2.0,True,True,PARALLEL,False,none/single-group,False,,,,,True,True,False,False,False,0,False,,False,
NCT02642497,2015.0,<=2015,PHASE2;PHASE3,drug,3,90.0,OTHER,COMPLETED,RANDOMIZED,True,TRIPLE,3.0,True,True,CROSSOVER,False,placebo/sham,True,,,,,True,True,True,False,False,0,False,UNDECIDED,False,False
NCT01075646,2009.0,<=2015,PHASE4,drug,2,225.0,OTHER,COMPLETED,RANDOMIZED,True,TRIPLE,3.0,True,True,PARALLEL,True,placebo/sham,True,166.0,156.0,0.06024096385542166,True,True,True,False,True,False,0,False,UNDECIDED,False,False
NCT03445390,2014.0,<=2015,PHASE4,drug,2,27.0,OTHER,COMPLETED,RANDOMIZED,True,DOUBLE,2.0,True,True,CROSSOVER,False,none/single-group,False,27.0,23.0,0.14814814814814814,True,True,True,False,True,False,0,False,UNDECIDED,False,False
NCT05693467,2023.0,2021-2026,PHASE4,drug,2,124.0,OTHER,COMPLETED,RANDOMIZED,True,DOUBLE,2.0,True,True,PARALLEL,True,active,True,,,,,True,False,False,False,False,1,True,YES,True,True
NCT04681027,2013.0,<=2015,PHASE3,drug,2,15.0,INDUSTRY,SUSPENDED,NON_RANDOMIZED,False,NONE,0.0,False,False,PARALLEL,False,active,True,,,,,True,True,False,False,False,0,False,YES,True,True
NCT05785689,2023.0,2021-2026,PHASE4,drug,2,220.0,OTHER,UNKNOWN,RANDOMIZED,True,TRIPLE,3.0,True,True,PARALLEL,True,placebo/sham,True,,,,,True,True,False,False,False,0,False,YES,True,True
NCT07441421,2026.0,2021-2026,NA,both,4,2000.0,OTHER,NOT_YET_RECRUITING,RANDOMIZED,True,TRIPLE,3.0,True,True,FACTORIAL,True,no-intervention,True,,,,,False,False,True,False,False,0,False,,False,True
NCT07018375,2026.0,2021-2026,PHASE4,drug,2,320.0,OTHER,ENROLLING_BY_INVITATION,RANDOMIZED,True,DOUBLE,2.0,True,True,PARALLEL,True,active,True,,,,,True,True,False,False,False,0,False,NO,False,False
NCT02767882,2016.0,2016-2020,PHASE4,drug,3,138.0,OTHER,COMPLETED,RANDOMIZED,True,DOUBLE,2.0,True,True,PARALLEL,True,placebo/sham,True,,,,,True,True,True,False,False,1,True,NO,False,True
NCT03679013,2019.0,2016-2020,PHASE2,drug,2,19.0,OTHER,COMPLETED,RANDOMIZED,True,NONE,0.0,False,False,PARALLEL,False,none/single-group,False,19.0,15.0,0.21052631578947367,False,False,True,False,True,False,0,False,NO,False,True
NCT04858711,2021.0,2021-2026,NA,drug,2,60.0,OTHER,UNKNOWN,RANDOMIZED,True,QUADRUPLE,4.0,True,True,PARALLEL,True,active,True,,,,,False,False,False,False,False,0,False,NO,False,False
NCT06026553,2022.0,2021-2026,PHASE1,drug,2,400.0,OTHER,UNKNOWN,RANDOMIZED,True,TRIPLE,3.0,True,True,PARALLEL,True,placebo/sham,True,,,,,False,False,False,False,False,0,False,NO,False,False
NCT06559137,2025.0,2021-2026,PHASE2,drug,2,160.0,OTHER,NOT_YET_RECRUITING,RANDOMIZED,True,SINGLE,1.0,True,False,PARALLEL,True,active,True,,,,,False,True,False,False,False,0,False,,False,True
NCT06083480,2024.0,2021-2026,PHASE4,drug,2,148.0,OTHER,RECRUITING,RANDOMIZED,True,QUADRUPLE,4.0,True,True,PARALLEL,True,placebo/sham,True,,,,,True,False,False,False,False,0,False,YES,True,True
NCT02056288,2011.0,<=2015,PHASE4,drug,2,78.0,OTHER,TERMINATED,RANDOMIZED,True,SINGLE,1.0,True,False,PARALLEL,False,active,True,78.0,73.0,0.0641025641025641,True,True,True,False,True,False,0,False,NO,False,True
NCT01291147,2011.0,<=2015,PHASE4,drug,2,60.0,OTHER,COMPLETED,RANDOMIZED,True,TRIPLE,3.0,True,True,PARALLEL,False,placebo/sham,True,,,,,True,True,False,False,False,1,True,,False,False
NCT05515822,2022.0,2021-2026,PHASE4,drug,3,90.0,OTHER,UNKNOWN,RANDOMIZED,True,DOUBLE,2.0,True,True,PARALLEL,False,active,True,,,,,True,True,True,False,False,0,False,NO,False,False
NCT05060068,2021.0,2021-2026,NA,drug,3,345.0,OTHER,COMPLETED,RANDOMIZED,True,QUADRUPLE,4.0,True,True,PARALLEL,True,placebo/sham,True,,,,,False,True,True,False,False,0,False,YES,True,
NCT07047040,2025.0,2021-2026,PHASE2;PHASE3,drug,2,86.0,OTHER,NOT_YET_RECRUITING,RANDOMIZED,True,TRIPLE,3.0,True,True,PARALLEL,False,placebo/sham,True,,,,,True,True,False,False,False,0,False,NO,False,
NCT06740903,2024.0,2021-2026,PHASE2;PHASE3,drug,2,140.0,OTHER_GOV,RECRUITING,RANDOMIZED,True,DOUBLE,2.0,True,True,PARALLEL,True,none/single-group,False,,,,,True,True,False,False,False,0,False,,False,True
NCT07198412,2025.0,2021-2026,NA,both,3,180.0,OTHER,RECRUITING,RANDOMIZED,True,DOUBLE,2.0,True,True,PARALLEL,True,placebo/sham,True,,,,,False,False,True,False,False,0,False,NO,False,
NCT07436806,2026.0,2021-2026,NA,drug,2,40.0,OTHER,RECRUITING,RANDOMIZED,True,SINGLE,1.0,True,False,PARALLEL,True,active,True,,,,,False,True,False,False,False,0,False,NO,False,False
NCT04244097,2020.0,2016-2020,PHASE2,drug,2,56.0,OTHER,COMPLETED,RANDOMIZED,True,SINGLE,1.0,True,False,PARALLEL,True,active,True,,,,,False,True,False,False,True,0,False,YES,True,False
NCT06446830,2024.0,2021-2026,NA,drug,2,100.0,OTHER,RECRUITING,RANDOMIZED,True,DOUBLE,2.0,True,True,PARALLEL,True,active,True,,,,,False,True,False,False,False,0,False,NO,False,False
NCT02402543,2014.0,<=2015,NA,drug,2,90.0,OTHER,COMPLETED,RANDOMIZED,True,QUADRUPLE,4.0,True,True,PARALLEL,True,placebo/sham,True,,,,,False,True,False,False,False,0,False,,False,True
NCT04565301,2021.0,2021-2026,NA,drug,3,90.0,OTHER,COMPLETED,RANDOMIZED,True,DOUBLE,2.0,True,True,PARALLEL,True,placebo/sham,True,,,,,False,True,True,False,False,0,False,NO,False,
NCT04576078,2021.0,2021-2026,PHASE2,drug,2,50.0,OTHER,RECRUITING,RANDOMIZED,True,TRIPLE,3.0,True,True,PARALLEL,True,placebo/sham,True,,,,,False,True,False,False,False,0,False,,False,False
NCT02055053,2013.0,<=2015,PHASE4,drug,2,70.0,OTHER,COMPLETED,RANDOMIZED,True,DOUBLE,2.0,True,True,PARALLEL,False,placebo/sham,True,70.0,70.0,0.0,True,True,True,False,True,False,1,True,,False,False
NCT05459220,2022.0,2021-2026,PHASE3,drug,3,357.0,INDUSTRY,UNKNOWN,RANDOMIZED,True,QUADRUPLE,4.0,True,True,PARALLEL,True,placebo/sham,True,,,,,True,True,True,False,False,0,False,UNDECIDED,False,
NCT00660855,2004.0,<=2015,PHASE4,drug,1,4.0,INDUSTRY,TERMINATED,NON_RANDOMIZED,False,NONE,0.0,False,False,SINGLE_GROUP,False,none/single-group,False,,,,,True,True,False,False,False,0,False,,False,False
NCT03799757,2016.0,2016-2020,PHASE4,drug,2,168.0,OTHER,COMPLETED,RANDOMIZED,True,TRIPLE,3.0,True,True,PARALLEL,True,placebo/sham,True,,,,,True,False,False,False,False,0,False,,False,True
NCT04480281,2020.0,2016-2020,PHASE4,drug,2,60.0,OTHER,COMPLETED,RANDOMIZED,True,DOUBLE,2.0,True,True,PARALLEL,False,placebo/sham,True,,,,,True,True,False,False,True,0,False,NO,False,
NCT02494336,2015.0,<=2015,NA,both,2,48.0,OTHER,COMPLETED,RANDOMIZED,True,TRIPLE,3.0,True,True,PARALLEL,True,active,True,48.0,48.0,0.0,True,False,False,False,True,False,0,False,,False,True
NCT07391501,2026.0,2021-2026,PHASE4,drug,2,68.0,OTHER,NOT_YET_RECRUITING,RANDOMIZED,True,DOUBLE,2.0,True,True,PARALLEL,False,placebo/sham,True,,,,,True,True,False,False,False,0,False,NO,False,False
NCT03726268,2018.0,2016-2020,PHASE4,drug,4,907.0,OTHER,COMPLETED,RANDOMIZED,True,DOUBLE,2.0,True,True,PARALLEL,True,active,True,786.0,734.0,0.0661577608142494,True,True,True,True,True,False,1,True,,False,
NCT01267136,2011.0,<=2015,PHASE4,drug,2,84.0,OTHER,COMPLETED,RANDOMIZED,True,QUADRUPLE,4.0,True,True,PARALLEL,False,active,True,84.0,74.0,0.11904761904761907,True,True,True,False,True,False,0,False,,False,False
NCT01697358,2013.0,<=2015,PHASE4,both,2,278.0,INDUSTRY,COMPLETED,RANDOMIZED,True,NONE,0.0,False,False,PARALLEL,True,active,True,218.0,204.0,0.06422018348623848,True,True,True,False,True,False,3,True,NO,False,False
NCT05494645,2022.0,2021-2026,PHASE4,drug,3,248.0,OTHER,COMPLETED,RANDOMIZED,True,SINGLE,1.0,True,False,SEQUENTIAL,True,active,True,,,,,True,True,True,False,False,0,False,NO,False,False
NCT02012244,2014.0,<=2015,NA,drug,2,60.0,OTHER,COMPLETED,RANDOMIZED,True,SINGLE,1.0,True,False,PARALLEL,True,none/single-group,False,,,,,False,False,False,False,False,1,True,,False,False
NCT04421209,2020.0,2016-2020,PHASE2,drug,2,0.0,OTHER,WITHDRAWN,RANDOMIZED,True,TRIPLE,3.0,True,True,PARALLEL,False,placebo/sham,True,,,,,False,True,False,False,False,0,False,NO,False,True
NCT03972397,2019.0,2016-2020,PHASE4,both,2,20.0,OTHER,COMPLETED,RANDOMIZED,True,SINGLE,1.0,True,False,PARALLEL,False,active,True,20.0,20.0,0.0,True,True,True,False,True,False,0,False,NO,False,
NCT05893771,2023.0,2021-2026,NA,drug,3,48.0,OTHER,COMPLETED,RANDOMIZED,True,QUADRUPLE,4.0,True,True,PARALLEL,True,placebo/sham,True,,,,,False,True,True,False,False,0,False,YES,True,False
NCT04699175,2020.0,2016-2020,PHASE2,drug,3,108.0,INDUSTRY,UNKNOWN,RANDOMIZED,True,QUADRUPLE,4.0,True,True,PARALLEL,True,placebo/sham,True,,,,,False,True,True,False,False,0,False,,False,
NCT03245359,2017.0,2016-2020,NA,both,2,50.0,OTHER,COMPLETED,RANDOMIZED,True,NONE,0.0,False,False,PARALLEL,True,active,True,,,,,False,True,False,False,False,0,False,NO,False,False
NCT02630160,2013.0,<=2015,PHASE4,drug,4,100.0,OTHER,COMPLETED,RANDOMIZED,True,DOUBLE,2.0,True,True,PARALLEL,True,placebo/sham,True,,,,,True,True,True,False,False,0,False,,False,False
NCT05845359,2023.0,2021-2026,PHASE4,drug,2,0.0,OTHER,WITHDRAWN,RANDOMIZED,True,DOUBLE,2.0,True,True,PARALLEL,False,no-intervention,True,,,,,True,True,False,False,False,0,False,NO,False,
NCT05507554,2022.0,2021-2026,NA,drug,3,176.0,OTHER,UNKNOWN,RANDOMIZED,True,DOUBLE,2.0,True,True,PARALLEL,True,active,True,,,,,False,True,True,False,False,0,False,NO,False,False
NCT04180943,2019.0,2016-2020,PHASE4,drug,2,85.0,OTHER,COMPLETED,RANDOMIZED,True,DOUBLE,2.0,True,True,PARALLEL,False,active,True,,,,,True,True,False,False,False,0,False,NO,False,False
NCT03015961,2017.0,2016-2020,PHASE4,drug,2,38.0,INDUSTRY,TERMINATED,RANDOMIZED,True,QUADRUPLE,4.0,True,True,PARALLEL,False,placebo/sham,True,38.0,36.0,0.052631578947368474,True,True,True,False,True,False,0,False,NO,False,True
NCT06661746,2024.0,2021-2026,NA,drug,2,100.0,OTHER,COMPLETED,RANDOMIZED,True,SINGLE,1.0,True,False,PARALLEL,True,active,True,,,,,False,True,False,False,False,0,False,,False,
NCT05609565,2022.0,2021-2026,PHASE4,drug,2,80.0,OTHER,COMPLETED,RANDOMIZED,True,DOUBLE,2.0,True,True,PARALLEL,False,active,True,,,,,True,False,False,False,False,0,False,NO,False,
NCT00140920,2004.0,<=2015,PHASE4,drug,0,11.0,INDUSTRY,TERMINATED,RANDOMIZED,True,DOUBLE,2.0,True,True,PARALLEL,False,none/single-group,False,,,,,True,True,False,False,False,0,False,,False,
NCT03789370,2014.0,<=2015,NA,drug,2,130.0,OTHER,UNKNOWN,RANDOMIZED,True,DOUBLE,2.0,True,True,PARALLEL,True,active,True,,,,,False,False,False,False,False,0,False,,False,False
NCT00385086,2007.0,<=2015,PHASE3,drug,2,38.0,OTHER,COMPLETED,RANDOMIZED,True,DOUBLE,2.0,True,True,PARALLEL,False,active,True,,,,,True,True,False,False,True,0,False,,False,False
NCT03643822,2020.0,2016-2020,NA,drug,4,3.0,OTHER,TERMINATED,RANDOMIZED,True,DOUBLE,2.0,True,True,PARALLEL,False,placebo/sham,True,,,,,False,False,True,False,False,0,False,,False,True
NCT06479161,2024.0,2021-2026,PHASE2,drug,2,80.0,OTHER,RECRUITING,RANDOMIZED,True,TRIPLE,3.0,True,True,PARALLEL,True,placebo/sham,True,,,,,False,True,False,False,False,0,False,,False,False
NCT04996290,2020.0,2016-2020,NA,both,2,40.0,OTHER,COMPLETED,RANDOMIZED,True,NONE,0.0,False,False,PARALLEL,True,active,True,,,,,False,True,False,False,False,0,False,NO,False,False
NCT01242332,2009.0,<=2015,PHASE4,drug,2,60.0,OTHER,COMPLETED,RANDOMIZED,True,QUADRUPLE,4.0,True,True,PARALLEL,False,no-intervention,True,,,,,True,True,False,False,True,0,False,,False,True
NCT03593642,2018.0,2016-2020,NA,drug,2,40.0,OTHER,COMPLETED,RANDOMIZED,True,QUADRUPLE,4.0,True,True,PARALLEL,True,placebo/sham,True,,,,,False,True,False,False,True,1,True,,False,False
NCT03237481,2017.0,2016-2020,PHASE3,both,3,418.0,INDUSTRY,COMPLETED,RANDOMIZED,True,TRIPLE,3.0,True,True,PARALLEL,True,placebo/sham,True,418.0,410.0,0.019138755980861233,True,True,False,True,True,False,2,True,,False,
NCT03126084,2017.0,2016-2020,PHASE4,both,3,90.0,OTHER,COMPLETED,RANDOMIZED,True,QUADRUPLE,4.0,True,True,PARALLEL,False,active,True,,,,,True,True,True,False,False,1,True,NO,False,False
NCT06313632,2024.0,2021-2026,PHASE3,drug,2,33.0,OTHER,TERMINATED,RANDOMIZED,True,TRIPLE,3.0,True,True,PARALLEL,False,placebo/sham,True,,,,,True,True,False,False,False,1,True,NO,False,True
NCT04132336,2019.0,2016-2020,PHASE2,drug,7,193.0,INDUSTRY,COMPLETED,RANDOMIZED,True,QUADRUPLE,4.0,True,True,PARALLEL,True,placebo/sham,True,193.0,192.0,0.005181347150259086,True,False,True,True,True,False,0,False,UNDECIDED,False,False
NCT02244619,2014.0,<=2015,PHASE4,drug,2,515.0,OTHER,COMPLETED,RANDOMIZED,True,QUADRUPLE,4.0,True,True,PARALLEL,True,active,True,515.0,486.0,0.05631067961165048,True,True,False,False,True,False,0,False,NO,False,False
NCT03248648,2017.0,2016-2020,PHASE2;PHASE3,drug,2,100.0,OTHER,COMPLETED,RANDOMIZED,True,QUADRUPLE,4.0,True,True,PARALLEL,True,active,True,,,,,True,True,False,False,False,0,False,UNDECIDED,False,True
NCT05672784,2022.0,2021-2026,NA,both,3,63.0,OTHER_GOV,RECRUITING,RANDOMIZED,True,SINGLE,1.0,True,False,PARALLEL,True,active,True,,,,,False,False,True,False,False,1,True,,False,
NCT07453160,2026.0,2021-2026,NA,both,2,90.0,OTHER,NOT_YET_RECRUITING,RANDOMIZED,True,SINGLE,1.0,True,False,PARALLEL,True,active,True,,,,,False,True,False,False,False,0,False,UNDECIDED,False,False
NCT06818396,2025.0,2021-2026,NA,drug,3,120.0,OTHER,RECRUITING,RANDOMIZED,True,DOUBLE,2.0,True,True,PARALLEL,True,active,True,,,,,False,False,True,False,False,0,False,,False,
NCT04157075,2021.0,2021-2026,EARLY_PHASE1,drug,3,180.0,OTHER,COMPLETED,RANDOMIZED,True,SINGLE,1.0,True,False,PARALLEL,True,placebo/sham,True,,,,,False,False,True,False,False,1,True,NO,False,False
NCT05825495,2023.0,2021-2026,PHASE4,drug,2,78.0,OTHER,UNKNOWN,RANDOMIZED,True,DOUBLE,2.0,True,True,PARALLEL,False,placebo/sham,True,,,,,True,True,False,False,False,0,False,,False,
NCT01304134,2010.0,<=2015,PHASE3,drug,2,240.0,INDUSTRY,COMPLETED,RANDOMIZED,True,SINGLE,1.0,True,False,PARALLEL,True,active,True,,,,,True,True,False,False,False,0,False,,False,True
NCT01322191,2008.0,<=2015,PHASE4,drug,1,48.0,NIH,COMPLETED,RANDOMIZED,True,NONE,0.0,False,False,SINGLE_GROUP,False,none/single-group,False,,,,,True,False,False,False,False,0,False,,False,False
NCT06027099,2024.0,2021-2026,PHASE3,drug,3,375.0,OTHER,RECRUITING,RANDOMIZED,True,QUADRUPLE,4.0,True,True,PARALLEL,True,active,True,,,,,True,True,True,False,False,0,False,,False,True
NCT07156513,2021.0,2021-2026,NA,both,2,131.0,OTHER,COMPLETED,RANDOMIZED,True,SINGLE,1.0,True,False,PARALLEL,True,active,True,,,,,False,True,False,False,False,0,False,YES,True,True
NCT02109640,2014.0,<=2015,PHASE3,both,2,50.0,OTHER,COMPLETED,RANDOMIZED,True,QUADRUPLE,4.0,True,True,PARALLEL,False,active,True,50.0,50.0,0.0,True,True,True,False,True,False,1,True,NO,False,True
NCT06630208,2024.0,2021-2026,NA,drug,2,60.0,OTHER,NOT_YET_RECRUITING,RANDOMIZED,True,SINGLE,1.0,True,False,PARALLEL,True,active,True,,,,,False,True,False,False,False,0,False,,False,False
NCT04976374,2021.0,2021-2026,NA,drug,2,30.0,OTHER,UNKNOWN,RANDOMIZED,True,SINGLE,1.0,True,False,PARALLEL,True,placebo/sham,True,,,,,False,False,False,False,False,0,False,UNDECIDED,False,False
NCT01008553,2008.0,<=2015,PHASE3,drug,3,258.0,INDUSTRY,COMPLETED,RANDOMIZED,True,DOUBLE,2.0,True,True,PARALLEL,True,placebo/sham,True,258.0,163.0,0.3682170542635659,False,True,True,True,True,False,1,True,,False,False
NCT01683071,2012.0,<=2015,PHASE2;PHASE3,drug,6,297.0,INDUSTRY,COMPLETED,RANDOMIZED,True,TRIPLE,3.0,True,True,PARALLEL,True,placebo/sham,True,101.0,85.0,0.15841584158415845,True,True,True,True,True,False,0,False,,False,True
NCT02729935,2016.0,2016-2020,PHASE4,drug,2,60.0,OTHER,COMPLETED,RANDOMIZED,True,TRIPLE,3.0,True,True,PARALLEL,False,placebo/sham,True,,,,,True,False,False,False,False,1,True,NO,False,False
NCT07249827,2025.0,2021-2026,PHASE2,drug,3,69.0,OTHER,COMPLETED,RANDOMIZED,True,QUADRUPLE,4.0,True,True,PARALLEL,True,none/single-group,False,,,,,False,False,True,False,False,0,False,NO,False,True
NCT06271265,2024.0,2021-2026,PHASE1,drug,2,48.0,INDUSTRY,RECRUITING,RANDOMIZED,True,NONE,0.0,False,False,SINGLE_GROUP,True,active,True,,,,,False,True,False,False,False,0,False,,False,True
NCT06866054,2025.0,2021-2026,NA,drug,2,50.0,OTHER,RECRUITING,RANDOMIZED,True,DOUBLE,2.0,True,True,PARALLEL,True,active,True,,,,,False,True,False,False,False,0,False,NO,False,False
NCT00624455,2007.0,<=2015,PHASE3,drug,2,28.0,OTHER,COMPLETED,RANDOMIZED,True,DOUBLE,2.0,True,True,SINGLE_GROUP,False,placebo/sham,True,,,,,True,True,False,False,False,0,False,,False,False
NCT05003765,2020.0,2016-2020,NA,drug,4,200.0,OTHER,UNKNOWN,RANDOMIZED,True,TRIPLE,3.0,True,True,PARALLEL,True,no-intervention,True,,,,,False,False,True,False,False,0,False,NO,False,False
NCT05229653,2022.0,2021-2026,PHASE1,drug,2,1.0,OTHER,TERMINATED,RANDOMIZED,True,SINGLE,1.0,True,False,PARALLEL,False,placebo/sham,True,1.0,0.0,1.0,False,False,True,False,True,False,0,False,YES,True,False
NCT06371638,2024.0,2021-2026,PHASE4,drug,2,112.0,OTHER,COMPLETED,RANDOMIZED,True,SINGLE,1.0,True,False,PARALLEL,True,active,True,,,,,True,False,False,False,False,0,False,YES,True,False
NCT02076893,2014.0,<=2015,PHASE4,drug,2,64.0,OTHER,TERMINATED,RANDOMIZED,True,TRIPLE,3.0,True,True,PARALLEL,False,placebo/sham,True,,,,,True,True,False,False,False,0,False,UNDECIDED,False,True
NCT04437888,2020.0,2016-2020,EARLY_PHASE1,drug,2,200.0,OTHER,COMPLETED,RANDOMIZED,True,TRIPLE,3.0,True,True,PARALLEL,True,placebo/sham,True,,,,,False,True,False,False,False,0,False,NO,False,False
NCT02449486,2014.0,<=2015,PHASE4,drug,2,90.0,OTHER,COMPLETED,RANDOMIZED,True,TRIPLE,3.0,True,True,PARALLEL,False,placebo/sham,True,,,,,True,True,False,False,False,0,False,NO,False,False
NCT02513979,2015.0,<=2015,PHASE4,drug,2,90.0,OTHER,UNKNOWN,NON_RANDOMIZED,False,SINGLE,1.0,True,False,PARALLEL,False,active,True,,,,,True,True,False,False,False,0,False,,False,False
NCT06735443,2021.0,2021-2026,PHASE2;PHASE3,drug,2,60.0,OTHER_GOV,COMPLETED,RANDOMIZED,True,DOUBLE,2.0,True,True,PARALLEL,False,none/single-group,False,,,,,True,True,False,False,False,0,False,,False,True
NCT04850937,2021.0,2021-2026,NA,drug,2,90.0,OTHER,COMPLETED,RANDOMIZED,True,DOUBLE,2.0,True,True,PARALLEL,True,placebo/sham,True,,,,,False,False,False,False,False,0,False,NO,False,False
NCT01199406,2009.0,<=2015,PHASE4,drug,2,80.0,OTHER,COMPLETED,RANDOMIZED,True,QUADRUPLE,4.0,True,True,PARALLEL,False,placebo/sham,True,,,,,True,True,False,False,False,1,True,,False,True
NCT07657468,2026.0,2021-2026,PHASE2,drug,2,40.0,OTHER,NOT_YET_RECRUITING,RANDOMIZED,True,DOUBLE,2.0,True,True,PARALLEL,False,placebo/sham,True,,,,,False,True,False,False,True,0,False,NO,False,False
NCT03042377,2015.0,<=2015,PHASE4,drug,4,80.0,OTHER,COMPLETED,RANDOMIZED,True,SINGLE,1.0,True,False,PARALLEL,False,active,True,,,,,True,True,True,False,False,0,False,NO,False,False
NCT00974350,2007.0,<=2015,PHASE2,drug,3,124.0,INDUSTRY,COMPLETED,RANDOMIZED,True,QUADRUPLE,4.0,True,True,PARALLEL,True,placebo/sham,True,124.0,120.0,0.032258064516129004,True,False,True,True,True,True,0,False,,False,False
NCT04622488,2020.0,2016-2020,NA,drug,2,44.0,OTHER,UNKNOWN,RANDOMIZED,True,DOUBLE,2.0,True,True,PARALLEL,True,active,True,,,,,False,True,False,False,False,0,False,,False,
NCT05703048,2022.0,2021-2026,NA,drug,2,70.0,OTHER,UNKNOWN,RANDOMIZED,True,QUADRUPLE,4.0,True,True,PARALLEL,True,active,True,,,,,False,True,False,False,False,0,False,NO,False,
NCT05160298,2021.0,2021-2026,PHASE2,drug,2,84.0,OTHER,COMPLETED,RANDOMIZED,True,TRIPLE,3.0,True,True,PARALLEL,True,placebo/sham,True,,,,,False,True,False,False,False,0,False,,False,False
NCT06045936,2024.0,2021-2026,PHASE4,drug,2,20.0,OTHER,RECRUITING,RANDOMIZED,True,DOUBLE,2.0,True,True,PARALLEL,False,placebo/sham,True,,,,,True,True,False,False,False,0,False,NO,False,False
NCT06077214,2023.0,2021-2026,PHASE1,drug,2,9.0,OTHER,COMPLETED,RANDOMIZED,True,SINGLE,1.0,True,False,PARALLEL,False,active,True,,,,,False,True,False,False,False,0,False,,False,False
NCT02219581,2014.0,<=2015,PHASE4,drug,3,1.0,OTHER,TERMINATED,RANDOMIZED,True,QUADRUPLE,4.0,True,True,PARALLEL,False,placebo/sham,True,1.0,1.0,0.0,True,True,True,True,True,False,0,False,NO,False,True
NCT02495220,2015.0,<=2015,PHASE2;PHASE3,drug,2,80.0,OTHER,UNKNOWN,RANDOMIZED,True,QUADRUPLE,4.0,True,True,PARALLEL,False,none/single-group,False,,,,,True,False,False,False,False,0,False,,False,True
NCT05256056,2022.0,2021-2026,NA,drug,2,60.0,OTHER,COMPLETED,RANDOMIZED,True,DOUBLE,2.0,True,True,PARALLEL,True,none/single-group,False,,,,,False,True,False,False,False,0,False,NO,False,False
NCT06655454,2024.0,2021-2026,PHASE2,drug,3,150.0,OTHER,RECRUITING,RANDOMIZED,True,SINGLE,1.0,True,False,PARALLEL,True,placebo/sham,True,,,,,False,False,True,False,False,0,False,NO,False,False
NCT05445856,2022.0,2021-2026,PHASE4,drug,2,130.0,OTHER,UNKNOWN,RANDOMIZED,True,QUADRUPLE,4.0,True,True,PARALLEL,True,active,True,,,,,True,True,False,False,False,1,True,UNDECIDED,False,False
NCT07574385,2026.0,2021-2026,PHASE2,both,4,60.0,INDUSTRY,RECRUITING,RANDOMIZED,True,QUADRUPLE,4.0,True,True,SEQUENTIAL,True,active,True,,,,,False,True,True,False,False,0,False,NO,False,True
NCT05076903,2021.0,2021-2026,NA,drug,2,120.0,OTHER,COMPLETED,RANDOMIZED,True,SINGLE,1.0,True,False,PARALLEL,True,active,True,,,,,False,False,False,False,False,1,True,,False,False
NCT04010266,2021.0,2021-2026,NA,both,2,63.0,INDUSTRY,COMPLETED,RANDOMIZED,True,SINGLE,1.0,True,False,PARALLEL,True,active,True,63.0,42.0,0.33333333333333337,False,False,False,False,True,False,0,False,,False,False
NCT03174782,2018.0,2016-2020,PHASE4,drug,2,42.0,OTHER,TERMINATED,RANDOMIZED,True,TRIPLE,3.0,True,True,PARALLEL,False,placebo/sham,True,42.0,40.0,0.04761904761904767,True,True,True,False,True,False,0,False,NO,False,True
NCT01541137,2004.0,<=2015,NA,both,3,30.0,OTHER,COMPLETED,RANDOMIZED,True,TRIPLE,3.0,True,True,PARALLEL,True,active,True,,,,,False,True,True,False,False,0,False,,False,False
NCT02214810,2015.0,<=2015,PHASE1;PHASE2,drug,2,0.0,OTHER,WITHDRAWN,RANDOMIZED,True,SINGLE,1.0,True,False,PARALLEL,False,active,True,,,,,False,True,False,False,True,0,False,,False,True
NCT01981291,2012.0,<=2015,PHASE4,both,2,120.0,OTHER,COMPLETED,RANDOMIZED,True,TRIPLE,3.0,True,True,PARALLEL,True,active,True,,,,,True,True,False,False,False,0,False,,False,False
NCT05050656,2021.0,2021-2026,PHASE4,drug,2,70.0,OTHER,COMPLETED,RANDOMIZED,True,QUADRUPLE,4.0,True,True,PARALLEL,False,placebo/sham,True,,,,,True,False,False,False,False,0,False,,False,
NCT04659317,2020.0,2016-2020,PHASE3,drug,2,80.0,OTHER,RECRUITING,RANDOMIZED,True,QUADRUPLE,4.0,True,True,PARALLEL,False,active,True,,,,,True,True,False,False,False,0,False,NO,False,True
NCT01940224,2013.0,<=2015,NA,drug,2,50.0,OTHER,COMPLETED,RANDOMIZED,True,TRIPLE,3.0,True,True,PARALLEL,True,placebo/sham,True,,,,,False,False,False,False,False,0,False,,False,True
NCT07258498,2024.0,2021-2026,PHASE4,drug,2,70.0,OTHER,COMPLETED,RANDOMIZED,True,DOUBLE,2.0,True,True,PARALLEL,False,placebo/sham,True,,,,,True,False,False,False,False,0,False,NO,False,True
NCT07658521,2026.0,2021-2026,NA,both,2,88.0,OTHER,ENROLLING_BY_INVITATION,RANDOMIZED,True,DOUBLE,2.0,True,True,PARALLEL,True,active,True,,,,,False,True,False,False,False,0,False,YES,True,True
NCT01917448,2014.0,<=2015,PHASE4,drug,2,36.0,OTHER,COMPLETED,RANDOMIZED,True,QUADRUPLE,4.0,True,True,PARALLEL,False,placebo/sham,True,,,,,True,True,False,False,False,0,False,UNDECIDED,False,True
NCT02984176,2014.0,<=2015,PHASE4,drug,2,100.0,OTHER,COMPLETED,RANDOMIZED,True,DOUBLE,2.0,True,True,PARALLEL,True,placebo/sham,True,,,,,True,True,False,False,False,0,False,YES,True,False
NCT07307625,2024.0,2021-2026,NA,drug,2,101.0,OTHER_GOV,COMPLETED,RANDOMIZED,True,NONE,0.0,False,False,PARALLEL,True,active,True,,,,,False,True,False,False,False,0,False,NO,False,False
NCT03498092,2016.0,2016-2020,NA,drug,3,150.0,OTHER,COMPLETED,RANDOMIZED,True,QUADRUPLE,4.0,True,True,PARALLEL,True,placebo/sham,True,,,,,False,False,True,False,False,0,False,,False,
NCT03206008,2016.0,2016-2020,NA,drug,2,11.0,OTHER,TERMINATED,RANDOMIZED,True,TRIPLE,3.0,True,True,PARALLEL,False,placebo/sham,True,,,,,False,False,False,False,False,0,False,NO,False,
NCT05205720,2022.0,2021-2026,PHASE4,both,2,78.0,OTHER,COMPLETED,RANDOMIZED,True,DOUBLE,2.0,True,True,PARALLEL,False,no-intervention,True,,,,,True,True,False,False,False,1,True,YES,True,True
NCT02988700,2016.0,2016-2020,PHASE2;PHASE3,drug,2,120.0,OTHER,COMPLETED,RANDOMIZED,True,DOUBLE,2.0,True,True,PARALLEL,True,active,True,,,,,True,True,False,False,False,0,False,NO,False,True
NCT07706348,2026.0,2021-2026,PHASE1;PHASE2,drug,2,20.0,OTHER,RECRUITING,RANDOMIZED,True,DOUBLE,2.0,True,True,PARALLEL,False,placebo/sham,True,,,,,False,True,False,False,False,0,False,UNDECIDED,False,False
NCT02934191,2016.0,2016-2020,PHASE2,drug,2,172.0,OTHER,COMPLETED,RANDOMIZED,True,QUADRUPLE,4.0,True,True,PARALLEL,True,active,True,172.0,172.0,0.0,True,False,True,False,True,False,1,True,NO,False,False
NCT07353593,2023.0,2021-2026,PHASE1,drug,3,30.0,OTHER,COMPLETED,RANDOMIZED,True,DOUBLE,2.0,True,True,PARALLEL,True,active,True,,,,,False,True,True,False,False,0,False,NO,False,True
NCT06630858,2024.0,2021-2026,NA,both,2,80.0,OTHER,COMPLETED,RANDOMIZED,True,TRIPLE,3.0,True,True,PARALLEL,True,active,True,,,,,False,False,False,False,False,1,True,NO,False,False
NCT04022811,2016.0,2016-2020,PHASE4,drug,1,60.0,OTHER,COMPLETED,NA,False,NONE,0.0,False,False,SINGLE_GROUP,False,none/single-group,False,,,,,True,True,False,False,False,0,False,NO,False,False
NCT00942448,2009.0,<=2015,PHASE3,drug,4,306.0,INDUSTRY,COMPLETED,RANDOMIZED,True,DOUBLE,2.0,True,True,PARALLEL,True,placebo/sham,True,306.0,306.0,0.0,True,True,True,True,True,False,0,False,,False,False
NCT06728371,2024.0,2021-2026,PHASE3,drug,2,86.0,OTHER,RECRUITING,RANDOMIZED,True,TRIPLE,3.0,True,True,PARALLEL,False,active,True,,,,,True,True,False,False,False,0,False,,False,True
NCT01623635,2012.0,<=2015,PHASE3,drug,4,200.0,OTHER,UNKNOWN,RANDOMIZED,True,QUADRUPLE,4.0,True,True,PARALLEL,True,placebo/sham,True,,,,,True,True,True,False,False,0,False,,False,False
NCT07469826,2022.0,2021-2026,PHASE3,drug,2,100.0,OTHER_GOV,COMPLETED,RANDOMIZED,True,DOUBLE,2.0,True,True,PARALLEL,True,active,True,,,,,True,False,False,False,False,0,False,NO,False,False
NCT01840800,2013.0,<=2015,NA,drug,3,82.0,OTHER,COMPLETED,RANDOMIZED,True,QUADRUPLE,4.0,True,True,PARALLEL,True,placebo/sham,True,,,,,False,True,True,False,False,0,False,,False,True
NCT03768440,2019.0,2016-2020,PHASE3,both,2,34.0,OTHER,TERMINATED,RANDOMIZED,True,TRIPLE,3.0,True,True,PARALLEL,False,active,True,34.0,24.0,0.2941176470588235,False,True,True,False,True,False,0,False,NO,False,False
NCT07169006,2026.0,2021-2026,NA,drug,2,102.0,OTHER,NOT_YET_RECRUITING,RANDOMIZED,True,SINGLE,1.0,True,False,PARALLEL,True,placebo/sham,True,,,,,False,False,False,False,False,0,False,,False,True
NCT07213687,2023.0,2021-2026,PHASE4,drug,2,70.0,OTHER,COMPLETED,RANDOMIZED,True,SINGLE,1.0,True,False,PARALLEL,False,active,True,,,,,True,True,False,False,False,0,False,NO,False,True
NCT03560362,2015.0,<=2015,PHASE1;PHASE2,drug,2,50.0,OTHER,UNKNOWN,RANDOMIZED,True,NONE,0.0,False,False,PARALLEL,True,active,True,,,,,False,True,False,False,False,0,False,NO,False,False
NCT04963816,2021.0,2021-2026,NA,both,3,3.0,OTHER,COMPLETED,RANDOMIZED,True,DOUBLE,2.0,True,True,PARALLEL,False,placebo/sham,True,,,,,False,True,True,False,False,1,True,NO,False,True
NCT00713726,2006.0,<=2015,PHASE3,drug,2,160.0,OTHER,COMPLETED,RANDOMIZED,True,QUADRUPLE,4.0,True,True,PARALLEL,True,active,True,,,,,True,True,False,False,False,1,True,,False,True
NCT03463382,2018.0,2016-2020,NA,both,2,60.0,OTHER,COMPLETED,RANDOMIZED,True,DOUBLE,2.0,True,True,CROSSOVER,True,active,True,,,,,False,False,False,False,False,1,True,NO,False,False
NCT02662556,2016.0,2016-2020,PHASE3,drug,1,140.0,INDUSTRY,COMPLETED,NA,False,NONE,0.0,False,False,SINGLE_GROUP,True,none/single-group,False,140.0,132.0,0.05714285714285716,True,True,True,False,True,False,0,False,,False,False
NCT01608373,2011.0,<=2015,PHASE4,drug,3,83.0,OTHER,UNKNOWN,RANDOMIZED,True,DOUBLE,2.0,True,True,PARALLEL,False,placebo/sham,True,,,,,True,True,True,False,False,1,True,,False,True
NCT00872885,2009.0,<=2015,PHASE2,drug,5,258.0,INDUSTRY,COMPLETED,RANDOMIZED,True,QUADRUPLE,4.0,True,True,PARALLEL,True,placebo/sham,True,,,,,False,True,True,False,False,0,False,,False,False
NCT06920264,2021.0,2021-2026,PHASE1,drug,2,165.0,OTHER,COMPLETED,RANDOMIZED,True,TRIPLE,3.0,True,True,SINGLE_GROUP,True,placebo/sham,True,,,,,False,True,False,False,False,0,False,NO,False,False
NCT00403806,2005.0,<=2015,PHASE4,drug,4,215.0,OTHER,TERMINATED,RANDOMIZED,True,QUADRUPLE,4.0,True,True,PARALLEL,True,placebo/sham,True,,,,,True,False,True,False,True,0,False,,False,False
NCT05998317,2023.0,2021-2026,PHASE2;PHASE3,drug,2,60.0,OTHER,COMPLETED,RANDOMIZED,True,TRIPLE,3.0,True,True,PARALLEL,False,active,True,,,,,True,False,False,False,False,0,False,YES,True,True
NCT01997788,2013.0,<=2015,NA,drug,2,46.0,OTHER,COMPLETED,RANDOMIZED,True,SINGLE,1.0,True,False,PARALLEL,True,placebo/sham,True,,,,,False,True,False,False,False,0,False,,False,True
NCT07642674,2026.0,2021-2026,NA,drug,2,66.0,OTHER,RECRUITING,RANDOMIZED,True,SINGLE,1.0,True,False,CROSSOVER,True,placebo/sham,True,,,,,False,False,False,False,False,0,False,UNDECIDED,False,False
NCT07409688,2026.0,2021-2026,PHASE4,drug,2,100.0,OTHER,RECRUITING,RANDOMIZED,True,DOUBLE,2.0,True,True,PARALLEL,True,active,True,,,,,True,True,False,False,False,0,False,NO,False,True
NCT07590830,2026.0,2021-2026,PHASE4,drug,2,312.0,OTHER,NOT_YET_RECRUITING,RANDOMIZED,True,TRIPLE,3.0,True,True,PARALLEL,True,placebo/sham,True,,,,,True,False,False,False,False,0,False,UNDECIDED,False,False
NCT04752033,2021.0,2021-2026,PHASE4,drug,2,80.0,OTHER,COMPLETED,RANDOMIZED,True,TRIPLE,3.0,True,True,SEQUENTIAL,False,none/single-group,False,80.0,80.0,0.0,True,True,True,False,True,False,1,True,NO,False,True
NCT00421967,2007.0,<=2015,PHASE4,drug,2,80.0,OTHER,TERMINATED,RANDOMIZED,True,NONE,0.0,False,False,PARALLEL,False,active,True,,,,,True,True,False,False,False,0,False,,False,True
NCT01077752,2010.0,<=2015,PHASE3,drug,3,95.0,OTHER,COMPLETED,RANDOMIZED,True,TRIPLE,3.0,True,True,PARALLEL,False,placebo/sham,True,,,,,True,True,True,False,False,0,False,,False,False
NCT07058194,2025.0,2021-2026,NA,both,3,135.0,OTHER,COMPLETED,RANDOMIZED,True,NONE,0.0,False,False,PARALLEL,True,active,True,,,,,False,True,True,False,False,0,False,NO,False,False
NCT07418580,2021.0,2021-2026,NA,drug,2,60.0,OTHER,COMPLETED,RANDOMIZED,True,SINGLE,1.0,True,False,PARALLEL,True,active,True,,,,,False,True,False,False,False,0,False,,False,False
NCT01366313,2007.0,<=2015,NA,drug,3,90.0,OTHER,COMPLETED,RANDOMIZED,True,DOUBLE,2.0,True,True,PARALLEL,True,none/single-group,False,,,,,False,True,True,False,False,1,True,,False,True
NCT03393403,2017.0,2016-2020,NA,drug,3,90.0,OTHER,UNKNOWN,RANDOMIZED,True,DOUBLE,2.0,True,True,PARALLEL,True,active,True,,,,,False,True,True,False,False,0,False,NO,False,True
NCT04251962,2020.0,2016-2020,PHASE4,drug,2,135.0,OTHER_GOV,COMPLETED,RANDOMIZED,True,QUADRUPLE,4.0,True,True,PARALLEL,True,none/single-group,False,,,,,True,False,False,False,False,0,False,NO,False,False
NCT07670052,2026.0,2021-2026,PHASE4,drug,2,84.0,OTHER,NOT_YET_RECRUITING,RANDOMIZED,True,TRIPLE,3.0,True,True,PARALLEL,False,none/single-group,False,,,,,True,True,False,False,False,0,False,NO,False,False
NCT01752322,2012.0,<=2015,PHASE3,drug,2,444.0,INDUSTRY,COMPLETED,RANDOMIZED,True,DOUBLE,2.0,True,True,PARALLEL,True,placebo/sham,True,,,,,True,True,False,False,False,1,True,,False,False
NCT01539538,2012.0,<=2015,PHASE3,drug,2,357.0,INDUSTRY,COMPLETED,RANDOMIZED,True,NONE,0.0,False,False,PARALLEL,True,active,True,357.0,282.0,0.2100840336134454,False,True,True,False,True,False,0,False,,False,False
NCT07445451,2024.0,2021-2026,NA,drug,3,93.0,OTHER_GOV,COMPLETED,RANDOMIZED,True,NONE,0.0,False,False,PARALLEL,True,active,True,,,,,False,True,True,False,False,0,False,NO,False,False
NCT01116583,2011.0,<=2015,PHASE3,drug,2,104.0,OTHER,COMPLETED,RANDOMIZED,True,QUADRUPLE,4.0,True,True,PARALLEL,True,placebo/sham,True,,,,,True,False,False,False,False,0,False,,False,True
NCT04102267,2018.0,2016-2020,PHASE4,drug,2,32.0,INDUSTRY,COMPLETED,RANDOMIZED,True,NONE,0.0,False,False,PARALLEL,False,none/single-group,False,,,,,True,False,False,False,False,0,False,,False,False
NCT05602064,2022.0,2021-2026,PHASE4,drug,3,66.0,OTHER,COMPLETED,RANDOMIZED,True,QUADRUPLE,4.0,True,True,PARALLEL,False,placebo/sham,True,,,,,True,True,True,False,False,0,False,NO,False,
NCT02143141,2011.0,<=2015,PHASE4,drug,2,13.0,OTHER,TERMINATED,RANDOMIZED,True,QUADRUPLE,4.0,True,True,PARALLEL,False,active,True,13.0,12.0,0.07692307692307687,True,True,False,False,True,False,0,False,,False,True
NCT02884921,2015.0,<=2015,NA,drug,3,87.0,OTHER_GOV,COMPLETED,RANDOMIZED,True,SINGLE,1.0,True,False,PARALLEL,True,placebo/sham,True,,,,,False,True,True,False,False,0,False,YES,True,True
NCT04516174,2020.0,2016-2020,NA,both,2,180.0,OTHER,UNKNOWN,RANDOMIZED,True,TRIPLE,3.0,True,True,PARALLEL,True,placebo/sham,True,,,,,False,False,False,False,False,0,False,,False,
NCT04507412,2020.0,2016-2020,PHASE4,drug,2,74.0,OTHER,RECRUITING,RANDOMIZED,True,DOUBLE,2.0,True,True,PARALLEL,False,no-intervention,True,,,,,True,True,False,False,False,0,False,NO,False,False
NCT07123792,2024.0,2021-2026,NA,drug,3,480.0,OTHER,COMPLETED,RANDOMIZED,True,SINGLE,1.0,True,False,PARALLEL,True,none/single-group,False,,,,,False,True,True,False,False,0,False,NO,False,True
NCT02525133,2015.0,<=2015,PHASE3,drug,2,319.0,INDUSTRY,COMPLETED,RANDOMIZED,True,QUADRUPLE,4.0,True,True,PARALLEL,True,placebo/sham,True,319.0,306.0,0.040752351097178674,True,True,True,False,True,False,1,True,,False,False
NCT02340455,2014.0,<=2015,NA,drug,4,0.0,OTHER,WITHDRAWN,RANDOMIZED,True,TRIPLE,3.0,True,True,PARALLEL,False,active,True,,,,,False,True,True,False,False,0,False,,False,False
NCT02526199,2015.0,<=2015,PHASE4,drug,2,56.0,OTHER,COMPLETED,RANDOMIZED,True,TRIPLE,3.0,True,True,PARALLEL,False,active,True,,,,,True,True,False,False,False,0,False,,False,False
NCT03706313,2019.0,2016-2020,PHASE4,both,2,40.0,OTHER,COMPLETED,RANDOMIZED,True,SINGLE,1.0,True,False,PARALLEL,False,placebo/sham,True,40.0,40.0,0.0,True,True,False,False,True,False,1,True,NO,False,False
NCT03088306,2017.0,2016-2020,EARLY_PHASE1,drug,2,49.0,OTHER,COMPLETED,RANDOMIZED,True,DOUBLE,2.0,True,True,PARALLEL,True,active,True,,,,,False,True,False,False,False,0,False,NO,False,False
NCT01195116,2010.0,<=2015,PHASE4,drug,2,41.0,OTHER,COMPLETED,RANDOMIZED,True,TRIPLE,3.0,True,True,PARALLEL,False,placebo/sham,True,41.0,41.0,0.0,True,True,True,False,True,False,0,False,,False,True
NCT06872151,2025.0,2021-2026,PHASE4,both,2,114.0,OTHER,COMPLETED,RANDOMIZED,True,NONE,0.0,False,False,PARALLEL,True,active,True,,,,,True,True,False,False,False,1,True,NO,False,False
NCT06755736,2025.0,2021-2026,NA,drug,2,48.0,OTHER,COMPLETED,RANDOMIZED,True,DOUBLE,2.0,True,True,PARALLEL,True,no-intervention,True,,,,,False,False,False,False,False,0,False,YES,True,False
NCT06343753,2024.0,2021-2026,NA,drug,2,50.0,OTHER,COMPLETED,RANDOMIZED,True,QUADRUPLE,4.0,True,True,PARALLEL,True,active,True,,,,,False,False,False,False,False,0,False,NO,False,False
NCT03639389,2019.0,2016-2020,PHASE3,drug,2,211.0,OTHER,COMPLETED,RANDOMIZED,True,SINGLE,1.0,True,False,PARALLEL,True,active,True,,,,,True,True,False,False,False,0,False,UNDECIDED,False,True
NCT06406829,2026.0,2021-2026,NA,drug,4,2000.0,OTHER,NOT_YET_RECRUITING,RANDOMIZED,True,TRIPLE,3.0,True,True,FACTORIAL,True,placebo/sham,True,,,,,False,False,True,False,False,0,False,,False,True
NCT04669145,2021.0,2021-2026,PHASE2;PHASE3,drug,4,24.0,OTHER,COMPLETED,RANDOMIZED,True,NONE,0.0,False,False,PARALLEL,False,none/single-group,False,,,,,True,True,True,False,False,0,False,NO,False,False
NCT06082232,2023.0,2021-2026,PHASE4,drug,3,90.0,OTHER,UNKNOWN,RANDOMIZED,True,DOUBLE,2.0,True,True,FACTORIAL,False,placebo/sham,True,,,,,True,False,True,False,False,0,False,,False,
NCT03774836,2018.0,2016-2020,PHASE3,drug,3,360.0,INDUSTRY,ACTIVE_NOT_RECRUITING,RANDOMIZED,True,TRIPLE,3.0,True,True,PARALLEL,True,placebo/sham,True,,,,,True,True,True,False,False,0,False,,False,False
NCT05227716,2022.0,2021-2026,PHASE4,drug,2,104.0,OTHER_GOV,UNKNOWN,RANDOMIZED,True,QUADRUPLE,4.0,True,True,PARALLEL,True,placebo/sham,True,,,,,True,False,False,False,False,0,False,UNDECIDED,False,True
NCT00886236,2008.0,<=2015,NA,drug,3,62.0,OTHER,COMPLETED,RANDOMIZED,True,QUADRUPLE,4.0,True,True,CROSSOVER,True,placebo/sham,True,62.0,52.0,0.16129032258064513,True,False,True,True,True,False,0,False,,False,False
NCT00868348,2009.0,<=2015,PHASE4,drug,2,60.0,OTHER,COMPLETED,RANDOMIZED,True,QUADRUPLE,4.0,True,True,PARALLEL,False,placebo/sham,True,60.0,60.0,0.0,True,True,True,False,True,False,0,False,,False,True
NCT07203079,2026.0,2021-2026,PHASE4,drug,2,180.0,OTHER,NOT_YET_RECRUITING,RANDOMIZED,True,DOUBLE,2.0,True,True,PARALLEL,True,active,True,,,,,True,True,False,False,False,0,False,NO,False,False
NCT02221674,2014.0,<=2015,PHASE2,drug,1,40.0,INDUSTRY,TERMINATED,NA,False,NONE,0.0,False,False,SINGLE_GROUP,False,none/single-group,False,19.0,18.0,0.052631578947368474,True,False,True,False,True,False,0,False,YES,True,True
NCT03137017,2017.0,2016-2020,PHASE1,drug,4,0.0,INDUSTRY,WITHDRAWN,RANDOMIZED,True,NONE,0.0,False,False,CROSSOVER,False,active,True,,,,,False,True,True,False,False,0,False,NO,False,False
NCT00399568,2006.0,<=2015,PHASE3,drug,2,331.0,INDUSTRY,COMPLETED,RANDOMIZED,True,QUADRUPLE,4.0,True,True,PARALLEL,True,placebo/sham,True,331.0,310.0,0.06344410876132933,True,True,True,False,True,False,0,False,,False,False
NCT01511211,2012.0,<=2015,PHASE4,drug,2,0.0,OTHER,WITHDRAWN,RANDOMIZED,True,QUADRUPLE,4.0,True,True,PARALLEL,False,active,True,,,,,True,True,False,False,False,0,False,,False,
NCT04222725,2020.0,2016-2020,PHASE1;PHASE2,drug,4,37.0,INDUSTRY,COMPLETED,RANDOMIZED,True,QUADRUPLE,4.0,True,True,PARALLEL,False,placebo/sham,True,37.0,36.0,0.027027027027026973,True,False,True,True,True,False,0,False,NO,False,False
NCT06407518,2024.0,2021-2026,NA,drug,2,280.0,OTHER,RECRUITING,RANDOMIZED,True,QUADRUPLE,4.0,True,True,PARALLEL,True,placebo/sham,True,,,,,False,False,False,False,False,0,False,NO,False,True
NCT05279898,2023.0,2021-2026,NA,both,2,70.0,OTHER,COMPLETED,RANDOMIZED,True,SINGLE,1.0,True,False,PARALLEL,True,no-intervention,True,70.0,67.0,0.042857142857142816,True,False,False,False,True,False,0,False,,False,False
NCT03355807,2017.0,2016-2020,NA,drug,2,80.0,OTHER,COMPLETED,RANDOMIZED,True,QUADRUPLE,4.0,True,True,PARALLEL,True,no-intervention,True,,,,,False,False,False,False,True,0,False,NO,False,True
NCT02927405,2020.0,2016-2020,PHASE4,both,2,0.0,OTHER,WITHDRAWN,RANDOMIZED,True,DOUBLE,2.0,True,True,PARALLEL,False,placebo/sham,True,,,,,True,True,False,False,False,0,False,NO,False,True
NCT00260260,2005.0,<=2015,PHASE4,drug,0,300.0,OTHER,COMPLETED,NON_RANDOMIZED,False,NONE,0.0,False,False,SINGLE_GROUP,True,none/single-group,False,,,,,True,True,False,False,False,0,False,,False,
NCT02424591,2014.0,<=2015,PHASE4,drug,2,46.0,OTHER,COMPLETED,RANDOMIZED,True,SINGLE,1.0,True,False,PARALLEL,False,placebo/sham,True,45.0,40.0,0.11111111111111116,True,True,False,False,True,False,0,False,YES,True,True
NCT06989866,2024.0,2021-2026,PHASE3,drug,2,50.0,FED,ENROLLING_BY_INVITATION,RANDOMIZED,True,SINGLE,1.0,True,False,PARALLEL,False,placebo/sham,True,,,,,True,True,False,False,False,0,False,NO,False,True
NCT03383198,2017.0,2016-2020,PHASE4,drug,2,5.0,OTHER,TERMINATED,RANDOMIZED,True,TRIPLE,3.0,True,True,PARALLEL,False,active,True,5.0,5.0,0.0,True,True,True,False,True,False,0,False,NO,False,False
NCT03823846,2017.0,2016-2020,NA,drug,2,80.0,OTHER,UNKNOWN,NON_RANDOMIZED,False,TRIPLE,3.0,True,True,PARALLEL,True,active,True,,,,,False,False,False,False,False,0,False,NO,False,True
NCT07683520,2025.0,2021-2026,PHASE4,drug,6,72.0,OTHER,COMPLETED,RANDOMIZED,True,DOUBLE,2.0,True,True,PARALLEL,False,placebo/sham,True,,,,,True,True,True,False,False,0,False,NO,False,False
NCT01490931,2011.0,<=2015,PHASE4,drug,1,28.0,INDIV,COMPLETED,NA,False,NONE,0.0,False,False,SINGLE_GROUP,False,none/single-group,False,25.0,25.0,0.0,True,True,True,False,True,True,0,False,,False,True
NCT05099276,2021.0,2021-2026,PHASE4,drug,2,46.0,OTHER,UNKNOWN,RANDOMIZED,True,SINGLE,1.0,True,False,PARALLEL,False,placebo/sham,True,,,,,True,False,False,False,True,1,True,NO,False,False
NCT06381063,2024.0,2021-2026,PHASE3,drug,2,238.0,OTHER,RECRUITING,RANDOMIZED,True,TRIPLE,3.0,True,True,PARALLEL,True,placebo/sham,True,,,,,True,True,False,False,False,1,True,NO,False,False
NCT05324891,2016.0,2016-2020,PHASE2,drug,2,40.0,OTHER,COMPLETED,RANDOMIZED,True,QUADRUPLE,4.0,True,True,PARALLEL,False,active,True,,,,,False,True,False,False,False,0,False,NO,False,True
NCT06783764,2024.0,2021-2026,PHASE4,both,2,40.0,OTHER,ACTIVE_NOT_RECRUITING,RANDOMIZED,True,NONE,0.0,False,False,PARALLEL,False,active,True,,,,,True,False,False,False,False,0,False,,False,True
NCT06252662,2024.0,2021-2026,PHASE4,drug,2,200.0,FED,RECRUITING,RANDOMIZED,True,SINGLE,1.0,True,False,PARALLEL,True,active,True,,,,,True,True,False,False,False,0,False,NO,False,True
NCT07154433,2025.0,2021-2026,NA,drug,2,112.0,OTHER,COMPLETED,RANDOMIZED,True,SINGLE,1.0,True,False,PARALLEL,True,active,True,,,,,False,False,False,False,False,0,False,,False,
NCT03052816,2017.0,2016-2020,PHASE4,drug,2,66.0,OTHER,COMPLETED,RANDOMIZED,True,NONE,0.0,False,False,PARALLEL,False,active,True,66.0,63.0,0.045454545454545414,True,True,True,False,True,False,1,True,NO,False,True
NCT04284930,2016.0,2016-2020,PHASE4,drug,3,21.0,OTHER,COMPLETED,RANDOMIZED,True,SINGLE,1.0,True,False,PARALLEL,False,active,True,21.0,21.0,0.0,True,True,True,True,True,False,0,False,NO,False,False
NCT03462836,2019.0,2016-2020,NA,drug,2,0.0,OTHER,WITHDRAWN,RANDOMIZED,True,TRIPLE,3.0,True,True,PARALLEL,False,active,True,,,,,False,True,False,False,False,0,False,NO,False,False
NCT00427947,2006.0,<=2015,PHASE3,drug,2,6.0,OTHER,TERMINATED,RANDOMIZED,True,TRIPLE,3.0,True,True,PARALLEL,False,placebo/sham,True,,,,,True,True,False,False,False,0,False,,False,True
NCT05171179,2021.0,2021-2026,PHASE3,both,2,60.0,OTHER,COMPLETED,RANDOMIZED,True,SINGLE,1.0,True,False,PARALLEL,False,active,True,,,,,True,True,False,False,False,0,False,NO,False,False
NCT06076759,2023.0,2021-2026,NA,drug,2,40.0,OTHER,UNKNOWN,RANDOMIZED,True,DOUBLE,2.0,True,True,PARALLEL,True,active,True,,,,,False,False,False,False,False,0,False,,False,
NCT04551196,2020.0,2016-2020,PHASE3,drug,2,50.0,OTHER,COMPLETED,RANDOMIZED,True,NONE,0.0,False,False,PARALLEL,False,active,True,50.0,50.0,0.0,True,True,True,False,True,False,0,False,UNDECIDED,False,False
NCT05600023,2022.0,2021-2026,PHASE4,drug,3,60.0,OTHER,COMPLETED,RANDOMIZED,True,SINGLE,1.0,True,False,PARALLEL,False,no-intervention,True,,,,,True,True,True,False,False,0,False,NO,False,
NCT07388251,2025.0,2021-2026,NA,drug,2,30.0,OTHER,COMPLETED,RANDOMIZED,True,DOUBLE,2.0,True,True,PARALLEL,True,active,True,,,,,False,True,False,False,False,0,False,YES,True,False
NCT06845930,2021.0,2021-2026,NA,drug,2,60.0,OTHER_GOV,COMPLETED,RANDOMIZED,True,NONE,0.0,False,False,PARALLEL,True,active,True,,,,,False,False,False,False,False,0,False,NO,False,False
NCT05898087,2022.0,2021-2026,PHASE4,drug,2,128.0,OTHER,RECRUITING,RANDOMIZED,True,SINGLE,1.0,True,False,PARALLEL,True,placebo/sham,True,,,,,True,True,False,False,True,0,False,YES,True,False
NCT07030647,2024.0,2021-2026,NA,drug,3,90.0,OTHER,COMPLETED,RANDOMIZED,True,DOUBLE,2.0,True,True,PARALLEL,True,no-intervention,True,,,,,False,True,True,False,False,1,True,YES,True,True
NCT07278050,2026.0,2021-2026,NA,drug,2,60.0,OTHER,RECRUITING,RANDOMIZED,True,DOUBLE,2.0,True,True,PARALLEL,True,active,True,,,,,False,True,False,False,False,0,False,NO,False,False
NCT00763685,2010.0,<=2015,PHASE4,drug,3,40.0,OTHER,TERMINATED,RANDOMIZED,True,DOUBLE,2.0,True,True,PARALLEL,False,placebo/sham,True,,,,,True,False,True,False,False,0,False,,False,False
NCT04450355,2020.0,2016-2020,NA,drug,2,90.0,OTHER,COMPLETED,RANDOMIZED,True,DOUBLE,2.0,True,True,PARALLEL,True,placebo/sham,True,,,,,False,True,False,False,False,0,False,NO,False,True
NCT02314104,2011.0,<=2015,NA,drug,3,220.0,INDIV,COMPLETED,RANDOMIZED,True,TRIPLE,3.0,True,True,PARALLEL,True,active,True,220.0,168.0,0.23636363636363633,False,False,True,True,True,False,0,False,,False,False
NCT00264485,2004.0,<=2015,PHASE3,drug,0,799.0,INDUSTRY,COMPLETED,RANDOMIZED,True,NONE,0.0,False,False,PARALLEL,True,none/single-group,False,,,,,True,True,False,False,True,0,False,,False,
NCT06119893,2021.0,2021-2026,NA,drug,2,25.0,OTHER,COMPLETED,RANDOMIZED,True,QUADRUPLE,4.0,True,True,CROSSOVER,False,active,True,,,,,False,True,False,False,False,1,True,NO,False,False
NCT02334059,2015.0,<=2015,NA,drug,3,108.0,OTHER,COMPLETED,RANDOMIZED,True,TRIPLE,3.0,True,True,PARALLEL,True,placebo/sham,True,108.0,108.0,0.0,True,False,True,True,True,False,0,False,,False,False
NCT04522206,2020.0,2016-2020,PHASE4,drug,1,44.0,OTHER,COMPLETED,NA,False,NONE,0.0,False,False,SINGLE_GROUP,False,none/single-group,False,44.0,44.0,0.0,True,True,False,False,True,False,0,False,YES,True,True
NCT05117307,2025.0,2021-2026,NA,drug,2,60.0,OTHER_GOV,NOT_YET_RECRUITING,RANDOMIZED,True,SINGLE,1.0,True,False,PARALLEL,True,active,True,,,,,False,True,False,False,False,0,False,,False,False
NCT01462435,2011.0,<=2015,PHASE3,drug,4,428.0,INDUSTRY,COMPLETED,RANDOMIZED,True,TRIPLE,3.0,True,True,PARALLEL,True,placebo/sham,True,428.0,421.0,0.016355140186915862,True,True,True,True,True,False,1,True,,False,False
NCT00957177,2009.0,<=2015,PHASE3,drug,2,20.0,OTHER,COMPLETED,RANDOMIZED,True,TRIPLE,3.0,True,True,PARALLEL,False,placebo/sham,True,,,,,True,True,False,False,False,0,False,,False,True
NCT06534801,2024.0,2021-2026,NA,drug,2,60.0,OTHER,NOT_YET_RECRUITING,NON_RANDOMIZED,False,QUADRUPLE,4.0,True,True,PARALLEL,True,none/single-group,False,,,,,False,False,False,False,False,1,True,NO,False,
NCT02142829,2012.0,<=2015,PHASE4,drug,2,101.0,INDUSTRY,COMPLETED,NON_RANDOMIZED,False,NONE,0.0,False,False,PARALLEL,True,active,True,,,,,True,True,False,False,False,0,False,,False,False
NCT03351348,2017.0,2016-2020,PHASE3,drug,2,165.0,OTHER,RECRUITING,RANDOMIZED,True,DOUBLE,2.0,True,True,PARALLEL,True,active,True,,,,,True,True,False,False,False,0,False,,False,
NCT01812057,2012.0,<=2015,PHASE4,drug,2,53.0,OTHER,COMPLETED,RANDOMIZED,True,QUADRUPLE,4.0,True,True,PARALLEL,False,placebo/sham,True,49.0,47.0,0.04081632653061229,True,True,False,False,True,False,1,True,,False,False
NCT01094106,2010.0,<=2015,PHASE4,drug,2,70.0,OTHER,COMPLETED,RANDOMIZED,True,QUADRUPLE,4.0,True,True,PARALLEL,False,placebo/sham,True,67.0,67.0,0.0,True,True,True,False,True,False,0,False,,False,False
NCT07643792,2026.0,2021-2026,PHASE4,drug,2,148.0,OTHER,NOT_YET_RECRUITING,RANDOMIZED,True,TRIPLE,3.0,True,True,PARALLEL,True,active,True,,,,,True,True,False,False,False,0,False,NO,False,True
NCT00390039,2006.0,<=2015,PHASE3,drug,6,256.0,INDUSTRY,COMPLETED,RANDOMIZED,True,QUADRUPLE,4.0,True,True,PARALLEL,True,placebo/sham,True,,,,,True,True,True,False,False,0,False,,False,False
NCT01964781,2013.0,<=2015,PHASE4,drug,6,30.0,OTHER,COMPLETED,RANDOMIZED,True,QUADRUPLE,4.0,True,True,SINGLE_GROUP,False,placebo/sham,True,,,,,True,False,True,False,True,0,False,NO,False,True
NCT01790555,2013.0,<=2015,PHASE2,drug,2,40.0,OTHER,UNKNOWN,RANDOMIZED,True,QUADRUPLE,4.0,True,True,PARALLEL,False,none/single-group,False,,,,,False,True,False,False,False,0,False,,False,True
NCT06926322,2025.0,2021-2026,NA,drug,3,108.0,OTHER,ENROLLING_BY_INVITATION,RANDOMIZED,True,DOUBLE,2.0,True,True,PARALLEL,True,active,True,,,,,False,True,True,False,False,0,False,UNDECIDED,False,True
NCT07248384,2023.0,2021-2026,PHASE1,drug,2,76.0,OTHER,COMPLETED,RANDOMIZED,True,QUADRUPLE,4.0,True,True,PARALLEL,True,active,True,,,,,False,True,False,False,False,0,False,NO,False,False
NCT07396688,2025.0,2021-2026,NA,drug,2,60.0,OTHER,COMPLETED,RANDOMIZED,True,DOUBLE,2.0,True,True,PARALLEL,True,active,True,,,,,False,True,False,False,False,0,False,NO,False,False
NCT05884268,2023.0,2021-2026,PHASE1;PHASE2,drug,2,60.0,OTHER,UNKNOWN,RANDOMIZED,True,DOUBLE,2.0,True,True,PARALLEL,True,placebo/sham,True,,,,,False,True,False,False,False,0,False,UNDECIDED,False,True
NCT05146713,2022.0,2021-2026,PHASE2;PHASE3,drug,2,44.0,OTHER,UNKNOWN,RANDOMIZED,True,DOUBLE,2.0,True,True,PARALLEL,False,active,True,,,,,True,True,False,False,False,0,False,,False,
NCT06120530,2023.0,2021-2026,PHASE4,drug,2,91.0,OTHER,COMPLETED,RANDOMIZED,True,QUADRUPLE,4.0,True,True,PARALLEL,False,placebo/sham,True,91.0,91.0,0.0,True,True,True,False,True,False,0,False,NO,False,True
NCT01492075,2008.0,<=2015,PHASE4,drug,2,40.0,OTHER,COMPLETED,RANDOMIZED,True,QUADRUPLE,4.0,True,True,PARALLEL,False,active,True,,,,,True,True,False,False,False,0,False,,False,True
NCT02465008,,,PHASE4,drug,2,66.0,OTHER,SUSPENDED,RANDOMIZED,True,DOUBLE,2.0,True,True,PARALLEL,False,placebo/sham,True,,,,,True,True,False,False,False,0,False,,False,False
NCT05924191,2023.0,2021-2026,NA,both,2,30.0,OTHER,RECRUITING,RANDOMIZED,True,TRIPLE,3.0,True,True,PARALLEL,True,active,True,,,,,False,True,False,False,False,0,False,,False,
NCT03111381,2017.0,2016-2020,PHASE2,drug,2,94.0,OTHER,COMPLETED,RANDOMIZED,True,TRIPLE,3.0,True,True,SINGLE_GROUP,True,no-intervention,True,94.0,94.0,0.0,True,False,True,False,True,False,0,False,UNDECIDED,False,True
NCT03717467,2019.0,2016-2020,NA,drug,2,60.0,OTHER,UNKNOWN,RANDOMIZED,True,TRIPLE,3.0,True,True,PARALLEL,True,placebo/sham,True,,,,,False,False,False,False,False,0,False,NO,False,False
NCT04782310,2021.0,2021-2026,PHASE4,drug,3,75.0,OTHER,UNKNOWN,RANDOMIZED,True,QUADRUPLE,4.0,True,True,PARALLEL,False,none/single-group,False,,,,,True,True,True,False,False,0,False,NO,False,True
NCT00986882,2009.0,<=2015,PHASE2,drug,3,183.0,INDUSTRY,COMPLETED,RANDOMIZED,True,DOUBLE,2.0,True,True,PARALLEL,True,placebo/sham,True,,,,,False,True,True,False,False,1,True,NO,False,False
NCT05360433,2020.0,2016-2020,PHASE4,drug,2,170.0,OTHER,UNKNOWN,RANDOMIZED,True,TRIPLE,3.0,True,True,PARALLEL,True,active,True,,,,,True,True,False,False,False,0,False,NO,False,False
NCT06761989,2025.0,2021-2026,NA,both,2,104.0,OTHER,RECRUITING,RANDOMIZED,True,NONE,0.0,False,False,PARALLEL,True,active,True,,,,,False,False,False,False,False,1,True,UNDECIDED,False,True
NCT07222072,2025.0,2021-2026,PHASE4,drug,2,120.0,OTHER,RECRUITING,RANDOMIZED,True,QUADRUPLE,4.0,True,True,PARALLEL,True,placebo/sham,True,,,,,True,False,False,False,False,0,False,YES,True,False
NCT00465647,2007.0,<=2015,PHASE4,drug,4,116.0,INDUSTRY,COMPLETED,NON_RANDOMIZED,False,NONE,0.0,False,False,SINGLE_GROUP,True,none/single-group,False,116.0,71.0,0.3879310344827587,False,True,True,True,True,False,0,False,,False,True
NCT01011426,2009.0,<=2015,PHASE2,drug,2,285.0,OTHER,COMPLETED,RANDOMIZED,True,TRIPLE,3.0,True,True,PARALLEL,True,placebo/sham,True,,,,,False,True,False,False,False,0,False,,False,False
NCT05224336,2022.0,2021-2026,PHASE1,drug,2,10.0,OTHER,COMPLETED,RANDOMIZED,True,TRIPLE,3.0,True,True,PARALLEL,False,placebo/sham,True,,,,,False,True,False,False,False,0,False,,False,True
NCT01579565,2012.0,<=2015,PHASE3,drug,2,416.0,INDUSTRY,COMPLETED,RANDOMIZED,True,QUADRUPLE,4.0,True,True,PARALLEL,True,placebo/sham,True,416.0,406.0,0.024038461538461564,True,True,True,False,True,False,0,False,,False,False
NCT02991404,2017.0,2016-2020,EARLY_PHASE1,both,2,60.0,OTHER,COMPLETED,RANDOMIZED,True,TRIPLE,3.0,True,True,PARALLEL,True,placebo/sham,True,,,,,False,True,False,False,False,0,False,NO,False,True
NCT01016808,2009.0,<=2015,PHASE3,drug,3,522.0,INDUSTRY,COMPLETED,RANDOMIZED,True,QUADRUPLE,4.0,True,True,PARALLEL,True,active,True,,,,,True,True,True,False,False,0,False,,False,False
NCT02741219,2015.0,<=2015,PHASE4,drug,2,225.0,OTHER,COMPLETED,RANDOMIZED,True,TRIPLE,3.0,True,True,PARALLEL,True,placebo/sham,True,,,,,True,True,False,False,False,0,False,,False,
NCT01667445,2012.0,<=2015,PHASE4,drug,2,113.0,OTHER,COMPLETED,RANDOMIZED,True,TRIPLE,3.0,True,True,PARALLEL,True,active,True,,,,,True,True,False,False,False,0,False,,False,False
NCT06416891,2024.0,2021-2026,PHASE4,drug,2,56.0,OTHER,UNKNOWN,RANDOMIZED,True,DOUBLE,2.0,True,True,PARALLEL,False,active,True,,,,,True,False,False,False,False,0,False,,False,False
NCT05089526,2021.0,2021-2026,NA,drug,2,70.0,OTHER,UNKNOWN,RANDOMIZED,True,QUADRUPLE,4.0,True,True,PARALLEL,True,active,True,,,,,False,False,False,False,False,0,False,NO,False,False
NCT07094386,2025.0,2021-2026,NA,both,2,80.0,OTHER,RECRUITING,RANDOMIZED,True,DOUBLE,2.0,True,True,PARALLEL,True,active,True,,,,,False,False,False,False,False,0,False,,False,True
NCT01931865,2012.0,<=2015,PHASE2,drug,1,12.0,OTHER,TERMINATED,NA,False,NONE,0.0,False,False,SINGLE_GROUP,False,none/single-group,False,12.0,8.0,0.33333333333333337,False,False,True,False,True,False,0,False,,False,False
NCT01863355,2013.0,<=2015,NA,drug,3,225.0,OTHER,UNKNOWN,RANDOMIZED,True,DOUBLE,2.0,True,True,PARALLEL,True,active,True,,,,,False,True,True,False,False,0,False,,False,False
NCT07257133,2025.0,2021-2026,PHASE4,drug,1,100.0,OTHER,COMPLETED,NA,False,NONE,0.0,False,False,SINGLE_GROUP,True,none/single-group,False,,,,,True,False,False,False,False,1,True,NO,False,False
NCT02209181,2014.0,<=2015,PHASE2,drug,4,269.0,INDUSTRY,COMPLETED,RANDOMIZED,True,QUADRUPLE,4.0,True,True,PARALLEL,True,placebo/sham,True,269.0,266.0,0.01115241635687736,True,False,True,True,True,False,1,True,,False,False
NCT05149287,2021.0,2021-2026,PHASE2,drug,2,5.0,OTHER,TERMINATED,RANDOMIZED,True,QUADRUPLE,4.0,True,True,PARALLEL,False,placebo/sham,True,5.0,5.0,0.0,True,False,True,False,True,False,0,False,YES,True,
NCT00346268,2006.0,<=2015,PHASE4,drug,2,105.0,INDUSTRY,TERMINATED,RANDOMIZED,True,DOUBLE,2.0,True,True,PARALLEL,True,active,True,105.0,100.0,0.04761904761904767,True,True,True,False,True,False,1,True,,False,True
NCT02001948,2009.0,<=2015,PHASE4,both,2,46.0,OTHER,COMPLETED,RANDOMIZED,True,DOUBLE,2.0,True,True,PARALLEL,False,active,True,,,,,True,True,False,False,False,0,False,,False,False
NCT02677532,2011.0,<=2015,PHASE4,both,2,51.0,OTHER,COMPLETED,RANDOMIZED,True,NONE,0.0,False,False,PARALLEL,False,active,True,,,,,True,True,False,False,False,0,False,NO,False,False
NCT04947345,2021.0,2021-2026,PHASE3,drug,2,84.0,OTHER,UNKNOWN,RANDOMIZED,True,NONE,0.0,False,False,PARALLEL,False,active,True,,,,,True,True,False,False,False,1,True,UNDECIDED,False,True
NCT04426500,2019.0,2016-2020,PHASE3,drug,3,148.0,OTHER,COMPLETED,RANDOMIZED,True,SINGLE,1.0,True,False,PARALLEL,True,placebo/sham,True,148.0,148.0,0.0,True,True,False,True,True,False,0,False,NO,False,False
NCT02946294,2016.0,2016-2020,PHASE2,drug,2,90.0,OTHER,COMPLETED,RANDOMIZED,True,SINGLE,1.0,True,False,PARALLEL,True,active,True,,,,,False,True,False,False,False,1,True,NO,False,False
NCT07154446,2025.0,2021-2026,PHASE4,drug,2,60.0,OTHER,NOT_YET_RECRUITING,RANDOMIZED,True,TRIPLE,3.0,True,True,PARALLEL,False,active,True,,,,,True,True,False,False,False,0,False,YES,True,False
NCT05023369,2021.0,2021-2026,PHASE4,drug,2,110.0,OTHER,RECRUITING,RANDOMIZED,True,TRIPLE,3.0,True,True,PARALLEL,True,no-intervention,True,,,,,True,True,False,False,False,0,False,NO,False,False
NCT01278264,2011.0,<=2015,PHASE4,drug,2,60.0,OTHER,UNKNOWN,RANDOMIZED,True,SINGLE,1.0,True,False,FACTORIAL,False,active,True,,,,,True,False,False,False,False,0,False,,False,False
NCT07430228,2026.0,2021-2026,PHASE2,drug,2,80.0,OTHER,ENROLLING_BY_INVITATION,RANDOMIZED,True,TRIPLE,3.0,True,True,PARALLEL,True,placebo/sham,True,,,,,False,False,False,False,False,0,False,NO,False,True
NCT01179113,2011.0,<=2015,PHASE4,drug,2,33.0,OTHER,TERMINATED,RANDOMIZED,True,DOUBLE,2.0,True,True,PARALLEL,False,placebo/sham,True,33.0,33.0,0.0,True,True,False,False,True,False,0,False,,False,False
NCT05997355,2023.0,2021-2026,NA,drug,2,100.0,OTHER,UNKNOWN,RANDOMIZED,True,NONE,0.0,False,False,SINGLE_GROUP,True,no-intervention,True,,,,,False,True,False,False,False,0,False,YES,True,True
NCT01907997,2013.0,<=2015,NA,drug,2,90.0,OTHER,COMPLETED,RANDOMIZED,True,DOUBLE,2.0,True,True,PARALLEL,True,placebo/sham,True,,,,,False,True,False,False,False,1,True,,False,True
NCT01260883,2000.0,<=2015,PHASE3,drug,3,77.0,OTHER,COMPLETED,RANDOMIZED,True,DOUBLE,2.0,True,True,PARALLEL,False,placebo/sham,True,51.0,51.0,0.0,True,True,True,True,True,True,0,False,,False,True
NCT03704753,2019.0,2016-2020,PHASE4,drug,6,200.0,OTHER,UNKNOWN,RANDOMIZED,True,QUADRUPLE,4.0,True,True,PARALLEL,True,placebo/sham,True,,,,,True,True,True,False,False,1,True,NO,False,False
NCT05121168,2022.0,2021-2026,PHASE4,drug,2,50.0,OTHER,COMPLETED,RANDOMIZED,True,QUADRUPLE,4.0,True,True,PARALLEL,False,placebo/sham,True,,,,,True,True,False,False,False,0,False,NO,False,False
NCT06936709,2025.0,2021-2026,PHASE4,drug,3,75.0,OTHER,NOT_YET_RECRUITING,RANDOMIZED,True,TRIPLE,3.0,True,True,FACTORIAL,False,placebo/sham,True,,,,,True,False,True,False,False,0,False,UNDECIDED,False,True
NCT07141459,2025.0,2021-2026,NA,both,2,52.0,OTHER,RECRUITING,RANDOMIZED,True,DOUBLE,2.0,True,True,PARALLEL,True,none/single-group,False,,,,,False,True,False,False,False,0,False,NO,False,True
NCT03408184,2016.0,2016-2020,NA,drug,2,60.0,OTHER,COMPLETED,RANDOMIZED,True,SINGLE,1.0,True,False,PARALLEL,True,active,True,,,,,False,False,False,False,False,0,False,YES,True,True
NCT06234631,2024.0,2021-2026,PHASE2,drug,4,380.0,OTHER,RECRUITING,RANDOMIZED,True,TRIPLE,3.0,True,True,FACTORIAL,True,placebo/sham,True,,,,,False,True,True,False,False,0,False,YES,True,
NCT07611123,2026.0,2021-2026,NA,drug,3,94.0,INDUSTRY,COMPLETED,RANDOMIZED,True,SINGLE,1.0,True,False,PARALLEL,True,placebo/sham,True,,,,,False,True,True,False,False,0,False,YES,True,True
NCT06158620,2025.0,2021-2026,PHASE1;PHASE2,drug,2,80.0,OTHER,RECRUITING,RANDOMIZED,True,NONE,0.0,False,False,PARALLEL,True,active,True,,,,,False,True,False,False,False,0,False,NO,False,False
NCT02233400,2013.0,<=2015,PHASE4,drug,2,113.0,OTHER,COMPLETED,RANDOMIZED,True,TRIPLE,3.0,True,True,PARALLEL,True,no-intervention,True,,,,,True,True,False,False,False,0,False,,False,False
NCT03685396,2017.0,2016-2020,NA,drug,2,42.0,OTHER,COMPLETED,RANDOMIZED,True,TRIPLE,3.0,True,True,PARALLEL,True,active,True,42.0,42.0,0.0,True,False,True,False,True,False,0,False,,False,
NCT03099720,2017.0,2016-2020,PHASE4,drug,2,48.0,OTHER,COMPLETED,RANDOMIZED,True,QUADRUPLE,4.0,True,True,PARALLEL,False,placebo/sham,True,,,,,True,False,False,False,False,0,False,UNDECIDED,False,
NCT05757388,2023.0,2021-2026,NA,drug,2,60.0,OTHER,UNKNOWN,RANDOMIZED,True,TRIPLE,3.0,True,True,PARALLEL,True,placebo/sham,True,,,,,False,True,False,False,False,0,False,NO,False,False
NCT02408146,2014.0,<=2015,NA,both,3,80.0,OTHER,UNKNOWN,RANDOMIZED,True,DOUBLE,2.0,True,True,PARALLEL,True,none/single-group,False,,,,,False,True,True,False,False,0,False,,False,
NCT05598307,2022.0,2021-2026,NA,drug,3,90.0,OTHER,UNKNOWN,RANDOMIZED,True,QUADRUPLE,4.0,True,True,PARALLEL,True,placebo/sham,True,,,,,False,False,True,False,False,0,False,NO,False,
NCT02299882,2012.0,<=2015,NA,drug,2,700.0,OTHER,UNKNOWN,RANDOMIZED,True,SINGLE,1.0,True,False,SINGLE_GROUP,True,no-intervention,True,,,,,False,False,False,False,False,0,False,,False,True
NCT04688203,2021.0,2021-2026,PHASE1;PHASE2,drug,2,50.0,OTHER_GOV,COMPLETED,RANDOMIZED,True,DOUBLE,2.0,True,True,PARALLEL,True,active,True,,,,,False,False,False,False,False,1,True,,False,
NCT06007066,2023.0,2021-2026,PHASE2,drug,5,235.0,INDUSTRY,COMPLETED,RANDOMIZED,True,DOUBLE,2.0,True,True,PARALLEL,True,placebo/sham,True,,,,,False,True,True,False,False,0,False,NO,False,False
NCT02875015,2016.0,2016-2020,NA,both,2,57.0,OTHER,COMPLETED,RANDOMIZED,True,SINGLE,1.0,True,False,PARALLEL,True,active,True,,,,,False,False,False,False,False,0,False,NO,False,True
NCT05769855,2023.0,2021-2026,PHASE3,drug,3,294.0,INDUSTRY,COMPLETED,RANDOMIZED,True,QUADRUPLE,4.0,True,True,PARALLEL,True,placebo/sham,True,,,,,True,True,True,False,False,0,False,UNDECIDED,False,
NCT01529346,2011.0,<=2015,PHASE2,drug,5,235.0,INDUSTRY,COMPLETED,RANDOMIZED,True,DOUBLE,2.0,True,True,PARALLEL,True,placebo/sham,True,235.0,230.0,0.021276595744680882,True,False,True,True,True,False,0,False,,False,False
NCT00990418,2008.0,<=2015,PHASE1,drug,0,60.0,INDUSTRY,COMPLETED,RANDOMIZED,True,NONE,0.0,False,False,CROSSOVER,True,none/single-group,False,,,,,False,True,False,False,False,0,False,,False,
NCT06639659,2024.0,2021-2026,NA,both,3,69.0,OTHER_GOV,ACTIVE_NOT_RECRUITING,RANDOMIZED,True,TRIPLE,3.0,True,True,PARALLEL,True,placebo/sham,True,,,,,False,False,True,False,True,0,False,UNDECIDED,False,True
NCT01300377,2008.0,<=2015,NA,drug,2,300.0,OTHER,COMPLETED,RANDOMIZED,True,DOUBLE,2.0,True,True,PARALLEL,True,active,True,,,,,False,True,False,False,False,0,False,,False,False
NCT05248152,2022.0,2021-2026,NA,drug,3,90.0,OTHER,UNKNOWN,RANDOMIZED,True,QUADRUPLE,4.0,True,True,PARALLEL,True,placebo/sham,True,,,,,False,False,True,False,False,0,False,YES,True,False
NCT02571361,2015.0,<=2015,PHASE4,drug,4,556.0,OTHER,COMPLETED,RANDOMIZED,True,QUADRUPLE,4.0,True,True,PARALLEL,True,active,True,,,,,True,True,True,False,False,2,True,,False,False
NCT03175081,2017.0,2016-2020,NA,drug,2,54.0,OTHER,COMPLETED,RANDOMIZED,True,DOUBLE,2.0,True,True,PARALLEL,True,none/single-group,False,,,,,False,True,False,False,True,0,False,NO,False,True
NCT03353363,2017.0,2016-2020,PHASE4,drug,3,132.0,FED,UNKNOWN,RANDOMIZED,True,TRIPLE,3.0,True,True,PARALLEL,True,placebo/sham,True,,,,,True,True,True,False,False,0,False,YES,True,True
NCT05087914,2021.0,2021-2026,PHASE2,drug,2,0.0,OTHER,WITHDRAWN,RANDOMIZED,True,QUADRUPLE,4.0,True,True,PARALLEL,False,placebo/sham,True,,,,,False,True,False,False,False,0,False,YES,True,False
NCT01024348,2009.0,<=2015,NA,drug,2,100.0,OTHER,UNKNOWN,RANDOMIZED,True,SINGLE,1.0,True,False,PARALLEL,True,active,True,,,,,False,True,False,False,False,0,False,,False,True
NCT01143025,2010.0,<=2015,PHASE3,drug,3,165.0,OTHER,COMPLETED,RANDOMIZED,True,TRIPLE,3.0,True,True,PARALLEL,True,active,True,,,,,True,True,True,False,True,0,False,,False,False
NCT04272320,2021.0,2021-2026,NA,drug,2,60.0,OTHER,COMPLETED,RANDOMIZED,True,SINGLE,1.0,True,False,PARALLEL,True,active,True,,,,,False,True,False,False,False,0,False,,False,
NCT03805269,2019.0,2016-2020,PHASE4,drug,2,94.0,OTHER,UNKNOWN,RANDOMIZED,True,SINGLE,1.0,True,False,PARALLEL,False,active,True,,,,,True,False,False,False,False,0,False,,False,True
NCT03124082,2017.0,2016-2020,PHASE4,drug,2,64.0,OTHER,UNKNOWN,RANDOMIZED,True,TRIPLE,3.0,True,True,PARALLEL,False,active,True,,,,,True,True,False,False,False,0,False,NO,False,True
NCT01619852,2012.0,<=2015,NA,drug,2,148.0,OTHER,COMPLETED,RANDOMIZED,True,DOUBLE,2.0,True,True,PARALLEL,True,placebo/sham,True,150.0,148.0,0.013333333333333308,True,False,False,False,True,False,0,False,NO,False,False
NCT00802048,2009.0,<=2015,PHASE3,drug,2,21.0,OTHER,TERMINATED,RANDOMIZED,True,QUADRUPLE,4.0,True,True,PARALLEL,False,placebo/sham,True,,,,,True,True,False,False,False,0,False,,False,False
NCT02035709,2013.0,<=2015,PHASE4,drug,2,50.0,OTHER,COMPLETED,RANDOMIZED,True,SINGLE,1.0,True,False,PARALLEL,False,active,True,,,,,True,True,False,False,False,2,True,,False,True
NCT02686021,2016.0,2016-2020,PHASE4,drug,3,36.0,OTHER,COMPLETED,RANDOMIZED,True,QUADRUPLE,4.0,True,True,CROSSOVER,False,active,True,,,,,True,True,True,False,False,0,False,UNDECIDED,False,False
NCT00825344,2009.0,<=2015,NA,drug,2,77.0,OTHER,COMPLETED,RANDOMIZED,True,QUADRUPLE,4.0,True,True,PARALLEL,True,placebo/sham,True,77.0,75.0,0.025974025974025983,True,False,False,False,True,False,0,False,,False,True
NCT02732262,2016.0,2016-2020,PHASE3,drug,3,134.0,OTHER,COMPLETED,RANDOMIZED,True,QUADRUPLE,4.0,True,True,PARALLEL,True,none/single-group,False,,,,,True,True,True,False,False,0,False,,False,True
NCT04749797,2020.0,2016-2020,PHASE4,drug,3,11.0,OTHER,TERMINATED,RANDOMIZED,True,DOUBLE,2.0,True,True,PARALLEL,False,placebo/sham,True,11.0,10.0,0.09090909090909094,True,True,True,True,True,False,0,False,UNDECIDED,False,
NCT02115087,2010.0,<=2015,PHASE4,both,2,40.0,OTHER,COMPLETED,RANDOMIZED,True,SINGLE,1.0,True,False,FACTORIAL,False,active,True,,,,,True,True,False,False,False,0,False,,False,False
NCT07701551,2026.0,2021-2026,PHASE4,drug,2,40.0,OTHER,NOT_YET_RECRUITING,RANDOMIZED,True,DOUBLE,2.0,True,True,PARALLEL,False,none/single-group,False,,,,,True,True,False,False,False,0,False,,False,
NCT01149616,2009.0,<=2015,PHASE4,drug,2,82.0,OTHER,TERMINATED,RANDOMIZED,True,QUADRUPLE,4.0,True,True,PARALLEL,False,placebo/sham,True,82.0,82.0,0.0,True,True,True,False,True,False,0,False,NO,False,False
NCT04981301,2021.0,2021-2026,NA,drug,2,60.0,OTHER,COMPLETED,RANDOMIZED,True,DOUBLE,2.0,True,True,PARALLEL,True,active,True,,,,,False,True,False,False,False,0,False,NO,False,False
NCT03360214,2017.0,2016-2020,PHASE4,both,4,60.0,OTHER,COMPLETED,RANDOMIZED,True,TRIPLE,3.0,True,True,PARALLEL,False,none/single-group,False,60.0,60.0,0.0,True,True,True,True,True,False,0,False,NO,False,True
NCT01726686,2010.0,<=2015,PHASE4,drug,2,200.0,OTHER,COMPLETED,RANDOMIZED,True,QUADRUPLE,4.0,True,True,PARALLEL,True,placebo/sham,True,,,,,True,True,False,False,False,0,False,,False,False
NCT05921604,2023.0,2021-2026,PHASE3,drug,2,100.0,OTHER,ACTIVE_NOT_RECRUITING,RANDOMIZED,True,TRIPLE,3.0,True,True,PARALLEL,True,none/single-group,False,,,,,True,False,False,False,False,0,False,NO,False,False
NCT02793817,2016.0,2016-2020,PHASE3,drug,2,520.0,INDUSTRY,COMPLETED,RANDOMIZED,True,QUADRUPLE,4.0,True,True,PARALLEL,True,placebo/sham,True,520.0,512.0,0.01538461538461533,True,True,True,False,True,False,0,False,NO,False,False
NCT06625606,2024.0,2021-2026,NA,drug,3,105.0,OTHER,COMPLETED,RANDOMIZED,True,SINGLE,1.0,True,False,PARALLEL,True,active,True,,,,,False,True,True,False,False,0,False,,False,
NCT00921700,2009.0,<=2015,PHASE4,drug,4,200.0,OTHER,COMPLETED,RANDOMIZED,True,QUADRUPLE,4.0,True,True,PARALLEL,True,placebo/sham,True,,,,,True,True,True,False,False,1,True,,False,False
NCT04610398,2021.0,2021-2026,PHASE3,drug,2,60.0,OTHER,COMPLETED,RANDOMIZED,True,TRIPLE,3.0,True,True,PARALLEL,False,placebo/sham,True,,,,,True,True,False,False,False,1,True,NO,False,False
NCT07516717,2023.0,2021-2026,PHASE4,drug,2,240.0,OTHER,COMPLETED,RANDOMIZED,True,DOUBLE,2.0,True,True,PARALLEL,True,none/single-group,False,,,,,True,True,False,False,False,0,False,UNDECIDED,False,False
NCT06966596,2024.0,2021-2026,PHASE1,drug,2,116.0,OTHER,COMPLETED,RANDOMIZED,True,QUADRUPLE,4.0,True,True,PARALLEL,True,placebo/sham,True,,,,,False,False,False,False,False,0,False,NO,False,
NCT04680221,2021.0,2021-2026,PHASE4,both,2,97.0,OTHER,ACTIVE_NOT_RECRUITING,RANDOMIZED,True,TRIPLE,3.0,True,True,PARALLEL,False,placebo/sham,True,,,,,True,True,False,False,False,0,False,NO,False,True
NCT07329413,2025.0,2021-2026,NA,both,2,70.0,OTHER,COMPLETED,NON_RANDOMIZED,False,TRIPLE,3.0,True,True,PARALLEL,True,active,True,,,,,False,True,False,False,False,1,True,NO,False,False
NCT02996591,2017.0,2016-2020,PHASE4,both,2,36.0,OTHER,COMPLETED,RANDOMIZED,True,DOUBLE,2.0,True,True,PARALLEL,False,active,True,36.0,36.0,0.0,True,True,True,False,True,False,1,True,,False,
NCT06087510,2024.0,2021-2026,PHASE4,drug,3,312.0,OTHER,RECRUITING,RANDOMIZED,True,QUADRUPLE,4.0,True,True,PARALLEL,True,active,True,,,,,True,False,True,False,False,0,False,NO,False,True
NCT06269770,2023.0,2021-2026,PHASE4,drug,2,96.0,OTHER,UNKNOWN,RANDOMIZED,True,DOUBLE,2.0,True,True,PARALLEL,False,active,True,,,,,True,True,False,False,False,0,False,NO,False,False
NCT00390312,2001.0,<=2015,PHASE2,drug,7,225.0,INDUSTRY,COMPLETED,RANDOMIZED,True,QUADRUPLE,4.0,True,True,PARALLEL,True,placebo/sham,True,,,,,False,True,True,False,False,0,False,,False,False
NCT03312153,2019.0,2016-2020,NA,drug,2,50.0,OTHER,UNKNOWN,RANDOMIZED,True,DOUBLE,2.0,True,True,PARALLEL,True,active,True,,,,,False,True,False,False,False,0,False,UNDECIDED,False,
NCT05261009,2022.0,2021-2026,PHASE4,drug,2,154.0,OTHER,COMPLETED,RANDOMIZED,True,SINGLE,1.0,True,False,PARALLEL,True,active,True,152.0,150.0,0.013157894736842146,True,True,True,False,True,False,0,False,NO,False,False
NCT03908060,2019.0,2016-2020,NA,drug,2,126.0,OTHER,UNKNOWN,RANDOMIZED,True,QUADRUPLE,4.0,True,True,PARALLEL,True,active,True,,,,,False,True,False,False,False,1,True,NO,False,False
NCT05485805,2022.0,2021-2026,PHASE3,drug,5,541.0,INDUSTRY,COMPLETED,RANDOMIZED,True,QUADRUPLE,4.0,True,True,PARALLEL,True,placebo/sham,True,541.0,527.0,0.025878003696857665,True,True,True,True,True,False,0,False,NO,False,False
NCT00621530,2008.0,<=2015,PHASE2,drug,2,62.0,OTHER,TERMINATED,RANDOMIZED,True,TRIPLE,3.0,True,True,PARALLEL,True,placebo/sham,True,62.0,57.0,0.08064516129032262,True,False,True,False,True,False,1,True,NO,False,True
NCT04212611,2019.0,2016-2020,NA,drug,2,80.0,OTHER_GOV,UNKNOWN,RANDOMIZED,True,QUADRUPLE,4.0,True,True,PARALLEL,True,none/single-group,False,,,,,False,False,False,False,False,0,False,YES,True,
NCT06868589,2025.0,2021-2026,PHASE4,drug,2,50.0,OTHER,ACTIVE_NOT_RECRUITING,RANDOMIZED,True,DOUBLE,2.0,True,True,PARALLEL,False,active,True,,,,,True,True,False,False,False,0,False,NO,False,True
NCT07603934,2025.0,2021-2026,EARLY_PHASE1,drug,3,111.0,OTHER,RECRUITING,RANDOMIZED,True,DOUBLE,2.0,True,True,PARALLEL,True,active,True,,,,,False,True,True,False,False,0,False,,False,True
NCT01056042,2007.0,<=2015,PHASE4,drug,2,112.0,OTHER,COMPLETED,RANDOMIZED,True,SINGLE,1.0,True,False,PARALLEL,True,active,True,,,,,True,True,False,False,False,0,False,,False,False
NCT04749095,2021.0,2021-2026,NA,drug,2,45.0,OTHER,UNKNOWN,RANDOMIZED,True,SINGLE,1.0,True,False,PARALLEL,True,active,True,,,,,False,False,False,False,False,0,False,,False,
NCT02468128,2012.0,<=2015,PHASE2;PHASE3,drug,2,221.0,INDUSTRY,COMPLETED,RANDOMIZED,True,DOUBLE,2.0,True,True,PARALLEL,True,placebo/sham,True,221.0,209.0,0.05429864253393668,True,True,True,False,True,True,0,False,,False,False
NCT02959476,2017.0,2016-2020,PHASE3,drug,2,132.0,INDUSTRY,COMPLETED,RANDOMIZED,True,QUADRUPLE,4.0,True,True,PARALLEL,True,placebo/sham,True,,,,,True,True,False,False,False,0,False,,False,False
NCT00092326,2002.0,<=2015,PHASE3,drug,0,269.0,INDUSTRY,COMPLETED,RANDOMIZED,True,DOUBLE,2.0,True,True,PARALLEL,True,none/single-group,False,,,,,True,True,False,False,False,0,False,,False,
NCT06616441,2023.0,2021-2026,PHASE3,drug,2,80.0,OTHER,COMPLETED,RANDOMIZED,True,DOUBLE,2.0,True,True,PARALLEL,False,active,True,,,,,True,True,False,False,False,0,False,YES,True,True
NCT02586454,2015.0,<=2015,NA,both,2,64.0,OTHER_GOV,COMPLETED,RANDOMIZED,True,DOUBLE,2.0,True,True,PARALLEL,True,active,True,,,,,False,True,False,False,False,0,False,UNDECIDED,False,False
NCT06202989,2024.0,2021-2026,PHASE3,drug,2,306.0,INDUSTRY,COMPLETED,RANDOMIZED,True,QUADRUPLE,4.0,True,True,PARALLEL,True,placebo/sham,True,,,,,True,True,False,False,False,0,False,UNDECIDED,False,False
NCT03065530,2017.0,2016-2020,PHASE4,drug,4,120.0,OTHER,COMPLETED,RANDOMIZED,True,QUADRUPLE,4.0,True,True,PARALLEL,True,placebo/sham,True,120.0,114.0,0.050000000000000044,True,True,True,True,True,True,0,False,UNDECIDED,False,False
NCT01348984,2010.0,<=2015,PHASE4,drug,2,40.0,OTHER,COMPLETED,RANDOMIZED,True,QUADRUPLE,4.0,True,True,PARALLEL,False,placebo/sham,True,,,,,True,True,False,False,False,0,False,,False,False
NCT06736483,2025.0,2021-2026,PHASE2,drug,2,200.0,OTHER,RECRUITING,RANDOMIZED,True,DOUBLE,2.0,True,True,PARALLEL,True,placebo/sham,True,,,,,False,False,False,False,False,0,False,,False,False
NCT03253224,2017.0,2016-2020,PHASE4,drug,2,24.0,OTHER,TERMINATED,RANDOMIZED,True,QUADRUPLE,4.0,True,True,PARALLEL,False,placebo/sham,True,,,,,True,False,False,False,False,0,False,NO,False,False
NCT02276911,2015.0,<=2015,PHASE2,drug,2,6.0,OTHER,TERMINATED,RANDOMIZED,True,TRIPLE,3.0,True,True,PARALLEL,False,placebo/sham,True,,,,,False,True,False,False,False,0,False,NO,False,False
NCT07185724,2025.0,2021-2026,PHASE4,drug,2,200.0,OTHER,RECRUITING,RANDOMIZED,True,QUADRUPLE,4.0,True,True,PARALLEL,True,no-intervention,True,,,,,True,True,False,False,False,0,False,,False,True
NCT03955809,2013.0,<=2015,PHASE4,drug,3,75.0,OTHER,COMPLETED,RANDOMIZED,True,DOUBLE,2.0,True,True,PARALLEL,False,placebo/sham,True,,,,,True,False,True,False,False,0,False,NO,False,False
NCT07297888,2022.0,2021-2026,NA,drug,3,90.0,OTHER,COMPLETED,RANDOMIZED,True,DOUBLE,2.0,True,True,CROSSOVER,True,placebo/sham,True,,,,,False,True,True,False,False,0,False,YES,True,True
NCT05278494,2022.0,2021-2026,NA,drug,2,160.0,OTHER,RECRUITING,RANDOMIZED,True,TRIPLE,3.0,True,True,PARALLEL,True,placebo/sham,True,,,,,False,True,False,False,False,1,True,NO,False,
NCT01500109,2011.0,<=2015,NA,drug,3,45.0,OTHER,COMPLETED,RANDOMIZED,True,QUADRUPLE,4.0,True,True,PARALLEL,True,placebo/sham,True,0.0,0.0,,,False,True,True,True,False,0,False,,False,False
NCT06694077,2024.0,2021-2026,PHASE4,drug,2,80.0,OTHER,NOT_YET_RECRUITING,RANDOMIZED,True,TRIPLE,3.0,True,True,PARALLEL,False,none/single-group,False,,,,,True,True,False,False,False,0,False,NO,False,True
NCT03810547,2017.0,2016-2020,NA,drug,2,200.0,OTHER,COMPLETED,RANDOMIZED,True,DOUBLE,2.0,True,True,PARALLEL,True,active,True,,,,,False,False,False,False,False,0,False,NO,False,False
NCT06780267,2025.0,2021-2026,PHASE1;PHASE2,drug,3,199.0,INDUSTRY,COMPLETED,RANDOMIZED,True,QUADRUPLE,4.0,True,True,PARALLEL,True,active,True,,,,,False,True,True,False,False,0,False,UNDECIDED,False,
NCT07672015,2026.0,2021-2026,PHASE4,drug,2,100.0,OTHER,RECRUITING,RANDOMIZED,True,NONE,0.0,False,False,PARALLEL,True,active,True,,,,,True,True,False,False,False,0,False,UNDECIDED,False,
NCT02553551,2015.0,<=2015,NA,drug,2,320.0,OTHER,UNKNOWN,RANDOMIZED,True,TRIPLE,3.0,True,True,PARALLEL,True,placebo/sham,True,,,,,False,True,False,False,False,0,False,,False,True
NCT07213635,2025.0,2021-2026,PHASE4,drug,2,56.0,OTHER,RECRUITING,RANDOMIZED,True,DOUBLE,2.0,True,True,PARALLEL,False,placebo/sham,True,,,,,True,False,False,False,False,0,False,YES,True,False
NCT01735851,2012.0,<=2015,PHASE4,both,2,70.0,OTHER,COMPLETED,RANDOMIZED,True,NONE,0.0,False,False,PARALLEL,False,active,True,,,,,True,True,False,False,False,1,True,,False,False
NCT00529126,2007.0,<=2015,PHASE2,drug,4,100.0,INDUSTRY,COMPLETED,RANDOMIZED,True,TRIPLE,3.0,True,True,PARALLEL,True,active,True,100.0,100.0,0.0,True,False,True,True,True,False,1,True,,False,False
NCT05018091,2021.0,2021-2026,PHASE4,drug,3,404.0,OTHER,COMPLETED,RANDOMIZED,True,TRIPLE,3.0,True,True,PARALLEL,True,active,True,,,,,True,False,True,False,False,0,False,NO,False,False
NCT06601530,2022.0,2021-2026,PHASE4,both,2,46.0,OTHER,COMPLETED,RANDOMIZED,True,DOUBLE,2.0,True,True,PARALLEL,False,active,True,,,,,True,True,False,False,False,0,False,YES,True,False
NCT07401134,2026.0,2021-2026,PHASE4,drug,2,70.0,OTHER,RECRUITING,RANDOMIZED,True,NONE,0.0,False,False,PARALLEL,False,no-intervention,True,,,,,True,False,False,False,False,0,False,NO,False,False
NCT06489626,2025.0,2021-2026,PHASE4,drug,2,0.0,OTHER,WITHDRAWN,RANDOMIZED,True,SINGLE,1.0,True,False,PARALLEL,False,active,True,,,,,True,True,False,False,False,0,False,NO,False,
NCT06129643,2022.0,2021-2026,PHASE2,both,3,45.0,OTHER,COMPLETED,RANDOMIZED,True,DOUBLE,2.0,True,True,PARALLEL,False,active,True,,,,,False,True,True,False,False,0,False,,False,False
NCT04947007,2021.0,2021-2026,NA,drug,4,132.0,OTHER,COMPLETED,RANDOMIZED,True,TRIPLE,3.0,True,True,PARALLEL,True,active,True,,,,,False,False,True,False,False,0,False,,False,False
NCT05324761,2022.0,2021-2026,PHASE4,drug,2,60.0,OTHER,COMPLETED,RANDOMIZED,True,NONE,0.0,False,False,PARALLEL,False,active,True,,,,,True,True,False,False,False,0,False,NO,False,False
NCT06434233,2024.0,2021-2026,PHASE4,drug,2,38.0,OTHER,RECRUITING,RANDOMIZED,True,NONE,0.0,False,False,PARALLEL,False,active,True,,,,,True,False,False,False,False,0,False,,False,
NCT06084403,2023.0,2021-2026,NA,drug,3,90.0,OTHER_GOV,COMPLETED,RANDOMIZED,True,DOUBLE,2.0,True,True,PARALLEL,True,active,True,,,,,False,True,True,False,False,1,True,NO,False,False
NCT07269106,2026.0,2021-2026,PHASE4,drug,2,204.0,OTHER,RECRUITING,RANDOMIZED,True,QUADRUPLE,4.0,True,True,PARALLEL,True,active,True,,,,,True,True,False,False,True,0,False,NO,False,False
NCT06632184,2025.0,2021-2026,PHASE4,drug,2,40.0,OTHER_GOV,ACTIVE_NOT_RECRUITING,RANDOMIZED,True,QUADRUPLE,4.0,True,True,PARALLEL,False,active,True,,,,,True,True,False,False,True,0,False,UNDECIDED,False,True
NCT03907813,2019.0,2016-2020,PHASE4,drug,2,0.0,OTHER,WITHDRAWN,RANDOMIZED,True,QUADRUPLE,4.0,True,True,PARALLEL,False,placebo/sham,True,,,,,True,True,False,False,False,0,False,NO,False,False
NCT02017314,2013.0,<=2015,PHASE4,drug,5,100.0,OTHER,UNKNOWN,NON_RANDOMIZED,False,NONE,0.0,False,False,PARALLEL,True,active,True,,,,,True,True,True,False,False,0,False,,False,True
NCT03669081,2016.0,2016-2020,PHASE2,drug,2,64.0,OTHER,COMPLETED,RANDOMIZED,True,TRIPLE,3.0,True,True,PARALLEL,True,placebo/sham,True,64.0,62.0,0.03125,True,False,False,False,True,False,1,True,,False,True
NCT03719261,2018.0,2016-2020,PHASE2;PHASE3,drug,2,24.0,OTHER,UNKNOWN,RANDOMIZED,True,DOUBLE,2.0,True,True,PARALLEL,False,active,True,,,,,True,True,False,False,False,0,False,NO,False,True
NCT02773602,2011.0,<=2015,PHASE4,drug,3,155.0,OTHER,UNKNOWN,RANDOMIZED,True,DOUBLE,2.0,True,True,PARALLEL,True,placebo/sham,True,,,,,True,True,True,False,False,0,False,,False,False
NCT02426164,2015.0,<=2015,PHASE4,drug,2,0.0,OTHER,WITHDRAWN,RANDOMIZED,True,DOUBLE,2.0,True,True,PARALLEL,False,active,True,,,,,True,True,False,False,False,0,False,,False,
NCT02067338,2012.0,<=2015,PHASE4,drug,2,19.0,OTHER,COMPLETED,RANDOMIZED,True,DOUBLE,2.0,True,True,PARALLEL,False,placebo/sham,True,,,,,True,True,False,False,False,0,False,,False,False
NCT02263222,2016.0,2016-2020,PHASE2,drug,1,0.0,INDUSTRY,WITHDRAWN,NA,False,NONE,0.0,False,False,SINGLE_GROUP,False,none/single-group,False,,,,,False,True,False,False,False,0,False,,False,True
NCT05661253,2022.0,2021-2026,NA,drug,3,99.0,OTHER_GOV,UNKNOWN,RANDOMIZED,True,TRIPLE,3.0,True,True,PARALLEL,True,active,True,,,,,False,True,True,False,False,1,True,NO,False,
NCT03604354,2018.0,2016-2020,PHASE4,drug,2,95.0,OTHER,COMPLETED,RANDOMIZED,True,QUADRUPLE,4.0,True,True,PARALLEL,False,active,True,,,,,True,False,False,False,True,0,False,NO,False,False
NCT02687451,2016.0,2016-2020,PHASE3,drug,3,28.0,INDUSTRY,TERMINATED,RANDOMIZED,True,QUADRUPLE,4.0,True,True,PARALLEL,False,placebo/sham,True,28.0,26.0,0.0714285714285714,True,True,True,True,True,False,0,False,,False,True
NCT06006624,2023.0,2021-2026,PHASE4,drug,2,154.0,OTHER,UNKNOWN,RANDOMIZED,True,DOUBLE,2.0,True,True,PARALLEL,True,active,True,,,,,True,True,False,False,False,1,True,,False,
NCT03468920,2018.0,2016-2020,PHASE4,drug,2,120.0,OTHER,COMPLETED,RANDOMIZED,True,QUADRUPLE,4.0,True,True,PARALLEL,True,active,True,120.0,120.0,0.0,True,True,True,False,True,False,0,False,NO,False,False
NCT07350668,2025.0,2021-2026,PHASE3,drug,2,60.0,OTHER,COMPLETED,RANDOMIZED,True,TRIPLE,3.0,True,True,PARALLEL,False,active,True,,,,,True,True,False,False,False,0,False,NO,False,
NCT03149783,2018.0,2016-2020,PHASE2,drug,2,80.0,OTHER,UNKNOWN,RANDOMIZED,True,QUADRUPLE,4.0,True,True,PARALLEL,True,placebo/sham,True,,,,,False,False,False,False,False,0,False,NO,False,True
NCT05664542,2022.0,2021-2026,PHASE4,drug,2,42.0,OTHER,UNKNOWN,RANDOMIZED,True,QUADRUPLE,4.0,True,True,PARALLEL,False,no-intervention,True,,,,,True,False,False,False,False,0,False,YES,True,True
NCT02930707,2016.0,2016-2020,PHASE2;PHASE3,drug,2,60.0,OTHER,UNKNOWN,RANDOMIZED,True,TRIPLE,3.0,True,True,CROSSOVER,False,placebo/sham,True,,,,,True,True,False,False,False,1,True,,False,True
NCT06584188,2026.0,2021-2026,PHASE2,drug,1,60.0,OTHER,NOT_YET_RECRUITING,NA,False,NONE,0.0,False,False,SEQUENTIAL,True,none/single-group,False,,,,,False,True,False,False,False,0,False,UNDECIDED,False,
NCT01307215,2011.0,<=2015,NA,drug,3,31.0,OTHER,COMPLETED,RANDOMIZED,True,TRIPLE,3.0,True,True,SINGLE_GROUP,True,none/single-group,False,,,,,False,False,True,False,False,1,True,,False,False
NCT05608733,2022.0,2021-2026,PHASE3,drug,2,112.0,OTHER,UNKNOWN,RANDOMIZED,True,TRIPLE,3.0,True,True,PARALLEL,True,active,True,,,,,True,False,False,False,False,0,False,NO,False,False
NCT00968903,2010.0,<=2015,PHASE4,drug,2,48.0,OTHER,COMPLETED,RANDOMIZED,True,QUADRUPLE,4.0,True,True,PARALLEL,False,placebo/sham,True,,,,,True,False,False,False,False,0,False,,False,False
NCT04719585,2021.0,2021-2026,NA,drug,2,160.0,OTHER,UNKNOWN,RANDOMIZED,True,DOUBLE,2.0,True,True,PARALLEL,True,active,True,,,,,False,True,False,False,False,0,False,NO,False,False
NCT01562483,2012.0,<=2015,PHASE2,drug,2,36.0,OTHER,COMPLETED,RANDOMIZED,True,TRIPLE,3.0,True,True,PARALLEL,False,placebo/sham,True,,,,,False,True,False,False,False,1,True,,False,False
NCT01836614,2015.0,<=2015,PHASE1;PHASE2,drug,2,0.0,OTHER,WITHDRAWN,RANDOMIZED,True,TRIPLE,3.0,True,True,PARALLEL,False,placebo/sham,True,,,,,False,True,False,False,False,0,False,,False,True
NCT02381353,2015.0,<=2015,PHASE4,drug,2,88.0,OTHER,ACTIVE_NOT_RECRUITING,RANDOMIZED,True,QUADRUPLE,4.0,True,True,PARALLEL,False,active,True,,,,,True,False,False,False,False,0,False,YES,True,False
NCT04995497,2021.0,2021-2026,PHASE2,drug,2,70.0,OTHER,COMPLETED,RANDOMIZED,True,NONE,0.0,False,False,PARALLEL,True,active,True,70.0,57.0,0.18571428571428572,True,False,True,False,True,False,0,False,NO,False,False
NCT04808544,2021.0,2021-2026,PHASE2;PHASE3,drug,2,80.0,OTHER,COMPLETED,RANDOMIZED,True,QUADRUPLE,4.0,True,True,PARALLEL,False,placebo/sham,True,,,,,True,True,False,False,False,0,False,NO,False,False
NCT03802864,2019.0,2016-2020,PHASE4,drug,2,50.0,OTHER,COMPLETED,RANDOMIZED,True,TRIPLE,3.0,True,True,PARALLEL,False,active,True,50.0,50.0,0.0,True,True,True,False,True,False,0,False,NO,False,
NCT02248493,2012.0,<=2015,PHASE4,drug,2,54.0,OTHER,COMPLETED,RANDOMIZED,True,TRIPLE,3.0,True,True,PARALLEL,False,placebo/sham,True,,,,,True,True,False,False,False,0,False,,False,False
NCT03523000,2017.0,2016-2020,PHASE4,both,2,36.0,OTHER,COMPLETED,RANDOMIZED,True,TRIPLE,3.0,True,True,CROSSOVER,False,placebo/sham,True,36.0,31.0,0.13888888888888884,True,True,True,False,True,False,1,True,NO,False,False
NCT02100748,2014.0,<=2015,PHASE2,drug,6,333.0,INDUSTRY,COMPLETED,RANDOMIZED,True,TRIPLE,3.0,True,True,PARALLEL,True,placebo/sham,True,333.0,313.0,0.06006006006006004,True,False,True,True,True,False,0,False,,False,True
NCT03471442,2018.0,2016-2020,NA,both,2,48.0,OTHER,COMPLETED,RANDOMIZED,True,TRIPLE,3.0,True,True,PARALLEL,True,active,True,,,,,False,True,False,False,False,0,False,NO,False,False
NCT07171125,2025.0,2021-2026,PHASE4,drug,2,204.0,OTHER,COMPLETED,RANDOMIZED,True,DOUBLE,2.0,True,True,PARALLEL,True,active,True,,,,,True,True,False,False,False,0,False,NO,False,True
NCT03502642,2017.0,2016-2020,PHASE4,both,2,60.0,OTHER,COMPLETED,RANDOMIZED,True,TRIPLE,3.0,True,True,PARALLEL,False,placebo/sham,True,,,,,True,True,False,False,False,0,False,NO,False,False
NCT00845754,1999.0,<=2015,NA,drug,2,112.0,INDIV,COMPLETED,RANDOMIZED,True,DOUBLE,2.0,True,True,SINGLE_GROUP,True,placebo/sham,True,,,,,False,True,False,False,False,0,False,,False,
NCT06420388,2023.0,2021-2026,NA,drug,2,400.0,OTHER,UNKNOWN,RANDOMIZED,True,QUADRUPLE,4.0,True,True,PARALLEL,True,placebo/sham,True,,,,,False,True,False,False,False,0,False,YES,True,False
NCT03519633,2018.0,2016-2020,PHASE2,drug,2,238.0,OTHER,COMPLETED,RANDOMIZED,True,TRIPLE,3.0,True,True,PARALLEL,True,active,True,,,,,False,False,False,False,False,0,False,NO,False,False
NCT04254692,2021.0,2021-2026,PHASE4,drug,2,2.0,OTHER,TERMINATED,RANDOMIZED,True,DOUBLE,2.0,True,True,PARALLEL,False,active,True,2.0,2.0,0.0,True,True,True,False,True,False,0,False,NO,False,False
NCT05484648,2023.0,2021-2026,PHASE4,drug,3,60.0,OTHER,UNKNOWN,RANDOMIZED,True,QUADRUPLE,4.0,True,True,PARALLEL,False,no-intervention,True,,,,,True,True,True,False,False,0,False,NO,False,False
NCT05248724,2017.0,2016-2020,NA,drug,2,44.0,OTHER,COMPLETED,RANDOMIZED,True,SINGLE,1.0,True,False,PARALLEL,True,placebo/sham,True,,,,,False,True,False,False,False,0,False,NO,False,False
NCT06189781,2023.0,2021-2026,PHASE4,drug,2,90.0,OTHER,RECRUITING,RANDOMIZED,True,SINGLE,1.0,True,False,PARALLEL,False,active,True,,,,,True,True,False,False,False,0,False,NO,False,
NCT00694369,2008.0,<=2015,PHASE3,drug,5,588.0,INDUSTRY,COMPLETED,RANDOMIZED,True,DOUBLE,2.0,True,True,PARALLEL,True,placebo/sham,True,588.0,573.0,0.025510204081632626,True,True,True,True,True,False,1,True,,False,False
NCT06863064,2025.0,2021-2026,NA,drug,1,140.0,OTHER,NOT_YET_RECRUITING,NA,False,NONE,0.0,False,False,SINGLE_GROUP,True,none/single-group,False,,,,,False,False,False,False,False,0,False,,False,False
NCT04493463,2020.0,2016-2020,PHASE4,drug,2,132.0,OTHER,COMPLETED,RANDOMIZED,True,SINGLE,1.0,True,False,PARALLEL,True,active,True,,,,,True,False,False,False,False,0,False,YES,True,True
NCT03149432,2017.0,2016-2020,NA,both,2,30.0,OTHER,COMPLETED,RANDOMIZED,True,SINGLE,1.0,True,False,PARALLEL,True,active,True,,,,,False,True,False,False,False,1,True,UNDECIDED,False,True
NCT07164664,2025.0,2021-2026,NA,both,2,60.0,OTHER,COMPLETED,RANDOMIZED,True,QUADRUPLE,4.0,True,True,PARALLEL,True,active,True,,,,,False,True,False,False,False,0,False,,False,False
NCT04781075,2017.0,2016-2020,PHASE4,drug,2,76.0,OTHER,COMPLETED,RANDOMIZED,True,SINGLE,1.0,True,False,PARALLEL,False,active,True,,,,,True,True,False,False,False,1,True,NO,False,False
NCT04198233,2020.0,2016-2020,PHASE4,drug,2,130.0,OTHER,UNKNOWN,RANDOMIZED,True,TRIPLE,3.0,True,True,PARALLEL,True,placebo/sham,True,,,,,True,False,False,False,False,1,True,,False,False
NCT02255591,2015.0,<=2015,PHASE4,drug,2,20.0,OTHER,COMPLETED,RANDOMIZED,True,DOUBLE,2.0,True,True,CROSSOVER,False,active,True,,,,,True,True,False,False,False,1,True,,False,True
NCT07176065,2025.0,2021-2026,PHASE4,drug,2,60.0,OTHER,NOT_YET_RECRUITING,RANDOMIZED,True,TRIPLE,3.0,True,True,SINGLE_GROUP,False,active,True,,,,,True,True,False,False,False,0,False,YES,True,False
NCT03414593,2018.0,2016-2020,NA,drug,2,20.0,OTHER,UNKNOWN,RANDOMIZED,True,DOUBLE,2.0,True,True,PARALLEL,False,active,True,,,,,False,False,False,False,False,0,False,,False,
NCT01435577,2011.0,<=2015,PHASE2,drug,2,177.0,INDUSTRY,COMPLETED,RANDOMIZED,True,TRIPLE,3.0,True,True,PARALLEL,True,placebo/sham,True,129.0,60.0,0.5348837209302326,False,False,True,False,True,False,0,False,,False,False
NCT00388011,2005.0,<=2015,PHASE2,drug,6,187.0,INDUSTRY,COMPLETED,RANDOMIZED,True,QUADRUPLE,4.0,True,True,PARALLEL,True,placebo/sham,True,,,,,False,True,True,False,False,0,False,,False,False
NCT03428984,2018.0,2016-2020,PHASE1,drug,2,5.0,INDUSTRY,TERMINATED,RANDOMIZED,True,NONE,0.0,False,False,PARALLEL,False,none/single-group,False,,,,,False,True,False,False,False,0,False,,False,True
NCT05622656,2022.0,2021-2026,PHASE4,drug,2,80.0,OTHER,UNKNOWN,RANDOMIZED,True,TRIPLE,3.0,True,True,PARALLEL,False,placebo/sham,True,,,,,True,False,False,False,False,0,False,,False,False
NCT02324933,2014.0,<=2015,PHASE4,drug,2,0.0,OTHER,WITHDRAWN,RANDOMIZED,True,TRIPLE,3.0,True,True,PARALLEL,False,active,True,,,,,True,True,False,False,False,0,False,,False,False
NCT02558010,2016.0,2016-2020,PHASE3,drug,2,58.0,OTHER,COMPLETED,RANDOMIZED,True,QUADRUPLE,4.0,True,True,SINGLE_GROUP,False,active,True,58.0,47.0,0.18965517241379315,True,True,True,False,True,False,0,False,,False,False
NCT05831345,2023.0,2021-2026,PHASE3,drug,2,80.0,OTHER,RECRUITING,RANDOMIZED,True,DOUBLE,2.0,True,True,PARALLEL,False,active,True,,,,,True,False,False,False,False,0,False,NO,False,False
NCT03108482,2017.0,2016-2020,PHASE3,drug,4,637.0,INDUSTRY,COMPLETED,RANDOMIZED,True,TRIPLE,3.0,True,True,PARALLEL,True,placebo/sham,True,637.0,628.0,0.014128728414442682,True,True,True,True,True,False,2,True,NO,False,False
NCT03955211,2019.0,2016-2020,PHASE2,both,2,25.0,INDUSTRY,COMPLETED,NON_RANDOMIZED,False,NONE,0.0,False,False,SINGLE_GROUP,False,none/single-group,False,,,,,False,True,False,False,False,0,False,,False,
NCT06410911,2024.0,2021-2026,NA,both,2,100.0,OTHER,UNKNOWN,RANDOMIZED,True,NONE,0.0,False,False,PARALLEL,True,active,True,,,,,False,False,False,False,False,0,False,NO,False,False
NCT05657704,2022.0,2021-2026,PHASE4,drug,3,300.0,OTHER,UNKNOWN,RANDOMIZED,True,NONE,0.0,False,False,PARALLEL,True,no-intervention,True,,,,,True,True,True,False,False,0,False,NO,False,False
NCT06513208,2026.0,2021-2026,PHASE4,drug,2,140.0,OTHER,RECRUITING,RANDOMIZED,True,TRIPLE,3.0,True,True,PARALLEL,True,placebo/sham,True,,,,,True,True,False,False,False,0,False,NO,False,False
NCT01802411,2012.0,<=2015,PHASE3,drug,2,191.0,INDUSTRY,COMPLETED,RANDOMIZED,True,QUADRUPLE,4.0,True,True,PARALLEL,True,placebo/sham,True,191.0,156.0,0.18324607329842935,True,True,True,False,True,False,0,False,,False,True
NCT06608056,2024.0,2021-2026,NA,drug,2,60.0,OTHER,COMPLETED,RANDOMIZED,True,DOUBLE,2.0,True,True,PARALLEL,True,none/single-group,False,,,,,False,False,False,False,False,0,False,NO,False,False
NCT03622489,2017.0,2016-2020,PHASE4,drug,3,120.0,OTHER_GOV,UNKNOWN,RANDOMIZED,True,NONE,0.0,False,False,PARALLEL,True,none/single-group,False,,,,,True,True,True,False,False,1,True,NO,False,False
NCT00806247,2005.0,<=2015,PHASE2,drug,0,480.0,INDUSTRY,COMPLETED,RANDOMIZED,True,DOUBLE,2.0,True,True,PARALLEL,True,none/single-group,False,,,,,False,True,False,False,False,0,False,,False,
NCT03677817,2019.0,2016-2020,PHASE3,drug,2,113.0,OTHER,COMPLETED,RANDOMIZED,True,DOUBLE,2.0,True,True,PARALLEL,True,placebo/sham,True,,,,,True,True,False,False,False,1,True,,False,False
NCT04369950,2020.0,2016-2020,PHASE4,drug,2,44.0,OTHER,COMPLETED,RANDOMIZED,True,SINGLE,1.0,True,False,PARALLEL,False,active,True,44.0,40.0,0.09090909090909094,True,True,True,False,True,False,1,True,NO,False,False
NCT05929937,2023.0,2021-2026,PHASE4,drug,2,904.0,OTHER,ACTIVE_NOT_RECRUITING,RANDOMIZED,True,NONE,0.0,False,False,PARALLEL,True,none/single-group,False,,,,,True,False,False,False,False,0,False,NO,False,False
NCT06795594,2025.0,2021-2026,NA,both,2,80.0,OTHER,COMPLETED,RANDOMIZED,True,TRIPLE,3.0,True,True,PARALLEL,True,placebo/sham,True,,,,,False,True,False,False,False,0,False,NO,False,True
NCT02279628,2014.0,<=2015,PHASE4,drug,3,150.0,OTHER,UNKNOWN,RANDOMIZED,True,TRIPLE,3.0,True,True,PARALLEL,True,active,True,,,,,True,True,True,False,False,1,True,,False,False
NCT00849966,2009.0,<=2015,PHASE2,drug,2,282.0,OTHER,COMPLETED,RANDOMIZED,True,QUADRUPLE,4.0,True,True,PARALLEL,True,placebo/sham,True,,,,,False,True,False,False,False,1,True,,False,True
NCT03767816,2018.0,2016-2020,NA,drug,2,60.0,OTHER,COMPLETED,RANDOMIZED,True,TRIPLE,3.0,True,True,PARALLEL,True,active,True,,,,,False,False,False,False,False,0,False,,False,
NCT05671172,2023.0,2021-2026,NA,drug,3,114.0,OTHER,COMPLETED,RANDOMIZED,True,DOUBLE,2.0,True,True,PARALLEL,True,placebo/sham,True,,,,,False,False,True,False,False,0,False,NO,False,False
NCT05071118,2021.0,2021-2026,PHASE4,drug,2,70.0,OTHER,COMPLETED,RANDOMIZED,True,QUADRUPLE,4.0,True,True,PARALLEL,False,active,True,,,,,True,True,False,False,False,0,False,,False,
NCT06281418,2024.0,2021-2026,PHASE3,drug,2,46.0,OTHER,COMPLETED,RANDOMIZED,True,QUADRUPLE,4.0,True,True,PARALLEL,False,placebo/sham,True,,,,,True,True,False,False,False,1,True,NO,False,False
NCT03745040,2019.0,2016-2020,PHASE4,drug,2,60.0,OTHER,SUSPENDED,RANDOMIZED,True,SINGLE,1.0,True,False,PARALLEL,False,no-intervention,True,,,,,True,True,False,False,False,0,False,NO,False,True
NCT00472446,2006.0,<=2015,PHASE2;PHASE3,drug,4,183.0,OTHER,COMPLETED,RANDOMIZED,True,QUADRUPLE,4.0,True,True,PARALLEL,True,placebo/sham,True,183.0,159.0,0.1311475409836066,True,True,False,True,True,True,0,False,NO,False,False
NCT01760174,2016.0,2016-2020,NA,drug,2,0.0,OTHER,WITHDRAWN,RANDOMIZED,True,QUADRUPLE,4.0,True,True,PARALLEL,False,active,True,,,,,False,True,False,False,False,0,False,,False,False
NCT02439281,2015.0,<=2015,NA,drug,2,50.0,OTHER,TERMINATED,RANDOMIZED,True,QUADRUPLE,4.0,True,True,PARALLEL,True,active,True,50.0,50.0,0.0,True,False,True,False,True,False,1,True,NO,False,True
NCT04182828,2019.0,2016-2020,PHASE4,drug,2,120.0,OTHER,UNKNOWN,RANDOMIZED,True,TRIPLE,3.0,True,True,PARALLEL,True,placebo/sham,True,,,,,True,False,False,False,False,0,False,NO,False,False
NCT03607227,2018.0,2016-2020,PHASE4,drug,2,24.0,OTHER,COMPLETED,RANDOMIZED,True,TRIPLE,3.0,True,True,PARALLEL,False,placebo/sham,True,,,,,True,True,False,False,False,0,False,NO,False,False
NCT04747171,2021.0,2021-2026,NA,drug,3,105.0,OTHER,UNKNOWN,RANDOMIZED,True,SINGLE,1.0,True,False,PARALLEL,True,active,True,,,,,False,False,True,False,False,0,False,,False,
NCT03763734,2019.0,2016-2020,PHASE4,drug,2,88.0,OTHER,COMPLETED,RANDOMIZED,True,QUADRUPLE,4.0,True,True,PARALLEL,False,active,True,,,,,True,True,False,False,False,1,True,NO,False,True
NCT06936995,2025.0,2021-2026,NA,both,2,62.0,OTHER,RECRUITING,RANDOMIZED,True,DOUBLE,2.0,True,True,PARALLEL,True,active,True,,,,,False,True,False,False,False,0,False,NO,False,False
NCT03270033,2017.0,2016-2020,PHASE4,drug,3,198.0,OTHER,COMPLETED,RANDOMIZED,True,QUADRUPLE,4.0,True,True,PARALLEL,True,active,True,,,,,True,True,True,False,False,1,True,,False,False
NCT02957097,2019.0,2016-2020,PHASE4,drug,2,0.0,OTHER,WITHDRAWN,RANDOMIZED,True,TRIPLE,3.0,True,True,PARALLEL,False,placebo/sham,True,,,,,True,True,False,False,False,0,False,UNDECIDED,False,True
NCT05117281,2021.0,2021-2026,NA,drug,2,60.0,OTHER,COMPLETED,RANDOMIZED,True,TRIPLE,3.0,True,True,PARALLEL,True,active,True,,,,,False,False,False,False,False,0,False,,False,False
NCT02601651,2015.0,<=2015,PHASE4,drug,2,64.0,OTHER,COMPLETED,RANDOMIZED,True,TRIPLE,3.0,True,True,PARALLEL,False,placebo/sham,True,,,,,True,True,False,False,False,1,True,,False,True
NCT03196505,2017.0,2016-2020,PHASE4,drug,2,231.0,OTHER,COMPLETED,RANDOMIZED,True,QUADRUPLE,4.0,True,True,PARALLEL,True,active,True,231.0,179.0,0.22510822510822515,False,True,True,False,True,True,0,False,NO,False,True
NCT06893601,2020.0,2016-2020,PHASE2,drug,2,80.0,OTHER,COMPLETED,RANDOMIZED,True,QUADRUPLE,4.0,True,True,PARALLEL,True,placebo/sham,True,,,,,False,False,False,False,True,0,False,NO,False,False
NCT07603921,2026.0,2021-2026,NA,drug,2,100.0,OTHER,RECRUITING,RANDOMIZED,True,QUADRUPLE,4.0,True,True,PARALLEL,True,active,True,,,,,False,False,False,False,False,0,False,YES,True,True
NCT05569590,2021.0,2021-2026,NA,drug,3,90.0,OTHER,COMPLETED,RANDOMIZED,True,DOUBLE,2.0,True,True,PARALLEL,True,active,True,,,,,False,False,True,False,False,0,False,NO,False,True
NCT00133133,2005.0,<=2015,PHASE2,drug,0,40.0,INDUSTRY,COMPLETED,RANDOMIZED,True,DOUBLE,2.0,True,True,PARALLEL,False,none/single-group,False,,,,,False,True,False,False,False,0,False,,False,
NCT07313553,2026.0,2021-2026,NA,drug,2,60.0,OTHER,NOT_YET_RECRUITING,RANDOMIZED,True,DOUBLE,2.0,True,True,PARALLEL,True,placebo/sham,True,,,,,False,True,False,False,False,0,False,,False,False
NCT07688031,2023.0,2021-2026,PHASE4,drug,2,74.0,OTHER,COMPLETED,RANDOMIZED,True,TRIPLE,3.0,True,True,PARALLEL,False,placebo/sham,True,,,,,True,True,False,False,False,0,False,NO,False,False
NCT05466604,2019.0,2016-2020,PHASE4,drug,4,60.0,OTHER,COMPLETED,RANDOMIZED,True,DOUBLE,2.0,True,True,PARALLEL,False,no-intervention,True,,,,,True,False,True,False,False,1,True,NO,False,False
NCT07555821,2026.0,2021-2026,PHASE2;PHASE3,drug,2,20.0,OTHER,NOT_YET_RECRUITING,RANDOMIZED,True,QUADRUPLE,4.0,True,True,FACTORIAL,False,none/single-group,False,,,,,True,False,False,False,False,0,False,NO,False,True
NCT01671800,2008.0,<=2015,PHASE1,drug,2,20.0,OTHER,COMPLETED,RANDOMIZED,True,DOUBLE,2.0,True,True,PARALLEL,False,placebo/sham,True,,,,,False,True,False,False,False,0,False,,False,False
NCT05431322,2022.0,2021-2026,NA,drug,2,73.0,OTHER,COMPLETED,RANDOMIZED,True,SINGLE,1.0,True,False,PARALLEL,True,no-intervention,True,,,,,False,True,False,False,False,0,False,,False,False
NCT04964622,2021.0,2021-2026,PHASE1;PHASE2,drug,2,50.0,OTHER,COMPLETED,RANDOMIZED,True,DOUBLE,2.0,True,True,PARALLEL,True,placebo/sham,True,,,,,False,False,False,False,True,0,False,NO,False,
NCT05478044,2022.0,2021-2026,NA,drug,2,30.0,OTHER,UNKNOWN,RANDOMIZED,True,SINGLE,1.0,True,False,PARALLEL,True,placebo/sham,True,,,,,False,True,False,False,False,0,False,,False,True
NCT05401916,2022.0,2021-2026,NA,drug,2,2.0,OTHER,COMPLETED,RANDOMIZED,True,SINGLE,1.0,True,False,PARALLEL,False,active,True,,,,,False,True,False,False,True,0,False,NO,False,True
NCT04529356,2020.0,2016-2020,NA,both,3,200.0,OTHER,UNKNOWN,RANDOMIZED,True,SINGLE,1.0,True,False,PARALLEL,True,placebo/sham,True,,,,,False,True,True,False,False,0,False,,False,
NCT00564603,2007.0,<=2015,PHASE4,drug,2,300.0,OTHER,COMPLETED,RANDOMIZED,True,QUADRUPLE,4.0,True,True,PARALLEL,True,placebo/sham,True,,,,,True,True,False,False,False,0,False,,False,True
NCT04203537,2019.0,2016-2020,PHASE1;PHASE2,drug,4,193.0,INDUSTRY,COMPLETED,RANDOMIZED,True,QUADRUPLE,4.0,True,True,SEQUENTIAL,True,placebo/sham,True,193.0,193.0,0.0,True,False,True,True,True,False,0,False,NO,False,True
NCT01858402,2009.0,<=2015,PHASE2,drug,2,2.0,OTHER,COMPLETED,RANDOMIZED,True,DOUBLE,2.0,True,True,CROSSOVER,False,active,True,,,,,False,True,False,False,False,1,True,,False,True
NCT00672100,2009.0,<=2015,NA,drug,3,36.0,OTHER,COMPLETED,RANDOMIZED,True,TRIPLE,3.0,True,True,PARALLEL,True,active,True,36.0,36.0,0.0,True,False,True,True,True,True,0,False,,False,False
NCT02915978,2016.0,2016-2020,PHASE2,drug,3,45.0,INDUSTRY,COMPLETED,RANDOMIZED,True,DOUBLE,2.0,True,True,PARALLEL,False,placebo/sham,True,45.0,42.0,0.06666666666666665,True,False,True,True,True,False,0,False,,False,False
NCT02707874,2014.0,<=2015,PHASE4,drug,2,60.0,OTHER,UNKNOWN,RANDOMIZED,True,DOUBLE,2.0,True,True,PARALLEL,False,active,True,,,,,True,True,False,False,False,1,True,YES,True,False
NCT06817239,2025.0,2021-2026,NA,drug,2,1670.0,OTHER,RECRUITING,RANDOMIZED,True,DOUBLE,2.0,True,True,PARALLEL,True,placebo/sham,True,,,,,False,False,False,False,False,0,False,NO,False,True
NCT04708353,2020.0,2016-2020,NA,drug,3,90.0,OTHER_GOV,UNKNOWN,RANDOMIZED,True,DOUBLE,2.0,True,True,PARALLEL,True,placebo/sham,True,,,,,False,True,True,False,False,0,False,YES,True,
NCT02291705,2012.0,<=2015,PHASE4,both,2,40.0,OTHER,COMPLETED,RANDOMIZED,True,SINGLE,1.0,True,False,PARALLEL,False,active,True,,,,,True,True,False,False,False,0,False,,False,False
NCT02728310,2012.0,<=2015,PHASE3,drug,2,96.0,OTHER,TERMINATED,RANDOMIZED,True,TRIPLE,3.0,True,True,PARALLEL,False,placebo/sham,True,,,,,True,False,False,False,True,0,False,NO,False,True
NCT03918187,2019.0,2016-2020,PHASE1,drug,3,90.0,OTHER_GOV,COMPLETED,RANDOMIZED,True,DOUBLE,2.0,True,True,PARALLEL,True,active,True,,,,,False,False,True,False,False,1,True,UNDECIDED,False,
NCT04812028,2021.0,2021-2026,PHASE2,drug,2,66.0,OTHER,COMPLETED,NON_RANDOMIZED,False,NONE,0.0,False,False,PARALLEL,True,no-intervention,True,66.0,66.0,0.0,True,False,True,False,True,False,0,False,NO,False,False
NCT03231215,2016.0,2016-2020,NA,drug,2,50.0,OTHER,COMPLETED,RANDOMIZED,True,SINGLE,1.0,True,False,PARALLEL,True,placebo/sham,True,,,,,False,True,False,False,False,0,False,,False,True
NCT01918917,2011.0,<=2015,PHASE4,drug,2,60.0,OTHER,COMPLETED,RANDOMIZED,True,QUADRUPLE,4.0,True,True,PARALLEL,False,active,True,,,,,True,True,False,False,False,0,False,,False,True
NCT02731950,2015.0,<=2015,NA,drug,2,40.0,OTHER,COMPLETED,RANDOMIZED,True,DOUBLE,2.0,True,True,PARALLEL,True,active,True,,,,,False,False,False,False,False,0,False,UNDECIDED,False,True
NCT07643506,2026.0,2021-2026,EARLY_PHASE1,drug,2,60.0,OTHER,NOT_YET_RECRUITING,RANDOMIZED,True,TRIPLE,3.0,True,True,PARALLEL,True,placebo/sham,True,,,,,False,False,False,False,False,0,False,UNDECIDED,False,False
NCT01977937,2013.0,<=2015,PHASE4,drug,2,55.0,OTHER,COMPLETED,RANDOMIZED,True,QUADRUPLE,4.0,True,True,PARALLEL,False,placebo/sham,True,55.0,50.0,0.09090909090909094,True,True,True,False,True,True,0,False,NO,False,True
NCT03967847,2019.0,2016-2020,PHASE3,drug,2,44.0,OTHER,COMPLETED,RANDOMIZED,True,NONE,0.0,False,False,PARALLEL,False,no-intervention,True,44.0,44.0,0.0,True,True,True,False,True,False,0,False,NO,False,
NCT05074628,2021.0,2021-2026,EARLY_PHASE1,drug,2,38.0,OTHER,UNKNOWN,RANDOMIZED,True,DOUBLE,2.0,True,True,PARALLEL,True,active,True,,,,,False,True,False,False,False,0,False,UNDECIDED,False,
NCT02997215,2016.0,2016-2020,PHASE4,drug,2,80.0,OTHER,UNKNOWN,RANDOMIZED,True,QUADRUPLE,4.0,True,True,PARALLEL,False,placebo/sham,True,,,,,True,True,False,False,False,0,False,YES,True,True
NCT04967664,2021.0,2021-2026,PHASE3,drug,2,409.0,INDUSTRY,COMPLETED,RANDOMIZED,True,QUADRUPLE,4.0,True,True,PARALLEL,True,active,True,,,,,True,True,False,False,False,0,False,,False,False
NCT00092313,2002.0,<=2015,PHASE3,drug,0,271.0,INDUSTRY,COMPLETED,RANDOMIZED,True,DOUBLE,2.0,True,True,PARALLEL,True,none/single-group,False,,,,,True,True,False,False,False,0,False,,False,
NCT07102641,2025.0,2021-2026,PHASE4,drug,2,825.0,OTHER,RECRUITING,RANDOMIZED,True,NONE,0.0,False,False,PARALLEL,True,active,True,,,,,True,True,False,False,False,0,False,NO,False,False
NCT02205580,2014.0,<=2015,PHASE4,drug,3,60.0,OTHER,UNKNOWN,RANDOMIZED,True,DOUBLE,2.0,True,True,PARALLEL,False,none/single-group,False,,,,,True,True,True,False,False,0,False,,False,True
NCT02311777,2015.0,<=2015,PHASE3,drug,2,0.0,OTHER,WITHDRAWN,RANDOMIZED,True,TRIPLE,3.0,True,True,CROSSOVER,False,placebo/sham,True,,,,,True,False,False,False,False,0,False,NO,False,True
NCT02320708,2014.0,<=2015,PHASE2,drug,4,240.0,INDUSTRY,COMPLETED,RANDOMIZED,True,QUADRUPLE,4.0,True,True,PARALLEL,True,placebo/sham,True,,,,,False,True,True,False,False,0,False,UNDECIDED,False,False
NCT01984463,2014.0,<=2015,NA,drug,2,22.0,OTHER,TERMINATED,RANDOMIZED,True,DOUBLE,2.0,True,True,PARALLEL,False,active,True,,,,,False,True,False,False,False,0,False,,False,False
NCT01979354,2014.0,<=2015,PHASE4,drug,2,40.0,OTHER,UNKNOWN,RANDOMIZED,True,QUADRUPLE,4.0,True,True,PARALLEL,False,active,True,,,,,True,True,False,False,False,0,False,,False,False
NCT04859283,2022.0,2021-2026,PHASE4,drug,2,100.0,OTHER_GOV,COMPLETED,RANDOMIZED,True,QUADRUPLE,4.0,True,True,PARALLEL,True,placebo/sham,True,,,,,True,True,False,False,False,1,True,NO,False,False
NCT00905580,2009.0,<=2015,PHASE4,drug,2,99.0,OTHER,COMPLETED,RANDOMIZED,True,TRIPLE,3.0,True,True,PARALLEL,False,placebo/sham,True,99.0,94.0,0.0505050505050505,True,True,True,False,True,False,1,True,,False,True
NCT03763760,2019.0,2016-2020,PHASE4,drug,2,160.0,OTHER,COMPLETED,RANDOMIZED,True,QUADRUPLE,4.0,True,True,PARALLEL,True,active,True,,,,,True,True,False,False,False,1,True,NO,False,True
NCT04078139,2021.0,2021-2026,PHASE4,drug,2,188.0,OTHER,UNKNOWN,RANDOMIZED,True,DOUBLE,2.0,True,True,PARALLEL,True,active,True,,,,,True,False,False,False,False,0,False,YES,True,True
NCT02064530,2014.0,<=2015,PHASE4,drug,3,90.0,OTHER,COMPLETED,RANDOMIZED,True,QUADRUPLE,4.0,True,True,PARALLEL,False,placebo/sham,True,,,,,True,True,True,False,False,0,False,,False,False
NCT05397236,2021.0,2021-2026,NA,drug,3,66.0,OTHER,COMPLETED,RANDOMIZED,True,DOUBLE,2.0,True,True,PARALLEL,True,active,True,,,,,False,False,True,False,False,0,False,NO,False,
NCT05901389,2023.0,2021-2026,NA,drug,2,456.0,OTHER,UNKNOWN,RANDOMIZED,True,SINGLE,1.0,True,False,PARALLEL,True,placebo/sham,True,,,,,False,True,False,False,False,0,False,,False,False
NCT02035904,2013.0,<=2015,PHASE4,both,2,60.0,OTHER,UNKNOWN,RANDOMIZED,True,TRIPLE,3.0,True,True,PARALLEL,False,placebo/sham,True,,,,,True,True,False,False,False,0,False,,False,True
NCT06453083,2023.0,2021-2026,EARLY_PHASE1,drug,2,57.0,OTHER,COMPLETED,RANDOMIZED,True,DOUBLE,2.0,True,True,PARALLEL,True,placebo/sham,True,,,,,False,True,False,False,False,0,False,NO,False,True
NCT07711522,2026.0,2021-2026,EARLY_PHASE1,drug,2,60.0,OTHER,NOT_YET_RECRUITING,RANDOMIZED,True,SINGLE,1.0,True,False,PARALLEL,True,active,True,,,,,False,False,False,False,True,0,False,NO,False,
NCT01919606,2012.0,<=2015,PHASE4,drug,2,1.0,INDUSTRY,TERMINATED,NON_RANDOMIZED,False,NONE,0.0,False,False,SINGLE_GROUP,False,none/single-group,False,1.0,1.0,0.0,True,True,True,False,True,False,0,False,,False,False
NCT01591980,2013.0,<=2015,PHASE4,drug,3,0.0,OTHER,WITHDRAWN,RANDOMIZED,True,QUADRUPLE,4.0,True,True,PARALLEL,False,placebo/sham,True,,,,,True,True,True,False,False,0,False,,False,True
NCT06319859,2024.0,2021-2026,PHASE3,drug,2,50.0,OTHER,COMPLETED,RANDOMIZED,True,DOUBLE,2.0,True,True,PARALLEL,False,active,True,,,,,True,True,False,False,False,0,False,,False,
NCT02043704,2014.0,<=2015,PHASE4,drug,2,100.0,OTHER,COMPLETED,RANDOMIZED,True,TRIPLE,3.0,True,True,PARALLEL,True,placebo/sham,True,100.0,90.0,0.09999999999999998,True,True,False,False,True,False,1,True,NO,False,False
NCT02197156,2002.0,<=2015,PHASE2,drug,6,241.0,INDUSTRY,COMPLETED,RANDOMIZED,True,DOUBLE,2.0,True,True,PARALLEL,True,placebo/sham,True,,,,,False,False,True,False,False,0,False,,False,False
NCT07241949,2025.0,2021-2026,NA,both,3,147.0,OTHER,RECRUITING,RANDOMIZED,True,SINGLE,1.0,True,False,PARALLEL,True,active,True,,,,,False,True,True,False,False,0,False,YES,True,False
NCT02483689,2015.0,<=2015,NA,drug,2,100.0,OTHER,UNKNOWN,RANDOMIZED,True,TRIPLE,3.0,True,True,PARALLEL,True,placebo/sham,True,,,,,False,True,False,False,False,0,False,NO,False,True
NCT05105997,2022.0,2021-2026,PHASE2,drug,2,60.0,OTHER,UNKNOWN,RANDOMIZED,True,QUADRUPLE,4.0,True,True,PARALLEL,True,placebo/sham,True,,,,,False,False,False,False,False,0,False,,False,
NCT00746863,2007.0,<=2015,NA,drug,2,42.0,OTHER,COMPLETED,RANDOMIZED,True,DOUBLE,2.0,True,True,PARALLEL,True,no-intervention,True,42.0,42.0,0.0,True,False,True,False,True,False,1,True,,False,False
NCT03510559,2018.0,2016-2020,NA,drug,2,160.0,OTHER,UNKNOWN,RANDOMIZED,True,SINGLE,1.0,True,False,PARALLEL,True,active,True,,,,,False,False,False,False,False,0,False,NO,False,False
NCT05753046,2024.0,2021-2026,PHASE4,drug,2,94.0,OTHER,ENROLLING_BY_INVITATION,RANDOMIZED,True,DOUBLE,2.0,True,True,PARALLEL,False,none/single-group,False,,,,,True,False,False,False,False,0,False,NO,False,False
NCT06948513,2022.0,2021-2026,PHASE3,drug,2,200.0,OTHER,COMPLETED,RANDOMIZED,True,SINGLE,1.0,True,False,PARALLEL,True,active,True,,,,,True,True,False,False,False,0,False,NO,False,False
NCT02005523,,,PHASE2,drug,2,0.0,INDUSTRY,WITHDRAWN,RANDOMIZED,True,TRIPLE,3.0,True,True,PARALLEL,False,placebo/sham,True,,,,,False,True,False,False,False,0,False,,False,
NCT01872494,2013.0,<=2015,PHASE4,drug,2,71.0,OTHER,COMPLETED,RANDOMIZED,True,NONE,0.0,False,False,PARALLEL,False,active,True,,,,,True,True,False,False,False,0,False,,False,False
NCT05172908,2022.0,2021-2026,NA,drug,2,60.0,OTHER,COMPLETED,RANDOMIZED,True,QUADRUPLE,4.0,True,True,PARALLEL,True,placebo/sham,True,,,,,False,True,False,False,False,1,True,,False,False
NCT02410317,2015.0,<=2015,PHASE3,drug,2,101.0,OTHER,COMPLETED,RANDOMIZED,True,SINGLE,1.0,True,False,PARALLEL,True,active,True,,,,,True,True,False,False,False,0,False,,False,True
NCT05276258,2023.0,2021-2026,NA,both,2,75.0,OTHER,UNKNOWN,NON_RANDOMIZED,False,NONE,0.0,False,False,PARALLEL,True,none/single-group,False,,,,,False,True,False,False,False,0,False,NO,False,False
NCT04761302,2021.0,2021-2026,PHASE4,drug,4,167.0,OTHER,COMPLETED,RANDOMIZED,True,DOUBLE,2.0,True,True,PARALLEL,True,active,True,167.0,167.0,0.0,True,True,True,True,True,False,1,True,NO,False,
NCT03391570,2017.0,2016-2020,NA,both,2,60.0,OTHER,UNKNOWN,RANDOMIZED,True,SINGLE,1.0,True,False,PARALLEL,True,placebo/sham,True,,,,,False,True,False,False,False,1,True,UNDECIDED,False,False
NCT02452060,2014.0,<=2015,PHASE2;PHASE3,drug,2,90.0,OTHER,COMPLETED,RANDOMIZED,True,TRIPLE,3.0,True,True,PARALLEL,False,placebo/sham,True,90.0,90.0,0.0,True,True,True,False,True,False,1,True,,False,True
NCT05552391,2022.0,2021-2026,PHASE4,drug,3,90.0,OTHER,COMPLETED,RANDOMIZED,True,QUADRUPLE,4.0,True,True,PARALLEL,False,placebo/sham,True,,,,,True,True,True,False,False,0,False,UNDECIDED,False,
NCT04072926,2019.0,2016-2020,EARLY_PHASE1,drug,4,70.0,OTHER,COMPLETED,RANDOMIZED,True,SINGLE,1.0,True,False,PARALLEL,True,active,True,,,,,False,True,True,False,False,1,True,,False,True
NCT04011163,2021.0,2021-2026,PHASE2;PHASE3,both,1,40.0,OTHER_GOV,ACTIVE_NOT_RECRUITING,NA,False,NONE,0.0,False,False,SINGLE_GROUP,False,none/single-group,False,,,,,True,True,False,False,False,0,False,NO,False,False
NCT05575999,2026.0,2021-2026,PHASE1,drug,2,200.0,OTHER,NOT_YET_RECRUITING,RANDOMIZED,True,NONE,0.0,False,False,PARALLEL,True,none/single-group,False,,,,,False,True,False,False,False,0,False,NO,False,False
NCT06326983,2024.0,2021-2026,NA,drug,2,62.0,OTHER,COMPLETED,RANDOMIZED,True,DOUBLE,2.0,True,True,PARALLEL,True,active,True,,,,,False,True,False,False,False,0,False,NO,False,True
NCT05880732,2021.0,2021-2026,NA,drug,2,68.0,OTHER,COMPLETED,RANDOMIZED,True,DOUBLE,2.0,True,True,PARALLEL,True,placebo/sham,True,,,,,False,False,False,False,False,0,False,NO,False,False
NCT03613558,2014.0,<=2015,PHASE1;PHASE2,drug,2,0.0,OTHER,WITHDRAWN,RANDOMIZED,True,QUADRUPLE,4.0,True,True,PARALLEL,False,placebo/sham,True,,,,,False,True,False,False,False,0,False,,False,
NCT06087562,2020.0,2016-2020,PHASE4,drug,2,350.0,OTHER,UNKNOWN,RANDOMIZED,True,TRIPLE,3.0,True,True,PARALLEL,True,none/single-group,False,,,,,True,True,False,False,False,0,False,YES,True,False
NCT04680923,2020.0,2016-2020,NA,both,2,120.0,OTHER,COMPLETED,RANDOMIZED,True,TRIPLE,3.0,True,True,PARALLEL,True,placebo/sham,True,,,,,False,False,False,False,False,0,False,YES,True,False
NCT02328144,2013.0,<=2015,PHASE3,drug,2,44.0,OTHER_GOV,COMPLETED,RANDOMIZED,True,DOUBLE,2.0,True,True,PARALLEL,False,placebo/sham,True,,,,,True,True,False,False,False,0,False,,False,True
NCT04399122,2017.0,2016-2020,PHASE4,drug,2,200.0,FED,COMPLETED,RANDOMIZED,True,DOUBLE,2.0,True,True,PARALLEL,True,active,True,200.0,197.0,0.015000000000000013,True,True,False,False,True,False,0,False,NO,False,False
NCT05331781,2020.0,2016-2020,NA,both,2,60.0,OTHER,COMPLETED,RANDOMIZED,True,DOUBLE,2.0,True,True,CROSSOVER,True,none/single-group,False,,,,,False,False,False,False,False,0,False,NO,False,True
NCT03693222,2016.0,2016-2020,NA,drug,2,40.0,OTHER_GOV,COMPLETED,RANDOMIZED,True,TRIPLE,3.0,True,True,PARALLEL,True,none/single-group,False,,,,,False,False,False,False,False,0,False,NO,False,False
NCT02622893,2010.0,<=2015,PHASE4,drug,2,40.0,OTHER,COMPLETED,NON_RANDOMIZED,False,QUADRUPLE,4.0,True,True,PARALLEL,False,active,True,,,,,True,True,False,False,False,1,True,NO,False,False
NCT06740214,2025.0,2021-2026,PHASE3,drug,3,177.0,OTHER,RECRUITING,RANDOMIZED,True,TRIPLE,3.0,True,True,PARALLEL,True,active,True,,,,,True,True,True,False,True,0,False,,False,False
NCT02672202,2016.0,2016-2020,NA,drug,3,9.0,OTHER,TERMINATED,RANDOMIZED,True,TRIPLE,3.0,True,True,PARALLEL,False,placebo/sham,True,,,,,False,True,True,False,False,0,False,,False,False
NCT00318292,2006.0,<=2015,PHASE4,drug,2,90.0,OTHER,COMPLETED,RANDOMIZED,True,QUADRUPLE,4.0,True,True,PARALLEL,False,placebo/sham,True,90.0,90.0,0.0,True,True,True,False,True,True,0,False,,False,False
NCT07554963,2026.0,2021-2026,PHASE4,drug,2,268.0,OTHER_GOV,NOT_YET_RECRUITING,RANDOMIZED,True,NONE,0.0,False,False,PARALLEL,True,no-intervention,True,,,,,True,True,False,False,True,0,False,UNDECIDED,False,False
NCT01886352,2013.0,<=2015,PHASE4,drug,3,16.0,OTHER,COMPLETED,RANDOMIZED,True,NONE,0.0,False,False,PARALLEL,False,active,True,,,,,True,True,True,False,False,0,False,,False,False
NCT07204379,2023.0,2021-2026,EARLY_PHASE1,drug,4,100.0,OTHER,COMPLETED,RANDOMIZED,True,TRIPLE,3.0,True,True,PARALLEL,True,placebo/sham,True,,,,,False,False,True,False,False,0,False,NO,False,True
NCT05563155,2021.0,2021-2026,PHASE4,drug,2,110.0,OTHER,COMPLETED,RANDOMIZED,True,QUADRUPLE,4.0,True,True,PARALLEL,True,placebo/sham,True,,,,,True,True,False,False,True,1,True,YES,True,False
NCT07094542,2026.0,2021-2026,PHASE2,drug,3,80.0,OTHER,NOT_YET_RECRUITING,RANDOMIZED,True,TRIPLE,3.0,True,True,PARALLEL,True,active,True,,,,,False,True,True,False,False,0,False,YES,True,False
NCT02081703,2014.0,<=2015,PHASE2,drug,4,120.0,INDUSTRY,COMPLETED,RANDOMIZED,True,TRIPLE,3.0,True,True,PARALLEL,True,placebo/sham,True,,,,,False,True,True,False,False,0,False,,False,True
NCT04709250,2021.0,2021-2026,NA,both,2,128.0,OTHER,COMPLETED,RANDOMIZED,True,TRIPLE,3.0,True,True,PARALLEL,True,active,True,,,,,False,False,False,False,False,0,False,,False,
NCT03250494,2014.0,<=2015,PHASE4,drug,3,75.0,OTHER,COMPLETED,RANDOMIZED,True,DOUBLE,2.0,True,True,PARALLEL,False,placebo/sham,True,,,,,True,False,True,False,False,0,False,,False,
NCT06051630,2023.0,2021-2026,NA,drug,2,62.0,OTHER,UNKNOWN,RANDOMIZED,True,SINGLE,1.0,True,False,PARALLEL,True,placebo/sham,True,,,,,False,False,False,False,False,0,False,NO,False,False
NCT04919317,2017.0,2016-2020,PHASE2,drug,2,56.0,OTHER,COMPLETED,RANDOMIZED,True,TRIPLE,3.0,True,True,PARALLEL,True,placebo/sham,True,56.0,51.0,0.0892857142857143,True,False,True,False,True,False,0,False,YES,True,False
NCT01106547,2009.0,<=2015,PHASE4,drug,2,55.0,OTHER,COMPLETED,RANDOMIZED,True,QUADRUPLE,4.0,True,True,PARALLEL,False,placebo/sham,True,,,,,True,False,False,False,False,2,True,,False,True
NCT04259073,2018.0,2016-2020,NA,drug,3,138.0,OTHER,COMPLETED,RANDOMIZED,True,QUADRUPLE,4.0,True,True,SEQUENTIAL,True,placebo/sham,True,,,,,False,True,True,False,False,0,False,YES,True,True
NCT04777591,2021.0,2021-2026,PHASE4,drug,2,117.0,OTHER,COMPLETED,RANDOMIZED,True,SINGLE,1.0,True,False,PARALLEL,True,active,True,117.0,117.0,0.0,True,True,True,False,True,False,1,True,NO,False,False
NCT02523846,2015.0,<=2015,PHASE4,drug,2,160.0,OTHER,UNKNOWN,RANDOMIZED,True,QUADRUPLE,4.0,True,True,PARALLEL,True,active,True,,,,,True,True,False,False,True,0,False,,False,True
NCT02777866,2016.0,2016-2020,NA,drug,2,570.0,OTHER,UNKNOWN,RANDOMIZED,True,TRIPLE,3.0,True,True,PARALLEL,True,placebo/sham,True,,,,,False,False,False,False,False,0,False,,False,True
NCT04771689,2022.0,2021-2026,PHASE4,drug,2,0.0,OTHER,WITHDRAWN,RANDOMIZED,True,NONE,0.0,False,False,PARALLEL,False,active,True,,,,,True,True,False,False,False,0,False,YES,True,True
NCT05769309,2023.0,2021-2026,NA,both,2,50.0,OTHER,COMPLETED,RANDOMIZED,True,NONE,0.0,False,False,PARALLEL,True,active,True,,,,,False,False,False,False,False,0,False,NO,False,False
NCT02111746,2013.0,<=2015,PHASE4,drug,2,350.0,OTHER,COMPLETED,RANDOMIZED,True,DOUBLE,2.0,True,True,PARALLEL,True,active,True,343.0,338.0,0.014577259475218707,True,True,True,False,True,False,1,True,NO,False,True
NCT02774499,2016.0,2016-2020,PHASE2,drug,2,21.0,OTHER,COMPLETED,RANDOMIZED,True,QUADRUPLE,4.0,True,True,PARALLEL,False,placebo/sham,True,,,,,False,True,False,False,False,1,True,YES,True,False
NCT01843010,2013.0,<=2015,PHASE4,drug,2,140.0,OTHER,COMPLETED,RANDOMIZED,True,TRIPLE,3.0,True,True,PARALLEL,True,placebo/sham,True,,,,,True,False,False,False,False,0,False,,False,True
NCT03444636,2015.0,<=2015,PHASE4,drug,2,94.0,OTHER,COMPLETED,RANDOMIZED,True,NONE,0.0,False,False,PARALLEL,False,active,True,,,,,True,True,False,False,False,0,False,,False,True
NCT03316118,2017.0,2016-2020,PHASE4,drug,2,2.0,OTHER,TERMINATED,RANDOMIZED,True,DOUBLE,2.0,True,True,PARALLEL,False,placebo/sham,True,2.0,2.0,0.0,True,True,False,False,True,False,0,False,NO,False,True
NCT03508830,2018.0,2016-2020,PHASE3,drug,2,91.0,OTHER,COMPLETED,RANDOMIZED,True,TRIPLE,3.0,True,True,PARALLEL,False,active,True,91.0,80.0,0.1208791208791209,True,True,True,False,True,False,0,False,NO,False,True
NCT03493490,2018.0,2016-2020,PHASE4,drug,3,72.0,OTHER,COMPLETED,RANDOMIZED,True,TRIPLE,3.0,True,True,PARALLEL,False,placebo/sham,True,,,,,True,True,True,False,False,0,False,UNDECIDED,False,True
NCT03417193,2018.0,2016-2020,NA,drug,2,48.0,OTHER,COMPLETED,RANDOMIZED,True,TRIPLE,3.0,True,True,PARALLEL,True,active,True,,,,,False,True,False,False,False,0,False,NO,False,False
NCT04643132,2020.0,2016-2020,NA,drug,3,120.0,OTHER,UNKNOWN,RANDOMIZED,True,DOUBLE,2.0,True,True,PARALLEL,True,placebo/sham,True,,,,,False,False,True,False,False,0,False,NO,False,True
NCT03872843,2019.0,2016-2020,PHASE4,drug,2,22.0,OTHER,COMPLETED,RANDOMIZED,True,DOUBLE,2.0,True,True,PARALLEL,False,active,True,22.0,10.0,0.5454545454545454,False,True,True,False,True,False,0,False,NO,False,False
NCT01038609,2009.0,<=2015,PHASE2,drug,5,250.0,INDUSTRY,COMPLETED,RANDOMIZED,True,SINGLE,1.0,True,False,PARALLEL,True,placebo/sham,True,250.0,245.0,0.020000000000000018,True,False,True,True,True,False,0,False,,False,False
NCT04130802,2019.0,2016-2020,PHASE2,drug,3,153.0,INDUSTRY,COMPLETED,RANDOMIZED,True,DOUBLE,2.0,True,True,PARALLEL,True,placebo/sham,True,153.0,148.0,0.0326797385620915,True,False,True,True,True,False,1,True,NO,False,False
NCT07519109,2026.0,2021-2026,PHASE1,drug,3,60.0,INDUSTRY,RECRUITING,RANDOMIZED,True,TRIPLE,3.0,True,True,PARALLEL,True,placebo/sham,True,,,,,False,True,True,False,False,0,False,,False,
NCT07429019,2026.0,2021-2026,NA,drug,2,60.0,OTHER,NOT_YET_RECRUITING,RANDOMIZED,True,TRIPLE,3.0,True,True,PARALLEL,True,placebo/sham,True,,,,,False,False,False,False,False,0,False,NO,False,True
NCT05802979,2023.0,2021-2026,PHASE3,drug,3,80.0,OTHER,UNKNOWN,RANDOMIZED,True,TRIPLE,3.0,True,True,PARALLEL,False,placebo/sham,True,,,,,True,True,True,False,False,0,False,NO,False,True
NCT03663478,2018.0,2016-2020,PHASE4,drug,2,32.0,OTHER,COMPLETED,RANDOMIZED,True,QUADRUPLE,4.0,True,True,PARALLEL,False,placebo/sham,True,,,,,True,True,False,False,False,1,True,NO,False,True
NCT02085577,2014.0,<=2015,PHASE4,drug,2,147.0,OTHER,COMPLETED,RANDOMIZED,True,QUADRUPLE,4.0,True,True,PARALLEL,True,placebo/sham,True,,,,,True,True,False,False,False,0,False,,False,False
NCT00507026,2007.0,<=2015,PHASE3,drug,3,277.0,INDUSTRY,COMPLETED,RANDOMIZED,True,QUADRUPLE,4.0,True,True,PARALLEL,True,placebo/sham,True,277.0,239.0,0.13718411552346566,True,True,True,True,True,False,1,True,,False,False
NCT04794426,2021.0,2021-2026,PHASE3,both,2,40.0,OTHER,UNKNOWN,RANDOMIZED,True,SINGLE,1.0,True,False,PARALLEL,False,active,True,,,,,True,True,False,False,True,0,False,NO,False,
NCT02540265,2015.0,<=2015,PHASE2,drug,3,59.0,INDUSTRY,COMPLETED,RANDOMIZED,True,QUADRUPLE,4.0,True,True,PARALLEL,True,placebo/sham,True,59.0,58.0,0.016949152542372836,True,False,True,True,True,False,1,True,,False,False
NCT04567407,2020.0,2016-2020,PHASE4,drug,1,45.0,OTHER,COMPLETED,NA,False,NONE,0.0,False,False,SINGLE_GROUP,False,none/single-group,False,45.0,40.0,0.11111111111111116,True,True,True,False,True,False,1,True,NO,False,True
NCT03681574,2017.0,2016-2020,PHASE4,drug,3,135.0,OTHER,COMPLETED,RANDOMIZED,True,SINGLE,1.0,True,False,PARALLEL,True,none/single-group,False,,,,,True,True,True,False,True,0,False,NO,False,True
NCT05261672,2022.0,2021-2026,NA,drug,2,60.0,OTHER,UNKNOWN,RANDOMIZED,True,DOUBLE,2.0,True,True,PARALLEL,True,active,True,,,,,False,True,False,False,True,0,False,NO,False,
NCT02104778,2014.0,<=2015,NA,drug,3,90.0,OTHER,UNKNOWN,RANDOMIZED,True,TRIPLE,3.0,True,True,PARALLEL,True,placebo/sham,True,,,,,False,True,True,False,False,0,False,,False,True
NCT03288428,2017.0,2016-2020,PHASE4,drug,2,80.0,OTHER,COMPLETED,RANDOMIZED,True,TRIPLE,3.0,True,True,PARALLEL,False,active,True,,,,,True,True,False,False,False,0,False,,False,
NCT05122338,2021.0,2021-2026,NA,drug,4,160.0,OTHER,UNKNOWN,RANDOMIZED,True,DOUBLE,2.0,True,True,PARALLEL,True,placebo/sham,True,,,,,False,False,True,False,False,0,False,NO,False,True
NCT00370240,2006.0,<=2015,PHASE4,drug,2,260.0,OTHER,COMPLETED,RANDOMIZED,True,DOUBLE,2.0,True,True,PARALLEL,True,placebo/sham,True,,,,,True,True,False,False,True,0,False,,False,
NCT03429400,2018.0,2016-2020,PHASE3,drug,1,51.0,INDUSTRY,COMPLETED,NA,False,NONE,0.0,False,False,SINGLE_GROUP,False,none/single-group,False,,,,,True,True,False,False,False,0,False,,False,False
NCT00366444,2006.0,<=2015,PHASE3,drug,2,201.0,INDUSTRY,COMPLETED,RANDOMIZED,True,DOUBLE,2.0,True,True,PARALLEL,True,placebo/sham,True,201.0,198.0,0.014925373134328401,True,True,True,False,True,True,1,True,,False,
NCT00135889,2005.0,<=2015,NA,drug,0,50.0,NIH,COMPLETED,RANDOMIZED,True,DOUBLE,2.0,True,True,PARALLEL,True,none/single-group,False,,,,,False,True,False,False,True,1,True,,False,True
NCT03961048,2019.0,2016-2020,PHASE4,drug,2,0.0,OTHER,WITHDRAWN,NON_RANDOMIZED,False,SINGLE,1.0,True,False,PARALLEL,False,none/single-group,False,,,,,True,False,False,False,False,0,False,NO,False,True
NCT03727607,2016.0,2016-2020,PHASE2,drug,2,160.0,OTHER,COMPLETED,RANDOMIZED,True,SINGLE,1.0,True,False,PARALLEL,True,active,True,,,,,False,True,False,False,False,0,False,NO,False,False
NCT02447965,2016.0,2016-2020,NA,drug,2,6.0,OTHER,TERMINATED,RANDOMIZED,True,DOUBLE,2.0,True,True,PARALLEL,False,placebo/sham,True,,,,,False,False,False,False,False,0,False,,False,True
NCT04423107,2020.0,2016-2020,PHASE3,drug,2,150.0,OTHER,UNKNOWN,RANDOMIZED,True,NONE,0.0,False,False,PARALLEL,True,active,True,,,,,True,True,False,False,False,0,False,NO,False,False
NCT00818363,2008.0,<=2015,PHASE2,drug,2,60.0,INDUSTRY,COMPLETED,RANDOMIZED,True,QUADRUPLE,4.0,True,True,PARALLEL,True,placebo/sham,True,60.0,59.0,0.01666666666666672,True,False,True,False,True,False,1,True,,False,False
NCT04385966,2020.0,2016-2020,PHASE3,both,2,48.0,OTHER,COMPLETED,RANDOMIZED,True,TRIPLE,3.0,True,True,PARALLEL,False,active,True,,,,,True,False,False,False,False,1,True,YES,True,True
NCT07240649,2026.0,2021-2026,PHASE4,both,1,100.0,OTHER,NOT_YET_RECRUITING,NA,False,NONE,0.0,False,False,SINGLE_GROUP,True,none/single-group,False,,,,,True,True,False,False,False,0,False,,False,False
NCT00413582,2006.0,<=2015,NA,drug,2,110.0,OTHER,COMPLETED,RANDOMIZED,True,NONE,0.0,False,False,PARALLEL,True,active,True,110.0,110.0,0.0,True,False,True,False,True,False,0,False,,False,
NCT03568721,2015.0,<=2015,PHASE4,drug,4,81.0,OTHER,COMPLETED,RANDOMIZED,True,DOUBLE,2.0,True,True,PARALLEL,False,no-intervention,True,,,,,True,True,True,False,False,0,False,UNDECIDED,False,False
NCT04852484,2021.0,2021-2026,NA,drug,3,90.0,OTHER,UNKNOWN,RANDOMIZED,True,QUADRUPLE,4.0,True,True,PARALLEL,True,active,True,,,,,False,False,True,False,False,0,False,NO,False,False
NCT07002632,2021.0,2021-2026,NA,drug,2,106.0,OTHER_GOV,COMPLETED,RANDOMIZED,True,SINGLE,1.0,True,False,PARALLEL,True,no-intervention,True,106.0,101.0,0.047169811320754707,True,False,False,False,True,False,1,True,,False,False
NCT03019562,2016.0,2016-2020,PHASE4,drug,2,46.0,OTHER,UNKNOWN,RANDOMIZED,True,TRIPLE,3.0,True,True,PARALLEL,False,active,True,,,,,True,True,False,False,False,0,False,NO,False,True
NCT03290196,2015.0,<=2015,PHASE4,drug,1,13.0,OTHER,TERMINATED,NA,False,NONE,0.0,False,False,SINGLE_GROUP,False,none/single-group,False,13.0,13.0,0.0,True,True,True,False,True,False,0,False,NO,False,False
NCT04349774,2022.0,2021-2026,PHASE4,drug,2,0.0,OTHER,WITHDRAWN,RANDOMIZED,True,TRIPLE,3.0,True,True,PARALLEL,False,active,True,,,,,True,True,False,False,False,0,False,NO,False,False
NCT06679569,2024.0,2021-2026,NA,drug,2,106.0,OTHER,RECRUITING,RANDOMIZED,True,DOUBLE,2.0,True,True,PARALLEL,True,active,True,,,,,False,False,False,False,False,0,False,,False,True
NCT02289937,2014.0,<=2015,PHASE4,both,2,100.0,OTHER,COMPLETED,RANDOMIZED,True,QUADRUPLE,4.0,True,True,PARALLEL,True,placebo/sham,True,,,,,True,True,False,False,False,0,False,,False,True
NCT04349579,2018.0,2016-2020,PHASE4,drug,2,35.0,OTHER,UNKNOWN,RANDOMIZED,True,QUADRUPLE,4.0,True,True,FACTORIAL,False,active,True,,,,,True,False,False,False,False,0,False,NO,False,False
NCT02081391,2015.0,<=2015,PHASE3,drug,2,216.0,INDUSTRY,COMPLETED,RANDOMIZED,True,QUADRUPLE,4.0,True,True,PARALLEL,True,placebo/sham,True,175.0,150.0,0.1428571428571429,True,True,True,False,True,False,0,False,YES,True,True
NCT00440830,2005.0,<=2015,PHASE4,drug,4,68.0,OTHER,COMPLETED,RANDOMIZED,True,QUADRUPLE,4.0,True,True,PARALLEL,False,placebo/sham,True,68.0,68.0,0.0,True,True,True,True,True,True,0,False,,False,False
NCT07194694,2025.0,2021-2026,PHASE3,drug,3,60.0,OTHER,COMPLETED,RANDOMIZED,True,TRIPLE,3.0,True,True,PARALLEL,False,placebo/sham,True,,,,,True,True,True,False,False,0,False,NO,False,True
NCT00983918,2009.0,<=2015,NA,drug,4,80.0,OTHER,COMPLETED,RANDOMIZED,True,DOUBLE,2.0,True,True,PARALLEL,True,active,True,80.0,74.0,0.07499999999999996,True,False,True,True,True,False,0,False,,False,True
NCT04574791,2020.0,2016-2020,NA,drug,2,240.0,OTHER,UNKNOWN,RANDOMIZED,True,NONE,0.0,False,False,PARALLEL,True,no-intervention,True,,,,,False,True,False,False,False,0,False,,False,
NCT05690282,2021.0,2021-2026,PHASE4,drug,2,100.0,OTHER,ACTIVE_NOT_RECRUITING,RANDOMIZED,True,NONE,0.0,False,False,PARALLEL,True,active,True,,,,,True,True,False,False,False,0,False,NO,False,False
NCT05470075,2022.0,2021-2026,PHASE2,drug,5,110.0,INDUSTRY,TERMINATED,RANDOMIZED,True,QUADRUPLE,4.0,True,True,PARALLEL,True,placebo/sham,True,,,,,False,True,True,False,False,0,False,UNDECIDED,False,
NCT00725569,2008.0,<=2015,PHASE2;PHASE3,drug,3,90.0,OTHER,COMPLETED,RANDOMIZED,True,QUADRUPLE,4.0,True,True,PARALLEL,False,placebo/sham,True,,,,,True,True,True,False,False,1,True,,False,False
NCT06792474,2026.0,2021-2026,PHASE4,drug,2,44.0,OTHER,NOT_YET_RECRUITING,RANDOMIZED,True,TRIPLE,3.0,True,True,PARALLEL,False,placebo/sham,True,,,,,True,True,False,False,False,0,False,NO,False,
NCT07620665,2026.0,2021-2026,NA,drug,2,88.0,OTHER,RECRUITING,RANDOMIZED,True,QUADRUPLE,4.0,True,True,PARALLEL,True,active,True,,,,,False,True,False,False,False,0,False,NO,False,False
NCT01112436,2010.0,<=2015,PHASE4,drug,2,258.0,OTHER,UNKNOWN,RANDOMIZED,True,DOUBLE,2.0,True,True,PARALLEL,True,placebo/sham,True,,,,,True,True,False,False,False,0,False,,False,False
NCT04589429,2020.0,2016-2020,PHASE2,drug,2,70.0,OTHER,UNKNOWN,RANDOMIZED,True,QUADRUPLE,4.0,True,True,PARALLEL,True,placebo/sham,True,,,,,False,False,False,False,False,0,False,,False,True
NCT02576223,2015.0,<=2015,NA,drug,2,40.0,OTHER,COMPLETED,RANDOMIZED,True,QUADRUPLE,4.0,True,True,PARALLEL,True,placebo/sham,True,,,,,False,True,False,False,False,0,False,,False,True
NCT01353456,2008.0,<=2015,PHASE3,drug,2,100.0,OTHER,COMPLETED,RANDOMIZED,True,QUADRUPLE,4.0,True,True,PARALLEL,True,placebo/sham,True,,,,,True,True,False,False,False,0,False,,False,False
NCT00728559,2010.0,<=2015,NA,drug,3,120.0,OTHER_GOV,UNKNOWN,RANDOMIZED,True,QUADRUPLE,4.0,True,True,PARALLEL,True,no-intervention,True,,,,,False,True,True,False,False,0,False,,False,True
NCT05708742,2023.0,2021-2026,NA,both,2,68.0,OTHER,COMPLETED,RANDOMIZED,True,TRIPLE,3.0,True,True,PARALLEL,True,placebo/sham,True,,,,,False,False,False,False,False,0,False,NO,False,
NCT03596424,2018.0,2016-2020,NA,drug,3,120.0,OTHER,RECRUITING,RANDOMIZED,True,QUADRUPLE,4.0,True,True,PARALLEL,True,active,True,,,,,False,False,True,False,False,0,False,NO,False,True
NCT02940405,2017.0,2016-2020,NA,drug,2,38.0,OTHER,UNKNOWN,RANDOMIZED,True,QUADRUPLE,4.0,True,True,PARALLEL,True,placebo/sham,True,,,,,False,True,False,False,False,0,False,NO,False,False
NCT00799149,2006.0,<=2015,PHASE4,drug,3,75.0,OTHER,COMPLETED,RANDOMIZED,True,QUADRUPLE,4.0,True,True,PARALLEL,False,placebo/sham,True,,,,,True,True,True,False,False,0,False,,False,False
NCT06927817,2020.0,2016-2020,PHASE4,drug,2,134.0,OTHER,COMPLETED,RANDOMIZED,True,DOUBLE,2.0,True,True,PARALLEL,True,active,True,,,,,True,False,False,False,False,0,False,,False,False
NCT02651324,2013.0,<=2015,PHASE4,drug,2,50.0,OTHER,COMPLETED,RANDOMIZED,True,TRIPLE,3.0,True,True,PARALLEL,False,placebo/sham,True,50.0,49.0,0.020000000000000018,True,True,True,False,True,False,0,False,,False,False
NCT05115123,2022.0,2021-2026,PHASE2,drug,2,60.0,OTHER,COMPLETED,RANDOMIZED,True,DOUBLE,2.0,True,True,PARALLEL,True,placebo/sham,True,,,,,False,True,False,False,False,1,True,UNDECIDED,False,True
NCT06570538,2024.0,2021-2026,EARLY_PHASE1,drug,2,140.0,OTHER,NOT_YET_RECRUITING,RANDOMIZED,True,NONE,0.0,False,False,PARALLEL,True,active,True,,,,,False,True,False,False,False,0,False,NO,False,
NCT03482973,2018.0,2016-2020,PHASE3,drug,2,80.0,OTHER,COMPLETED,RANDOMIZED,True,QUADRUPLE,4.0,True,True,PARALLEL,False,placebo/sham,True,80.0,80.0,0.0,True,True,True,False,True,False,0,False,,False,False
NCT05681312,2024.0,2021-2026,PHASE3,drug,2,55.0,OTHER,UNKNOWN,RANDOMIZED,True,SINGLE,1.0,True,False,PARALLEL,False,placebo/sham,True,,,,,True,True,False,False,False,0,False,,False,
NCT01012232,2009.0,<=2015,PHASE4,drug,2,48.0,OTHER,COMPLETED,RANDOMIZED,True,QUADRUPLE,4.0,True,True,CROSSOVER,False,active,True,,,,,True,True,False,False,False,0,False,,False,False
NCT05658887,2023.0,2021-2026,PHASE4,drug,2,110.0,OTHER,COMPLETED,RANDOMIZED,True,QUADRUPLE,4.0,True,True,PARALLEL,True,placebo/sham,True,107.0,100.0,0.06542056074766356,True,True,False,False,True,False,0,False,NO,False,True
NCT06669650,2024.0,2021-2026,PHASE4,drug,2,208.0,OTHER,ACTIVE_NOT_RECRUITING,RANDOMIZED,True,NONE,0.0,False,False,PARALLEL,True,active,True,,,,,True,False,False,False,False,0,False,UNDECIDED,False,False
NCT06509958,2024.0,2021-2026,PHASE2,drug,3,15.0,INDUSTRY,TERMINATED,RANDOMIZED,True,TRIPLE,3.0,True,True,PARALLEL,False,active,True,,,,,False,True,True,False,False,0,False,UNDECIDED,False,
NCT01243801,2008.0,<=2015,PHASE4,drug,3,104.0,OTHER,COMPLETED,RANDOMIZED,True,QUADRUPLE,4.0,True,True,PARALLEL,True,placebo/sham,True,,,,,True,False,True,False,False,0,False,,False,False
NCT07453576,2025.0,2021-2026,NA,drug,3,60.0,OTHER,RECRUITING,RANDOMIZED,True,DOUBLE,2.0,True,True,PARALLEL,True,none/single-group,False,,,,,False,True,True,False,False,0,False,NO,False,False
NCT03318952,2022.0,2021-2026,PHASE4,drug,2,0.0,OTHER,WITHDRAWN,RANDOMIZED,True,SINGLE,1.0,True,False,CROSSOVER,False,none/single-group,False,,,,,True,True,False,False,False,0,False,NO,False,True
NCT04462523,2020.0,2016-2020,PHASE4,drug,4,40.0,NETWORK,COMPLETED,RANDOMIZED,True,SINGLE,1.0,True,False,PARALLEL,False,active,True,,,,,True,True,True,False,False,1,True,,False,False
NCT05676814,2023.0,2021-2026,PHASE4,drug,2,31.0,OTHER,COMPLETED,RANDOMIZED,True,QUADRUPLE,4.0,True,True,PARALLEL,False,active,True,31.0,20.0,0.3548387096774194,False,True,True,False,True,False,0,False,NO,False,False
NCT06172023,2020.0,2016-2020,NA,drug,3,78.0,OTHER,COMPLETED,RANDOMIZED,True,DOUBLE,2.0,True,True,PARALLEL,True,active,True,,,,,False,True,True,False,False,0,False,UNDECIDED,False,True
NCT02879435,2016.0,2016-2020,NA,drug,2,120.0,OTHER,UNKNOWN,RANDOMIZED,True,TRIPLE,3.0,True,True,SINGLE_GROUP,True,placebo/sham,True,,,,,False,True,False,False,False,0,False,NO,False,False
NCT07147049,2025.0,2021-2026,PHASE2,drug,2,72.0,INDUSTRY,RECRUITING,RANDOMIZED,True,QUADRUPLE,4.0,True,True,PARALLEL,True,placebo/sham,True,,,,,False,True,False,False,False,0,False,NO,False,False
NCT01630343,2010.0,<=2015,PHASE2,drug,2,400.0,OTHER,COMPLETED,NON_RANDOMIZED,False,NONE,0.0,False,False,SINGLE_GROUP,True,none/single-group,False,,,,,False,True,False,False,False,0,False,,False,False
NCT02970097,2016.0,2016-2020,NA,drug,2,0.0,OTHER,WITHDRAWN,RANDOMIZED,True,NONE,0.0,False,False,PARALLEL,False,active,True,,,,,False,True,False,False,False,0,False,,False,False
NCT05393414,2019.0,2016-2020,NA,drug,2,81.0,OTHER,COMPLETED,RANDOMIZED,True,TRIPLE,3.0,True,True,PARALLEL,True,none/single-group,False,,,,,False,True,False,False,False,0,False,,False,False
NCT07274670,2025.0,2021-2026,NA,drug,2,58.0,OTHER,COMPLETED,RANDOMIZED,True,QUADRUPLE,4.0,True,True,PARALLEL,True,active,True,,,,,False,True,False,False,False,0,False,NO,False,False
NCT03843879,2019.0,2016-2020,PHASE2;PHASE3,both,2,124.0,OTHER,UNKNOWN,RANDOMIZED,True,NONE,0.0,False,False,PARALLEL,True,active,True,,,,,True,True,False,False,False,1,True,NO,False,False
NCT02421913,2012.0,<=2015,PHASE4,drug,2,42.0,OTHER,COMPLETED,RANDOMIZED,True,TRIPLE,3.0,True,True,PARALLEL,False,placebo/sham,True,,,,,True,False,False,False,False,1,True,,False,True
NCT06405776,2023.0,2021-2026,NA,drug,2,276.0,OTHER,RECRUITING,RANDOMIZED,True,DOUBLE,2.0,True,True,PARALLEL,True,placebo/sham,True,,,,,False,False,False,False,False,0,False,NO,False,
NCT03520907,2018.0,2016-2020,NA,drug,2,80.0,OTHER,COMPLETED,RANDOMIZED,True,TRIPLE,3.0,True,True,PARALLEL,True,active,True,,,,,False,True,False,False,False,0,False,NO,False,False
NCT00478023,2007.0,<=2015,PHASE3,drug,5,854.0,INDUSTRY,COMPLETED,RANDOMIZED,True,TRIPLE,3.0,True,True,PARALLEL,True,placebo/sham,True,854.0,690.0,0.1920374707259953,True,True,True,True,True,False,0,False,,False,False
NCT02397356,2018.0,2016-2020,PHASE4,drug,2,0.0,OTHER,WITHDRAWN,RANDOMIZED,True,TRIPLE,3.0,True,True,CROSSOVER,False,active,True,,,,,True,True,False,False,False,0,False,NO,False,False
NCT06178757,2023.0,2021-2026,NA,drug,2,60.0,OTHER,COMPLETED,RANDOMIZED,True,DOUBLE,2.0,True,True,PARALLEL,True,active,True,,,,,False,True,False,False,False,0,False,NO,False,False
NCT04762381,2022.0,2021-2026,NA,drug,2,109.0,OTHER,COMPLETED,RANDOMIZED,True,TRIPLE,3.0,True,True,PARALLEL,True,placebo/sham,True,,,,,False,True,False,False,False,1,True,YES,True,False
NCT02435537,2013.0,<=2015,PHASE2;PHASE3,drug,3,90.0,OTHER,COMPLETED,RANDOMIZED,True,QUADRUPLE,4.0,True,True,PARALLEL,False,active,True,,,,,True,True,True,False,False,1,True,,False,True
NCT01280591,2010.0,<=2015,PHASE3,drug,4,712.0,INDUSTRY,COMPLETED,RANDOMIZED,True,TRIPLE,3.0,True,True,PARALLEL,True,active,True,712.0,709.0,0.004213483146067398,True,True,True,True,True,False,1,True,,False,False
NCT05965544,2023.0,2021-2026,NA,drug,2,60.0,OTHER_GOV,COMPLETED,RANDOMIZED,True,DOUBLE,2.0,True,True,PARALLEL,True,active,True,,,,,False,False,False,False,False,1,True,NO,False,False
NCT03009006,2017.0,2016-2020,NA,drug,3,45.0,OTHER,UNKNOWN,RANDOMIZED,True,SINGLE,1.0,True,False,PARALLEL,True,placebo/sham,True,,,,,False,True,True,False,False,0,False,NO,False,False
NCT04764916,2021.0,2021-2026,PHASE3,drug,2,60.0,OTHER,UNKNOWN,RANDOMIZED,True,QUADRUPLE,4.0,True,True,PARALLEL,False,active,True,,,,,True,True,False,False,False,0,False,NO,False,
NCT02499341,2011.0,<=2015,NA,drug,2,42.0,OTHER,COMPLETED,RANDOMIZED,True,SINGLE,1.0,True,False,PARALLEL,True,active,True,,,,,False,True,False,False,False,0,False,,False,
NCT07277153,2025.0,2021-2026,PHASE4,drug,3,150.0,OTHER,COMPLETED,RANDOMIZED,True,QUADRUPLE,4.0,True,True,PARALLEL,True,placebo/sham,True,,,,,True,True,True,False,True,0,False,NO,False,True
NCT04110210,2019.0,2016-2020,EARLY_PHASE1,drug,2,34.0,OTHER,COMPLETED,RANDOMIZED,True,DOUBLE,2.0,True,True,PARALLEL,True,active,True,,,,,False,False,False,False,False,0,False,UNDECIDED,False,True
NCT00644111,2008.0,<=2015,NA,drug,2,32.0,OTHER,COMPLETED,RANDOMIZED,True,QUADRUPLE,4.0,True,True,SINGLE_GROUP,True,placebo/sham,True,,,,,False,True,False,False,False,1,True,,False,True
NCT01729728,2012.0,<=2015,PHASE2,drug,1,86.0,INDUSTRY,COMPLETED,NA,False,NONE,0.0,False,False,SINGLE_GROUP,True,none/single-group,False,66.0,58.0,0.12121212121212122,True,False,True,False,True,True,0,False,,False,
NCT06113497,2023.0,2021-2026,PHASE4,drug,2,60.0,OTHER,UNKNOWN,RANDOMIZED,True,TRIPLE,3.0,True,True,SINGLE_GROUP,False,no-intervention,True,,,,,True,False,False,False,False,1,True,NO,False,
NCT06691633,2024.0,2021-2026,PHASE4,drug,2,150.0,OTHER,COMPLETED,RANDOMIZED,True,DOUBLE,2.0,True,True,PARALLEL,True,active,True,,,,,True,False,False,False,False,0,False,NO,False,False
NCT04540848,2021.0,2021-2026,PHASE4,drug,3,0.0,OTHER,WITHDRAWN,RANDOMIZED,True,DOUBLE,2.0,True,True,PARALLEL,False,active,True,,,,,True,True,True,False,False,0,False,NO,False,
NCT02375100,2015.0,<=2015,NA,both,3,90.0,OTHER,COMPLETED,RANDOMIZED,True,NONE,0.0,False,False,PARALLEL,True,active,True,,,,,False,True,True,False,False,0,False,,False,False
NCT04644796,2021.0,2021-2026,PHASE4,drug,2,34.0,OTHER,COMPLETED,RANDOMIZED,True,QUADRUPLE,4.0,True,True,PARALLEL,False,placebo/sham,True,34.0,34.0,0.0,True,True,True,False,True,True,0,False,NO,False,True
NCT06789575,2025.0,2021-2026,PHASE3,drug,2,102.0,OTHER,NOT_YET_RECRUITING,RANDOMIZED,True,QUADRUPLE,4.0,True,True,PARALLEL,True,active,True,,,,,True,True,False,False,False,0,False,UNDECIDED,False,True
NCT00210210,2004.0,<=2015,PHASE3,drug,2,230.0,OTHER,COMPLETED,RANDOMIZED,True,DOUBLE,2.0,True,True,PARALLEL,True,placebo/sham,True,230.0,213.0,0.07391304347826089,True,True,True,False,True,False,0,False,NO,False,
NCT06450028,2024.0,2021-2026,PHASE4,drug,2,64.0,OTHER,COMPLETED,RANDOMIZED,True,DOUBLE,2.0,True,True,PARALLEL,False,active,True,64.0,50.0,0.21875,False,True,True,False,True,False,0,False,NO,False,False
NCT06662318,2024.0,2021-2026,NA,drug,3,75.0,OTHER,COMPLETED,RANDOMIZED,True,SINGLE,1.0,True,False,PARALLEL,True,active,True,,,,,False,True,True,False,False,0,False,,False,
NCT05566561,2022.0,2021-2026,NA,drug,2,60.0,OTHER,COMPLETED,RANDOMIZED,True,DOUBLE,2.0,True,True,PARALLEL,True,active,True,,,,,False,True,False,False,False,0,False,NO,False,False
NCT01804673,2008.0,<=2015,PHASE4,drug,1,174.0,INDUSTRY,TERMINATED,NA,False,NONE,0.0,False,False,SINGLE_GROUP,True,none/single-group,False,174.0,34.0,0.8045977011494253,False,True,True,False,True,False,0,False,,False,False
NCT04134442,2019.0,2016-2020,PHASE4,drug,2,0.0,OTHER,WITHDRAWN,RANDOMIZED,True,DOUBLE,2.0,True,True,PARALLEL,False,active,True,,,,,True,False,False,False,False,0,False,,False,
NCT06949826,2025.0,2021-2026,PHASE4,drug,2,100.0,OTHER,RECRUITING,RANDOMIZED,True,TRIPLE,3.0,True,True,PARALLEL,True,placebo/sham,True,,,,,True,True,False,False,False,0,False,YES,True,False
NCT05277974,2022.0,2021-2026,PHASE3,drug,2,30.0,OTHER_GOV,UNKNOWN,RANDOMIZED,True,NONE,0.0,False,False,PARALLEL,False,active,True,,,,,True,True,False,False,False,0,False,NO,False,
NCT01219062,2010.0,<=2015,PHASE4,drug,3,10.0,OTHER,TERMINATED,RANDOMIZED,True,SINGLE,1.0,True,False,PARALLEL,False,placebo/sham,True,,,,,True,True,True,False,False,0,False,,False,False
NCT02052557,2013.0,<=2015,PHASE4,drug,2,51.0,OTHER,COMPLETED,RANDOMIZED,True,DOUBLE,2.0,True,True,PARALLEL,False,active,True,51.0,51.0,0.0,True,True,False,False,True,False,1,True,,False,False
NCT04316416,2020.0,2016-2020,NA,both,3,103.0,OTHER_GOV,COMPLETED,RANDOMIZED,True,SINGLE,1.0,True,False,PARALLEL,True,placebo/sham,True,,,,,False,False,True,False,False,0,False,NO,False,True
NCT02225418,2014.0,<=2015,NA,drug,2,0.0,OTHER,WITHDRAWN,RANDOMIZED,True,QUADRUPLE,4.0,True,True,PARALLEL,False,placebo/sham,True,,,,,False,True,False,False,False,0,False,,False,True
NCT01370915,2010.0,<=2015,NA,drug,2,100.0,OTHER,UNKNOWN,RANDOMIZED,True,QUADRUPLE,4.0,True,True,PARALLEL,True,placebo/sham,True,,,,,False,False,False,False,False,0,False,,False,False
NCT00155233,2005.0,<=2015,PHASE4,drug,0,200.0,OTHER,UNKNOWN,RANDOMIZED,True,DOUBLE,2.0,True,True,PARALLEL,True,none/single-group,False,,,,,True,True,False,False,False,0,False,,False,
NCT00864409,,,PHASE4,drug,2,12.0,OTHER,UNKNOWN,RANDOMIZED,True,TRIPLE,3.0,True,True,,False,placebo/sham,True,,,,,True,True,False,False,False,0,False,,False,
NCT01291472,2011.0,<=2015,PHASE4,drug,1,42.0,OTHER,COMPLETED,NA,False,NONE,0.0,False,False,SINGLE_GROUP,False,none/single-group,False,,,,,True,True,False,False,False,1,True,,False,False
NCT06498713,2024.0,2021-2026,PHASE1,both,2,24.0,OTHER,RECRUITING,RANDOMIZED,True,NONE,0.0,False,False,PARALLEL,False,active,True,,,,,False,True,False,False,False,0,False,NO,False,
NCT00149253,2004.0,<=2015,PHASE3,drug,0,50.0,OTHER,COMPLETED,RANDOMIZED,True,DOUBLE,2.0,True,True,PARALLEL,False,none/single-group,False,,,,,True,True,False,False,False,0,False,,False,
NCT01126593,2008.0,<=2015,NA,drug,3,96.0,OTHER,COMPLETED,RANDOMIZED,True,DOUBLE,2.0,True,True,PARALLEL,True,placebo/sham,True,96.0,88.0,0.08333333333333337,True,False,False,True,True,False,0,False,,False,True
NCT06565910,2024.0,2021-2026,PHASE4,drug,2,60.0,OTHER,RECRUITING,RANDOMIZED,True,DOUBLE,2.0,True,True,PARALLEL,False,active,True,,,,,True,True,False,False,False,0,False,YES,True,True
NCT03116672,2016.0,2016-2020,NA,drug,3,3.0,OTHER,COMPLETED,RANDOMIZED,True,SINGLE,1.0,True,False,PARALLEL,False,none/single-group,False,,,,,False,True,True,False,True,0,False,YES,True,True
NCT02416804,2015.0,<=2015,PHASE4,drug,2,69.0,OTHER,COMPLETED,RANDOMIZED,True,SINGLE,1.0,True,False,PARALLEL,False,active,True,,,,,True,True,False,False,False,1,True,,False,True
NCT03254459,2017.0,2016-2020,PHASE2,drug,2,100.0,INDUSTRY,COMPLETED,RANDOMIZED,True,NONE,0.0,False,False,PARALLEL,True,active,True,100.0,67.0,0.32999999999999996,False,False,True,False,True,False,0,False,,False,True
NCT03512574,2018.0,2016-2020,PHASE4,drug,4,150.0,OTHER,COMPLETED,RANDOMIZED,True,QUADRUPLE,4.0,True,True,PARALLEL,True,placebo/sham,True,,,,,True,True,True,False,False,0,False,NO,False,True
NCT07646093,2025.0,2021-2026,NA,drug,1,50.0,OTHER,COMPLETED,NA,False,NONE,0.0,False,False,SINGLE_GROUP,True,none/single-group,False,,,,,False,True,False,False,False,0,False,NO,False,False
NCT02037802,2014.0,<=2015,NA,both,2,60.0,OTHER,COMPLETED,RANDOMIZED,True,NONE,0.0,False,False,PARALLEL,True,placebo/sham,True,,,,,False,False,False,False,False,1,True,,False,False
NCT06721819,2025.0,2021-2026,PHASE3,drug,2,406.0,OTHER,RECRUITING,RANDOMIZED,True,SINGLE,1.0,True,False,PARALLEL,True,active,True,,,,,True,False,False,False,False,0,False,UNDECIDED,False,True
NCT00142519,2005.0,<=2015,PHASE2,drug,2,50.0,OTHER,COMPLETED,RANDOMIZED,True,DOUBLE,2.0,True,True,PARALLEL,True,active,True,50.0,16.0,0.6799999999999999,False,False,True,False,True,False,0,False,,False,
NCT05076773,2019.0,2016-2020,NA,both,4,80.0,OTHER,COMPLETED,RANDOMIZED,True,DOUBLE,2.0,True,True,PARALLEL,True,placebo/sham,True,,,,,False,False,True,False,False,0,False,NO,False,
NCT05539924,2022.0,2021-2026,PHASE3,drug,3,72.0,OTHER,UNKNOWN,RANDOMIZED,True,QUADRUPLE,4.0,True,True,PARALLEL,False,placebo/sham,True,,,,,True,True,True,False,False,0,False,NO,False,
NCT05218733,2022.0,2021-2026,PHASE4,both,3,120.0,OTHER,COMPLETED,RANDOMIZED,True,DOUBLE,2.0,True,True,PARALLEL,True,active,True,,,,,True,False,True,False,False,1,True,,False,
NCT06534697,2024.0,2021-2026,NA,drug,3,210.0,OTHER,NOT_YET_RECRUITING,RANDOMIZED,True,QUADRUPLE,4.0,True,True,PARALLEL,True,placebo/sham,True,,,,,False,True,True,False,False,0,False,NO,False,False
NCT01206608,2008.0,<=2015,PHASE2,drug,2,40.0,INDUSTRY,COMPLETED,RANDOMIZED,True,DOUBLE,2.0,True,True,PARALLEL,False,active,True,40.0,40.0,0.0,True,False,True,False,True,False,0,False,,False,False
NCT07429916,2026.0,2021-2026,EARLY_PHASE1,drug,2,50.0,OTHER,RECRUITING,RANDOMIZED,True,QUADRUPLE,4.0,True,True,PARALLEL,True,no-intervention,True,,,,,False,True,False,False,False,0,False,NO,False,False
NCT07035223,2025.0,2021-2026,PHASE4,drug,2,40.0,OTHER,COMPLETED,RANDOMIZED,True,QUADRUPLE,4.0,True,True,PARALLEL,False,active,True,,,,,True,False,False,False,True,0,False,NO,False,False
NCT03657407,2016.0,2016-2020,PHASE4,drug,2,56.0,OTHER,COMPLETED,RANDOMIZED,True,QUADRUPLE,4.0,True,True,PARALLEL,False,placebo/sham,True,56.0,56.0,0.0,True,True,True,False,True,False,0,False,NO,False,False
NCT02645903,2015.0,<=2015,PHASE4,drug,2,50.0,OTHER,COMPLETED,RANDOMIZED,True,DOUBLE,2.0,True,True,PARALLEL,False,placebo/sham,True,,,,,True,True,False,False,True,0,False,NO,False,False
NCT07057934,2024.0,2021-2026,NA,both,3,90.0,OTHER_GOV,COMPLETED,RANDOMIZED,True,TRIPLE,3.0,True,True,PARALLEL,True,none/single-group,False,,,,,False,True,True,False,False,0,False,NO,False,False
NCT04702685,2021.0,2021-2026,PHASE3,drug,2,50.0,OTHER,UNKNOWN,RANDOMIZED,True,DOUBLE,2.0,True,True,PARALLEL,False,placebo/sham,True,,,,,True,True,False,False,False,0,False,YES,True,False
NCT04764825,2021.0,2021-2026,PHASE4,drug,3,114.0,OTHER,TERMINATED,RANDOMIZED,True,QUADRUPLE,4.0,True,True,PARALLEL,True,active,True,,,,,True,True,True,False,False,0,False,NO,False,True
NCT00236223,2005.0,<=2015,PHASE4,drug,2,48.0,OTHER,TERMINATED,RANDOMIZED,True,QUADRUPLE,4.0,True,True,PARALLEL,False,placebo/sham,True,,,,,True,True,False,False,False,0,False,,False,True
NCT04600089,2020.0,2016-2020,PHASE2,drug,2,30.0,OTHER,RECRUITING,RANDOMIZED,True,QUADRUPLE,4.0,True,True,PARALLEL,False,placebo/sham,True,,,,,False,True,False,False,False,0,False,NO,False,False
NCT07063108,2025.0,2021-2026,PHASE4,drug,2,276.0,OTHER,NOT_YET_RECRUITING,RANDOMIZED,True,DOUBLE,2.0,True,True,PARALLEL,True,placebo/sham,True,,,,,True,True,False,False,False,0,False,,False,True
NCT06750627,2025.0,2021-2026,PHASE4,both,2,30.0,OTHER,NOT_YET_RECRUITING,RANDOMIZED,True,DOUBLE,2.0,True,True,PARALLEL,False,active,True,,,,,True,True,False,False,False,0,False,UNDECIDED,False,True
NCT00221338,2006.0,<=2015,PHASE3,drug,2,750.0,OTHER,COMPLETED,RANDOMIZED,True,QUADRUPLE,4.0,True,True,PARALLEL,True,placebo/sham,True,750.0,697.0,0.07066666666666666,True,True,True,False,True,True,0,False,UNDECIDED,False,True
NCT01622322,2012.0,<=2015,NA,drug,2,0.0,OTHER,WITHDRAWN,RANDOMIZED,True,TRIPLE,3.0,True,True,PARALLEL,False,placebo/sham,True,,,,,False,False,False,False,False,0,False,,False,False
NCT03224403,2017.0,2016-2020,PHASE3,drug,4,664.0,INDUSTRY,COMPLETED,RANDOMIZED,True,QUADRUPLE,4.0,True,True,PARALLEL,True,placebo/sham,True,664.0,664.0,0.0,True,True,True,True,True,False,2,True,YES,True,False
NCT04794504,2021.0,2021-2026,PHASE2,drug,2,64.0,OTHER,UNKNOWN,RANDOMIZED,True,TRIPLE,3.0,True,True,PARALLEL,True,placebo/sham,True,,,,,False,False,False,False,False,0,False,NO,False,False
NCT02865746,2004.0,<=2015,NA,drug,2,120.0,OTHER,COMPLETED,RANDOMIZED,True,DOUBLE,2.0,True,True,CROSSOVER,True,placebo/sham,True,,,,,False,True,False,False,False,0,False,UNDECIDED,False,True
NCT06717672,2023.0,2021-2026,PHASE3,drug,2,80.0,OTHER,COMPLETED,RANDOMIZED,True,QUADRUPLE,4.0,True,True,PARALLEL,False,placebo/sham,True,,,,,True,True,False,False,False,0,False,NO,False,False
NCT02455609,2015.0,<=2015,PHASE2;PHASE3,both,3,90.0,OTHER,UNKNOWN,RANDOMIZED,True,TRIPLE,3.0,True,True,PARALLEL,False,active,True,,,,,True,True,True,False,False,0,False,,False,False
NCT05246631,2020.0,2016-2020,PHASE4,drug,2,80.0,OTHER,COMPLETED,RANDOMIZED,True,TRIPLE,3.0,True,True,PARALLEL,False,active,True,,,,,True,True,False,False,False,0,False,UNDECIDED,False,True
NCT05494385,2021.0,2021-2026,PHASE4,drug,2,114.0,OTHER,COMPLETED,RANDOMIZED,True,QUADRUPLE,4.0,True,True,PARALLEL,True,placebo/sham,True,114.0,114.0,0.0,True,True,True,False,True,False,1,True,NO,False,True
NCT07676396,2025.0,2021-2026,PHASE4,drug,5,40.0,OTHER,COMPLETED,RANDOMIZED,True,DOUBLE,2.0,True,True,PARALLEL,False,no-intervention,True,,,,,True,False,True,False,False,0,False,,False,True
