nct,lead_sponsor_name,sponsor_class,sponsor_industry,sponsor_category
NCT02163824,"Kala Pharmaceuticals, Inc.",INDUSTRY,True,industry
NCT04072926,Medical Innovation Center Wroclaw,OTHER,False,hospital
NCT04635176,University of Calgary,OTHER,False,academic
NCT01011426,The Cooper Health System,OTHER,False,hospital
NCT04442750,Cairo University,OTHER,False,academic
NCT03395912,"HaEmek Medical Center, Israel",OTHER,False,hospital
NCT04244695,Thammasat University,OTHER,False,academic
NCT03967847,University Hospitals Cleveland Medical Center,OTHER,False,academic
NCT05802979,Ain Shams University,OTHER,False,academic
NCT02090790,TC Erciyes University,OTHER,False,academic
NCT07390097,Oguz Arslanturk,OTHER,False,individual
NCT01939379,Loma Linda University,OTHER,False,academic
NCT04691856,Inonu University,OTHER,False,academic
NCT04906889,The Catholic University of Korea,OTHER,False,academic
NCT03199157,Baskent University,OTHER,False,academic
NCT05248984,Ohio State University,OTHER,False,academic
NCT03745040,Allina Health System,OTHER,False,hospital
NCT02296333,Mustafa Kemal University,OTHER,False,academic
NCT02254525,Biomendi S.A.U.,INDUSTRY,True,industry
NCT02477098,"China Medical University, China",OTHER,False,academic
NCT04251962,Tel-Aviv Sourasky Medical Center,OTHER_GOV,False,government
NCT01206595,"Pacira Pharmaceuticals, Inc",INDUSTRY,True,industry
NCT00406679,Baxter Healthcare Corporation,INDUSTRY,True,industry
NCT02331576,Chonnam National University Hospital,OTHER,False,academic
NCT04180943,Bassett Healthcare,OTHER,False,hospital
NCT02731950,Assiut University,OTHER,False,academic
NCT03474510,TriHealth Inc.,OTHER,True,industry
NCT05261672,Assiut University,OTHER,False,academic
NCT05053009,Cairo University,OTHER,False,academic
NCT06669650,University of Tennessee Graduate School of Medicine,OTHER,False,academic
NCT02361567,London Health Sciences Centre Research Institute OR Lawson Research Institute of St. Joseph's,OTHER,False,research_nonprofit
NCT06815887,Cairo University,OTHER,False,academic
NCT04668456,Menoufia University,OTHER,False,academic
NCT04701593,Virginia Polytechnic Institute and State University,OTHER,False,academic
NCT07058727,Cukurova University,OTHER,False,academic
NCT01190722,Karolinska Institutet,OTHER,False,academic
NCT02096003,Icahn School of Medicine at Mount Sinai,OTHER,False,academic
NCT01437644,Guy's and St Thomas' NHS Foundation Trust,OTHER,False,government
NCT00454259,"University Hospital, Bordeaux",OTHER,False,academic
NCT06431165,Cairo University,OTHER,False,academic
NCT04236323,Seoul National University Hospital,OTHER,False,academic
NCT00650039,Pfizer,INDUSTRY,True,industry
NCT07232108,Ataturk University,OTHER,False,academic
NCT02903719,Eske Kvanner Aasvang,OTHER,False,individual
NCT05680142,Başakşehir Çam & Sakura City Hospital,OTHER_GOV,False,government
NCT03485625,Assiut University,OTHER,False,academic
NCT02252432,Cedars-Sinai Medical Center,OTHER,False,hospital
NCT06639659,Zagazig University,OTHER_GOV,False,government
NCT02424630,Chuncheon Sacred Heart Hospital,OTHER,False,hospital
NCT03826316,"Yung Shin Pharm. Ind. Co., Ltd.",INDUSTRY,True,industry
NCT02076893,Children's Hospitals and Clinics of Minnesota,OTHER,False,hospital
NCT04074265,"University of California, Los Angeles",OTHER,False,academic
NCT00799175,Region Örebro County,OTHER,False,government
NCT01811251,"University Hospital, Clermont-Ferrand",OTHER,False,academic
NCT01347853,Egalet Ltd,INDUSTRY,True,industry
NCT03149432,Centre d'Investigation Clinique et Technologique 805,OTHER,False,hospital
NCT04189640,Medipol University,OTHER,False,academic
NCT03810235,"University of Wisconsin, Madison",OTHER,False,academic
NCT02880800,"Mount Sinai Hospital, Canada",OTHER,False,hospital
NCT05921604,Tanta University,OTHER,False,academic
NCT04208516,Jeremy Kearns,OTHER,False,individual
NCT05245721,Assiut University,OTHER,False,academic
NCT05124067,Tanta University,OTHER,False,academic
NCT02619032,Attikon Hospital,OTHER,False,hospital
NCT01836614,"Children's Hospital Medical Center, Cincinnati",OTHER,False,hospital
NCT01636700,Federal University of São Paulo,OTHER,False,government
NCT07689617,Firat University,OTHER,False,academic
NCT02818491,Centre Hospitalier Universitaire Vaudois,OTHER,False,academic
NCT02852382,Istanbul University,OTHER,False,academic
NCT02285010,Mahidol University,OTHER,False,academic
NCT07257406,Valerie Zaphiratos,OTHER,False,individual
NCT02829944,Duke University,OTHER,False,academic
NCT05564819,Nanjing Children's Hospital,OTHER,False,hospital
NCT07591233,Beijing Tiantan Hospital,OTHER,False,hospital
NCT05995912,Laboratorios Liomont,INDUSTRY,True,industry
NCT06205875,Jessa Hospital,OTHER,False,hospital
NCT04133051,"National Cancer Institute, Egypt",OTHER,False,government
NCT02012244,Severance Hospital,OTHER,False,hospital
NCT05801900,Cairo University,OTHER,False,academic
NCT06638086,Rawalpindi Medical College,OTHER,False,academic
NCT04481451,Boston Children's Hospital,OTHER,False,hospital
NCT07271849,Qianfoshan Hospital,OTHER,False,hospital
NCT02523235,"University of California, San Diego",OTHER,False,academic
NCT06658574,"Rutgers, The State University of New Jersey",OTHER,False,academic
NCT00822133,Tel-Aviv Sourasky Medical Center,OTHER_GOV,False,government
NCT00725218,Nanjing Medical University,OTHER,False,academic
NCT01291147,Ashford and St. Peter's Hospitals NHS Trust,OTHER,False,government
NCT03865550,Rothman Institute Orthopaedics,OTHER,False,research_nonprofit
NCT05609955,Indonesia University,OTHER,False,academic
NCT03817034,Massachusetts General Hospital,OTHER,False,hospital
NCT06525740,Mayo Clinic,OTHER,False,hospital
NCT07024043,Ain Shams University,OTHER,False,academic
NCT00529126,"Pacira Pharmaceuticals, Inc",INDUSTRY,True,industry
NCT01030614,Instituto Mexicano del Seguro Social,OTHER_GOV,False,government
NCT03428230,Sintetica SA,INDUSTRY,True,industry
NCT03797612,"Adynxx, Inc.",INDUSTRY,True,industry
NCT07450638,Al Salam University,OTHER,False,academic
NCT04669145,Ochsner Health System,OTHER,False,hospital
NCT01364194,Mahidol University,OTHER,False,academic
NCT02288923,Royal Devon and Exeter NHS Foundation Trust,OTHER,False,government
NCT00235261,"Glostrup University Hospital, Copenhagen",OTHER,False,academic
NCT01177514,Codet Vision Institute,OTHER,False,research_nonprofit
NCT03593642,Vinmec Healthcare System,OTHER,False,hospital
NCT05394402,"Jiangsu HengRui Medicine Co., Ltd.",INDUSTRY,True,industry
NCT02483689,Valley Anesthesiology Consultants,OTHER,False,individual
NCT03830086,IRCCS Azienda Ospedaliero-Universitaria di Bologna,OTHER,False,academic
NCT05603832,Arthritis Innovation Corporation,INDUSTRY,True,industry
NCT00006427,Eunice Kennedy Shriver National Institute of Child Health and Human Development (NICHD),NIH,False,government
NCT06379425,Northwell Health,OTHER,False,hospital
NCT04680221,"University of Missouri, Kansas City",OTHER,False,academic
NCT04110886,"Sichuan Haisco Pharmaceutical Group Co., Ltd",INDUSTRY,True,industry
NCT07393386,"Shanghai Pulmonary Hospital, Shanghai, China",OTHER,False,hospital
NCT06974656,Cairo University,OTHER,False,academic
NCT04990804,Vanderbilt University Medical Center,OTHER,False,academic
NCT03907813,Wright State University,OTHER,False,academic
NCT00768248,"University of California, San Diego",OTHER,False,academic
NCT01277835,University of Saskatchewan,OTHER,False,academic
NCT04421209,Duke University,OTHER,False,academic
NCT01439399,University of Lausanne Hospitals,OTHER,False,academic
NCT02324933,Bassett Healthcare,OTHER,False,hospital
NCT02161484,Rita Merman,OTHER,False,individual
NCT02691403,Sun Yat-sen University,OTHER,False,academic
NCT03858231,Sanford Health,OTHER,False,hospital
NCT05172908,Karaman Training and Research Hospital,OTHER,False,hospital
NCT05816772,Dow University of Health Sciences,OTHER,False,academic
NCT01644864,Thomas Jefferson University,OTHER,False,academic
NCT03871387,Yonsei University,OTHER,False,academic
NCT02658240,University of Texas Southwestern Medical Center,OTHER,False,academic
NCT01608308,"The University of Texas Health Science Center, Houston",OTHER,False,academic
NCT06981494,Sohag University,OTHER,False,academic
NCT05021809,Suez Canal University,OTHER,False,academic
NCT03541837,Vinmec Healthcare System,OTHER,False,hospital
NCT02660918,Christiana Care Health Services,OTHER,False,hospital
NCT04646707,"University Health Network, Toronto",OTHER,False,academic
NCT00864409,Hvidovre University Hospital,OTHER,False,academic
NCT04680286,University of Aarhus,OTHER,False,academic
NCT06668298,Henan Provincial People's Hospital,OTHER,False,hospital
NCT01552096,Imam Abdulrahman Bin Faisal University,OTHER,False,academic
NCT02987920,University of Southern California,OTHER,False,academic
NCT06253260,Cairo University,OTHER,False,academic
NCT07063108,Chinese PLA General Hospital,OTHER,False,hospital
NCT02849678,Jacques E. Chelly,OTHER,False,other
NCT02344264,Daniel Hägi-Pedersen,OTHER,False,individual
NCT04641338,Brazilian Clinical Research Institute,OTHER,False,research_nonprofit
NCT03677817,"University Hospital, Basel, Switzerland",OTHER,False,academic
NCT06294665,Ain Shams University,OTHER,False,academic
NCT01782898,Northwestern University,OTHER,False,academic
NCT02424578,"Iroko Pharmaceuticals, LLC",INDUSTRY,True,industry
NCT02571439,Maimonides Medical Center,OTHER,False,hospital
NCT06234631,Chad Brummett,OTHER,False,individual
NCT01995045,Emory University,OTHER,False,academic
NCT02996227,The Cleveland Clinic,OTHER,False,hospital
NCT02630160,Parc de Salut Mar,OTHER,False,other
NCT01542697,B.P. Koirala Institute of Health Sciences,OTHER,False,research_nonprofit
NCT07614802,Duke University,OTHER,False,academic
NCT07353307,The Third Xiangya Hospital of Central South University,OTHER,False,academic
NCT01698203,"University Hospital, Strasbourg, France",OTHER,False,academic
NCT04528173,Children's Hospital of Philadelphia,OTHER,False,hospital
NCT01082744,Hospices Civils de Lyon,OTHER,False,hospital
NCT01536717,Helsinki University Central Hospital,OTHER,False,academic
NCT02518438,Yeditepe University Hospital,OTHER,False,academic
NCT07285083,Sheikh Zayed Medical College,OTHER_GOV,False,government
NCT06120530,Indiana University,OTHER,False,academic
NCT01777100,University of Sao Paulo,OTHER,False,academic
NCT01074229,Northwestern University,OTHER,False,academic
NCT04995497,Archit Sharma,OTHER,False,individual
NCT05824832,Loyola University,OTHER,False,academic
NCT00618423,"University Hospital, Geneva",OTHER,False,academic
NCT05046639,Northwestern University,OTHER,False,academic
NCT07213635,"University of North Carolina, Chapel Hill",OTHER,False,academic
NCT07330479,University of Gaziantep,OTHER,False,academic
NCT02793011,Nationwide Children's Hospital,OTHER,False,hospital
NCT07334132,Region Örebro County,OTHER,False,government
NCT03437707,Inonu University,OTHER,False,academic
NCT02744482,"University Hospital, Limoges",OTHER,False,academic
NCT05841290,British University In Egypt,OTHER,False,academic
NCT04900116,Istanbul University,OTHER,False,academic
NCT01150474,Kristina A. Butler,OTHER,False,other
NCT04729049,AUSL Romagna Rimini,OTHER,False,other
NCT03394807,"Health Service Executive, Ireland",OTHER,False,hospital
NCT03403842,IRCCS San Raffaele,OTHER,False,other
NCT01979354,Mahidol University,OTHER,False,academic
NCT05533684,Minia University,OTHER,False,academic
NCT00819962,King Saud University,OTHER,False,academic
NCT04574791,Rothman Institute Orthopaedics,OTHER,False,research_nonprofit
NCT01055015,QRxPharma Inc.,INDUSTRY,True,industry
NCT07344467,Tanta University,OTHER,False,academic
NCT03870685,Danbury Hospital,OTHER,False,hospital
NCT00769054,Hvidovre University Hospital,OTHER,False,academic
NCT02240199,McMaster University,OTHER,False,academic
NCT05323565,Ain Shams University,OTHER,False,academic
NCT01907997,Yonsei University,OTHER,False,academic
NCT02875288,"United States Naval Medical Center, San Diego",FED,False,government
NCT00603083,Vejle Hospital,OTHER,False,hospital
NCT03088306,Johns Hopkins University,OTHER,False,academic
NCT01267136,Children's Hospitals and Clinics of Minnesota,OTHER,False,hospital
NCT05600023,Altamash Institute of Dental Medicine,OTHER,False,research_nonprofit
NCT02255955,Diskapi Yildirim Beyazit Education and Research Hospital,OTHER_GOV,False,government
NCT03295721,Heron Therapeutics,INDUSTRY,True,industry
NCT03601780,Assiut University,OTHER,False,academic
NCT02862769,London Health Sciences Centre Research Institute OR Lawson Research Institute of St. Joseph's,OTHER,False,research_nonprofit
NCT06635889,University of Chicago,OTHER,False,academic
NCT02223533,Hospital Galdakao-Usansolo,OTHER_GOV,False,government
NCT04232306,Wake Forest University Health Sciences,OTHER,False,academic
NCT03733275,The Catholic University of Korea,OTHER,False,academic
NCT01823497,Medical College of Wisconsin,OTHER,False,academic
NCT03176758,Meir Medical Center,OTHER,False,hospital
NCT05479175,Yuzuncu Yil University,OTHER,False,academic
NCT06903819,Texas Tech University Health Sciences Center,OTHER,False,academic
NCT01189071,University of Missouri-Columbia,OTHER,False,academic
NCT03204045,Yeungnam University College of Medicine,OTHER,False,academic
NCT05459220,"Jiangsu HengRui Medicine Co., Ltd.",INDUSTRY,True,industry
NCT00849966,Children's Hospital of Eastern Ontario,OTHER,False,hospital
NCT07164677,Ondokuz Mayıs University,OTHER,False,academic
NCT06886035,Erzincan Military Hospital,OTHER,False,government
NCT06717672,Liaquat National Hospital & Medical College,OTHER,False,academic
NCT00136682,Memorial Sloan Kettering Cancer Center,OTHER,False,hospital
NCT05015907,Seoul National University Hospital,OTHER,False,academic
NCT01983111,Mundipharma Korea Ltd,INDUSTRY,True,industry
NCT03421821,Third Military Medical University,OTHER,False,government
NCT02577809,"University of Witwatersrand, South Africa",OTHER,False,academic
NCT00801398,"Endo USA Inc., a Keenova Therapeutics Company",INDUSTRY,True,industry
NCT00844012,University Magna Graecia,OTHER,False,academic
NCT02783144,San Salvatore Hospital of L'Aquila,OTHER,False,hospital
NCT03679013,Inova Health Care Services,OTHER,False,hospital
NCT04156581,"Hospital for Special Surgery, New York",OTHER,False,hospital
NCT05331781,Sohag University,OTHER,False,academic
NCT05366777,Seoul National University Hospital,OTHER,False,academic
NCT04447040,"Johnson & Johnson Consumer Inc., McNeil Consumer Healthcare Division",INDUSTRY,True,industry
NCT03644147,Seoul National University Hospital,OTHER,False,academic
NCT03982784,Cui Xulei,OTHER,False,individual
NCT01690663,University of Pennsylvania,OTHER,False,academic
NCT06709716,Walter Reed National Military Medical Center,FED,False,government
NCT06479161,"Matthew Grosso, MD",OTHER,False,other
NCT06183073,Sohag University,OTHER,False,academic
NCT03125941,"Rigshospitalet, Denmark",OTHER,False,hospital
NCT03116672,Universidad Autonoma de Baja California,OTHER,False,academic
NCT06893601,Aydin Adnan Menderes University,OTHER,False,academic
NCT05324358,"Neumentum, Inc.",OTHER,True,industry
NCT01984463,Centre hospitalier de l'Université de Montréal (CHUM),OTHER,False,academic
NCT03033147,Cairo University,OTHER,False,academic
NCT05023369,"Ente Ospedaliero Cantonale, Bellinzona",OTHER,False,other
NCT06006624,Rothman Institute Orthopaedics,OTHER,False,research_nonprofit
NCT04814433,NYU Langone Health,OTHER,False,hospital
NCT02475031,Indiana University,OTHER,False,academic
NCT06685991,AABDI Mohammed,OTHER,False,other
NCT03043027,Northwell Health,OTHER,False,hospital
NCT05782608,Cairo University,OTHER,False,academic
NCT05281081,Sohag University,OTHER,False,academic
NCT06704698,Zhejiang Cancer Hospital,OTHER,False,hospital
NCT05018091,Rush University Medical Center,OTHER,False,academic
NCT06534697,Foisor Orthopedics Clinical Hospital,OTHER,False,hospital
NCT06780267,"Shandong Suncadia Medicine Co., Ltd.",INDUSTRY,True,industry
NCT06895382,Namik Kemal University,OTHER,False,academic
NCT00413582,Children's Mercy Hospital Kansas City,OTHER,False,hospital
NCT02107339,Endeavor Health,OTHER,False,hospital
NCT04732000,Stanford University,OTHER,False,academic
NCT06685445,Bursa City Hospital,OTHER_GOV,False,government
NCT06381401,Cairo University,OTHER,False,academic
NCT03514277,"Virtua Health, Inc.",OTHER,True,industry
NCT06344169,Dalin Tzu Chi General Hospital,OTHER,False,hospital
NCT02328144,Instituto Mexicano del Seguro Social,OTHER_GOV,False,government
NCT01930877,Baylor College of Medicine,OTHER,False,academic
NCT07411950,EPC Education s.r.o.,OTHER,False,other
NCT01465191,Columbia University,OTHER,False,academic
NCT01170702,Northwestern University,OTHER,False,academic
NCT02603848,McMaster University,OTHER,False,academic
NCT04102267,Heron Therapeutics,INDUSTRY,True,industry
NCT01539538,"Talphera, Inc",INDUSTRY,True,industry
NCT02530151,Northwestern University,OTHER,False,academic
NCT02914028,Istanbul University,OTHER,False,academic
NCT04402411,"National Cancer Institute, Egypt",OTHER,False,government
NCT02398123,Mansoura University,OTHER,False,academic
NCT04808544,E-DA Hospital,OTHER,False,hospital
NCT02747628,Ain Shams University,OTHER,False,academic
NCT06524596,Wuhan Children's Hospital,OTHER,False,hospital
NCT00456638,Drexel University College of Medicine,OTHER,False,academic
NCT05068960,Scripps Clinic,OTHER,False,hospital
NCT04398589,Chuncheon Sacred Heart Hospital,OTHER,False,hospital
NCT03562611,Sun Yat-sen University,OTHER,False,academic
NCT01052012,Durect,INDUSTRY,True,industry
NCT04643132,Tianjin Medical University General Hospital,OTHER,False,academic
NCT05900427,Johnny K. Lee,OTHER,False,other
NCT04646694,"University Health Network, Toronto",OTHER,False,academic
NCT06231355,Peking University First Hospital,OTHER,False,academic
NCT01201499,Tel-Aviv Sourasky Medical Center,OTHER_GOV,False,government
NCT07670052,Assiut University,OTHER,False,academic
NCT02581566,Assiut University,OTHER,False,academic
NCT00993226,Durect,INDUSTRY,True,industry
NCT00330941,The Cleveland Clinic,OTHER,False,hospital
NCT01729728,Grünenthal GmbH,INDUSTRY,True,industry
NCT07296770,"University of California, San Francisco",OTHER,False,academic
NCT03771755,Indonesia University,OTHER,False,academic
NCT03316118,Northwestern University,OTHER,False,academic
NCT05438992,Cairo University,OTHER,False,academic
NCT00344045,Bristol-Myers Squibb,INDUSTRY,True,industry
NCT02299908,Patricia Salazar Villegas,OTHER,False,individual
NCT05785689,University of Southern Denmark,OTHER,False,academic
NCT00435747,Pfizer,INDUSTRY,True,industry
NCT00965796,Federal University of São Paulo,OTHER,False,government
NCT00707057,"SCOLR Pharma, Inc.",INDUSTRY,True,industry
NCT03714867,Augusta University,OTHER,False,academic
NCT07368790,"Queen Savang Vadhana Memorial Hospital, Thailand",OTHER,False,hospital
NCT03011307,Wake Forest University Health Sciences,OTHER,False,academic
NCT03731468,Assiut University,OTHER,False,academic
NCT00841841,University Center of Araraquara,OTHER,False,academic
NCT04831736,NYU Langone Health,OTHER,False,hospital
NCT00411307,"Alza Corporation, DE, USA",INDUSTRY,True,industry
NCT03979599,South Egypt Cancer Institute,OTHER,False,research_nonprofit
NCT04412694,Medical University of Lodz,OTHER,False,academic
NCT06660875,Ankara Etlik City Hospital,OTHER_GOV,False,government
NCT03774836,"Avenue Therapeutics, Inc.",INDUSTRY,True,industry
NCT03610893,University of Chile,OTHER,False,academic
NCT02645474,Ospedale Regionale Bellinzona e Valli,OTHER,False,hospital
NCT05590013,Cukurova University,OTHER,False,academic
NCT03040011,"Lauren Giugale, MD",OTHER,False,other
NCT06833697,Medipol University,OTHER,False,academic
NCT07626463,Beijing Tiantan Hospital,OTHER,False,hospital
NCT05351229,Northwestern University,OTHER,False,academic
NCT01429480,Hillel Yaffe Medical Center,OTHER_GOV,False,government
NCT04118101,Theodor Bilharz Research Institute,OTHER,False,research_nonprofit
NCT05543785,Mansoura University,OTHER,False,academic
NCT05414006,The Second Affiliated Hospital of Chongqing Medical University,OTHER,False,academic
NCT04104919,"Adynxx, Inc.",INDUSTRY,True,industry
NCT06008002,Bursa Yuksek Ihtisas Training and Research Hospital,OTHER_GOV,False,government
NCT02221674,Grünenthal GmbH,INDUSTRY,True,industry
NCT06483204,Vanderbilt University Medical Center,OTHER,False,academic
NCT03369782,Algemeen Ziekenhuis Maria Middelares,OTHER,False,other
NCT01280331,QRxPharma Inc.,INDUSTRY,True,industry
NCT01143025,San Gerardo Hospital,OTHER,False,hospital
NCT01630343,"Queen Elizabeth Hospital, Hong Kong",OTHER,False,hospital
NCT05843344,Dr Kassiani Theodoraki,OTHER,False,individual
NCT02934191,Children's Hospital of Philadelphia,OTHER,False,hospital
NCT04849468,Imam Abdulrahman Bin Faisal University,OTHER,False,academic
NCT01353456,The University of Hong Kong,OTHER,False,academic
NCT04529356,Huashan Hospital,OTHER,False,hospital
NCT01278264,"Clinique Saint-Jean, Bruxelles",OTHER,False,other
NCT03827213,Montefiore Medical Center,OTHER,False,hospital
NCT06045936,Mayo Clinic,OTHER,False,hospital
NCT00178178,University of Rochester,OTHER,False,academic
NCT05283980,Beth Israel Deaconess Medical Center,OTHER,False,hospital
NCT02086097,Daniel Chavarría Bolaños,OTHER,False,individual
NCT07195669,Jacob Lensing,OTHER,False,individual
NCT07565662,Universidad Juárez Autónoma de Tabasco,OTHER,False,academic
NCT01494259,Johns Hopkins University,OTHER,False,academic
NCT02365961,The Hawkins Foundation,OTHER,False,research_nonprofit
NCT02932930,"St Joseph University, Beirut, Lebanon",OTHER,False,academic
NCT03198403,Regionshospitalet Silkeborg,OTHER,False,hospital
NCT07424001,Mehmet Çiğdem,OTHER,False,individual
NCT05717361,Evangelismos Hospital,OTHER,False,hospital
NCT00304850,"University Hospital, Bordeaux",OTHER,False,academic
NCT04414917,"Rutgers, The State University of New Jersey",OTHER,False,academic
NCT01667445,London Health Sciences Centre Research Institute OR Lawson Research Institute of St. Joseph's,OTHER,False,research_nonprofit
NCT01837394,Jens Borglum Neimann,OTHER,False,individual
NCT02291094,Hospital de Base,OTHER,False,hospital
NCT06381063,"Centre Hospitalier Universitaire, Amiens",OTHER,False,academic
NCT00623285,University of Manitoba,OTHER,False,academic
NCT02242591,Ulrik Grevstad,OTHER,False,individual
NCT01281891,Region Örebro County,OTHER,False,government
NCT06936709,Geisinger Clinic,OTHER,False,hospital
NCT06084403,Bursa City Hospital,OTHER_GOV,False,government
NCT04911062,Heron Therapeutics,INDUSTRY,True,industry
NCT05893771,Menoufia University,OTHER,False,academic
NCT03127592,Apsen Farmaceutica S.A.,INDUSTRY,True,industry
NCT07244757,Cairo University,OTHER,False,academic
NCT02962024,"Fatma Adel El sherif,MD",OTHER,False,other
NCT05091905,"University of California, San Diego",OTHER,False,academic
NCT06694077,Assiut University,OTHER,False,academic
NCT05206110,Jessa Hospital,OTHER,False,hospital
NCT04653415,Jagiellonian University,OTHER,False,academic
NCT06215820,Viatris Specialty LLC,INDUSTRY,True,industry
NCT05120076,Balgrist University Hospital,OTHER,False,academic
NCT03095404,McMaster University,OTHER,False,academic
NCT06608056,Pakistan Air Force (PAF) Hospital Islamabad,OTHER,False,government
NCT00318292,Mayo Clinic,OTHER,False,hospital
NCT00872885,"Tris Pharma, Inc.",INDUSTRY,True,industry
NCT01527942,Trinity Health Of New England,OTHER,False,hospital
NCT03713216,Cathay General Hospital,OTHER,False,hospital
NCT04495283,"Nevakar, Inc.",INDUSTRY,True,industry
NCT00859313,"Talphera, Inc",INDUSTRY,True,industry
NCT07227649,University of Arizona,OTHER,False,academic
NCT01703351,Yonsei University,OTHER,False,academic
NCT05722002,University of Michigan,OTHER,False,academic
NCT01406561,Omeros Corporation,INDUSTRY,True,industry
NCT05091138,Wayne State University,OTHER,False,academic
NCT04432428,"University Hospital, Ghent",OTHER,False,academic
NCT00478023,Grünenthal GmbH,INDUSTRY,True,industry
NCT03714919,Arlyne Thung,OTHER,False,individual
NCT00620490,"University Hospital, Strasbourg, France",OTHER,False,academic
NCT02426164,Miller Orthopedic Specialists,OTHER,False,individual
NCT06416891,Cairo University,OTHER,False,academic
NCT06864416,Ain Shams University,OTHER,False,academic
NCT05317312,"Mylan Specialty, LP",INDUSTRY,True,industry
NCT04248205,University of Oklahoma,OTHER,False,academic
NCT04774328,Concentric Analgesics,INDUSTRY,True,industry
NCT01620047,University of South Florida,OTHER,False,academic
NCT02007330,Yonsei University,OTHER,False,academic
NCT00142519,Memorial Sloan Kettering Cancer Center,OTHER,False,hospital
NCT03040167,Pierre Beaulieu,OTHER,False,individual
NCT04161690,KAT General Hospital,OTHER,False,hospital
NCT05348824,Cairo University,OTHER,False,academic
NCT00092378,Merck Sharp & Dohme LLC,INDUSTRY,True,industry
NCT01960114,"McNeil Consumer Healthcare Division of McNEIL-PPC, Inc.",INDUSTRY,True,industry
NCT01466764,Stanford University,OTHER,False,academic
NCT02447965,University of Arkansas,OTHER,False,academic
NCT07528612,Region Halland,OTHER,False,government
NCT05083663,Sohag University,OTHER,False,academic
NCT03196505,"University of California, San Francisco",OTHER,False,academic
NCT04130464,Ying Liu,OTHER,False,individual
NCT00289419,University of Aarhus,OTHER,False,academic
NCT07706348,Assiut University,OTHER,False,academic
NCT06427044,Lu Hua,OTHER,False,individual
NCT04114149,Göteborg University,OTHER,False,academic
NCT03549611,Kevin J Flynn MD,OTHER,False,other
NCT06774625,Latigo Biotherapeutics,INDUSTRY,True,industry
NCT00421967,University of Aarhus,OTHER,False,academic
NCT01591980,Unity Health Toronto,OTHER,False,hospital
NCT07226700,"Hospital for Special Surgery, New York",OTHER,False,hospital
NCT06046105,Ain Shams University,OTHER,False,academic
NCT06894719,Rush University Medical Center,OTHER,False,academic
NCT02375100,Bozyaka Training and Research Hospital,OTHER,False,hospital
NCT01395043,Aalborg University Hospital,OTHER,False,academic
NCT07287683,Alexandria University,OTHER,False,academic
NCT03885804,Ain Shams University,OTHER,False,academic
NCT01526525,G.Gennimatas General Hospital,OTHER,False,hospital
NCT05904184,University of Medicine and Pharmacy at Ho Chi Minh City,OTHER,False,academic
NCT07306702,Shenyang Sixth People's Hospital,OTHER,False,hospital
NCT01529346,Pfizer,INDUSTRY,True,industry
NCT01529190,Federal University of São Paulo,OTHER,False,government
NCT04223219,Mansoura University,OTHER,False,academic
NCT03296488,Kaohsiung Medical University Chung-Ho Memorial Hospital,OTHER,False,academic
NCT07349810,"Rutgers, The State University of New Jersey",OTHER,False,academic
NCT00738192,Nanjing Medical University,OTHER,False,academic
NCT02499341,Attikon Hospital,OTHER,False,hospital
NCT05506787,"Jinling Hospital, China",OTHER,False,hospital
NCT06300944,General Hospital of Ningxia Medical University,OTHER,False,academic
NCT02716129,"Abdelrady S Ibrahim, MD",OTHER,False,other
NCT06537323,Aswan University Hospital,OTHER,False,academic
NCT02287246,Walter Reed National Military Medical Center,FED,False,government
NCT01872494,Guangzhou General Hospital of Guangzhou Military Command,OTHER,False,government
NCT00819988,Ottawa Hospital Research Institute,OTHER,False,hospital
NCT03244540,Medical University of Lublin,OTHER,False,academic
NCT01231191,"University of California, San Diego",OTHER,False,academic
NCT02574520,Durect,INDUSTRY,True,industry
NCT07469332,Ankara City Hospital Bilkent,OTHER,False,hospital
NCT02123979,East Carolina University,OTHER,False,academic
NCT00638508,Maimonides Medical Center,OTHER,False,hospital
NCT06935331,"OrthoCarolina Research Institute, Inc.",OTHER,False,research_nonprofit
NCT07269106,"Zhongshan Ophthalmic Center, Sun Yat-sen University",OTHER,False,academic
NCT07453576,KEZBAN MELTEM ÇOLAK,OTHER,False,other
NCT03912740,Erasme University Hospital,OTHER,False,academic
NCT03731364,Concentric Analgesics,INDUSTRY,True,industry
NCT02108847,University of Saskatchewan,OTHER,False,academic
NCT00765232,Mayo Clinic,OTHER,False,hospital
NCT03639389,Karolinska Institutet,OTHER,False,academic
NCT07644923,NYU Langone Health,OTHER,False,hospital
NCT03513445,University of Minnesota,OTHER,False,academic
NCT06721832,Benha University,OTHER,False,academic
NCT06269770,University of Thessaly,OTHER,False,academic
NCT01116713,Instituto Mexicano del Seguro Social,OTHER_GOV,False,government
NCT06689943,Ann & Robert H Lurie Children's Hospital of Chicago,OTHER,False,hospital
NCT01170780,Mette Astrup Madsen,OTHER,False,individual
NCT05335252,Northwestern University,OTHER,False,academic
NCT02749162,Foisor Orthopedics Clinical Hospital,OTHER,False,hospital
NCT03599427,Algemeen Ziekenhuis Maria Middelares,OTHER,False,other
NCT04033471,Assiut University,OTHER,False,academic
NCT01291979,Chung-Ang University Hospital,OTHER,False,academic
NCT00470600,Cumberland Pharmaceuticals,INDUSTRY,True,industry
NCT03604354,"All India Institute of Medical Sciences, Bhubaneswar",OTHER,False,research_nonprofit
NCT03645304,Kangbuk Samsung Hospital,OTHER,False,hospital
NCT05144828,Medical College of Wisconsin,OTHER,False,academic
NCT03510559,"University Health Network, Toronto",OTHER,False,academic
NCT02400645,University of Tennessee,OTHER,False,academic
NCT07678385,Hospital Universitario de Caracas,OTHER,False,academic
NCT02439281,Mihaela Visoiu,OTHER,False,individual
NCT01236495,Mahidol University,OTHER,False,academic
NCT02043704,TriHealth Inc.,OTHER,True,industry
NCT05943015,Gaziosmanpasa Research and Education Hospital,OTHER_GOV,False,government
NCT03355716,Assiut University,OTHER,False,academic
NCT03719261,Cairo University,OTHER,False,academic
NCT00624455,University of British Columbia,OTHER,False,academic
NCT04697745,Benha University,OTHER,False,academic
NCT02649179,"Air Force Military Medical University, China",OTHER,False,government
NCT06574516,King Abdullah University Hospital,OTHER,False,academic
NCT07131657,PHARMAFINA,INDUSTRY,True,industry
NCT06612424,Gaziosmanpasa Research and Education Hospital,OTHER_GOV,False,government
NCT05023278,"University of California, San Francisco",OTHER,False,academic
NCT00815503,Odense University Hospital,OTHER,False,academic
NCT04749095,Benha University,OTHER,False,academic
NCT05264805,Hamdard University,OTHER,False,academic
NCT03763110,Cairo University,OTHER,False,academic
NCT07666971,Centre Hospitalier Universitaire Vaudois,OTHER,False,academic
NCT04222725,Tarsier Pharma,INDUSTRY,True,industry
NCT05581901,University of Southern Denmark,OTHER,False,academic
NCT03498092,Alaa Mazy,OTHER,False,individual
NCT01546948,Endeavor Health,OTHER,False,hospital
NCT06140238,Department of Medical Services Ministry of Public Health of Thailand,OTHER_GOV,False,government
NCT05817162,Instituto Portugues da Face,OTHER,False,research_nonprofit
NCT06495632,Cape Fear Valley Health System,OTHER,False,hospital
NCT03571490,Zealand University Hospital,OTHER,False,academic
NCT00678379,Vanderbilt University Medical Center,OTHER,False,academic
NCT02247648,Centre hospitalier de l'Université de Montréal (CHUM),OTHER,False,academic
NCT07186426,"Haisco Pharmaceutical Group Co., Ltd.",INDUSTRY,True,industry
NCT04825704,Nordlandssykehuset HF,OTHER,False,other
NCT01964586,TC Erciyes University,OTHER,False,academic
NCT05425420,Kanecia Obie Zimmerman,OTHER,False,individual
NCT02653144,Montefiore Medical Center,OTHER,False,hospital
NCT05622656,First People's Hospital of Chenzhou,OTHER,False,hospital
NCT02997215,Beijing Tongren Hospital,OTHER,False,hospital
NCT01671800,Henry M. Jackson Foundation for the Advancement of Military Medicine,OTHER,False,government
NCT02155738,"Halina M Zyczynski, MD",OTHER,False,other
NCT04646967,Alberta Children's Hospital,OTHER,False,hospital
NCT07445451,Dr. Lutfi Kirdar Kartal Training and Research Hospital,OTHER_GOV,False,government
NCT02929589,Mike O'Callaghan Military Hospital,FED,False,government
NCT05764525,Vivozon Pharmaceutical Inc.,INDUSTRY,True,industry
NCT00927888,Stanford University,OTHER,False,academic
NCT05901389,Qilu Hospital of Shandong University,OTHER,False,academic
NCT02444533,Mayo Clinic,OTHER,False,hospital
NCT06271265,"Pacira Pharmaceuticals, Inc",INDUSTRY,True,industry
NCT03902782,McGill University Health Centre/Research Institute of the McGill University Health Centre,OTHER,False,academic
NCT01194089,Toby Weingarten,OTHER,False,individual
NCT03187080,"University of Wisconsin, Madison",OTHER,False,academic
NCT05920967,Xijing Hospital,OTHER,False,hospital
NCT07486245,CMH Multan Institute of Medical Sciences,OTHER_GOV,False,government
NCT04691726,Łukasz Krzych,OTHER,False,other
NCT00581139,"University of California, Irvine",OTHER,False,academic
NCT04177342,Chen Wannan,OTHER,False,individual
NCT02263963,Corewell Health West,OTHER,False,hospital
NCT07396688,Ankara University,OTHER,False,academic
NCT05324891,Mansoura University,OTHER,False,academic
NCT00653354,Pfizer,INDUSTRY,True,industry
NCT05286008,Tianjin Medical University General Hospital,OTHER,False,academic
NCT03363425,University of Athens,OTHER,False,academic
NCT03242668,Nguyen Trung Kien,OTHER,False,individual
NCT01062906,McGill University Health Centre/Research Institute of the McGill University Health Centre,OTHER,False,academic
NCT00619086,University of Bern,OTHER,False,academic
NCT02466542,Hospital de Base,OTHER,False,hospital
NCT02848963,Cukurova University,OTHER,False,academic
NCT03388814,Wake Forest University Health Sciences,OTHER,False,academic
NCT06857734,Benha University,OTHER,False,academic
NCT02523846,"Clinical Research Centre, Malaysia",OTHER,False,research_nonprofit
NCT02052557,Des Moines University,OTHER,False,academic
NCT03538496,Ataturk University,OTHER,False,academic
NCT05218733,Ain Shams University,OTHER,False,academic
NCT03545516,Richmond University Medical Center,OTHER,False,academic
NCT03844451,University of Texas at Austin,OTHER,False,academic
NCT01366313,Procare Riaya Hospital,OTHER,False,hospital
NCT04124822,Dow University of Health Sciences,OTHER,False,academic
NCT01798316,Northwell Health,OTHER,False,hospital
NCT01986309,Pontificia Universidad Catolica de Chile,OTHER,False,academic
NCT07388888,Ain Shams University,OTHER,False,academic
NCT03956966,Minia University,OTHER,False,academic
NCT03769818,Aswan University Hospital,OTHER,False,academic
NCT03015532,Heron Therapeutics,INDUSTRY,True,industry
NCT07140510,Thammasat University,OTHER,False,academic
NCT00241332,Ullevaal University Hospital,OTHER,False,academic
NCT04475198,"SiteOne Therapeutics, Inc.",INDUSTRY,True,industry
NCT07659665,Sana'a University,OTHER,False,academic
NCT07491146,"Yingyong Zhou,MD,PhD",OTHER,False,other
NCT07599254,TC Erciyes University,OTHER,False,academic
NCT04005755,"AFT Pharmaceuticals, Ltd.",INDUSTRY,True,industry
NCT02096926,"Lotus Clinical Research, LLC",OTHER,True,industry
NCT05050656,Ain Shams University,OTHER,False,academic
NCT04639011,Boston Medical Center,OTHER,False,hospital
NCT04987372,"University Hospital, Ghent",OTHER,False,academic
NCT07391501,Ying Zhu,OTHER,False,individual
NCT07018375,Tianjin Medical University General Hospital,OTHER,False,academic
NCT06701539,Beijing Tiantan Hospital,OTHER,False,hospital
NCT05340725,Assiut University,OTHER,False,academic
NCT00968955,Hvidovre University Hospital,OTHER,False,academic
NCT03439787,University of Aarhus,OTHER,False,academic
NCT03429400,West-Ward Pharmaceutical,INDUSTRY,True,industry
NCT07704970,Huazhong University of Science and Technology,OTHER,False,academic
NCT01859585,Prince of Songkla University,OTHER,False,academic
NCT06034041,King Chulalongkorn Memorial Hospital,OTHER,False,hospital
NCT02252614,Diskapi Yildirim Beyazit Education and Research Hospital,OTHER_GOV,False,government
NCT04697537,Medical University of Graz,OTHER,False,academic
NCT03879980,Indonesia University,OTHER,False,academic
NCT06923540,Centre hospitalier de l'Université de Montréal (CHUM),OTHER,False,academic
NCT04787731,NYU College of Dentistry,OTHER,False,academic
NCT07500454,"ISSSTE Hospital Regional ""Gral. Ignacio Zaragoza""",OTHER_GOV,False,government
NCT06942702,Mersin University,OTHER,False,academic
NCT05928520,Al-Azhar University,OTHER,False,academic
NCT01249872,University of Patras,OTHER,False,academic
NCT05498870,Medical University of South Carolina,OTHER,False,academic
NCT05158348,Kasr El Aini Hospital,OTHER,False,hospital
NCT05549492,Egymedicalpedia,INDUSTRY,True,industry
NCT00996177,Janssen-Cilag International NV,INDUSTRY,True,industry
NCT01125059,Northwestern University,OTHER,False,academic
NCT03918889,Eye & ENT Hospital of Fudan University,OTHER,False,academic
NCT01868633,University of Iowa,OTHER,False,academic
NCT01969006,Randers Regional Hospital,OTHER,False,hospital
NCT02924480,CAMC Health System,OTHER,False,hospital
NCT06570538,Affiliated Cancer Hospital & Institute of Guangzhou Medical University,OTHER,False,academic
NCT01706588,IBSA Institut Biochimique SA,INDUSTRY,True,industry
NCT04230980,Weill Medical College of Cornell University,OTHER,False,academic
NCT06864884,"Arcato Laboratories, Inc.",INDUSTRY,True,industry
NCT07274670,Udayana University,OTHER,False,academic
NCT05477875,University of Florida,OTHER,False,academic
NCT00620828,Duke University,OTHER,False,academic
NCT03230565,Stanford University,OTHER,False,academic
NCT04540848,"The University of Texas Health Science Center, Houston",OTHER,False,academic
NCT05708742,Fayoum University Hospital,OTHER,False,academic
NCT04239794,Seoul National University Hospital,OTHER,False,academic
NCT07035223,Nashwa Ahmed,OTHER,False,individual
NCT01096797,San Gerardo Hospital,OTHER,False,hospital
NCT04522206,NYU Langone Health,OTHER,False,hospital
NCT03822962,University of Nebraska,OTHER,False,academic
NCT05727969,Fayoum University Hospital,OTHER,False,academic
NCT03739021,University of South Florida,OTHER,False,academic
NCT05260008,"Allay Therapeutics, Inc.",INDUSTRY,True,industry
NCT06845930,Assumpta Nnenna Nweke,OTHER_GOV,False,government
NCT03865147,Medical Ethics UK Ltd,INDUSTRY,True,industry
NCT03681574,Hospital Infantil Albert Sabin,OTHER,False,hospital
NCT04273282,Research Insight LLC,INDUSTRY,True,industry
NCT05702151,Hospital Clinic of Barcelona,OTHER,False,hospital
NCT01591746,Mayo Clinic,OTHER,False,hospital
NCT03211871,Bogomolets National Medical University,OTHER,False,academic
NCT05375916,University of Alberta,OTHER,False,academic
NCT07472959,Istanbul University - Cerrahpasa,OTHER,False,academic
NCT04254679,McGill University Health Centre/Research Institute of the McGill University Health Centre,OTHER,False,academic
NCT06951230,Ain Shams University,OTHER,False,academic
NCT04272320,Ataturk University,OTHER,False,academic
NCT01008553,Janssen Pharmaceutical K.K.,INDUSTRY,True,industry
NCT00616850,Loma Linda University,OTHER,False,academic
NCT02879435,Mark Kosanovich,OTHER,False,individual
NCT07204379,"Armed Forces Institute of Dentistry, Pakistan",OTHER,False,government
NCT05703048,Tanta University,OTHER,False,academic
NCT07482709,Liaquat National Hospital & Medical College,OTHER,False,academic
NCT07622641,Erzurum City Hospital,OTHER,False,hospital
NCT07068243,Duke University,OTHER,False,academic
NCT01543685,"Iroko Pharmaceuticals, LLC",INDUSTRY,True,industry
NCT02156154,The Cleveland Clinic,OTHER,False,hospital
NCT04172272,General Hospital Pula,OTHER,False,hospital
NCT01490931,"Hersh, Elliot V., DMD, MS, PhD",INDIV,False,individual
NCT05588557,"Nang Kuang Pharmaceutical Co., Ltd.",INDUSTRY,True,industry
NCT01686802,London Health Sciences Centre Research Institute OR Lawson Research Institute of St. Joseph's,OTHER,False,research_nonprofit
NCT02777970,Menarini Group,INDUSTRY,True,industry
NCT01824082,"University of California, San Diego",OTHER,False,academic
NCT01582490,"Pacira Pharmaceuticals, Inc",INDUSTRY,True,industry
NCT03744689,Kocaeli University,OTHER,False,academic
NCT03404518,Loma Linda University,OTHER,False,academic
NCT05154682,Rothman Institute Orthopaedics,OTHER,False,research_nonprofit
NCT01070108,Tel-Aviv Sourasky Medical Center,OTHER_GOV,False,government
NCT02417337,University of Khartoum,OTHER,False,academic
NCT05297669,Shijiazhuang Yiling Pharmaceutical Co. Ltd,INDUSTRY,True,industry
NCT00695045,University College Hospital Galway,OTHER,False,academic
NCT05994287,"Federal State Budgetary Organization, Federal Center for Traumatology, Orthopedics and Arthroplasty",OTHER,False,government
NCT06026527,"Tribhuvan University Teaching Hospital, Institute Of Medicine.",OTHER,False,academic
NCT07560501,"Tribhuvan University Teaching Hospital, Institute Of Medicine.",OTHER,False,academic
NCT06527976,Assiut University,OTHER,False,academic
NCT04697329,Hospital Universitario de Móstoles,OTHER,False,academic
NCT04872270,Rothman Institute Orthopaedics,OTHER,False,research_nonprofit
NCT04173390,InCor Heart Institute,OTHER,False,research_nonprofit
NCT01833715,Universidad de Valparaiso,OTHER,False,academic
NCT07094386,Cairo University,OTHER,False,academic
NCT07406828,Trent Emerick,OTHER,False,individual
NCT01761149,Central South University,OTHER,False,academic
NCT03763760,"Copenhagen University Hospital, Hvidovre",OTHER,False,academic
NCT07175623,Konya City Hospital,OTHER,False,hospital
NCT06172023,Minia University,OTHER,False,academic
NCT06604598,Universitas Jenderal Soedirman,OTHER,False,academic
NCT03927781,University of Missouri-Columbia,OTHER,False,academic
NCT05280197,The Cleveland Clinic,OTHER,False,hospital
NCT03174782,"University of California, San Francisco",OTHER,False,academic
NCT03393572,Ain Shams University,OTHER,False,academic
NCT01997801,Seoul National University Hospital,OTHER,False,academic
NCT07579975,Saglik Bilimleri Universitesi Gazi Yasargil Training and Research Hospital,OTHER,False,academic
NCT03332316,Tampere University Hospital,OTHER,False,academic
NCT02953145,University of Alberta,OTHER,False,academic
NCT00735124,University of Oklahoma,OTHER,False,academic
NCT01247857,San Gerardo Hospital,OTHER,False,hospital
NCT05122338,Tianjin Medical University General Hospital,OTHER,False,academic
NCT02541552,London Health Sciences Centre Research Institute OR Lawson Research Institute of St. Joseph's,OTHER,False,research_nonprofit
NCT04339023,"University Hospital, Basel, Switzerland",OTHER,False,academic
NCT01171885,Lifecenter Hospital,OTHER,False,hospital
NCT04545801,Mongi Slim Hospital,OTHER,False,hospital
NCT03282669,Northwestern University,OTHER,False,academic
NCT04551196,Washington University School of Medicine,OTHER,False,academic
NCT05823363,Olivia Sher,OTHER,False,individual
NCT00852683,Nova Scotia Health Authority,OTHER,False,government
NCT07062497,Universidade Federal do Rio de Janeiro,OTHER,False,government
NCT05278494,Nathanael Heckmann,OTHER,False,individual
NCT05090761,Wayne State University,OTHER,False,academic
NCT00661635,Pfizer,INDUSTRY,True,industry
NCT07688031,Pontificia Universidad Catolica de Chile,OTHER,False,academic
NCT03413163,Maltepe University,OTHER,False,academic
NCT01701921,Larissa University Hospital,OTHER,False,academic
NCT07631416,Sohag University,OTHER,False,academic
NCT05831449,Cali Pharmaceuticals LLC,INDUSTRY,True,industry
NCT07095816,Nanjing Children's Hospital,OTHER,False,hospital
NCT00713726,Federal University of São Paulo,OTHER,False,government
NCT00942448,IBSA Institut Biochimique SA,INDUSTRY,True,industry
NCT05259098,Hospital Central do Funchal,OTHER,False,hospital
NCT03979469,"Athens General Children's Hospital ""Pan. & Aglaia Kyriakou""",OTHER,False,hospital
NCT00390312,Javelin Pharmaceuticals,INDUSTRY,True,industry
NCT04879004,Democritus University of Thrace,OTHER,False,academic
NCT06621849,Cairo University,OTHER,False,academic
NCT07108582,"University Hospital, Strasbourg, France",OTHER,False,academic
NCT03799757,Alexandria University,OTHER,False,academic
NCT01743625,Mallinckrodt,INDUSTRY,True,industry
NCT05893160,University of Alabama at Birmingham,OTHER,False,academic
NCT02044302,Yale University,OTHER,False,academic
NCT03619447,Cukurova University,OTHER,False,academic
NCT04790812,"The University of Texas Health Science Center, Houston",OTHER,False,academic
NCT04426058,Loyola University,OTHER,False,academic
NCT07200544,University of Oklahoma,OTHER,False,academic
NCT07434427,Medical University of Silesia,OTHER,False,academic
NCT02601651,B.P. Koirala Institute of Health Sciences,OTHER,False,research_nonprofit
NCT00564486,Mallinckrodt,INDUSTRY,True,industry
NCT05005260,Mayo Clinic,OTHER,False,hospital
NCT01344395,University of Aarhus,OTHER,False,academic
NCT01759277,"University of California, San Diego",OTHER,False,academic
NCT01814878,"Janssen Korea, Ltd., Korea",INDUSTRY,True,industry
NCT01683071,"Pacira Pharmaceuticals, Inc",INDUSTRY,True,industry
NCT03350334,Acibadem University,OTHER,False,academic
NCT06530563,Xiangya Hospital of Central South University,OTHER,False,academic
NCT03035942,Pontificia Universidade Catolica de Sao Paulo,OTHER,False,academic
NCT04019834,University of Alabama at Birmingham,OTHER,False,academic
NCT01041378,Yonsei University,OTHER,False,academic
NCT02571153,Pontificia Universidade Catolica de Sao Paulo,OTHER,False,academic
NCT03290196,Andrews Research & Education Foundation,OTHER,False,research_nonprofit
NCT04135534,Kaohsiung Medical University Chung-Ho Memorial Hospital,OTHER,False,academic
NCT07266974,Jaweria Gul Keyani,OTHER,False,individual
NCT03823534,St. Louis University,OTHER,False,academic
NCT00805298,University of Aarhus,OTHER,False,academic
NCT06502262,Ain Shams University,OTHER,False,academic
NCT02558010,Medical College of Wisconsin,OTHER,False,academic
NCT04622735,"Unither Pharmaceuticals, France",INDUSTRY,True,industry
NCT01490268,University of Erlangen-Nürnberg Medical School,OTHER,False,academic
NCT05276206,Egymedicalpedia,INDUSTRY,True,industry
NCT04554862,Fayoum University Hospital,OTHER,False,academic
NCT05621161,Mursel Ekinci,OTHER_GOV,False,government
NCT04360135,Montefiore Medical Center,OTHER,False,hospital
NCT03302689,Alexandr Ronenson,OTHER,False,individual
NCT02094339,Guangzhou General Hospital of Guangzhou Military Command,OTHER,False,government
NCT01258296,"University of California, San Francisco",OTHER,False,academic
NCT00964808,Vejle Hospital,OTHER,False,hospital
NCT04791761,"David Chi, MD",OTHER,False,other
NCT06202989,KAZM Pharmaceuticals Inc.,INDUSTRY,True,industry
NCT03042377,Istanbul Medipol University Hospital,OTHER,False,academic
NCT02255591,University of Aarhus,OTHER,False,academic
NCT02204878,Peking Union Medical College Hospital,OTHER,False,academic
NCT03767816,Asan Medical Center,OTHER,False,hospital
NCT07213375,"Rigshospitalet, Denmark",OTHER,False,hospital
NCT06630364,Medipol University,OTHER,False,academic
NCT03341234,Ataturk University,OTHER,False,academic
NCT03005808,Hospital Infantil Albert Sabin,OTHER,False,hospital
NCT06812832,Madigan Army Medical Center,FED,False,government
NCT04205916,Ophthalmic Consultants of Long Island,OTHER,False,other
NCT02476422,Novartis Pharmaceuticals,INDUSTRY,True,industry
NCT00806247,"Johnson & Johnson Pharmaceutical Research & Development, L.L.C.",INDUSTRY,True,industry
NCT03468348,Assiut University,OTHER,False,academic
NCT02890199,Hartford Hospital,OTHER,False,hospital
NCT02263222,Medtronic Spinal and Biologics,INDUSTRY,True,industry
NCT03805607,Beth Israel Deaconess Medical Center,OTHER,False,hospital
NCT07458282,Beijing Tiantan Hospital,OTHER,False,hospital
NCT02256228,Göteborg University,OTHER,False,academic
NCT07329413,Recep Tayyip Erdogan University,OTHER,False,academic
NCT06483659,Brigham and Women's Hospital,OTHER,False,hospital
NCT03359655,Bezmialem Vakif University,OTHER,False,academic
NCT07531147,Izmir Katip Celebi University,OTHER,False,academic
NCT01307215,McMaster University,OTHER,False,academic
NCT02291705,Cukurova University,OTHER,False,academic
NCT06077422,"Rutgers, The State University of New Jersey",OTHER,False,academic
NCT07491991,Qianfoshan Hospital,OTHER,False,hospital
NCT07661212,Bakirkoy Dr. Sadi Konuk Research and Training Hospital,OTHER_GOV,False,government
NCT07046949,Yuri Semenyuk Rivne Regional Clinical Hospital,OTHER,False,hospital
NCT02662556,"Talphera, Inc",INDUSTRY,True,industry
NCT01342835,University Clinical Centre of Kosova,OTHER,False,academic
NCT05411861,Cali Pharmaceuticals LLC,INDUSTRY,True,industry
NCT02696720,Brugmann University Hospital,OTHER,False,academic
NCT06406829,Beijing Tiantan Hospital,OTHER,False,hospital
NCT04850937,Yangzhou University,OTHER,False,academic
NCT00390039,Javelin Pharmaceuticals,INDUSTRY,True,industry
NCT06186141,Murdoch Childrens Research Institute,OTHER,False,research_nonprofit
NCT01974609,Horizon Health Network,OTHER,False,hospital
NCT00908375,Northwestern University,OTHER,False,academic
NCT02949778,Vestre Viken Hospital Trust,OTHER,False,hospital
NCT06724432,University of Parma,OTHER,False,academic
NCT02185716,Duzce University,OTHER,False,academic
NCT05256056,Sisli Hamidiye Etfal Training and Research Hospital,OTHER,False,hospital
NCT01813890,Janssen-Cilag International NV,INDUSTRY,True,industry
NCT04584749,Institut d'Investigació Biomèdica de Girona Dr. Josep Trueta,OTHER,False,research_nonprofit
NCT02747875,Andrew Waberski,OTHER,False,individual
NCT06564610,Cairo University,OTHER,False,academic
NCT04429022,State University of New York at Buffalo,OTHER,False,academic
NCT04443569,Yale University,OTHER,False,academic
NCT05318846,"Jiangsu HengRui Medicine Co., Ltd.",INDUSTRY,True,industry
NCT07672808,Henry Ford Health System,OTHER,False,hospital
NCT05494645,"St. Luke's Hospital, Pennsylvania",OTHER,False,hospital
NCT06757075,Boston University,OTHER,False,academic
NCT07650760,"Wah Medical college , POF hospital",OTHER,False,academic
NCT05117281,Assiut University,OTHER,False,academic
NCT03789370,Attikon Hospital,OTHER,False,hospital
NCT06521333,Cairo University,OTHER,False,academic
NCT01731730,"Adynxx, Inc.",INDUSTRY,True,industry
NCT00236223,"Glostrup University Hospital, Copenhagen",OTHER,False,academic
NCT05509244,The Catholic University of Korea,OTHER,False,academic
NCT06243575,Department of Medical Services Ministry of Public Health of Thailand,OTHER_GOV,False,government
NCT04943549,Benha University,OTHER,False,academic
NCT03790020,Fatih Sultan Mehmet Training and Research Hospital,OTHER,False,hospital
NCT02046382,TriHealth Inc.,OTHER,True,industry
NCT04776369,Haitham Mohammad Ahmad Mohammad,OTHER,False,other
NCT00385541,Columbia University,OTHER,False,academic
NCT05667324,University of Florida,OTHER,False,academic
NCT02954484,"National University Hospital, Singapore",OTHER,False,academic
NCT03692546,Orthopaedic & Neurosurgery Specialists,OTHER,False,other
NCT07611123,Biointelligent Technology Systems SL,INDUSTRY,True,industry
NCT04908579,Ain Shams University,OTHER,False,academic
NCT06920264,St. Louis Joint Replacement Institute,OTHER,False,research_nonprofit
NCT01918917,TC Erciyes University,OTHER,False,academic
NCT07413055,Oman Ministry of Health,OTHER_GOV,False,government
NCT02996591,"Hospital for Special Surgery, New York",OTHER,False,hospital
NCT01134536,"Janssen Research & Development, LLC",INDUSTRY,True,industry
NCT04610398,Balgrist University Hospital,OTHER,False,academic
NCT01163214,"Mark J. Spangehl, M.D.",OTHER,False,other
NCT05286190,Istanbul University,OTHER,False,academic
NCT07059429,"State Budgetary Healthcare Institution, National Medical Surgical Center N.A. N.I. Pirogov, Ministry of Health of Russia",OTHER,False,government
NCT05083793,Assiut University,OTHER,False,academic
NCT06031129,Bibo Wang,OTHER,False,individual
NCT00771459,Hvidovre University Hospital,OTHER,False,academic
NCT07668648,Ferit Yetik,OTHER_GOV,False,government
NCT02793817,"Kala Pharmaceuticals, Inc.",INDUSTRY,True,industry
NCT01825863,Bispebjerg Hospital,OTHER,False,hospital
NCT04149964,Corewell Health East,OTHER,False,hospital
NCT05008367,Naestved Hospital,OTHER,False,hospital
NCT02043366,Tianjin Medical University General Hospital,OTHER,False,academic
NCT05288374,"Charles University, Czech Republic",OTHER,False,academic
NCT05964868,Jessyka Lighthall,OTHER,False,individual
NCT07259057,Karadeniz Technical University,OTHER,False,academic
NCT05406765,University Hospital of North Norway,OTHER,False,academic
NCT05276258,The Methodist Hospital Research Institute,OTHER,False,hospital
NCT03789318,Concentric Analgesics,INDUSTRY,True,industry
NCT02161705,Johns Hopkins University,OTHER,False,academic
NCT02282956,Dr.med. Sabine Schoenfeld,OTHER,False,individual
NCT05868993,Benaroya Research Institute,OTHER,False,research_nonprofit
NCT02533284,Mansoura University,OTHER,False,academic
NCT02132312,Omeros Corporation,INDUSTRY,True,industry
NCT00757198,Kuopio University Hospital,OTHER,False,academic
NCT01997567,Rush University Medical Center,OTHER,False,academic
NCT02320708,"Johnson & Johnson Healthcare Products Division of McNEIL-PPC, Inc.",INDUSTRY,True,industry
NCT00735748,"University Hospital, Ghent",OTHER,False,academic
NCT00507026,Pfizer,INDUSTRY,True,industry
NCT02198924,Peking Union Medical College Hospital,OTHER,False,academic
NCT04917055,"University of California, San Diego",OTHER,False,academic
NCT02953054,"Teikoku Pharma USA, Inc.",INDUSTRY,True,industry
NCT03502889,San Antonio Uniformed Services Health Education Consortium,FED,False,government
NCT05733741,Assiut University,OTHER,False,academic
NCT07400146,Cedars-Sinai Medical Center,OTHER,False,hospital
NCT05897385,University of Malaya,OTHER,False,academic
NCT04176419,Case Comprehensive Cancer Center,OTHER,False,hospital
NCT02790099,"Queen Mary Hospital, Hong Kong",OTHER,False,hospital
NCT02302586,Istanbul University,OTHER,False,academic
NCT06823180,Liquan Liang,OTHER,False,individual
NCT07274215,Umraniye Education and Research Hospital,OTHER_GOV,False,government
NCT02511483,McGill University Health Centre/Research Institute of the McGill University Health Centre,OTHER,False,academic
NCT02152592,Maastricht University Medical Center,OTHER,False,academic
NCT07517679,Brandon Knopp,OTHER,False,individual
NCT04459377,"Dalarna County Council, Sweden",OTHER,False,other
NCT00830089,University of Nottingham,OTHER,False,academic
NCT04715152,Assiut University,OTHER,False,academic
NCT05635916,Northern Light Mercy Hospital,OTHER,False,hospital
NCT02894710,Hospices Civils de Lyon,OTHER,False,hospital
NCT03597308,Rothman Institute Orthopaedics,OTHER,False,research_nonprofit
NCT05404490,"Saint Thomas Hospital, Panama",OTHER,False,hospital
NCT06565910,Huazhong University of Science and Technology,OTHER,False,academic
NCT07628166,Irfan Üstündağ,OTHER,False,individual
NCT02764008,Ataturk University,OTHER,False,academic
NCT07311369,"Shanghai Yidian Pharmaceutical Technology Development Co., Ltd.",INDUSTRY,True,industry
NCT03413280,Asan Medical Center,OTHER,False,hospital
NCT01620112,Universidade Federal do Rio de Janeiro,OTHER,False,government
NCT02884921,Bnai Zion Medical Center,OTHER_GOV,False,government
NCT04860141,Loma Linda University,OTHER,False,academic
NCT03404908,Medical University of Lublin,OTHER,False,academic
NCT01536314,"University Hospital, Clermont-Ferrand",OTHER,False,academic
NCT04534426,Abant Izzet Baysal University,OTHER,False,academic
NCT06193720,Saint-Joseph University,OTHER,False,academic
NCT07113782,"Armed Forces Institute of Urology, Rawalpindi",OTHER,False,government
NCT06218784,"iN Therapeutics Co., Ltd.",INDUSTRY,True,industry
NCT00533845,Maimonides Medical Center,OTHER,False,hospital
NCT06719180,MediSys Health Network,OTHER,False,hospital
NCT03843879,Benaroya Research Institute,OTHER,False,research_nonprofit
NCT04141319,Beijing Tiantan Hospital,OTHER,False,hospital
NCT03084536,Washington University School of Medicine,OTHER,False,academic
NCT04342065,South Egypt Cancer Institute,OTHER,False,research_nonprofit
NCT01203644,"Pacira Pharmaceuticals, Inc",INDUSTRY,True,industry
NCT05038007,Jannie Bisgaard Stæhr,OTHER,False,individual
NCT02017314,Istanbul University,OTHER,False,academic
NCT02452060,NYU Langone Health,OTHER,False,hospital
NCT07257874,Islamabad Medical and Dental College,OTHER,False,academic
NCT02959476,"BioQ Pharma, Inc.",INDUSTRY,True,industry
NCT07490496,Cali Pharmaceuticals LLC,INDUSTRY,True,industry
NCT01748630,Inonu University,OTHER,False,academic
NCT02729935,University Tunis El Manar,OTHER,False,academic
NCT01966172,"Rigshospitalet, Denmark",OTHER,False,hospital
NCT07440576,Erkan Gol,OTHER_GOV,False,government
NCT06778460,West China Hospital,OTHER,False,hospital
NCT06818396,Ain Shams University,OTHER,False,academic
NCT02364167,University Medicine Greifswald,OTHER,False,academic
NCT02925858,Jewish General Hospital,OTHER,False,hospital
NCT02483221,University of Erlangen-Nürnberg Medical School,OTHER,False,academic
NCT04841018,Yonsei University,OTHER,False,academic
NCT01737593,"University of California, Los Angeles",OTHER,False,academic
NCT04138901,Seoul National University Hospital,OTHER,False,academic
NCT03560362,University of Tennessee,OTHER,False,academic
NCT06860191,TC Erciyes University,OTHER,False,academic
NCT05607641,Darnitsa Pharmaceutical Company,INDUSTRY,True,industry
NCT02940509,Milton S. Hershey Medical Center,OTHER,False,hospital
NCT00825422,"University Hospital, Bordeaux",OTHER,False,academic
NCT07554963,"Hayat Abad Medical Complex, Peshawar",OTHER_GOV,False,government
NCT03005548,"Military Medical Academy, Belgrade, Serbia",OTHER,False,government
NCT03534102,Brigham and Women's Hospital,OTHER,False,hospital
NCT02171299,Hellenic Red Cross Hospital,OTHER,False,hospital
NCT04259073,Hôpital Universitaire Fattouma Bourguiba,OTHER,False,academic
NCT06577233,Baylor College of Medicine,OTHER,False,academic
NCT07539935,Sohag University,OTHER,False,academic
NCT03823846,"Second Affiliated Hospital, School of Medicine, Zhejiang University",OTHER,False,academic
NCT01269918,The Cleveland Clinic,OTHER,False,hospital
NCT03974932,Heron Therapeutics,INDUSTRY,True,industry
NCT00345384,Baylor Research Institute,OTHER,False,research_nonprofit
NCT06353529,Hamilton Health Sciences Corporation,OTHER,True,industry
NCT04290442,Bruce Ben-David,OTHER,False,individual
NCT03462836,Yonsei University,OTHER,False,academic
NCT01180660,Northwestern University,OTHER,False,academic
NCT03597997,The University of Hong Kong,OTHER,False,academic
NCT05608733,Universidad de Antioquia,OTHER,False,academic
NCT01542645,Endeavor Health,OTHER,False,hospital
NCT05924412,University of Chile,OTHER,False,academic
NCT02775474,University of Sao Paulo General Hospital,OTHER,False,academic
NCT02495220,Assiut University,OTHER,False,academic
NCT03137030,Grünenthal GmbH,INDUSTRY,True,industry
NCT04246554,University Hospitals Cleveland Medical Center,OTHER,False,academic
NCT03759028,"University of California, Los Angeles",OTHER,False,academic
NCT02862327,Centre Hospitalier Universitaire de Besancon,OTHER,False,academic
NCT01826851,Peter A Knight,OTHER,False,other
NCT05624957,Minia University,OTHER,False,academic
NCT03955211,Heron Therapeutics,INDUSTRY,True,industry
NCT04659317,Emory University,OTHER,False,academic
NCT02025634,AdventHealth,OTHER,False,hospital
NCT01975285,Cedars-Sinai Medical Center,OTHER,False,hospital
NCT01711229,"Babiash, Kimberly H., M.D.",INDIV,False,individual
NCT04462523,"Patrick R. Oellers, MD",NETWORK,False,network
NCT03624985,University of Vermont Medical Center,OTHER,False,academic
NCT03238430,"University Hospital, Lille",OTHER,False,academic
NCT07071012,Hacettepe University,OTHER,False,academic
NCT05728892,Ain Shams University,OTHER,False,academic
NCT05031234,GCS Ramsay Santé pour l'Enseignement et la Recherche,OTHER,False,private_practice
NCT00135889,National Institute of General Medical Sciences (NIGMS),NIH,False,government
NCT01782781,Göteborg University,OTHER,False,academic
NCT02026141,University of Saskatchewan,OTHER,False,academic
NCT05964985,Tianjin Medical University General Hospital,OTHER,False,academic
NCT02300077,Washington University School of Medicine,OTHER,False,academic
NCT02785003,Medical College of Wisconsin,OTHER,False,academic
NCT06453083,University of Utah,OTHER,False,academic
NCT05096468,Beijing Tiantan Hospital,OTHER,False,hospital
NCT07268495,General Hospital of Ningxia Medical University,OTHER,False,academic
NCT00405262,The Hospital for Sick Children,OTHER,False,hospital
NCT04429282,"Yi Feng, MD",OTHER,False,other
NCT02341144,Johns Hopkins All Children's Hospital,OTHER,False,hospital
NCT00636064,Pfizer,INDUSTRY,True,industry
NCT03685396,Azienda Ospedaliera San Paolo,OTHER,False,other
NCT05485805,Bayer,INDUSTRY,True,industry
NCT05590234,October 6 University,OTHER,False,academic
NCT06843174,Unity Health Toronto,OTHER,False,hospital
NCT05956275,Siirt Training and Research Hospital,OTHER_GOV,False,government
NCT04017013,Universidad de Antioquia,OTHER,False,academic
NCT01038609,"AbbVie (prior sponsor, Abbott)",INDUSTRY,True,industry
NCT00609466,Grünenthal GmbH,INDUSTRY,True,industry
NCT02438852,University of Southern California,OTHER,False,academic
NCT01760174,Aalborg University Hospital,OTHER,False,academic
NCT03270033,University of Manitoba,OTHER,False,academic
NCT04976374,"National Cancer Institute, Egypt",OTHER,False,government
NCT02643394,University of Texas Southwestern Medical Center,OTHER,False,academic
NCT04338633,Minia University,OTHER,False,academic
NCT03304444,Abington Memorial Hospital,OTHER,False,hospital
NCT07330375,Zagazig University,OTHER_GOV,False,government
NCT04508504,University of Virginia,OTHER,False,academic
NCT02274974,Ain Shams Maternity Hospital,OTHER,False,hospital
NCT02051296,VA Palo Alto Health Care System,FED,False,government
NCT03519633,Campus Bio-Medico University,OTHER,False,academic
NCT07292324,Udayana University,OTHER,False,academic
NCT06467409,Luye Pharma Group Ltd.,INDUSTRY,True,industry
NCT05338320,Ain Shams University,OTHER,False,academic
NCT03643822,Women's College Hospital,OTHER,False,academic
NCT02733393,NYU Langone Health,OTHER,False,hospital
NCT03027661,University of Tennessee,OTHER,False,academic
NCT03613558,Montefiore Medical Center,OTHER,False,hospital
NCT02296840,Emory University,OTHER,False,academic
NCT03737604,"University of California, Davis",OTHER,False,academic
NCT01288924,Chiang Mai University,OTHER,False,academic
NCT05845359,Montefiore Medical Center,OTHER,False,hospital
NCT03098420,University of Alabama at Birmingham,OTHER,False,academic
NCT01380834,Mihaela Visoiu,OTHER,False,individual
NCT07533786,"Haisco Pharmaceutical Group Co., Ltd.",INDUSTRY,True,industry
NCT07664956,Christiana Care Health Services,OTHER,False,hospital
NCT02402543,University of Vermont,OTHER,False,academic
NCT04349579,Yuzuncu Yil University,OTHER,False,academic
NCT00333346,"University Hospital, Ghent",OTHER,False,academic
NCT01135108,KAI Pharmaceuticals,INDUSTRY,True,industry
NCT04040452,Phoenix Children's Hospital,OTHER,False,hospital
NCT02875015,Atlantic Health System,OTHER,False,hospital
NCT07642674,Eskisehir Osmangazi University,OTHER,False,academic
NCT05231460,University of Arizona,OTHER,False,academic
NCT05287035,University of Texas at Austin,OTHER,False,academic
NCT05863221,Dr. Yannis Raftopoulos,OTHER,False,individual
NCT01324544,Purdue Pharma LP,INDUSTRY,True,industry
NCT07062601,Anqing Municipal Hospital,OTHER,False,hospital
NCT03046290,Université Libre de Bruxelles,OTHER,False,academic
NCT06665438,Al-Azhar University,OTHER,False,academic
NCT07037888,Henry Ford Health System,OTHER,False,hospital
NCT03901768,The University of Hong Kong,OTHER,False,academic
NCT03266419,Asan Medical Center,OTHER,False,hospital
NCT07596810,Alexandria University,OTHER,False,academic
NCT07654296,Brigham and Women's Hospital,OTHER,False,hospital
NCT05831761,University Medical Centre Ljubljana,OTHER,False,academic
NCT05062356,"St. Mary's Research Center, Canada",OTHER,False,research_nonprofit
NCT07258498,"PAEC General Hospital, Islamabad",OTHER,False,hospital
NCT01517932,Fang Luo,OTHER,False,individual
NCT00720343,Columbia University,OTHER,False,academic
NCT01981291,University of Parma,OTHER,False,academic
NCT05470075,"Jiangsu HengRui Medicine Co., Ltd.",INDUSTRY,True,industry
NCT06301334,Sohag University,OTHER,False,academic
NCT05303311,Zagazig University,OTHER_GOV,False,government
NCT04391855,Aristotle University Of Thessaloniki,OTHER,False,academic
NCT00986882,Novartis,INDUSTRY,True,industry
NCT01977937,Oregon Health and Science University,OTHER,False,academic
NCT00519246,Nanjing Medical University,OTHER,False,academic
NCT05324995,Isfahan University of Medical Sciences,OTHER,False,academic
NCT02822196,"The University of Texas Health Science Center, Houston",OTHER,False,academic
NCT00726388,Pfizer,INDUSTRY,True,industry
NCT06119893,Yuzuncu Yil University,OTHER,False,academic
NCT00806806,"Pacira Pharmaceuticals, Inc",INDUSTRY,True,industry
NCT01505465,"Hospital for Special Surgery, New York",OTHER,False,hospital
NCT05974501,University of Miami,OTHER,False,academic
NCT03678675,Tufts Medical Center,OTHER,False,hospital
NCT01186159,Xianwei Zhang,OTHER,False,individual
NCT02001259,Thammasat University,OTHER,False,academic
NCT00390260,Merck Sharp & Dohme LLC,INDUSTRY,True,industry
NCT01785693,"University Hospital, Clermont-Ferrand",OTHER,False,academic
NCT03631433,Ohio State University,OTHER,False,academic
NCT07340944,Ataturk University,OTHER,False,academic
NCT02694653,University of Tennessee Graduate School of Medicine,OTHER,False,academic
NCT01726686,Region Skane,OTHER,False,government
NCT02067338,Mahidol University,OTHER,False,academic
NCT06166602,Istanbul Medeniyet University,OTHER,False,academic
NCT02412930,Cukurova University,OTHER,False,academic
NCT05068063,University of Chile,OTHER,False,academic
NCT01040273,Chang Gung Memorial Hospital,OTHER,False,hospital
NCT01243801,Hospital Clinic of Barcelona,OTHER,False,hospital
NCT02472314,Wayne State University,OTHER,False,academic
NCT03123861,"University of North Carolina, Chapel Hill",OTHER,False,academic
NCT01304134,Mundipharma (China) Pharmaceutical Co. Ltd,INDUSTRY,True,industry
NCT01097577,59th Medical Wing,FED,False,government
NCT02198235,"Hospital for Special Surgery, New York",OTHER,False,hospital
NCT05117307,Erzurum Regional Training & Research Hospital,OTHER_GOV,False,government
NCT02930733,Ataturk University,OTHER,False,academic
NCT06950502,Ankara University,OTHER,False,academic
NCT06062550,Peking University First Hospital,OTHER,False,academic
NCT07123792,HITEC-Institute of Medical Sciences,OTHER,False,research_nonprofit
NCT02788019,University of Texas Southwestern Medical Center,OTHER,False,academic
NCT07330726,Fayoum University,OTHER,False,academic
NCT02728323,Emiliano Petrucci,OTHER,False,individual
NCT00240825,Johnson & Johnson Consumer and Personal Products Worldwide,INDUSTRY,True,industry
NCT06975761,"Armed Forces Institute of Dentistry, Pakistan",OTHER,False,government
NCT03106818,Assiut University,OTHER,False,academic
NCT07225140,"AFT Pharmaceuticals, Ltd.",INDUSTRY,True,industry
NCT01748942,OHSU Knight Cancer Institute,OTHER,False,research_nonprofit
NCT02926573,Washington University School of Medicine,OTHER,False,academic
NCT02732262,Seoul National University Hospital,OTHER,False,academic
NCT04077398,Bruce Ben-David,OTHER,False,individual
NCT04470843,Medical College of Wisconsin,OTHER,False,academic
NCT03463382,Kocaeli University,OTHER,False,academic
NCT04622618,Ain Shams University,OTHER,False,academic
NCT04526132,Shijiazhuang Yiling Pharmaceutical Co. Ltd,INDUSTRY,True,industry
NCT06742554,medina medical center,OTHER,False,hospital
NCT02698995,Foisor Orthopedics Clinical Hospital,OTHER,False,hospital
NCT05173090,University of Liege,OTHER,False,academic
NCT03341260,Cairo University,OTHER,False,academic
NCT02730728,University of Pennsylvania,OTHER,False,academic
NCT06633068,Cairo University,OTHER,False,academic
NCT00712517,The Cleveland Clinic,OTHER,False,hospital
NCT07610408,Ankara Etlik City Hospital,OTHER_GOV,False,government
NCT03756233,Samsung Medical Center,OTHER,False,hospital
NCT04908345,University of Sao Paulo General Hospital,OTHER,False,academic
NCT06594224,Muhammad Aamir Latif,OTHER,False,individual
NCT04304716,University of Florida,OTHER,False,academic
NCT05929755,Hardeep Singh,OTHER,False,individual
NCT07502235,Ain Shams University,OTHER,False,academic
NCT06679569,Seoul National University Hospital,OTHER,False,academic
NCT03318757,Boston University,OTHER,False,academic
NCT01608360,Chung-Ang University Hospital,OTHER,False,academic
NCT03902249,Dr Sonia ben khalifa (PhD),OTHER,False,other
NCT02128113,Biogen,INDUSTRY,True,industry
NCT00488787,Javelin Pharmaceuticals,INDUSTRY,True,industry
NCT02380001,Daniel Chavarría Bolaños,OTHER,False,individual
NCT03887650,Hartford Hospital,OTHER,False,hospital
NCT05609682,University of Oklahoma,OTHER,False,academic
NCT03723447,Cedars-Sinai Medical Center,OTHER,False,hospital
NCT02712151,Boston Children's Hospital,OTHER,False,hospital
NCT02913573,Huntington Memorial Hospital,OTHER,False,hospital
NCT00653926,Region Örebro County,OTHER,False,government
NCT07523321,Peking University First Hospital,OTHER,False,academic
NCT06949826,Jenna-Leigh Wilson,OTHER,False,individual
NCT00660855,Pfizer,INDUSTRY,True,industry
NCT02653742,Anica Crnkovic,OTHER,False,individual
NCT02102815,Thammasat University,OTHER,False,academic
NCT07121764,Allama Iqbal Teaching Hospital,OTHER_GOV,False,government
NCT03230227,Assiut University,OTHER,False,academic
NCT05398757,Osijek University Hospital,OTHER,False,academic
NCT02462174,Assiut University,OTHER,False,academic
NCT02727491,Dr. Rachel Rooney,OTHER,False,individual
NCT02769325,Clinica Santa Maria,OTHER,False,hospital
NCT04836819,Ondokuz Mayıs University,OTHER,False,academic
NCT04794504,Kingsway Oral & Maxillofacial Surgery,OTHER,False,other
NCT03224403,"Johnson & Johnson Consumer Inc., McNeil Consumer Healthcare Division",INDUSTRY,True,industry
NCT06838156,Başakşehir Çam & Sakura City Hospital,OTHER_GOV,False,government
NCT00150865,"University Hospital, Angers",OTHER_GOV,False,government
NCT01317368,"Rigshospitalet, Denmark",OTHER,False,hospital
NCT06926322,Ain Shams University,OTHER,False,academic
NCT01973452,Memorial Sloan Kettering Cancer Center,OTHER,False,hospital
NCT06656299,Sehit Prof. Dr. Ilhan Varank Sancaktepe Training and Research Hospital,OTHER,False,hospital
NCT01373021,Seoul National University Hospital,OTHER,False,academic
NCT06792474,Dartmouth-Hitchcock Medical Center,OTHER,False,hospital
NCT00799656,Sanofi,INDUSTRY,True,industry
NCT05953766,"Mount Sinai Hospital, Canada",OTHER,False,hospital
NCT07380568,Benha University,OTHER,False,academic
NCT04931433,University of Malaya,OTHER,False,academic
NCT01943240,Timothy R Petersen,OTHER,False,other
NCT04316416,Gaziosmanpasa Research and Education Hospital,OTHER_GOV,False,government
NCT05804591,Medical University of Warsaw,OTHER,False,academic
NCT04118777,"University of Tennessee, Chattanooga",OTHER,False,academic
NCT06446830,Ain Shams University,OTHER,False,academic
NCT01602692,"University of Wisconsin, Madison",OTHER,False,academic
NCT04423107,University of Oklahoma,OTHER,False,academic
NCT07126483,Ondokuz Mayıs University,OTHER,False,academic
NCT03814707,mostafa soliman,OTHER,False,other
NCT05465226,University of Tennessee,OTHER,False,academic
NCT03738735,Rothman Institute Orthopaedics,OTHER,False,research_nonprofit
NCT02343263,Indiana University,OTHER,False,academic
NCT03618823,"David Chi, MD",OTHER,False,other
NCT04369950,"The University of Texas Health Science Center, Houston",OTHER,False,academic
NCT02064530,TC Erciyes University,OTHER,False,academic
NCT06962085,Adiyaman University,OTHER,False,academic
NCT06604286,Afyonkarahisar Health Sciences University,OTHER,False,academic
NCT02932579,University of Rochester,OTHER,False,academic
NCT02967172,University of Iowa,OTHER,False,academic
NCT02276911,"St. Joseph's Hospital and Medical Center, Phoenix",OTHER,False,hospital
NCT05813847,Cali Pharmaceuticals LLC,INDUSTRY,True,industry
NCT03667001,"Miodrag Filipovic, Prof. Dr. med.",OTHER,False,other
NCT06801587,Fang Luo,OTHER,False,individual
NCT03632460,University Hospital Dubrava,OTHER,False,academic
NCT01404442,Qazvin University Of Medical Sciences,OTHER,False,academic
NCT05419752,Cairo University,OTHER,False,academic
NCT06655454,New York University,OTHER,False,academic
NCT05907993,Alexandria University,OTHER,False,academic
NCT05814744,"National Cancer Institute, Egypt",OTHER,False,government
NCT00442546,Pfizer's Upjohn has merged with Mylan to form Viatris Inc.,INDUSTRY,True,industry
NCT01108562,Loma Linda University,OTHER,False,academic
NCT02829697,Nordsjaellands Hospital,OTHER,False,hospital
NCT04051723,Beijing Tiantan Hospital,OTHER,False,hospital
NCT01242332,Prince of Songkla University,OTHER,False,academic
NCT05681507,Eric Albrecht,OTHER,False,individual
NCT07551739,"Haisco Pharmaceutical Group Co., Ltd.",INDUSTRY,True,industry
NCT04020133,Fayoum University Hospital,OTHER,False,academic
NCT04751175,Institut d'Investigació Biomèdica de Girona Dr. Josep Trueta,OTHER,False,research_nonprofit
NCT01843010,"First Affiliated Hospital, Sun Yat-Sen University",OTHER,False,academic
NCT04525898,Endeavor Health,OTHER,False,hospital
NCT00793910,Walter Reed Army Medical Center,FED,False,government
NCT05080959,Cali Pharmaceuticals LLC,INDUSTRY,True,industry
NCT06791577,Total Definer Research Group,OTHER,False,research_nonprofit
NCT03724266,Cairo University,OTHER,False,academic
NCT02187588,Boehringer Ingelheim,INDUSTRY,True,industry
NCT07228039,Duke University,OTHER,False,academic
NCT03347266,"Vivozon, Inc.",INDUSTRY,True,industry
NCT01224145,Innocoll,INDUSTRY,True,industry
NCT03312153,Cairo University,OTHER,False,academic
NCT02253784,Hillel Yaffe Medical Center,OTHER_GOV,False,government
NCT07550348,Ataturk University,OTHER,False,academic
NCT06619340,Campbell Clinic,OTHER,False,hospital
NCT03033472,Cairo University,OTHER,False,academic
NCT02506855,University of Mississippi Medical Center,OTHER,False,academic
NCT06117917,Beijing Tiantan Hospital,OTHER,False,hospital
NCT03829774,"DyAnsys, Inc.",INDUSTRY,True,industry
NCT03262688,Innocoll,INDUSTRY,True,industry
NCT04837170,Chinese PLA General Hospital,OTHER,False,hospital
NCT03005483,Hospital Infantil Albert Sabin,OTHER,False,hospital
NCT00818493,QRxPharma Inc.,INDUSTRY,True,industry
NCT07233564,College of Physicians and Surgeons Pakistan,OTHER,False,academic
NCT02445599,University of Debrecen,OTHER,False,academic
NCT06728371,Chinese University of Hong Kong,OTHER,False,academic
NCT05240755,Foundation for Orthopaedic Research and Education,OTHER,False,research_nonprofit
NCT06547255,Case Western Reserve University,OTHER,False,academic
NCT02230735,"Souza, Amanda, M.D.",INDIV,False,individual
NCT06252662,"United States Naval Medical Center, Portsmouth",FED,False,government
NCT01853176,Emory University,OTHER,False,academic
NCT04702685,Nazarbayev University Medical Center,OTHER,False,academic
NCT06962306,Duke University,OTHER,False,academic
NCT02513979,University of Athens,OTHER,False,academic
NCT04571515,Mylan Inc.,INDUSTRY,True,industry
NCT04577690,The Hospital for Sick Children,OTHER,False,hospital
NCT02576223,Kai Henrik Wiborg Lange,OTHER,False,other
NCT02639741,Cukurova University,OTHER,False,academic
NCT04444830,University of Louisville,OTHER,False,academic
NCT05080985,Istanbul University,OTHER,False,academic
NCT05276908,Cairo University,OTHER,False,academic
NCT03789058,Jordan University of Science and Technology,OTHER,False,academic
NCT06051630,Université NAZI BONI,OTHER,False,academic
NCT01117610,Chung-Ang University Hospital,OTHER,False,academic
NCT06406010,Matias Vested,OTHER,False,individual
NCT03175081,Dr. Tikfu Gee,OTHER,False,individual
NCT02729285,Sun Yat-sen University,OTHER,False,academic
NCT03908944,Steven Edelstein,OTHER,False,individual
NCT04972292,Eurofarma Laboratorios S.A.,INDUSTRY,True,industry
NCT07313553,University Tunis El Manar,OTHER,False,academic
NCT03695172,Duke University,OTHER,False,academic
NCT01632215,Federal University of São Paulo,OTHER,False,government
NCT06420388,E-DA Hospital,OTHER,False,hospital
NCT01307020,Menarini Group,INDUSTRY,True,industry
NCT03854851,China Medical University Hospital,OTHER,False,academic
NCT02180087,"University Hospital, Clermont-Ferrand",OTHER,False,academic
NCT04085237,McMaster University,OTHER,False,academic
NCT01429935,Qazvin University Of Medical Sciences,OTHER,False,academic
NCT03041948,Alberta Children's Hospital,OTHER,False,hospital
NCT03507634,Lebanese American University,OTHER,False,academic
NCT05693467,Beijing Tiantan Hospital,OTHER,False,hospital
NCT01363076,Egalet Ltd,INDUSTRY,True,industry
NCT05817474,mohamed,OTHER,False,other
NCT07518225,Esra Beyler,OTHER,False,individual
NCT00804674,Ullevaal University Hospital,OTHER,False,academic
NCT02184273,Boehringer Ingelheim,INDUSTRY,True,industry
NCT06793293,Cairo University,OTHER,False,academic
NCT06434233,Johns Hopkins University,OTHER,False,academic
NCT02270437,Peking Union Medical College Hospital,OTHER,False,academic
NCT02915042,Baylor College of Medicine,OTHER,False,academic
NCT05502159,Medipol University,OTHER,False,academic
NCT05476510,Medipol University,OTHER,False,academic
NCT05658887,Joseph Kowalski,OTHER,False,individual
NCT06002152,Yale University,OTHER,False,academic
NCT04432259,Henry Ford Health System,OTHER,False,hospital
NCT05289050,Ling Dong,OTHER,False,individual
NCT00889148,McMaster University,OTHER,False,academic
NCT02678117,"National Cancer Institute, Egypt",OTHER,False,government
NCT03353363,Brooke Army Medical Center,FED,False,government
NCT02957097,Massachusetts General Hospital,OTHER,False,hospital
NCT04826328,"Pacira Pharmaceuticals, Inc",INDUSTRY,True,industry
NCT00795223,Mahidol University,OTHER,False,academic
NCT05360433,Carilion Clinic,OTHER,False,hospital
NCT05058287,"Hospital for Special Surgery, New York",OTHER,False,hospital
NCT06355687,Ain Shams University,OTHER,False,academic
NCT05126264,Universidad Complutense de Madrid,OTHER,False,academic
NCT06026553,Shady Grove Fertility Reproductive Science Center,OTHER,False,hospital
NCT05897307,Fayoum University Hospital,OTHER,False,academic
NCT02183051,Boehringer Ingelheim,INDUSTRY,True,industry
NCT04603638,Istanbul University,OTHER,False,academic
NCT01997593,Ping Yang,OTHER,False,individual
NCT02525718,Northwestern University,OTHER,False,academic
NCT05807945,Paola M Zamora Munoz,OTHER,False,other
NCT06600282,"Yung Shin Pharm. Ind. Co., Ltd.",INDUSTRY,True,industry
NCT06606067,Parc de Salut Mar,OTHER,False,other
NCT04104204,Mahidol University,OTHER,False,academic
NCT01206608,"Pacira Pharmaceuticals, Inc",INDUSTRY,True,industry
NCT04600089,Sam Tyagi,OTHER,False,individual
NCT06320041,The Fourth Affiliated Hospital of Zhejiang University School of Medicine,OTHER,False,academic
NCT04718116,Aretaieion University Hospital,OTHER,False,academic
NCT07626983,Ukrainian Society of Regional Anesthesia and Pain Therapy,OTHER,False,research_nonprofit
NCT01462435,"Iroko Pharmaceuticals, LLC",INDUSTRY,True,industry
NCT02514122,University of Saskatchewan,OTHER,False,academic
NCT03435692,Seattle Children's Hospital,OTHER,False,hospital
NCT07358065,The Affiliated Hospital of Putian University,OTHER,False,academic
NCT02622893,Istanbul University,OTHER,False,academic
NCT03493490,Medical University of Vienna,OTHER,False,academic
NCT02750917,Foisor Orthopedics Clinical Hospital,OTHER,False,hospital
NCT06300008,Thammasat University,OTHER,False,academic
NCT04275596,Mansoura University,OTHER,False,academic
NCT05907213,"Grace Lim, MD, MS",OTHER,False,other
NCT02678585,Assiut University,OTHER,False,academic
NCT03124082,University of Parma,OTHER,False,academic
NCT01697358,MedtronicNeuro,INDUSTRY,True,industry
NCT02109640,University of Edinburgh,OTHER,False,academic
NCT06996561,Dr. Asma Abdus Salam,OTHER,False,individual
NCT02408146,First Affiliated Hospital of Harbin Medical University,OTHER,False,academic
NCT02410317,"University Hospital, Grenoble",OTHER,False,academic
NCT05624359,Beijing Tiantan Hospital,OTHER,False,hospital
NCT04719585,The Catholic University of Korea,OTHER,False,academic
NCT04782778,Istanbul University,OTHER,False,academic
NCT05393414,University of Puerto Rico,OTHER,False,academic
NCT06721819,Beth Israel Deaconess Medical Center,OTHER,False,hospital
NCT02525211,Institut Paoli-Calmettes,OTHER,False,research_nonprofit
NCT04078139,Beijing Tiantan Hospital,OTHER,False,hospital
NCT02882854,Vanderbilt University Medical Center,OTHER,False,academic
NCT06653439,Ondokuz Mayıs University,OTHER,False,academic
NCT05575700,Naestved Hospital,OTHER,False,hospital
NCT06040853,Dr. Lutfi Kirdar Kartal Training and Research Hospital,OTHER_GOV,False,government
NCT04182828,"Aga Khan University Hospital, Pakistan",OTHER,False,academic
NCT03444636,"National Institute for Tuberculosis and Lung Diseases, Poland",OTHER,False,government
NCT05810012,Pain Medicine Department,OTHER,True,industry
NCT03393403,Kaohsiung Medical University Chung-Ho Memorial Hospital,OTHER,False,academic
NCT04025606,St. Olavs Hospital,OTHER,False,hospital
NCT02309879,Hospital de Base,OTHER,False,hospital
NCT03955809,Balikesir University,OTHER,False,academic
NCT07603934,Cairo University,OTHER,False,academic
NCT02950233,Population Health Research Institute,OTHER,False,research_nonprofit
NCT06350981,Foundation for Orthopaedic Research and Education,OTHER,False,research_nonprofit
NCT01081990,Endeavor Health,OTHER,False,hospital
NCT03693222,Bakirkoy Dr. Sadi Konuk Research and Training Hospital,OTHER_GOV,False,government
NCT04284930,The Cleveland Clinic,OTHER,False,hospital
NCT03372382,"The University of Texas Health Science Center, Houston",OTHER,False,academic
NCT02777866,Instituto Nacional de Ciencias Medicas y Nutricion Salvador Zubiran,OTHER,False,government
NCT02035709,University of Erlangen-Nürnberg Medical School,OTHER,False,academic
NCT04964180,South Valley University,OTHER,False,academic
NCT04791943,Montefiore Medical Center,OTHER,False,hospital
NCT02969733,"University Hospital, Lille",OTHER,False,academic
NCT03625011,Children's Healthcare of Atlanta,OTHER,False,hospital
NCT02205580,Jin Ni,OTHER,False,individual
NCT03261193,Nicholas Schott,OTHER,False,individual
NCT02313675,John Fowler,OTHER,False,individual
NCT01789476,"Cara Therapeutics, Inc.",INDUSTRY,True,industry
NCT04516174,Beijing Tiantan Hospital,OTHER,False,hospital
NCT04996290,"University Hospital, Antwerp",OTHER,False,academic
NCT01084200,Huazhong University of Science and Technology,OTHER,False,academic
NCT06752486,"Research Institute of Ophthalmology, Egypt",OTHER,False,research_nonprofit
NCT01219088,Mahidol University,OTHER,False,academic
NCT07641647,"Second Affiliated Hospital, School of Medicine, Zhejiang University",OTHER,False,academic
NCT04749628,"Hospital for Special Surgery, New York",OTHER,False,hospital
NCT00440739,Mahidol University,OTHER,False,academic
NCT03198871,Kathirvel Subramaniam,OTHER,False,individual
NCT03648008,"Second Affiliated Hospital, School of Medicine, Zhejiang University",OTHER,False,academic
NCT03640390,Cairo University,OTHER,False,academic
NCT06863064,Kaohsiung Medical University Chung-Ho Memorial Hospital,OTHER,False,academic
NCT01276925,Bispebjerg Hospital,OTHER,False,hospital
NCT04747171,Benha University,OTHER,False,academic
NCT02689063,"AFT Pharmaceuticals, Ltd.",INDUSTRY,True,industry
NCT06630858,Ondokuz Mayıs University,OTHER,False,academic
NCT05541276,"Rigshospitalet, Denmark",OTHER,False,hospital
NCT05515822,Qiang Fu,OTHER,False,individual
NCT04132336,Bayer,INDUSTRY,True,industry
NCT04860635,Arthritis Innovation Corporation,INDUSTRY,True,industry
NCT03225313,Theodor Bilharz Research Institute,OTHER,False,research_nonprofit
NCT03007927,SEBASTIAN ROCHE,OTHER,True,industry
NCT03921034,Ochsner Health System,OTHER,False,hospital
NCT02124005,Ed Carlos Rey Moura,OTHER,False,other
NCT04203537,Concentric Analgesics,INDUSTRY,True,industry
NCT04852484,Aretaieion University Hospital,OTHER,False,academic
NCT07176065,University of Malaya,OTHER,False,academic
NCT02359110,Milton S. Hershey Medical Center,OTHER,False,hospital
NCT00528177,Ullevaal University Hospital,OTHER,False,academic
NCT02672202,Rambam Health Care Campus,OTHER,False,hospital
NCT00790829,Stony Brook University,OTHER,False,academic
NCT05750264,Menoufia University,OTHER,False,academic
NCT05842733,Sinew Pharma Inc.,INDUSTRY,True,industry
NCT05076903,Gangnam Severance Hospital,OTHER,False,hospital
NCT03288428,Peking University First Hospital,OTHER,False,academic
NCT03389022,Lithuanian University of Health Sciences,OTHER,False,academic
NCT06513208,University of Maryland St. Joseph Medical Center,OTHER,False,academic
NCT00699634,University of Manitoba,OTHER,False,academic
NCT02100748,Trevena Inc.,INDUSTRY,True,industry
NCT05535036,Mongi Slim Hospital,OTHER,False,hospital
NCT05186467,Sohag University,OTHER,False,academic
NCT02693821,Hospital Italiano de Buenos Aires,OTHER,False,hospital
NCT04620720,"Combined Military Hospital, Pakistan",OTHER,False,government
NCT04898920,Tanta University,OTHER,False,academic
NCT04539249,Olakunle Ifeoluwa Makinde,OTHER_GOV,False,government
NCT00983918,Baylor College of Medicine,OTHER,False,academic
NCT02784340,Cairo University,OTHER,False,academic
NCT07156513,Puerta de Hierro University Hospital,OTHER,False,academic
NCT07412496,Bausch & Lomb Incorporated,INDUSTRY,True,industry
NCT02405104,"Northern Orthopaedic Division, Denmark",OTHER,False,other
NCT05657704,Fundación de Investigación Biomédica - Hospital Universitario de La Princesa,OTHER,False,academic
NCT05386121,Cairo University,OTHER,False,academic
NCT03872843,Wake Forest University Health Sciences,OTHER,False,academic
NCT06789393,Assiut University,OTHER,False,academic
NCT05079087,Azienda Sanitaria dell'Alto Adige,OTHER,False,other
NCT04786756,Istanbul University,OTHER,False,academic
NCT02487303,Medical University of South Carolina,OTHER,False,academic
NCT05132595,Tianjin Medical University General Hospital,OTHER,False,academic
NCT03612947,Assiut University,OTHER,False,academic
NCT02361775,University of Minnesota,OTHER,False,academic
NCT03270514,Kathirvel Subramaniam,OTHER,False,individual
NCT05525013,Cairo University,OTHER,False,academic
NCT06172920,Baskent University,OTHER,False,academic
NCT02115360,Tanta University,OTHER,False,academic
NCT04122196,University of Missouri-Columbia,OTHER,False,academic
NCT01454609,Jawaharlal Institute of Postgraduate Medical Education & Research,OTHER_GOV,False,government
NCT06948513,Zitelli & Brodland Skin Cancer Center,OTHER,False,hospital
NCT01452633,Stony Brook University,OTHER,False,academic
NCT01106547,Holbaek Sygehus,OTHER,False,individual
NCT07203079,Stanford University,OTHER,False,academic
NCT02458742,Mahidol University,OTHER,False,academic
NCT07429019,Hadassah Medical Organization,OTHER,False,hospital
NCT05149287,Austin V Stone,OTHER,False,other
NCT06531759,Assiut University,OTHER,False,academic
NCT04080739,University of Alabama at Birmingham,OTHER,False,academic
NCT05283408,Anqing Municipal Hospital,OTHER,False,hospital
NCT03802864,Weill Medical College of Cornell University,OTHER,False,academic
NCT03537612,"Dr. Jean A. Ouellet, MD, FRCSC",OTHER,False,other
NCT00572208,Aarhus University Hospital,OTHER,False,academic
NCT01112436,Chung-Ang University Hospital,OTHER,False,academic
NCT07357376,AdventHealth,OTHER,False,hospital
NCT07275710,"Armed Forces Post Graduate Medical Institute (AFPGMI), Rawalpindi",OTHER,False,government
NCT06569953,The Second Affiliated Hospital of Chongqing Medical University,OTHER,False,academic
NCT05567822,Aretaieion University Hospital,OTHER,False,academic
NCT03664622,Cairo University,OTHER,False,academic
NCT05962970,"Samuel Lunenfeld Research Institute, Mount Sinai Hospital",OTHER,False,hospital
NCT06997016,Baylor Research Institute,OTHER,False,research_nonprofit
NCT05611749,Scripps Health,OTHER,False,hospital
NCT01816477,Mayo Clinic,OTHER,False,hospital
NCT05385523,"Armed Forces College of Medicine, Cairo, Egypt",OTHER,False,government
NCT06280456,"Taipei Veterans General Hospital, Taiwan",OTHER_GOV,False,government
NCT00725569,Shaare Zedek Medical Center,OTHER,False,hospital
NCT06160180,B.P. Koirala Institute of Health Sciences,OTHER,False,research_nonprofit
NCT07408414,Opća županijska bolnica Požega,OTHER,False,other
NCT05884268,Mansoura University,OTHER,False,academic
NCT01900795,Purdue Pharma LP,INDUSTRY,True,industry
NCT05965544,Başakşehir Çam & Sakura City Hospital,OTHER_GOV,False,government
NCT07304882,"University of Science and Technology, Yemen",OTHER,False,academic
NCT04526236,Pontificia Universidad Catolica de Chile,OTHER,False,academic
NCT04168112,Sight Medical Doctors PLLC,OTHER,False,private_practice
NCT03458598,University of Alberta,OTHER,False,academic
NCT05630404,Bursa City Hospital,OTHER_GOV,False,government
NCT00746720,University of Erlangen-Nürnberg Medical School,OTHER,False,academic
NCT03907176,Heron Therapeutics,INDUSTRY,True,industry
NCT02243943,Leiden University Medical Center,OTHER,False,academic
NCT04005599,University of Sao Paulo General Hospital,OTHER,False,academic
NCT04724772,Northwestern University,OTHER,False,academic
NCT06509958,"Shanghai Hengrui Pharmaceutical Co., Ltd.",INDUSTRY,True,industry
NCT00802048,"University Hospital, Bordeaux",OTHER,False,academic
NCT07057934,Dr. Lutfi Kirdar Kartal Training and Research Hospital,OTHER_GOV,False,government
NCT01902108,"St Joseph University, Beirut, Lebanon",OTHER,False,academic
NCT02325882,Yonsei University,OTHER,False,academic
NCT00444769,GlaxoSmithKline,INDUSTRY,True,industry
NCT04623632,Ain Shams Maternity Hospital,OTHER,False,hospital
NCT01538459,Lifespan,OTHER,False,other
NCT06351215,Keck School of Medicine of USC,OTHER,False,academic
NCT03715517,University of Manitoba,OTHER,False,academic
NCT06128369,Oculis,INDUSTRY,True,industry
NCT02397356,Tampere University Hospital,OTHER,False,academic
NCT03241875,"Faculty of Medicine, Sousse",OTHER,False,academic
NCT07683520,Ain Shams University,OTHER,False,academic
NCT02585011,St. Olavs Hospital,OTHER,False,hospital
NCT06817239,"Nanfang Hospital, Southern Medical University",OTHER,False,academic
NCT03404206,Bayer,INDUSTRY,True,industry
NCT07488832,Ankara City Hospital Bilkent,OTHER,False,hospital
NCT00229567,University of Saskatchewan,OTHER,False,academic
NCT07538375,28 Military Dental Centre Lahore,OTHER_GOV,False,government
NCT02052180,University of Tennessee,OTHER,False,academic
NCT02677532,University of Genova,OTHER,False,academic
NCT02953691,"Jeff Taekman, M.D.",OTHER,False,other
NCT05297513,Baylor College of Medicine,OTHER,False,academic
NCT07221617,Mayo Clinic,OTHER,False,hospital
NCT05177991,Leslie Son,OTHER,False,individual
NCT05283499,"Rutgers, The State University of New Jersey",OTHER,False,academic
NCT03105518,Brigham and Women's Hospital,OTHER,False,hospital
NCT01432496,San Gerardo Hospital,OTHER,False,hospital
NCT05431322,Kaohsiung Veterans General Hospital.,OTHER,False,hospital
NCT02408393,Institut Curie,OTHER,False,research_nonprofit
NCT05172739,University of Crete,OTHER,False,academic
NCT02391844,International Clinical Research Institute,OTHER,False,research_nonprofit
NCT00886236,Medical University of South Carolina,OTHER,False,academic
NCT06799442,Assiut University,OTHER,False,academic
NCT05087914,Northwestern University,OTHER,False,academic
NCT02969187,The Cleveland Clinic,OTHER,False,hospital
NCT03498261,Ohio State University,OTHER,False,academic
NCT01726530,Khon Kaen University,OTHER,False,academic
NCT01608373,Chung-Ang University Hospital,OTHER,False,academic
NCT03623230,Bozyaka Training and Research Hospital,OTHER,False,hospital
NCT07287657,Buddhist Tzu Chi General Hospital,OTHER,False,hospital
NCT05666089,Cairo University,OTHER,False,academic
NCT00733421,Karolinska Institutet,OTHER,False,academic
NCT04724252,"University of California, Davis",OTHER,False,academic
NCT03128346,"Western University, Canada",OTHER,False,academic
NCT02502591,Royal Devon and Exeter NHS Foundation Trust,OTHER,False,government
NCT01447329,Mike O'Callaghan Military Hospital,FED,False,government
NCT05543109,Tanta University,OTHER,False,academic
NCT06076707,Wollo University,OTHER,False,academic
NCT05261009,Wake Forest University Health Sciences,OTHER,False,academic
NCT07528651,Erasme University Hospital,OTHER,False,academic
NCT05579223,"Xinhua Hospital, Shanghai Jiao Tong University School of Medicine",OTHER,False,academic
NCT03067168,The Christ Hospital,OTHER,False,hospital
NCT05918796,Ain Shams University,OTHER,False,academic
NCT01430182,Baylor College of Medicine,OTHER,False,academic
NCT03393949,Shengjing Hospital,OTHER,False,hospital
NCT04833777,University of Saskatchewan,OTHER,False,academic
NCT02435537,Assiut University,OTHER,False,academic
NCT05676814,Wake Forest University Health Sciences,OTHER,False,academic
NCT01614236,Tel-Aviv Sourasky Medical Center,OTHER_GOV,False,government
NCT03620591,Larissa University Hospital,OTHER,False,academic
NCT04849455,"University of California, San Diego",OTHER,False,academic
NCT06937853,Ataturk University,OTHER,False,academic
NCT05753046,Corewell Health East,OTHER,False,hospital
NCT01850017,University of Virginia,OTHER,False,academic
NCT01953978,"Rigshospitalet, Denmark",OTHER,False,hospital
NCT03886896,Medical University of Warsaw,OTHER,False,academic
NCT03975283,McMaster University,OTHER,False,academic
NCT04709211,Ain Shams University,OTHER,False,academic
NCT07658521,Ain Shams University,OTHER,False,academic
NCT05341375,The First Hospital of Qinhuangdao,OTHER_GOV,False,government
NCT00383682,Eunice Kennedy Shriver National Institute of Child Health and Human Development (NICHD),NIH,False,government
NCT07262554,Alexandria University,OTHER,False,academic
NCT05115123,Mansoura University,OTHER,False,academic
NCT01052038,Northwestern University,OTHER,False,academic
NCT06423716,Sunnybrook Health Sciences Centre,OTHER,False,hospital
NCT02465008,General University Hospital of Valencia,OTHER,False,academic
NCT03720223,Urology of Virginia,OTHER,False,other
NCT06964555,Fazaia Ruth Pfau Medical College,OTHER,False,academic
NCT04908449,Medical College of Wisconsin,OTHER,False,academic
NCT01801189,Legacy Health System,OTHER,False,hospital
NCT04488315,Beijing Tiantan Hospital,OTHER,False,hospital
NCT01370915,Samsung Medical Center,OTHER,False,hospital
NCT00424424,Merck Sharp & Dohme LLC,INDUSTRY,True,industry
NCT05194904,Assiut University,OTHER,False,academic
NCT01133639,Beth Israel Deaconess Medical Center,OTHER,False,hospital
NCT05480111,"The University of Texas Health Science Center, Houston",OTHER,False,academic
NCT03646006,"Mount Sinai Hospital, Canada",OTHER,False,hospital
NCT02652156,Joshua Herskovic,OTHER,False,individual
NCT01840800,Jens Borglum Neimann,OTHER,False,individual
NCT05791721,University of Belgrade,OTHER,False,academic
NCT00888303,Ospedale Misericordia e Dolce,OTHER,False,hospital
NCT03149887,Steven Orebaugh,OTHER,False,individual
NCT03790007,Fatih Sultan Mehmet Training and Research Hospital,OTHER,False,hospital
NCT01083485,Mundipharma Oy,INDUSTRY,True,industry
NCT05661253,Zagazig University,OTHER_GOV,False,government
NCT07525934,Recep Karakaşoğlu,OTHER,False,individual
NCT03074097,Assiut University,OTHER,False,academic
NCT03591172,Cairo University,OTHER,False,academic
NCT02664857,Cukurova University,OTHER,False,academic
NCT01964781,St. Olavs Hospital,OTHER,False,hospital
NCT04910165,"St. Luke's Hospital, Pennsylvania",OTHER,False,hospital
NCT04610164,Rothman Institute Orthopaedics,OTHER,False,research_nonprofit
NCT03704753,Tampere University Hospital,OTHER,False,academic
NCT06743802,The Second Affiliated Hospital of Chongqing Medical University,OTHER,False,academic
NCT07241949,Cukurova University,OTHER,False,academic
NCT00716833,Ludwig-Maximilians - University of Munich,OTHER,False,academic
NCT05401916,Bezmialem Vakif University,OTHER,False,academic
NCT00270322,Rambam Health Care Campus,OTHER,False,hospital
NCT06616441,El Shatby University Hospital for Obstetrics and Gynecology,OTHER,False,academic
NCT07604376,Matild Keresztes,OTHER,False,individual
NCT04998071,Queen Sirikit National Institute of Child Health,OTHER_GOV,False,government
NCT04333992,Yeungnam University College of Medicine,OTHER,False,academic
NCT02526199,Rasmus Wulff Hauritz,OTHER,False,individual
NCT01917448,Mahidol University,OTHER,False,academic
NCT00330798,Alcon Research,INDUSTRY,True,industry
NCT06336161,Al-Azhar University,OTHER,False,academic
NCT03549221,Mahidol University,OTHER,False,academic
NCT04029467,Lebanese American University,OTHER,False,academic
NCT00672100,Corewell Health East,OTHER,False,hospital
NCT04012424,Cairo University,OTHER,False,academic
NCT06071949,Apurano Pharmaceuticals GmbH,INDUSTRY,True,industry
NCT03476772,Assiut University,OTHER,False,academic
NCT02540265,Baudax Bio,INDUSTRY,True,industry
NCT00745290,"Pacira Pharmaceuticals, Inc",INDUSTRY,True,industry
NCT05924191,University of Nove de Julho,OTHER,False,academic
NCT01982799,University of Minnesota,OTHER,False,academic
NCT05072314,Monash University,OTHER,False,academic
NCT03801265,Sharad Khetarpal,OTHER,False,individual
NCT03364088,Riku Antero Palanne,OTHER,False,individual
NCT05998317,Mansoura University,OTHER,False,academic
NCT03530280,Ankara Diskapi Training and Research Hospital,OTHER,False,hospital
NCT06618820,Campbell Clinic,OTHER,False,hospital
NCT06354478,"National Cancer Institute, Egypt",OTHER,False,government
NCT03854344,University of Kansas Medical Center,OTHER,False,academic
NCT02028715,Aultman Health Foundation,OTHER,False,research_nonprofit
NCT04242407,"Teikoku Pharma USA, Inc.",INDUSTRY,True,industry
NCT00694369,Organon and Co,INDUSTRY,True,industry
NCT02806713,"University of Massachusetts, Worcester",OTHER,False,academic
NCT01591382,Brigham and Women's Hospital,OTHER,False,hospital
NCT07222072,The Cleveland Clinic,OTHER,False,hospital
NCT04582786,Alaxia SAS,INDUSTRY,True,industry
NCT05565664,Cairo University,OTHER,False,academic
NCT01544959,Université de Sherbrooke,OTHER,False,academic
NCT05642416,Henry Ford Health System,OTHER,False,hospital
NCT05274113,Rothman Institute Orthopaedics,OTHER,False,research_nonprofit
NCT06343753,Ain Shams University,OTHER,False,academic
NCT03011905,Oslo University Hospital,OTHER,False,academic
NCT05315479,Baudax Bio,INDUSTRY,True,industry
NCT04969705,Sohag University,OTHER,False,academic
NCT06267820,Sohag University,OTHER,False,academic
NCT06966596,Fazaia Ruth Pfau Medical College,OTHER,False,academic
NCT03660020,Assiut University,OTHER,False,academic
NCT05523102,Indonesia University,OTHER,False,academic
NCT07201987,Ganesh M. Shankar,OTHER,False,other
NCT02778958,Inonu University,OTHER,False,academic
NCT05232084,Medipol University,OTHER,False,academic
NCT01114971,Cedars-Sinai Medical Center,OTHER,False,hospital
NCT03214536,"University Hospital, Antwerp",OTHER,False,academic
NCT06507995,Ankara University,OTHER,False,academic
NCT06339151,Thammasat University Hospital,OTHER,False,academic
NCT01458431,Manuel Ángel Gómez-Ríos,OTHER,False,individual
NCT06499181,"United States Naval Medical Center, San Diego",FED,False,government
NCT00403806,"University Hospital, Geneva",OTHER,False,academic
NCT05216211,Ataturk University,OTHER,False,academic
NCT01997788,Seoul National University Hospital,OTHER,False,academic
NCT05324761,Al-Kindy College of Medicine,OTHER,False,academic
NCT06740903,Sahiwal medical college sahiwal,OTHER_GOV,False,government
NCT03810547,Ain Shams University,OTHER,False,academic
NCT02459392,EPC Education s.r.o.,OTHER,False,other
NCT03268525,Wolfson Medical Center,OTHER_GOV,False,government
NCT03096730,Tianjin Medical University General Hospital,OTHER,False,academic
NCT00133133,AlgoRx Pharmaceuticals,INDUSTRY,True,industry
NCT02053558,Northwestern University,OTHER,False,academic
NCT03874936,Odense University Hospital,OTHER,False,academic
NCT07090928,Khyber Teaching Hospital,OTHER,False,hospital
NCT02341079,"United States Naval Medical Center, San Diego",FED,False,government
NCT03035656,Horizon Health Network,OTHER,False,hospital
NCT03240562,Samsung Medical Center,OTHER,False,hospital
NCT05446727,Jagiellonian University,OTHER,False,academic
NCT06625606,Benha University,OTHER,False,academic
NCT00935116,Hospital Padre Hurtado,OTHER,False,hospital
NCT03005899,SymBio Pharmaceuticals,INDUSTRY,True,industry
NCT06478758,Giresun University,OTHER,False,academic
NCT03618082,"University Hospital, Clermont-Ferrand",OTHER,False,academic
NCT04585438,Cairo University,OTHER,False,academic
NCT00683137,Pfizer,INDUSTRY,True,industry
NCT07452705,University of Malaya,OTHER,False,academic
NCT00448110,Javelin Pharmaceuticals,INDUSTRY,True,industry
NCT03389243,Medical University of Silesia,OTHER,False,academic
NCT07257133,Mayo Clinic,OTHER,False,hospital
NCT07249827,McGill University Health Centre/Research Institute of the McGill University Health Centre,OTHER,False,academic
NCT01549704,"University Hospital, Gentofte, Copenhagen",OTHER,False,academic
NCT07353593,Ashraf elanzy,OTHER,False,other
NCT01598545,Emory University,OTHER,False,academic
NCT05588336,Cukurova University,OTHER,False,academic
NCT05303688,TC Erciyes University,OTHER,False,academic
NCT04544228,Cairo University,OTHER,False,academic
NCT06238154,Yuzuncu Yil University,OTHER,False,academic
NCT03187379,Matthew Kroh,OTHER,False,individual
NCT01199406,Meander Medical Center,OTHER,False,hospital
NCT00413257,"University Hospital, Bordeaux",OTHER,False,academic
NCT03249168,Assiut University,OTHER,False,academic
NCT03253224,Seoul National University Hospital,OTHER,False,academic
NCT03377595,University of Minnesota,OTHER,False,academic
NCT03903367,Beni-Suef University,OTHER,False,academic
NCT00974350,Durect,INDUSTRY,True,industry
NCT02037061,The Cleveland Clinic,OTHER,False,hospital
NCT03067740,Zagazig University,OTHER_GOV,False,government
NCT06021717,Universiti Kebangsaan Malaysia Medical Centre,OTHER,False,academic
NCT03052673,Sir Ganga Ram Hospital,OTHER,False,hospital
NCT07548385,Icahn School of Medicine at Mount Sinai,OTHER,False,academic
NCT03618173,"Central Hospital, Nancy, France",OTHER,False,hospital
NCT02145975,Universidad de Antioquia,OTHER,False,academic
NCT06989866,"United States Naval Medical Center, Portsmouth",FED,False,government
NCT03695367,Heron Therapeutics,INDUSTRY,True,industry
NCT04256057,Beni-Suef University,OTHER,False,academic
NCT02292667,Centre Hospitalier Universitaire de Besancon,OTHER,False,academic
NCT03023501,King Saud University,OTHER,False,academic
NCT07307625,Dr. Lutfi Kirdar Kartal Training and Research Hospital,OTHER_GOV,False,government
NCT02912650,Pfizer,INDUSTRY,True,industry
NCT05563155,Vejle Hospital,OTHER,False,hospital
NCT07223580,Mayo Clinic,OTHER,False,hospital
NCT05474040,Zagazig University,OTHER_GOV,False,government
NCT03332056,University of Washington,OTHER,False,academic
NCT07213687,Dilla University,OTHER,False,academic
NCT02468128,"Lumosa Therapeutics Co., Ltd.",INDUSTRY,True,industry
NCT04062591,Ain Shams University,OTHER,False,academic
NCT05997355,University of Puerto Rico,OTHER,False,academic
NCT01442818,TriHealth Inc.,OTHER,True,industry
NCT00927225,Hvidovre University Hospital,OTHER,False,academic
NCT06531603,Sahiwal medical college sahiwal,OTHER_GOV,False,government
NCT02783586,Medical University of Warsaw,OTHER,False,academic
NCT05121168,"University of California, San Diego",OTHER,False,academic
NCT05686395,Tanta University,OTHER,False,academic
NCT02744352,University of Pennsylvania,OTHER,False,academic
NCT04039321,Antalya Training and Research Hospital,OTHER_GOV,False,government
NCT05982392,Dow University of Health Sciences,OTHER,False,academic
NCT07047040,Assiut University,OTHER,False,academic
NCT03591289,Rainer Lenhardt,OTHER,False,individual
NCT07479069,Fatima Memorial Hospital,OTHER,False,hospital
NCT02973958,Alberta Children's Hospital,OTHER,False,hospital
NCT04764916,Carilion Clinic,OTHER,False,hospital
NCT03785041,Ain Shams University,OTHER,False,academic
NCT03748108,Aswan University Hospital,OTHER,False,academic
NCT05317572,Ondokuz Mayıs University,OTHER,False,academic
NCT04709250,Ain Shams University,OTHER,False,academic
NCT03318952,Boston University,OTHER,False,academic
NCT03872830,Shijiazhuang Yiling Pharmaceutical Co. Ltd,INDUSTRY,True,industry
NCT02571881,Kuopio University Hospital,OTHER,False,academic
NCT02670759,Centre hospitalier de l'Université de Montréal (CHUM),OTHER,False,academic
NCT04130802,Oculis,INDUSTRY,True,industry
NCT06215859,Viatris Specialty LLC,INDUSTRY,True,industry
NCT03471442,University of Alberta,OTHER,False,academic
NCT00188071,"University Hospital, Angers",OTHER_GOV,False,government
NCT02904538,"University Hospital, Clermont-Ferrand",OTHER,False,academic
NCT03875664,Wake Forest University Health Sciences,OTHER,False,academic
NCT01929031,Boehringer Ingelheim,INDUSTRY,True,industry
NCT03927326,University of Washington,OTHER,False,academic
NCT01922427,Revalesio Corporation,INDUSTRY,True,industry
NCT06932835,Ankara Etlik City Hospital,OTHER_GOV,False,government
NCT03410836,Ciusss de L'Est de l'Île de Montréal,OTHER,False,hospital
NCT02067442,Thomas Jefferson University,OTHER,False,academic
NCT03859024,University of Alabama at Birmingham,OTHER,False,academic
NCT07023991,Ain Shams University,OTHER,False,academic
NCT02958566,University of Illinois College of Medicine at Peoria,OTHER,False,academic
NCT03268278,University Hospitals Cleveland Medical Center,OTHER,False,academic
NCT01450345,University of Malaya,OTHER,False,academic
NCT03051503,South Egypt Cancer Institute,OTHER,False,research_nonprofit
NCT02790203,Sheba Medical Center,OTHER_GOV,False,government
NCT04761029,Bursa Yuksek Ihtisas Training and Research Hospital,OTHER_GOV,False,government
NCT02353676,Cosmozone Dental Clinic,OTHER,False,hospital
NCT06797973,Anne Juul Wikkelsø,OTHER,False,individual
NCT06453681,Kasr El Aini Hospital,OTHER,False,hospital
NCT03580980,"National Cancer Institute, Egypt",OTHER,False,government
NCT01605942,Allergan,INDUSTRY,True,industry
NCT07590752,Sahiwal medical college sahiwal,OTHER_GOV,False,government
NCT06176222,Kaohsiung Medical University Chung-Ho Memorial Hospital,OTHER,False,academic
NCT06071936,Apurano Pharmaceuticals GmbH,INDUSTRY,True,industry
NCT06479122,Seoul National University Hospital,OTHER,False,academic
NCT03383588,Montefiore Medical Center,OTHER,False,hospital
NCT00921700,Ullevaal University Hospital,OTHER,False,academic
NCT04515953,"Nang Kuang Pharmaceutical Co., Ltd.",INDUSTRY,True,industry
NCT02961062,Novartis Pharmaceuticals,INDUSTRY,True,industry
NCT01041313,University of Washington,OTHER,False,academic
NCT03770013,Aswan University Hospital,OTHER,False,academic
NCT07588802,Massachusetts General Hospital,OTHER,False,hospital
NCT03393702,"National Institute for Tuberculosis and Lung Diseases, Poland",OTHER,False,government
NCT05076773,Menoufia University,OTHER,False,academic
NCT02647788,University of Pennsylvania,OTHER,False,academic
NCT04575233,Davide La Regina,OTHER,False,individual
NCT07171125,Min Li,OTHER,False,individual
NCT06860893,University Hospital of North Norway,OTHER,False,academic
NCT00823576,Centre Hospitalier Universitaire de Nice,OTHER,False,academic
NCT00709436,"Hospira, now a wholly owned subsidiary of Pfizer",INDUSTRY,True,industry
NCT03638635,Inova Health Care Services,OTHER,False,hospital
NCT05243940,Aretaieion University Hospital,OTHER,False,academic
NCT04212611,"All India Institute of Medical Sciences, Rishikesh",OTHER_GOV,False,government
NCT02945696,Marcus Malek,OTHER,False,individual
NCT03618264,Beijing Tiantan Hospital,OTHER,False,hospital
NCT03825068,Assiut University,OTHER,False,academic
NCT05936190,Ankara University,OTHER,False,academic
NCT04708353,Zagazig University,OTHER_GOV,False,government
NCT04900571,Altamash Institute of Dental Medicine,OTHER,False,research_nonprofit
NCT03151434,Indiana University,OTHER,False,academic
NCT03995628,Medical University of South Carolina,OTHER,False,academic
NCT04003506,The University of Hong Kong,OTHER,False,academic
NCT04432012,Christian Candrian,OTHER,False,individual
NCT07653490,Taksim Egitim ve Arastirma Hastanesi,OTHER_GOV,False,government
NCT01556724,Sylvia Wilson,OTHER,False,individual
NCT04733326,Cairo University,OTHER,False,academic
NCT00092300,Merck Sharp & Dohme LLC,INDUSTRY,True,industry
NCT02092012,TC Erciyes University,OTHER,False,academic
NCT06371638,Udayana University,OTHER,False,academic
NCT07436806,Medipol University,OTHER,False,academic
NCT02311777,University of Texas Southwestern Medical Center,OTHER,False,academic
NCT03717467,Fayoum University Hospital,OTHER,False,academic
NCT05514197,Chimei Medical Center,OTHER,False,hospital
NCT07094542,"Rutgers, The State University of New Jersey",OTHER,False,academic
NCT01425658,Qazvin University Of Medical Sciences,OTHER,False,academic
NCT02072135,"Rutgers, The State University of New Jersey",OTHER,False,academic
NCT00210210,Institut Bergonié,OTHER,False,research_nonprofit
NCT00814580,"Ortho-McNeil Janssen Scientific Affairs, LLC",INDUSTRY,True,industry
NCT04300231,Indiana University,OTHER,False,academic
NCT04500158,Virginia Commonwealth University,OTHER,False,academic
NCT02570503,Virginia Commonwealth University,OTHER,False,academic
NCT06710405,Seoul National University Hospital,OTHER,False,academic
NCT02737124,NYU Langone Health,OTHER,False,hospital
NCT03041935,Alberta Children's Hospital,OTHER,False,hospital
NCT00092313,Merck Sharp & Dohme LLC,INDUSTRY,True,industry
NCT05751421,Rothman Institute Orthopaedics,OTHER,False,research_nonprofit
NCT03395808,"Avenue Therapeutics, Inc.",INDUSTRY,True,industry
NCT03652103,Bozyaka Training and Research Hospital,OTHER,False,hospital
NCT03696095,J P Lecoq,OTHER,False,other
NCT02006966,Yonsei University,OTHER,False,academic
NCT01480752,"Islamic Azad University, Sanandaj",OTHER,False,academic
NCT07002632,Gaziosmanpasa Research and Education Hospital,OTHER_GOV,False,government
NCT03723980,Juzer Shabbir Saifee,OTHER,False,individual
NCT04630158,Novartis Pharmaceuticals,INDUSTRY,True,industry
NCT05775861,Ciusss de L'Est de l'Île de Montréal,OTHER,False,hospital
NCT02725359,Ataturk University,OTHER,False,academic
NCT07540676,Istanbul Medeniyet University,OTHER,False,academic
NCT04095455,"National Cancer Institute, Egypt",OTHER,False,government
NCT06807554,Liaquat National Hospital & Medical College,OTHER,False,academic
NCT04167176,Assiut University,OTHER,False,academic
NCT05069012,Beth Israel Deaconess Medical Center,OTHER,False,hospital
NCT02555423,Kingston Hospital NHS Trust,OTHER,False,government
NCT06558331,Başakşehir Çam & Sakura City Hospital,OTHER_GOV,False,government
NCT07185594,"Shandong Suncadia Medicine Co., Ltd.",INDUSTRY,True,industry
NCT01534416,Icahn School of Medicine at Mount Sinai,OTHER,False,academic
NCT04794426,Noura Mohamed Alhosaini,OTHER,False,individual
NCT04959825,Cairo University,OTHER,False,academic
NCT03391570,Seoul National University Hospital,OTHER,False,academic
NCT02466022,University of Saskatchewan,OTHER,False,academic
NCT00799149,Meir Medical Center,OTHER,False,hospital
NCT02084511,Boehringer Ingelheim,INDUSTRY,True,industry
NCT02720692,Baudax Bio,INDUSTRY,True,industry
NCT00993798,Durect,INDUSTRY,True,industry
NCT01461031,The Catholic University of Korea,OTHER,False,academic
NCT07270159,Dow University of Health Sciences,OTHER,False,academic
NCT02489526,"Vivozon, Inc.",INDUSTRY,True,industry
NCT06062134,Philippe Gauthier,OTHER,False,individual
NCT05690282,"University of California, San Diego",OTHER,False,academic
NCT07636070,murat sahin,OTHER,False,other
NCT00942565,The University of Hong Kong,OTHER,False,academic
NCT02634788,INSYS Therapeutics Inc,INDUSTRY,True,industry
NCT06779370,Ataturk University,OTHER,False,academic
NCT00538499,Roswell Park Cancer Institute,OTHER,False,research_nonprofit
NCT07426666,Havva Betül Bacak,OTHER_GOV,False,government
NCT06095973,"G2GBio, Inc.",INDUSTRY,True,industry
NCT07571837,Al-Azhar University,OTHER,False,academic
NCT07442539,Beijing Tiantan Hospital,OTHER,False,hospital
NCT07099222,University of Arizona,OTHER,False,academic
NCT04364867,Norton Healthcare,OTHER,False,hospital
NCT01365195,Cedars-Sinai Medical Center,OTHER,False,hospital
NCT04981678,MaineHealth,OTHER,False,hospital
NCT03859635,Indiana University,OTHER,False,academic
NCT03758170,"Copenhagen University Hospital, Hvidovre",OTHER,False,academic
NCT04589429,Minia University,OTHER,False,academic
NCT02352922,AdventHealth,OTHER,False,hospital
NCT03808077,Memorial Sloan Kettering Cancer Center,OTHER,False,hospital
NCT03450161,"University Hospital, Ghent",OTHER,False,academic
NCT00199316,Khon Kaen University,OTHER,False,academic
NCT05757388,Khon Kaen University,OTHER,False,academic
NCT07557576,Iva Smiljanić,OTHER,False,individual
NCT04474366,"University of California, San Francisco",OTHER,False,academic
NCT05044429,George Washington University,OTHER,False,academic
NCT02490345,Indiana University,OTHER,False,academic
NCT05082155,"University of California, San Diego",OTHER,False,academic
NCT01531439,Children's Mercy Hospital Kansas City,OTHER,False,hospital
NCT06774274,Universidad de Antioquia,OTHER,False,academic
NCT06779968,Xiaguang Duan,OTHER,False,individual
NCT03874806,Virginia Commonwealth University,OTHER,False,academic
NCT04613869,"Second Affiliated Hospital, School of Medicine, Zhejiang University",OTHER,False,academic
NCT04259333,Blake Raggio,OTHER,False,individual
NCT05229653,NYU Langone Health,OTHER,False,hospital
NCT03737292,Milton S. Hershey Medical Center,OTHER,False,hospital
NCT04681027,"Endo USA Inc., a Keenova Therapeutics Company",INDUSTRY,True,industry
NCT04788654,Gangnam Severance Hospital,OTHER,False,hospital
NCT02449486,Kuopio University Hospital,OTHER,False,academic
NCT03317600,Danish Pain Research Center,OTHER,False,research_nonprofit
NCT03035617,Aga Khan University,OTHER,False,academic
NCT02689258,Heron Therapeutics,INDUSTRY,True,industry
NCT00199303,Khon Kaen University,OTHER,False,academic
NCT03506789,Naestved Hospital,OTHER,False,hospital
NCT03354572,Radboud University Medical Center,OTHER,False,academic
NCT07416136,Marmara University,OTHER,False,academic
NCT03838133,Taiwan Liposome Company,INDUSTRY,True,industry
NCT02244619,Kettering Health Network,OTHER,False,hospital
NCT04762381,Herning Hospital,OTHER,False,hospital
NCT05372133,The Hospital for Sick Children,OTHER,False,hospital
NCT01322360,Roxane Laboratories,INDUSTRY,True,industry
NCT03730714,Assiut University,OTHER,False,academic
NCT00768456,Hvidovre University Hospital,OTHER,False,academic
NCT02946294,Cairo University,OTHER,False,academic
NCT04258241,Lithuanian University of Health Sciences,OTHER,False,academic
NCT06260046,Seoul National University Hospital,OTHER,False,academic
NCT04860856,University of Cincinnati,OTHER,False,academic
NCT03250494,Ain Shams University,OTHER,False,academic
NCT07057336,Cukurova University,OTHER,False,academic
NCT03732469,University of South Florida,OTHER,False,academic
NCT06894069,University of Jordan,OTHER,False,academic
NCT03673163,Guangzhou First People's Hospital,OTHER,False,hospital
NCT02424591,NYU Langone Health,OTHER,False,hospital
NCT05705128,New Valley University,OTHER,False,academic
NCT07412223,Xiangya Hospital of Central South University,OTHER,False,academic
NCT00180687,Imperial College London,OTHER,False,academic
NCT02454881,Turku University Hospital,OTHER_GOV,False,government
NCT03331315,"Michael Ulm, MD",OTHER,False,other
NCT01280591,Bayer,INDUSTRY,True,industry
NCT02801799,Nordsjaellands Hospital,OTHER,False,hospital
NCT01622322,The Cleveland Clinic,OTHER,False,hospital
NCT00150280,Pfizer's Upjohn has merged with Mylan to form Viatris Inc.,INDUSTRY,True,industry
NCT01666379,Turku University Hospital,OTHER_GOV,False,government
NCT06179628,Chulalongkorn University,OTHER,False,academic
NCT01626118,"Iroko Pharmaceuticals, LLC",INDUSTRY,True,industry
NCT04947007,Istanbul University,OTHER,False,academic
NCT03206008,Seoul National University Bundang Hospital,OTHER,False,academic
NCT07701551,Cairo University,OTHER,False,academic
NCT03929640,Milton S. Hershey Medical Center,OTHER,False,hospital
NCT02381132,Neil Singla,OTHER,False,individual
NCT06889987,"National Cancer Institute, Egypt",OTHER,False,government
NCT07276542,The Ketamine Research Foundation,OTHER,False,research_nonprofit
NCT02577068,Yonsei University,OTHER,False,academic
NCT07616180,Cairo University,OTHER,False,academic
NCT05441150,Inonu University,OTHER,False,academic
NCT04188431,Walid HABRE,OTHER,False,other
NCT06722963,Assiut University,OTHER,False,academic
NCT02773602,"The University of Texas Health Science Center, Houston",OTHER,False,academic
NCT05609565,Ain Shams University,OTHER,False,academic
NCT04752033,Mayo Clinic,OTHER,False,hospital
NCT06208267,"St. Mary's Research Center, Canada",OTHER,False,research_nonprofit
NCT03879564,Mahidol University,OTHER,False,academic
NCT04189107,"Rigshospitalet, Denmark",OTHER,False,hospital
NCT07565870,Alexandre P. Joosten,OTHER,False,other
NCT04182880,Cali Pharmaceuticals LLC,INDUSTRY,True,industry
NCT03763734,"Copenhagen University Hospital, Hvidovre",OTHER,False,academic
NCT03783182,Umeå University,OTHER,False,academic
NCT05718544,Peking University First Hospital,OTHER,False,academic
NCT03927911,"Pacira Pharmaceuticals, Inc",INDUSTRY,True,industry
NCT05474014,Bursa Yuksek Ihtisas Training and Research Hospital,OTHER_GOV,False,government
NCT01388946,University of Athens,OTHER,False,academic
NCT00728832,"EKR Therapeutics, Inc",INDUSTRY,True,industry
NCT04295330,West China Hospital,OTHER,False,hospital
NCT03908060,University of Aarhus,OTHER,False,academic
NCT00236249,Assistance Publique - Hôpitaux de Paris,OTHER,False,government
NCT04259476,"Services Institute of Medical Sciences, Pakistan",OTHER_GOV,False,government
NCT05685342,Seoul National University Hospital,OTHER,False,academic
NCT00260260,Odense University Hospital,OTHER,False,academic
NCT07277153,Xin Chen,OTHER,False,individual
NCT02680626,Dr. Anthony Ho,OTHER,False,individual
NCT06868589,Lahey Clinic,OTHER,False,hospital
NCT07227064,Medical University of South Carolina,OTHER,False,academic
NCT07219888,University of Louisville,OTHER,False,academic
NCT02540070,London Health Sciences Centre Research Institute OR Lawson Research Institute of St. Joseph's,OTHER,False,research_nonprofit
NCT05664542,Security Forces Hospital,OTHER,False,hospital
NCT03532906,Royal Devon and Exeter NHS Foundation Trust,OTHER,False,government
NCT07456761,South Egypt Cancer Institute,OTHER,False,research_nonprofit
NCT05744674,"Shanghai Hengrui Pharmaceutical Co., Ltd.",INDUSTRY,True,industry
NCT07198412,Benha University,OTHER,False,academic
NCT04752111,Benha University,OTHER,False,academic
NCT00554346,National Taiwan University Hospital,OTHER,False,academic
NCT03063658,Ankara University,OTHER,False,academic
NCT01790555,Radboud University Medical Center,OTHER,False,academic
NCT04260854,Northwestern University,OTHER,False,academic
NCT04662567,Northwell Health,OTHER,False,hospital
NCT00487110,"University Hospital, Clermont-Ferrand",OTHER,False,academic
NCT04464512,West Virginia University,OTHER,False,academic
NCT03638960,University of Southern California,OTHER,False,academic
NCT01296347,Imperial College Healthcare NHS Trust,OTHER,False,government
NCT05447429,Samsun Education and Research Hospital,OTHER,False,hospital
NCT03034733,University of Oulu,OTHER,False,academic
NCT04443634,Cairo University,OTHER,False,academic
NCT01454063,Omeros Corporation,INDUSTRY,True,industry
NCT05943613,Assiut University,OTHER,False,academic
NCT04622904,Aretaieion University Hospital,OTHER,False,academic
NCT00964639,University of Aarhus,OTHER,False,academic
NCT03657407,Anna Reinert,OTHER,False,individual
NCT06570577,Stony Brook University,OTHER,False,academic
NCT07430228,Wake Forest University Health Sciences,OTHER,False,academic
NCT02143141,Wake Forest University Health Sciences,OTHER,False,academic
NCT06832254,Cukurova University,OTHER,False,academic
NCT03275207,Zhongda Hospital,OTHER,False,hospital
NCT02001948,Ankara University,OTHER,False,academic
NCT00807209,"Pacira Pharmaceuticals, Inc",INDUSTRY,True,industry
NCT01221025,"First Affiliated Hospital, Sun Yat-Sen University",OTHER,False,academic
NCT00375934,Xanodyne Pharmaceuticals,INDUSTRY,True,industry
NCT02976571,Wolfson Medical Center,OTHER_GOV,False,government
NCT03485014,"Pacira Pharmaceuticals, Inc",INDUSTRY,True,industry
NCT03568474,Cairo University,OTHER,False,academic
NCT01675635,Mundipharma (China) Pharmaceutical Co. Ltd,INDUSTRY,True,industry
NCT03512574,Wonkwang University Hospital,OTHER,False,academic
NCT07240649,Jay C. Buckey Jr.,OTHER,False,other
NCT00672347,Federal University of Minas Gerais,OTHER,False,government
NCT04819503,Oslo University Hospital,OTHER,False,academic
NCT04864210,Nada Sadek,OTHER,False,individual
NCT02393339,Hadassah Medical Organization,OTHER,False,hospital
NCT07097220,"Sir Run Run Shaw Hospital, Qingchun Campus, Zhejiang University School of Medicine,",OTHER_GOV,False,government
NCT04448457,Centre Hospitalier Universitaire de Tivoli,OTHER,False,academic
NCT06077214,Virginia Commonwealth University,OTHER,False,academic
NCT07248189,Cairo University,OTHER,False,academic
NCT06315959,Ondokuz Mayıs University,OTHER,False,academic
NCT00500565,M.D. Anderson Cancer Center,OTHER,False,hospital
NCT01017380,Prince of Songkla University,OTHER,False,academic
NCT07276906,University of South Alabama,OTHER,False,academic
NCT01927874,Federal University of São Paulo,OTHER,False,government
NCT00129597,Hospices Civils de Lyon,OTHER,False,hospital
NCT01507363,Hvidovre University Hospital,OTHER,False,academic
NCT07429916,King Abdullah University Hospital,OTHER,False,academic
NCT07101029,Cairo University,OTHER,False,academic
NCT03266445,Massachusetts General Hospital,OTHER,False,hospital
NCT06872944,Cairo University,OTHER,False,academic
NCT02168959,University of Utah,OTHER,False,academic
NCT02678286,Baudax Bio,INDUSTRY,True,industry
NCT06860100,Yuzuncu Yil University,OTHER,False,academic
NCT05790044,Assiut University,OTHER,False,academic
NCT00403234,Purdue Pharma LP,INDUSTRY,True,industry
NCT03355807,Yeditepe University Hospital,OTHER,False,academic
NCT00990418,"Alza Corporation, DE, USA",INDUSTRY,True,industry
NCT02395653,The Medicines Company,INDUSTRY,True,industry
NCT06690021,Assiut University,OTHER,False,academic
NCT06457828,Suez Canal University,OTHER,False,academic
NCT04472000,Lindenhofgruppe AG,INDUSTRY,True,industry
NCT01146145,Assistance Publique - Hôpitaux de Paris,OTHER,False,government
NCT05442411,Universiti Sains Malaysia,OTHER,False,academic
NCT03057015,University of Vermont,OTHER,False,academic
NCT05695664,"Benazir Bhutto Hospital, Rawalpindi",OTHER_GOV,False,government
NCT07081581,"Sultan Abdulhamid Han Training and Research Hospital, Istanbul, Turkey",OTHER,False,hospital
NCT03636165,Beijing Tiantan Hospital,OTHER,False,hospital
NCT07646093,Hospital Universitario de Caracas,OTHER,False,academic
NCT04784104,Bozyaka Training and Research Hospital,OTHER,False,hospital
NCT07102459,Latigo Biotherapeutics,INDUSTRY,True,industry
NCT02515422,Huseyin Aksoy,OTHER_GOV,False,government
NCT06270147,McMaster University,OTHER,False,academic
NCT05972122,Medipol University,OTHER,False,academic
NCT06590714,Eulji University Hospital,OTHER,False,academic
NCT01069055,Diskapi Teaching and Research Hospital,OTHER,False,hospital
NCT04452344,"Rutgers, The State University of New Jersey",OTHER,False,academic
NCT05308420,"Kresimir Oremus, MD",OTHER,False,other
NCT03520907,"Kazuhiko Okuyama, MD",OTHER,False,other
NCT03577730,University of Michigan,OTHER,False,academic
NCT07071675,Minia University,OTHER,False,academic
NCT02940405,Cairo University,OTHER,False,academic
NCT04385966,Instituto de Investigación Sanitaria Aragón,OTHER,False,research_nonprofit
NCT04648358,Beijing Tiantan Hospital,OTHER,False,hospital
NCT04624360,The University of The West Indies,OTHER,False,academic
NCT07185724,Jessica D. Kresowik,OTHER,False,other
NCT00583869,University of Alabama at Birmingham,OTHER,False,academic
NCT02127996,Papworth Hospital NHS Foundation Trust,OTHER_GOV,False,government
NCT05227716,Instituto Mexicano del Seguro Social,OTHER_GOV,False,government
NCT01109511,Ullevaal University Hospital,OTHER,False,academic
NCT05974748,Dow University of Health Sciences,OTHER,False,academic
NCT04313764,Ataturk University,OTHER,False,academic
NCT06321354,Beijing Tiantan Hospital,OTHER,False,hospital
NCT06076759,Assiut University,OTHER,False,academic
NCT00877799,"Cara Therapeutics, Inc.",INDUSTRY,True,industry
NCT01219062,Mahidol University,OTHER,False,academic
NCT07689162,Washington University School of Medicine,OTHER,False,academic
NCT01735851,London Health Sciences Centre Research Institute OR Lawson Research Institute of St. Joseph's,OTHER,False,research_nonprofit
NCT07627945,MBD MARKETING SDN. BHD.,INDUSTRY,True,industry
NCT01667120,Nationwide Children's Hospital,OTHER,False,hospital
NCT01126593,"Orlando Health, Inc.",OTHER,True,industry
NCT00286065,YM BioSciences,INDUSTRY,True,industry
NCT00210132,Institut Bergonié,OTHER,False,research_nonprofit
NCT05147233,Oculis,INDUSTRY,True,industry
NCT02456909,Medical College of Wisconsin,OTHER,False,academic
NCT07386353,Hospital Central do Funchal,OTHER,False,hospital
NCT06514222,University of Sharjah,OTHER,False,academic
NCT04688814,Alexandria University,OTHER,False,academic
NCT03150732,Assiut University,OTHER,False,academic
NCT04011163,KK Women's and Children's Hospital,OTHER_GOV,False,government
NCT05666076,Bakirkoy Dr. Sadi Konuk Research and Training Hospital,OTHER_GOV,False,government
NCT04493463,Beijing Tiantan Hospital,OTHER,False,hospital
NCT03997838,"Vivozon, Inc.",INDUSTRY,True,industry
NCT01863355,Yonsei University,OTHER,False,academic
NCT03156322,Inonu University,OTHER,False,academic
NCT04871061,Cigli Regional Training Hospital,OTHER,False,hospital
NCT07613346,Peking University Third Hospital,OTHER,False,academic
NCT00385086,Assistance Publique - Hôpitaux de Paris,OTHER,False,government
NCT07189962,"Jiangsu HengRui Medicine Co., Ltd.",INDUSTRY,True,industry
NCT03158376,"University Hospital, Lille",OTHER,False,academic
NCT04157075,Johns Hopkins University,OTHER,False,academic
NCT01389284,Bayer,INDUSTRY,True,industry
NCT02209181,"McNeil Consumer Healthcare Division of McNEIL-PPC, Inc.",INDUSTRY,True,industry
NCT02453360,"University of Wisconsin, Madison",OTHER,False,academic
NCT00884650,"University of Colorado, Denver",OTHER,False,academic
NCT05841693,Karamanoğlu Mehmetbey University,OTHER,False,academic
NCT01056042,Prince of Songkla University,OTHER,False,academic
NCT06602271,Ensysce Biosciences,INDUSTRY,True,industry
NCT03666299,Guangzhou First People's Hospital,OTHER,False,hospital
NCT01707420,"University of Colorado, Denver",OTHER,False,academic
NCT07326683,Xin Chen,OTHER,False,individual
NCT07644065,Plovdiv Medical University,OTHER,False,academic
NCT01557478,Khon Kaen University,OTHER,False,academic
NCT00912873,"University of California, San Diego",OTHER,False,academic
NCT06129643,Future University in Egypt,OTHER,False,academic
NCT03995641,Kettering Health Network,OTHER,False,hospital
NCT06229054,Cairo University,OTHER,False,academic
NCT04507412,Christian Candrian,OTHER,False,individual
NCT02953210,Federal University of São Paulo,OTHER,False,government
NCT01819610,"American Regent, Inc.",INDUSTRY,True,industry
NCT06680167,Sohag University,OTHER,False,academic
NCT05146713,Cairo University,OTHER,False,academic
NCT06123715,"University Health Network, Toronto",OTHER,False,academic
NCT00625911,Tel-Aviv Sourasky Medical Center,OTHER_GOV,False,government
NCT04976842,Attikon Hospital,OTHER,False,hospital
NCT03360214,Columbia University,OTHER,False,academic
NCT03563534,Cairo University,OTHER,False,academic
NCT06328062,Thammasat University Hospital,OTHER,False,academic
NCT05561309,"Shanghai Hengrui Pharmaceutical Co., Ltd.",INDUSTRY,True,industry
NCT03199482,Cairo University,OTHER,False,academic
NCT06498713,Yale University,OTHER,False,academic
NCT03718039,Heron Therapeutics,INDUSTRY,True,industry
NCT07277933,"Chengdu Kanghong Pharmaceutical Group Co., Ltd.",INDUSTRY,True,industry
NCT02731430,Assiut University,OTHER,False,academic
NCT02274077,Chester Mays,OTHER,False,individual
NCT01075087,Northwestern University,OTHER,False,academic
NCT03073980,Massachusetts General Hospital,OTHER,False,hospital
NCT02728310,San Salvatore Hospital of L'Aquila,OTHER,False,hospital
NCT04175509,Aultman Health Foundation,OTHER,False,research_nonprofit
NCT02539628,Pia Jaeger,OTHER,False,individual
NCT01944098,University of South Florida,OTHER,False,academic
NCT07353983,"Second Affiliated Hospital, School of Medicine, Zhejiang University",OTHER,False,academic
NCT04728308,"Armed Forces Hospital, Pakistan",OTHER,False,government
NCT02340455,Yonsei University,OTHER,False,academic
NCT05117034,Tel-Aviv Sourasky Medical Center,OTHER_GOV,False,government
NCT00849719,Tel-Aviv Sourasky Medical Center,OTHER_GOV,False,government
NCT05142176,Tanta University,OTHER,False,academic
NCT01904149,Menarini Group,INDUSTRY,True,industry
NCT05141344,Cairo University,OTHER,False,academic
NCT03216187,Benno Rehberg-Klug,OTHER,False,individual
NCT02697955,University of Aarhus,OTHER,False,academic
NCT07387484,Dr Abdurrahman Yurtaslan Ankara Oncology Training and Research Hospital,OTHER,False,hospital
NCT02865928,Northwell Health,OTHER,False,hospital
NCT03199170,Mahidol University,OTHER,False,academic
NCT03249662,Mahidol University,OTHER,False,academic
NCT01492179,"Örebro University, Sweden",OTHER,False,academic
NCT04091841,Shahid Beheshti University,OTHER,False,academic
NCT00292188,Pfizer's Upjohn has merged with Mylan to form Viatris Inc.,INDUSTRY,True,industry
NCT02718976,University of Aarhus,OTHER,False,academic
NCT07575230,Baylor Research Institute,OTHER,False,research_nonprofit
NCT03650998,Zealand University Hospital,OTHER,False,academic
NCT05644496,Baptist Health South Florida,OTHER,False,hospital
NCT00221338,"University of California, San Francisco",OTHER,False,academic
NCT04111406,Mahidol University,OTHER,False,academic
NCT06784882,"University of California, San Diego",OTHER,False,academic
NCT04052867,University of Malaya,OTHER,False,academic
NCT06338865,Cedars-Sinai Medical Center,OTHER,False,hospital
NCT04703257,Jessa Hospital,OTHER,False,hospital
NCT02193620,PhytoHealth Corporation,INDUSTRY,True,industry
NCT01827020,Inonu University,OTHER,False,academic
NCT03084601,Mahmoud M Saadoon,OTHER,False,other
NCT01198210,Qazvin University Of Medical Sciences,OTHER,False,academic
NCT01931865,Yale University,OTHER,False,academic
NCT00155233,National Taiwan University Hospital,OTHER,False,academic
NCT05172570,Indiana University,OTHER,False,academic
NCT06148168,Assiut University,OTHER,False,academic
NCT01075646,Hospital Universitari de Bellvitge,OTHER,False,academic
NCT05037123,NYU Langone Health,OTHER,False,hospital
NCT07615595,University Medical Center Ho Chi Minh City (UMC),OTHER,False,academic
NCT01680549,Texas Tech University Health Sciences Center,OTHER,False,academic
NCT05575999,Kansas City Heart Rhythm Research Foundation,OTHER,False,research_nonprofit
NCT06384456,"University Health Network, Toronto",OTHER,False,academic
NCT01511627,University of Saskatchewan,OTHER,False,academic
NCT02881996,Children's Mercy Hospital Kansas City,OTHER,False,hospital
NCT05763667,Tufts Medical Center,OTHER,False,hospital
NCT01770236,Gundersen Lutheran Medical Foundation,OTHER,False,research_nonprofit
NCT04494880,State University of New York - Upstate Medical University,OTHER,False,academic
NCT04032327,Walter Reed National Military Medical Center,FED,False,government
NCT02523599,Innocoll,INDUSTRY,True,industry
NCT05105997,Assiut University,OTHER,False,academic
NCT02992041,"Vivozon, Inc.",INDUSTRY,True,industry
NCT05913284,Chinese University of Hong Kong,OTHER,False,academic
NCT07301528,Zeycan Kahya,OTHER,False,individual
NCT03294109,"University of California, Los Angeles",OTHER,False,academic
NCT07113483,Romanian Society for Enteral and Parenteral Nutrition,OTHER,False,research_nonprofit
NCT00943098,IBSA Institut Biochimique SA,INDUSTRY,True,industry
NCT00891540,Hvidovre University Hospital,OTHER,False,academic
NCT03743194,The Cleveland Clinic,OTHER,False,hospital
NCT07332936,Umm Al-Qura University,OTHER,False,academic
NCT04314505,"Taipei Veterans General Hospital, Taiwan",OTHER_GOV,False,government
NCT05484648,"Aga Khan University Hospital, Pakistan",OTHER,False,academic
NCT03243032,Satheesh Elangovan,OTHER,False,individual
NCT01802411,"Pacira Pharmaceuticals, Inc",INDUSTRY,True,industry
NCT02563587,Hospital General Naval de Alta Especialidad - Escuela Medico Naval,OTHER_GOV,False,government
NCT03592485,Medical University of Lublin,OTHER,False,academic
NCT05004636,Wayne State University,OTHER,False,academic
NCT07006168,The University of Hong Kong,OTHER,False,academic
NCT05598307,Aretaieion University Hospital,OTHER,False,academic
NCT02784626,Seoul National University Bundang Hospital,OTHER,False,academic
NCT05302986,Elsan,OTHER,False,private_practice
NCT06109428,Heron Therapeutics,INDUSTRY,True,industry
NCT04371445,The Cleveland Clinic,OTHER,False,hospital
NCT03847792,Mansoura University,OTHER,False,academic
NCT00508495,Baxter Healthcare Corporation,INDUSTRY,True,industry
NCT02724293,Assiut University,OTHER,False,academic
NCT03151746,Northwestern University,OTHER,False,academic
NCT03068260,Zealand University Hospital,OTHER,False,academic
NCT03839160,Shanghai Zhongshan Hospital,OTHER,False,hospital
NCT02284243,Baudax Bio,INDUSTRY,True,industry
NCT01394406,Yonsei University,OTHER,False,academic
NCT07614607,University of Malaya,OTHER,False,academic
NCT04613024,Stanford University,OTHER,False,academic
NCT07485803,AdventHealth,OTHER,False,hospital
NCT01764464,University of Rochester,OTHER,False,academic
NCT06450028,Boston Children's Hospital,OTHER,False,hospital
NCT07455565,Akdeniz University Hospital,OTHER,False,academic
NCT01838707,Assiut University,OTHER,False,academic
NCT00485693,"Pacira Pharmaceuticals, Inc",INDUSTRY,True,industry
NCT02586454,Kuala Lumpur General Hospital,OTHER_GOV,False,government
NCT06735443,Sahiwal medical college sahiwal,OTHER_GOV,False,government
NCT01291472,Universitaire Ziekenhuizen KU Leuven,OTHER,False,academic
NCT07555821,South Egypt Cancer Institute,OTHER,False,research_nonprofit
NCT02161367,McMaster University,OTHER,False,academic
NCT02884180,Daniel Hägi-Pedersen,OTHER,False,individual
NCT03023462,Ostfold Hospital Trust,OTHER,False,hospital
NCT07244029,Oman Medical Speciality Board,OTHER_GOV,False,government
NCT00825344,Johns Hopkins University,OTHER,False,academic
NCT01025102,Bent Gymoese Jorgensen,OTHER,False,individual
NCT03314792,Oslo University Hospital,OTHER,False,academic
NCT04835116,"Armed Forces Institute of Urology, Rawalpindi",OTHER,False,government
NCT06087562,Poznan University of Medical Sciences,OTHER,False,academic
NCT02633969,"Iroko Pharmaceuticals, LLC",INDUSTRY,True,industry
NCT07666009,Centre Hospitalier Universitaire Vaudois,OTHER,False,academic
NCT03479216,Derince Training and Research Hospital,OTHER,False,hospital
NCT07330063,Tianjin Medical University Cancer Institute and Hospital,OTHER,False,academic
NCT01344213,Chulalongkorn University,OTHER,False,academic
NCT00399568,Mallinckrodt,INDUSTRY,True,industry
NCT03245359,AdventHealth,OTHER,False,hospital
NCT04576078,Hospices Civils de Lyon,OTHER,False,hospital
NCT01619852,Northwestern University,OTHER,False,academic
NCT05671172,Benha University,OTHER,False,academic
NCT06926764,Chinese University of Hong Kong,OTHER,False,academic
NCT04926454,Ain Shams University,OTHER,False,academic
NCT07034300,Fatima Memorial Hospital,OTHER,False,hospital
NCT03417193,Lebanese American University,OTHER,False,academic
NCT03783702,Stanford University,OTHER,False,academic
NCT06517069,Yangzhou University,OTHER,False,academic
NCT01559480,Mahidol University,OTHER,False,academic
NCT00813111,"Pacira Pharmaceuticals, Inc",INDUSTRY,True,industry
NCT01843296,Isfahan University of Medical Sciences,OTHER,False,academic
NCT02283281,Hadassah Medical Organization,OTHER,False,hospital
NCT03415191,University of Campania Luigi Vanvitelli,OTHER,False,academic
NCT04005534,University of Sao Paulo General Hospital,OTHER,False,academic
NCT03458078,Centre de Maternité de Monastir,OTHER,False,hospital
NCT07458295,Beijing Tiantan Hospital,OTHER,False,hospital
NCT01886352,"University Hospital, Ghent",OTHER,False,academic
NCT03428984,"Pacira Pharmaceuticals, Inc",INDUSTRY,True,industry
NCT05074628,Cairo University,OTHER,False,academic
NCT05885230,Beni-Suef University,OTHER,False,academic
NCT02310581,INSYS Therapeutics Inc,INDUSTRY,True,industry
NCT00370240,Institut Curie,OTHER,False,research_nonprofit
NCT05060068,The Second Hospital of Anhui Medical University,OTHER,False,academic
NCT02604446,St. Olavs Hospital,OTHER,False,hospital
NCT06882369,Minia University,OTHER,False,academic
NCT07452471,"Gyeong-Jo Byeon, MD, PhD",OTHER,False,other
NCT02936934,Hospital Civil de Guadalajara,OTHER,False,hospital
NCT05893680,İlke Karabıyık,OTHER,False,other
NCT02568995,"Örebro University, Sweden",OTHER,False,academic
NCT02229578,University of Florida,OTHER,False,academic
NCT07239505,Fayoum University,OTHER,False,academic
NCT05934500,Foundation for Orthopaedic Research and Education,OTHER,False,research_nonprofit
NCT02723487,"Abdelrady S Ibrahim, MD",OTHER,False,other
NCT01032759,Duke University,OTHER,False,academic
NCT04879823,"David Chi, MD",OTHER,False,other
NCT06500286,Assiut University,OTHER,False,academic
NCT03584152,Stanford University,OTHER,False,academic
NCT05705050,Tanta University,OTHER,False,academic
NCT02455609,Assiut University,OTHER,False,academic
NCT04625283,Vanderbilt University Medical Center,OTHER,False,academic
NCT05294393,Aristotle University Of Thessaloniki,OTHER,False,academic
NCT02479971,Hospital General Universitario Elche,OTHER,False,academic
NCT00763685,East Tallinn Central Hospital,OTHER,False,hospital
NCT03825198,Dr M. B. Breebaart,OTHER,False,other
NCT02671227,Assiut University,OTHER,False,academic
NCT03727607,Ostfold Hospital Trust,OTHER,False,hospital
NCT06439368,"Yangtze River Pharmaceutical Group Co., Ltd.",INDUSTRY,True,industry
NCT02808728,DeClaire LaMacchia Orthopaedic Institute,OTHER,False,research_nonprofit
NCT03768440,Boston Children's Hospital,OTHER,False,hospital
NCT06367595,Assiut University,OTHER,False,academic
NCT04967664,"Averitas Pharma, Inc.",INDUSTRY,True,industry
NCT00957177,Medical University of Graz,OTHER,False,academic
NCT00737048,Janssen Pharmaceutical K.K.,INDUSTRY,True,industry
NCT03663478,Zealand University Hospital,OTHER,False,academic
NCT05161637,Taiwan Liposome Company,INDUSTRY,True,industry
NCT00224588,Assistance Publique - Hôpitaux de Paris,OTHER,False,government
NCT04280406,Université de Montréal,OTHER,False,academic
NCT03605914,"The University of Texas Health Science Center, Houston",OTHER,False,academic
NCT02773472,The University of Hong Kong,OTHER,False,academic
NCT07169006,Ain Shams University,OTHER,False,academic
NCT05752305,Universidad de Granada,OTHER,False,academic
NCT07626489,Beijing Tiantan Hospital,OTHER,False,hospital
NCT01901393,Cumberland Pharmaceuticals,INDUSTRY,True,industry
NCT04110210,Cairo University,OTHER,False,academic
NCT02752971,Hospital Central Dr. Luis Ortega,OTHER,False,hospital
NCT04439396,Carilion Clinic,OTHER,False,hospital
NCT03596424,Ciusss de L'Est de l'Île de Montréal,OTHER,False,hospital
NCT04457986,Diskapi Teaching and Research Hospital,OTHER,False,hospital
NCT01828788,"University Hospital, Clermont-Ferrand",OTHER,False,academic
NCT03231215,Assiut University,OTHER,False,academic
NCT01326039,Bispebjerg Hospital,OTHER,False,hospital
NCT07399860,Lomonosov Moscow State University Medical Research and Educational Center,OTHER,False,academic
NCT01512914,San Gerardo Hospital,OTHER,False,hospital
NCT02440204,Severance Hospital,OTHER,False,hospital
NCT00880607,"University of Colorado, Denver",OTHER,False,academic
NCT07398066,University of Malaya,OTHER,False,academic
NCT07539623,Icahn School of Medicine at Mount Sinai,OTHER,False,academic
NCT01351090,"American Regent, Inc.",INDUSTRY,True,industry
NCT03864588,Rothman Institute Orthopaedics,OTHER,False,research_nonprofit
NCT01075243,GlaxoSmithKline,INDUSTRY,True,industry
NCT06165991,Yongtao Sun,OTHER,False,individual
NCT01940224,Larissa University Hospital,OTHER,False,academic
NCT04749797,University of Pennsylvania,OTHER,False,academic
NCT05282251,Assiut University,OTHER,False,academic
NCT03380533,Hospital Italiano de Buenos Aires,OTHER,False,hospital
NCT06630208,Cairo University,OTHER,False,academic
NCT04854395,Regionshospitalet Silkeborg,OTHER,False,hospital
NCT06458400,Yuwei Qiu,OTHER,False,individual
NCT04729686,LifeBridge Health,OTHER,False,hospital
NCT02514980,Assiut University,OTHER,False,academic
NCT01042093,Towson Orthopaedic Associates,OTHER,False,individual
NCT07341854,Beijing Tiantan Hospital,OTHER,False,hospital
NCT03765827,Hospital General Universitario Elche,OTHER,False,academic
NCT06795594,Beijing Tongren Hospital,OTHER,False,hospital
NCT07370181,Assiut University,OTHER,False,academic
NCT02818140,Zealand University Hospital,OTHER,False,academic
NCT01702389,Oslo University Hospital,OTHER,False,academic
NCT01679353,Yonsei University,OTHER,False,academic
NCT07426692,Marmara University,OTHER,False,academic
NCT03349034,Icahn School of Medicine at Mount Sinai,OTHER,False,academic
NCT05231941,"Aga Khan University Hospital, Pakistan",OTHER,False,academic
NCT07046390,Ain Shams University,OTHER,False,academic
NCT05943080,Kirsehir Ahi Evran Universitesi,OTHER,False,academic
NCT06584188,Ain Shams University,OTHER,False,academic
NCT01804673,Janssen-Cilag G.m.b.H,INDUSTRY,True,industry
NCT06349772,Texas Tech University Health Sciences Center,OTHER,False,academic
NCT01394445,Medical University of Graz,OTHER,False,academic
NCT02036827,Yonsei University,OTHER,False,academic
NCT01012232,Lundbeck Foundation,OTHER,False,research_nonprofit
NCT05626010,The Catholic University of Korea,OTHER,False,academic
NCT05150795,Ain Shams University,OTHER,False,academic
NCT05990049,University of Zagreb,OTHER,False,academic
NCT02642497,Assiut University,OTHER,False,academic
NCT00266539,"Alza Corporation, DE, USA",INDUSTRY,True,industry
NCT05193227,University of British Columbia,OTHER,False,academic
NCT03508830,"University of California, San Francisco",OTHER,False,academic
NCT07102641,Thomas Jefferson University,OTHER,False,academic
NCT00560092,"University Hospital, Clermont-Ferrand",OTHER,False,academic
NCT02852720,Pontificia Universidad Catolica de Chile,OTHER,False,academic
NCT03538483,Ataturk University,OTHER,False,academic
NCT02400580,University of Pittsburgh,OTHER,False,academic
NCT07571252,University of Puerto Rico,OTHER,False,academic
NCT05919745,Marquette University,OTHER,False,academic
NCT01374828,The Cleveland Clinic,OTHER,False,hospital
NCT05485480,"University Hospital, Basel, Switzerland",OTHER,False,academic
NCT02991404,Wake Forest University Health Sciences,OTHER,False,academic
NCT02525133,Innocoll,INDUSTRY,True,industry
NCT06721988,Ailin Luo,OTHER,False,individual
NCT02110745,Mustafa Kemal University,OTHER,False,academic
NCT01480102,Loyola University,OTHER,False,academic
NCT03605901,University of Florida,OTHER,False,academic
NCT03906838,University of Florida,OTHER,False,academic
NCT04585230,Rothman Institute Orthopaedics,OTHER,False,research_nonprofit
NCT05417100,Memorial Sloan Kettering Cancer Center,OTHER,False,hospital
NCT07222748,"TLC Biopharmaceuticals, Inc.",INDUSTRY,True,industry
NCT01430520,Hvidovre University Hospital,OTHER,False,academic
NCT03568721,Rio de Janeiro State University,OTHER,False,academic
NCT02651324,Albany Medical College,OTHER,False,academic
NCT03053401,Akron Children's Hospital,OTHER,False,hospital
NCT02976597,Assiut University,OTHER,False,academic
NCT05825495,Li-Jen Hsin,OTHER,False,individual
NCT05271331,University of Padova,OTHER,False,academic
NCT03183596,University of Alabama at Birmingham,OTHER,False,academic
NCT01844206,Columbia University,OTHER,False,academic
NCT07180498,Harran University,OTHER,False,academic
NCT03990038,Ciusss de L'Est de l'Île de Montréal,OTHER,False,hospital
NCT05248724,Castilla-La Mancha Health Service,OTHER,False,hospital
NCT06407518,"Sixth Affiliated Hospital, Sun Yat-sen University",OTHER,False,academic
NCT03383198,Prisma Health-Upstate,OTHER,False,hospital
NCT03566979,"Johnson & Johnson Consumer Inc., McNeil Consumer Healthcare Division",INDUSTRY,True,industry
NCT03846284,Mansoura University,OTHER,False,academic
NCT04084548,The Cleveland Clinic,OTHER,False,hospital
NCT00225732,Cumberland Pharmaceuticals,INDUSTRY,True,industry
NCT02356588,"Talphera, Inc",INDUSTRY,True,industry
NCT00615875,Hamilton Health Sciences Corporation,OTHER,True,industry
NCT04171050,"University of California, Los Angeles",OTHER,False,academic
NCT02112864,Maisonneuve-Rosemont Hospital,OTHER,False,hospital
NCT03529201,Medical University of Lublin,OTHER,False,academic
NCT01660763,"Talphera, Inc",INDUSTRY,True,industry
NCT02793947,University of Iowa,OTHER,False,academic
NCT03001843,University of Florida,OTHER,False,academic
NCT04178109,KAT General Hospital,OTHER,False,hospital
NCT07401641,Sun Yat-Sen Memorial Hospital of Sun Yat-Sen University,OTHER,False,academic
NCT01323595,Weill Medical College of Cornell University,OTHER,False,academic
NCT06562634,Cairo University,OTHER,False,academic
NCT04042688,Korea University Guro Hospital,OTHER,False,academic
NCT01179113,Cedars-Sinai Medical Center,OTHER,False,hospital
NCT03108482,"Esteve Pharmaceuticals, S.A.",INDUSTRY,True,industry
NCT06559215,Texas Scottish Rite Hospital for Children,OTHER,False,hospital
NCT03211728,Yonsei University,OTHER,False,academic
NCT01847339,The Cleveland Clinic,OTHER,False,hospital
NCT05136625,University Hospital of Ferrara,OTHER,False,academic
NCT02703259,Christiana Care Health Services,OTHER,False,hospital
NCT02128646,University of Kansas Medical Center,OTHER,False,academic
NCT02686021,"University Hospital, Basel, Switzerland",OTHER,False,academic
NCT01196767,"University Hospital, Clermont-Ferrand",OTHER,False,academic
NCT04627779,Beijing Friendship Hospital,OTHER,False,hospital
NCT04869046,Mother and Child Health Institute of Serbia Dr Vukan Cupic,OTHER,False,research_nonprofit
NCT04480281,Saint-Joseph University,OTHER,False,academic
NCT00860899,University Hospital Dubrava,OTHER,False,academic
NCT04294329,Ain Shams University,OTHER,False,academic
NCT06423339,Ain Shams University,OTHER,False,academic
NCT01762332,Medasense Biometrics Ltd,OTHER,True,industry
NCT05150756,Ain Shams University,OTHER,False,academic
NCT07182110,Makassed General Hospital,OTHER,False,hospital
NCT05447364,Thammasat University,OTHER,False,academic
NCT03728946,Orthopaedic & Neurosurgery Specialists,OTHER,False,other
NCT03607227,Region Skane,OTHER,False,government
NCT02752477,Ben Lim,OTHER,False,individual
NCT02746263,Mallinckrodt,INDUSTRY,True,industry
NCT02299271,The Christ Hospital,OTHER,False,hospital
NCT03351348,Memorial Sloan Kettering Cancer Center,OTHER,False,hospital
NCT05099276,Campbell Clinic,OTHER,False,hospital
NCT03592992,London Health Sciences Centre Research Institute OR Lawson Research Institute of St. Joseph's,OTHER,False,research_nonprofit
NCT05861791,Chung-Ang University Gwangmyeong Hospital,OTHER,False,academic
NCT04771689,Massachusetts General Hospital,OTHER,False,hospital
NCT03221998,Soroka University Medical Center,OTHER,False,academic
NCT05919173,Sindh Institute of Urology and Transplantation,OTHER,False,research_nonprofit
NCT00771173,Loyola University,OTHER,False,academic
NCT04427904,St. Joseph's Healthcare Hamilton,OTHER,False,hospital
NCT06689358,King Hussein Cancer Center,OTHER,False,hospital
NCT06178757,Medipol University,OTHER,False,academic
NCT06489626,F. Johannes Plate,OTHER,False,other
NCT05590026,Cukurova University,OTHER,False,academic
NCT07562945,Aldy Aldy,OTHER,False,individual
NCT05681312,University of Baghdad,OTHER,False,academic
NCT01359059,Tel-Aviv Sourasky Medical Center,OTHER_GOV,False,government
NCT00820027,Organon and Co,INDUSTRY,True,industry
NCT06785753,"Armed Forces Institute of Dentistry, Pakistan",OTHER,False,government
NCT02988700,Assiut University,OTHER,False,academic
NCT02218424,Ann & Robert H Lurie Children's Hospital of Chicago,OTHER,False,hospital
NCT00863928,Benaroya Research Institute,OTHER,False,research_nonprofit
NCT07681648,Engy Emil,OTHER,False,individual
NCT07595471,Ankara Etlik City Hospital,OTHER_GOV,False,government
NCT07101016,Mariam Hesham Mahmoud Abdelfattah Eissa,OTHER,False,other
NCT03109691,Assiut University,OTHER,False,academic
NCT01812044,Duke University,OTHER,False,academic
NCT05769855,"Shanghai Hengrui Pharmaceutical Co., Ltd.",INDUSTRY,True,industry
NCT02804022,KK Women's and Children's Hospital,OTHER_GOV,False,government
NCT07048522,University of Ioannina,OTHER,False,academic
NCT07651722,Tianjin First Central Hospital,OTHER,False,hospital
NCT02741219,Obstetrics & Gynecology Hospital of Fudan University,OTHER,False,academic
NCT05947760,University Hospitals Cleveland Medical Center,OTHER,False,academic
NCT07516717,Hospital Universitario de Caracas,OTHER,False,academic
NCT02164825,Centro Hospitalar do Tâmega e Sousa,OTHER,False,hospital
NCT03482973,Beth Israel Deaconess Medical Center,OTHER,False,hospital
NCT05341999,Cairo University,OTHER,False,academic
NCT05492669,West China Hospital,OTHER,False,hospital
NCT03379987,Assiut University,OTHER,False,academic
NCT03468920,TriHealth Inc.,OTHER,True,industry
NCT06407544,Sohag University,OTHER,False,academic
NCT05040022,Pontificia Universidade Catolica de Sao Paulo,OTHER,False,academic
NCT07629713,Kocaeli University,OTHER,False,academic
NCT07081373,"Sixth Affiliated Hospital, Sun Yat-sen University",OTHER,False,academic
NCT01623635,University of Padova,OTHER,False,academic
NCT04858711,Aretaieion University Hospital,OTHER,False,academic
NCT03877549,Henry Ford Health System,OTHER,False,hospital
NCT00161577,Weill Medical College of Cornell University,OTHER,False,academic
NCT01858402,Baskent University,OTHER,False,academic
NCT04161729,Aristotle University Of Thessaloniki,OTHER,False,academic
NCT03434275,Baudax Bio,INDUSTRY,True,industry
NCT01229449,Reckitt Benckiser LLC,INDUSTRY,True,industry
NCT05878262,The Children's Hospital of Zhejiang University School of Medicine,OTHER,False,academic
NCT01700491,University of Manitoba,OTHER,False,academic
NCT04189341,Medipol University,OTHER,False,academic
NCT04377204,Our Lady of the Lake Hospital,OTHER,False,hospital
NCT07159334,King Edward Medical University,OTHER,False,academic
NCT04865211,The Cooper Health System,OTHER,False,hospital
NCT03929146,University of Cincinnati,OTHER,False,academic
NCT01816581,Medical University of Vienna,OTHER,False,academic
NCT03104816,University of Southern California,OTHER,False,academic
NCT01479270,MetroHealth Medical Center,OTHER,False,hospital
NCT04606836,Christine M. Kleinert Institute for Hand and Microsurgery,OTHER,False,research_nonprofit
NCT04430088,"Vivozon, Inc.",INDUSTRY,True,industry
NCT07479602,Peking University First Hospital,OTHER,False,academic
NCT05110339,Universidad Autónoma de Tamaulipas,OTHER,False,academic
NCT01855529,Centre Jean Perrin,OTHER,False,hospital
NCT03045133,Pontificia Universidade Catolica de Sao Paulo,OTHER,False,academic
NCT02893423,Maimonides Medical Center,OTHER,False,hospital
NCT01472913,Hvidovre University Hospital,OTHER,False,academic
NCT02480621,Jamaica Hospital Medical Center,OTHER,False,hospital
NCT04368364,"The University of Texas Health Science Center, Houston",OTHER,False,academic
NCT06927817,Saglik Bilimleri Universitesi,OTHER,False,academic
NCT05160298,"University Hospital, Clermont-Ferrand",OTHER,False,academic
NCT02198027,Indus Hospital and Health Network,OTHER,False,hospital
NCT07650877,Ankara City Hospital Bilkent,OTHER,False,hospital
NCT05118620,"University of California, San Diego",OTHER,False,academic
NCT04554693,University of Louisville,OTHER,False,academic
NCT03036111,Mansoura University,OTHER,False,academic
NCT04647435,Apsen Farmaceutica S.A.,INDUSTRY,True,industry
NCT01279447,Northwestern University,OTHER,False,academic
NCT01294098,Washington University School of Medicine,OTHER,False,academic
NCT00347204,Center For Excellence In Eye Care,OTHER,False,hospital
NCT03119038,Rush University Medical Center,OTHER,False,academic
NCT03415555,Medical University of Lublin,OTHER,False,academic
NCT01043211,University of Alabama at Birmingham,OTHER,False,academic
NCT05003765,Wayne State University,OTHER,False,academic
NCT04280263,Rothman Institute Orthopaedics,OTHER,False,research_nonprofit
NCT03259243,Department of Medical Services Ministry of Public Health of Thailand,OTHER_GOV,False,government
NCT07463430,"University of California, San Diego",OTHER,False,academic
NCT03235739,The Cleveland Clinic,OTHER,False,hospital
NCT07441421,Beijing Tiantan Hospital,OTHER,False,hospital
NCT02544282,GZA Ziekenhuizen Campus Sint-Augustinus,OTHER,False,hospital
NCT07435909,Serkan Kumbasar,OTHER_GOV,False,government
NCT05582421,Cairo University,OTHER,False,academic
NCT05929937,Clayton Petro,OTHER,False,individual
NCT07226076,Medical University of South Carolina,OTHER,False,academic
NCT01015807,University of Washington,OTHER,False,academic
NCT05442905,Tanta University,OTHER,False,academic
NCT03476811,University of Arizona,OTHER,False,academic
NCT02272660,Peking Union Medical College Hospital,OTHER,False,academic
NCT06087510,Peking University First Hospital,OTHER,False,academic
NCT00746863,"University of North Carolina, Chapel Hill",OTHER,False,academic
NCT01210352,"Endo USA Inc., a Keenova Therapeutics Company",INDUSTRY,True,industry
NCT02335294,Trevena Inc.,INDUSTRY,True,industry
NCT01750060,"Incline Therapeutics, Inc.",INDUSTRY,True,industry
NCT07066111,"Nanjing First Hospital, Nanjing Medical University",OTHER,False,academic
NCT07577934,Tianjin First Central Hospital,OTHER,False,hospital
NCT07643506,University of Calgary,OTHER,False,academic
NCT02840526,Silesian University of Medicine,OTHER,False,academic
NCT05697276,Hospital Italiano de Buenos Aires,OTHER,False,hospital
NCT00970086,"University Hospital, Basel, Switzerland",OTHER,False,academic
NCT01260883,Seattle Children's Hospital,OTHER,False,hospital
NCT04889781,Central Military Healthcare - Oral and Maxillofacial Surgery Department,OTHER_GOV,False,government
NCT06010056,National University of Malaysia,OTHER,False,academic
NCT00307892,Shaare Zedek Medical Center,OTHER,False,hospital
NCT03236155,Rush University Medical Center,OTHER,False,academic
NCT00004696,Seattle Children's Hospital,OTHER,False,hospital
NCT03692286,Cairo University,OTHER,False,academic
NCT06568770,Sahiwal medical college sahiwal,OTHER_GOV,False,government
NCT00982800,Sunnybrook Health Sciences Centre,OTHER,False,hospital
NCT02013570,TC Erciyes University,OTHER,False,academic
NCT07278050,Medipol University,OTHER,False,academic
NCT01118572,Astellas Pharma Inc,INDUSTRY,True,industry
NCT05785234,Yonsei University,OTHER,False,academic
NCT03009006,Cairo University,OTHER,False,academic
NCT01184794,Ashford and St. Peter's Hospitals NHS Trust,OTHER,False,government
NCT04981301,Medipol University,OTHER,False,academic
NCT01736358,Montefiore Medical Center,OTHER,False,hospital
NCT02460640,Regina Elena Cancer Institute,OTHER,False,research_nonprofit
NCT07182097,Konya City Hospital,OTHER,False,hospital
NCT05140499,Aurora Quaye,OTHER,False,individual
NCT06491485,Assiut University,OTHER,False,academic
NCT01564680,Imam Abdulrahman Bin Faisal University,OTHER,False,academic
NCT07224711,Vanderbilt University Medical Center,OTHER,False,academic
NCT04316936,Silverstein Eye Centers,OTHER,False,hospital
NCT06920576,The Second People's Hospital of Huai'an,OTHER,False,hospital
NCT07643792,Peking University First Hospital,OTHER,False,academic
NCT00232817,Columbia University,OTHER,False,academic
NCT05074056,St. Louis University,OTHER,False,academic
NCT03599089,Concentric Analgesics,INDUSTRY,True,industry
NCT06189781,"University of California, Los Angeles",OTHER,False,academic
NCT06843343,Duke University,OTHER,False,academic
NCT05687760,Cairo University,OTHER,False,academic
NCT05696678,Ciusss de L'Est de l'Île de Montréal,OTHER,False,hospital
NCT02101476,"Lotus Clinical Research, LLC",OTHER,True,industry
NCT02142829,"Pacira Pharmaceuticals, Inc",INDUSTRY,True,industry
NCT02334059,Milton S. Hershey Medical Center,OTHER,False,hospital
NCT03237481,Heron Therapeutics,INDUSTRY,True,industry
NCT02751268,Armed Forces Hampyeong Hospital,OTHER,False,government
NCT02460627,"Northern Orthopaedic Division, Denmark",OTHER,False,other
NCT01933542,"Rigshospitalet, Denmark",OTHER,False,hospital
NCT03936387,Boston Children's Hospital,OTHER,False,hospital
NCT05160493,Beijing Tiantan Hospital,OTHER,False,hospital
NCT05963139,Istanbul University,OTHER,False,academic
NCT01322191,Eunice Kennedy Shriver National Institute of Child Health and Human Development (NICHD),NIH,False,government
NCT03958513,"Bangabandhu Sheikh Mujib Medical University, Dhaka, Bangladesh",OTHER,False,academic
NCT05479747,Ain Shams University,OTHER,False,academic
NCT07248332,Liaquat National Hospital & Medical College,OTHER,False,academic
NCT02707874,"University Health Network, Toronto",OTHER,False,academic
NCT01116583,University of Aarhus,OTHER,False,academic
NCT07654556,Cairo University,OTHER,False,academic
NCT05610384,Cairo University,OTHER,False,academic
NCT03482492,Yeditepe University Hospital,OTHER,False,academic
NCT02927405,State University of New York - Downstate Medical Center,OTHER,False,academic
NCT07585721,Future University in Egypt,OTHER,False,academic
NCT02507700,Diskapi Teaching and Research Hospital,OTHER,False,hospital
NCT04567407,Boston Children's Hospital,OTHER,False,hospital
NCT07194694,Ain Shams University,OTHER,False,academic
NCT06304259,October 6 University,OTHER,False,academic
NCT04541147,Duke University,OTHER,False,academic
NCT01562483,Radboud University Medical Center,OTHER,False,academic
NCT07558044,Hospital Universitario de Caracas,OTHER,False,academic
NCT01361568,"Cara Therapeutics, Inc.",INDUSTRY,True,industry
NCT00726999,Medical College of Wisconsin,OTHER,False,academic
NCT01511211,University of New Mexico,OTHER,False,academic
NCT06374771,Cairo University,OTHER,False,academic
NCT03180099,Erzurum Palandöken State Hospital,OTHER_GOV,False,government
NCT07226245,Wake Forest University Health Sciences,OTHER,False,academic
NCT05958589,University of Novi Sad,OTHER,False,academic
NCT06997263,Benha University,OTHER,False,academic
NCT05678244,McMaster Children's Hospital,OTHER,False,hospital
NCT07297888,Shri Guru Ram Rai Institute of Medical and Health Sciences,OTHER,False,research_nonprofit
NCT02762929,Heron Therapeutics,INDUSTRY,True,industry
NCT07603921,Beijing Tiantan Hospital,OTHER,False,hospital
NCT02973581,Medical University of Silesia,OTHER,False,academic
NCT00601458,Merck Sharp & Dohme LLC,INDUSTRY,True,industry
NCT03950700,CES University,OTHER,False,academic
NCT03719157,Diskapi Yildirim Beyazit Education and Research Hospital,OTHER_GOV,False,government
NCT02567487,Ankara University,OTHER,False,academic
NCT05344911,Xijing Hospital,OTHER,False,hospital
NCT05205720,"Second Affiliated Hospital, School of Medicine, Zhejiang University",OTHER,False,academic
NCT01808014,Yonsei University,OTHER,False,academic
NCT04557202,Ain Shams University,OTHER,False,academic
NCT01917045,Peking University First Hospital,OTHER,False,academic
NCT02984176,"Woman's Health University Hospital, Egypt",OTHER,False,academic
NCT02784327,PainReform LTD,INDUSTRY,True,industry
NCT03918187,Zagazig University,OTHER_GOV,False,government
NCT00847093,"Ferndale Laboratories, Inc.",INDUSTRY,True,industry
NCT00485433,"Pacira Pharmaceuticals, Inc",INDUSTRY,True,industry
NCT07141459,Al-Azhar University,OTHER,False,academic
NCT00905437,Pfizer's Upjohn has merged with Mylan to form Viatris Inc.,INDUSTRY,True,industry
NCT06624319,Assiut University,OTHER,False,academic
NCT03805269,Seoul National University Bundang Hospital,OTHER,False,academic
NCT01300377,Baylor Research Institute,OTHER,False,research_nonprofit
NCT02884986,Bnai Zion Medical Center,OTHER_GOV,False,government
NCT00560183,QRxPharma Inc.,INDUSTRY,True,industry
NCT02769390,Federal University of Minas Gerais,OTHER,False,government
NCT07590830,Rennes University Hospital,OTHER,False,academic
NCT02401529,King Fahd General Hospital,OTHER_GOV,False,government
NCT07591220,Beijing Tiantan Hospital,OTHER,False,hospital
NCT04048889,"University Hospital, Geneva",OTHER,False,academic
NCT05996133,Hartford Hospital,OTHER,False,hospital
NCT03019562,Kyunghee University Medical Center,OTHER,False,academic
NCT05608070,Beth Israel Deaconess Medical Center,OTHER,False,hospital
NCT02549105,Ain Shams Maternity Hospital,OTHER,False,hospital
NCT06725485,The Methodist Hospital Research Institute,OTHER,False,hospital
NCT03372304,Nordsjaellands Hospital,OTHER,False,hospital
NCT02534610,Foisor Orthopedics Clinical Hospital,OTHER,False,hospital
NCT03588910,Montefiore Medical Center,OTHER,False,hospital
NCT03626753,Centre de Maternité de Monastir,OTHER,False,hospital
NCT00650598,Pfizer,INDUSTRY,True,industry
NCT06071988,Apurano Pharmaceuticals GmbH,INDUSTRY,True,industry
NCT05992896,Mayo Clinic,OTHER,False,hospital
NCT02949674,Instituto Mexicano del Seguro Social,OTHER_GOV,False,government
NCT06298370,Bezmialem Vakif University,OTHER,False,academic
NCT05548582,Johns Hopkins University,OTHER,False,academic
NCT07618182,College of Physicians and Surgeons Pakistan,OTHER,False,academic
NCT00335517,University of Rochester,OTHER,False,academic
NCT03408184,Mansoura University,OTHER,False,academic
NCT05696886,Mansoura University,OTHER,False,academic
NCT07145879,Pamukkale University,OTHER,False,academic
NCT07248358,Liaquat National Hospital & Medical College,OTHER,False,academic
NCT03523000,University Hospitals Cleveland Medical Center,OTHER,False,academic
NCT07478692,Qing Yuan,OTHER,False,individual
NCT01866917,Montefiore Medical Center,OTHER,False,hospital
NCT05644873,Ondokuz Mayıs University,OTHER,False,academic
NCT00923598,"University of California, San Diego",OTHER,False,academic
NCT03705637,Massachusetts General Hospital,OTHER,False,hospital
NCT01259830,Claudia Spies,OTHER,False,individual
NCT07419815,Shaukat Khanum Memorial Cancer Hospital & Research Centre,OTHER,False,hospital
NCT00564603,Nanjing Medical University,OTHER,False,academic
NCT02516059,"Insel Gruppe AG, University Hospital Bern",OTHER,False,academic
NCT03020966,"Hospital for Special Surgery, New York",OTHER,False,hospital
NCT00219921,Rijnstate Hospital,OTHER,False,hospital
NCT00902967,"B. J. Medical College, Pune",OTHER,False,academic
NCT01983020,Beth Israel Medical Center,OTHER,False,hospital
NCT06083480,Vanderbilt University Medical Center,OTHER,False,academic
NCT02483923,Yonsei University,OTHER,False,academic
NCT04244097,Kasr El Aini Hospital,OTHER,False,hospital
NCT06821763,Komal Ashraf Khan,OTHER,False,individual
NCT03496610,Duke University,OTHER,False,academic
NCT07519109,"CSPC Ouyi Pharmaceutical Co., Ltd.",INDUSTRY,True,industry
NCT07316166,Rhode Island Hospital,OTHER,False,hospital
NCT04786470,"Western University, Canada",OTHER,False,academic
NCT05478382,Ajou University School of Medicine,OTHER,False,academic
NCT05723341,Istanbul University,OTHER,False,academic
NCT02197156,"Zogenix, Inc.",INDUSTRY,True,industry
NCT04016376,Memorial Sloan Kettering Cancer Center,OTHER,False,hospital
NCT02021240,The University of Hong Kong,OTHER,False,academic
NCT01812057,Duke University,OTHER,False,academic
NCT04983524,Cairo University,OTHER,False,academic
NCT03675646,"Charles University, Czech Republic",OTHER,False,academic
NCT03603626,Dhulikhel Hospital,OTHER,False,hospital
NCT07687394,Yonsei University,OTHER,False,academic
NCT01701778,Yao Yusheng,OTHER,False,individual
NCT04640896,George Washington University,OTHER,False,academic
NCT03254459,INSYS Therapeutics Inc,INDUSTRY,True,industry
NCT02554123,Hospital General Universitario Elche,OTHER,False,academic
NCT04153396,Beijing Tiantan Hospital,OTHER,False,hospital
NCT06952556,NYU Langone Health,OTHER,False,hospital
NCT04719507,Cairo University,OTHER,False,academic
NCT04380298,Beijing Tiantan Hospital,OTHER,False,hospital
NCT02763059,King Abdulaziz University,OTHER,False,academic
NCT03756961,Göteborg University,OTHER,False,academic
NCT00315835,Purdue Pharma LP,INDUSTRY,True,industry
NCT02464813,Turku University Hospital,OTHER_GOV,False,government
NCT00831051,QRxPharma Inc.,INDUSTRY,True,industry
NCT02222129,"Knight, Richard, M.D.",INDIV,False,individual
NCT02160301,"University of North Carolina, Chapel Hill",OTHER,False,academic
NCT07637968,"Shanghai General Hospital, Shanghai Jiao Tong University School of Medicine",OTHER,False,academic
NCT01783236,Weill Medical College of Cornell University,OTHER,False,academic
NCT02995304,Dr. Soliman Fakeeh Hospital,OTHER,False,hospital
NCT06465992,Rothman Institute Orthopaedics,OTHER,False,research_nonprofit
NCT00573664,"Samuel Lunenfeld Research Institute, Mount Sinai Hospital",OTHER,False,hospital
NCT02245126,International Hospital Kampala,OTHER,False,hospital
NCT06908837,Regionshospitalet Silkeborg,OTHER,False,hospital
NCT03382938,Attikon Hospital,OTHER,False,hospital
NCT05432934,University of Saskatchewan,OTHER,False,academic
NCT03322878,Cairo University,OTHER,False,academic
NCT03425162,Bursa Yuksek Ihtisas Training and Research Hospital,OTHER_GOV,False,government
NCT02154464,Soroka University Medical Center,OTHER,False,academic
NCT01230463,University of Calgary,OTHER,False,academic
NCT02058303,"Jose Soberon, MD",OTHER,False,other
NCT05115955,Tri-Service General Hospital (TSGH),OTHER,False,hospital
NCT05569590,Dow University of Health Sciences,OTHER,False,academic
NCT02818985,Assiut University,OTHER,False,academic
NCT03015961,"Pacira Pharmaceuticals, Inc",INDUSTRY,True,industry
NCT05279898,Beth Israel Deaconess Medical Center,OTHER,False,hospital
NCT00373464,Ullevaal University Hospital,OTHER,False,academic
NCT06650891,Future University in Egypt,OTHER,False,academic
NCT05566561,Medipol University,OTHER,False,academic
NCT01495858,Bayer,INDUSTRY,True,industry
NCT05708989,University Hospitals Cleveland Medical Center,OTHER,False,academic
NCT03059238,Sun Yat-sen University,OTHER,False,academic
NCT04190355,Yuzuncu Yil University,OTHER,False,academic
NCT01911949,McMaster University,OTHER,False,academic
NCT04764045,Bispebjerg Hospital,OTHER,False,hospital
NCT02104778,Yeungnam University College of Medicine,OTHER,False,academic
NCT00412035,Shriners Hospitals for Children,OTHER,False,hospital
NCT06925152,University of Tennessee,OTHER,False,academic
NCT02856087,Seoul National University Hospital,OTHER,False,academic
NCT03486548,Mahidol University,OTHER,False,academic
NCT03145584,University College Cork,OTHER,False,academic
NCT00427947,"University Hospital, Bordeaux",OTHER,False,academic
NCT07187037,Konya City Hospital,OTHER,False,hospital
NCT01559740,Ann & Robert H Lurie Children's Hospital of Chicago,OTHER,False,hospital
NCT03542617,Chiang Mai University,OTHER,False,academic
NCT04476069,Princess Nourah Bint Abdulrahman University,OTHER,False,academic
NCT04622488,Cairo University,OTHER,False,academic
NCT02624856,Albany Medical College,OTHER,False,academic
NCT03030560,"Abdelrady S Ibrahim, MD",OTHER,False,other
NCT05534945,Ciusss de L'Est de l'Île de Montréal,OTHER,False,hospital
NCT07657468,National University of La Rioja,OTHER,False,academic
NCT03111381,Yale University,OTHER,False,academic
NCT05950152,"Beijing Tide Pharmaceutical Co., Ltd",INDUSTRY,True,industry
NCT03669081,University of Utah,OTHER,False,academic
NCT04222010,"Centre Hospitalier Universitaire, Amiens",OTHER,False,academic
NCT02453321,"Kevin King, DO",OTHER,False,other
NCT07578311,Minia University,OTHER,False,academic
NCT06952309,Anqing Municipal Hospital,OTHER,False,hospital
NCT04250519,Tamil Nadu Dr.M.G.R.Medical University,OTHER,False,academic
NCT04672252,NYU Langone Health,OTHER,False,hospital
NCT03479320,B.P. Koirala Institute of Health Sciences,OTHER,False,research_nonprofit
NCT01605240,University of Manitoba,OTHER,False,academic
NCT07355166,"University of California, Los Angeles",OTHER,False,academic
NCT01492075,"Örebro University, Sweden",OTHER,False,academic
NCT03600129,Centre of Postgraduate Medical Education,OTHER,False,hospital
NCT02726828,Assiut University,OTHER,False,academic
NCT06139666,The Cooper Health System,OTHER,False,hospital
NCT04947566,Fatima Memorial Hospital,OTHER,False,hospital
NCT04768764,Bozyaka Training and Research Hospital,OTHER,False,hospital
NCT03065530,The First Affiliated Hospital with Nanjing Medical University,OTHER,False,academic
NCT01717222,Jawaharlal Institute of Postgraduate Medical Education & Research,OTHER_GOV,False,government
NCT06871033,Alexandria University,OTHER,False,academic
NCT04964622,Cairo University,OTHER,False,academic
NCT06410911,Sohag University,OTHER,False,academic
NCT07248384,Liaquat National Hospital & Medical College,OTHER,False,academic
NCT04278703,Rothman Institute Orthopaedics,OTHER,False,research_nonprofit
NCT03062488,Nemours Children's Clinic,OTHER,False,hospital
NCT01094925,"Samuel Lunenfeld Research Institute, Mount Sinai Hospital",OTHER,False,hospital
NCT07385352,Assiut University,OTHER,False,academic
NCT03867695,"University Hospital, Strasbourg, France",OTHER,False,academic
NCT06688136,Huazhong University of Science and Technology,OTHER,False,academic
NCT01261637,IWK Health Centre,OTHER,False,hospital
NCT04245280,Centre hospitalier de l'Université de Montréal (CHUM),OTHER,False,academic
NCT04073069,Beijing Tiantan Hospital,OTHER,False,hospital
NCT01321801,Larissa University Hospital,OTHER,False,academic
NCT05648708,Bakirkoy Dr. Sadi Konuk Research and Training Hospital,OTHER_GOV,False,government
NCT03756987,Fujian Provincial Hospital,OTHER,False,hospital
NCT04945694,Mansoura University,OTHER,False,academic
NCT02102555,MercyOne Des Moines Medical Center,OTHER,False,hospital
NCT06653608,Pakistan Institute of Medical Sciences,OTHER_GOV,False,government
NCT04563494,"University of Colorado, Denver",OTHER,False,academic
NCT02927379,Assiut University,OTHER,False,academic
NCT00968903,Hvidovre University Hospital,OTHER,False,academic
NCT05091242,"Rigshospitalet, Denmark",OTHER,False,hospital
NCT03308955,Bursa Yuksek Ihtisas Training and Research Hospital,OTHER_GOV,False,government
NCT06872151,University of Cagliari,OTHER,False,academic
NCT03484650,Carilion Clinic,OTHER,False,hospital
NCT07353996,"Second Affiliated Hospital, School of Medicine, Zhejiang University",OTHER,False,academic
NCT06313632,Icahn School of Medicine at Mount Sinai,OTHER,False,academic
NCT02426736,University of Manitoba,OTHER,False,academic
NCT02618876,Assiut University,OTHER,False,academic
NCT02479165,Aalborg University Hospital,OTHER,False,academic
NCT07704398,Istanbul Medipol University Hospital,OTHER,False,academic
NCT02807428,"Adynxx, Inc.",INDUSTRY,True,industry
NCT07346872,Bursa Yuksek Ihtisas Training and Research Hospital,OTHER_GOV,False,government
NCT01928849,Duke University,OTHER,False,academic
NCT03036514,"University Hospital, Antwerp",OTHER,False,academic
NCT06609993,Michał Stasiowski,OTHER,False,individual
NCT05898087,Connecticut Children's Medical Center,OTHER,False,hospital
NCT03246971,iX Biopharma Ltd.,OTHER,True,industry
NCT07667439,"Second Affiliated Hospital, School of Medicine, Zhejiang University",OTHER,False,academic
NCT07624916,Tri-Service General Hospital (TSGH),OTHER,False,hospital
NCT04148729,Cukurova University,OTHER,False,academic
NCT03525912,Universidad de Antioquia,OTHER,False,academic
NCT06007066,"Haisco Pharmaceutical Group Co., Ltd.",INDUSTRY,True,industry
NCT04834440,Healthpoint Hospital,OTHER,False,hospital
NCT05187520,E-DA Hospital,OTHER,False,hospital
NCT03879408,"Johnson & Johnson Consumer Inc., McNeil Consumer Healthcare Division",INDUSTRY,True,industry
NCT04751344,Alexandra Black,OTHER,False,individual
NCT02248493,Lithuanian University of Health Sciences,OTHER,False,academic
NCT03858621,"Victor Contreras, MSN",OTHER,False,other
NCT02393066,National Taiwan University Hospital,OTHER,False,academic
NCT06387303,University of Virginia,OTHER,False,academic
NCT06662318,Benha University,OTHER,False,academic
NCT07164807,The Affiliated Hospital of Putian University,OTHER,False,academic
NCT03527576,Eric Albrecht,OTHER,False,individual
NCT01348984,Khon Kaen University,OTHER,False,academic
NCT07154446,University of Malaya,OTHER,False,academic
NCT02751619,University of Campania Luigi Vanvitelli,OTHER,False,academic
NCT07442877,"Haisco Pharmaceutical Group Co., Ltd.",INDUSTRY,True,industry
NCT05361824,"National Institute of Cardiovascular Diseases, Pakistan",OTHER,False,government
NCT01484652,Mallinckrodt,INDUSTRY,True,industry
NCT01178203,Azad University of Medical Sciences,OTHER,False,academic
NCT05494385,Indiana University,OTHER,False,academic
NCT02115087,Cukurova University,OTHER,False,academic
NCT05979493,Joseph Findley MD,OTHER,False,other
NCT00508066,Shriners Hospitals for Children,OTHER,False,hospital
NCT00905580,Severance Hospital,OTHER,False,hospital
NCT04782310,Cairo University,OTHER,False,academic
NCT03201809,"University of California, Davis",OTHER,False,academic
NCT04443556,Konya Meram State Hospital,OTHER,False,hospital
NCT06766474,Minia University,OTHER,False,academic
NCT06740214,The University of Hong Kong,OTHER,False,academic
NCT07070050,Federal Research and Clinical Centre of Intensive Care Medicine and Rehabilitology,OTHER,False,government
NCT03883347,University of Athens,OTHER,False,academic
NCT01699919,Jawaharlal Institute of Postgraduate Medical Education & Research,OTHER_GOV,False,government
NCT05233683,King Saud University,OTHER,False,academic
NCT05466604,Hacettepe University,OTHER,False,academic
NCT05004506,Loyola University,OTHER,False,academic
NCT06935708,Meri Mirceta,OTHER,False,individual
NCT00417443,Cambridge University Hospitals NHS Foundation Trust,OTHER,False,government
NCT02604940,West Virginia University,OTHER,False,academic
NCT05094323,Assiut University,OTHER,False,academic
NCT02662023,"University of California, San Diego",OTHER,False,academic
NCT02724761,Andrew Chung,OTHER,False,individual
NCT02556970,University Hospitals Bristol and Weston NHS Foundation Trust,OTHER,False,government
NCT04397458,"The University of Texas Health Science Center, Houston",OTHER,False,academic
NCT07049094,Zhejiang University,OTHER,False,academic
NCT00388011,Javelin Pharmaceuticals,INDUSTRY,True,industry
NCT03001453,American Hip Institute,OTHER,False,research_nonprofit
NCT02372812,Makerere University,OTHER,False,academic
NCT06761989,Seoul National University Hospital,OTHER,False,academic
NCT06003933,"Yasser S Mostafa, MD",OTHER,False,other
NCT05880732,Pamukkale University,OTHER,False,academic
NCT03998813,Centre Hospitalier Departemental Vendee,OTHER,False,hospital
NCT06691633,University of Louisville,OTHER,False,academic
NCT04393207,Yale University,OTHER,False,academic
NCT05033093,Yuzuncu Yil University,OTHER,False,academic
NCT02005523,Revalesio Corporation,INDUSTRY,True,industry
NCT07672015,"University of California, San Diego",OTHER,False,academic
NCT06799845,"Allay Therapeutics, Inc.",INDUSTRY,True,industry
NCT05204056,Yantai Yuhuangding Hospital,OTHER,False,hospital
NCT02573909,Kuopio University Hospital,OTHER,False,academic
NCT06429605,Erzincan Military Hospital,OTHER,False,government
NCT02102516,Egalet Ltd,INDUSTRY,True,industry
NCT04399122,59th Medical Wing,FED,False,government
NCT05974423,The Cooper Health System,OTHER,False,hospital
NCT06970548,Sohag University,OTHER,False,academic
NCT00632580,Hvidovre University Hospital,OTHER,False,academic
NCT05559437,Egymedicalpedia,INDUSTRY,True,industry
NCT07591207,Beijing Tiantan Hospital,OTHER,False,hospital
NCT02299882,Corewell Health West,OTHER,False,hospital
NCT02120703,Aga Khan University,OTHER,False,academic
NCT02306278,Capital Medical University,OTHER,False,academic
NCT01593280,"Stamford Anesthesiology Services, PC",OTHER,False,other
NCT07197684,Aga Khan University,OTHER,False,academic
NCT07246785,Peking University First Hospital,OTHER,False,academic
NCT03574246,Ankara University,OTHER,False,academic
NCT05389813,An-Najah National University,OTHER,False,academic
NCT03352362,Yonsei University,OTHER,False,academic
NCT05880017,Ain Shams University,OTHER,False,academic
NCT05086393,Rush University Medical Center,OTHER,False,academic
NCT00229996,Eunice Kennedy Shriver National Institute of Child Health and Human Development (NICHD),NIH,False,government
NCT00938548,Severance Hospital,OTHER,False,hospital
NCT04134442,"University of Massachusetts, Worcester",OTHER,False,academic
NCT00992082,Region Örebro County,OTHER,False,government
NCT05565235,Cairo University,OTHER,False,academic
NCT00510666,Nanjing Medical University,OTHER,False,academic
NCT01681966,PainReform LTD,INDUSTRY,True,industry
NCT04644796,University of Missouri-Columbia,OTHER,False,academic
NCT02584452,Vanderbilt University Medical Center,OTHER,False,academic
NCT02461056,Samsung Medical Center,OTHER,False,hospital
NCT02450214,University of Chile,OTHER,False,academic
NCT00262262,Odense University Hospital,OTHER,False,academic
NCT01530815,"Chang, Steve S., M.D.",INDIV,False,individual
NCT04209478,Bakirkoy Dr. Sadi Konuk Research and Training Hospital,OTHER_GOV,False,government
NCT01115673,"McNeil Consumer Healthcare Division of McNEIL-PPC, Inc.",INDUSTRY,True,industry
NCT03178539,Assiut University,OTHER,False,academic
NCT03102515,"University Hospital, Caen",OTHER,False,academic
NCT02389361,Astes,OTHER,False,other
NCT04599894,The First Hospital of Jilin University,OTHER,False,academic
NCT05034406,KBC Split,OTHER,False,other
NCT05944380,Poznan University of Medical Sciences,OTHER,False,academic
NCT06186895,Helwan University,OTHER,False,academic
NCT06745388,Corewell Health East,OTHER,False,hospital
NCT06884540,CHU de Quebec-Universite Laval,OTHER,False,academic
NCT04022811,"Zhongshan Ophthalmic Center, Sun Yat-sen University",OTHER,False,academic
NCT04018612,"Nevakar, Inc.",INDUSTRY,True,industry
NCT02240602,Seoul National University Hospital,OTHER,False,academic
NCT04834427,Chinese PLA General Hospital,OTHER,False,hospital
NCT04420104,Aydin Adnan Menderes University,OTHER,False,academic
NCT04894864,University of Crete,OTHER,False,academic
NCT03414593,Asan Medical Center,OTHER,False,hospital
NCT01539642,"Talphera, Inc",INDUSTRY,True,industry
NCT04218149,Sisli Hamidiye Etfal Training and Research Hospital,OTHER,False,hospital
NCT02509312,University Hospitals Cleveland Medical Center,OTHER,False,academic
NCT04916418,Turku University Hospital,OTHER_GOV,False,government
NCT01546857,"Rutgers, The State University of New Jersey",OTHER,False,academic
NCT07418580,Sisli Hamidiye Etfal Training and Research Hospital,OTHER,False,hospital
NCT02662660,Hospital General Universitario Elche,OTHER,False,academic
NCT02785276,"University of Auckland, New Zealand",OTHER,False,academic
NCT04812860,"Jiangsu HengRui Medicine Co., Ltd.",INDUSTRY,True,industry
NCT02570230,Mahidol University,OTHER,False,academic
NCT04335461,Montefiore Medical Center,OTHER,False,hospital
NCT06326281,Ankara City Hospital Bilkent,OTHER,False,hospital
NCT03391284,Scripps Health,OTHER,False,hospital
NCT01598701,"The University of Texas Health Science Center, Houston",OTHER,False,academic
NCT04400721,Universitair Ziekenhuis Brussel,OTHER,False,academic
NCT02992028,Himchan Hospital,OTHER,False,hospital
NCT07453160,College of Physicians and Surgeons Pakistan,OTHER,False,academic
NCT07316660,Benha University,OTHER,False,academic
NCT04086940,Ain Shams University,OTHER,False,academic
NCT02595463,Ann & Robert H Lurie Children's Hospital of Chicago,OTHER,False,hospital
NCT03893318,Washington University School of Medicine,OTHER,False,academic
NCT07350668,Benha University,OTHER,False,academic
NCT03570541,Zealand University Hospital,OTHER,False,academic
NCT03922048,Heron Therapeutics,INDUSTRY,True,industry
NCT00765128,Mayo Clinic,OTHER,False,hospital
NCT05985759,Bapuji Dental College & Hospital Davengere Karnataka,OTHER,False,academic
NCT06458842,Stony Brook University,OTHER,False,academic
NCT02264795,"Samuel Lunenfeld Research Institute, Mount Sinai Hospital",OTHER,False,hospital
NCT07495605,Cairo University,OTHER,False,academic
NCT03541759,AUVA Traumazentrum Vienna Site UKH Meidling,OTHER,False,other
NCT00869037,University of Manitoba,OTHER,False,academic
NCT02058511,"University of California, San Francisco",OTHER,False,academic
NCT01558622,Kavaklıdere Umut Hospital,OTHER,False,hospital
NCT04260659,Medical University of Warsaw,OTHER,False,academic
NCT02553551,Taeho Hong,OTHER,False,individual
NCT04905563,Le Bonheur Children's Hospital,OTHER,False,hospital
NCT05941130,Implantology Institute,OTHER,False,research_nonprofit
NCT04565301,Cairo University,OTHER,False,academic
NCT04699175,"Jiangsu HengRui Medicine Co., Ltd.",INDUSTRY,True,industry
NCT04574778,Rothman Institute Orthopaedics,OTHER,False,research_nonprofit
NCT07432711,Beijing Tiantan Hospital,OTHER,False,hospital
NCT03151369,Tokat Gaziosmanpasa University,OTHER,False,academic
NCT05374499,University of Southern California,OTHER,False,academic
NCT03776838,Ciusss de L'Est de l'Île de Montréal,OTHER,False,hospital
NCT06904248,"Yangtze River Pharmaceutical Group Co., Ltd.",INDUSTRY,True,industry
NCT02069184,Montefiore Medical Center,OTHER,False,hospital
NCT06072001,Apurano Pharmaceuticals GmbH,INDUSTRY,True,industry
NCT02160236,TC Erciyes University,OTHER,False,academic
NCT06574269,"TLC Biopharmaceuticals, Inc.",INDUSTRY,True,industry
NCT01149616,Beth Israel Deaconess Medical Center,OTHER,False,hospital
NCT04263909,Brigham and Women's Hospital,OTHER,False,hospital
NCT07699601,"Shanghai Huilun Pharmaceutical Co., Ltd.",INDUSTRY,True,industry
NCT02682186,"University Hospital, Montpellier",OTHER,False,academic
NCT04996251,Northwell Health,OTHER,False,hospital
NCT05640674,Baylor College of Medicine,OTHER,False,academic
NCT07073846,Instituto Mexicano del Seguro Social,OTHER_GOV,False,government
NCT03064633,Fayoum University Hospital,OTHER,False,academic
NCT02625753,University of Sao Paulo General Hospital,OTHER,False,academic
NCT01155986,Grünenthal GmbH,INDUSTRY,True,industry
NCT02169336,Baudax Bio,INDUSTRY,True,industry
NCT05452369,ghada fouad,OTHER,False,other
NCT05247255,"University of California, Los Angeles",OTHER,False,academic
NCT01314482,University of Adelaide,OTHER,False,academic
NCT03535792,University of Alexandria,OTHER,False,academic
NCT02735122,"Johnson & Johnson Consumer Inc., McNeil Consumer Healthcare Division",INDUSTRY,True,industry
NCT06818981,Medical University of South Carolina,OTHER,False,academic
NCT04200885,Tokat Gaziosmanpasa University,OTHER,False,academic
NCT05840679,"Armed Forces Institute of Dentistry, Pakistan",OTHER,False,government
NCT03167047,Dr Kumarvel Veerappan,OTHER,False,individual
NCT02074709,University of Texas Southwestern Medical Center,OTHER,False,academic
NCT03467750,Emory University,OTHER,False,academic
NCT03554980,Cairo University,OTHER,False,academic
NCT00791804,YM BioSciences,INDUSTRY,True,industry
NCT03745105,Cairo University,OTHER,False,academic
NCT07022821,Fatima Memorial Hospital,OTHER,False,hospital
NCT03126084,Bozyaka Training and Research Hospital,OTHER,False,hospital
NCT00529425,Odense University Hospital,OTHER,False,academic
NCT03203070,Hospital General Universitario Elche,OTHER,False,academic
NCT00781131,IWK Health Centre,OTHER,False,hospital
NCT05826119,Ondokuz Mayıs University,OTHER,False,academic
NCT07079514,Ziauddin University,OTHER,False,academic
NCT00868348,University of Aarhus,OTHER,False,academic
NCT02659501,Loma Linda University,OTHER,False,academic
NCT03972397,"The University of Texas Health Science Center, Houston",OTHER,False,academic
NCT04859062,"Research Institute of Ophthalmology, Egypt",OTHER,False,research_nonprofit
NCT03529032,Kantonsspital Baden,OTHER,False,individual
NCT06267638,"Ministry of Health, Thailand",OTHER_GOV,False,government
NCT00387140,Merck Sharp & Dohme LLC,INDUSTRY,True,industry
NCT03606889,Jagiellonian University,OTHER,False,academic
NCT00293631,POZEN,INDUSTRY,True,industry
NCT05345249,Ilse van de Wijgert,OTHER,False,other
NCT02055053,Lahey Clinic,OTHER,False,hospital
NCT03966326,Hospital de Base,OTHER,False,hospital
NCT00472446,Cantonal Hospital of St. Gallen,OTHER,False,hospital
NCT02381353,Mayo Clinic,OTHER,False,hospital
NCT01612832,Tel-Aviv Sourasky Medical Center,OTHER_GOV,False,government
NCT02642718,Hospital Arquitecto Marcide,OTHER,False,hospital
NCT03519152,Tatyasaheb Kore Dental College,OTHER,False,academic
NCT00818363,Durect,INDUSTRY,True,industry
NCT03867240,Emory University,OTHER,False,academic
NCT05972083,Medipol University,OTHER,False,academic
NCT07096635,Assiut University,OTHER,False,academic
NCT02425254,University of Nottingham,OTHER,False,academic
NCT04859283,Turku University Hospital,OTHER_GOV,False,government
NCT06956950,Tanta University,OTHER,False,academic
NCT04680923,King Khalid University Hospital,OTHER,False,academic
NCT05244252,Sheikh Zayed Medical College,OTHER_GOV,False,government
NCT06153602,Chulalongkorn University,OTHER,False,academic
NCT02915978,INSYS Therapeutics Inc,INDUSTRY,True,industry
NCT00846690,"The University of Texas Health Science Center, Houston",OTHER,False,academic
NCT00626886,Innocoll,INDUSTRY,True,industry
NCT07064993,Arzu Esen Tekeli,OTHER,False,individual
NCT04008043,Boston University,OTHER,False,academic
NCT01095575,Tel-Aviv Sourasky Medical Center,OTHER_GOV,False,government
NCT07709598,"Shanghai Huilun Pharmaceutical Co., Ltd.",INDUSTRY,True,industry
NCT01391858,University of Texas Southwestern Medical Center,OTHER,False,academic
NCT04764825,University of Aarhus,OTHER,False,academic
NCT05672784,Zagazig University,OTHER_GOV,False,government
NCT03290378,"Avenue Therapeutics, Inc.",INDUSTRY,True,industry
NCT02602197,Baskent University,OTHER,False,academic
NCT07711522,Istanbul Medipol University Hospital,OTHER,False,academic
NCT02869841,Kuopio University Hospital,OTHER,False,academic
NCT05186454,Sohag University,OTHER,False,academic
NCT03786029,Latakia University,OTHER,False,academic
NCT04265456,"Nevakar, Inc.",INDUSTRY,True,industry
NCT05602064,Alexandria University,OTHER,False,academic
NCT05659823,Conrad Arnfinn Bjørshol,OTHER_GOV,False,government
NCT03729375,University of South Florida,OTHER,False,academic
NCT04099355,New York State Psychiatric Institute,OTHER,False,research_nonprofit
NCT05150431,National Taiwan University Hospital,OTHER,False,academic
NCT01307202,McMaster University,OTHER,False,academic
NCT02957903,Zealand University Hospital,OTHER,False,academic
NCT07388251,Ain Shams University,OTHER,False,academic
NCT00369811,Danish Pain Research Center,OTHER,False,research_nonprofit
NCT02314104,"Liberman, Eric, D.O.",INDIV,False,individual
NCT02274870,Northwell Health,OTHER,False,hospital
NCT06069804,Beijing Tiantan Hospital,OTHER,False,hospital
NCT06866054,Kahramanmaras Sutcu Imam University,OTHER,False,academic
NCT07412522,Kartal Kosuyolu High Speciality Training and Research Hospital,OTHER_GOV,False,government
NCT07139691,Matild Keresztes,OTHER,False,individual
NCT02930707,Assiut University,OTHER,False,academic
NCT03479996,Barzilai Medical Center,OTHER,False,hospital
NCT02279628,"Central Hospital, Nancy, France",OTHER,False,hospital
NCT02522598,"Vivozon, Inc.",INDUSTRY,True,industry
NCT01579565,Omeros Corporation,INDUSTRY,True,industry
NCT05317676,"University of California, Irvine",OTHER,False,academic
NCT04123873,Naestved Hospital,OTHER,False,hospital
NCT05316168,Rothman Institute Orthopaedics,OTHER,False,research_nonprofit
NCT06036979,"National Cancer Institute, Egypt",OTHER,False,government
NCT06736483,"University Hospital, Montpellier",OTHER,False,academic
NCT01322061,American University of Beirut Medical Center,OTHER,False,academic
NCT02061774,Texas Tech University Health Sciences Center,OTHER,False,academic
NCT02849236,"University Hospital, Lille",OTHER,False,academic
NCT02057601,Cork University Hospital,OTHER,False,academic
NCT06561438,Future University in Egypt,OTHER,False,academic
NCT04003688,University of Sao Paulo General Hospital,OTHER,False,academic
NCT05478044,Cairo University,OTHER,False,academic
NCT06834711,Cukurova University,OTHER,False,academic
NCT00724685,Nantes University Hospital,OTHER,False,academic
NCT01094106,North Karelia Central Hospital,OTHER,False,hospital
NCT00298571,University of South Florida,OTHER,False,academic
NCT01305603,Bispebjerg Hospital,OTHER,False,hospital
NCT02170415,Royal Marsden NHS Foundation Trust,OTHER,False,government
NCT06423456,Afyonkarahisar Health Sciences University,OTHER,False,academic
NCT06534801,Jianbo Wu,OTHER,False,individual
NCT04102566,Benaroya Research Institute,OTHER,False,research_nonprofit
NCT05376904,"Shanghai Hengrui Pharmaceutical Co., Ltd.",INDUSTRY,True,industry
NCT00092339,Merck Sharp & Dohme LLC,INDUSTRY,True,industry
NCT03079076,Ataturk University,OTHER,False,academic
NCT06787196,Selcuk University,OTHER,False,academic
NCT07365800,University of Missouri-Columbia,OTHER,False,academic
NCT01460667,McLaren Regional Medical Center,OTHER,False,hospital
NCT04221880,Ataturk University,OTHER,False,academic
NCT04611763,Beijing Friendship Hospital,OTHER,False,hospital
NCT07098962,Kastamonu University,OTHER,False,academic
NCT02819648,Cairo University,OTHER,False,academic
NCT04169256,Fruithy Medical Pty Ltd,INDUSTRY,True,industry
NCT05920980,West China Hospital,OTHER,False,hospital
NCT07534709,University of Texas at Austin,OTHER,False,academic
NCT01437462,Tampere University Hospital,OTHER,False,academic
NCT01560767,University of Warwick,OTHER,False,academic
NCT03007342,Cairo University,OTHER,False,academic
NCT07154433,"Second Affiliated Hospital, School of Medicine, Zhejiang University",OTHER,False,academic
NCT04862845,Cairo University,OTHER,False,academic
NCT05109312,Heron Therapeutics,INDUSTRY,True,industry
NCT03580135,Cairo University,OTHER,False,academic
NCT04346407,Jeffrey L Gum MD,OTHER,False,other
NCT03643666,Cairo University,OTHER,False,academic
NCT03627897,Cukurova University,OTHER,False,academic
NCT03323385,Baudax Bio,INDUSTRY,True,industry
NCT05746143,University of Southern California,OTHER,False,academic
NCT02504580,Heron Therapeutics,INDUSTRY,True,industry
NCT04282239,NYU Langone Health,OTHER,False,hospital
NCT04676802,Stanford University,OTHER,False,academic
NCT00890721,"Pacira Pharmaceuticals, Inc",INDUSTRY,True,industry
NCT03149783,"University of Colorado, Denver",OTHER,False,academic
NCT02289937,Daniel Hägi-Pedersen,OTHER,False,individual
NCT04622813,American University of Beirut Medical Center,OTHER,False,academic
NCT00621530,Wake Forest University,OTHER,False,academic
NCT00520338,Mahidol University,OTHER,False,academic
NCT06447194,"University of Maryland, Baltimore",OTHER,False,academic
NCT06632184,Instituto Mexicano del Seguro Social,OTHER_GOV,False,government
NCT06789575,Assiut University,OTHER,False,academic
NCT05769309,Menoufia University,OTHER,False,academic
NCT04286035,Sisli Hamidiye Etfal Training and Research Hospital,OTHER,False,hospital
NCT02645903,Inonu University,OTHER,False,academic
NCT03090776,Brigham and Women's Hospital,OTHER,False,hospital
NCT07153003,Mayo Clinic,OTHER,False,hospital
NCT07233577,Cukurova University,OTHER,False,academic
NCT06298383,Cairo University,OTHER,False,academic
NCT06271174,Nantes University Hospital,OTHER,False,academic
NCT03825471,Tri-Service General Hospital (TSGH),OTHER,False,hospital
NCT05248152,University Medical Centre Ljubljana,OTHER,False,academic
NCT02576782,"Sherif Mohamed Abd el moneim Soaida, MD",OTHER,False,other
NCT05834023,Hospital de San Carlos Dr. Benicio Arzola Medina,OTHER,False,hospital
NCT05904275,National Trauma Center,OTHER,False,hospital
NCT06116409,Dr. Lutfi Kirdar Kartal Training and Research Hospital,OTHER_GOV,False,government
NCT01760161,Aalborg University Hospital,OTHER,False,academic
NCT00578136,Children's Hospital of Philadelphia,OTHER,False,hospital
NCT02085577,"Rigshospitalet, Denmark",OTHER,False,hospital
NCT03093454,"Scott Hollenbeck, MD",OTHER,False,other
NCT00378547,"Glostrup University Hospital, Copenhagen",OTHER,False,academic
NCT06671002,University of Michigan,OTHER,False,academic
NCT02284282,Maasstad Hospital,OTHER,False,hospital
NCT04002271,The University of Hong Kong,OTHER,False,academic
NCT04874038,"University Health Network, Toronto",OTHER,False,academic
NCT06849466,Peking Union Medical College Hospital,OTHER,False,academic
NCT04007263,Neurop Inc.,INDUSTRY,True,industry
NCT07525986,Peking University First Hospital,OTHER,False,academic
NCT02421913,Centro Medico Campinas,OTHER,False,individual
NCT02805504,Loma Linda University,OTHER,False,academic
NCT03033589,Henry Ford Health System,OTHER,False,hospital
NCT06575010,Rothman Institute Orthopaedics,OTHER,False,research_nonprofit
NCT07712783,Ondokuz Mayıs University,OTHER,False,academic
NCT05412992,"Teikoku Pharma USA, Inc.",INDUSTRY,True,industry
NCT04650737,Cairo University,OTHER,False,academic
NCT03413371,Medical University of Silesia,OTHER,False,academic
NCT06405724,Feng Gao,OTHER,False,individual
NCT04833296,Healthpoint Hospital,OTHER,False,hospital
NCT01014520,Tabriz University,OTHER,False,academic
NCT02035904,Fondazione IRCCS Policlinico San Matteo di Pavia,OTHER,False,research_nonprofit
NCT01662401,Ann & Robert H Lurie Children's Hospital of Chicago,OTHER,False,hospital
NCT05268835,"Oral and Maxillofacial Surgery Clinic, Poland",OTHER,False,hospital
NCT06750627,Udayana University,OTHER,False,academic
NCT05246631,Indonesia University,OTHER,False,academic
NCT03422887,Sun Yat-sen University,OTHER,False,academic
NCT06906315,University of Salamanca,OTHER,False,academic
NCT04043624,"Second Affiliated Hospital, School of Medicine, Zhejiang University",OTHER,False,academic
NCT00904085,"Endo USA Inc., a Keenova Therapeutics Company",INDUSTRY,True,industry
NCT00624910,Innocoll,INDUSTRY,True,industry
NCT06661746,Benha University,OTHER,False,academic
NCT03783312,Inonu University,OTHER,False,academic
NCT07620665,Gangnam Severance Hospital,OTHER,False,hospital
NCT07203794,Ataturk University,OTHER,False,academic
NCT03997812,"Vivozon, Inc.",INDUSTRY,True,industry
NCT03339284,Tampere University Hospital,OTHER,False,academic
NCT03328299,Assiut University,OTHER,False,academic
NCT04700228,"Dr. Ruth K.M. Pfau Civil Hospital, Karachi",OTHER_GOV,False,government
NCT00146198,AlgoRx Pharmaceuticals,INDUSTRY,True,industry
NCT03622489,Wolfson Medical Center,OTHER_GOV,False,government
NCT01902134,Menarini Group,INDUSTRY,True,industry
NCT05059535,GCS Ramsay Santé pour l'Enseignement et la Recherche,OTHER,False,private_practice
NCT07208253,Gürkan Değirmencioğlu,OTHER_GOV,False,government
NCT05464862,Charlotte Runge,OTHER,False,individual
NCT05089526,Aretaieion University Hospital,OTHER,False,academic
NCT04530903,Centre Hospitalier Universitaire Saint Pierre,OTHER,False,academic
NCT07431944,Charitable Organisation Charitable Fund Superhumans (Co Cf Superhumans),OTHER,False,research_nonprofit
NCT05920642,University Hospital Ostrava,OTHER,False,academic
NCT03591146,Taiwan Liposome Company,INDUSTRY,True,industry
NCT05831345,Brugmann University Hospital,OTHER,False,academic
NCT00335972,The Cleveland Clinic,OTHER,False,hospital
NCT05341323,Sohag University,OTHER,False,academic
NCT06529432,"Jiangsu HengRui Medicine Co., Ltd.",INDUSTRY,True,industry
NCT01106716,KAI Pharmaceuticals,INDUSTRY,True,industry
NCT04963816,Tanta University,OTHER,False,academic
NCT02538679,Cedars-Sinai Medical Center,OTHER,False,hospital
NCT06953947,Sakarya University,OTHER,False,academic
NCT07525999,Peking University First Hospital,OTHER,False,academic
NCT04398329,Heron Therapeutics,INDUSTRY,True,industry
NCT07672873,Marmara University,OTHER,False,academic
NCT03248648,Assiut University,OTHER,False,academic
NCT02030717,Umeå University,OTHER,False,academic
NCT01220024,Innocoll,INDUSTRY,True,industry
NCT00092326,Merck Sharp & Dohme LLC,INDUSTRY,True,industry
NCT00163969,Bayside Health,OTHER_GOV,False,government
NCT01359514,Rambam Health Care Campus,OTHER,False,hospital
NCT02994173,Turku University Hospital,OTHER_GOV,False,government
NCT04947345,Peking Union Medical College Hospital,OTHER,False,academic
NCT06498583,Lei Xiaoming,OTHER,False,individual
NCT04585620,"Allan Vestergaard Danielsen, MD",OTHER,False,other
NCT07379762,CMH Multan Institute of Medical Sciences,OTHER_GOV,False,government
NCT03099720,Cairo University,OTHER,False,academic
NCT01374763,Kati Järvelä,OTHER,False,individual
NCT02456142,Makerere University,OTHER,False,academic
NCT07094802,"Tribhuvan University Teaching Hospital, Institute Of Medicine.",OTHER,False,academic
NCT07458256,Beijing Tiantan Hospital,OTHER,False,hospital
NCT01861665,Weill Medical College of Cornell University,OTHER,False,academic
NCT05795478,Beijing Tiantan Hospital,OTHER,False,hospital
NCT02214810,Broward Health,OTHER,False,hospital
NCT06958718,Fayoum University Hospital,OTHER,False,academic
NCT04091009,Massachusetts General Hospital,OTHER,False,hospital
NCT04365088,Yuzuncu Yil University,OTHER,False,academic
NCT07058194,Harran University,OTHER,False,academic
NCT07695935,Hitit University,OTHER,False,academic
NCT00346268,Pfizer,INDUSTRY,True,industry
NCT07266233,Ataturk University,OTHER,False,academic
NCT03698006,Centre Hospitalier Universitaire Vaudois,OTHER,False,academic
NCT07109388,Centre Hospitalier Universitaire Vaudois,OTHER,False,academic
NCT06410404,Assiut University,OTHER,False,academic
NCT03944629,Tufts University,OTHER,False,academic
NCT06040060,Universitas Padjadjaran,OTHER,False,academic
NCT04688203,Zagazig University,OTHER_GOV,False,government
NCT02385435,University of Jordan,OTHER,False,academic
NCT01451762,Northwestern University,OTHER,False,academic
NCT06315634,"National Cancer Institute, Egypt",OTHER,False,government
NCT02225418,Jens Borglum Neimann,OTHER,False,individual
NCT02805920,Procare Riaya Hospital,OTHER,False,hospital
NCT01898052,Thammasat University,OTHER,False,academic
NCT01972620,Klinicki Centar Vojvodine,OTHER,False,individual
NCT01015235,KAI Pharmaceuticals,INDUSTRY,True,industry
NCT01612702,Tae Kyun Kim,OTHER,False,individual
NCT01719705,Mansoura University,OTHER,False,academic
NCT06484192,Rothman Institute Orthopaedics,OTHER,False,research_nonprofit
NCT02508857,Instituto do Cancer do Estado de São Paulo,OTHER,False,research_nonprofit
NCT01752322,Grünenthal GmbH,INDUSTRY,True,industry
NCT06783764,Ain Shams University,OTHER,False,academic
NCT00702416,University of Parma,OTHER,False,academic
NCT06861387,St. Antonius Hospital,OTHER,False,hospital
NCT05199922,Medipol University,OTHER,False,academic
NCT06067893,Nichole Doyle,OTHER,False,individual
NCT03138668,Zealand University Hospital,OTHER,False,academic
NCT02114463,Guangzhou General Hospital of Guangzhou Military Command,OTHER,False,government
NCT06451705,Hasanuddin University,OTHER,False,academic
NCT00440830,Columbia University,OTHER,False,academic
NCT04437888,Dartmouth-Hitchcock Medical Center,OTHER,False,hospital
NCT07699744,Seoul National University Hospital,OTHER,False,academic
NCT01077752,Assistance Publique - Hôpitaux de Paris,OTHER,False,government
NCT02146638,Catholic University of the Sacred Heart,OTHER,False,academic
NCT00914498,"The Baruch Padeh Medical Center, Poriya",OTHER_GOV,False,government
NCT00728559,"The Baruch Padeh Medical Center, Poriya",OTHER_GOV,False,government
NCT00661466,Innocoll,INDUSTRY,True,industry
NCT07099924,Asklepios Kliniken Hamburg GmbH,OTHER,False,hospital
NCT00139607,Pfizer,INDUSTRY,True,industry
NCT07101250,Prisma Health-Upstate,OTHER,False,hospital
NCT05171179,Northwestern University,OTHER,False,academic
NCT06520150,"4th Military Clinical Hospital with Polyclinic, Poland",OTHER,False,government
NCT07630896,Columbia University,OTHER,False,academic
NCT00551135,Pfizer's Upjohn has merged with Mylan to form Viatris Inc.,INDUSTRY,True,industry
NCT03987022,MetroHealth Medical Center,OTHER,False,hospital
NCT04715165,Assiut University,OTHER,False,academic
NCT05871424,Gangnam Severance Hospital,OTHER,False,hospital
NCT07420712,Kartal Kosuyolu High Speciality Training and Research Hospital,OTHER_GOV,False,government
NCT02959996,Massachusetts General Hospital,OTHER,False,hospital
NCT01597479,Fundació Institut de Recerca de l'Hospital de la Santa Creu i Sant Pau,OTHER,False,hospital
NCT01205997,Qazvin University Of Medical Sciences,OTHER,False,academic
NCT03946306,Universidade do Porto,OTHER,False,academic
NCT02127060,Seoul National University Hospital,OTHER,False,academic
NCT07676396,October 6 University,OTHER,False,academic
NCT05024825,Albany Medical College,OTHER,False,academic
NCT05594407,Aretaieion University Hospital,OTHER,False,academic
NCT06027099,Stanford University,OTHER,False,academic
NCT04777591,University of Virginia,OTHER,False,academic
NCT06307106,Zagazig University,OTHER_GOV,False,government
NCT07149077,"University Hospital, Bordeaux",OTHER,False,academic
NCT05010148,"University of California, San Francisco",OTHER,False,academic
NCT02499575,OhioHealth,OTHER,False,hospital
NCT00895843,University of Manchester,OTHER,False,academic
NCT00533247,"Zanbilowicz, Adam, DPM MS",INDIV,False,individual
NCT04638881,Stanford University,OTHER,False,academic
NCT06613178,McGill University Health Centre/Research Institute of the McGill University Health Centre,OTHER,False,academic
NCT06405776,West China Hospital,OTHER,False,hospital
NCT03775018,Hospital General Universitario Elche,OTHER,False,academic
NCT06601530,Istanbul University - Cerrahpasa,OTHER,False,academic
NCT02494336,Johns Hopkins All Children's Hospital,OTHER,False,hospital
NCT02821169,"University Hospital, Lille",OTHER,False,academic
NCT02285491,Ain Shams Maternity Hospital,OTHER,False,hospital
NCT07294755,Chinese PLA General Hospital,OTHER,False,hospital
NCT06410612,Washington University School of Medicine,OTHER,False,academic
NCT03445390,Stanford University,OTHER,False,academic
NCT01016808,QRxPharma Inc.,INDUSTRY,True,industry
NCT00749749,Innocoll,INDUSTRY,True,industry
NCT00485667,"Pacira Pharmaceuticals, Inc",INDUSTRY,True,industry
NCT04450355,Seoul National University Hospital,OTHER,False,academic
NCT00236483,"Johnson & Johnson Pharmaceutical Research & Development, L.L.C.",INDUSTRY,True,industry
NCT02111746,"The University of Texas Health Science Center, Houston",OTHER,False,academic
NCT03796572,"University of California, Los Angeles",OTHER,False,academic
NCT02876055,Mayo Clinic,OTHER,False,hospital
NCT01929252,TC Erciyes University,OTHER,False,academic
NCT06116539,Alfonso X El Sabio University,OTHER,False,academic
NCT03528343,University of Utah,OTHER,False,academic
NCT02243254,Seoul National University Hospital,OTHER,False,academic
NCT04278846,The Cleveland Clinic,OTHER,False,hospital
NCT00140920,Merck Sharp & Dohme LLC,INDUSTRY,True,industry
NCT02605187,Stanford University,OTHER,False,academic
NCT05985629,Loyola University,OTHER,False,academic
NCT02774499,University of Saskatchewan,OTHER,False,academic
NCT03614403,Shahid Beheshti University,OTHER,False,academic
NCT07023497,University of Ioannina,OTHER,False,academic
NCT07568405,Université Libre de Bruxelles,OTHER,False,academic
NCT04298528,Colorado Joint Replacement,OTHER,False,individual
NCT02778178,"University Hospital, Lille",OTHER,False,academic
NCT04248179,Zealand University Hospital,OTHER,False,academic
NCT05496205,"iN Therapeutics Co., Ltd.",INDUSTRY,True,industry
NCT05773846,PainReform LTD,INDUSTRY,True,industry
NCT00149253,Khon Kaen University,OTHER,False,academic
NCT00733083,University of Turku,OTHER,False,academic
NCT07430085,Allegheny Singer Research Institute (also known as Allegheny Health Network Research Institute),OTHER,False,hospital
NCT02276495,"University of California, Irvine",OTHER,False,academic
NCT00508976,Pinnacle Health System,OTHER,False,hospital
NCT02081703,"Adynxx, Inc.",INDUSTRY,True,industry
NCT05868122,Johnson & Johnson Consumer Inc. (J&JCI),INDUSTRY,True,industry
NCT02844725,"Vivozon, Inc.",INDUSTRY,True,industry
NCT06109415,Heron Therapeutics,INDUSTRY,True,industry
NCT03137017,Grünenthal GmbH,INDUSTRY,True,industry
NCT03079830,University Medical Centre Ljubljana,OTHER,False,academic
NCT03420586,General Hospital Zadar,OTHER,False,hospital
NCT03261310,Brooke Army Medical Center,FED,False,government
NCT05507554,Pakistan Kidney and Liver Institute and Research Center,OTHER,False,research_nonprofit
NCT04653792,Ziauddin University,OTHER,False,academic
NCT04241640,Mahidol University,OTHER,False,academic
NCT06113497,Kyunghee University Medical Center,OTHER,False,academic
NCT07605923,University of Alabama at Birmingham,OTHER,False,academic
NCT00264485,"Alza Corporation, DE, USA",INDUSTRY,True,industry
NCT01594047,"Fondazione IRCCS Istituto Nazionale dei Tumori, Milano",OTHER,False,research_nonprofit
NCT02675907,Baudax Bio,INDUSTRY,True,industry
NCT03134729,IRCCS Sacro Cuore Don Calabria di Negrar,OTHER,False,other
NCT01393925,"First Affiliated Hospital, Sun Yat-Sen University",OTHER,False,academic
NCT04034836,Beijing Tiantan Hospital,OTHER,False,hospital
NCT06114121,University of Miami,OTHER,False,academic
NCT00954187,Loma Linda University,OTHER,False,academic
NCT05552391,Kasr El Aini Hospital,OTHER,False,hospital
NCT05539924,"Research Institute of Ophthalmology, Egypt",OTHER,False,research_nonprofit
NCT01435577,Grünenthal GmbH,INDUSTRY,True,industry
NCT02358850,University of Nebraska,OTHER,False,academic
NCT05153785,Lund University Hospital,OTHER,False,academic
NCT06137924,Universidad Simón Bolívar,OTHER,False,academic
NCT02512861,Children's Hospitals and Clinics of Minnesota,OTHER,False,hospital
NCT02233400,"St. Luke's Hospital and Health Network, Pennsylvania",OTHER,False,hospital
NCT03067103,Universidade Federal de Goias,OTHER,False,government
NCT06134713,Ajman University,OTHER,False,academic
NCT01394718,Children's Hospital of Philadelphia,OTHER,False,hospital
NCT00118820,Massachusetts General Hospital,OTHER,False,hospital
NCT04311099,"Claus Anders Bertelsen, PhD, MD",OTHER,False,other
NCT06264739,Aydin Adnan Menderes University,OTHER,False,academic
NCT01919606,"Pacira Pharmaceuticals, Inc",INDUSTRY,True,industry
NCT02077140,Medtronic Spinal and Biologics,INDUSTRY,True,industry
NCT06082232,Assiut University,OTHER,False,academic
NCT04362566,University of Missouri-Columbia,OTHER,False,academic
NCT06810336,University of Virginia,OTHER,False,academic
NCT05902780,Benha University,OTHER,False,academic
NCT07401134,University of Miami,OTHER,False,academic
NCT01677143,Helse Stavanger HF,OTHER_GOV,False,government
NCT07441902,Beijing Tiantan Hospital,OTHER,False,hospital
NCT02787226,Eric Shepard,OTHER,False,individual
NCT00465647,Purdue Pharma LP,INDUSTRY,True,industry
NCT01297829,St. Barnabas Medical Center,OTHER,False,hospital
NCT06642077,Yuzuncu Yil University,OTHER,False,academic
NCT04254692,"University of Wisconsin, Madison",OTHER,False,academic
NCT03634111,Gia Dinh People Hospital,OTHER,False,hospital
NCT07209345,Beijing Tiantan Hospital,OTHER,False,hospital
NCT06288685,"Police General Hospital, Thailand",OTHER,False,hospital
NCT07231926,Ataturk University,OTHER,False,academic
NCT04651361,E-DA Hospital,OTHER,False,hospital
NCT05081102,Eurofarma Laboratorios S.A.,INDUSTRY,True,industry
NCT06881563,Meri Mirceta,OTHER,False,individual
NCT00644111,"University Health Network, Toronto",OTHER,False,academic
NCT05560230,University of Aarhus,OTHER,False,academic
NCT06471348,Boston Children's Hospital,OTHER,False,hospital
NCT01303120,Hillel Yaffe Medical Center,OTHER_GOV,False,government
NCT02568735,Kuopio University Hospital,OTHER,False,academic
NCT03792009,Kangbuk Samsung Hospital,OTHER,False,hospital
NCT04919317,Temple University,OTHER,False,academic
NCT03036085,Massachusetts General Hospital,OTHER,False,hospital
NCT06614257,Fondazione Policlinico Universitario Campus Bio-Medico,OTHER,False,academic
NCT07164664,Ondokuz Mayıs University,OTHER,False,academic
NCT01566838,Inova Health Care Services,OTHER,False,hospital
NCT06433713,Cairo University,OTHER,False,academic
NCT07046325,Ain Shams University,OTHER,False,academic
NCT07012889,Medical University of Warsaw,OTHER,False,academic
NCT02920905,Assiut University,OTHER,False,academic
NCT00286221,Johns Hopkins University,OTHER,False,academic
NCT03058341,The University of Hong Kong,OTHER,False,academic
NCT01304953,Huazhong University of Science and Technology,OTHER,False,academic
NCT02767882,The University of Hong Kong,OTHER,False,academic
NCT07084753,IVO JURISIC,OTHER,False,other
NCT01586806,"Hospital for Special Surgery, New York",OTHER,False,hospital
NCT04426500,Icahn School of Medicine at Mount Sinai,OTHER,False,academic
NCT03750773,Indiana University,OTHER,False,academic
NCT02007096,Icahn School of Medicine at Mount Sinai,OTHER,False,academic
NCT04754451,BON WOOK KOO,OTHER,False,other
NCT05338671,University of Washington,OTHER,False,academic
NCT07267182,Muhammad Aamir Latif,OTHER,False,individual
NCT04969133,Centre Hospitalier Universitaire de Besancon,OTHER,False,academic
NCT05397236,Ain Shams University,OTHER,False,academic
NCT00143169,Pfizer,INDUSTRY,True,industry
NCT00366444,Xanodyne Pharmaceuticals,INDUSTRY,True,industry
NCT01328782,"University of Colorado, Denver",OTHER,False,academic
NCT02173418,Odense University Hospital,OTHER,False,academic
NCT02416804,Seoul National University Hospital,OTHER,False,academic
NCT04387617,Mayo Clinic,OTHER,False,hospital
NCT02865746,Federal University of the Valleys of Jequitinhonha and Mucuri,OTHER,False,government
NCT05935306,University of Nove de Julho,OTHER,False,academic
NCT06243263,University Tunis El Manar,OTHER,False,academic
NCT03587025,"University of Campinas, Brazil",OTHER,False,academic
NCT01024348,Shaare Zedek Medical Center,OTHER,False,hospital
NCT03500211,Oregon Health and Science University,OTHER,False,academic
NCT04849858,"University of California, Irvine",OTHER,False,academic
NCT02081391,Grünenthal GmbH,INDUSTRY,True,industry
NCT05390905,"Haisco Pharmaceutical Group Co., Ltd.",INDUSTRY,True,industry
NCT00612534,"Talphera, Inc",INDUSTRY,True,industry
NCT01022528,Women's College Hospital,OTHER,False,academic
NCT04561856,Assiut University,OTHER,False,academic
NCT04333095,Baylor Research Institute,OTHER,False,research_nonprofit
NCT00287326,"University of North Carolina, Chapel Hill",OTHER,False,academic
NCT00666393,"Alza Corporation, DE, USA",INDUSTRY,True,industry
NCT03154658,University of Texas Southwestern Medical Center,OTHER,False,academic
NCT06863714,Sisli Hamidiye Etfal Training and Research Hospital,OTHER,False,hospital
NCT04618146,Minia University,OTHER,False,academic
NCT05345639,"University Hospital, Angers",OTHER_GOV,False,government
NCT03496740,Kocaeli University,OTHER,False,academic
NCT06158620,University of Texas Southwestern Medical Center,OTHER,False,academic
NCT05071118,Ain Shams University,OTHER,False,academic
NCT06685081,Menoufia University,OTHER,False,academic
NCT05224336,"University of California, San Diego",OTHER,False,academic
NCT02687451,"Endo USA Inc., a Keenova Therapeutics Company",INDUSTRY,True,industry
NCT04475029,University of Aarhus,OTHER,False,academic
NCT07600697,"University of California, Los Angeles",OTHER,False,academic
NCT06326983,Boston Children's Hospital,OTHER,False,hospital
NCT03253198,Rothman Institute Orthopaedics,OTHER,False,research_nonprofit
NCT03502642,Saint-Joseph University,OTHER,False,academic
NCT07587645,"ISSSTE Hospital Regional ""Gral. Ignacio Zaragoza""",OTHER_GOV,False,government
NCT05495750,Alaa Mohamed Abdel Salam Ibrahim Soliman,OTHER,False,other
NCT07098429,Recep Tayyip Erdogan Hospital Pakistan - Muzaffargarh,OTHER,False,hospital
NCT02669004,Inonu University,OTHER,False,academic
NCT06146491,B.P. Koirala Institute of Health Sciences,OTHER,False,research_nonprofit
NCT01916915,Ufuk University,OTHER,False,academic
NCT06559137,Texas Scottish Rite Hospital for Children,OTHER,False,hospital
NCT04351737,"Brandon Eye Associates, PA",OTHER,False,other
NCT04812028,University of Minnesota,OTHER,False,academic
NCT02339766,London Health Sciences Centre Research Institute OR Lawson Research Institute of St. Joseph's,OTHER,False,research_nonprofit
NCT01721486,"Kaveh Aslani, MD",OTHER,False,other
NCT03967392,Ain Shams University,OTHER,False,academic
NCT06559280,Fujian Provincial Hospital,OTHER,False,hospital
NCT06112223,Tanta University,OTHER,False,academic
NCT02219581,Thomas L Bradbury,OTHER,False,other
NCT05097976,Rush University Medical Center,OTHER,False,academic
NCT01500109,Loma Linda University,OTHER,False,academic
NCT06187922,Bahrain Defence Force Hospital,OTHER,False,hospital
NCT06319859,Cairo University,OTHER,False,academic
NCT05761574,Johnson & Johnson Consumer Inc. (J&JCI),INDUSTRY,True,industry
NCT03878888,"St. Luke's Hospital, Pennsylvania",OTHER,False,hospital
NCT05439564,Tanta University,OTHER,False,academic
NCT07337135,Hospital dos Lusíadas,OTHER,False,hospital
NCT00845754,"Ascher-Walsh, Charles, M.D.",INDIV,False,individual
NCT02653651,University Tunis El Manar,OTHER,False,academic
NCT01319682,Chung-Ang University Hospital,OTHER,False,academic
NCT07566663,"Xuanwu Hospital, Beijing",OTHER,False,hospital
NCT07434310,Dr. Naveed Siddiqui,OTHER,False,individual
NCT07556952,McGill University Health Centre/Research Institute of the McGill University Health Centre,OTHER,False,academic
NCT07465406,Darul Sehat Hospital,OTHER,False,hospital
NCT06738043,Tanta University,OTHER,False,academic
NCT06999993,Misr University for Science and Technology,OTHER,False,academic
NCT06066879,AXIS Spine Center- a division of Northwest Specialty Hospital,OTHER,False,hospital
NCT02848729,Mallinckrodt,INDUSTRY,True,industry
NCT01582477,"Pacira Pharmaceuticals, Inc",INDUSTRY,True,industry
NCT07469826,Jinnah Postgraduate Medical Centre,OTHER_GOV,False,government
NCT04160936,Saddam Al Demour,OTHER,False,individual
NCT04246541,University Hospitals Cleveland Medical Center,OTHER,False,academic
NCT06779396,Beijing Tiantan Hospital,OTHER,False,hospital
NCT02760459,Chiang Mai University,OTHER,False,academic
NCT02239497,Hospital Central Dr. Luis Ortega,OTHER,False,hospital
NCT03187899,University of Alabama at Birmingham,OTHER,False,academic
NCT06015165,China-Japan Friendship Hospital,OTHER,False,hospital
NCT03536741,Campus Bio-Medico University,OTHER,False,academic
NCT03049878,University of Roma La Sapienza,OTHER,False,academic
NCT03961048,Virginia Commonwealth University,OTHER,False,academic
NCT06432712,Shoaib Rahim,OTHER,False,individual
NCT04198233,TriHealth Inc.,OTHER,True,industry
NCT02037802,Cairo University,OTHER,False,academic
NCT00968578,Hvidovre University Hospital,OTHER,False,academic
NCT07573033,Liaquat College of Medicine and Dentistry,OTHER,False,academic
NCT03372265,Nordsjaellands Hospital,OTHER,False,hospital
NCT04495374,Universidade Federal de Alfenas,OTHER,False,government
NCT00058357,Alliance for Clinical Trials in Oncology,OTHER,False,research_nonprofit
NCT05939635,Ondokuz Mayıs University,OTHER,False,academic
NCT03706313,Duke University,OTHER,False,academic
NCT06936995,Ankara University,OTHER,False,academic
NCT02989597,Montefiore Medical Center,OTHER,False,hospital
NCT05550597,Nepal Mediciti Hospital,OTHER,False,hospital
NCT04855240,ACADIA Pharmaceuticals Inc.,INDUSTRY,True,industry
NCT00512395,"University Hospital, Basel, Switzerland",OTHER,False,academic
NCT01359085,Tel-Aviv Sourasky Medical Center,OTHER_GOV,False,government
NCT03632161,Assiut University,OTHER,False,academic
NCT05255562,Atatürk Chest Diseases and Chest Surgery Training and Research Hospital,OTHER,False,hospital
NCT03677830,St. Louis University,OTHER,False,academic
NCT00532662,Tehran University of Medical Sciences,OTHER,False,academic
NCT03018301,Assiut University,OTHER,False,academic
NCT05993975,Sindh Institute of Urology and Transplantation,OTHER,False,research_nonprofit
NCT02213159,American University of Beirut Medical Center,OTHER,False,academic
NCT01195116,University of Rochester,OTHER,False,academic
NCT03995004,The University of Hong Kong,OTHER,False,academic
NCT01298778,Wake Forest University Health Sciences,OTHER,False,academic
NCT05990868,University of South Florida,OTHER,False,academic
NCT06344091,"Jiangsu HengRui Medicine Co., Ltd.",INDUSTRY,True,industry
NCT07598188,Islamabad Medical and Dental College,OTHER,False,academic
NCT03052816,University Hospitals Cleveland Medical Center,OTHER,False,academic
NCT04939987,Wake Forest University Health Sciences,OTHER,False,academic
NCT04711668,Ataturk University,OTHER,False,academic
NCT07624006,"University Hospital, Strasbourg, France",OTHER,False,academic
NCT06755736,Medipol University,OTHER,False,academic
NCT01860235,Franciscan University Center,OTHER,False,academic
NCT04067609,Yale University,OTHER,False,academic
NCT00681174,University of Parma,OTHER,False,academic
NCT03695640,Ufuk University,OTHER,False,academic
NCT00892606,University of Louisville,OTHER,False,academic
NCT03011333,Heron Therapeutics,INDUSTRY,True,industry
NCT00209495,"Glostrup University Hospital, Copenhagen",OTHER,False,academic
NCT07574385,Rebel Medicine Inc,INDUSTRY,True,industry
NCT07665762,The University of Hong Kong,OTHER,False,academic
NCT04827030,Institut Curie,OTHER,False,research_nonprofit
NCT02571361,Daniel Hägi-Pedersen,OTHER,False,individual
NCT03039426,Department of Medical Services Ministry of Public Health of Thailand,OTHER_GOV,False,government
NCT02487355,Assiut University,OTHER,False,academic
NCT07173725,Bezmialem Vakif University,OTHER,False,academic
NCT05536362,Egymedicalpedia,INDUSTRY,True,industry
NCT02223377,McMaster University,OTHER,False,academic
NCT01981369,London Health Sciences Centre Research Institute OR Lawson Research Institute of St. Joseph's,OTHER,False,research_nonprofit
NCT01082471,Paion UK Ltd.,INDUSTRY,True,industry
NCT07019103,Haroon Muhammad Khalil,OTHER,False,individual
NCT04202406,Cairo University,OTHER,False,academic
NCT02713490,"Pacira Pharmaceuticals, Inc",INDUSTRY,True,industry
NCT04477733,Beijing Tiantan Hospital,OTHER,False,hospital
NCT07147049,"Shanghai Yidian Pharmaceutical Technology Development Co., Ltd.",INDUSTRY,True,industry
NCT04349774,Anna Uskova,OTHER,False,individual
NCT06204120,Luye Pharma Group Ltd.,INDUSTRY,True,industry
NCT03875274,B.P. Koirala Institute of Health Sciences,OTHER,False,research_nonprofit
NCT00533403,Merck Sharp & Dohme LLC,INDUSTRY,True,industry
NCT04010266,AppliedVR Inc.,INDUSTRY,True,industry
NCT03541655,Arthritis Innovation Corporation,INDUSTRY,True,industry
NCT03296189,"The Adelaide and Meath Hospital, incorporating The National Children's Hospital",OTHER,False,hospital
NCT07631091,University of Turku,OTHER,False,academic
NCT00307905,Shaare Zedek Medical Center,OTHER,False,hospital
NCT06423859,Benha University,OTHER,False,academic
NCT05038605,Mansoura University,OTHER,False,academic
NCT05829707,Osijek University Hospital,OTHER,False,academic
NCT03375112,Henry Ford Health System,OTHER,False,hospital
NCT03434951,South Carelia Central Hospital,OTHER,False,hospital
NCT03680716,Centre Hospitalier Universitaire Vaudois,OTHER,False,academic
NCT02128022,Papworth Hospital NHS Foundation Trust,OTHER_GOV,False,government
NCT00468845,Pfizer's Upjohn has merged with Mylan to form Viatris Inc.,INDUSTRY,True,industry
NCT00111046,Royal Liverpool University Hospital,OTHER_GOV,False,government
NCT04327063,Institut Curie,OTHER,False,research_nonprofit
NCT04938882,Tianjin Medical University General Hospital,OTHER,False,academic
NCT07229495,Peking Union Medical College Hospital,OTHER,False,academic
NCT02544893,TC Erciyes University,OTHER,False,academic
NCT05708521,Nova Scotia Health Authority,OTHER,False,government
NCT06281418,Future University in Egypt,OTHER,False,academic
NCT03682302,"Pacira Pharmaceuticals, Inc",INDUSTRY,True,industry
NCT07208799,Nishtar Medical University,OTHER,False,academic
NCT07030647,"Usama Ahmed Elsaeed Salem, MD",OTHER,False,other
NCT04781075,Ochsner Health System,OTHER,False,hospital
NCT02886429,Assiut University,OTHER,False,academic
NCT01463865,"Hillerod Hospital, Denmark",OTHER,False,hospital
NCT07409688,Rawalpindi Medical College,OTHER,False,academic
NCT06484439,"United States Naval Medical Center, San Diego",FED,False,government
NCT03534895,Universidade do Porto,OTHER,False,academic
NCT00624845,Omeros Corporation,INDUSTRY,True,industry
NCT02680392,McGill University Health Centre/Research Institute of the McGill University Health Centre,OTHER,False,academic
NCT02241278,Hospital Arquitecto Marcide,OTHER,False,hospital
NCT03343509,"University of Auckland, New Zealand",OTHER,False,academic
NCT03825965,McMaster University,OTHER,False,academic
NCT04761302,University of Puerto Rico,OTHER,False,academic
NCT01923948,Eastern Hepatobiliary Surgery Hospital,OTHER,False,hospital
NCT00785382,IWK Health Centre,OTHER,False,hospital
NCT05445856,University of Aarhus,OTHER,False,academic
NCT00375362,Rabin Medical Center,OTHER,False,hospital
NCT07694661,October 6 University,OTHER,False,academic
NCT01541137,Helsinki University Central Hospital,OTHER,False,academic
NCT04290208,Main Line Health,OTHER,False,hospital
NCT02970097,University of Pennsylvania,OTHER,False,academic
NCT05277974,Sheikh Zayed Medical College,OTHER_GOV,False,government
NCT02951351,Mayo Clinic,OTHER,False,hospital
NCT02619799,Rangaraya Medical College,OTHER,False,academic
NCT03822182,Indiana University,OTHER,False,academic
NCT07380139,Ain Shams University,OTHER,False,academic
NCT05161221,Rothman Institute Orthopaedics,OTHER,False,research_nonprofit
NCT03260972,Johns Hopkins University,OTHER,False,academic
NCT01916590,"University of Colorado, Denver",OTHER,False,academic
NCT01246362,Singapore General Hospital,OTHER,False,hospital
NCT02847013,Milton S. Hershey Medical Center,OTHER,False,hospital
NCT05840406,University Hospital Sestre Milosrdnice,OTHER,False,academic
NCT03726268,Duke University,OTHER,False,academic
NCT00240864,Johnson & Johnson Consumer and Personal Products Worldwide,INDUSTRY,True,industry
NCT04276298,"University of Auckland, New Zealand",OTHER,False,academic
NCT01852955,Northwestern University,OTHER,False,academic
NCT04767542,Bakirkoy Dr. Sadi Konuk Research and Training Hospital,OTHER_GOV,False,government
NCT01688596,Milton S. Hershey Medical Center,OTHER,False,hospital
NCT00266786,Egalet Ltd,INDUSTRY,True,industry
NCT02336529,Kenneth Geving Andersen,OTHER,False,individual
NCT02152514,Université de Sherbrooke,OTHER,False,academic
NCT00779038,Janssen Cilag N.V./S.A.,INDUSTRY,True,industry
NCT07437612,Celalettin Topbaş,OTHER,False,individual
NCT04169854,Beijing Tiantan Hospital,OTHER,False,hospital
NCT01082081,GlaxoSmithKline,INDUSTRY,True,industry
NCT02720406,Assiut University,OTHER,False,academic
NCT00774540,Oslo University Hospital,OTHER,False,academic
NCT07330765,Abdelrahman Gaber Sayed Elkhateeb,OTHER,False,other
NCT01444924,"University of Wisconsin, Madison",OTHER,False,academic
NCT02056288,Baylor College of Medicine,OTHER,False,academic
NCT03044808,Odense University Hospital,OTHER,False,academic
NCT06576830,Duke University,OTHER,False,academic
NCT07088432,Tunis University,OTHER,False,academic
