nct,year,epoch,phase,int_class,n_arms,n_enroll,sponsor_class,overall_status,allocation,randomized,masking,masking_ord,blinded_any,blinded_double_plus,model,power_ok,comparator_kind,has_comparator,n_started,n_completed,attrition,low_attrition,pivotal,treatment,multiarm,has_results,has_result_ref,n_derived,has_derived,ipd,ipd_yes,dmc
NCT04028947,2020.0,2016-2020,NA,proc_device,2,178.0,OTHER,ACTIVE_NOT_RECRUITING,RANDOMIZED,True,DOUBLE,2.0,True,True,PARALLEL,True,active,True,,,,,False,False,False,False,False,0,False,NO,False,False
NCT03473405,2019.0,2016-2020,NA,proc_device,2,40.0,INDUSTRY,UNKNOWN,RANDOMIZED,True,QUADRUPLE,4.0,True,True,PARALLEL,True,placebo/sham,True,,,,,False,False,False,False,False,0,False,NO,False,
NCT05037734,2023.0,2021-2026,NA,proc_device,2,0.0,INDUSTRY,WITHDRAWN,RANDOMIZED,True,SINGLE,1.0,True,False,PARALLEL,False,active,True,,,,,False,True,False,False,False,0,False,NO,False,
NCT04655703,2020.0,2016-2020,NA,proc_device,4,16.0,OTHER,TERMINATED,RANDOMIZED,True,NONE,0.0,False,False,PARALLEL,False,no-intervention,True,16.0,13.0,0.1875,True,False,True,True,True,False,0,False,NO,False,False
NCT03564730,2018.0,2016-2020,NA,proc_device,2,224.0,OTHER,ACTIVE_NOT_RECRUITING,RANDOMIZED,True,NONE,0.0,False,False,PARALLEL,True,active,True,,,,,False,True,False,False,False,0,False,,False,False
NCT06811506,2020.0,2016-2020,NA,proc_device,2,94.0,OTHER,COMPLETED,RANDOMIZED,True,TRIPLE,3.0,True,True,PARALLEL,True,active,True,,,,,False,True,False,False,False,0,False,UNDECIDED,False,False
NCT07236073,2023.0,2021-2026,NA,proc_device,1,60.0,OTHER,COMPLETED,NA,False,NONE,0.0,False,False,SEQUENTIAL,True,active,True,,,,,False,False,False,False,False,0,False,,False,False
NCT06007599,2023.0,2021-2026,NA,proc_device,2,216.0,OTHER,UNKNOWN,NON_RANDOMIZED,False,NONE,0.0,False,False,CROSSOVER,True,active,True,,,,,False,True,False,False,False,0,False,,False,
NCT03183856,2017.0,2016-2020,NA,proc_device,2,9.0,OTHER,COMPLETED,RANDOMIZED,True,TRIPLE,3.0,True,True,PARALLEL,False,active,True,,,,,False,True,False,False,False,0,False,NO,False,True
NCT00753090,2009.0,<=2015,NA,proc_device,2,326.0,INDUSTRY,COMPLETED,RANDOMIZED,True,NONE,0.0,False,False,PARALLEL,True,active,True,326.0,62.0,0.8098159509202454,False,False,True,False,True,False,0,False,NO,False,False
NCT02746874,2016.0,2016-2020,NA,proc_device,2,70.0,OTHER,COMPLETED,RANDOMIZED,True,DOUBLE,2.0,True,True,PARALLEL,True,placebo/sham,True,70.0,67.0,0.042857142857142816,True,False,True,False,True,False,1,True,NO,False,False
NCT00518674,2007.0,<=2015,NA,proc_device,0,32.0,OTHER,UNKNOWN,RANDOMIZED,True,TRIPLE,3.0,True,True,PARALLEL,True,none/single-group,False,,,,,False,True,False,False,False,1,True,,False,False
NCT05697965,2023.0,2021-2026,PHASE2,both,2,174.0,OTHER,UNKNOWN,RANDOMIZED,True,SINGLE,1.0,True,False,FACTORIAL,True,none/single-group,False,,,,,False,False,False,False,False,0,False,,False,False
NCT05488093,2023.0,2021-2026,NA,proc_device,1,20.0,OTHER,RECRUITING,NA,False,NONE,0.0,False,False,SINGLE_GROUP,False,none/single-group,False,,,,,False,False,False,False,False,0,False,,False,False
NCT00736125,2007.0,<=2015,NA,proc_device,2,20.0,INDUSTRY,COMPLETED,RANDOMIZED,True,SINGLE,1.0,True,False,PARALLEL,False,active,True,20.0,17.0,0.15000000000000002,True,False,False,False,True,False,0,False,,False,False
NCT01492660,2012.0,<=2015,PHASE3,proc_device,2,70.0,OTHER,COMPLETED,RANDOMIZED,True,DOUBLE,2.0,True,True,PARALLEL,False,active,True,,,,,True,True,False,False,False,1,True,,False,False
NCT02157220,2005.0,<=2015,NA,proc_device,2,77.0,OTHER,COMPLETED,RANDOMIZED,True,QUADRUPLE,4.0,True,True,PARALLEL,True,none/single-group,False,,,,,False,True,False,False,False,0,False,,False,False
NCT04687462,2021.0,2021-2026,NA,proc_device,2,50.0,OTHER,UNKNOWN,RANDOMIZED,True,SINGLE,1.0,True,False,PARALLEL,True,active,True,,,,,False,True,False,False,False,0,False,YES,True,False
NCT03345771,2017.0,2016-2020,PHASE3,proc_device,2,230.0,OTHER,COMPLETED,RANDOMIZED,True,NONE,0.0,False,False,SINGLE_GROUP,True,active,True,230.0,230.0,0.0,True,True,True,False,True,False,0,False,UNDECIDED,False,False
NCT02965690,2016.0,2016-2020,NA,proc_device,2,26.0,OTHER,UNKNOWN,RANDOMIZED,True,NONE,0.0,False,False,PARALLEL,False,active,True,,,,,False,True,False,False,False,0,False,NO,False,True
NCT06129214,2023.0,2021-2026,NA,proc_device,2,78.0,OTHER,RECRUITING,RANDOMIZED,True,DOUBLE,2.0,True,True,PARALLEL,True,no-intervention,True,,,,,False,True,False,False,True,0,False,NO,False,False
NCT06962046,2024.0,2021-2026,NA,proc_device,2,40.0,OTHER,RECRUITING,RANDOMIZED,True,NONE,0.0,False,False,PARALLEL,True,no-intervention,True,,,,,False,True,False,False,False,0,False,NO,False,False
NCT03290170,2017.0,2016-2020,NA,proc_device,2,56.0,OTHER,UNKNOWN,RANDOMIZED,True,NONE,0.0,False,False,PARALLEL,True,none/single-group,False,,,,,False,True,False,False,False,1,True,,False,False
NCT05508958,2022.0,2021-2026,NA,proc_device,2,68.0,OTHER,UNKNOWN,RANDOMIZED,True,SINGLE,1.0,True,False,PARALLEL,True,active,True,,,,,False,True,False,False,False,0,False,,False,False
NCT07191067,2025.0,2021-2026,NA,proc_device,2,120.0,INDUSTRY,RECRUITING,RANDOMIZED,True,TRIPLE,3.0,True,True,PARALLEL,True,placebo/sham,True,,,,,False,False,False,False,False,0,False,UNDECIDED,False,False
NCT04732962,2021.0,2021-2026,NA,proc_device,3,150.0,OTHER,RECRUITING,NON_RANDOMIZED,False,NONE,0.0,False,False,PARALLEL,True,active,True,,,,,False,True,True,False,False,0,False,NO,False,False
NCT06920186,2026.0,2021-2026,NA,proc_device,2,100.0,OTHER,RECRUITING,RANDOMIZED,True,TRIPLE,3.0,True,True,PARALLEL,True,placebo/sham,True,,,,,False,False,False,False,False,0,False,NO,False,False
NCT02501733,2015.0,<=2015,NA,proc_device,1,260.0,INDUSTRY,COMPLETED,NA,False,NONE,0.0,False,False,SINGLE_GROUP,True,none/single-group,False,,,,,False,True,False,False,False,0,False,,False,False
NCT01256216,2010.0,<=2015,NA,proc_device,2,60.0,INDUSTRY,COMPLETED,NON_RANDOMIZED,False,NONE,0.0,False,False,PARALLEL,True,none/single-group,False,,,,,False,True,False,False,False,0,False,,False,False
NCT03143738,2017.0,2016-2020,NA,proc_device,2,100.0,OTHER,COMPLETED,RANDOMIZED,True,SINGLE,1.0,True,False,PARALLEL,True,none/single-group,False,,,,,False,True,False,False,False,0,False,NO,False,False
NCT03432481,2018.0,2016-2020,NA,proc_device,1,28.0,INDUSTRY,TERMINATED,NA,False,NONE,0.0,False,False,SINGLE_GROUP,False,none/single-group,False,,,,,False,True,False,False,False,0,False,UNDECIDED,False,
NCT02986061,2016.0,2016-2020,NA,proc_device,2,200.0,OTHER,UNKNOWN,RANDOMIZED,True,NONE,0.0,False,False,PARALLEL,True,active,True,,,,,False,True,False,False,False,0,False,NO,False,True
NCT01418378,2011.0,<=2015,PHASE4,proc_device,2,191.0,INDUSTRY,COMPLETED,RANDOMIZED,True,DOUBLE,2.0,True,True,PARALLEL,True,active,True,178.0,172.0,0.0337078651685393,True,True,True,False,True,False,0,False,,False,False
NCT01763814,2011.0,<=2015,NA,proc_device,3,108.0,OTHER,COMPLETED,RANDOMIZED,True,SINGLE,1.0,True,False,PARALLEL,True,active,True,,,,,False,False,True,False,False,0,False,,False,
NCT04107350,2018.0,2016-2020,NA,proc_device,2,52.0,OTHER,COMPLETED,RANDOMIZED,True,SINGLE,1.0,True,False,PARALLEL,True,placebo/sham,True,,,,,False,True,False,False,False,0,False,NO,False,False
NCT07371390,2025.0,2021-2026,NA,proc_device,2,200.0,OTHER,RECRUITING,RANDOMIZED,True,NONE,0.0,False,False,PARALLEL,True,no-intervention,True,,,,,False,False,False,False,False,0,False,UNDECIDED,False,False
NCT06933732,2025.0,2021-2026,NA,proc_device,4,64.0,OTHER,NOT_YET_RECRUITING,RANDOMIZED,True,TRIPLE,3.0,True,True,PARALLEL,True,no-intervention,True,,,,,False,False,True,False,False,0,False,NO,False,False
NCT04934761,2020.0,2016-2020,NA,proc_device,2,20.0,OTHER,COMPLETED,NON_RANDOMIZED,False,DOUBLE,2.0,True,True,PARALLEL,False,none/single-group,False,,,,,False,False,False,False,False,0,False,NO,False,
NCT05785949,2023.0,2021-2026,NA,proc_device,2,75.0,INDUSTRY,TERMINATED,RANDOMIZED,True,SINGLE,1.0,True,False,PARALLEL,True,active,True,,,,,False,True,False,False,False,0,False,NO,False,False
NCT00956137,2009.0,<=2015,NA,proc_device,2,180.0,OTHER,COMPLETED,RANDOMIZED,True,NONE,0.0,False,False,PARALLEL,True,active,True,,,,,False,True,False,False,False,0,False,,False,False
NCT04417686,2021.0,2021-2026,NA,proc_device,1,24.0,OTHER,UNKNOWN,NA,False,NONE,0.0,False,False,SINGLE_GROUP,False,none/single-group,False,,,,,False,True,False,False,False,0,False,,False,True
NCT05093361,2017.0,2016-2020,NA,proc_device,2,120.0,OTHER,COMPLETED,RANDOMIZED,True,SINGLE,1.0,True,False,PARALLEL,True,active,True,,,,,False,True,False,False,False,0,False,,False,True
NCT00853398,2004.0,<=2015,PHASE4,proc_device,2,,INDUSTRY,TERMINATED,,False,,,False,False,,,active,True,,,,,True,False,False,False,False,0,False,,False,
NCT03697538,2018.0,2016-2020,NA,proc_device,2,51.0,OTHER,TERMINATED,RANDOMIZED,True,SINGLE,1.0,True,False,PARALLEL,True,active,True,,,,,False,True,False,False,False,0,False,NO,False,True
NCT01576445,2010.0,<=2015,PHASE2,proc_device,2,30.0,OTHER,COMPLETED,RANDOMIZED,True,TRIPLE,3.0,True,True,PARALLEL,False,none/single-group,False,,,,,False,True,False,False,False,0,False,,False,False
NCT04681547,2020.0,2016-2020,PHASE4,proc_device,2,60.0,OTHER,COMPLETED,RANDOMIZED,True,SINGLE,1.0,True,False,PARALLEL,False,active,True,,,,,True,False,False,False,False,0,False,NO,False,False
NCT07477730,2026.0,2021-2026,NA,proc_device,2,80.0,OTHER,NOT_YET_RECRUITING,RANDOMIZED,True,DOUBLE,2.0,True,True,PARALLEL,True,active,True,,,,,False,False,False,False,False,0,False,,False,False
NCT03935750,2020.0,2016-2020,NA,proc_device,4,1272.0,OTHER,ACTIVE_NOT_RECRUITING,RANDOMIZED,True,SINGLE,1.0,True,False,PARALLEL,True,active,True,,,,,False,True,True,False,False,0,False,YES,True,True
NCT07089212,2025.0,2021-2026,NA,proc_device,2,100.0,OTHER,ACTIVE_NOT_RECRUITING,RANDOMIZED,True,TRIPLE,3.0,True,True,PARALLEL,True,active,True,,,,,False,True,False,False,False,0,False,NO,False,False
NCT03951545,2018.0,2016-2020,NA,proc_device,2,382.0,OTHER,UNKNOWN,RANDOMIZED,True,DOUBLE,2.0,True,True,PARALLEL,True,active,True,,,,,False,False,False,False,False,0,False,,False,
NCT02207296,2015.0,<=2015,PHASE3,proc_device,2,440.0,OTHER,COMPLETED,RANDOMIZED,True,DOUBLE,2.0,True,True,PARALLEL,True,no-intervention,True,,,,,True,True,False,False,False,1,True,,False,
NCT00797875,2008.0,<=2015,NA,proc_device,2,60.0,OTHER,UNKNOWN,RANDOMIZED,True,DOUBLE,2.0,True,True,PARALLEL,True,active,True,,,,,False,True,False,False,False,0,False,,False,False
NCT06520475,2024.0,2021-2026,PHASE3,proc_device,2,94.0,OTHER,COMPLETED,RANDOMIZED,True,DOUBLE,2.0,True,True,PARALLEL,False,placebo/sham,True,,,,,True,True,False,False,False,0,False,,False,
NCT05691751,2021.0,2021-2026,NA,proc_device,2,62.0,OTHER,COMPLETED,RANDOMIZED,True,QUADRUPLE,4.0,True,True,PARALLEL,True,none/single-group,False,,,,,False,True,False,False,False,0,False,NO,False,
NCT03995160,2022.0,2021-2026,NA,proc_device,2,100.0,OTHER,UNKNOWN,RANDOMIZED,True,SINGLE,1.0,True,False,PARALLEL,True,active,True,,,,,False,True,False,False,False,0,False,NO,False,False
NCT00839020,2007.0,<=2015,PHASE4,proc_device,2,26.0,INDUSTRY,TERMINATED,RANDOMIZED,True,NONE,0.0,False,False,PARALLEL,False,active,True,,,,,True,True,False,False,False,0,False,,False,False
NCT04258241,2020.0,2016-2020,NA,both,2,80.0,OTHER,UNKNOWN,RANDOMIZED,True,TRIPLE,3.0,True,True,PARALLEL,True,placebo/sham,True,,,,,False,True,False,False,False,0,False,,False,True
NCT02166138,2013.0,<=2015,NA,proc_device,2,108.0,OTHER,UNKNOWN,RANDOMIZED,True,DOUBLE,2.0,True,True,PARALLEL,True,placebo/sham,True,,,,,False,False,False,False,False,0,False,,False,
NCT04597684,2020.0,2016-2020,NA,proc_device,2,17.0,OTHER,TERMINATED,RANDOMIZED,True,NONE,0.0,False,False,PARALLEL,False,active,True,,,,,False,False,False,False,False,0,False,NO,False,True
NCT01079559,,,PHASE3,proc_device,2,0.0,OTHER,WITHDRAWN,RANDOMIZED,True,QUADRUPLE,4.0,True,True,PARALLEL,False,active,True,,,,,True,False,False,False,False,0,False,,False,True
NCT04206202,2017.0,2016-2020,NA,proc_device,1,10.0,OTHER,UNKNOWN,NA,False,NONE,0.0,False,False,SINGLE_GROUP,False,none/single-group,False,,,,,False,False,False,False,False,0,False,,False,
NCT01991288,2012.0,<=2015,PHASE4,proc_device,2,20.0,OTHER,COMPLETED,RANDOMIZED,True,DOUBLE,2.0,True,True,PARALLEL,False,active,True,,,,,True,True,False,False,False,0,False,,False,True
NCT02695329,2016.0,2016-2020,NA,proc_device,2,100.0,INDUSTRY,COMPLETED,RANDOMIZED,True,SINGLE,1.0,True,False,PARALLEL,True,active,True,100.0,90.0,0.09999999999999998,True,False,False,False,True,False,0,False,NO,False,False
NCT03969654,2020.0,2016-2020,NA,proc_device,2,181.0,INDUSTRY,COMPLETED,NON_RANDOMIZED,False,NONE,0.0,False,False,PARALLEL,True,active,True,181.0,181.0,0.0,True,False,True,False,True,False,0,False,NO,False,False
NCT06036212,2023.0,2021-2026,NA,proc_device,2,0.0,INDUSTRY,WITHDRAWN,RANDOMIZED,True,SINGLE,1.0,True,False,PARALLEL,False,placebo/sham,True,,,,,False,True,False,False,False,0,False,NO,False,False
NCT05986617,2023.0,2021-2026,NA,proc_device,2,60.0,OTHER,TERMINATED,RANDOMIZED,True,DOUBLE,2.0,True,True,PARALLEL,True,no-intervention,True,60.0,6.0,0.9,False,False,False,False,True,False,0,False,,False,False
NCT04902638,2020.0,2016-2020,NA,proc_device,6,100.0,OTHER,UNKNOWN,RANDOMIZED,True,TRIPLE,3.0,True,True,PARALLEL,True,placebo/sham,True,,,,,False,False,True,False,False,0,False,NO,False,False
NCT02413996,2014.0,<=2015,NA,proc_device,2,85.0,OTHER,COMPLETED,RANDOMIZED,True,DOUBLE,2.0,True,True,PARALLEL,True,active,True,85.0,74.0,0.12941176470588234,True,False,True,False,True,False,1,True,,False,True
NCT07324954,2026.0,2021-2026,PHASE1,both,2,20.0,OTHER,RECRUITING,NON_RANDOMIZED,False,NONE,0.0,False,False,PARALLEL,False,active,True,,,,,False,False,False,False,False,0,False,NO,False,False
NCT03519269,2019.0,2016-2020,NA,proc_device,2,86.0,OTHER,RECRUITING,RANDOMIZED,True,SINGLE,1.0,True,False,PARALLEL,True,no-intervention,True,,,,,False,True,False,False,False,0,False,NO,False,False
NCT05469776,2011.0,<=2015,NA,proc_device,2,77.0,OTHER,ACTIVE_NOT_RECRUITING,RANDOMIZED,True,SINGLE,1.0,True,False,PARALLEL,True,active,True,,,,,False,True,False,False,False,0,False,NO,False,False
NCT02868021,2016.0,2016-2020,NA,proc_device,2,12.0,OTHER,COMPLETED,RANDOMIZED,True,SINGLE,1.0,True,False,PARALLEL,False,placebo/sham,True,,,,,False,False,False,False,False,0,False,NO,False,True
NCT02460172,2015.0,<=2015,NA,proc_device,2,25.0,INDUSTRY,COMPLETED,RANDOMIZED,True,SINGLE,1.0,True,False,PARALLEL,False,active,True,25.0,25.0,0.0,True,False,True,False,True,False,0,False,NO,False,False
NCT01965886,2013.0,<=2015,NA,proc_device,2,126.0,OTHER,UNKNOWN,RANDOMIZED,True,TRIPLE,3.0,True,True,PARALLEL,True,active,True,,,,,False,True,False,False,False,0,False,,False,False
NCT03600922,2011.0,<=2015,NA,proc_device,1,66.0,OTHER,COMPLETED,NA,False,NONE,0.0,False,False,SINGLE_GROUP,True,none/single-group,False,,,,,False,True,False,False,False,1,True,,False,
NCT02482493,2017.0,2016-2020,NA,proc_device,2,88.0,OTHER,ACTIVE_NOT_RECRUITING,RANDOMIZED,True,SINGLE,1.0,True,False,PARALLEL,True,active,True,,,,,False,True,False,False,False,0,False,,False,False
NCT02892838,2003.0,<=2015,PHASE4,proc_device,2,106.0,OTHER,COMPLETED,RANDOMIZED,True,SINGLE,1.0,True,False,PARALLEL,True,active,True,,,,,True,True,False,False,False,1,True,NO,False,True
NCT06590818,2024.0,2021-2026,NA,proc_device,1,50.0,INDUSTRY,RECRUITING,NA,False,NONE,0.0,False,False,SINGLE_GROUP,True,none/single-group,False,,,,,False,True,False,False,False,0,False,UNDECIDED,False,True
NCT07360392,2026.0,2021-2026,NA,proc_device,2,88.0,OTHER,RECRUITING,RANDOMIZED,True,DOUBLE,2.0,True,True,PARALLEL,True,active,True,,,,,False,True,False,False,False,0,False,NO,False,False
NCT02362867,2003.0,<=2015,NA,proc_device,1,500.0,INDUSTRY,COMPLETED,NA,False,NONE,0.0,False,False,SINGLE_GROUP,True,no-intervention,True,,,,,False,True,False,False,False,0,False,,False,False
NCT03522025,2019.0,2016-2020,NA,proc_device,2,70.0,INDUSTRY,ACTIVE_NOT_RECRUITING,RANDOMIZED,True,NONE,0.0,False,False,PARALLEL,True,active,True,,,,,False,False,False,False,False,0,False,UNDECIDED,False,False
NCT00132587,2004.0,<=2015,NA,proc_device,0,130.0,OTHER,COMPLETED,RANDOMIZED,True,SINGLE,1.0,True,False,PARALLEL,True,none/single-group,False,,,,,False,True,False,False,True,0,False,,False,
NCT04992052,2021.0,2021-2026,NA,proc_device,2,52.0,OTHER,TERMINATED,RANDOMIZED,True,DOUBLE,2.0,True,True,PARALLEL,True,active,True,52.0,52.0,0.0,True,False,True,False,True,True,0,False,NO,False,False
NCT06746168,2025.0,2021-2026,NA,proc_device,2,210.0,OTHER,RECRUITING,RANDOMIZED,True,DOUBLE,2.0,True,True,SEQUENTIAL,True,active,True,,,,,False,True,False,False,False,0,False,,False,False
NCT00175136,2005.0,<=2015,NA,proc_device,2,54.0,OTHER,COMPLETED,RANDOMIZED,True,SINGLE,1.0,True,False,PARALLEL,True,active,True,,,,,False,True,False,False,False,0,False,,False,False
NCT04044716,2019.0,2016-2020,NA,proc_device,3,65.0,OTHER,COMPLETED,RANDOMIZED,True,SINGLE,1.0,True,False,PARALLEL,True,active,True,65.0,59.0,0.09230769230769231,True,False,True,True,True,False,0,False,,False,False
NCT07124494,2025.0,2021-2026,NA,proc_device,3,30.0,OTHER,RECRUITING,RANDOMIZED,True,DOUBLE,2.0,True,True,PARALLEL,True,placebo/sham,True,,,,,False,True,True,False,False,0,False,,False,False
NCT02577978,2014.0,<=2015,NA,proc_device,2,61.0,OTHER,COMPLETED,RANDOMIZED,True,SINGLE,1.0,True,False,SINGLE_GROUP,True,none/single-group,False,61.0,50.0,0.180327868852459,True,False,True,False,True,False,0,False,,False,False
NCT06767787,2025.0,2021-2026,NA,proc_device,2,142.0,OTHER,NOT_YET_RECRUITING,RANDOMIZED,True,NONE,0.0,False,False,CROSSOVER,True,active,True,,,,,False,True,False,False,False,0,False,NO,False,False
NCT04061993,2018.0,2016-2020,NA,proc_device,4,200.0,OTHER,COMPLETED,RANDOMIZED,True,TRIPLE,3.0,True,True,PARALLEL,True,active,True,,,,,False,False,True,False,False,1,True,YES,True,False
NCT06052982,2022.0,2021-2026,NA,proc_device,2,510.0,OTHER,COMPLETED,RANDOMIZED,True,NONE,0.0,False,False,PARALLEL,True,none/single-group,False,,,,,False,False,False,False,False,0,False,NO,False,False
NCT00175201,2005.0,<=2015,NA,proc_device,0,247.0,OTHER,COMPLETED,RANDOMIZED,True,NONE,0.0,False,False,PARALLEL,True,none/single-group,False,,,,,False,True,False,False,False,0,False,,False,
NCT00800254,2008.0,<=2015,PHASE2,proc_device,2,66.0,OTHER,COMPLETED,RANDOMIZED,True,NONE,0.0,False,False,PARALLEL,True,active,True,66.0,55.0,0.16666666666666663,True,False,True,False,True,False,2,True,,False,False
NCT01081886,2010.0,<=2015,NA,proc_device,2,24.0,INDUSTRY,TERMINATED,RANDOMIZED,True,SINGLE,1.0,True,False,PARALLEL,False,active,True,24.0,0.0,1.0,False,False,True,False,True,False,0,False,,False,False
NCT03444779,2018.0,2016-2020,NA,proc_device,2,137.0,OTHER,COMPLETED,RANDOMIZED,True,SINGLE,1.0,True,False,PARALLEL,True,active,True,,,,,False,True,False,False,False,1,True,NO,False,False
NCT05972603,2022.0,2021-2026,NA,proc_device,2,1000.0,OTHER,UNKNOWN,RANDOMIZED,True,SINGLE,1.0,True,False,PARALLEL,True,none/single-group,False,,,,,False,True,False,False,False,1,True,,False,
NCT02719236,2015.0,<=2015,NA,proc_device,2,112.0,OTHER,COMPLETED,RANDOMIZED,True,TRIPLE,3.0,True,True,PARALLEL,True,active,True,,,,,False,True,False,False,False,0,False,YES,True,False
NCT04100707,2019.0,2016-2020,NA,proc_device,2,50.0,OTHER,UNKNOWN,RANDOMIZED,True,SINGLE,1.0,True,False,PARALLEL,True,placebo/sham,True,,,,,False,True,False,False,False,0,False,,False,False
NCT02563756,2015.0,<=2015,NA,proc_device,2,80.0,OTHER,UNKNOWN,RANDOMIZED,True,NONE,0.0,False,False,PARALLEL,True,none/single-group,False,,,,,False,True,False,False,False,0,False,,False,False
NCT03674697,2018.0,2016-2020,NA,proc_device,2,70.0,OTHER,ACTIVE_NOT_RECRUITING,RANDOMIZED,True,SINGLE,1.0,True,False,PARALLEL,True,placebo/sham,True,,,,,False,False,False,False,True,0,False,NO,False,False
NCT05331261,2022.0,2021-2026,NA,proc_device,1,55.0,OTHER,COMPLETED,NA,False,NONE,0.0,False,False,SINGLE_GROUP,True,none/single-group,False,,,,,False,False,False,False,False,0,False,,False,False
NCT07257211,2026.0,2021-2026,NA,proc_device,2,102.0,OTHER,NOT_YET_RECRUITING,RANDOMIZED,True,NONE,0.0,False,False,PARALLEL,True,active,True,,,,,False,True,False,False,False,0,False,UNDECIDED,False,False
NCT04822259,2022.0,2021-2026,NA,proc_device,2,0.0,INDUSTRY,WITHDRAWN,NON_RANDOMIZED,False,NONE,0.0,False,False,PARALLEL,False,none/single-group,False,,,,,False,True,False,False,False,0,False,NO,False,False
NCT07361198,2026.0,2021-2026,NA,proc_device,1,20.0,OTHER,RECRUITING,NA,False,NONE,0.0,False,False,SINGLE_GROUP,False,none/single-group,False,,,,,False,True,False,False,False,0,False,YES,True,False
NCT03882320,2019.0,2016-2020,NA,proc_device,2,60.0,OTHER,COMPLETED,RANDOMIZED,True,NONE,0.0,False,False,PARALLEL,True,active,True,,,,,False,True,False,False,False,0,False,NO,False,False
NCT07030049,2025.0,2021-2026,NA,proc_device,2,210.0,OTHER,NOT_YET_RECRUITING,RANDOMIZED,True,SINGLE,1.0,True,False,PARALLEL,True,active,True,,,,,False,False,False,False,False,0,False,NO,False,False
NCT00492219,2006.0,<=2015,NA,proc_device,4,324.0,OTHER,TERMINATED,RANDOMIZED,True,NONE,0.0,False,False,PARALLEL,True,active,True,,,,,False,True,True,False,False,0,False,,False,False
NCT07009912,2025.0,2021-2026,NA,proc_device,1,40.0,INDUSTRY,COMPLETED,NA,False,NONE,0.0,False,False,SINGLE_GROUP,True,none/single-group,False,,,,,False,False,False,False,False,0,False,NO,False,False
NCT02082067,2014.0,<=2015,PHASE4,both,3,0.0,OTHER,WITHDRAWN,RANDOMIZED,True,SINGLE,1.0,True,False,PARALLEL,False,placebo/sham,True,,,,,True,True,True,False,False,0,False,,False,False
NCT05618015,2019.0,2016-2020,NA,proc_device,2,32.0,OTHER,COMPLETED,RANDOMIZED,True,SINGLE,1.0,True,False,PARALLEL,True,active,True,,,,,False,True,False,False,True,0,False,NO,False,True
NCT06943053,2025.0,2021-2026,NA,proc_device,2,96.0,OTHER,RECRUITING,RANDOMIZED,True,NONE,0.0,False,False,PARALLEL,True,active,True,,,,,False,True,False,False,False,0,False,NO,False,True
NCT01258270,2010.0,<=2015,NA,proc_device,2,300.0,OTHER,COMPLETED,RANDOMIZED,True,NONE,0.0,False,False,PARALLEL,True,active,True,,,,,False,True,False,False,False,0,False,,False,True
NCT04497129,2020.0,2016-2020,NA,proc_device,2,300.0,INDUSTRY,COMPLETED,RANDOMIZED,True,DOUBLE,2.0,True,True,PARALLEL,True,active,True,,,,,False,True,False,False,False,0,False,NO,False,False
NCT03286868,2018.0,2016-2020,NA,proc_device,2,60.0,OTHER,RECRUITING,RANDOMIZED,True,DOUBLE,2.0,True,True,PARALLEL,True,placebo/sham,True,,,,,False,True,False,False,False,0,False,,False,False
NCT04358575,2014.0,<=2015,NA,proc_device,2,60.0,OTHER,COMPLETED,RANDOMIZED,True,SINGLE,1.0,True,False,PARALLEL,True,active,True,,,,,False,True,False,False,False,0,False,,False,True
NCT00829556,2008.0,<=2015,NA,proc_device,2,160.0,OTHER,COMPLETED,RANDOMIZED,True,DOUBLE,2.0,True,True,PARALLEL,True,no-intervention,True,,,,,False,False,False,False,False,0,False,,False,False
NCT04769544,2022.0,2021-2026,NA,proc_device,2,100.0,OTHER,UNKNOWN,RANDOMIZED,True,DOUBLE,2.0,True,True,PARALLEL,True,active,True,,,,,False,True,False,False,False,0,False,YES,True,False
NCT07439575,2025.0,2021-2026,NA,proc_device,2,90.0,OTHER_GOV,RECRUITING,RANDOMIZED,True,NONE,0.0,False,False,PARALLEL,True,active,True,,,,,False,True,False,False,False,0,False,NO,False,False
NCT00966979,2010.0,<=2015,NA,proc_device,1,111.0,INDUSTRY,TERMINATED,NA,False,NONE,0.0,False,False,SINGLE_GROUP,True,none/single-group,False,111.0,13.0,0.8828828828828829,False,False,True,False,True,False,0,False,,False,False
NCT03047252,2016.0,2016-2020,NA,proc_device,2,69.0,INDUSTRY,COMPLETED,NON_RANDOMIZED,False,SINGLE,1.0,True,False,PARALLEL,True,active,True,,,,,False,True,False,False,False,1,True,YES,True,False
NCT07524387,2026.0,2021-2026,NA,proc_device,2,136.0,OTHER,RECRUITING,RANDOMIZED,True,DOUBLE,2.0,True,True,PARALLEL,True,active,True,,,,,False,True,False,False,False,0,False,NO,False,False
NCT06088602,2024.0,2021-2026,NA,proc_device,2,44.0,OTHER,RECRUITING,RANDOMIZED,True,QUADRUPLE,4.0,True,True,PARALLEL,True,placebo/sham,True,,,,,False,True,False,False,False,0,False,YES,True,False
NCT02302378,2015.0,<=2015,NA,proc_device,2,30.0,OTHER,COMPLETED,RANDOMIZED,True,SINGLE,1.0,True,False,PARALLEL,True,active,True,,,,,False,False,False,False,False,0,False,,False,False
NCT04240847,2018.0,2016-2020,NA,proc_device,2,30.0,OTHER,UNKNOWN,RANDOMIZED,True,NONE,0.0,False,False,PARALLEL,True,active,True,,,,,False,True,False,False,False,0,False,NO,False,True
NCT03867305,2019.0,2016-2020,NA,proc_device,2,44.0,OTHER,COMPLETED,RANDOMIZED,True,NONE,0.0,False,False,PARALLEL,True,no-intervention,True,,,,,False,False,False,False,False,0,False,,False,
NCT01088074,2009.0,<=2015,NA,proc_device,4,75.0,OTHER,COMPLETED,RANDOMIZED,True,NONE,0.0,False,False,SINGLE_GROUP,True,active,True,,,,,False,True,True,False,False,0,False,,False,True
NCT05616884,2022.0,2021-2026,NA,proc_device,2,100.0,OTHER,ENROLLING_BY_INVITATION,RANDOMIZED,True,NONE,0.0,False,False,PARALLEL,True,active,True,,,,,False,True,False,False,False,0,False,,False,True
NCT03021421,2015.0,<=2015,EARLY_PHASE1,proc_device,2,60.0,OTHER,COMPLETED,RANDOMIZED,True,SINGLE,1.0,True,False,PARALLEL,True,placebo/sham,True,,,,,False,True,False,False,False,1,True,YES,True,True
NCT04979026,2019.0,2016-2020,NA,proc_device,3,90.0,OTHER,COMPLETED,RANDOMIZED,True,NONE,0.0,False,False,PARALLEL,True,active,True,,,,,False,False,True,False,False,0,False,NO,False,False
NCT06182059,2024.0,2021-2026,NA,proc_device,2,436.0,OTHER,RECRUITING,RANDOMIZED,True,NONE,0.0,False,False,PARALLEL,True,active,True,,,,,False,False,False,False,False,0,False,,False,False
NCT07091773,2025.0,2021-2026,NA,proc_device,2,68.0,INDUSTRY,NOT_YET_RECRUITING,RANDOMIZED,True,SINGLE,1.0,True,False,PARALLEL,True,no-intervention,True,,,,,False,True,False,False,False,0,False,NO,False,True
NCT06800846,2024.0,2021-2026,PHASE4,proc_device,2,90.0,OTHER,ENROLLING_BY_INVITATION,RANDOMIZED,True,DOUBLE,2.0,True,True,PARALLEL,False,active,True,,,,,True,True,False,False,True,0,False,NO,False,True
NCT05685693,2022.0,2021-2026,NA,proc_device,2,150.0,OTHER,ACTIVE_NOT_RECRUITING,RANDOMIZED,True,NONE,0.0,False,False,PARALLEL,True,active,True,,,,,False,True,False,False,False,1,True,NO,False,True
NCT01979718,2013.0,<=2015,NA,proc_device,2,60.0,OTHER,COMPLETED,RANDOMIZED,True,SINGLE,1.0,True,False,PARALLEL,True,active,True,,,,,False,True,False,False,False,0,False,UNDECIDED,False,True
NCT04344990,2015.0,<=2015,NA,proc_device,3,72.0,OTHER,COMPLETED,RANDOMIZED,True,SINGLE,1.0,True,False,PARALLEL,True,active,True,,,,,False,True,True,False,False,0,False,NO,False,
NCT06062615,2022.0,2021-2026,NA,proc_device,2,60.0,OTHER,COMPLETED,RANDOMIZED,True,NONE,0.0,False,False,PARALLEL,True,active,True,,,,,False,True,False,False,False,1,True,,False,False
NCT04670042,2021.0,2021-2026,NA,proc_device,1,0.0,OTHER,WITHDRAWN,NA,False,NONE,0.0,False,False,SINGLE_GROUP,False,none/single-group,False,,,,,False,True,False,False,False,0,False,NO,False,False
NCT00269529,2005.0,<=2015,NA,proc_device,0,80.0,OTHER,COMPLETED,RANDOMIZED,True,NONE,0.0,False,False,PARALLEL,True,none/single-group,False,,,,,False,True,False,False,False,0,False,,False,
NCT07491575,2026.0,2021-2026,NA,proc_device,1,100.0,OTHER,RECRUITING,NA,False,NONE,0.0,False,False,SINGLE_GROUP,True,none/single-group,False,,,,,False,False,False,False,False,0,False,NO,False,False
NCT03896451,2019.0,2016-2020,NA,proc_device,2,0.0,OTHER,WITHDRAWN,RANDOMIZED,True,NONE,0.0,False,False,PARALLEL,False,none/single-group,False,,,,,False,False,False,False,False,0,False,NO,False,
NCT01411891,2011.0,<=2015,PHASE4,proc_device,2,100.0,OTHER,COMPLETED,RANDOMIZED,True,NONE,0.0,False,False,PARALLEL,True,no-intervention,True,100.0,95.0,0.050000000000000044,True,True,False,False,True,True,1,True,,False,False
NCT03731208,2018.0,2016-2020,NA,proc_device,1,12.0,OTHER,COMPLETED,NA,False,NONE,0.0,False,False,SINGLE_GROUP,False,none/single-group,False,,,,,False,True,False,False,False,0,False,NO,False,
NCT01805661,2013.0,<=2015,NA,proc_device,2,56.0,OTHER,COMPLETED,RANDOMIZED,True,SINGLE,1.0,True,False,PARALLEL,True,active,True,,,,,False,True,False,False,False,0,False,,False,False
NCT06181097,2023.0,2021-2026,NA,proc_device,2,82.0,OTHER,RECRUITING,RANDOMIZED,True,SINGLE,1.0,True,False,PARALLEL,True,active,True,,,,,False,True,False,False,False,0,False,YES,True,True
NCT05173519,2022.0,2021-2026,NA,proc_device,2,310.0,NETWORK,SUSPENDED,RANDOMIZED,True,SINGLE,1.0,True,False,PARALLEL,True,active,True,,,,,False,True,False,False,False,0,False,,False,
NCT02339831,2007.0,<=2015,NA,proc_device,2,110.0,OTHER,COMPLETED,RANDOMIZED,True,NONE,0.0,False,False,PARALLEL,True,active,True,110.0,83.0,0.24545454545454548,False,False,True,False,True,False,0,False,NO,False,False
NCT02058069,2014.0,<=2015,NA,proc_device,1,100.0,INDUSTRY,COMPLETED,NA,False,NONE,0.0,False,False,SINGLE_GROUP,True,none/single-group,False,100.0,89.0,0.10999999999999999,True,False,True,False,True,False,0,False,,False,False
NCT06968143,2025.0,2021-2026,NA,proc_device,2,150.0,OTHER,RECRUITING,NON_RANDOMIZED,False,NONE,0.0,False,False,PARALLEL,True,no-intervention,True,,,,,False,True,False,False,False,0,False,NO,False,False
NCT03364088,2016.0,2016-2020,NA,both,4,402.0,OTHER,COMPLETED,RANDOMIZED,True,NONE,0.0,False,False,PARALLEL,True,active,True,,,,,False,True,True,False,False,1,True,,False,
NCT06726993,2025.0,2021-2026,NA,proc_device,2,80.0,OTHER,NOT_YET_RECRUITING,RANDOMIZED,True,NONE,0.0,False,False,PARALLEL,True,none/single-group,False,,,,,False,True,False,False,True,0,False,UNDECIDED,False,
NCT05363241,2022.0,2021-2026,NA,proc_device,3,10.0,OTHER,COMPLETED,RANDOMIZED,True,TRIPLE,3.0,True,True,PARALLEL,False,no-intervention,True,,,,,False,True,True,False,False,0,False,NO,False,True
NCT06112548,2024.0,2021-2026,NA,both,2,80.0,OTHER,COMPLETED,RANDOMIZED,True,TRIPLE,3.0,True,True,PARALLEL,True,none/single-group,False,,,,,False,True,False,False,False,0,False,NO,False,True
NCT04525950,2020.0,2016-2020,NA,proc_device,2,214.0,OTHER,ACTIVE_NOT_RECRUITING,RANDOMIZED,True,TRIPLE,3.0,True,True,PARALLEL,True,active,True,,,,,False,True,False,False,False,0,False,NO,False,False
NCT07046377,2025.0,2021-2026,NA,proc_device,2,30.0,OTHER,ACTIVE_NOT_RECRUITING,RANDOMIZED,True,SINGLE,1.0,True,False,PARALLEL,True,active,True,,,,,False,False,False,False,False,0,False,YES,True,True
NCT03541798,2019.0,2016-2020,NA,proc_device,3,360.0,OTHER,COMPLETED,RANDOMIZED,True,NONE,0.0,False,False,PARALLEL,True,active,True,,,,,False,False,True,False,True,1,True,NO,False,True
NCT01751334,2005.0,<=2015,PHASE4,proc_device,2,80.0,OTHER,COMPLETED,RANDOMIZED,True,NONE,0.0,False,False,PARALLEL,False,active,True,,,,,True,True,False,False,False,0,False,,False,False
NCT04419142,2017.0,2016-2020,NA,proc_device,2,72.0,OTHER,COMPLETED,RANDOMIZED,True,DOUBLE,2.0,True,True,PARALLEL,True,none/single-group,False,,,,,False,True,False,False,False,0,False,,False,
NCT02074917,2012.0,<=2015,NA,proc_device,2,40.0,OTHER,UNKNOWN,RANDOMIZED,True,DOUBLE,2.0,True,True,PARALLEL,True,none/single-group,False,,,,,False,True,False,False,False,0,False,,False,False
NCT05544409,2019.0,2016-2020,NA,proc_device,1,6.0,INDUSTRY,COMPLETED,NA,False,NONE,0.0,False,False,SINGLE_GROUP,False,none/single-group,False,,,,,False,True,False,False,False,0,False,NO,False,False
NCT07630337,2026.0,2021-2026,NA,proc_device,2,74.0,OTHER,RECRUITING,RANDOMIZED,True,NONE,0.0,False,False,PARALLEL,True,active,True,,,,,False,True,False,False,False,0,False,UNDECIDED,False,True
NCT00733694,2000.0,<=2015,PHASE4,proc_device,1,607.0,INDUSTRY,COMPLETED,NA,False,NONE,0.0,False,False,SINGLE_GROUP,True,none/single-group,False,,,,,True,True,False,False,False,0,False,,False,False
NCT02578446,2015.0,<=2015,NA,proc_device,2,72.0,OTHER,ACTIVE_NOT_RECRUITING,RANDOMIZED,True,SINGLE,1.0,True,False,PARALLEL,True,active,True,,,,,False,True,False,False,False,0,False,,False,False
NCT00616850,2007.0,<=2015,NA,both,3,0.0,OTHER,WITHDRAWN,RANDOMIZED,True,TRIPLE,3.0,True,True,FACTORIAL,False,placebo/sham,True,,,,,False,True,True,False,False,0,False,,False,False
NCT05751954,2019.0,2016-2020,NA,proc_device,1,100.0,OTHER,UNKNOWN,NA,False,NONE,0.0,False,False,SINGLE_GROUP,True,none/single-group,False,,,,,False,False,False,False,False,0,False,UNDECIDED,False,True
NCT03365271,2018.0,2016-2020,NA,proc_device,2,100.0,OTHER,UNKNOWN,RANDOMIZED,True,NONE,0.0,False,False,PARALLEL,True,active,True,,,,,False,True,False,False,False,0,False,,False,
NCT07310303,2025.0,2021-2026,NA,proc_device,2,48.0,OTHER,COMPLETED,RANDOMIZED,True,NONE,0.0,False,False,PARALLEL,True,active,True,,,,,False,False,False,False,False,0,False,NO,False,False
NCT05714267,2021.0,2021-2026,NA,proc_device,4,100.0,OTHER,COMPLETED,RANDOMIZED,True,QUADRUPLE,4.0,True,True,CROSSOVER,True,no-intervention,True,,,,,False,False,True,False,False,0,False,NO,False,True
NCT04086186,2017.0,2016-2020,PHASE4,proc_device,2,60.0,OTHER,COMPLETED,RANDOMIZED,True,NONE,0.0,False,False,PARALLEL,False,active,True,,,,,True,True,False,False,False,0,False,YES,True,True
NCT04520841,2020.0,2016-2020,NA,proc_device,4,200.0,OTHER,UNKNOWN,RANDOMIZED,True,NONE,0.0,False,False,PARALLEL,True,active,True,,,,,False,True,True,False,False,0,False,UNDECIDED,False,True
NCT01373099,2011.0,<=2015,NA,proc_device,2,80.0,OTHER,COMPLETED,RANDOMIZED,True,NONE,0.0,False,False,PARALLEL,True,none/single-group,False,,,,,False,True,False,False,False,1,True,,False,True
NCT05312060,2022.0,2021-2026,NA,proc_device,2,48.0,OTHER,UNKNOWN,RANDOMIZED,True,NONE,0.0,False,False,PARALLEL,True,active,True,,,,,False,True,False,False,False,0,False,NO,False,True
NCT06323577,2024.0,2021-2026,NA,proc_device,2,50.0,OTHER,UNKNOWN,RANDOMIZED,True,TRIPLE,3.0,True,True,PARALLEL,True,active,True,,,,,False,True,False,False,False,0,False,NO,False,True
NCT04308798,2020.0,2016-2020,PHASE3,proc_device,3,41.0,OTHER,UNKNOWN,RANDOMIZED,True,DOUBLE,2.0,True,True,PARALLEL,False,none/single-group,False,,,,,True,False,True,False,False,0,False,,False,False
NCT05601427,2023.0,2021-2026,NA,proc_device,2,200.0,OTHER,COMPLETED,RANDOMIZED,True,NONE,0.0,False,False,PARALLEL,True,active,True,,,,,False,False,False,False,False,0,False,NO,False,False
NCT02145455,2015.0,<=2015,NA,proc_device,2,111.0,INDUSTRY,COMPLETED,RANDOMIZED,True,NONE,0.0,False,False,PARALLEL,True,active,True,,,,,False,True,False,False,False,0,False,,False,True
NCT00289133,2005.0,<=2015,NA,proc_device,2,938.0,INDUSTRY,COMPLETED,RANDOMIZED,True,NONE,0.0,False,False,PARALLEL,True,active,True,938.0,368.0,0.6076759061833689,False,False,True,False,True,False,0,False,,False,False
NCT01500252,1996.0,<=2015,PHASE4,proc_device,2,38.0,OTHER,COMPLETED,RANDOMIZED,True,DOUBLE,2.0,True,True,PARALLEL,False,active,True,38.0,23.0,0.39473684210526316,False,True,True,False,True,False,1,True,,False,False
NCT05428020,2020.0,2016-2020,NA,proc_device,2,388.0,OTHER,COMPLETED,RANDOMIZED,True,SINGLE,1.0,True,False,PARALLEL,True,placebo/sham,True,388.0,388.0,0.0,True,False,False,False,True,False,0,False,NO,False,False
NCT03681977,2019.0,2016-2020,NA,proc_device,3,162.0,OTHER,ENROLLING_BY_INVITATION,RANDOMIZED,True,DOUBLE,2.0,True,True,PARALLEL,True,active,True,,,,,False,True,True,False,False,0,False,NO,False,False
NCT01797731,2010.0,<=2015,NA,proc_device,2,100.0,OTHER,COMPLETED,RANDOMIZED,True,TRIPLE,3.0,True,True,PARALLEL,True,active,True,100.0,94.0,0.06000000000000005,True,False,True,False,True,True,0,False,,False,True
NCT01470391,2011.0,<=2015,NA,proc_device,2,54.0,OTHER,COMPLETED,RANDOMIZED,True,QUADRUPLE,4.0,True,True,PARALLEL,True,active,True,,,,,False,True,False,False,False,1,True,,False,False
NCT04280939,2020.0,2016-2020,NA,proc_device,3,0.0,OTHER,WITHDRAWN,RANDOMIZED,True,TRIPLE,3.0,True,True,PARALLEL,False,active,True,,,,,False,False,True,False,False,0,False,NO,False,False
NCT02572310,2016.0,2016-2020,NA,proc_device,1,25.0,OTHER,COMPLETED,NA,False,NONE,0.0,False,False,SINGLE_GROUP,False,none/single-group,False,,,,,False,True,False,False,False,0,False,NO,False,False
NCT06426251,2024.0,2021-2026,NA,proc_device,2,15.0,OTHER,RECRUITING,RANDOMIZED,True,SINGLE,1.0,True,False,PARALLEL,False,placebo/sham,True,,,,,False,True,False,False,False,1,True,NO,False,False
NCT03623230,2018.0,2016-2020,PHASE4,both,3,63.0,OTHER,COMPLETED,RANDOMIZED,True,TRIPLE,3.0,True,True,PARALLEL,False,placebo/sham,True,,,,,True,True,True,False,False,0,False,NO,False,
NCT07544264,2026.0,2021-2026,NA,proc_device,1,78.0,OTHER,RECRUITING,NA,False,NONE,0.0,False,False,SINGLE_GROUP,True,none/single-group,False,,,,,False,True,False,False,False,0,False,,False,False
NCT03408197,2018.0,2016-2020,NA,proc_device,2,150.0,OTHER,COMPLETED,RANDOMIZED,True,SINGLE,1.0,True,False,PARALLEL,True,active,True,,,,,False,False,False,False,False,2,True,NO,False,
NCT04469166,2014.0,<=2015,NA,proc_device,2,101.0,OTHER,COMPLETED,RANDOMIZED,True,TRIPLE,3.0,True,True,PARALLEL,True,active,True,,,,,False,True,False,False,False,0,False,UNDECIDED,False,True
NCT01337115,2011.0,<=2015,NA,proc_device,2,50.0,OTHER,COMPLETED,RANDOMIZED,True,DOUBLE,2.0,True,True,PARALLEL,True,active,True,50.0,48.0,0.040000000000000036,True,False,True,False,True,False,0,False,,False,False
NCT04790591,2019.0,2016-2020,NA,proc_device,2,33.0,OTHER,COMPLETED,NON_RANDOMIZED,False,NONE,0.0,False,False,SINGLE_GROUP,True,active,True,,,,,False,True,False,False,False,0,False,NO,False,
NCT04611815,2020.0,2016-2020,NA,proc_device,2,200.0,OTHER,COMPLETED,RANDOMIZED,True,QUADRUPLE,4.0,True,True,PARALLEL,True,active,True,,,,,False,True,False,False,False,0,False,UNDECIDED,False,False
NCT00733369,2007.0,<=2015,PHASE4,proc_device,2,106.0,INDUSTRY,TERMINATED,RANDOMIZED,True,SINGLE,1.0,True,False,PARALLEL,True,active,True,106.0,87.0,0.17924528301886788,True,True,True,False,True,False,0,False,,False,False
NCT06264999,2025.0,2021-2026,NA,proc_device,2,0.0,OTHER,WITHDRAWN,RANDOMIZED,True,DOUBLE,2.0,True,True,PARALLEL,False,active,True,,,,,False,True,False,False,False,0,False,,False,False
NCT01312532,2004.0,<=2015,PHASE2,proc_device,2,100.0,OTHER,COMPLETED,RANDOMIZED,True,SINGLE,1.0,True,False,PARALLEL,True,none/single-group,False,,,,,False,True,False,False,False,0,False,,False,True
NCT06249828,2024.0,2021-2026,NA,proc_device,2,61.0,INDUSTRY,COMPLETED,RANDOMIZED,True,DOUBLE,2.0,True,True,PARALLEL,True,active,True,,,,,False,True,False,False,False,0,False,NO,False,False
NCT07539467,2026.0,2021-2026,NA,proc_device,2,60.0,OTHER_GOV,ENROLLING_BY_INVITATION,NON_RANDOMIZED,False,SINGLE,1.0,True,False,SINGLE_GROUP,True,active,True,,,,,False,False,False,False,True,0,False,NO,False,True
NCT07672301,2026.0,2021-2026,PHASE1;PHASE2,proc_device,2,150.0,OTHER,RECRUITING,RANDOMIZED,True,NONE,0.0,False,False,PARALLEL,True,active,True,,,,,False,False,False,False,False,0,False,YES,True,False
NCT04456569,2022.0,2021-2026,NA,proc_device,2,20.0,OTHER,ACTIVE_NOT_RECRUITING,RANDOMIZED,True,SINGLE,1.0,True,False,PARALLEL,False,no-intervention,True,,,,,False,True,False,False,False,0,False,,False,True
NCT04923373,2010.0,<=2015,NA,proc_device,2,105.0,OTHER,COMPLETED,RANDOMIZED,True,NONE,0.0,False,False,PARALLEL,True,active,True,,,,,False,True,False,False,True,0,False,NO,False,False
NCT03733509,2018.0,2016-2020,NA,proc_device,2,121.0,OTHER,COMPLETED,RANDOMIZED,True,QUADRUPLE,4.0,True,True,PARALLEL,True,active,True,,,,,False,True,False,False,False,0,False,UNDECIDED,False,False
NCT06248034,2024.0,2021-2026,NA,proc_device,2,30.0,OTHER,UNKNOWN,RANDOMIZED,True,SINGLE,1.0,True,False,SINGLE_GROUP,True,none/single-group,False,,,,,False,True,False,False,False,0,False,NO,False,False
NCT05751421,2023.0,2021-2026,PHASE3,both,2,60.0,OTHER,UNKNOWN,RANDOMIZED,True,SINGLE,1.0,True,False,PARALLEL,False,active,True,,,,,True,True,False,False,False,0,False,,False,
NCT01163708,2010.0,<=2015,PHASE4,proc_device,2,188.0,INDUSTRY,UNKNOWN,RANDOMIZED,True,SINGLE,1.0,True,False,PARALLEL,True,active,True,,,,,True,False,False,False,False,0,False,,False,False
NCT03051984,2017.0,2016-2020,NA,proc_device,2,23.0,OTHER,COMPLETED,RANDOMIZED,True,DOUBLE,2.0,True,True,PARALLEL,False,no-intervention,True,23.0,21.0,0.08695652173913049,True,False,False,False,True,False,0,False,NO,False,False
NCT03542981,2014.0,<=2015,NA,proc_device,2,113.0,OTHER,COMPLETED,RANDOMIZED,True,DOUBLE,2.0,True,True,PARALLEL,True,placebo/sham,True,,,,,False,False,False,False,False,0,False,NO,False,
NCT02251535,2014.0,<=2015,NA,proc_device,3,30.0,OTHER,UNKNOWN,NON_RANDOMIZED,False,NONE,0.0,False,False,PARALLEL,True,none/single-group,False,,,,,False,False,True,False,False,0,False,,False,False
NCT01335438,1997.0,<=2015,PHASE4,proc_device,2,96.0,OTHER,COMPLETED,RANDOMIZED,True,DOUBLE,2.0,True,True,PARALLEL,False,active,True,,,,,True,True,False,False,False,0,False,,False,False
NCT07629388,2026.0,2021-2026,NA,proc_device,2,240.0,OTHER,NOT_YET_RECRUITING,RANDOMIZED,True,DOUBLE,2.0,True,True,PARALLEL,True,active,True,,,,,False,True,False,False,False,0,False,YES,True,False
NCT01146236,2010.0,<=2015,NA,proc_device,2,247.0,OTHER,COMPLETED,RANDOMIZED,True,DOUBLE,2.0,True,True,PARALLEL,True,active,True,,,,,False,False,False,False,False,2,True,,False,True
NCT01814384,2013.0,<=2015,NA,proc_device,2,100.0,OTHER,UNKNOWN,RANDOMIZED,True,NONE,0.0,False,False,PARALLEL,True,none/single-group,False,,,,,False,False,False,False,False,0,False,,False,False
NCT03650426,2018.0,2016-2020,NA,proc_device,2,235.0,OTHER,COMPLETED,RANDOMIZED,True,TRIPLE,3.0,True,True,PARALLEL,True,active,True,,,,,False,True,False,False,False,0,False,,False,False
NCT02701946,2016.0,2016-2020,NA,proc_device,2,80.0,OTHER,COMPLETED,RANDOMIZED,True,SINGLE,1.0,True,False,PARALLEL,True,placebo/sham,True,,,,,False,True,False,False,False,0,False,NO,False,False
NCT02576015,2016.0,2016-2020,NA,both,2,380.0,OTHER,UNKNOWN,RANDOMIZED,True,DOUBLE,2.0,True,True,PARALLEL,True,placebo/sham,True,,,,,False,True,False,False,False,0,False,,False,False
NCT02997579,2016.0,2016-2020,NA,proc_device,2,102.0,OTHER,COMPLETED,RANDOMIZED,True,DOUBLE,2.0,True,True,PARALLEL,True,no-intervention,True,,,,,False,False,False,False,False,0,False,NO,False,True
NCT07577869,2026.0,2021-2026,NA,proc_device,2,60.0,OTHER_GOV,RECRUITING,RANDOMIZED,True,TRIPLE,3.0,True,True,PARALLEL,True,active,True,,,,,False,False,False,False,False,0,False,NO,False,False
NCT04434690,2020.0,2016-2020,NA,proc_device,2,80.0,OTHER,UNKNOWN,RANDOMIZED,True,QUADRUPLE,4.0,True,True,PARALLEL,True,active,True,,,,,False,True,False,False,False,0,False,NO,False,False
NCT07351578,2026.0,2021-2026,NA,proc_device,2,70.0,OTHER,NOT_YET_RECRUITING,RANDOMIZED,True,QUADRUPLE,4.0,True,True,PARALLEL,True,placebo/sham,True,,,,,False,True,False,False,False,0,False,,False,False
NCT01859130,2013.0,<=2015,NA,proc_device,1,299.0,INDUSTRY,COMPLETED,NA,False,NONE,0.0,False,False,SINGLE_GROUP,True,none/single-group,False,299.0,192.0,0.35785953177257523,False,False,True,False,True,False,0,False,NO,False,False
NCT06880497,2025.0,2021-2026,NA,proc_device,2,170.0,OTHER,RECRUITING,RANDOMIZED,True,SINGLE,1.0,True,False,PARALLEL,True,active,True,,,,,False,True,False,False,True,0,False,UNDECIDED,False,False
NCT00761410,2004.0,<=2015,PHASE4,proc_device,1,170.0,INDUSTRY,TERMINATED,NA,False,NONE,0.0,False,False,SINGLE_GROUP,True,none/single-group,False,,,,,True,True,False,False,False,0,False,,False,False
NCT04163445,2020.0,2016-2020,NA,proc_device,2,48.0,OTHER,UNKNOWN,RANDOMIZED,True,DOUBLE,2.0,True,True,PARALLEL,True,active,True,,,,,False,True,False,False,False,0,False,NO,False,
NCT07219329,2025.0,2021-2026,NA,proc_device,2,30.0,OTHER,NOT_YET_RECRUITING,NON_RANDOMIZED,False,NONE,0.0,False,False,SINGLE_GROUP,True,no-intervention,True,,,,,False,True,False,False,False,0,False,NO,False,False
NCT05310474,2022.0,2021-2026,NA,proc_device,3,200.0,INDUSTRY,UNKNOWN,RANDOMIZED,True,SINGLE,1.0,True,False,PARALLEL,True,no-intervention,True,,,,,False,False,True,False,False,0,False,,False,False
NCT03020914,2017.0,2016-2020,NA,proc_device,2,19.0,OTHER,COMPLETED,RANDOMIZED,True,NONE,0.0,False,False,PARALLEL,False,no-intervention,True,19.0,18.0,0.052631578947368474,True,False,False,False,True,False,0,False,NO,False,False
NCT02128464,2012.0,<=2015,PHASE4,proc_device,2,108.0,OTHER,COMPLETED,RANDOMIZED,True,TRIPLE,3.0,True,True,PARALLEL,True,active,True,,,,,True,True,False,False,False,0,False,,False,True
NCT04058743,2019.0,2016-2020,NA,proc_device,2,9.0,OTHER,TERMINATED,RANDOMIZED,True,SINGLE,1.0,True,False,PARALLEL,False,active,True,9.0,0.0,1.0,False,False,False,False,True,False,0,False,NO,False,False
NCT03607461,2018.0,2016-2020,NA,proc_device,2,30.0,OTHER,UNKNOWN,RANDOMIZED,True,NONE,0.0,False,False,PARALLEL,True,active,True,,,,,False,True,False,False,True,0,False,NO,False,False
NCT07502040,2026.0,2021-2026,NA,proc_device,2,40.0,OTHER_GOV,NOT_YET_RECRUITING,RANDOMIZED,True,NONE,0.0,False,False,PARALLEL,True,active,True,,,,,False,False,False,False,False,0,False,YES,True,False
NCT02625311,2004.0,<=2015,PHASE4,proc_device,2,69.0,OTHER,COMPLETED,RANDOMIZED,True,NONE,0.0,False,False,PARALLEL,False,active,True,,,,,True,True,False,False,False,1,True,,False,False
NCT03920930,2019.0,2016-2020,NA,proc_device,2,70.0,OTHER,COMPLETED,RANDOMIZED,True,TRIPLE,3.0,True,True,PARALLEL,True,active,True,,,,,False,True,False,False,False,0,False,,False,True
NCT00737139,2008.0,<=2015,NA,proc_device,2,33.0,OTHER,TERMINATED,RANDOMIZED,True,QUADRUPLE,4.0,True,True,PARALLEL,True,active,True,,,,,False,True,False,False,False,0,False,,False,False
NCT06891807,2024.0,2021-2026,NA,proc_device,2,250.0,OTHER,RECRUITING,RANDOMIZED,True,NONE,0.0,False,False,PARALLEL,True,active,True,,,,,False,True,False,False,False,0,False,NO,False,False
NCT02900781,2016.0,2016-2020,NA,proc_device,2,9.0,OTHER,TERMINATED,RANDOMIZED,True,NONE,0.0,False,False,PARALLEL,False,placebo/sham,True,9.0,0.0,1.0,False,False,False,False,True,False,0,False,NO,False,False
NCT03302013,2016.0,2016-2020,NA,proc_device,2,260.0,OTHER,UNKNOWN,RANDOMIZED,True,SINGLE,1.0,True,False,PARALLEL,True,active,True,,,,,False,True,False,False,False,0,False,NO,False,True
NCT04963491,2021.0,2021-2026,NA,proc_device,2,80.0,OTHER,UNKNOWN,NON_RANDOMIZED,False,DOUBLE,2.0,True,True,PARALLEL,True,active,True,,,,,False,True,False,False,False,0,False,NO,False,True
NCT04496102,2020.0,2016-2020,NA,proc_device,2,50.0,OTHER,UNKNOWN,RANDOMIZED,True,TRIPLE,3.0,True,True,PARALLEL,True,active,True,,,,,False,True,False,False,False,1,True,NO,False,True
NCT00589147,2003.0,<=2015,NA,proc_device,3,397.0,OTHER,COMPLETED,RANDOMIZED,True,SINGLE,1.0,True,False,PARALLEL,True,active,True,,,,,False,True,True,False,False,0,False,,False,False
NCT02211534,2014.0,<=2015,NA,proc_device,2,35.0,INDUSTRY,COMPLETED,RANDOMIZED,True,TRIPLE,3.0,True,True,PARALLEL,True,placebo/sham,True,35.0,17.0,0.5142857142857142,False,False,True,False,True,False,0,False,,False,False
NCT02433704,2015.0,<=2015,PHASE4,both,2,0.0,OTHER,WITHDRAWN,NON_RANDOMIZED,False,NONE,0.0,False,False,PARALLEL,False,active,True,,,,,True,False,False,False,False,0,False,,False,False
NCT06281444,2024.0,2021-2026,NA,proc_device,2,72.0,OTHER,COMPLETED,RANDOMIZED,True,SINGLE,1.0,True,False,PARALLEL,True,placebo/sham,True,,,,,False,True,False,False,False,0,False,NO,False,False
NCT03961711,2019.0,2016-2020,NA,proc_device,2,98.0,OTHER,COMPLETED,RANDOMIZED,True,NONE,0.0,False,False,PARALLEL,True,active,True,,,,,False,True,False,False,False,0,False,NO,False,False
NCT05800457,2023.0,2021-2026,NA,proc_device,2,300.0,OTHER,RECRUITING,RANDOMIZED,True,DOUBLE,2.0,True,True,PARALLEL,True,no-intervention,True,,,,,False,False,False,False,False,0,False,NO,False,False
NCT04372966,2009.0,<=2015,NA,proc_device,2,50.0,OTHER_GOV,TERMINATED,RANDOMIZED,True,DOUBLE,2.0,True,True,PARALLEL,True,active,True,,,,,False,True,False,False,False,0,False,NO,False,True
NCT07058623,2025.0,2021-2026,NA,proc_device,2,98.0,OTHER_GOV,RECRUITING,RANDOMIZED,True,NONE,0.0,False,False,PARALLEL,True,active,True,,,,,False,True,False,False,True,0,False,YES,True,False
NCT05286996,2022.0,2021-2026,NA,both,2,20.0,OTHER,UNKNOWN,RANDOMIZED,True,DOUBLE,2.0,True,True,PARALLEL,False,placebo/sham,True,,,,,False,True,False,False,False,0,False,NO,False,False
NCT04244929,2019.0,2016-2020,NA,proc_device,2,7.0,OTHER,COMPLETED,NON_RANDOMIZED,False,SINGLE,1.0,True,False,SEQUENTIAL,False,active,True,,,,,False,True,False,False,True,0,False,NO,False,
NCT07442721,2026.0,2021-2026,NA,proc_device,2,80.0,OTHER,RECRUITING,RANDOMIZED,True,TRIPLE,3.0,True,True,PARALLEL,True,active,True,,,,,False,False,False,False,False,0,False,NO,False,
NCT05094258,2020.0,2016-2020,NA,proc_device,2,60.0,OTHER,UNKNOWN,RANDOMIZED,True,DOUBLE,2.0,True,True,PARALLEL,True,active,True,,,,,False,True,False,False,False,0,False,NO,False,False
NCT01548040,2012.0,<=2015,NA,proc_device,2,111.0,INDUSTRY,COMPLETED,RANDOMIZED,True,DOUBLE,2.0,True,True,PARALLEL,True,placebo/sham,True,111.0,88.0,0.2072072072072072,False,False,True,False,True,False,0,False,,False,False
NCT01333943,2011.0,<=2015,NA,proc_device,2,94.0,OTHER,COMPLETED,RANDOMIZED,True,DOUBLE,2.0,True,True,PARALLEL,True,active,True,94.0,93.0,0.010638297872340385,True,False,True,False,True,False,0,False,,False,True
NCT02468934,2015.0,<=2015,NA,proc_device,1,24.0,INDUSTRY,COMPLETED,NA,False,NONE,0.0,False,False,SINGLE_GROUP,False,none/single-group,False,27.0,20.0,0.2592592592592593,False,False,True,False,True,False,0,False,,False,False
NCT07561333,2025.0,2021-2026,NA,proc_device,2,78.0,OTHER,RECRUITING,RANDOMIZED,True,SINGLE,1.0,True,False,PARALLEL,True,active,True,,,,,False,False,False,False,False,0,False,,False,False
NCT05693493,2022.0,2021-2026,NA,proc_device,2,30.0,OTHER,UNKNOWN,RANDOMIZED,True,NONE,0.0,False,False,PARALLEL,True,no-intervention,True,,,,,False,False,False,False,False,0,False,YES,True,True
NCT01355900,2010.0,<=2015,NA,proc_device,4,120.0,OTHER,COMPLETED,RANDOMIZED,True,QUADRUPLE,4.0,True,True,PARALLEL,True,none/single-group,False,,,,,False,True,True,False,True,0,False,,False,False
NCT06617871,2024.0,2021-2026,NA,proc_device,2,95.0,OTHER,RECRUITING,RANDOMIZED,True,DOUBLE,2.0,True,True,PARALLEL,True,active,True,,,,,False,True,False,False,False,0,False,YES,True,False
NCT05516381,2023.0,2021-2026,NA,proc_device,2,148.0,INDUSTRY,RECRUITING,RANDOMIZED,True,TRIPLE,3.0,True,True,SINGLE_GROUP,True,none/single-group,False,,,,,False,False,False,False,False,0,False,NO,False,False
NCT03101007,2017.0,2016-2020,NA,proc_device,2,61.0,OTHER,COMPLETED,RANDOMIZED,True,SINGLE,1.0,True,False,PARALLEL,True,active,True,,,,,False,True,False,False,False,0,False,NO,False,False
NCT07489963,2025.0,2021-2026,NA,proc_device,2,300.0,OTHER,RECRUITING,RANDOMIZED,True,SINGLE,1.0,True,False,PARALLEL,True,active,True,,,,,False,True,False,False,False,0,False,,False,
NCT05750784,2022.0,2021-2026,NA,proc_device,2,150.0,OTHER,UNKNOWN,RANDOMIZED,True,SINGLE,1.0,True,False,PARALLEL,True,none/single-group,False,,,,,False,True,False,False,False,0,False,,False,True
NCT06522087,2024.0,2021-2026,NA,proc_device,2,110.0,OTHER,RECRUITING,RANDOMIZED,True,QUADRUPLE,4.0,True,True,PARALLEL,True,no-intervention,True,,,,,False,False,False,False,False,0,False,,False,False
NCT07574762,2026.0,2021-2026,NA,proc_device,2,140.0,OTHER,RECRUITING,RANDOMIZED,True,NONE,0.0,False,False,PARALLEL,True,active,True,,,,,False,False,False,False,False,0,False,NO,False,True
NCT00916968,2007.0,<=2015,PHASE4,proc_device,2,146.0,OTHER,COMPLETED,RANDOMIZED,True,TRIPLE,3.0,True,True,PARALLEL,True,active,True,,,,,True,True,False,False,False,0,False,,False,True
NCT01543230,2012.0,<=2015,NA,proc_device,1,58.0,INDUSTRY,TERMINATED,NA,False,NONE,0.0,False,False,SINGLE_GROUP,True,none/single-group,False,,,,,False,True,False,False,False,0,False,,False,False
NCT02845206,2016.0,2016-2020,NA,proc_device,2,172.0,OTHER_GOV,COMPLETED,RANDOMIZED,True,SINGLE,1.0,True,False,PARALLEL,True,active,True,,,,,False,False,False,False,False,0,False,YES,True,True
NCT04499716,2020.0,2016-2020,NA,proc_device,2,90.0,OTHER,COMPLETED,RANDOMIZED,True,DOUBLE,2.0,True,True,PARALLEL,True,active,True,,,,,False,False,False,False,False,1,True,NO,False,
NCT03190447,2017.0,2016-2020,NA,proc_device,5,560.0,OTHER,COMPLETED,RANDOMIZED,True,NONE,0.0,False,False,PARALLEL,True,active,True,,,,,False,False,True,False,False,1,True,NO,False,
NCT01818401,2013.0,<=2015,NA,proc_device,2,95.0,OTHER,COMPLETED,RANDOMIZED,True,NONE,0.0,False,False,PARALLEL,True,none/single-group,False,,,,,False,False,False,False,False,0,False,,False,False
NCT02166710,2015.0,<=2015,NA,proc_device,2,60.0,OTHER,COMPLETED,RANDOMIZED,True,DOUBLE,2.0,True,True,PARALLEL,True,placebo/sham,True,,,,,False,True,False,False,False,1,True,,False,False
NCT01641471,2012.0,<=2015,NA,proc_device,2,116.0,OTHER,COMPLETED,RANDOMIZED,True,DOUBLE,2.0,True,True,PARALLEL,True,placebo/sham,True,116.0,66.0,0.43103448275862066,False,False,True,False,True,False,0,False,NO,False,False
NCT02539992,2012.0,<=2015,NA,proc_device,3,44.0,INDUSTRY,TERMINATED,RANDOMIZED,True,NONE,0.0,False,False,PARALLEL,True,active,True,44.0,36.0,0.18181818181818177,True,False,True,True,True,False,0,False,,False,False
NCT06111690,2022.0,2021-2026,NA,proc_device,1,16.0,OTHER,COMPLETED,NA,False,NONE,0.0,False,False,SINGLE_GROUP,False,none/single-group,False,16.0,14.0,0.125,True,False,False,False,True,False,0,False,YES,True,True
NCT02465684,2016.0,2016-2020,NA,proc_device,2,30.0,OTHER,UNKNOWN,RANDOMIZED,True,TRIPLE,3.0,True,True,PARALLEL,True,none/single-group,False,,,,,False,True,False,False,False,0,False,,False,
NCT02280538,2014.0,<=2015,NA,proc_device,2,300.0,OTHER,UNKNOWN,RANDOMIZED,True,QUADRUPLE,4.0,True,True,PARALLEL,True,placebo/sham,True,,,,,False,True,False,False,False,0,False,,False,False
NCT07233005,2025.0,2021-2026,NA,proc_device,2,36.0,OTHER,COMPLETED,RANDOMIZED,True,SINGLE,1.0,True,False,PARALLEL,True,none/single-group,False,,,,,False,True,False,False,False,0,False,YES,True,True
NCT05712291,2022.0,2021-2026,NA,proc_device,2,250.0,OTHER,UNKNOWN,RANDOMIZED,True,SINGLE,1.0,True,False,PARALLEL,True,none/single-group,False,,,,,False,True,False,False,False,0,False,,False,True
NCT00895531,2009.0,<=2015,PHASE4,both,2,75.0,OTHER,TERMINATED,RANDOMIZED,True,SINGLE,1.0,True,False,PARALLEL,False,active,True,75.0,75.0,0.0,True,True,True,False,True,False,0,False,,False,False
NCT04975165,2021.0,2021-2026,NA,proc_device,2,84.0,OTHER_GOV,UNKNOWN,NON_RANDOMIZED,False,NONE,0.0,False,False,PARALLEL,True,none/single-group,False,,,,,False,True,False,False,False,0,False,NO,False,
NCT05290818,2024.0,2021-2026,NA,proc_device,2,159.0,OTHER_GOV,RECRUITING,RANDOMIZED,True,DOUBLE,2.0,True,True,PARALLEL,True,active,True,,,,,False,True,False,False,False,1,True,NO,False,False
NCT01415856,2010.0,<=2015,PHASE2,proc_device,2,40.0,OTHER,UNKNOWN,RANDOMIZED,True,TRIPLE,3.0,True,True,PARALLEL,False,placebo/sham,True,,,,,False,True,False,False,False,0,False,,False,True
NCT03698968,2018.0,2016-2020,NA,proc_device,1,50.0,INDUSTRY,COMPLETED,NA,False,NONE,0.0,False,False,SINGLE_GROUP,True,none/single-group,False,,,,,False,False,False,False,False,0,False,,False,False
NCT03182933,2017.0,2016-2020,PHASE4,both,2,64.0,OTHER,TERMINATED,RANDOMIZED,True,TRIPLE,3.0,True,True,PARALLEL,False,active,True,64.0,63.0,0.015625,True,True,True,False,True,False,0,False,NO,False,True
NCT03945630,2019.0,2016-2020,NA,proc_device,2,62.0,OTHER,SUSPENDED,RANDOMIZED,True,DOUBLE,2.0,True,True,PARALLEL,True,active,True,,,,,False,True,False,False,False,0,False,UNDECIDED,False,False
NCT01966263,2013.0,<=2015,PHASE4,proc_device,2,80.0,OTHER,COMPLETED,RANDOMIZED,True,SINGLE,1.0,True,False,PARALLEL,False,active,True,80.0,80.0,0.0,True,True,True,False,True,False,1,True,NO,False,False
NCT03358381,2018.0,2016-2020,NA,proc_device,2,50.0,OTHER,UNKNOWN,RANDOMIZED,True,DOUBLE,2.0,True,True,PARALLEL,True,active,True,,,,,False,True,False,False,False,0,False,UNDECIDED,False,
NCT03073941,2016.0,2016-2020,NA,proc_device,2,332.0,INDUSTRY,ACTIVE_NOT_RECRUITING,RANDOMIZED,True,SINGLE,1.0,True,False,PARALLEL,True,active,True,314.0,291.0,0.07324840764331209,True,False,True,False,True,False,1,True,NO,False,False
NCT05920382,2023.0,2021-2026,NA,proc_device,2,86.0,OTHER,RECRUITING,RANDOMIZED,True,TRIPLE,3.0,True,True,PARALLEL,True,placebo/sham,True,,,,,False,True,False,False,False,1,True,,False,False
NCT03738384,2020.0,2016-2020,NA,proc_device,1,10.0,OTHER,COMPLETED,NA,False,NONE,0.0,False,False,SINGLE_GROUP,False,none/single-group,False,,,,,False,False,False,False,False,0,False,UNDECIDED,False,False
NCT03245359,2017.0,2016-2020,NA,both,2,50.0,OTHER,COMPLETED,RANDOMIZED,True,NONE,0.0,False,False,PARALLEL,True,active,True,,,,,False,True,False,False,False,0,False,NO,False,False
NCT00866268,2006.0,<=2015,PHASE3,proc_device,2,169.0,OTHER,COMPLETED,RANDOMIZED,True,QUADRUPLE,4.0,True,True,PARALLEL,True,active,True,,,,,True,True,False,False,False,0,False,,False,True
NCT06942078,2026.0,2021-2026,NA,proc_device,1,30.0,OTHER,NOT_YET_RECRUITING,NA,False,NONE,0.0,False,False,SINGLE_GROUP,True,none/single-group,False,,,,,False,True,False,False,False,0,False,,False,False
NCT01410409,2011.0,<=2015,NA,both,3,100.0,OTHER,COMPLETED,RANDOMIZED,True,SINGLE,1.0,True,False,PARALLEL,True,active,True,100.0,95.0,0.050000000000000044,True,False,True,True,True,False,6,True,,False,False
NCT04500093,2020.0,2016-2020,NA,proc_device,2,40.0,OTHER,UNKNOWN,RANDOMIZED,True,QUADRUPLE,4.0,True,True,PARALLEL,True,active,True,,,,,False,True,False,False,False,0,False,YES,True,False
NCT03365284,2018.0,2016-2020,NA,proc_device,2,60.0,OTHER,UNKNOWN,RANDOMIZED,True,NONE,0.0,False,False,PARALLEL,True,placebo/sham,True,,,,,False,True,False,False,False,0,False,NO,False,
NCT03311971,2017.0,2016-2020,PHASE4,proc_device,2,50.0,OTHER,UNKNOWN,RANDOMIZED,True,NONE,0.0,False,False,PARALLEL,False,placebo/sham,True,,,,,True,True,False,False,False,0,False,NO,False,False
NCT02121392,2014.0,<=2015,NA,both,2,165.0,OTHER,COMPLETED,RANDOMIZED,True,QUADRUPLE,4.0,True,True,PARALLEL,True,placebo/sham,True,165.0,76.0,0.5393939393939393,False,False,True,False,True,False,1,True,,False,False
NCT03395990,2016.0,2016-2020,NA,proc_device,2,16.0,OTHER,COMPLETED,RANDOMIZED,True,TRIPLE,3.0,True,True,PARALLEL,False,placebo/sham,True,16.0,16.0,0.0,True,False,True,False,True,False,0,False,NO,False,True
NCT02830087,2016.0,2016-2020,NA,proc_device,6,21.0,OTHER,TERMINATED,RANDOMIZED,True,DOUBLE,2.0,True,True,PARALLEL,False,active,True,21.0,0.0,1.0,False,False,True,True,True,False,0,False,NO,False,False
NCT00160797,2005.0,<=2015,PHASE4,proc_device,0,0.0,OTHER,WITHDRAWN,NON_RANDOMIZED,False,NONE,0.0,False,False,SINGLE_GROUP,False,none/single-group,False,,,,,True,True,False,False,False,0,False,,False,
NCT06297746,2023.0,2021-2026,NA,proc_device,2,20.0,OTHER,COMPLETED,RANDOMIZED,True,DOUBLE,2.0,True,True,CROSSOVER,False,active,True,,,,,False,True,False,False,False,1,True,YES,True,False
NCT04945759,2021.0,2021-2026,NA,proc_device,4,60.0,OTHER,COMPLETED,RANDOMIZED,True,SINGLE,1.0,True,False,PARALLEL,True,placebo/sham,True,,,,,False,False,True,False,False,0,False,YES,True,True
NCT04913987,2021.0,2021-2026,NA,proc_device,2,50.0,OTHER_GOV,UNKNOWN,RANDOMIZED,True,TRIPLE,3.0,True,True,PARALLEL,True,none/single-group,False,,,,,False,True,False,False,False,0,False,NO,False,False
NCT02522728,2007.0,<=2015,NA,proc_device,2,58.0,INDUSTRY,COMPLETED,RANDOMIZED,True,DOUBLE,2.0,True,True,PARALLEL,True,active,True,58.0,35.0,0.39655172413793105,False,False,True,False,True,False,0,False,,False,False
NCT03461679,2018.0,2016-2020,NA,proc_device,2,40.0,OTHER,COMPLETED,RANDOMIZED,True,TRIPLE,3.0,True,True,PARALLEL,True,active,True,,,,,False,True,False,False,False,0,False,NO,False,False
NCT01520571,2000.0,<=2015,PHASE4,proc_device,2,520.0,OTHER,COMPLETED,RANDOMIZED,True,DOUBLE,2.0,True,True,PARALLEL,True,active,True,,,,,True,True,False,False,False,0,False,,False,False
NCT02992613,2016.0,2016-2020,NA,proc_device,2,100.0,OTHER,UNKNOWN,RANDOMIZED,True,DOUBLE,2.0,True,True,PARALLEL,True,active,True,,,,,False,True,False,False,False,0,False,,False,False
NCT02689011,2014.0,<=2015,NA,proc_device,2,60.0,OTHER,COMPLETED,RANDOMIZED,True,NONE,0.0,False,False,PARALLEL,True,active,True,,,,,False,False,False,False,False,0,False,YES,True,True
NCT02663804,2014.0,<=2015,NA,proc_device,3,380.0,OTHER,COMPLETED,RANDOMIZED,True,SINGLE,1.0,True,False,PARALLEL,True,active,True,,,,,False,True,True,False,False,0,False,,False,
NCT00765362,2000.0,<=2015,PHASE3,proc_device,1,419.0,INDUSTRY,COMPLETED,NON_RANDOMIZED,False,NONE,0.0,False,False,SINGLE_GROUP,True,none/single-group,False,419.0,282.0,0.3269689737470167,False,True,True,False,True,False,0,False,,False,False
NCT02717845,2016.0,2016-2020,NA,proc_device,2,10.0,OTHER,UNKNOWN,NON_RANDOMIZED,False,NONE,0.0,False,False,PARALLEL,False,active,True,,,,,False,False,False,False,False,0,False,YES,True,False
NCT06888349,2023.0,2021-2026,NA,proc_device,2,50.0,OTHER,COMPLETED,RANDOMIZED,True,SINGLE,1.0,True,False,PARALLEL,True,active,True,,,,,False,False,False,False,False,0,False,NO,False,False
NCT00346788,2005.0,<=2015,PHASE4,proc_device,2,126.0,OTHER,COMPLETED,RANDOMIZED,True,NONE,0.0,False,False,PARALLEL,True,active,True,,,,,True,True,False,False,False,0,False,,False,False
NCT01309035,2011.0,<=2015,NA,proc_device,2,70.0,OTHER,COMPLETED,RANDOMIZED,True,NONE,0.0,False,False,PARALLEL,True,active,True,,,,,False,True,False,False,False,0,False,,False,True
NCT03494348,2017.0,2016-2020,NA,proc_device,2,60.0,OTHER,UNKNOWN,RANDOMIZED,True,SINGLE,1.0,True,False,PARALLEL,True,active,True,,,,,False,True,False,False,False,0,False,,False,False
NCT00808613,2008.0,<=2015,NA,proc_device,2,0.0,INDUSTRY,WITHDRAWN,NON_RANDOMIZED,False,NONE,0.0,False,False,PARALLEL,False,active,True,,,,,False,True,False,False,False,0,False,,False,False
NCT03368287,2018.0,2016-2020,NA,proc_device,1,100.0,OTHER,UNKNOWN,NA,False,NONE,0.0,False,False,SINGLE_GROUP,True,none/single-group,False,,,,,False,False,False,False,False,0,False,NO,False,
NCT01380665,2009.0,<=2015,PHASE4,proc_device,1,0.0,INDUSTRY,WITHDRAWN,NON_RANDOMIZED,False,NONE,0.0,False,False,SINGLE_GROUP,False,none/single-group,False,,,,,True,True,False,False,False,0,False,,False,False
NCT01374230,2011.0,<=2015,NA,proc_device,1,500.0,OTHER,UNKNOWN,NA,False,NONE,0.0,False,False,SINGLE_GROUP,True,none/single-group,False,,,,,False,True,False,False,False,0,False,,False,False
NCT03044028,2017.0,2016-2020,NA,proc_device,3,66.0,OTHER,COMPLETED,RANDOMIZED,True,NONE,0.0,False,False,PARALLEL,True,no-intervention,True,66.0,46.0,0.303030303030303,False,False,True,True,True,False,0,False,NO,False,True
NCT02830958,2016.0,2016-2020,NA,proc_device,2,60.0,OTHER,UNKNOWN,RANDOMIZED,True,NONE,0.0,False,False,PARALLEL,True,placebo/sham,True,,,,,False,False,False,False,False,0,False,,False,False
NCT04232150,2019.0,2016-2020,NA,both,3,116.0,OTHER,COMPLETED,RANDOMIZED,True,NONE,0.0,False,False,PARALLEL,True,none/single-group,False,,,,,False,False,True,False,False,0,False,NO,False,
NCT04192006,2018.0,2016-2020,NA,proc_device,2,30.0,OTHER,COMPLETED,RANDOMIZED,True,TRIPLE,3.0,True,True,PARALLEL,True,active,True,,,,,False,True,False,False,False,0,False,NO,False,
NCT02478216,2015.0,<=2015,NA,proc_device,2,72.0,OTHER,COMPLETED,RANDOMIZED,True,QUADRUPLE,4.0,True,True,PARALLEL,True,no-intervention,True,,,,,False,False,False,False,False,0,False,,False,False
NCT04002271,2020.0,2016-2020,PHASE4,both,3,180.0,OTHER,UNKNOWN,RANDOMIZED,True,SINGLE,1.0,True,False,PARALLEL,True,active,True,,,,,True,True,True,False,False,0,False,,False,False
NCT07286084,2025.0,2021-2026,NA,proc_device,3,45.0,OTHER,NOT_YET_RECRUITING,RANDOMIZED,True,DOUBLE,2.0,True,True,PARALLEL,True,placebo/sham,True,,,,,False,False,True,False,False,0,False,NO,False,False
NCT05596591,2022.0,2021-2026,NA,proc_device,1,15.0,OTHER,RECRUITING,NA,False,NONE,0.0,False,False,SINGLE_GROUP,False,none/single-group,False,,,,,False,True,False,False,False,0,False,,False,False
NCT05435690,2023.0,2021-2026,NA,proc_device,2,126.0,OTHER,ACTIVE_NOT_RECRUITING,RANDOMIZED,True,SINGLE,1.0,True,False,PARALLEL,True,no-intervention,True,,,,,False,True,False,False,False,0,False,NO,False,False
NCT06423339,2024.0,2021-2026,NA,both,2,50.0,OTHER,COMPLETED,RANDOMIZED,True,DOUBLE,2.0,True,True,PARALLEL,True,none/single-group,False,,,,,False,True,False,False,False,1,True,NO,False,False
NCT05672784,2022.0,2021-2026,NA,both,3,63.0,OTHER_GOV,RECRUITING,RANDOMIZED,True,SINGLE,1.0,True,False,PARALLEL,True,active,True,,,,,False,False,True,False,False,1,True,,False,
NCT06643845,2025.0,2021-2026,NA,proc_device,2,1000.0,OTHER,RECRUITING,RANDOMIZED,True,NONE,0.0,False,False,PARALLEL,True,active,True,,,,,False,True,False,False,False,0,False,YES,True,False
NCT01841567,2013.0,<=2015,PHASE4,proc_device,1,60.0,INDUSTRY,COMPLETED,NA,False,NONE,0.0,False,False,SINGLE_GROUP,False,none/single-group,False,60.0,57.0,0.050000000000000044,True,True,True,False,True,False,0,False,,False,False
NCT07077720,2025.0,2021-2026,NA,proc_device,2,60.0,OTHER,COMPLETED,RANDOMIZED,True,TRIPLE,3.0,True,True,PARALLEL,True,active,True,,,,,False,False,False,False,False,0,False,NO,False,False
NCT06686095,2022.0,2021-2026,NA,proc_device,3,90.0,OTHER,COMPLETED,RANDOMIZED,True,SINGLE,1.0,True,False,PARALLEL,True,active,True,,,,,False,False,True,False,False,0,False,,False,False
NCT02429713,2014.0,<=2015,NA,proc_device,2,50.0,OTHER,COMPLETED,RANDOMIZED,True,DOUBLE,2.0,True,True,CROSSOVER,True,active,True,,,,,False,True,False,False,False,0,False,,False,False
NCT04181216,2019.0,2016-2020,NA,proc_device,2,100.0,OTHER,UNKNOWN,RANDOMIZED,True,DOUBLE,2.0,True,True,PARALLEL,True,active,True,,,,,False,True,False,False,False,0,False,,False,
NCT04950348,2021.0,2021-2026,NA,proc_device,2,10.0,OTHER,UNKNOWN,NON_RANDOMIZED,False,DOUBLE,2.0,True,True,PARALLEL,False,active,True,,,,,False,True,False,False,False,0,False,NO,False,
NCT03898245,2019.0,2016-2020,NA,proc_device,2,70.0,OTHER,UNKNOWN,RANDOMIZED,True,QUADRUPLE,4.0,True,True,PARALLEL,True,placebo/sham,True,,,,,False,False,False,False,False,0,False,NO,False,True
NCT02603900,2015.0,<=2015,PHASE4,both,2,0.0,OTHER,WITHDRAWN,RANDOMIZED,True,DOUBLE,2.0,True,True,PARALLEL,False,none/single-group,False,,,,,True,True,False,False,False,0,False,,False,True
NCT00689286,2008.0,<=2015,PHASE1,proc_device,3,0.0,OTHER,WITHDRAWN,RANDOMIZED,True,NONE,0.0,False,False,PARALLEL,False,no-intervention,True,,,,,False,True,True,False,False,0,False,,False,False
NCT00677261,2008.0,<=2015,NA,proc_device,3,104.0,OTHER,COMPLETED,RANDOMIZED,True,TRIPLE,3.0,True,True,PARALLEL,True,placebo/sham,True,,,,,False,True,True,False,False,0,False,,False,True
NCT03198533,2007.0,<=2015,NA,proc_device,2,60.0,INDUSTRY,COMPLETED,NON_RANDOMIZED,False,DOUBLE,2.0,True,True,PARALLEL,True,active,True,,,,,False,True,False,False,False,0,False,,False,False
NCT00834483,2009.0,<=2015,NA,proc_device,2,65.0,OTHER,COMPLETED,RANDOMIZED,True,DOUBLE,2.0,True,True,PARALLEL,True,active,True,60.0,60.0,0.0,True,False,True,False,True,False,0,False,,False,True
NCT04426045,2020.0,2016-2020,NA,proc_device,2,58.0,OTHER,COMPLETED,RANDOMIZED,True,DOUBLE,2.0,True,True,PARALLEL,True,active,True,,,,,False,False,False,False,False,0,False,NO,False,True
NCT03970629,2019.0,2016-2020,NA,proc_device,2,19.0,INDUSTRY,TERMINATED,NON_RANDOMIZED,False,NONE,0.0,False,False,PARALLEL,False,active,True,,,,,False,True,False,False,False,0,False,NO,False,False
NCT04251442,2019.0,2016-2020,NA,proc_device,2,0.0,OTHER,WITHDRAWN,RANDOMIZED,True,SINGLE,1.0,True,False,PARALLEL,False,no-intervention,True,,,,,False,True,False,False,True,0,False,NO,False,False
NCT07425457,2026.0,2021-2026,NA,proc_device,2,100.0,OTHER,RECRUITING,RANDOMIZED,True,SINGLE,1.0,True,False,PARALLEL,True,no-intervention,True,,,,,False,True,False,False,False,0,False,YES,True,False
NCT06312527,2024.0,2021-2026,NA,proc_device,2,30.0,OTHER,ACTIVE_NOT_RECRUITING,RANDOMIZED,True,DOUBLE,2.0,True,True,PARALLEL,True,no-intervention,True,,,,,False,True,False,False,False,0,False,NO,False,True
NCT04338893,2020.0,2016-2020,NA,proc_device,2,252.0,INDUSTRY,COMPLETED,NON_RANDOMIZED,False,NONE,0.0,False,False,PARALLEL,True,active,True,221.0,160.0,0.27601809954751133,False,False,True,False,True,False,0,False,NO,False,
NCT04367272,2020.0,2016-2020,NA,proc_device,2,163.0,OTHER,UNKNOWN,RANDOMIZED,True,QUADRUPLE,4.0,True,True,PARALLEL,True,active,True,,,,,False,True,False,False,False,0,False,YES,True,False
NCT05842538,2023.0,2021-2026,NA,proc_device,2,200.0,OTHER,RECRUITING,RANDOMIZED,True,NONE,0.0,False,False,PARALLEL,True,active,True,,,,,False,True,False,False,False,0,False,NO,False,True
NCT05843773,2023.0,2021-2026,NA,proc_device,1,7.0,OTHER,COMPLETED,NA,False,NONE,0.0,False,False,SINGLE_GROUP,False,none/single-group,False,,,,,False,True,False,False,False,0,False,NO,False,True
NCT06468163,2024.0,2021-2026,NA,proc_device,2,200.0,OTHER,NOT_YET_RECRUITING,RANDOMIZED,True,SINGLE,1.0,True,False,PARALLEL,True,active,True,,,,,False,True,False,False,False,0,False,YES,True,True
NCT04231123,2020.0,2016-2020,NA,proc_device,2,60.0,OTHER,UNKNOWN,RANDOMIZED,True,QUADRUPLE,4.0,True,True,PARALLEL,True,placebo/sham,True,,,,,False,True,False,False,False,0,False,,False,False
NCT03795805,2018.0,2016-2020,NA,both,2,100.0,OTHER_GOV,COMPLETED,RANDOMIZED,True,DOUBLE,2.0,True,True,PARALLEL,True,none/single-group,False,,,,,False,False,False,False,False,0,False,NO,False,False
NCT02199600,2012.0,<=2015,NA,proc_device,1,500.0,INDUSTRY,ACTIVE_NOT_RECRUITING,NA,False,NONE,0.0,False,False,SINGLE_GROUP,True,none/single-group,False,,,,,False,True,False,False,False,0,False,,False,False
NCT01832272,2013.0,<=2015,PHASE4,proc_device,2,174.0,OTHER,UNKNOWN,RANDOMIZED,True,DOUBLE,2.0,True,True,PARALLEL,True,no-intervention,True,,,,,True,True,False,False,False,0,False,,False,True
NCT01312298,2011.0,<=2015,NA,proc_device,2,120.0,OTHER,COMPLETED,RANDOMIZED,True,SINGLE,1.0,True,False,SINGLE_GROUP,True,active,True,,,,,False,True,False,False,False,0,False,,False,True
NCT07630896,2026.0,2021-2026,PHASE4,both,2,104.0,OTHER,NOT_YET_RECRUITING,RANDOMIZED,True,NONE,0.0,False,False,PARALLEL,True,placebo/sham,True,,,,,True,True,False,False,False,0,False,NO,False,False
NCT04059744,2018.0,2016-2020,NA,proc_device,1,24.0,OTHER,COMPLETED,NA,False,NONE,0.0,False,False,SINGLE_GROUP,False,none/single-group,False,,,,,False,False,False,False,False,0,False,NO,False,False
NCT06947655,2024.0,2021-2026,NA,proc_device,2,50.0,OTHER,RECRUITING,RANDOMIZED,True,TRIPLE,3.0,True,True,PARALLEL,True,active,True,,,,,False,False,False,False,False,0,False,NO,False,False
NCT06676189,2024.0,2021-2026,NA,proc_device,2,90.0,OTHER,RECRUITING,RANDOMIZED,True,SINGLE,1.0,True,False,PARALLEL,True,active,True,,,,,False,True,False,False,False,0,False,NO,False,False
NCT02453360,2015.0,<=2015,NA,both,3,60.0,OTHER,COMPLETED,RANDOMIZED,True,DOUBLE,2.0,True,True,PARALLEL,True,none/single-group,False,60.0,60.0,0.0,True,False,False,True,True,False,0,False,,False,False
NCT00208494,2005.0,<=2015,NA,proc_device,2,392.0,INDUSTRY,COMPLETED,RANDOMIZED,True,SINGLE,1.0,True,False,PARALLEL,True,active,True,390.0,326.0,0.16410256410256407,True,False,True,False,True,False,0,False,,False,False
NCT06634654,2024.0,2021-2026,NA,proc_device,1,197.0,OTHER,RECRUITING,NA,False,NONE,0.0,False,False,SINGLE_GROUP,True,none/single-group,False,,,,,False,True,False,False,False,1,True,YES,True,False
NCT02115945,2013.0,<=2015,EARLY_PHASE1,proc_device,2,40.0,OTHER,COMPLETED,RANDOMIZED,True,DOUBLE,2.0,True,True,PARALLEL,True,active,True,,,,,False,False,False,False,True,0,False,,False,True
NCT07620145,2023.0,2021-2026,EARLY_PHASE1,proc_device,1,8.0,OTHER,COMPLETED,NA,False,NONE,0.0,False,False,SINGLE_GROUP,False,none/single-group,False,,,,,False,True,False,False,True,0,False,,False,False
NCT01450904,2011.0,<=2015,NA,proc_device,3,60.0,OTHER,COMPLETED,RANDOMIZED,True,TRIPLE,3.0,True,True,PARALLEL,True,none/single-group,False,,,,,False,True,True,False,False,0,False,,False,False
NCT01187537,2009.0,<=2015,NA,proc_device,3,200.0,OTHER,COMPLETED,RANDOMIZED,True,SINGLE,1.0,True,False,PARALLEL,True,active,True,,,,,False,True,True,False,False,1,True,,False,True
NCT02993016,2016.0,2016-2020,NA,proc_device,2,100.0,OTHER,UNKNOWN,RANDOMIZED,True,TRIPLE,3.0,True,True,PARALLEL,True,active,True,,,,,False,True,False,False,False,1,True,,False,False
NCT06654661,2026.0,2021-2026,NA,proc_device,1,50.0,OTHER,NOT_YET_RECRUITING,NA,False,NONE,0.0,False,False,SINGLE_GROUP,True,none/single-group,False,,,,,False,True,False,False,False,0,False,YES,True,False
NCT06735547,2023.0,2021-2026,NA,proc_device,2,216.0,OTHER,COMPLETED,RANDOMIZED,True,NONE,0.0,False,False,PARALLEL,True,active,True,,,,,False,False,False,False,False,0,False,NO,False,True
NCT04228731,2020.0,2016-2020,NA,proc_device,2,123.0,OTHER,COMPLETED,NON_RANDOMIZED,False,NONE,0.0,False,False,PARALLEL,True,active,True,,,,,False,False,False,False,False,0,False,NO,False,
NCT04399642,2019.0,2016-2020,NA,proc_device,2,1832.0,OTHER,ACTIVE_NOT_RECRUITING,RANDOMIZED,True,DOUBLE,2.0,True,True,PARALLEL,True,active,True,,,,,False,True,False,False,False,0,False,,False,False
NCT03034811,2017.0,2016-2020,NA,proc_device,1,757.0,INDUSTRY,ACTIVE_NOT_RECRUITING,NA,False,NONE,0.0,False,False,SINGLE_GROUP,True,none/single-group,False,,,,,False,True,False,False,False,0,False,NO,False,False
NCT02938416,2013.0,<=2015,NA,proc_device,3,126.0,OTHER,UNKNOWN,RANDOMIZED,True,SINGLE,1.0,True,False,PARALLEL,True,placebo/sham,True,,,,,False,True,True,False,False,2,True,NO,False,True
NCT06305858,2022.0,2021-2026,NA,proc_device,2,48.0,OTHER,UNKNOWN,RANDOMIZED,True,SINGLE,1.0,True,False,PARALLEL,True,active,True,,,,,False,False,False,False,False,0,False,UNDECIDED,False,
NCT00362492,2004.0,<=2015,PHASE4,proc_device,0,850.0,OTHER,COMPLETED,RANDOMIZED,True,NONE,0.0,False,False,PARALLEL,True,none/single-group,False,,,,,True,False,False,False,True,0,False,,False,
NCT03873363,2018.0,2016-2020,NA,proc_device,2,140.0,OTHER,ACTIVE_NOT_RECRUITING,RANDOMIZED,True,NONE,0.0,False,False,PARALLEL,True,active,True,,,,,False,True,False,False,False,0,False,,False,False
NCT06005623,2023.0,2021-2026,NA,proc_device,2,152.0,OTHER,ACTIVE_NOT_RECRUITING,RANDOMIZED,True,SINGLE,1.0,True,False,PARALLEL,True,no-intervention,True,,,,,False,False,False,False,False,1,True,NO,False,False
NCT02412813,2016.0,2016-2020,NA,proc_device,2,0.0,INDUSTRY,WITHDRAWN,RANDOMIZED,True,NONE,0.0,False,False,PARALLEL,False,active,True,,,,,False,True,False,False,False,0,False,,False,False
NCT05684471,2023.0,2021-2026,NA,proc_device,2,65.0,OTHER,COMPLETED,RANDOMIZED,True,DOUBLE,2.0,True,True,PARALLEL,True,active,True,,,,,False,True,False,False,False,0,False,NO,False,False
NCT04976972,2021.0,2021-2026,NA,proc_device,2,0.0,INDUSTRY,WITHDRAWN,RANDOMIZED,True,NONE,0.0,False,False,PARALLEL,False,active,True,,,,,False,True,False,False,False,0,False,NO,False,False
NCT00937170,2009.0,<=2015,NA,proc_device,3,0.0,OTHER,WITHDRAWN,RANDOMIZED,True,SINGLE,1.0,True,False,PARALLEL,False,active,True,,,,,False,True,True,False,False,0,False,,False,False
NCT02860949,2014.0,<=2015,PHASE2,both,2,90.0,OTHER,COMPLETED,RANDOMIZED,True,DOUBLE,2.0,True,True,PARALLEL,True,active,True,,,,,False,True,False,False,True,0,False,NO,False,True
NCT04594447,2021.0,2021-2026,NA,proc_device,2,3.0,INDUSTRY,TERMINATED,RANDOMIZED,True,NONE,0.0,False,False,PARALLEL,False,none/single-group,False,,,,,False,True,False,False,False,0,False,NO,False,False
NCT04778774,2021.0,2021-2026,NA,proc_device,2,80.0,OTHER,COMPLETED,RANDOMIZED,True,DOUBLE,2.0,True,True,PARALLEL,True,none/single-group,False,,,,,False,True,False,False,False,0,False,NO,False,False
NCT00761956,2004.0,<=2015,NA,proc_device,2,189.0,INDUSTRY,COMPLETED,RANDOMIZED,True,SINGLE,1.0,True,False,PARALLEL,True,active,True,189.0,100.0,0.47089947089947093,False,False,True,False,True,False,0,False,,False,False
NCT00782444,2009.0,<=2015,NA,proc_device,2,192.0,OTHER,COMPLETED,RANDOMIZED,True,TRIPLE,3.0,True,True,PARALLEL,True,placebo/sham,True,,,,,False,True,False,False,False,1,True,,False,True
NCT06239038,2021.0,2021-2026,PHASE3,proc_device,2,132.0,OTHER,UNKNOWN,RANDOMIZED,True,DOUBLE,2.0,True,True,PARALLEL,True,none/single-group,False,,,,,True,True,False,False,False,0,False,NO,False,True
NCT06474182,2025.0,2021-2026,NA,both,2,32.0,OTHER,RECRUITING,NON_RANDOMIZED,False,SINGLE,1.0,True,False,PARALLEL,True,none/single-group,False,,,,,False,False,False,False,False,0,False,,False,False
NCT03424174,2017.0,2016-2020,NA,proc_device,2,80.0,OTHER,ACTIVE_NOT_RECRUITING,RANDOMIZED,True,NONE,0.0,False,False,PARALLEL,True,active,True,,,,,False,True,False,False,False,1,True,NO,False,False
NCT03145493,2014.0,<=2015,NA,proc_device,2,140.0,OTHER,COMPLETED,RANDOMIZED,True,SINGLE,1.0,True,False,PARALLEL,True,no-intervention,True,,,,,False,True,False,False,False,0,False,,False,True
NCT03289247,2015.0,<=2015,NA,proc_device,2,30.0,OTHER,COMPLETED,RANDOMIZED,True,SINGLE,1.0,True,False,PARALLEL,True,no-intervention,True,,,,,False,True,False,False,False,0,False,UNDECIDED,False,False
NCT07356323,2026.0,2021-2026,NA,proc_device,1,179.0,INDUSTRY,RECRUITING,NA,False,NONE,0.0,False,False,SINGLE_GROUP,True,none/single-group,False,,,,,False,False,False,False,False,0,False,NO,False,False
NCT01180582,2009.0,<=2015,NA,proc_device,0,30.0,OTHER,COMPLETED,NA,False,NONE,0.0,False,False,SINGLE_GROUP,True,none/single-group,False,,,,,False,True,False,False,False,0,False,,False,False
NCT04730271,2021.0,2021-2026,NA,proc_device,2,200.0,INDUSTRY,COMPLETED,NON_RANDOMIZED,False,SINGLE,1.0,True,False,SEQUENTIAL,True,active,True,200.0,169.0,0.15500000000000003,True,False,True,False,True,False,0,False,YES,True,False
NCT03928522,2019.0,2016-2020,PHASE4,both,4,60.0,OTHER,COMPLETED,RANDOMIZED,True,SINGLE,1.0,True,False,PARALLEL,False,active,True,60.0,60.0,0.0,True,True,True,True,True,False,0,False,NO,False,False
NCT05490186,2021.0,2021-2026,NA,proc_device,3,261.0,OTHER,TERMINATED,RANDOMIZED,True,DOUBLE,2.0,True,True,PARALLEL,True,active,True,,,,,False,True,True,False,False,0,False,NO,False,False
NCT07171931,2025.0,2021-2026,NA,proc_device,2,72.0,OTHER,NOT_YET_RECRUITING,RANDOMIZED,True,TRIPLE,3.0,True,True,PARALLEL,True,active,True,,,,,False,True,False,False,False,0,False,NO,False,False
NCT06759116,2025.0,2021-2026,NA,proc_device,3,111.0,OTHER_GOV,RECRUITING,RANDOMIZED,True,DOUBLE,2.0,True,True,PARALLEL,True,active,True,,,,,False,True,True,False,False,0,False,NO,False,False
NCT03133481,2014.0,<=2015,PHASE3,both,2,94.0,OTHER,COMPLETED,RANDOMIZED,True,SINGLE,1.0,True,False,PARALLEL,False,active,True,94.0,90.0,0.04255319148936165,True,True,True,False,True,False,0,False,UNDECIDED,False,True
NCT02638480,2015.0,<=2015,NA,proc_device,2,100.0,OTHER,UNKNOWN,RANDOMIZED,True,NONE,0.0,False,False,PARALLEL,True,no-intervention,True,,,,,False,True,False,False,False,0,False,,False,False
NCT07134283,2024.0,2021-2026,NA,proc_device,2,208.0,OTHER,COMPLETED,RANDOMIZED,True,SINGLE,1.0,True,False,PARALLEL,True,active,True,,,,,False,True,False,False,True,0,False,NO,False,False
NCT01075230,2010.0,<=2015,NA,proc_device,2,50.0,INDUSTRY,TERMINATED,RANDOMIZED,True,SINGLE,1.0,True,False,PARALLEL,True,active,True,,,,,False,True,False,False,False,0,False,,False,False
NCT01745263,2012.0,<=2015,PHASE3,both,8,2157.0,OTHER,COMPLETED,RANDOMIZED,True,QUADRUPLE,4.0,True,True,FACTORIAL,True,placebo/sham,True,,,,,True,False,True,False,False,11,True,,False,True
NCT05487001,2022.0,2021-2026,NA,proc_device,2,18.0,OTHER,COMPLETED,RANDOMIZED,True,DOUBLE,2.0,True,True,PARALLEL,False,placebo/sham,True,,,,,False,False,False,False,False,0,False,NO,False,False
NCT03818022,2019.0,2016-2020,NA,proc_device,2,0.0,OTHER,WITHDRAWN,RANDOMIZED,True,DOUBLE,2.0,True,True,PARALLEL,False,no-intervention,True,,,,,False,True,False,False,False,0,False,,False,False
NCT03469193,2018.0,2016-2020,NA,proc_device,2,66.0,OTHER,COMPLETED,RANDOMIZED,True,NONE,0.0,False,False,PARALLEL,True,active,True,,,,,False,False,False,False,True,0,False,,False,
NCT00733681,2004.0,<=2015,PHASE4,proc_device,1,181.0,INDUSTRY,TERMINATED,NA,False,NONE,0.0,False,False,SINGLE_GROUP,True,none/single-group,False,,,,,True,True,False,False,False,0,False,,False,False
NCT02791477,2016.0,2016-2020,NA,proc_device,1,65.0,OTHER,UNKNOWN,NA,False,NONE,0.0,False,False,SINGLE_GROUP,True,none/single-group,False,,,,,False,True,False,False,False,0,False,UNDECIDED,False,False
NCT04130009,2016.0,2016-2020,NA,proc_device,2,70.0,OTHER,COMPLETED,RANDOMIZED,True,NONE,0.0,False,False,PARALLEL,True,active,True,,,,,False,True,False,False,False,0,False,UNDECIDED,False,False
NCT03731676,2000.0,<=2015,NA,proc_device,2,250.0,OTHER,UNKNOWN,RANDOMIZED,True,QUADRUPLE,4.0,True,True,PARALLEL,True,active,True,,,,,False,True,False,False,False,0,False,NO,False,
NCT04019847,2017.0,2016-2020,NA,proc_device,2,35.0,OTHER,COMPLETED,NON_RANDOMIZED,False,SINGLE,1.0,True,False,SEQUENTIAL,True,active,True,,,,,False,True,False,False,False,0,False,,False,True
NCT07514598,2025.0,2021-2026,NA,proc_device,2,62.0,OTHER,COMPLETED,RANDOMIZED,True,NONE,0.0,False,False,PARALLEL,True,active,True,,,,,False,True,False,False,False,1,True,NO,False,
NCT00529958,2007.0,<=2015,NA,proc_device,3,330.0,OTHER,COMPLETED,RANDOMIZED,True,DOUBLE,2.0,True,True,PARALLEL,True,active,True,330.0,322.0,0.024242424242424288,True,False,True,True,True,True,0,False,NO,False,False
NCT07506434,2026.0,2021-2026,NA,proc_device,2,30.0,OTHER,NOT_YET_RECRUITING,RANDOMIZED,True,DOUBLE,2.0,True,True,PARALLEL,True,active,True,,,,,False,True,False,False,False,0,False,NO,False,False
NCT04010266,2021.0,2021-2026,NA,both,2,63.0,INDUSTRY,COMPLETED,RANDOMIZED,True,SINGLE,1.0,True,False,PARALLEL,True,active,True,63.0,42.0,0.33333333333333337,False,False,False,False,True,False,0,False,,False,False
NCT06118073,2023.0,2021-2026,NA,proc_device,2,140.0,OTHER,UNKNOWN,RANDOMIZED,True,NONE,0.0,False,False,PARALLEL,True,active,True,,,,,False,False,False,False,False,0,False,,False,
NCT02475603,2012.0,<=2015,NA,proc_device,2,100.0,OTHER,UNKNOWN,RANDOMIZED,True,TRIPLE,3.0,True,True,PARALLEL,True,none/single-group,False,,,,,False,False,False,False,False,1,True,,False,False
NCT03849274,2020.0,2016-2020,EARLY_PHASE1,proc_device,3,60.0,OTHER,COMPLETED,RANDOMIZED,True,SINGLE,1.0,True,False,PARALLEL,True,active,True,,,,,False,True,True,False,False,0,False,UNDECIDED,False,False
NCT05045651,2014.0,<=2015,NA,proc_device,2,80.0,OTHER,COMPLETED,RANDOMIZED,True,QUADRUPLE,4.0,True,True,PARALLEL,True,none/single-group,False,,,,,False,True,False,False,False,0,False,NO,False,True
NCT07381062,2022.0,2021-2026,NA,proc_device,2,70.0,OTHER,COMPLETED,RANDOMIZED,True,SINGLE,1.0,True,False,PARALLEL,True,active,True,,,,,False,True,False,False,False,1,True,UNDECIDED,False,True
NCT07155837,2024.0,2021-2026,NA,proc_device,1,44.0,OTHER,ENROLLING_BY_INVITATION,NA,False,NONE,0.0,False,False,SEQUENTIAL,True,none/single-group,False,,,,,False,False,False,False,False,0,False,,False,
NCT05252858,2022.0,2021-2026,NA,proc_device,2,79.0,OTHER,COMPLETED,RANDOMIZED,True,TRIPLE,3.0,True,True,PARALLEL,True,active,True,69.0,69.0,0.0,True,False,True,False,True,False,0,False,NO,False,True
NCT03114449,2012.0,<=2015,NA,proc_device,2,150.0,OTHER,COMPLETED,RANDOMIZED,True,QUADRUPLE,4.0,True,True,PARALLEL,True,placebo/sham,True,,,,,False,True,False,False,False,0,False,UNDECIDED,False,False
NCT05629715,2025.0,2021-2026,NA,proc_device,3,0.0,OTHER,WITHDRAWN,RANDOMIZED,True,NONE,0.0,False,False,PARALLEL,False,active,True,,,,,False,True,True,False,False,0,False,,False,True
NCT07288983,2026.0,2021-2026,NA,proc_device,3,93.0,OTHER,RECRUITING,RANDOMIZED,True,QUADRUPLE,4.0,True,True,PARALLEL,True,active,True,,,,,False,True,True,False,False,0,False,YES,True,False
NCT01826305,2014.0,<=2015,NA,proc_device,2,23.0,OTHER,TERMINATED,RANDOMIZED,True,NONE,0.0,False,False,PARALLEL,False,active,True,,,,,False,True,False,False,False,0,False,,False,
NCT06467721,2024.0,2021-2026,NA,proc_device,2,600.0,OTHER,NOT_YET_RECRUITING,RANDOMIZED,True,SINGLE,1.0,True,False,PARALLEL,True,active,True,,,,,False,False,False,False,False,0,False,YES,True,True
NCT00925626,2009.0,<=2015,NA,proc_device,2,100.0,OTHER,COMPLETED,RANDOMIZED,True,SINGLE,1.0,True,False,PARALLEL,True,active,True,,,,,False,True,False,False,False,0,False,,False,False
NCT02826551,2017.0,2016-2020,NA,both,2,23.0,OTHER,TERMINATED,RANDOMIZED,True,SINGLE,1.0,True,False,PARALLEL,False,placebo/sham,True,23.0,23.0,0.0,True,False,True,False,True,False,0,False,,False,False
NCT05212038,2022.0,2021-2026,NA,proc_device,2,56.0,OTHER,COMPLETED,RANDOMIZED,True,DOUBLE,2.0,True,True,PARALLEL,True,placebo/sham,True,,,,,False,False,False,False,False,1,True,NO,False,False
NCT06065878,2022.0,2021-2026,NA,proc_device,2,40.0,OTHER,COMPLETED,RANDOMIZED,True,QUADRUPLE,4.0,True,True,PARALLEL,True,active,True,,,,,False,True,False,False,False,0,False,NO,False,False
NCT00815958,2007.0,<=2015,NA,proc_device,2,6.0,OTHER,TERMINATED,RANDOMIZED,True,DOUBLE,2.0,True,True,PARALLEL,False,active,True,,,,,False,False,False,False,False,0,False,,False,False
NCT05144425,2021.0,2021-2026,NA,proc_device,2,100.0,OTHER,UNKNOWN,RANDOMIZED,True,SINGLE,1.0,True,False,PARALLEL,True,placebo/sham,True,,,,,False,True,False,False,False,0,False,,False,
NCT03450681,2014.0,<=2015,NA,proc_device,2,111.0,OTHER,COMPLETED,RANDOMIZED,True,SINGLE,1.0,True,False,PARALLEL,True,placebo/sham,True,,,,,False,True,False,False,False,0,False,,False,True
NCT02266407,2012.0,<=2015,NA,proc_device,2,80.0,INDUSTRY,COMPLETED,NON_RANDOMIZED,False,NONE,0.0,False,False,PARALLEL,True,active,True,,,,,False,True,False,False,False,0,False,NO,False,True
NCT07381335,2025.0,2021-2026,NA,proc_device,2,140.0,OTHER,ACTIVE_NOT_RECRUITING,RANDOMIZED,True,TRIPLE,3.0,True,True,PARALLEL,True,none/single-group,False,,,,,False,True,False,False,False,0,False,NO,False,True
NCT03172715,2018.0,2016-2020,NA,proc_device,2,98.0,OTHER,RECRUITING,RANDOMIZED,True,NONE,0.0,False,False,PARALLEL,True,active,True,,,,,False,True,False,False,False,0,False,NO,False,True
NCT03114306,2017.0,2016-2020,NA,proc_device,2,40.0,OTHER,COMPLETED,RANDOMIZED,True,DOUBLE,2.0,True,True,PARALLEL,True,active,True,,,,,False,True,False,False,True,0,False,NO,False,True
NCT05528822,2022.0,2021-2026,NA,proc_device,2,100.0,OTHER,UNKNOWN,RANDOMIZED,True,NONE,0.0,False,False,PARALLEL,True,none/single-group,False,,,,,False,True,False,False,False,0,False,NO,False,False
NCT00289081,2001.0,<=2015,NA,proc_device,2,399.0,INDUSTRY,TERMINATED,NON_RANDOMIZED,False,NONE,0.0,False,False,PARALLEL,True,active,True,,,,,False,True,False,False,False,0,False,,False,False
NCT07515378,2022.0,2021-2026,NA,proc_device,2,20.0,OTHER,COMPLETED,RANDOMIZED,True,DOUBLE,2.0,True,True,PARALLEL,False,active,True,,,,,False,True,False,False,False,0,False,NO,False,
NCT02707419,2014.0,<=2015,NA,proc_device,2,41.0,OTHER,COMPLETED,RANDOMIZED,True,DOUBLE,2.0,True,True,PARALLEL,True,active,True,,,,,False,True,False,False,False,0,False,NO,False,False
NCT04299516,2017.0,2016-2020,NA,proc_device,2,246.0,OTHER,COMPLETED,RANDOMIZED,True,DOUBLE,2.0,True,True,PARALLEL,True,active,True,,,,,False,True,False,False,False,1,True,NO,False,False
NCT02034032,2014.0,<=2015,NA,proc_device,2,48.0,INDUSTRY,COMPLETED,RANDOMIZED,True,NONE,0.0,False,False,CROSSOVER,True,active,True,,,,,False,True,False,False,False,1,True,NO,False,False
NCT04684160,2016.0,2016-2020,NA,proc_device,2,100.0,OTHER,UNKNOWN,RANDOMIZED,True,DOUBLE,2.0,True,True,PARALLEL,True,active,True,,,,,False,True,False,False,False,0,False,NO,False,
NCT02020057,2006.0,<=2015,NA,proc_device,2,319.0,OTHER,COMPLETED,RANDOMIZED,True,DOUBLE,2.0,True,True,PARALLEL,True,active,True,,,,,False,True,False,False,False,0,False,,False,True
NCT01442298,2008.0,<=2015,NA,proc_device,2,164.0,OTHER,COMPLETED,RANDOMIZED,True,TRIPLE,3.0,True,True,PARALLEL,True,active,True,,,,,False,True,False,False,False,0,False,,False,True
NCT05416294,2022.0,2021-2026,NA,proc_device,2,44.0,INDUSTRY,UNKNOWN,RANDOMIZED,True,TRIPLE,3.0,True,True,PARALLEL,True,placebo/sham,True,,,,,False,True,False,False,False,0,False,,False,False
NCT06284824,2024.0,2021-2026,NA,proc_device,2,120.0,NETWORK,NOT_YET_RECRUITING,RANDOMIZED,True,NONE,0.0,False,False,SINGLE_GROUP,True,none/single-group,False,,,,,False,True,False,False,False,0,False,NO,False,False
NCT06124651,2004.0,<=2015,NA,proc_device,2,300.0,OTHER,COMPLETED,RANDOMIZED,True,DOUBLE,2.0,True,True,,True,active,True,,,,,False,True,False,False,False,0,False,,False,
NCT07628010,2023.0,2021-2026,NA,proc_device,2,100.0,OTHER,ACTIVE_NOT_RECRUITING,NON_RANDOMIZED,False,SINGLE,1.0,True,False,PARALLEL,True,active,True,,,,,False,True,False,False,False,0,False,UNDECIDED,False,
NCT04258917,2021.0,2021-2026,NA,proc_device,2,0.0,OTHER,WITHDRAWN,RANDOMIZED,True,NONE,0.0,False,False,PARALLEL,False,none/single-group,False,,,,,False,True,False,False,False,0,False,NO,False,True
NCT00967161,2012.0,<=2015,NA,proc_device,2,50.0,OTHER,COMPLETED,RANDOMIZED,True,NONE,0.0,False,False,PARALLEL,True,active,True,,,,,False,False,False,False,False,0,False,,False,False
NCT06241859,2024.0,2021-2026,NA,proc_device,2,100.0,OTHER,UNKNOWN,RANDOMIZED,True,DOUBLE,2.0,True,True,PARALLEL,True,placebo/sham,True,,,,,False,False,False,False,False,0,False,,False,True
NCT04206709,2020.0,2016-2020,NA,proc_device,2,40.0,OTHER,UNKNOWN,RANDOMIZED,True,SINGLE,1.0,True,False,CROSSOVER,True,placebo/sham,True,,,,,False,True,False,False,False,0,False,NO,False,False
NCT03410888,2011.0,<=2015,NA,proc_device,2,16.0,OTHER,COMPLETED,RANDOMIZED,True,TRIPLE,3.0,True,True,FACTORIAL,False,active,True,,,,,False,True,False,False,False,0,False,,False,True
NCT02976428,2017.0,2016-2020,NA,proc_device,2,184.0,OTHER,COMPLETED,RANDOMIZED,True,DOUBLE,2.0,True,True,PARALLEL,True,active,True,,,,,False,True,False,False,False,0,False,NO,False,False
NCT01764984,2005.0,<=2015,PHASE4,proc_device,2,65.0,OTHER,COMPLETED,RANDOMIZED,True,SINGLE,1.0,True,False,PARALLEL,False,active,True,,,,,True,True,False,False,False,0,False,,False,False
NCT04995679,2019.0,2016-2020,NA,proc_device,1,85.0,OTHER,COMPLETED,NA,False,NONE,0.0,False,False,SINGLE_GROUP,True,none/single-group,False,,,,,False,True,False,False,False,0,False,,False,
NCT02701114,2016.0,2016-2020,NA,proc_device,2,76.0,OTHER,COMPLETED,RANDOMIZED,True,DOUBLE,2.0,True,True,PARALLEL,True,active,True,,,,,False,True,False,False,False,1,True,UNDECIDED,False,True
NCT06342843,2024.0,2021-2026,NA,proc_device,2,211.0,OTHER,RECRUITING,RANDOMIZED,True,DOUBLE,2.0,True,True,PARALLEL,True,active,True,,,,,False,True,False,False,False,0,False,NO,False,False
NCT04924205,2021.0,2021-2026,NA,proc_device,2,80.0,OTHER,RECRUITING,RANDOMIZED,True,NONE,0.0,False,False,PARALLEL,True,no-intervention,True,,,,,False,False,False,False,False,0,False,NO,False,False
NCT05283889,2022.0,2021-2026,NA,proc_device,2,44.0,OTHER,ACTIVE_NOT_RECRUITING,RANDOMIZED,True,TRIPLE,3.0,True,True,CROSSOVER,True,active,True,,,,,False,True,False,False,False,0,False,NO,False,False
NCT06203756,2017.0,2016-2020,NA,proc_device,2,713.0,INDUSTRY,ENROLLING_BY_INVITATION,NON_RANDOMIZED,False,NONE,0.0,False,False,SEQUENTIAL,True,none/single-group,False,,,,,False,True,False,False,False,0,False,NO,False,False
NCT02139345,2014.0,<=2015,NA,proc_device,2,162.0,INDUSTRY,COMPLETED,RANDOMIZED,True,SINGLE,1.0,True,False,PARALLEL,True,active,True,,,,,False,True,False,False,False,0,False,NO,False,False
NCT02102828,2014.0,<=2015,NA,proc_device,2,100.0,OTHER,COMPLETED,RANDOMIZED,True,NONE,0.0,False,False,PARALLEL,True,placebo/sham,True,,,,,False,False,False,False,False,1,True,,False,False
NCT04683887,2021.0,2021-2026,NA,proc_device,2,23.0,OTHER,COMPLETED,RANDOMIZED,True,SINGLE,1.0,True,False,PARALLEL,False,no-intervention,True,23.0,19.0,0.17391304347826086,True,False,True,False,True,False,1,True,NO,False,
NCT03869996,2019.0,2016-2020,NA,proc_device,2,64.0,OTHER,RECRUITING,RANDOMIZED,True,NONE,0.0,False,False,PARALLEL,True,active,True,,,,,False,False,False,False,False,0,False,UNDECIDED,False,
NCT04492852,2020.0,2016-2020,NA,proc_device,2,82.0,OTHER,UNKNOWN,RANDOMIZED,True,NONE,0.0,False,False,PARALLEL,True,active,True,,,,,False,False,False,False,True,1,True,,False,True
NCT02012361,2014.0,<=2015,PHASE1,proc_device,2,40.0,OTHER,COMPLETED,RANDOMIZED,True,NONE,0.0,False,False,PARALLEL,True,active,True,,,,,False,False,False,False,False,0,False,NO,False,False
NCT00711867,2008.0,<=2015,PHASE3,proc_device,2,55.0,OTHER,COMPLETED,RANDOMIZED,True,NONE,0.0,False,False,PARALLEL,False,active,True,55.0,46.0,0.1636363636363637,True,True,False,False,True,False,1,True,,False,False
NCT06232018,2023.0,2021-2026,NA,proc_device,2,80.0,OTHER,COMPLETED,RANDOMIZED,True,QUADRUPLE,4.0,True,True,PARALLEL,True,active,True,80.0,78.0,0.025000000000000022,True,False,True,False,True,False,0,False,,False,False
NCT04458961,2020.0,2016-2020,NA,proc_device,2,3.0,OTHER,COMPLETED,RANDOMIZED,True,NONE,0.0,False,False,PARALLEL,False,active,True,,,,,False,True,False,False,False,1,True,,False,
NCT04502459,2015.0,<=2015,NA,proc_device,3,90.0,OTHER,COMPLETED,RANDOMIZED,True,DOUBLE,2.0,True,True,PARALLEL,True,active,True,,,,,False,False,True,False,False,0,False,UNDECIDED,False,False
NCT01075620,2002.0,<=2015,PHASE4,proc_device,2,126.0,OTHER,COMPLETED,RANDOMIZED,True,DOUBLE,2.0,True,True,PARALLEL,True,active,True,,,,,True,True,False,False,False,0,False,,False,True
NCT02415465,2015.0,<=2015,NA,proc_device,3,157.0,OTHER,COMPLETED,RANDOMIZED,True,NONE,0.0,False,False,PARALLEL,True,active,True,,,,,False,False,True,False,False,0,False,,False,False
NCT07552415,2026.0,2021-2026,NA,proc_device,2,170.0,OTHER,RECRUITING,RANDOMIZED,True,SINGLE,1.0,True,False,PARALLEL,True,placebo/sham,True,,,,,False,False,False,False,False,0,False,NO,False,False
NCT00493792,2007.0,<=2015,NA,proc_device,2,518.0,OTHER,COMPLETED,RANDOMIZED,True,SINGLE,1.0,True,False,PARALLEL,True,active,True,518.0,326.0,0.3706563706563707,False,False,True,False,True,False,0,False,,False,False
NCT03396640,2017.0,2016-2020,NA,proc_device,2,350.0,OTHER,ACTIVE_NOT_RECRUITING,RANDOMIZED,True,QUADRUPLE,4.0,True,True,PARALLEL,True,active,True,,,,,False,True,False,False,False,1,True,UNDECIDED,False,True
NCT06292663,2024.0,2021-2026,NA,proc_device,2,88.0,OTHER,COMPLETED,RANDOMIZED,True,SINGLE,1.0,True,False,PARALLEL,True,no-intervention,True,,,,,False,False,False,False,False,0,False,NO,False,False
NCT03559478,2018.0,2016-2020,NA,proc_device,2,70.0,OTHER,UNKNOWN,RANDOMIZED,True,SINGLE,1.0,True,False,PARALLEL,True,active,True,,,,,False,True,False,False,False,0,False,NO,False,False
NCT03169634,2017.0,2016-2020,NA,proc_device,3,61.0,OTHER,ACTIVE_NOT_RECRUITING,RANDOMIZED,True,DOUBLE,2.0,True,True,PARALLEL,True,none/single-group,False,,,,,False,True,True,False,False,0,False,NO,False,True
NCT04429997,2020.0,2016-2020,NA,proc_device,2,138.0,OTHER,UNKNOWN,RANDOMIZED,True,DOUBLE,2.0,True,True,PARALLEL,True,none/single-group,False,,,,,False,False,False,False,False,0,False,,False,False
NCT03354195,2018.0,2016-2020,NA,proc_device,3,14.0,OTHER,COMPLETED,NON_RANDOMIZED,False,NONE,0.0,False,False,PARALLEL,False,active,True,,,,,False,True,True,False,False,0,False,NO,False,False
NCT00358241,,,NA,proc_device,0,0.0,OTHER,WITHDRAWN,RANDOMIZED,True,DOUBLE,2.0,True,True,PARALLEL,False,none/single-group,False,,,,,False,False,False,False,False,0,False,,False,
NCT07700797,2026.0,2021-2026,NA,proc_device,2,24.0,OTHER_GOV,COMPLETED,RANDOMIZED,True,NONE,0.0,False,False,PARALLEL,False,none/single-group,False,,,,,False,True,False,False,False,0,False,NO,False,False
NCT06381752,2019.0,2016-2020,NA,proc_device,2,175.0,OTHER,COMPLETED,RANDOMIZED,True,NONE,0.0,False,False,PARALLEL,True,none/single-group,False,,,,,False,False,False,False,False,0,False,NO,False,False
NCT07201207,2025.0,2021-2026,NA,proc_device,2,170.0,OTHER,NOT_YET_RECRUITING,RANDOMIZED,True,TRIPLE,3.0,True,True,PARALLEL,True,active,True,,,,,False,True,False,False,False,0,False,NO,False,False
NCT06179641,2024.0,2021-2026,NA,proc_device,2,100.0,OTHER,UNKNOWN,RANDOMIZED,True,QUADRUPLE,4.0,True,True,PARALLEL,True,active,True,,,,,False,True,False,False,False,0,False,,False,True
NCT02387021,2015.0,<=2015,NA,both,2,80.0,OTHER,UNKNOWN,RANDOMIZED,True,QUADRUPLE,4.0,True,True,PARALLEL,True,active,True,,,,,False,True,False,False,False,0,False,,False,True
NCT06783712,2025.0,2021-2026,PHASE1,proc_device,2,60.0,OTHER,UNKNOWN,RANDOMIZED,True,SINGLE,1.0,True,False,PARALLEL,True,active,True,,,,,False,False,False,False,False,0,False,YES,True,True
NCT06096584,2023.0,2021-2026,PHASE4,proc_device,2,88.0,OTHER,UNKNOWN,RANDOMIZED,True,DOUBLE,2.0,True,True,PARALLEL,False,active,True,,,,,True,True,False,False,True,0,False,YES,True,False
NCT00746616,2007.0,<=2015,PHASE3,proc_device,1,40.0,INDUSTRY,COMPLETED,NA,False,NONE,0.0,False,False,SINGLE_GROUP,False,none/single-group,False,,,,,True,True,False,False,False,0,False,,False,False
NCT04923724,2020.0,2016-2020,NA,proc_device,2,165.0,OTHER,COMPLETED,RANDOMIZED,True,SINGLE,1.0,True,False,PARALLEL,True,active,True,165.0,115.0,0.303030303030303,False,False,True,False,True,False,0,False,NO,False,False
NCT00743717,2004.0,<=2015,PHASE2,proc_device,2,4.0,INDUSTRY,COMPLETED,RANDOMIZED,True,SINGLE,1.0,True,False,PARALLEL,False,active,True,4.0,4.0,0.0,True,False,True,False,True,False,0,False,,False,False
NCT02126813,2014.0,<=2015,NA,proc_device,2,800.0,OTHER,COMPLETED,RANDOMIZED,True,NONE,0.0,False,False,PARALLEL,True,active,True,,,,,False,False,False,False,False,0,False,,False,False
NCT04513145,2020.0,2016-2020,PHASE2;PHASE3,both,2,93.0,OTHER,TERMINATED,RANDOMIZED,True,DOUBLE,2.0,True,True,PARALLEL,False,placebo/sham,True,,,,,True,True,False,False,False,0,False,NO,False,True
NCT04017533,2021.0,2021-2026,NA,proc_device,1,31.0,OTHER,COMPLETED,NA,False,NONE,0.0,False,False,SINGLE_GROUP,True,none/single-group,False,,,,,False,False,False,False,False,1,True,NO,False,True
NCT02430129,2016.0,2016-2020,NA,proc_device,2,38.0,OTHER,COMPLETED,RANDOMIZED,True,NONE,0.0,False,False,PARALLEL,True,active,True,,,,,False,True,False,False,False,1,True,NO,False,False
NCT02117973,2014.0,<=2015,PHASE2,proc_device,2,60.0,OTHER,UNKNOWN,RANDOMIZED,True,NONE,0.0,False,False,PARALLEL,True,active,True,,,,,False,True,False,False,False,0,False,,False,False
NCT07705230,2025.0,2021-2026,NA,proc_device,2,64.0,OTHER,COMPLETED,RANDOMIZED,True,TRIPLE,3.0,True,True,PARALLEL,True,active,True,,,,,False,True,False,False,False,0,False,NO,False,
NCT02853669,2016.0,2016-2020,NA,proc_device,2,26.0,OTHER,UNKNOWN,RANDOMIZED,True,DOUBLE,2.0,True,True,PARALLEL,False,none/single-group,False,,,,,False,False,False,False,False,0,False,,False,True
NCT01636414,2012.0,<=2015,PHASE4,proc_device,3,204.0,OTHER,COMPLETED,RANDOMIZED,True,NONE,0.0,False,False,PARALLEL,True,active,True,204.0,186.0,0.08823529411764708,True,True,False,True,True,False,0,False,,False,True
NCT03650504,2018.0,2016-2020,NA,proc_device,2,40.0,OTHER,UNKNOWN,RANDOMIZED,True,SINGLE,1.0,True,False,PARALLEL,True,active,True,,,,,False,True,False,False,False,0,False,NO,False,False
NCT02188771,2014.0,<=2015,PHASE1;PHASE2,proc_device,1,11.0,INDUSTRY,COMPLETED,NA,False,NONE,0.0,False,False,SINGLE_GROUP,False,none/single-group,False,,,,,False,True,False,False,False,0,False,,False,False
NCT06383936,2025.0,2021-2026,NA,proc_device,1,20.0,OTHER,RECRUITING,NA,False,NONE,0.0,False,False,SINGLE_GROUP,False,none/single-group,False,,,,,False,True,False,False,False,0,False,,False,True
NCT04848896,2022.0,2021-2026,NA,proc_device,2,140.0,INDUSTRY,RECRUITING,RANDOMIZED,True,NONE,0.0,False,False,PARALLEL,True,active,True,,,,,False,True,False,False,False,0,False,NO,False,False
NCT05249478,2022.0,2021-2026,NA,proc_device,3,60.0,OTHER,UNKNOWN,RANDOMIZED,True,SINGLE,1.0,True,False,PARALLEL,True,active,True,,,,,False,False,True,False,True,0,False,YES,True,True
NCT03771430,2019.0,2016-2020,NA,proc_device,3,282.0,OTHER,ACTIVE_NOT_RECRUITING,RANDOMIZED,True,NONE,0.0,False,False,PARALLEL,True,active,True,,,,,False,True,True,False,False,4,True,NO,False,False
NCT03452995,2017.0,2016-2020,NA,proc_device,3,99.0,OTHER,COMPLETED,RANDOMIZED,True,SINGLE,1.0,True,False,PARALLEL,True,active,True,,,,,False,True,True,False,False,0,False,NO,False,False
NCT07433803,2026.0,2021-2026,NA,proc_device,2,100.0,OTHER_GOV,NOT_YET_RECRUITING,RANDOMIZED,True,TRIPLE,3.0,True,True,PARALLEL,True,active,True,,,,,False,True,False,False,True,0,False,NO,False,False
NCT04206046,2017.0,2016-2020,NA,proc_device,2,200.0,INDIV,UNKNOWN,RANDOMIZED,True,DOUBLE,2.0,True,True,PARALLEL,True,active,True,,,,,False,False,False,False,False,1,True,NO,False,False
NCT04102865,2019.0,2016-2020,NA,proc_device,2,90.0,INDUSTRY,COMPLETED,NON_RANDOMIZED,False,NONE,0.0,False,False,SINGLE_GROUP,True,none/single-group,False,90.0,83.0,0.07777777777777772,True,False,False,False,True,False,0,False,,False,False
NCT00431509,2007.0,<=2015,PHASE4,proc_device,0,477.0,OTHER,UNKNOWN,RANDOMIZED,True,SINGLE,1.0,True,False,PARALLEL,True,none/single-group,False,,,,,True,True,False,False,False,0,False,,False,
NCT05461651,2021.0,2021-2026,NA,proc_device,2,1800.0,OTHER,RECRUITING,RANDOMIZED,True,TRIPLE,3.0,True,True,PARALLEL,True,placebo/sham,True,,,,,False,True,False,False,False,0,False,NO,False,False
NCT02166632,2014.0,<=2015,NA,proc_device,2,50.0,OTHER,COMPLETED,RANDOMIZED,True,SINGLE,1.0,True,False,PARALLEL,True,active,True,,,,,False,True,False,False,False,0,False,,False,False
NCT01461356,2007.0,<=2015,NA,proc_device,2,40.0,OTHER,COMPLETED,RANDOMIZED,True,DOUBLE,2.0,True,True,PARALLEL,True,active,True,,,,,False,True,False,False,False,0,False,,False,False
NCT03454256,2016.0,2016-2020,NA,proc_device,2,48.0,OTHER,COMPLETED,RANDOMIZED,True,SINGLE,1.0,True,False,PARALLEL,True,no-intervention,True,,,,,False,True,False,False,False,1,True,UNDECIDED,False,True
NCT01352247,2010.0,<=2015,NA,proc_device,2,500.0,OTHER,COMPLETED,RANDOMIZED,True,NONE,0.0,False,False,PARALLEL,True,none/single-group,False,,,,,False,True,False,False,True,3,True,NO,False,True
NCT06856356,2023.0,2021-2026,NA,proc_device,2,40.0,OTHER,RECRUITING,RANDOMIZED,True,DOUBLE,2.0,True,True,PARALLEL,True,active,True,,,,,False,True,False,False,False,0,False,,False,True
NCT03518450,2018.0,2016-2020,NA,proc_device,3,78.0,OTHER,COMPLETED,RANDOMIZED,True,DOUBLE,2.0,True,True,PARALLEL,True,active,True,,,,,False,True,True,False,False,1,True,NO,False,False
NCT02516163,2010.0,<=2015,NA,proc_device,1,55.0,INDUSTRY,COMPLETED,NA,False,NONE,0.0,False,False,SINGLE_GROUP,True,none/single-group,False,52.0,24.0,0.5384615384615384,False,False,True,False,True,False,0,False,,False,False
NCT03895489,2019.0,2016-2020,NA,proc_device,3,48.0,OTHER,COMPLETED,RANDOMIZED,True,NONE,0.0,False,False,PARALLEL,True,active,True,,,,,False,False,True,False,False,0,False,,False,
NCT02540070,2014.0,<=2015,PHASE3,both,3,135.0,OTHER,UNKNOWN,RANDOMIZED,True,DOUBLE,2.0,True,True,PARALLEL,True,active,True,,,,,True,True,True,False,False,0,False,,False,False
NCT01024309,2009.0,<=2015,NA,proc_device,2,66.0,OTHER,COMPLETED,RANDOMIZED,True,NONE,0.0,False,False,PARALLEL,True,active,True,66.0,54.0,0.18181818181818177,True,False,True,False,True,False,0,False,,False,True
NCT05630053,2023.0,2021-2026,NA,proc_device,2,300.0,INDUSTRY,ACTIVE_NOT_RECRUITING,RANDOMIZED,True,SINGLE,1.0,True,False,PARALLEL,True,active,True,,,,,False,True,False,False,False,0,False,,False,False
NCT04092153,2018.0,2016-2020,NA,proc_device,2,100.0,OTHER,COMPLETED,RANDOMIZED,True,TRIPLE,3.0,True,True,PARALLEL,True,active,True,,,,,False,True,False,False,False,1,True,NO,False,
NCT05668546,2021.0,2021-2026,NA,proc_device,2,29.0,OTHER,COMPLETED,RANDOMIZED,True,DOUBLE,2.0,True,True,CROSSOVER,False,none/single-group,False,,,,,False,False,False,False,False,0,False,YES,True,True
NCT03706313,2019.0,2016-2020,PHASE4,both,2,40.0,OTHER,COMPLETED,RANDOMIZED,True,SINGLE,1.0,True,False,PARALLEL,False,placebo/sham,True,40.0,40.0,0.0,True,True,False,False,True,False,1,True,NO,False,False
NCT03653416,2018.0,2016-2020,PHASE4,both,2,99.0,OTHER,COMPLETED,RANDOMIZED,True,QUADRUPLE,4.0,True,True,PARALLEL,False,active,True,99.0,92.0,0.07070707070707072,True,True,True,False,True,False,1,True,NO,False,True
NCT05384860,2022.0,2021-2026,NA,proc_device,2,484.0,OTHER,COMPLETED,RANDOMIZED,True,DOUBLE,2.0,True,True,PARALLEL,True,placebo/sham,True,,,,,False,True,False,False,False,0,False,YES,True,False
NCT02636751,2016.0,2016-2020,NA,proc_device,3,36.0,OTHER,UNKNOWN,RANDOMIZED,True,SINGLE,1.0,True,False,PARALLEL,True,active,True,,,,,False,True,True,False,False,2,True,,False,False
NCT04814303,2021.0,2021-2026,NA,proc_device,3,200.0,OTHER,UNKNOWN,RANDOMIZED,True,TRIPLE,3.0,True,True,PARALLEL,True,active,True,,,,,False,True,True,False,False,0,False,,False,False
NCT07174895,2021.0,2021-2026,NA,both,3,192.0,OTHER,COMPLETED,RANDOMIZED,True,NONE,0.0,False,False,PARALLEL,True,active,True,,,,,False,True,True,False,True,0,False,,False,False
NCT07517159,2025.0,2021-2026,NA,proc_device,2,61.0,OTHER,COMPLETED,RANDOMIZED,True,SINGLE,1.0,True,False,PARALLEL,True,active,True,,,,,False,True,False,False,False,0,False,NO,False,
NCT03628378,2017.0,2016-2020,NA,proc_device,2,130.0,OTHER,COMPLETED,RANDOMIZED,True,SINGLE,1.0,True,False,PARALLEL,True,no-intervention,True,130.0,130.0,0.0,True,False,True,False,True,False,1,True,,False,True
NCT03554720,2018.0,2016-2020,NA,proc_device,2,50.0,OTHER,COMPLETED,RANDOMIZED,True,SINGLE,1.0,True,False,PARALLEL,True,active,True,,,,,False,True,False,False,False,0,False,,False,
NCT03010605,2017.0,2016-2020,NA,proc_device,2,46.0,OTHER,UNKNOWN,RANDOMIZED,True,NONE,0.0,False,False,SINGLE_GROUP,True,active,True,,,,,False,True,False,False,False,0,False,UNDECIDED,False,False
NCT07149896,2025.0,2021-2026,PHASE3,proc_device,2,90.0,OTHER,NOT_YET_RECRUITING,RANDOMIZED,True,TRIPLE,3.0,True,True,PARALLEL,False,active,True,,,,,True,True,False,False,True,0,False,YES,True,True
NCT07080892,2025.0,2021-2026,NA,proc_device,2,120.0,OTHER,RECRUITING,RANDOMIZED,True,DOUBLE,2.0,True,True,PARALLEL,True,none/single-group,False,,,,,False,True,False,False,False,0,False,NO,False,False
NCT05325060,2007.0,<=2015,NA,proc_device,2,200.0,OTHER,COMPLETED,RANDOMIZED,True,DOUBLE,2.0,True,True,PARALLEL,True,active,True,,,,,False,True,False,False,True,0,False,NO,False,False
NCT03865524,2019.0,2016-2020,NA,proc_device,2,158.0,OTHER,UNKNOWN,RANDOMIZED,True,NONE,0.0,False,False,PARALLEL,True,active,True,,,,,False,True,False,False,False,0,False,NO,False,
NCT06839807,2025.0,2021-2026,NA,proc_device,2,124.0,OTHER,RECRUITING,RANDOMIZED,True,NONE,0.0,False,False,PARALLEL,True,no-intervention,True,,,,,False,False,False,False,False,0,False,NO,False,False
NCT03106558,2016.0,2016-2020,NA,proc_device,2,400.0,OTHER,UNKNOWN,NON_RANDOMIZED,False,NONE,0.0,False,False,SEQUENTIAL,True,active,True,,,,,False,True,False,False,False,0,False,,False,
NCT04039984,2019.0,2016-2020,NA,proc_device,1,0.0,OTHER,WITHDRAWN,NA,False,NONE,0.0,False,False,SINGLE_GROUP,False,none/single-group,False,,,,,False,True,False,False,False,0,False,NO,False,False
NCT00837447,2004.0,<=2015,PHASE4,proc_device,2,54.0,OTHER,COMPLETED,RANDOMIZED,True,DOUBLE,2.0,True,True,PARALLEL,False,active,True,54.0,54.0,0.0,True,True,True,False,True,False,0,False,,False,False
NCT02104934,2014.0,<=2015,NA,proc_device,2,40.0,OTHER,COMPLETED,RANDOMIZED,True,DOUBLE,2.0,True,True,PARALLEL,True,active,True,,,,,False,True,False,False,False,0,False,UNDECIDED,False,False
NCT07242170,2025.0,2021-2026,NA,proc_device,3,102.0,OTHER,RECRUITING,RANDOMIZED,True,TRIPLE,3.0,True,True,PARALLEL,True,none/single-group,False,,,,,False,False,True,False,False,0,False,NO,False,False
NCT00954954,2006.0,<=2015,PHASE4,proc_device,2,170.0,OTHER,COMPLETED,RANDOMIZED,True,SINGLE,1.0,True,False,PARALLEL,True,active,True,,,,,True,True,False,False,False,0,False,,False,False
NCT04016285,2019.0,2016-2020,NA,proc_device,2,73.0,OTHER,COMPLETED,RANDOMIZED,True,DOUBLE,2.0,True,True,PARALLEL,True,active,True,73.0,58.0,0.20547945205479456,False,False,True,False,True,False,1,True,NO,False,False
NCT05391828,2023.0,2021-2026,NA,proc_device,2,200.0,OTHER,RECRUITING,RANDOMIZED,True,NONE,0.0,False,False,PARALLEL,True,active,True,,,,,False,True,False,False,False,0,False,YES,True,False
NCT03448198,2012.0,<=2015,NA,proc_device,1,20.0,OTHER,COMPLETED,NA,False,NONE,0.0,False,False,SINGLE_GROUP,False,none/single-group,False,,,,,False,True,False,False,False,0,False,,False,
NCT07657871,2026.0,2021-2026,NA,proc_device,2,180.0,OTHER,NOT_YET_RECRUITING,RANDOMIZED,True,SINGLE,1.0,True,False,PARALLEL,True,active,True,,,,,False,True,False,False,False,0,False,NO,False,False
NCT03389880,2017.0,2016-2020,NA,proc_device,2,241.0,OTHER,COMPLETED,RANDOMIZED,True,TRIPLE,3.0,True,True,PARALLEL,True,active,True,,,,,False,True,False,False,False,0,False,NO,False,False
NCT07465484,2024.0,2021-2026,NA,proc_device,2,300.0,OTHER,RECRUITING,RANDOMIZED,True,NONE,0.0,False,False,PARALLEL,True,active,True,,,,,False,False,False,False,False,0,False,UNDECIDED,False,True
NCT07032805,2025.0,2021-2026,NA,proc_device,2,44.0,OTHER,COMPLETED,RANDOMIZED,True,SINGLE,1.0,True,False,PARALLEL,True,active,True,,,,,False,True,False,False,False,0,False,NO,False,False
NCT07053241,2024.0,2021-2026,NA,proc_device,2,54.0,OTHER,COMPLETED,RANDOMIZED,True,TRIPLE,3.0,True,True,PARALLEL,True,placebo/sham,True,,,,,False,False,False,False,False,0,False,NO,False,True
NCT07454356,2025.0,2021-2026,NA,proc_device,2,150.0,INDUSTRY,RECRUITING,RANDOMIZED,True,NONE,0.0,False,False,PARALLEL,True,active,True,,,,,False,True,False,False,False,0,False,NO,False,False
NCT02699411,2016.0,2016-2020,NA,proc_device,2,40.0,OTHER,UNKNOWN,RANDOMIZED,True,SINGLE,1.0,True,False,PARALLEL,True,active,True,,,,,False,True,False,False,False,0,False,NO,False,True
NCT00409266,2007.0,<=2015,NA,proc_device,1,0.0,INDUSTRY,WITHDRAWN,NA,False,NONE,0.0,False,False,SINGLE_GROUP,False,none/single-group,False,,,,,False,True,False,False,False,0,False,,False,
NCT04396652,2020.0,2016-2020,NA,proc_device,3,60.0,OTHER,COMPLETED,RANDOMIZED,True,DOUBLE,2.0,True,True,PARALLEL,True,none/single-group,False,,,,,False,False,True,False,False,0,False,NO,False,False
NCT04307251,2020.0,2016-2020,NA,proc_device,2,168.0,OTHER,COMPLETED,RANDOMIZED,True,TRIPLE,3.0,True,True,PARALLEL,True,none/single-group,False,,,,,False,True,False,False,False,0,False,,False,False
NCT02521103,2015.0,<=2015,NA,proc_device,1,254.0,INDUSTRY,ACTIVE_NOT_RECRUITING,NA,False,NONE,0.0,False,False,SINGLE_GROUP,True,none/single-group,False,254.0,135.0,0.46850393700787396,False,False,True,False,True,False,0,False,,False,False
NCT01198340,2010.0,<=2015,NA,proc_device,2,60.0,OTHER,UNKNOWN,RANDOMIZED,True,SINGLE,1.0,True,False,PARALLEL,True,active,True,,,,,False,True,False,False,False,0,False,,False,True
NCT02405104,2015.0,<=2015,PHASE4,both,4,400.0,OTHER,COMPLETED,RANDOMIZED,True,QUADRUPLE,4.0,True,True,PARALLEL,True,placebo/sham,True,,,,,True,True,True,False,False,0,False,,False,True
NCT07388290,2026.0,2021-2026,NA,proc_device,2,54.0,OTHER,ENROLLING_BY_INVITATION,RANDOMIZED,True,NONE,0.0,False,False,PARALLEL,True,active,True,,,,,False,True,False,False,False,0,False,NO,False,False
NCT04352972,2020.0,2016-2020,NA,proc_device,2,114.0,OTHER,COMPLETED,RANDOMIZED,True,SINGLE,1.0,True,False,PARALLEL,True,active,True,,,,,False,True,False,False,False,2,True,UNDECIDED,False,
NCT01261897,2011.0,<=2015,PHASE4,proc_device,2,40.0,OTHER,COMPLETED,RANDOMIZED,True,QUADRUPLE,4.0,True,True,PARALLEL,False,placebo/sham,True,,,,,True,True,False,False,False,1,True,,False,True
NCT01191593,2010.0,<=2015,PHASE4,proc_device,2,36.0,OTHER,COMPLETED,RANDOMIZED,True,QUADRUPLE,4.0,True,True,PARALLEL,False,placebo/sham,True,,,,,True,True,False,False,False,1,True,,False,True
NCT03395444,2017.0,2016-2020,NA,proc_device,2,40.0,INDUSTRY,UNKNOWN,RANDOMIZED,True,TRIPLE,3.0,True,True,PARALLEL,True,placebo/sham,True,,,,,False,True,False,False,False,0,False,NO,False,False
NCT06950502,2022.0,2021-2026,NA,both,2,120.0,OTHER,COMPLETED,RANDOMIZED,True,NONE,0.0,False,False,PARALLEL,True,active,True,,,,,False,True,False,False,False,0,False,YES,True,False
NCT03249701,2018.0,2016-2020,NA,proc_device,3,90.0,OTHER,UNKNOWN,RANDOMIZED,True,QUADRUPLE,4.0,True,True,PARALLEL,True,placebo/sham,True,,,,,False,False,True,False,True,0,False,YES,True,True
NCT07667231,2026.0,2021-2026,NA,proc_device,2,60.0,OTHER,NOT_YET_RECRUITING,RANDOMIZED,True,DOUBLE,2.0,True,True,PARALLEL,True,active,True,,,,,False,True,False,False,False,0,False,NO,False,False
NCT07017192,2025.0,2021-2026,NA,proc_device,2,50.0,OTHER,RECRUITING,RANDOMIZED,True,SINGLE,1.0,True,False,PARALLEL,True,none/single-group,False,,,,,False,True,False,False,False,0,False,NO,False,False
NCT01855906,2013.0,<=2015,NA,proc_device,2,0.0,OTHER,WITHDRAWN,RANDOMIZED,True,SINGLE,1.0,True,False,PARALLEL,False,active,True,,,,,False,True,False,False,False,0,False,,False,False
NCT00854295,2009.0,<=2015,NA,proc_device,2,266.0,INDUSTRY,COMPLETED,NON_RANDOMIZED,False,NONE,0.0,False,False,SINGLE_GROUP,True,none/single-group,False,266.0,171.0,0.3571428571428571,False,False,True,False,True,False,0,False,,False,False
NCT03774966,2019.0,2016-2020,EARLY_PHASE1,proc_device,2,60.0,OTHER,COMPLETED,RANDOMIZED,True,SINGLE,1.0,True,False,PARALLEL,True,active,True,,,,,False,True,False,False,True,0,False,NO,False,False
NCT04155957,2019.0,2016-2020,NA,proc_device,2,52.0,INDUSTRY,COMPLETED,RANDOMIZED,True,SINGLE,1.0,True,False,PARALLEL,True,active,True,,,,,False,True,False,False,False,2,True,,False,False
NCT00935155,2009.0,<=2015,NA,proc_device,2,170.0,OTHER_GOV,UNKNOWN,RANDOMIZED,True,DOUBLE,2.0,True,True,FACTORIAL,True,active,True,,,,,False,True,False,False,False,0,False,,False,False
NCT05824533,2022.0,2021-2026,NA,proc_device,2,5.0,OTHER,TERMINATED,RANDOMIZED,True,NONE,0.0,False,False,PARALLEL,False,active,True,,,,,False,True,False,False,False,0,False,,False,False
NCT07611526,2026.0,2021-2026,NA,proc_device,2,20.0,OTHER,RECRUITING,RANDOMIZED,True,TRIPLE,3.0,True,True,CROSSOVER,False,none/single-group,False,,,,,False,False,False,False,False,0,False,NO,False,False
NCT02404727,2014.0,<=2015,NA,proc_device,2,60.0,OTHER,COMPLETED,RANDOMIZED,True,SINGLE,1.0,True,False,PARALLEL,True,active,True,,,,,False,True,False,False,False,0,False,,False,True
NCT04076735,2021.0,2021-2026,NA,proc_device,2,140.0,OTHER,RECRUITING,RANDOMIZED,True,NONE,0.0,False,False,PARALLEL,True,active,True,,,,,False,True,False,False,False,1,True,NO,False,False
NCT04751942,2023.0,2021-2026,NA,proc_device,2,23.0,OTHER,COMPLETED,RANDOMIZED,True,NONE,0.0,False,False,PARALLEL,False,active,True,23.0,8.0,0.6521739130434783,False,False,True,False,True,False,0,False,NO,False,False
NCT02047331,2013.0,<=2015,PHASE4,proc_device,2,66.0,OTHER,COMPLETED,RANDOMIZED,True,DOUBLE,2.0,True,True,PARALLEL,False,active,True,,,,,True,True,False,False,False,0,False,,False,True
NCT04166227,2020.0,2016-2020,NA,proc_device,2,42.0,OTHER,TERMINATED,RANDOMIZED,True,NONE,0.0,False,False,PARALLEL,True,active,True,,,,,False,True,False,False,False,0,False,,False,False
NCT02771015,2014.0,<=2015,NA,proc_device,2,200.0,OTHER,COMPLETED,RANDOMIZED,True,NONE,0.0,False,False,PARALLEL,True,active,True,,,,,False,False,False,False,False,0,False,,False,False
NCT03153449,2017.0,2016-2020,NA,proc_device,1,400.0,INDUSTRY,ACTIVE_NOT_RECRUITING,NA,False,NONE,0.0,False,False,SINGLE_GROUP,True,none/single-group,False,,,,,False,True,False,False,False,0,False,NO,False,False
NCT04190797,2019.0,2016-2020,NA,proc_device,2,34.0,OTHER,UNKNOWN,RANDOMIZED,True,NONE,0.0,False,False,PARALLEL,True,active,True,,,,,False,True,False,False,False,1,True,,False,
NCT05504577,2022.0,2021-2026,PHASE4,both,3,120.0,OTHER,UNKNOWN,RANDOMIZED,True,SINGLE,1.0,True,False,PARALLEL,True,placebo/sham,True,,,,,True,False,True,False,False,0,False,NO,False,False
NCT07367802,2024.0,2021-2026,NA,proc_device,1,45.0,OTHER,ACTIVE_NOT_RECRUITING,NA,False,NONE,0.0,False,False,SINGLE_GROUP,True,none/single-group,False,,,,,False,False,False,False,True,0,False,NO,False,True
NCT02158819,2014.0,<=2015,NA,proc_device,2,52.0,INDUSTRY,COMPLETED,NON_RANDOMIZED,False,NONE,0.0,False,False,PARALLEL,True,active,True,,,,,False,True,False,False,False,0,False,NO,False,True
NCT04506450,2019.0,2016-2020,NA,proc_device,2,100.0,OTHER,COMPLETED,RANDOMIZED,True,DOUBLE,2.0,True,True,PARALLEL,True,active,True,,,,,False,False,False,False,False,0,False,,False,False
NCT02525562,2012.0,<=2015,NA,proc_device,3,237.0,INDUSTRY,TERMINATED,NON_RANDOMIZED,False,NONE,0.0,False,False,PARALLEL,True,none/single-group,False,223.0,0.0,1.0,False,False,True,True,True,False,0,False,,False,False
NCT03059927,2017.0,2016-2020,NA,proc_device,3,216.0,OTHER,UNKNOWN,RANDOMIZED,True,DOUBLE,2.0,True,True,PARALLEL,True,active,True,,,,,False,True,True,False,False,0,False,NO,False,False
NCT00300326,2006.0,<=2015,PHASE4,proc_device,2,7.0,OTHER,TERMINATED,RANDOMIZED,True,NONE,0.0,False,False,PARALLEL,False,active,True,,,,,True,True,False,False,False,0,False,,False,True
NCT02928835,2011.0,<=2015,NA,proc_device,2,60.0,OTHER,COMPLETED,RANDOMIZED,True,SINGLE,1.0,True,False,PARALLEL,True,no-intervention,True,,,,,False,False,False,False,False,0,False,NO,False,False
NCT06720012,2014.0,<=2015,NA,proc_device,2,70.0,OTHER_GOV,ACTIVE_NOT_RECRUITING,RANDOMIZED,True,SINGLE,1.0,True,False,PARALLEL,True,active,True,,,,,False,True,False,False,False,0,False,NO,False,True
NCT04844879,2021.0,2021-2026,NA,proc_device,1,40.0,INDUSTRY,COMPLETED,NA,False,NONE,0.0,False,False,SINGLE_GROUP,True,none/single-group,False,40.0,37.0,0.07499999999999996,True,False,True,False,True,False,0,False,NO,False,False
NCT05395273,2022.0,2021-2026,NA,proc_device,2,40.0,OTHER,COMPLETED,RANDOMIZED,True,SINGLE,1.0,True,False,PARALLEL,True,no-intervention,True,,,,,False,True,False,False,False,0,False,NO,False,True
NCT04637490,2017.0,2016-2020,NA,proc_device,2,50.0,OTHER_GOV,COMPLETED,RANDOMIZED,True,DOUBLE,2.0,True,True,PARALLEL,True,no-intervention,True,,,,,False,True,False,False,False,0,False,NO,False,
NCT04199780,2021.0,2021-2026,NA,proc_device,4,132.0,FED,RECRUITING,RANDOMIZED,True,QUADRUPLE,4.0,True,True,FACTORIAL,True,placebo/sham,True,,,,,False,True,True,False,False,0,False,NO,False,False
NCT01966848,2013.0,<=2015,NA,proc_device,2,60.0,OTHER,UNKNOWN,RANDOMIZED,True,QUADRUPLE,4.0,True,True,PARALLEL,True,active,True,,,,,False,True,False,False,False,1,True,,False,False
NCT03176758,2017.0,2016-2020,PHASE4,both,2,60.0,OTHER,UNKNOWN,NON_RANDOMIZED,False,NONE,0.0,False,False,PARALLEL,False,active,True,,,,,True,False,False,False,False,0,False,NO,False,False
NCT04295421,2020.0,2016-2020,NA,proc_device,2,88.0,OTHER,COMPLETED,RANDOMIZED,True,DOUBLE,2.0,True,True,PARALLEL,True,active,True,,,,,False,True,False,False,False,0,False,,False,
NCT04297631,2020.0,2016-2020,PHASE4,both,2,20.0,OTHER,COMPLETED,NON_RANDOMIZED,False,NONE,0.0,False,False,SINGLE_GROUP,False,none/single-group,False,20.0,20.0,0.0,True,True,True,False,True,False,0,False,,False,
NCT05805774,2025.0,2021-2026,NA,proc_device,2,148.0,OTHER,RECRUITING,RANDOMIZED,True,NONE,0.0,False,False,PARALLEL,True,active,True,,,,,False,True,False,False,False,0,False,UNDECIDED,False,False
NCT02553122,2015.0,<=2015,PHASE3,both,2,0.0,OTHER,WITHDRAWN,RANDOMIZED,True,DOUBLE,2.0,True,True,PARALLEL,False,active,True,,,,,True,True,False,False,True,0,False,,False,True
NCT05002387,2021.0,2021-2026,NA,proc_device,1,110.0,OTHER,UNKNOWN,NA,False,NONE,0.0,False,False,SINGLE_GROUP,True,none/single-group,False,,,,,False,False,False,False,False,0,False,NO,False,True
NCT03568123,2017.0,2016-2020,NA,proc_device,2,60.0,OTHER,COMPLETED,RANDOMIZED,True,DOUBLE,2.0,True,True,PARALLEL,True,active,True,,,,,False,True,False,False,False,0,False,NO,False,False
NCT07366736,2025.0,2021-2026,NA,proc_device,2,138.0,OTHER,RECRUITING,RANDOMIZED,True,NONE,0.0,False,False,PARALLEL,True,active,True,,,,,False,False,False,False,False,0,False,NO,False,False
NCT01022099,2006.0,<=2015,NA,proc_device,2,80.0,OTHER,COMPLETED,RANDOMIZED,True,NONE,0.0,False,False,PARALLEL,True,active,True,,,,,False,True,False,False,True,3,True,,False,False
NCT03052790,2018.0,2016-2020,NA,proc_device,2,0.0,OTHER,WITHDRAWN,RANDOMIZED,True,DOUBLE,2.0,True,True,PARALLEL,False,active,True,,,,,False,True,False,False,False,0,False,,False,
NCT05599841,2019.0,2016-2020,NA,proc_device,2,120.0,OTHER,UNKNOWN,RANDOMIZED,True,DOUBLE,2.0,True,True,PARALLEL,True,placebo/sham,True,,,,,False,False,False,False,False,1,True,NO,False,False
NCT02262988,2017.0,2016-2020,NA,proc_device,4,100.0,OTHER,COMPLETED,RANDOMIZED,True,DOUBLE,2.0,True,True,PARALLEL,True,none/single-group,False,,,,,False,True,True,False,False,0,False,,False,False
NCT03272373,2017.0,2016-2020,NA,proc_device,2,160.0,INDUSTRY,COMPLETED,NON_RANDOMIZED,False,NONE,0.0,False,False,PARALLEL,True,none/single-group,False,160.0,131.0,0.18125000000000002,True,False,True,False,True,False,0,False,NO,False,False
NCT01180595,2011.0,<=2015,PHASE4,proc_device,2,50.0,OTHER,COMPLETED,RANDOMIZED,True,DOUBLE,2.0,True,True,PARALLEL,False,none/single-group,False,,,,,True,True,False,False,False,0,False,,False,False
NCT04040764,2019.0,2016-2020,NA,proc_device,2,60.0,OTHER,ACTIVE_NOT_RECRUITING,RANDOMIZED,True,DOUBLE,2.0,True,True,PARALLEL,True,active,True,,,,,False,True,False,False,False,0,False,NO,False,True
NCT06651762,2024.0,2021-2026,NA,proc_device,3,66.0,OTHER,RECRUITING,RANDOMIZED,True,SINGLE,1.0,True,False,PARALLEL,True,none/single-group,False,,,,,False,True,True,False,False,0,False,YES,True,False
NCT03684850,2016.0,2016-2020,NA,proc_device,3,120.0,OTHER,COMPLETED,RANDOMIZED,True,SINGLE,1.0,True,False,PARALLEL,True,active,True,,,,,False,True,True,False,False,0,False,NO,False,False
NCT05357664,2022.0,2021-2026,NA,proc_device,2,11.0,INDUSTRY,TERMINATED,NON_RANDOMIZED,False,NONE,0.0,False,False,SINGLE_GROUP,False,none/single-group,False,11.0,0.0,1.0,False,False,True,False,True,False,0,False,YES,True,False
NCT00175162,,,NA,proc_device,2,0.0,OTHER,WITHDRAWN,RANDOMIZED,True,SINGLE,1.0,True,False,PARALLEL,False,active,True,,,,,False,True,False,False,False,0,False,,False,False
NCT06376422,2024.0,2021-2026,NA,proc_device,2,40.0,OTHER,RECRUITING,NON_RANDOMIZED,False,NONE,0.0,False,False,PARALLEL,True,none/single-group,False,,,,,False,True,False,False,False,0,False,NO,False,False
NCT07248072,2025.0,2021-2026,NA,proc_device,2,74.0,OTHER,RECRUITING,RANDOMIZED,True,DOUBLE,2.0,True,True,PARALLEL,True,active,True,,,,,False,True,False,False,True,0,False,NO,False,False
NCT05432011,2022.0,2021-2026,NA,proc_device,2,50.0,OTHER,COMPLETED,RANDOMIZED,True,NONE,0.0,False,False,PARALLEL,True,active,True,,,,,False,True,False,False,True,0,False,NO,False,True
NCT02281877,2014.0,<=2015,NA,proc_device,2,20.0,OTHER,COMPLETED,RANDOMIZED,True,SINGLE,1.0,True,False,PARALLEL,False,active,True,,,,,False,True,False,False,False,0,False,,False,
NCT01332045,2011.0,<=2015,NA,proc_device,2,40.0,OTHER,COMPLETED,RANDOMIZED,True,QUADRUPLE,4.0,True,True,PARALLEL,True,placebo/sham,True,,,,,False,True,False,False,False,1,True,,False,True
NCT02228759,2015.0,<=2015,NA,proc_device,1,25.0,OTHER,COMPLETED,NA,False,NONE,0.0,False,False,SINGLE_GROUP,False,none/single-group,False,,,,,False,False,False,False,False,0,False,,False,False
NCT06136039,2022.0,2021-2026,NA,proc_device,2,150.0,OTHER,RECRUITING,NON_RANDOMIZED,False,NONE,0.0,False,False,PARALLEL,True,no-intervention,True,,,,,False,True,False,False,False,1,True,NO,False,False
NCT01361152,1993.0,<=2015,PHASE4,proc_device,2,216.0,OTHER,COMPLETED,RANDOMIZED,True,DOUBLE,2.0,True,True,PARALLEL,True,none/single-group,False,,,,,True,True,False,False,False,0,False,,False,False
NCT06815445,2022.0,2021-2026,NA,proc_device,2,20.0,OTHER,COMPLETED,RANDOMIZED,True,SINGLE,1.0,True,False,CROSSOVER,False,active,True,,,,,False,True,False,False,False,0,False,,False,True
NCT07627854,2026.0,2021-2026,NA,proc_device,2,102.0,OTHER,RECRUITING,NON_RANDOMIZED,False,NONE,0.0,False,False,PARALLEL,True,active,True,,,,,False,True,False,False,False,0,False,NO,False,True
NCT03952546,2019.0,2016-2020,NA,proc_device,2,211.0,OTHER,COMPLETED,RANDOMIZED,True,DOUBLE,2.0,True,True,PARALLEL,True,active,True,164.0,164.0,0.0,True,False,True,False,True,False,0,False,NO,False,True
NCT01988818,2014.0,<=2015,NA,proc_device,2,200.0,OTHER,COMPLETED,RANDOMIZED,True,NONE,0.0,False,False,PARALLEL,True,active,True,,,,,False,True,False,False,False,2,True,,False,False
NCT02500160,2011.0,<=2015,NA,proc_device,2,80.0,OTHER,UNKNOWN,RANDOMIZED,True,SINGLE,1.0,True,False,PARALLEL,True,active,True,,,,,False,True,False,False,False,0,False,,False,
NCT06113549,2023.0,2021-2026,NA,proc_device,2,600.0,OTHER,NOT_YET_RECRUITING,RANDOMIZED,True,NONE,0.0,False,False,PARALLEL,True,active,True,,,,,False,True,False,False,False,0,False,,False,
NCT02693457,2016.0,2016-2020,NA,proc_device,2,29.0,OTHER,COMPLETED,RANDOMIZED,True,SINGLE,1.0,True,False,PARALLEL,False,active,True,,,,,False,True,False,False,False,0,False,,False,False
NCT02914210,2016.0,2016-2020,NA,proc_device,2,306.0,OTHER,COMPLETED,RANDOMIZED,True,NONE,0.0,False,False,PARALLEL,True,none/single-group,False,306.0,287.0,0.06209150326797386,True,False,False,False,True,False,0,False,NO,False,False
NCT04960111,2019.0,2016-2020,NA,proc_device,1,50.0,OTHER,UNKNOWN,NA,False,NONE,0.0,False,False,SINGLE_GROUP,True,none/single-group,False,,,,,False,False,False,False,False,0,False,UNDECIDED,False,
NCT06486714,2026.0,2021-2026,NA,proc_device,2,96.0,OTHER,NOT_YET_RECRUITING,RANDOMIZED,True,SINGLE,1.0,True,False,PARALLEL,True,active,True,,,,,False,True,False,False,False,0,False,NO,False,True
NCT03028779,2016.0,2016-2020,NA,proc_device,1,150.0,OTHER,UNKNOWN,NA,False,NONE,0.0,False,False,SINGLE_GROUP,True,none/single-group,False,,,,,False,False,False,False,False,0,False,NO,False,False
NCT07613203,2018.0,2016-2020,NA,proc_device,2,240.0,OTHER,TERMINATED,NON_RANDOMIZED,False,NONE,0.0,False,False,PARALLEL,True,active,True,,,,,False,False,False,False,False,0,False,NO,False,False
NCT02991404,2017.0,2016-2020,EARLY_PHASE1,both,2,60.0,OTHER,COMPLETED,RANDOMIZED,True,TRIPLE,3.0,True,True,PARALLEL,True,placebo/sham,True,,,,,False,True,False,False,False,0,False,NO,False,True
NCT03747146,2018.0,2016-2020,NA,proc_device,2,94.0,OTHER,RECRUITING,RANDOMIZED,True,SINGLE,1.0,True,False,PARALLEL,True,placebo/sham,True,,,,,False,True,False,False,False,1,True,,False,False
NCT04364971,2020.0,2016-2020,NA,proc_device,2,494.0,OTHER,UNKNOWN,RANDOMIZED,True,QUADRUPLE,4.0,True,True,PARALLEL,True,none/single-group,False,,,,,False,True,False,False,False,0,False,,False,False
NCT07336901,2026.0,2021-2026,NA,proc_device,2,86.0,OTHER,NOT_YET_RECRUITING,RANDOMIZED,True,TRIPLE,3.0,True,True,PARALLEL,True,none/single-group,False,,,,,False,False,False,False,False,0,False,NO,False,False
NCT04235283,2019.0,2016-2020,NA,proc_device,2,100.0,OTHER,UNKNOWN,RANDOMIZED,True,DOUBLE,2.0,True,True,PARALLEL,True,active,True,,,,,False,True,False,False,False,0,False,NO,False,False
NCT04579952,2021.0,2021-2026,NA,proc_device,2,54.0,OTHER,COMPLETED,RANDOMIZED,True,DOUBLE,2.0,True,True,PARALLEL,True,placebo/sham,True,,,,,False,True,False,False,True,0,False,NO,False,False
NCT03205540,2017.0,2016-2020,NA,proc_device,2,70.0,OTHER,COMPLETED,RANDOMIZED,True,DOUBLE,2.0,True,True,PARALLEL,True,none/single-group,False,,,,,False,True,False,False,False,0,False,,False,False
NCT05087862,2021.0,2021-2026,NA,proc_device,2,60.0,OTHER,COMPLETED,RANDOMIZED,True,SINGLE,1.0,True,False,PARALLEL,True,active,True,,,,,False,False,False,False,False,1,True,NO,False,True
NCT03139539,2016.0,2016-2020,NA,proc_device,2,1661.0,OTHER,COMPLETED,RANDOMIZED,True,NONE,0.0,False,False,PARALLEL,True,active,True,,,,,False,False,False,False,False,0,False,YES,True,True
NCT03032133,2016.0,2016-2020,NA,proc_device,2,140.0,OTHER,COMPLETED,RANDOMIZED,True,NONE,0.0,False,False,PARALLEL,True,active,True,,,,,False,True,False,False,False,0,False,NO,False,False
NCT01931332,2010.0,<=2015,NA,proc_device,2,120.0,OTHER,COMPLETED,RANDOMIZED,True,SINGLE,1.0,True,False,PARALLEL,True,active,True,,,,,False,True,False,False,False,0,False,,False,True
NCT00763386,2001.0,<=2015,NA,proc_device,2,331.0,INDUSTRY,COMPLETED,RANDOMIZED,True,SINGLE,1.0,True,False,PARALLEL,True,active,True,331.0,243.0,0.26586102719033233,False,False,True,False,True,False,0,False,,False,False
NCT05727137,2023.0,2021-2026,NA,proc_device,2,80.0,OTHER,COMPLETED,RANDOMIZED,True,SINGLE,1.0,True,False,PARALLEL,True,active,True,,,,,False,True,False,False,False,1,True,,False,False
NCT02861638,2014.0,<=2015,NA,proc_device,2,30.0,OTHER,COMPLETED,RANDOMIZED,True,DOUBLE,2.0,True,True,PARALLEL,True,active,True,,,,,False,True,False,False,False,1,True,NO,False,False
NCT01364870,2008.0,<=2015,NA,proc_device,3,317.0,OTHER,COMPLETED,RANDOMIZED,True,DOUBLE,2.0,True,True,PARALLEL,True,placebo/sham,True,317.0,251.0,0.20820189274447953,False,False,True,True,True,False,1,True,,False,True
NCT04230616,2021.0,2021-2026,NA,proc_device,2,180.0,OTHER,RECRUITING,RANDOMIZED,True,SINGLE,1.0,True,False,PARALLEL,True,active,True,,,,,False,True,False,False,False,0,False,UNDECIDED,False,
NCT04070989,2019.0,2016-2020,NA,proc_device,3,100.0,INDUSTRY,TERMINATED,NON_RANDOMIZED,False,NONE,0.0,False,False,SINGLE_GROUP,True,none/single-group,False,84.0,39.0,0.5357142857142857,False,False,True,True,True,False,0,False,YES,True,False
NCT03521869,2014.0,<=2015,NA,proc_device,2,50.0,OTHER,COMPLETED,RANDOMIZED,True,NONE,0.0,False,False,PARALLEL,True,active,True,,,,,False,False,False,False,False,0,False,NO,False,
NCT05390450,2022.0,2021-2026,NA,proc_device,2,60.0,OTHER,COMPLETED,RANDOMIZED,True,DOUBLE,2.0,True,True,PARALLEL,True,none/single-group,False,,,,,False,True,False,False,False,0,False,YES,True,False
NCT01849445,2013.0,<=2015,NA,proc_device,2,334.0,OTHER,COMPLETED,RANDOMIZED,True,NONE,0.0,False,False,PARALLEL,True,active,True,,,,,False,True,False,False,False,2,True,UNDECIDED,False,False
NCT00733330,2005.0,<=2015,PHASE4,proc_device,2,86.0,INDUSTRY,TERMINATED,NON_RANDOMIZED,False,NONE,0.0,False,False,PARALLEL,False,active,True,84.0,78.0,0.0714285714285714,True,True,True,False,True,False,0,False,,False,False
NCT04079751,2019.0,2016-2020,NA,proc_device,2,52.0,OTHER,COMPLETED,RANDOMIZED,True,SINGLE,1.0,True,False,PARALLEL,True,active,True,,,,,False,True,False,False,False,0,False,,False,
NCT03289754,2018.0,2016-2020,NA,proc_device,1,52.0,INDUSTRY,TERMINATED,NA,False,NONE,0.0,False,False,SINGLE_GROUP,True,none/single-group,False,52.0,49.0,0.05769230769230771,True,False,False,False,True,False,0,False,NO,False,False
NCT06969222,2023.0,2021-2026,NA,proc_device,2,122.0,OTHER,RECRUITING,RANDOMIZED,True,SINGLE,1.0,True,False,PARALLEL,True,active,True,,,,,False,True,False,False,False,0,False,NO,False,False
NCT02856958,2016.0,2016-2020,NA,proc_device,2,0.0,OTHER,WITHDRAWN,RANDOMIZED,True,NONE,0.0,False,False,PARALLEL,False,active,True,,,,,False,True,False,False,False,0,False,,False,
NCT00857701,2009.0,<=2015,NA,proc_device,2,25.0,INDUSTRY,TERMINATED,RANDOMIZED,True,NONE,0.0,False,False,SINGLE_GROUP,False,no-intervention,True,,,,,False,True,False,False,False,0,False,,False,True
NCT07439666,2026.0,2021-2026,NA,proc_device,2,274.0,OTHER,NOT_YET_RECRUITING,RANDOMIZED,True,DOUBLE,2.0,True,True,PARALLEL,True,placebo/sham,True,,,,,False,True,False,False,False,0,False,NO,False,False
NCT01348958,2011.0,<=2015,NA,proc_device,1,36.0,INDUSTRY,COMPLETED,NA,False,NONE,0.0,False,False,SINGLE_GROUP,True,none/single-group,False,,,,,False,False,False,False,False,0,False,,False,False
NCT04033588,2021.0,2021-2026,NA,proc_device,1,450.0,INDUSTRY,NOT_YET_RECRUITING,NA,False,NONE,0.0,False,False,SINGLE_GROUP,True,none/single-group,False,,,,,False,True,False,False,False,0,False,NO,False,False
NCT00740376,2008.0,<=2015,NA,proc_device,2,37.0,INDUSTRY,TERMINATED,RANDOMIZED,True,DOUBLE,2.0,True,True,PARALLEL,True,active,True,37.0,31.0,0.16216216216216217,True,False,True,False,True,False,0,False,,False,True
NCT04114201,2012.0,<=2015,NA,proc_device,2,139.0,OTHER,COMPLETED,NON_RANDOMIZED,False,NONE,0.0,False,False,PARALLEL,True,active,True,,,,,False,True,False,False,False,0,False,NO,False,False
NCT02276118,2014.0,<=2015,NA,proc_device,2,300.0,OTHER,UNKNOWN,RANDOMIZED,True,SINGLE,1.0,True,False,PARALLEL,True,active,True,,,,,False,True,False,False,False,0,False,,False,False
NCT03947307,2020.0,2016-2020,NA,proc_device,3,190.0,OTHER,COMPLETED,RANDOMIZED,True,DOUBLE,2.0,True,True,PARALLEL,True,placebo/sham,True,,,,,False,True,True,False,False,0,False,,False,False
NCT00208286,2001.0,<=2015,PHASE4,proc_device,2,120.0,INDUSTRY,TERMINATED,RANDOMIZED,True,SINGLE,1.0,True,False,PARALLEL,True,active,True,,,,,True,True,False,False,False,0,False,,False,False
NCT05407610,2022.0,2021-2026,NA,proc_device,3,400.0,OTHER,RECRUITING,RANDOMIZED,True,DOUBLE,2.0,True,True,PARALLEL,True,placebo/sham,True,,,,,False,True,True,False,False,1,True,YES,True,False
NCT00894218,2009.0,<=2015,NA,proc_device,3,1.0,OTHER,TERMINATED,RANDOMIZED,True,NONE,0.0,False,False,PARALLEL,False,active,True,,,,,False,False,True,False,False,0,False,,False,False
NCT04419116,2018.0,2016-2020,NA,proc_device,2,100.0,OTHER,UNKNOWN,RANDOMIZED,True,SINGLE,1.0,True,False,PARALLEL,True,none/single-group,False,,,,,False,True,False,False,False,0,False,NO,False,False
NCT03974932,2019.0,2016-2020,PHASE3,both,4,116.0,INDUSTRY,COMPLETED,NON_RANDOMIZED,False,NONE,0.0,False,False,SINGLE_GROUP,True,none/single-group,False,116.0,116.0,0.0,True,True,True,True,True,False,0,False,NO,False,False
NCT01529099,2009.0,<=2015,PHASE4,proc_device,1,64.0,INDUSTRY,COMPLETED,NA,False,NONE,0.0,False,False,SINGLE_GROUP,False,none/single-group,False,,,,,True,True,False,False,False,0,False,,False,False
NCT03706859,2018.0,2016-2020,NA,proc_device,2,77.0,OTHER,COMPLETED,RANDOMIZED,True,DOUBLE,2.0,True,True,PARALLEL,True,active,True,,,,,False,True,False,False,False,1,True,UNDECIDED,False,False
NCT02143232,2014.0,<=2015,NA,proc_device,1,54.0,OTHER,COMPLETED,NA,False,NONE,0.0,False,False,SINGLE_GROUP,True,none/single-group,False,,,,,False,False,False,False,False,2,True,UNDECIDED,False,True
NCT07233785,2025.0,2021-2026,NA,proc_device,2,60.0,OTHER,NOT_YET_RECRUITING,RANDOMIZED,True,QUADRUPLE,4.0,True,True,PARALLEL,True,active,True,,,,,False,False,False,False,False,0,False,NO,False,False
NCT03969875,2018.0,2016-2020,,both,3,90.0,OTHER,COMPLETED,RANDOMIZED,True,QUADRUPLE,4.0,True,True,PARALLEL,True,active,True,90.0,72.0,0.19999999999999996,True,False,True,True,True,False,0,False,NO,False,True
NCT03046212,2016.0,2016-2020,NA,proc_device,2,30.0,OTHER,COMPLETED,RANDOMIZED,True,NONE,0.0,False,False,PARALLEL,True,active,True,30.0,30.0,0.0,True,False,True,False,True,False,0,False,UNDECIDED,False,False
NCT03645954,2018.0,2016-2020,NA,proc_device,2,80.0,OTHER,COMPLETED,RANDOMIZED,True,DOUBLE,2.0,True,True,PARALLEL,True,active,True,80.0,77.0,0.03749999999999998,True,False,True,False,True,False,0,False,NO,False,
NCT04419701,2020.0,2016-2020,NA,proc_device,2,88.0,OTHER,COMPLETED,RANDOMIZED,True,TRIPLE,3.0,True,True,PARALLEL,True,none/single-group,False,,,,,False,False,False,False,False,0,False,,False,True
NCT06407544,2024.0,2021-2026,NA,both,3,60.0,OTHER,UNKNOWN,RANDOMIZED,True,NONE,0.0,False,False,PARALLEL,True,active,True,,,,,False,True,True,False,False,0,False,UNDECIDED,False,False
NCT00408707,2006.0,<=2015,PHASE4,proc_device,0,16.0,OTHER,COMPLETED,RANDOMIZED,True,DOUBLE,2.0,True,True,SINGLE_GROUP,False,none/single-group,False,,,,,True,True,False,False,False,1,True,,False,
NCT01777009,2009.0,<=2015,NA,proc_device,2,120.0,OTHER,COMPLETED,RANDOMIZED,True,QUADRUPLE,4.0,True,True,PARALLEL,True,active,True,,,,,False,True,False,False,False,0,False,,False,True
NCT02453321,2015.0,<=2015,PHASE4,both,3,62.0,OTHER,COMPLETED,RANDOMIZED,True,SINGLE,1.0,True,False,PARALLEL,False,active,True,62.0,57.0,0.08064516129032262,True,True,True,True,True,False,0,False,NO,False,False
NCT01331278,2009.0,<=2015,PHASE4,proc_device,2,60.0,OTHER,COMPLETED,RANDOMIZED,True,NONE,0.0,False,False,PARALLEL,False,active,True,,,,,True,True,False,False,False,1,True,,False,True
NCT02377102,2015.0,<=2015,NA,proc_device,2,65.0,OTHER,COMPLETED,RANDOMIZED,True,NONE,0.0,False,False,PARALLEL,True,active,True,,,,,False,True,False,False,False,0,False,,False,False
NCT03060382,2017.0,2016-2020,PHASE3,proc_device,2,150.0,OTHER,UNKNOWN,RANDOMIZED,True,SINGLE,1.0,True,False,PARALLEL,True,placebo/sham,True,,,,,True,True,False,False,False,0,False,YES,True,True
NCT04083326,2019.0,2016-2020,NA,proc_device,2,69.0,OTHER,COMPLETED,RANDOMIZED,True,TRIPLE,3.0,True,True,PARALLEL,True,no-intervention,True,,,,,False,False,False,False,False,0,False,NO,False,False
NCT05161221,2021.0,2021-2026,PHASE3,both,2,154.0,OTHER,UNKNOWN,RANDOMIZED,True,NONE,0.0,False,False,PARALLEL,True,active,True,,,,,True,True,False,False,False,0,False,,False,
NCT00991445,2009.0,<=2015,NA,proc_device,2,40.0,OTHER,UNKNOWN,RANDOMIZED,True,NONE,0.0,False,False,PARALLEL,True,active,True,,,,,False,True,False,False,False,1,True,,False,True
NCT04968600,2021.0,2021-2026,NA,proc_device,2,86.0,OTHER_GOV,UNKNOWN,RANDOMIZED,True,DOUBLE,2.0,True,True,PARALLEL,True,none/single-group,False,,,,,False,True,False,False,False,0,False,NO,False,
NCT03307668,2014.0,<=2015,NA,proc_device,2,160.0,INDUSTRY,UNKNOWN,RANDOMIZED,True,NONE,0.0,False,False,PARALLEL,True,active,True,,,,,False,True,False,False,False,0,False,NO,False,True
NCT01772589,2015.0,<=2015,NA,proc_device,2,0.0,OTHER,WITHDRAWN,RANDOMIZED,True,TRIPLE,3.0,True,True,PARALLEL,False,active,True,,,,,False,False,False,False,False,0,False,,False,False
NCT02495805,2015.0,<=2015,NA,proc_device,2,0.0,OTHER,WITHDRAWN,RANDOMIZED,True,SINGLE,1.0,True,False,PARALLEL,False,active,True,,,,,False,True,False,False,False,0,False,,False,True
NCT06661473,2024.0,2021-2026,NA,proc_device,1,104.0,INDUSTRY,COMPLETED,NA,False,NONE,0.0,False,False,SINGLE_GROUP,True,none/single-group,False,,,,,False,False,False,False,False,0,False,NO,False,False
NCT01923805,2013.0,<=2015,NA,proc_device,2,8.0,OTHER,TERMINATED,RANDOMIZED,True,DOUBLE,2.0,True,True,PARALLEL,False,no-intervention,True,8.0,0.0,1.0,False,False,True,False,True,False,0,False,NO,False,False
NCT03511144,2018.0,2016-2020,NA,proc_device,2,0.0,INDUSTRY,WITHDRAWN,RANDOMIZED,True,DOUBLE,2.0,True,True,PARALLEL,False,active,True,,,,,False,True,False,False,False,0,False,,False,
NCT02217202,2050.0,2021-2026,NA,proc_device,1,0.0,OTHER_GOV,WITHDRAWN,NA,False,NONE,0.0,False,False,SINGLE_GROUP,False,none/single-group,False,,,,,False,False,False,False,False,0,False,,False,False
NCT02877381,2016.0,2016-2020,PHASE4,proc_device,4,175.0,OTHER,COMPLETED,RANDOMIZED,True,TRIPLE,3.0,True,True,PARALLEL,True,active,True,,,,,True,False,True,False,False,0,False,UNDECIDED,False,False
NCT01635166,2012.0,<=2015,PHASE4,proc_device,1,250.0,INDUSTRY,TERMINATED,NA,False,NONE,0.0,False,False,SINGLE_GROUP,True,none/single-group,False,,,,,True,True,False,False,False,0,False,,False,False
NCT06747494,2025.0,2021-2026,NA,proc_device,2,2396.0,OTHER,RECRUITING,RANDOMIZED,True,NONE,0.0,False,False,PARALLEL,True,none/single-group,False,,,,,False,False,False,False,False,0,False,NO,False,False
NCT02118272,2014.0,<=2015,NA,proc_device,1,156.0,INDUSTRY,TERMINATED,NA,False,NONE,0.0,False,False,SINGLE_GROUP,True,none/single-group,False,,,,,False,True,False,False,False,0,False,NO,False,False
NCT01449552,2008.0,<=2015,NA,both,4,240.0,OTHER,COMPLETED,RANDOMIZED,True,DOUBLE,2.0,True,True,PARALLEL,True,none/single-group,False,,,,,False,False,True,False,False,1,True,,False,False
NCT01973530,2014.0,<=2015,PHASE4,proc_device,2,80.0,OTHER,UNKNOWN,RANDOMIZED,True,SINGLE,1.0,True,False,PARALLEL,False,active,True,,,,,True,True,False,False,False,0,False,,False,True
NCT04467970,2020.0,2016-2020,NA,proc_device,2,88.0,OTHER,COMPLETED,RANDOMIZED,True,NONE,0.0,False,False,PARALLEL,True,none/single-group,False,,,,,False,True,False,False,False,0,False,NO,False,False
NCT03954379,2019.0,2016-2020,PHASE4,both,2,78.0,OTHER,COMPLETED,RANDOMIZED,True,DOUBLE,2.0,True,True,PARALLEL,False,active,True,,,,,True,True,False,False,False,0,False,NO,False,True
NCT00208325,2000.0,<=2015,PHASE4,proc_device,4,754.0,INDUSTRY,TERMINATED,RANDOMIZED,True,SINGLE,1.0,True,False,PARALLEL,True,active,True,720.0,587.0,0.18472222222222223,True,True,True,True,True,False,0,False,,False,False
NCT01422642,2001.0,<=2015,PHASE4,proc_device,2,111.0,OTHER,COMPLETED,RANDOMIZED,True,DOUBLE,2.0,True,True,PARALLEL,True,none/single-group,False,,,,,True,True,False,False,False,0,False,,False,False
NCT04797897,2022.0,2021-2026,NA,proc_device,2,4.0,INDUSTRY,TERMINATED,RANDOMIZED,True,NONE,0.0,False,False,PARALLEL,False,active,True,4.0,2.0,0.5,False,False,True,False,True,False,0,False,NO,False,False
NCT05828810,2023.0,2021-2026,NA,proc_device,2,400.0,OTHER,RECRUITING,RANDOMIZED,True,NONE,0.0,False,False,PARALLEL,True,active,True,,,,,False,False,False,False,False,0,False,NO,False,False
NCT00436982,2006.0,<=2015,NA,proc_device,2,60.0,INDUSTRY,COMPLETED,RANDOMIZED,True,DOUBLE,2.0,True,True,PARALLEL,True,active,True,60.0,52.0,0.1333333333333333,True,False,True,False,True,True,1,True,,False,False
NCT03457051,2021.0,2021-2026,NA,proc_device,2,0.0,OTHER,WITHDRAWN,RANDOMIZED,True,NONE,0.0,False,False,PARALLEL,False,active,True,,,,,False,True,False,False,False,0,False,NO,False,False
NCT00659087,2008.0,<=2015,PHASE4,proc_device,2,20.0,OTHER,COMPLETED,NON_RANDOMIZED,False,SINGLE,1.0,True,False,SINGLE_GROUP,False,active,True,,,,,True,True,False,False,False,0,False,,False,False
NCT03416946,2011.0,<=2015,NA,proc_device,2,54.0,OTHER,COMPLETED,RANDOMIZED,True,SINGLE,1.0,True,False,PARALLEL,True,active,True,54.0,54.0,0.0,True,False,True,False,True,False,1,True,NO,False,False
NCT02108327,2014.0,<=2015,NA,proc_device,2,80.0,OTHER,COMPLETED,RANDOMIZED,True,QUADRUPLE,4.0,True,True,PARALLEL,True,active,True,,,,,False,True,False,False,False,1,True,,False,True
NCT01503528,2017.0,2016-2020,PHASE4,proc_device,2,54.0,OTHER,TERMINATED,RANDOMIZED,True,NONE,0.0,False,False,PARALLEL,False,active,True,,,,,True,True,False,False,False,0,False,,False,False
NCT07568262,2026.0,2021-2026,NA,proc_device,2,46.0,OTHER,NOT_YET_RECRUITING,RANDOMIZED,True,TRIPLE,3.0,True,True,PARALLEL,True,placebo/sham,True,,,,,False,True,False,False,False,0,False,,False,
NCT01096524,2010.0,<=2015,PHASE3,proc_device,2,200.0,INDUSTRY,COMPLETED,RANDOMIZED,True,SINGLE,1.0,True,False,PARALLEL,True,none/single-group,False,,,,,True,True,False,False,False,0,False,,False,False
NCT00492674,,,NA,proc_device,0,,OTHER_GOV,UNKNOWN,RANDOMIZED,True,DOUBLE,2.0,True,True,PARALLEL,,none/single-group,False,,,,,False,True,False,False,False,0,False,,False,False
NCT00553982,2007.0,<=2015,NA,proc_device,2,130.0,OTHER,COMPLETED,RANDOMIZED,True,DOUBLE,2.0,True,True,PARALLEL,True,active,True,,,,,False,True,False,False,False,0,False,,False,
NCT02885467,2013.0,<=2015,NA,proc_device,2,58.0,OTHER,TERMINATED,RANDOMIZED,True,DOUBLE,2.0,True,True,PARALLEL,True,active,True,,,,,False,False,False,False,False,0,False,,False,False
NCT03047564,2012.0,<=2015,NA,proc_device,2,120.0,OTHER,COMPLETED,RANDOMIZED,True,NONE,0.0,False,False,PARALLEL,True,active,True,,,,,False,True,False,False,False,0,False,UNDECIDED,False,False
NCT01224522,2011.0,<=2015,PHASE3,proc_device,2,70.0,INDUSTRY,TERMINATED,RANDOMIZED,True,SINGLE,1.0,True,False,PARALLEL,False,active,True,,,,,True,True,False,False,False,0,False,,False,False
NCT02748096,2012.0,<=2015,NA,proc_device,2,45.0,OTHER,COMPLETED,RANDOMIZED,True,NONE,0.0,False,False,PARALLEL,True,active,True,45.0,45.0,0.0,True,False,True,False,True,False,0,False,YES,True,True
NCT07098455,2025.0,2021-2026,NA,proc_device,2,34.0,OTHER,COMPLETED,RANDOMIZED,True,NONE,0.0,False,False,SINGLE_GROUP,True,none/single-group,False,,,,,False,True,False,False,False,0,False,NO,False,False
NCT04224376,2016.0,2016-2020,NA,proc_device,2,26.0,OTHER,COMPLETED,RANDOMIZED,True,SINGLE,1.0,True,False,PARALLEL,False,no-intervention,True,,,,,False,True,False,False,False,0,False,NO,False,False
NCT07212296,2021.0,2021-2026,NA,proc_device,2,95.0,OTHER,COMPLETED,RANDOMIZED,True,DOUBLE,2.0,True,True,PARALLEL,True,placebo/sham,True,,,,,False,True,False,False,False,0,False,NO,False,False
NCT06176612,2021.0,2021-2026,NA,proc_device,1,33.0,OTHER,COMPLETED,NA,False,NONE,0.0,False,False,SINGLE_GROUP,True,none/single-group,False,,,,,False,True,False,False,True,0,False,NO,False,False
NCT04506580,2019.0,2016-2020,NA,proc_device,2,50.0,OTHER,UNKNOWN,RANDOMIZED,True,TRIPLE,3.0,True,True,PARALLEL,True,no-intervention,True,,,,,False,True,False,False,False,0,False,NO,False,False
NCT05543941,2023.0,2021-2026,NA,proc_device,2,7600.0,OTHER,RECRUITING,RANDOMIZED,True,SINGLE,1.0,True,False,PARALLEL,True,active,True,,,,,False,True,False,False,False,0,False,NO,False,True
NCT01003080,2009.0,<=2015,NA,proc_device,2,111.0,OTHER,COMPLETED,RANDOMIZED,True,SINGLE,1.0,True,False,SINGLE_GROUP,True,active,True,111.0,111.0,0.0,True,False,False,False,True,False,0,False,,False,
NCT03840096,2018.0,2016-2020,NA,proc_device,2,200.0,OTHER,COMPLETED,NON_RANDOMIZED,False,NONE,0.0,False,False,PARALLEL,True,no-intervention,True,,,,,False,True,False,False,False,0,False,,False,False
NCT01631799,2008.0,<=2015,NA,proc_device,2,80.0,OTHER,COMPLETED,RANDOMIZED,True,SINGLE,1.0,True,False,PARALLEL,True,active,True,,,,,False,True,False,False,False,0,False,,False,False
NCT04873544,2018.0,2016-2020,NA,proc_device,1,69.0,OTHER,COMPLETED,NA,False,NONE,0.0,False,False,SINGLE_GROUP,True,none/single-group,False,,,,,False,True,False,False,False,1,True,,False,
NCT05598463,2022.0,2021-2026,NA,proc_device,2,54.0,OTHER,UNKNOWN,RANDOMIZED,True,NONE,0.0,False,False,PARALLEL,True,no-intervention,True,,,,,False,False,False,False,False,0,False,NO,False,False
NCT02292082,2014.0,<=2015,PHASE4,both,2,111.0,OTHER,COMPLETED,RANDOMIZED,True,DOUBLE,2.0,True,True,PARALLEL,True,active,True,111.0,111.0,0.0,True,True,True,False,True,False,0,False,UNDECIDED,False,False
NCT05263856,2022.0,2021-2026,NA,proc_device,1,30.0,OTHER,UNKNOWN,NA,False,NONE,0.0,False,False,SINGLE_GROUP,True,none/single-group,False,,,,,False,True,False,False,False,0,False,UNDECIDED,False,False
NCT02623660,2016.0,2016-2020,NA,proc_device,2,40.0,INDUSTRY,UNKNOWN,RANDOMIZED,True,SINGLE,1.0,True,False,PARALLEL,True,active,True,,,,,False,True,False,False,False,0,False,,False,True
NCT06564506,2025.0,2021-2026,NA,proc_device,2,1460.0,OTHER,NOT_YET_RECRUITING,RANDOMIZED,True,QUADRUPLE,4.0,True,True,PARALLEL,True,placebo/sham,True,,,,,False,False,False,False,False,0,False,YES,True,True
NCT03153475,2017.0,2016-2020,NA,proc_device,1,400.0,INDUSTRY,ACTIVE_NOT_RECRUITING,NA,False,NONE,0.0,False,False,SINGLE_GROUP,True,none/single-group,False,,,,,False,True,False,False,False,0,False,NO,False,False
NCT01333969,2011.0,<=2015,NA,proc_device,2,60.0,OTHER,COMPLETED,RANDOMIZED,True,DOUBLE,2.0,True,True,PARALLEL,True,active,True,60.0,60.0,0.0,True,False,False,False,True,True,0,False,,False,True
NCT02249481,2015.0,<=2015,NA,proc_device,2,6.0,OTHER,TERMINATED,RANDOMIZED,True,NONE,0.0,False,False,PARALLEL,False,active,True,,,,,False,True,False,False,False,0,False,,False,False
NCT05184725,2022.0,2021-2026,NA,proc_device,2,50.0,INDUSTRY,COMPLETED,RANDOMIZED,True,NONE,0.0,False,False,PARALLEL,True,no-intervention,True,,,,,False,True,False,False,False,2,True,NO,False,True
NCT04648072,2020.0,2016-2020,NA,proc_device,2,60.0,OTHER,COMPLETED,RANDOMIZED,True,QUADRUPLE,4.0,True,True,PARALLEL,True,placebo/sham,True,,,,,False,True,False,False,False,0,False,NO,False,False
NCT00289107,2001.0,<=2015,NA,proc_device,2,149.0,INDUSTRY,COMPLETED,RANDOMIZED,True,SINGLE,1.0,True,False,PARALLEL,True,active,True,149.0,52.0,0.651006711409396,False,False,True,False,True,False,0,False,,False,False
NCT05179044,2022.0,2021-2026,NA,proc_device,2,0.0,OTHER,WITHDRAWN,RANDOMIZED,True,NONE,0.0,False,False,PARALLEL,False,no-intervention,True,,,,,False,True,False,False,False,0,False,YES,True,True
NCT07123805,2024.0,2021-2026,NA,proc_device,2,80.0,OTHER,RECRUITING,RANDOMIZED,True,NONE,0.0,False,False,PARALLEL,True,active,True,,,,,False,True,False,False,False,0,False,,False,True
NCT07539948,2025.0,2021-2026,NA,proc_device,1,10.0,OTHER,COMPLETED,NA,False,NONE,0.0,False,False,SINGLE_GROUP,False,none/single-group,False,,,,,False,False,False,False,False,0,False,NO,False,
NCT02363712,2015.0,<=2015,NA,proc_device,2,220.0,OTHER,COMPLETED,RANDOMIZED,True,DOUBLE,2.0,True,True,PARALLEL,True,placebo/sham,True,,,,,False,True,False,False,False,1,True,,False,False
NCT02579174,2015.0,<=2015,NA,proc_device,4,112.0,OTHER,COMPLETED,RANDOMIZED,True,SINGLE,1.0,True,False,FACTORIAL,True,none/single-group,False,112.0,66.0,0.4107142857142857,False,False,True,True,True,False,0,False,,False,False
NCT00616044,2008.0,<=2015,NA,proc_device,2,240.0,OTHER,UNKNOWN,RANDOMIZED,True,SINGLE,1.0,True,False,CROSSOVER,True,none/single-group,False,,,,,False,True,False,False,False,0,False,,False,False
NCT03075319,2015.0,<=2015,NA,proc_device,2,60.0,OTHER,COMPLETED,RANDOMIZED,True,SINGLE,1.0,True,False,PARALLEL,True,active,True,,,,,False,True,False,False,True,0,False,NO,False,True
NCT06122727,2023.0,2021-2026,NA,proc_device,2,20.0,OTHER,RECRUITING,RANDOMIZED,True,NONE,0.0,False,False,PARALLEL,False,active,True,,,,,False,True,False,False,True,0,False,YES,True,False
NCT06166628,2023.0,2021-2026,NA,proc_device,3,150.0,OTHER,RECRUITING,RANDOMIZED,True,DOUBLE,2.0,True,True,PARALLEL,True,placebo/sham,True,,,,,False,True,True,False,False,0,False,NO,False,True
NCT03558217,2018.0,2016-2020,NA,proc_device,2,96.0,OTHER,COMPLETED,RANDOMIZED,True,SINGLE,1.0,True,False,PARALLEL,True,active,True,,,,,False,True,False,False,False,1,True,NO,False,False
NCT03353233,2018.0,2016-2020,PHASE4,both,2,50.0,OTHER,COMPLETED,RANDOMIZED,True,DOUBLE,2.0,True,True,PARALLEL,False,placebo/sham,True,50.0,50.0,0.0,True,True,False,False,True,False,0,False,NO,False,False
NCT02094339,2014.0,<=2015,PHASE4,both,3,45.0,OTHER,UNKNOWN,RANDOMIZED,True,NONE,0.0,False,False,PARALLEL,False,active,True,,,,,True,True,True,False,True,0,False,,False,False
NCT01104883,2010.0,<=2015,PHASE4,proc_device,2,70.0,OTHER,COMPLETED,RANDOMIZED,True,QUADRUPLE,4.0,True,True,PARALLEL,False,placebo/sham,True,,,,,True,True,False,False,False,1,True,,False,True
NCT02651961,2018.0,2016-2020,NA,proc_device,2,100.0,OTHER,UNKNOWN,NON_RANDOMIZED,False,NONE,0.0,False,False,PARALLEL,True,active,True,,,,,False,False,False,False,False,0,False,,False,False
NCT03048201,2017.0,2016-2020,NA,proc_device,4,800.0,INDUSTRY,RECRUITING,NON_RANDOMIZED,False,NONE,0.0,False,False,SINGLE_GROUP,True,none/single-group,False,,,,,False,True,True,False,False,0,False,NO,False,False
NCT01229293,2007.0,<=2015,PHASE2,proc_device,2,39.0,OTHER,COMPLETED,RANDOMIZED,True,NONE,0.0,False,False,PARALLEL,False,active,True,,,,,False,True,False,False,False,2,True,,False,True
NCT02288923,2015.0,<=2015,NA,both,2,199.0,OTHER,COMPLETED,RANDOMIZED,True,SINGLE,1.0,True,False,PARALLEL,True,active,True,,,,,False,True,False,False,False,0,False,,False,False
NCT07080814,2025.0,2021-2026,NA,proc_device,2,46.0,OTHER_GOV,RECRUITING,RANDOMIZED,True,SINGLE,1.0,True,False,PARALLEL,True,active,True,,,,,False,True,False,False,True,0,False,NO,False,False
NCT03466476,2017.0,2016-2020,NA,proc_device,2,150.0,OTHER,ACTIVE_NOT_RECRUITING,RANDOMIZED,True,NONE,0.0,False,False,PARALLEL,True,no-intervention,True,,,,,False,True,False,False,False,0,False,NO,False,False
NCT04202250,2019.0,2016-2020,NA,proc_device,2,80.0,OTHER,COMPLETED,RANDOMIZED,True,NONE,0.0,False,False,PARALLEL,True,active,True,,,,,False,True,False,False,False,0,False,,False,False
NCT00405379,2002.0,<=2015,NA,proc_device,0,67.0,OTHER,COMPLETED,RANDOMIZED,True,SINGLE,1.0,True,False,PARALLEL,True,none/single-group,False,,,,,False,True,False,False,False,1,True,,False,False
NCT03389646,2017.0,2016-2020,PHASE4,proc_device,2,135.0,OTHER,UNKNOWN,NON_RANDOMIZED,False,NONE,0.0,False,False,SINGLE_GROUP,True,active,True,,,,,True,False,False,False,False,0,False,NO,False,True
NCT06953375,2025.0,2021-2026,NA,proc_device,2,3250.0,OTHER,RECRUITING,RANDOMIZED,True,SINGLE,1.0,True,False,PARALLEL,True,active,True,,,,,False,True,False,False,False,0,False,YES,True,True
NCT06521593,2022.0,2021-2026,NA,proc_device,2,50.0,OTHER,ACTIVE_NOT_RECRUITING,RANDOMIZED,True,SINGLE,1.0,True,False,PARALLEL,True,active,True,,,,,False,True,False,False,False,0,False,UNDECIDED,False,False
NCT00358735,2006.0,<=2015,NA,both,2,411.0,INDUSTRY,COMPLETED,RANDOMIZED,True,SINGLE,1.0,True,False,PARALLEL,True,active,True,411.0,386.0,0.06082725060827254,True,False,False,False,True,True,0,False,,False,True
NCT07584915,2026.0,2021-2026,PHASE4,both,2,40.0,OTHER,ENROLLING_BY_INVITATION,RANDOMIZED,True,SINGLE,1.0,True,False,PARALLEL,False,active,True,,,,,True,True,False,False,False,0,False,YES,True,False
NCT00998088,2004.0,<=2015,PHASE4,both,6,2598.0,OTHER,COMPLETED,RANDOMIZED,True,NONE,0.0,False,False,FACTORIAL,True,no-intervention,True,,,,,True,True,True,False,False,0,False,,False,True
NCT00837772,2008.0,<=2015,NA,proc_device,2,120.0,FED,COMPLETED,RANDOMIZED,True,DOUBLE,2.0,True,True,PARALLEL,True,active,True,,,,,False,True,False,False,False,1,True,NO,False,False
NCT07574775,2025.0,2021-2026,NA,proc_device,1,50.0,OTHER,COMPLETED,NA,False,NONE,0.0,False,False,SINGLE_GROUP,True,none/single-group,False,,,,,False,False,False,False,False,0,False,NO,False,False
NCT02002624,2011.0,<=2015,NA,proc_device,2,140.0,AMBIG,COMPLETED,RANDOMIZED,True,SINGLE,1.0,True,False,PARALLEL,True,active,True,,,,,False,True,False,False,False,0,False,,False,True
NCT04524312,2017.0,2016-2020,NA,proc_device,2,56.0,OTHER,COMPLETED,RANDOMIZED,True,DOUBLE,2.0,True,True,PARALLEL,True,active,True,,,,,False,True,False,False,False,0,False,,False,False
NCT02713906,2015.0,<=2015,NA,proc_device,1,3.0,INDUSTRY,TERMINATED,NA,False,NONE,0.0,False,False,SINGLE_GROUP,False,none/single-group,False,,,,,False,True,False,False,False,0,False,,False,False
NCT05399355,2022.0,2021-2026,NA,proc_device,2,119.0,OTHER,COMPLETED,RANDOMIZED,True,QUADRUPLE,4.0,True,True,PARALLEL,True,placebo/sham,True,119.0,119.0,0.0,True,False,True,False,True,False,0,False,YES,True,False
NCT01027819,2009.0,<=2015,PHASE4,proc_device,2,80.0,OTHER,UNKNOWN,RANDOMIZED,True,QUADRUPLE,4.0,True,True,PARALLEL,False,active,True,80.0,80.0,0.0,True,True,True,False,True,False,0,False,,False,False
NCT04768764,2021.0,2021-2026,PHASE4,both,2,52.0,OTHER,UNKNOWN,RANDOMIZED,True,DOUBLE,2.0,True,True,PARALLEL,False,active,True,,,,,True,True,False,False,False,0,False,NO,False,True
NCT04168593,2018.0,2016-2020,NA,proc_device,4,120.0,OTHER,COMPLETED,RANDOMIZED,True,DOUBLE,2.0,True,True,FACTORIAL,True,placebo/sham,True,120.0,110.0,0.08333333333333337,True,False,True,True,True,True,0,False,NO,False,False
NCT03915639,2022.0,2021-2026,NA,proc_device,2,100.0,OTHER,UNKNOWN,RANDOMIZED,True,NONE,0.0,False,False,PARALLEL,True,active,True,,,,,False,True,False,False,False,0,False,UNDECIDED,False,False
NCT04191031,2020.0,2016-2020,NA,proc_device,2,79.0,INDUSTRY,TERMINATED,RANDOMIZED,True,QUADRUPLE,4.0,True,True,PARALLEL,True,placebo/sham,True,,,,,False,True,False,False,False,0,False,NO,False,False
NCT00724074,,,NA,proc_device,2,20.0,OTHER,UNKNOWN,RANDOMIZED,True,NONE,0.0,False,False,PARALLEL,False,active,True,,,,,False,True,False,False,False,0,False,,False,True
NCT04347343,2019.0,2016-2020,NA,proc_device,1,18.0,OTHER,COMPLETED,NA,False,NONE,0.0,False,False,SINGLE_GROUP,False,none/single-group,False,,,,,False,True,False,False,False,0,False,NO,False,False
NCT02525614,2009.0,<=2015,NA,proc_device,2,59.0,OTHER,COMPLETED,RANDOMIZED,True,DOUBLE,2.0,True,True,PARALLEL,True,active,True,,,,,False,True,False,False,False,0,False,,False,False
NCT01373112,2011.0,<=2015,NA,proc_device,2,68.0,OTHER,COMPLETED,RANDOMIZED,True,NONE,0.0,False,False,PARALLEL,True,none/single-group,False,,,,,False,True,False,False,False,0,False,,False,False
NCT03774121,2019.0,2016-2020,NA,proc_device,2,87.0,OTHER,COMPLETED,RANDOMIZED,True,QUADRUPLE,4.0,True,True,PARALLEL,True,placebo/sham,True,,,,,False,True,False,False,False,1,True,UNDECIDED,False,
NCT04814082,2021.0,2021-2026,NA,proc_device,2,100.0,OTHER,RECRUITING,NON_RANDOMIZED,False,NONE,0.0,False,False,PARALLEL,True,active,True,,,,,False,True,False,False,False,0,False,,False,False
NCT02096393,2013.0,<=2015,NA,proc_device,2,72.0,OTHER,COMPLETED,RANDOMIZED,True,DOUBLE,2.0,True,True,PARALLEL,True,active,True,,,,,False,True,False,False,False,0,False,,False,False
NCT03931837,2019.0,2016-2020,NA,proc_device,3,150.0,OTHER,UNKNOWN,RANDOMIZED,True,DOUBLE,2.0,True,True,PARALLEL,True,none/single-group,False,,,,,False,True,True,False,False,0,False,NO,False,True
NCT07494708,2025.0,2021-2026,NA,proc_device,2,102.0,OTHER,COMPLETED,RANDOMIZED,True,NONE,0.0,False,False,PARALLEL,True,none/single-group,False,,,,,False,False,False,False,False,0,False,,False,
NCT05060536,2021.0,2021-2026,NA,proc_device,2,256.0,OTHER,UNKNOWN,RANDOMIZED,True,QUADRUPLE,4.0,True,True,PARALLEL,True,placebo/sham,True,,,,,False,True,False,False,False,0,False,NO,False,False
NCT06603103,2024.0,2021-2026,NA,proc_device,2,120.0,OTHER,RECRUITING,RANDOMIZED,True,SINGLE,1.0,True,False,PARALLEL,True,none/single-group,False,,,,,False,True,False,False,False,0,False,NO,False,False
NCT01412814,2011.0,<=2015,NA,proc_device,2,50.0,OTHER_GOV,COMPLETED,RANDOMIZED,True,TRIPLE,3.0,True,True,PARALLEL,True,active,True,,,,,False,True,False,False,False,0,False,,False,
NCT03865849,2020.0,2016-2020,NA,proc_device,2,49.0,OTHER,COMPLETED,RANDOMIZED,True,TRIPLE,3.0,True,True,PARALLEL,True,active,True,,,,,False,True,False,False,False,2,True,,False,False
NCT02451605,2015.0,<=2015,NA,both,3,40.0,OTHER,UNKNOWN,RANDOMIZED,True,NONE,0.0,False,False,PARALLEL,True,active,True,,,,,False,True,True,False,False,0,False,,False,False
NCT04403919,2020.0,2016-2020,NA,proc_device,4,81.0,OTHER,COMPLETED,RANDOMIZED,True,NONE,0.0,False,False,PARALLEL,True,active,True,81.0,80.0,0.012345679012345734,True,False,False,True,True,False,0,False,YES,True,True
NCT00916331,2006.0,<=2015,PHASE4,proc_device,2,111.0,OTHER,COMPLETED,RANDOMIZED,True,DOUBLE,2.0,True,True,PARALLEL,True,none/single-group,False,,,,,True,True,False,False,False,0,False,,False,False
NCT02241967,2016.0,2016-2020,PHASE1,proc_device,4,119.0,FED,COMPLETED,RANDOMIZED,True,QUADRUPLE,4.0,True,True,FACTORIAL,True,placebo/sham,True,119.0,119.0,0.0,True,False,True,True,True,False,0,False,NO,False,False
NCT02650284,2015.0,<=2015,NA,proc_device,2,18.0,INDUSTRY,TERMINATED,RANDOMIZED,True,NONE,0.0,False,False,PARALLEL,False,none/single-group,False,17.0,10.0,0.4117647058823529,False,False,True,False,True,False,0,False,NO,False,False
NCT02533492,2011.0,<=2015,PHASE4,proc_device,2,102.0,OTHER,COMPLETED,RANDOMIZED,True,QUADRUPLE,4.0,True,True,PARALLEL,True,active,True,,,,,True,False,False,False,False,1,True,,False,False
NCT03676179,2018.0,2016-2020,NA,proc_device,2,66.0,OTHER,COMPLETED,NON_RANDOMIZED,False,DOUBLE,2.0,True,True,PARALLEL,True,active,True,,,,,False,True,False,False,False,1,True,NO,False,False
NCT04095637,2017.0,2016-2020,NA,proc_device,2,140.0,OTHER,RECRUITING,RANDOMIZED,True,TRIPLE,3.0,True,True,PARALLEL,True,active,True,,,,,False,True,False,False,False,1,True,NO,False,False
NCT01027286,2009.0,<=2015,PHASE4,proc_device,2,108.0,OTHER,COMPLETED,RANDOMIZED,True,DOUBLE,2.0,True,True,PARALLEL,True,no-intervention,True,100.0,98.0,0.020000000000000018,True,True,True,False,True,True,0,False,,False,False
NCT01336595,2003.0,<=2015,PHASE4,proc_device,2,331.0,OTHER,COMPLETED,RANDOMIZED,True,DOUBLE,2.0,True,True,PARALLEL,True,active,True,,,,,True,True,False,False,False,0,False,,False,False
NCT04817969,2021.0,2021-2026,NA,proc_device,1,240.0,INDUSTRY,ACTIVE_NOT_RECRUITING,NA,False,NONE,0.0,False,False,SINGLE_GROUP,True,none/single-group,False,,,,,False,True,False,False,False,0,False,NO,False,False
NCT06389435,2024.0,2021-2026,NA,proc_device,2,250.0,OTHER,RECRUITING,RANDOMIZED,True,SINGLE,1.0,True,False,PARALLEL,True,active,True,,,,,False,True,False,False,False,0,False,NO,False,False
NCT04503512,2012.0,<=2015,NA,proc_device,2,154.0,OTHER_GOV,COMPLETED,RANDOMIZED,True,DOUBLE,2.0,True,True,PARALLEL,True,active,True,,,,,False,True,False,False,False,0,False,NO,False,True
NCT03093077,2016.0,2016-2020,NA,proc_device,2,0.0,OTHER,WITHDRAWN,RANDOMIZED,True,DOUBLE,2.0,True,True,PARALLEL,False,active,True,,,,,False,False,False,False,False,0,False,UNDECIDED,False,False
NCT02000297,2013.0,<=2015,PHASE4,proc_device,2,60.0,OTHER,UNKNOWN,RANDOMIZED,True,SINGLE,1.0,True,False,PARALLEL,False,active,True,,,,,True,True,False,False,False,0,False,,False,True
NCT07511842,2026.0,2021-2026,NA,proc_device,2,106.0,OTHER,RECRUITING,RANDOMIZED,True,SINGLE,1.0,True,False,PARALLEL,True,active,True,,,,,False,False,False,False,False,0,False,YES,True,False
NCT05840276,2023.0,2021-2026,NA,proc_device,2,100.0,OTHER,ACTIVE_NOT_RECRUITING,RANDOMIZED,True,TRIPLE,3.0,True,True,PARALLEL,True,placebo/sham,True,,,,,False,True,False,False,False,0,False,YES,True,False
NCT04060251,2019.0,2016-2020,NA,proc_device,3,21.0,OTHER,TERMINATED,RANDOMIZED,True,NONE,0.0,False,False,PARALLEL,False,no-intervention,True,21.0,0.0,1.0,False,False,False,True,True,False,0,False,NO,False,False
NCT06644339,2024.0,2021-2026,NA,proc_device,5,500.0,OTHER,NOT_YET_RECRUITING,NON_RANDOMIZED,False,NONE,0.0,False,False,PARALLEL,True,none/single-group,False,,,,,False,True,True,False,False,0,False,NO,False,True
NCT02516280,2012.0,<=2015,NA,proc_device,2,65.0,OTHER,COMPLETED,RANDOMIZED,True,SINGLE,1.0,True,False,PARALLEL,True,active,True,,,,,False,True,False,False,False,0,False,,False,False
NCT03622346,2010.0,<=2015,NA,proc_device,0,1.0,OTHER,COMPLETED,NA,False,NONE,0.0,False,False,SINGLE_GROUP,False,none/single-group,False,,,,,False,True,False,False,False,0,False,NO,False,False
NCT03435679,2018.0,2016-2020,NA,proc_device,2,97.0,OTHER,ACTIVE_NOT_RECRUITING,RANDOMIZED,True,NONE,0.0,False,False,PARALLEL,True,active,True,,,,,False,True,False,False,False,1,True,NO,False,True
NCT03618771,2019.0,2016-2020,NA,proc_device,2,170.0,OTHER_GOV,COMPLETED,NON_RANDOMIZED,False,NONE,0.0,False,False,PARALLEL,True,none/single-group,False,,,,,False,False,False,False,False,0,False,NO,False,True
NCT05131568,2018.0,2016-2020,NA,proc_device,2,124.0,OTHER,COMPLETED,RANDOMIZED,True,SINGLE,1.0,True,False,PARALLEL,True,no-intervention,True,,,,,False,False,False,False,False,0,False,NO,False,
NCT00455182,2007.0,<=2015,NA,proc_device,3,0.0,OTHER,WITHDRAWN,RANDOMIZED,True,SINGLE,1.0,True,False,PARALLEL,False,placebo/sham,True,,,,,False,True,True,False,True,0,False,,False,False
NCT00417859,2004.0,<=2015,NA,proc_device,2,64.0,OTHER,COMPLETED,RANDOMIZED,True,TRIPLE,3.0,True,True,PARALLEL,True,active,True,56.0,55.0,0.017857142857142905,True,False,True,False,True,False,0,False,,False,
NCT01176292,2007.0,<=2015,NA,proc_device,2,142.0,OTHER,COMPLETED,RANDOMIZED,True,SINGLE,1.0,True,False,PARALLEL,True,none/single-group,False,142.0,128.0,0.09859154929577463,True,False,True,False,True,False,0,False,,False,False
NCT00289094,2001.0,<=2015,NA,proc_device,2,99.0,INDUSTRY,COMPLETED,RANDOMIZED,True,SINGLE,1.0,True,False,PARALLEL,True,active,True,99.0,5.0,0.9494949494949495,False,False,True,False,True,False,0,False,,False,False
NCT05237479,2022.0,2021-2026,NA,proc_device,2,0.0,OTHER,WITHDRAWN,RANDOMIZED,True,DOUBLE,2.0,True,True,PARALLEL,False,placebo/sham,True,,,,,False,True,False,False,False,0,False,NO,False,True
NCT06124482,2024.0,2021-2026,NA,proc_device,1,92.0,INDUSTRY,RECRUITING,NA,False,NONE,0.0,False,False,SINGLE_GROUP,True,none/single-group,False,,,,,False,False,False,False,False,0,False,,False,True
NCT03995446,2018.0,2016-2020,NA,proc_device,2,82.0,OTHER_GOV,COMPLETED,RANDOMIZED,True,SINGLE,1.0,True,False,PARALLEL,True,placebo/sham,True,,,,,False,True,False,False,False,1,True,NO,False,False
NCT03017261,2017.0,2016-2020,NA,proc_device,1,115.0,INDUSTRY,COMPLETED,NA,False,NONE,0.0,False,False,SINGLE_GROUP,True,none/single-group,False,115.0,115.0,0.0,True,False,True,False,True,False,0,False,NO,False,False
NCT03944005,2020.0,2016-2020,NA,proc_device,2,0.0,OTHER,WITHDRAWN,RANDOMIZED,True,QUADRUPLE,4.0,True,True,PARALLEL,False,placebo/sham,True,,,,,False,True,False,False,True,0,False,NO,False,True
NCT04076202,2013.0,<=2015,NA,proc_device,1,113.0,INDUSTRY,ACTIVE_NOT_RECRUITING,NA,False,NONE,0.0,False,False,SINGLE_GROUP,True,none/single-group,False,,,,,False,True,False,False,False,0,False,NO,False,
NCT06440863,2018.0,2016-2020,NA,proc_device,2,459.0,OTHER,COMPLETED,RANDOMIZED,True,NONE,0.0,False,False,PARALLEL,True,active,True,,,,,False,True,False,False,False,0,False,YES,True,True
NCT04402450,2020.0,2016-2020,NA,proc_device,2,40.0,OTHER,COMPLETED,RANDOMIZED,True,TRIPLE,3.0,True,True,PARALLEL,True,active,True,,,,,False,False,False,False,True,1,True,NO,False,True
NCT05429671,2022.0,2021-2026,PHASE3,both,4,50.0,OTHER,COMPLETED,NON_RANDOMIZED,False,NONE,0.0,False,False,PARALLEL,False,active,True,,,,,True,True,True,False,False,0,False,,False,
NCT00451737,2006.0,<=2015,PHASE1,proc_device,0,100.0,OTHER,UNKNOWN,RANDOMIZED,True,NONE,0.0,False,False,SINGLE_GROUP,True,none/single-group,False,,,,,False,False,False,False,False,0,False,,False,
NCT01133145,,,NA,proc_device,1,6.0,OTHER,UNKNOWN,NA,False,NONE,0.0,False,False,SINGLE_GROUP,False,none/single-group,False,,,,,False,True,False,False,True,0,False,,False,False
NCT00719576,2008.0,<=2015,PHASE3,proc_device,2,144.0,INDUSTRY,COMPLETED,RANDOMIZED,True,NONE,0.0,False,False,PARALLEL,True,active,True,144.0,137.0,0.04861111111111116,True,True,True,False,True,True,0,False,NO,False,True
NCT01657149,2015.0,<=2015,NA,proc_device,2,20.0,OTHER,TERMINATED,RANDOMIZED,True,SINGLE,1.0,True,False,PARALLEL,False,active,True,,,,,False,True,False,False,False,0,False,,False,True
NCT00294424,2002.0,<=2015,NA,proc_device,0,833.0,OTHER,UNKNOWN,RANDOMIZED,True,SINGLE,1.0,True,False,PARALLEL,True,none/single-group,False,,,,,False,False,False,False,False,0,False,,False,
NCT06552897,2022.0,2021-2026,NA,proc_device,2,76.0,OTHER,COMPLETED,RANDOMIZED,True,DOUBLE,2.0,True,True,PARALLEL,True,none/single-group,False,,,,,False,True,False,False,True,0,False,NO,False,False
NCT03364790,2018.0,2016-2020,NA,proc_device,4,120.0,OTHER,UNKNOWN,RANDOMIZED,True,NONE,0.0,False,False,FACTORIAL,True,no-intervention,True,,,,,False,True,True,False,False,0,False,NO,False,False
NCT05936593,2023.0,2021-2026,NA,proc_device,2,44.0,OTHER,RECRUITING,RANDOMIZED,True,SINGLE,1.0,True,False,PARALLEL,True,active,True,,,,,False,False,False,False,False,0,False,,False,
NCT01160835,2005.0,<=2015,PHASE4,proc_device,2,80.0,OTHER,COMPLETED,RANDOMIZED,True,SINGLE,1.0,True,False,PARALLEL,False,active,True,,,,,True,True,False,False,False,0,False,,False,False
NCT04906681,2021.0,2021-2026,PHASE1;PHASE2,proc_device,2,40.0,OTHER,UNKNOWN,NON_RANDOMIZED,False,NONE,0.0,False,False,PARALLEL,False,none/single-group,False,,,,,False,True,False,False,False,0,False,YES,True,False
NCT03658421,2018.0,2016-2020,NA,both,3,90.0,OTHER,COMPLETED,RANDOMIZED,True,TRIPLE,3.0,True,True,PARALLEL,True,none/single-group,False,,,,,False,True,True,False,False,1,True,NO,False,
NCT06782295,2025.0,2021-2026,PHASE4,proc_device,2,170.0,OTHER,RECRUITING,RANDOMIZED,True,NONE,0.0,False,False,PARALLEL,True,active,True,,,,,True,True,False,False,False,0,False,NO,False,False
NCT06363643,2024.0,2021-2026,NA,proc_device,2,44.0,OTHER,UNKNOWN,RANDOMIZED,True,NONE,0.0,False,False,PARALLEL,True,active,True,,,,,False,True,False,False,False,0,False,YES,True,False
NCT05151315,2022.0,2021-2026,NA,proc_device,2,50.0,OTHER,ACTIVE_NOT_RECRUITING,RANDOMIZED,True,SINGLE,1.0,True,False,PARALLEL,True,active,True,,,,,False,True,False,False,False,0,False,NO,False,False
NCT04843280,2017.0,2016-2020,NA,proc_device,2,167.0,OTHER,COMPLETED,RANDOMIZED,True,NONE,0.0,False,False,PARALLEL,True,active,True,,,,,False,True,False,False,False,0,False,,False,
NCT00138853,2003.0,<=2015,NA,proc_device,2,50.0,OTHER,COMPLETED,RANDOMIZED,True,SINGLE,1.0,True,False,PARALLEL,True,active,True,,,,,False,True,False,False,False,0,False,,False,True
NCT02873637,2017.0,2016-2020,NA,proc_device,2,44.0,OTHER,COMPLETED,RANDOMIZED,True,SINGLE,1.0,True,False,PARALLEL,True,none/single-group,False,,,,,False,False,False,False,True,0,False,NO,False,False
NCT02422251,2015.0,<=2015,NA,proc_device,4,120.0,OTHER_GOV,UNKNOWN,RANDOMIZED,True,DOUBLE,2.0,True,True,PARALLEL,True,no-intervention,True,,,,,False,False,True,False,False,2,True,,False,False
NCT00917774,2006.0,<=2015,PHASE4,proc_device,2,88.0,OTHER,COMPLETED,RANDOMIZED,True,DOUBLE,2.0,True,True,PARALLEL,False,active,True,,,,,True,True,False,False,False,0,False,,False,True
NCT06678750,2024.0,2021-2026,NA,proc_device,2,0.0,OTHER,WITHDRAWN,RANDOMIZED,True,NONE,0.0,False,False,PARALLEL,False,active,True,,,,,False,True,False,False,False,0,False,NO,False,False
NCT07551089,2026.0,2021-2026,NA,proc_device,2,100.0,OTHER,NOT_YET_RECRUITING,RANDOMIZED,True,NONE,0.0,False,False,PARALLEL,True,none/single-group,False,,,,,False,True,False,False,False,0,False,,False,
NCT03589300,2018.0,2016-2020,NA,proc_device,1,148.0,INDUSTRY,COMPLETED,NA,False,NONE,0.0,False,False,SINGLE_GROUP,True,none/single-group,False,125.0,102.0,0.18400000000000005,True,False,True,False,True,False,0,False,NO,False,False
NCT05338021,2022.0,2021-2026,NA,proc_device,2,100.0,OTHER,COMPLETED,RANDOMIZED,True,DOUBLE,2.0,True,True,PARALLEL,True,none/single-group,False,,,,,False,True,False,False,False,1,True,YES,True,False
NCT02854189,2011.0,<=2015,NA,proc_device,2,104.0,OTHER,COMPLETED,NON_RANDOMIZED,False,SINGLE,1.0,True,False,PARALLEL,True,none/single-group,False,,,,,False,True,False,False,False,0,False,NO,False,True
NCT06733597,2025.0,2021-2026,NA,proc_device,4,100.0,OTHER,RECRUITING,RANDOMIZED,True,NONE,0.0,False,False,PARALLEL,True,active,True,,,,,False,False,True,False,False,0,False,NO,False,
NCT04580069,2019.0,2016-2020,NA,proc_device,3,34.0,OTHER,COMPLETED,RANDOMIZED,True,DOUBLE,2.0,True,True,PARALLEL,True,active,True,,,,,False,True,True,False,False,1,True,NO,False,False
NCT04786119,2021.0,2021-2026,NA,proc_device,1,126.0,INDUSTRY,COMPLETED,NA,False,NONE,0.0,False,False,SINGLE_GROUP,True,none/single-group,False,126.0,106.0,0.15873015873015872,True,False,True,False,True,False,0,False,NO,False,False
NCT03915756,2019.0,2016-2020,NA,proc_device,2,42.0,OTHER,UNKNOWN,RANDOMIZED,True,NONE,0.0,False,False,PARALLEL,True,no-intervention,True,,,,,False,True,False,False,False,0,False,NO,False,False
NCT01814605,2011.0,<=2015,NA,proc_device,2,27.0,OTHER,COMPLETED,RANDOMIZED,True,TRIPLE,3.0,True,True,FACTORIAL,False,active,True,,,,,False,True,False,False,False,1,True,,False,False
NCT02374398,2011.0,<=2015,PHASE4,both,4,127.0,OTHER,COMPLETED,RANDOMIZED,True,DOUBLE,2.0,True,True,FACTORIAL,True,placebo/sham,True,127.0,121.0,0.047244094488189003,True,True,True,True,True,False,0,False,UNDECIDED,False,False
NCT05156476,2022.0,2021-2026,PHASE3,proc_device,3,36.0,OTHER,COMPLETED,RANDOMIZED,True,DOUBLE,2.0,True,True,PARALLEL,False,active,True,,,,,True,True,True,False,False,1,True,,False,False
NCT06019832,2023.0,2021-2026,NA,proc_device,2,54.0,OTHER,ACTIVE_NOT_RECRUITING,RANDOMIZED,True,NONE,0.0,False,False,PARALLEL,True,active,True,,,,,False,True,False,False,False,0,False,,False,True
NCT01978275,2013.0,<=2015,PHASE4,proc_device,2,58.0,OTHER,COMPLETED,RANDOMIZED,True,SINGLE,1.0,True,False,PARALLEL,False,active,True,,,,,True,False,False,False,False,0,False,,False,False
NCT03476148,2018.0,2016-2020,NA,proc_device,2,60.0,OTHER,UNKNOWN,NON_RANDOMIZED,False,SINGLE,1.0,True,False,PARALLEL,True,active,True,,,,,False,True,False,False,False,0,False,,False,False
NCT02314832,2014.0,<=2015,NA,proc_device,2,62.0,OTHER,COMPLETED,RANDOMIZED,True,QUADRUPLE,4.0,True,True,PARALLEL,True,active,True,,,,,False,False,False,False,False,0,False,,False,True
NCT00980577,2008.0,<=2015,PHASE4,proc_device,1,100.0,OTHER,UNKNOWN,RANDOMIZED,True,TRIPLE,3.0,True,True,PARALLEL,True,active,True,,,,,True,True,False,False,False,0,False,,False,True
NCT04639128,2021.0,2021-2026,NA,proc_device,2,126.0,OTHER,COMPLETED,RANDOMIZED,True,NONE,0.0,False,False,PARALLEL,True,no-intervention,True,126.0,122.0,0.031746031746031744,True,False,True,False,True,False,0,False,NO,False,True
NCT05473663,2022.0,2021-2026,NA,proc_device,2,14.0,OTHER,ACTIVE_NOT_RECRUITING,RANDOMIZED,True,TRIPLE,3.0,True,True,PARALLEL,False,placebo/sham,True,,,,,False,True,False,False,False,0,False,NO,False,True
NCT07130552,2025.0,2021-2026,NA,proc_device,2,120.0,OTHER,RECRUITING,RANDOMIZED,True,QUADRUPLE,4.0,True,True,PARALLEL,True,none/single-group,False,,,,,False,True,False,False,False,0,False,,False,False
NCT00233831,2004.0,<=2015,PHASE2;PHASE3,proc_device,0,80.0,OTHER,COMPLETED,RANDOMIZED,True,DOUBLE,2.0,True,True,PARALLEL,False,none/single-group,False,,,,,True,True,False,False,True,0,False,,False,
NCT02134496,2014.0,<=2015,NA,proc_device,2,1511.0,OTHER,COMPLETED,RANDOMIZED,True,NONE,0.0,False,False,PARALLEL,True,active,True,,,,,False,True,False,False,False,1,True,,False,False
NCT07581886,2026.0,2021-2026,NA,proc_device,2,78.0,OTHER,NOT_YET_RECRUITING,RANDOMIZED,True,SINGLE,1.0,True,False,PARALLEL,True,placebo/sham,True,,,,,False,True,False,False,False,0,False,NO,False,True
NCT07667218,2026.0,2021-2026,NA,proc_device,2,60.0,OTHER,NOT_YET_RECRUITING,RANDOMIZED,True,DOUBLE,2.0,True,True,PARALLEL,True,active,True,,,,,False,True,False,False,False,0,False,NO,False,False
NCT06523413,2024.0,2021-2026,NA,proc_device,3,75.0,OTHER,RECRUITING,RANDOMIZED,True,NONE,0.0,False,False,PARALLEL,True,no-intervention,True,,,,,False,False,True,False,False,0,False,,False,False
NCT06539910,2024.0,2021-2026,PHASE4,proc_device,2,90.0,OTHER,NOT_YET_RECRUITING,RANDOMIZED,True,DOUBLE,2.0,True,True,PARALLEL,False,active,True,,,,,True,True,False,False,True,0,False,UNDECIDED,False,True
NCT06228651,2016.0,2016-2020,NA,proc_device,2,22.0,OTHER,COMPLETED,RANDOMIZED,True,DOUBLE,2.0,True,True,SINGLE_GROUP,False,active,True,,,,,False,True,False,False,False,0,False,NO,False,True
NCT04300439,2020.0,2016-2020,NA,proc_device,2,48.0,OTHER,UNKNOWN,RANDOMIZED,True,SINGLE,1.0,True,False,PARALLEL,True,active,True,,,,,False,False,False,False,False,0,False,NO,False,False
NCT01876654,2013.0,<=2015,NA,proc_device,2,64.0,OTHER,COMPLETED,RANDOMIZED,True,NONE,0.0,False,False,PARALLEL,True,no-intervention,True,,,,,False,True,False,False,False,1,True,NO,False,False
NCT06189872,2024.0,2021-2026,NA,proc_device,1,30.0,OTHER,ACTIVE_NOT_RECRUITING,NA,False,NONE,0.0,False,False,SINGLE_GROUP,True,none/single-group,False,,,,,False,True,False,False,False,0,False,,False,
NCT02456116,2012.0,<=2015,NA,proc_device,3,90.0,OTHER,UNKNOWN,RANDOMIZED,True,SINGLE,1.0,True,False,PARALLEL,True,placebo/sham,True,,,,,False,True,True,False,False,0,False,,False,False
NCT00733486,2005.0,<=2015,PHASE4,proc_device,1,233.0,INDUSTRY,TERMINATED,NON_RANDOMIZED,False,NONE,0.0,False,False,SINGLE_GROUP,True,none/single-group,False,,,,,True,True,False,False,False,0,False,,False,False
NCT02680392,2015.0,<=2015,NA,both,2,40.0,OTHER,COMPLETED,RANDOMIZED,True,DOUBLE,2.0,True,True,PARALLEL,True,active,True,,,,,False,True,False,False,True,0,False,NO,False,False
NCT04539730,2021.0,2021-2026,PHASE4,both,2,0.0,OTHER,WITHDRAWN,RANDOMIZED,True,DOUBLE,2.0,True,True,PARALLEL,False,active,True,,,,,True,True,False,False,False,0,False,NO,False,False
NCT00759616,2003.0,<=2015,NA,proc_device,1,156.0,INDUSTRY,COMPLETED,NA,False,NONE,0.0,False,False,SINGLE_GROUP,True,none/single-group,False,,,,,False,True,False,False,False,0,False,,False,False
NCT05478005,2022.0,2021-2026,NA,proc_device,3,54.0,OTHER,COMPLETED,NON_RANDOMIZED,False,SINGLE,1.0,True,False,PARALLEL,True,no-intervention,True,,,,,False,True,True,False,False,1,True,NO,False,
NCT03285529,2017.0,2016-2020,NA,proc_device,2,60.0,OTHER,COMPLETED,RANDOMIZED,True,SINGLE,1.0,True,False,PARALLEL,True,placebo/sham,True,60.0,60.0,0.0,True,False,True,False,True,False,1,True,NO,False,False
NCT00487565,2006.0,<=2015,NA,proc_device,1,210.0,INDUSTRY,COMPLETED,NON_RANDOMIZED,False,NONE,0.0,False,False,SINGLE_GROUP,True,none/single-group,False,210.0,182.0,0.1333333333333333,True,False,True,False,True,False,0,False,,False,False
NCT02103504,2014.0,<=2015,NA,proc_device,1,30.0,OTHER,COMPLETED,NA,False,NONE,0.0,False,False,SINGLE_GROUP,True,none/single-group,False,,,,,False,True,False,False,False,0,False,,False,False
NCT04206150,2020.0,2016-2020,NA,proc_device,3,96.0,OTHER,COMPLETED,RANDOMIZED,True,QUADRUPLE,4.0,True,True,PARALLEL,True,active,True,,,,,False,True,True,False,False,1,True,NO,False,True
NCT02574312,2015.0,<=2015,NA,proc_device,2,88.0,INDUSTRY,COMPLETED,NON_RANDOMIZED,False,SINGLE,1.0,True,False,PARALLEL,True,active,True,88.0,88.0,0.0,True,False,True,False,True,False,0,False,,False,False
NCT04434222,2019.0,2016-2020,NA,proc_device,2,20.0,OTHER,TERMINATED,RANDOMIZED,True,SINGLE,1.0,True,False,PARALLEL,False,active,True,,,,,False,True,False,False,False,0,False,NO,False,False
NCT03877042,2018.0,2016-2020,NA,proc_device,1,100.0,OTHER,UNKNOWN,NA,False,NONE,0.0,False,False,SINGLE_GROUP,True,none/single-group,False,,,,,False,True,False,False,False,0,False,,False,True
NCT02641080,2016.0,2016-2020,NA,both,2,80.0,OTHER,COMPLETED,RANDOMIZED,True,NONE,0.0,False,False,PARALLEL,True,active,True,80.0,71.0,0.11250000000000004,True,False,False,False,True,False,0,False,,False,True
NCT04931966,2021.0,2021-2026,NA,proc_device,3,105.0,OTHER,COMPLETED,RANDOMIZED,True,DOUBLE,2.0,True,True,PARALLEL,True,active,True,,,,,False,True,True,False,False,0,False,NO,False,False
NCT00375856,2006.0,<=2015,PHASE4,proc_device,2,91.0,OTHER,COMPLETED,RANDOMIZED,True,SINGLE,1.0,True,False,FACTORIAL,False,no-intervention,True,,,,,True,True,False,False,False,0,False,,False,True
NCT05013879,2021.0,2021-2026,NA,proc_device,2,65.0,OTHER,COMPLETED,RANDOMIZED,True,NONE,0.0,False,False,SINGLE_GROUP,True,no-intervention,True,,,,,False,True,False,False,False,1,True,NO,False,False
NCT04716803,2020.0,2016-2020,NA,proc_device,1,10.0,OTHER,RECRUITING,NA,False,NONE,0.0,False,False,SINGLE_GROUP,False,none/single-group,False,,,,,False,True,False,False,False,0,False,,False,True
NCT03695640,2018.0,2016-2020,PHASE4,both,2,60.0,OTHER,UNKNOWN,RANDOMIZED,True,SINGLE,1.0,True,False,PARALLEL,False,active,True,,,,,True,True,False,False,False,0,False,NO,False,False
NCT03286543,2017.0,2016-2020,NA,proc_device,2,47.0,INDUSTRY,COMPLETED,RANDOMIZED,True,NONE,0.0,False,False,PARALLEL,True,no-intervention,True,47.0,28.0,0.4042553191489362,False,False,True,False,True,False,0,False,,False,False
NCT04413565,2016.0,2016-2020,NA,proc_device,2,413.0,OTHER,UNKNOWN,RANDOMIZED,True,QUADRUPLE,4.0,True,True,PARALLEL,True,active,True,,,,,False,True,False,False,False,0,False,NO,False,False
NCT04378049,2020.0,2016-2020,NA,proc_device,2,64.0,OTHER,ACTIVE_NOT_RECRUITING,RANDOMIZED,True,NONE,0.0,False,False,PARALLEL,True,active,True,,,,,False,True,False,False,False,1,True,YES,True,False
NCT01696552,2011.0,<=2015,NA,proc_device,2,109.0,OTHER,UNKNOWN,RANDOMIZED,True,TRIPLE,3.0,True,True,PARALLEL,True,active,True,,,,,False,True,False,False,False,0,False,UNDECIDED,False,False
NCT02450409,2014.0,<=2015,NA,proc_device,2,56.0,OTHER,UNKNOWN,RANDOMIZED,True,TRIPLE,3.0,True,True,PARALLEL,True,active,True,,,,,False,True,False,False,False,0,False,,False,
NCT04164147,2020.0,2016-2020,NA,proc_device,3,100.0,OTHER,UNKNOWN,RANDOMIZED,True,DOUBLE,2.0,True,True,PARALLEL,True,active,True,,,,,False,True,True,False,False,1,True,NO,False,
NCT02355652,2015.0,<=2015,PHASE4,proc_device,2,0.0,OTHER,WITHDRAWN,RANDOMIZED,True,QUADRUPLE,4.0,True,True,PARALLEL,False,active,True,,,,,True,True,False,False,False,0,False,,False,False
NCT02947321,2018.0,2016-2020,NA,proc_device,2,60.0,OTHER,COMPLETED,RANDOMIZED,True,QUADRUPLE,4.0,True,True,PARALLEL,True,placebo/sham,True,,,,,False,True,False,False,False,1,True,NO,False,False
NCT07199478,2025.0,2021-2026,NA,proc_device,2,140.0,OTHER,COMPLETED,RANDOMIZED,True,DOUBLE,2.0,True,True,PARALLEL,True,placebo/sham,True,,,,,False,False,False,False,False,0,False,NO,False,False
NCT02218814,2014.0,<=2015,NA,proc_device,2,106.0,OTHER,COMPLETED,RANDOMIZED,True,QUADRUPLE,4.0,True,True,PARALLEL,True,active,True,,,,,False,True,False,False,False,1,True,,False,True
NCT01262430,2011.0,<=2015,NA,proc_device,2,52.0,OTHER,COMPLETED,RANDOMIZED,True,DOUBLE,2.0,True,True,PARALLEL,True,active,True,,,,,False,True,False,False,False,0,False,,False,False
NCT01415193,2009.0,<=2015,NA,proc_device,2,80.0,OTHER,COMPLETED,RANDOMIZED,True,DOUBLE,2.0,True,True,PARALLEL,True,active,True,,,,,False,True,False,False,False,0,False,,False,False
NCT02882152,2011.0,<=2015,NA,proc_device,2,40.0,OTHER,COMPLETED,RANDOMIZED,True,NONE,0.0,False,False,PARALLEL,True,active,True,40.0,39.0,0.025000000000000022,True,False,True,False,True,False,1,True,NO,False,False
NCT05461638,2020.0,2016-2020,NA,proc_device,2,0.0,INDUSTRY,WITHDRAWN,RANDOMIZED,True,SINGLE,1.0,True,False,PARALLEL,False,active,True,,,,,False,True,False,False,False,0,False,,False,False
NCT00138892,2002.0,<=2015,PHASE4,proc_device,0,236.0,OTHER,UNKNOWN,NON_RANDOMIZED,False,NONE,0.0,False,False,SINGLE_GROUP,True,none/single-group,False,,,,,True,False,False,False,False,0,False,,False,False
NCT01676038,2011.0,<=2015,NA,proc_device,2,100.0,OTHER,COMPLETED,RANDOMIZED,True,DOUBLE,2.0,True,True,PARALLEL,True,active,True,,,,,False,True,False,False,False,0,False,,False,True
NCT07643883,2023.0,2021-2026,NA,proc_device,2,60.0,OTHER,COMPLETED,RANDOMIZED,True,DOUBLE,2.0,True,True,PARALLEL,True,active,True,,,,,False,True,False,False,False,0,False,NO,False,False
NCT02429856,1999.0,<=2015,PHASE4,proc_device,2,100.0,OTHER,COMPLETED,RANDOMIZED,True,DOUBLE,2.0,True,True,PARALLEL,True,active,True,100.0,62.0,0.38,False,True,True,False,True,True,0,False,,False,False
NCT03385759,2018.0,2016-2020,NA,proc_device,2,112.0,OTHER,UNKNOWN,RANDOMIZED,True,NONE,0.0,False,False,PARALLEL,True,active,True,,,,,False,True,False,False,False,0,False,NO,False,False
NCT02256904,2015.0,<=2015,NA,proc_device,2,134.0,OTHER,UNKNOWN,RANDOMIZED,True,QUADRUPLE,4.0,True,True,PARALLEL,True,active,True,,,,,False,True,False,False,False,0,False,,False,False
NCT07551856,2026.0,2021-2026,NA,proc_device,2,346.0,OTHER_GOV,NOT_YET_RECRUITING,RANDOMIZED,True,TRIPLE,3.0,True,True,PARALLEL,True,active,True,,,,,False,True,False,False,False,0,False,YES,True,False
NCT04419129,2017.0,2016-2020,NA,proc_device,2,100.0,OTHER,COMPLETED,RANDOMIZED,True,SINGLE,1.0,True,False,PARALLEL,True,active,True,,,,,False,True,False,False,False,1,True,NO,False,True
NCT04198389,2017.0,2016-2020,NA,proc_device,1,1000.0,OTHER,UNKNOWN,NA,False,NONE,0.0,False,False,SINGLE_GROUP,True,none/single-group,False,,,,,False,True,False,False,False,1,True,NO,False,False
NCT06280352,2024.0,2021-2026,NA,proc_device,2,120.0,OTHER,RECRUITING,RANDOMIZED,True,DOUBLE,2.0,True,True,PARALLEL,True,active,True,,,,,False,True,False,False,False,0,False,UNDECIDED,False,False
NCT04450485,2018.0,2016-2020,NA,proc_device,2,54.0,OTHER,COMPLETED,RANDOMIZED,True,DOUBLE,2.0,True,True,PARALLEL,True,active,True,,,,,False,True,False,False,False,0,False,NO,False,False
NCT01736644,2012.0,<=2015,NA,proc_device,2,97.0,INDUSTRY,COMPLETED,RANDOMIZED,True,SINGLE,1.0,True,False,FACTORIAL,True,placebo/sham,True,,,,,False,True,False,False,False,0,False,,False,False
NCT02931435,2016.0,2016-2020,NA,proc_device,2,9.0,OTHER,COMPLETED,RANDOMIZED,True,DOUBLE,2.0,True,True,PARALLEL,False,placebo/sham,True,,,,,False,True,False,False,False,0,False,UNDECIDED,False,False
NCT06264076,2024.0,2021-2026,NA,proc_device,2,40.0,OTHER,RECRUITING,NON_RANDOMIZED,False,NONE,0.0,False,False,SINGLE_GROUP,True,none/single-group,False,,,,,False,True,False,False,False,0,False,NO,False,True
NCT01135030,2006.0,<=2015,NA,proc_device,2,100.0,OTHER,COMPLETED,RANDOMIZED,True,SINGLE,1.0,True,False,PARALLEL,True,active,True,,,,,False,True,False,False,False,0,False,,False,False
NCT01475604,2011.0,<=2015,PHASE4,proc_device,2,23.0,INDUSTRY,TERMINATED,RANDOMIZED,True,QUADRUPLE,4.0,True,True,PARALLEL,False,placebo/sham,True,,,,,True,True,False,False,False,0,False,,False,False
NCT02081911,2014.0,<=2015,NA,proc_device,3,33.0,OTHER,TERMINATED,RANDOMIZED,True,DOUBLE,2.0,True,True,PARALLEL,True,none/single-group,False,,,,,False,True,True,False,True,0,False,,False,False
NCT02067533,,,NA,proc_device,2,91.0,OTHER,COMPLETED,,False,,,False,False,,True,none/single-group,False,91.0,85.0,0.06593406593406592,True,False,False,False,True,False,0,False,,False,
NCT02286739,2015.0,<=2015,NA,proc_device,2,500.0,INDUSTRY,TERMINATED,RANDOMIZED,True,SINGLE,1.0,True,False,PARALLEL,True,placebo/sham,True,332.0,55.0,0.8343373493975903,False,False,False,False,True,False,0,False,,False,False
NCT04841356,2021.0,2021-2026,NA,proc_device,1,21.0,OTHER,COMPLETED,NA,False,NONE,0.0,False,False,SINGLE_GROUP,False,none/single-group,False,,,,,False,True,False,False,False,0,False,NO,False,False
NCT05042492,2021.0,2021-2026,NA,proc_device,2,60.0,INDUSTRY,UNKNOWN,RANDOMIZED,True,NONE,0.0,False,False,PARALLEL,True,no-intervention,True,,,,,False,False,False,False,False,0,False,,False,
NCT06032507,2022.0,2021-2026,NA,proc_device,2,100.0,OTHER,COMPLETED,RANDOMIZED,True,DOUBLE,2.0,True,True,PARALLEL,True,none/single-group,False,,,,,False,True,False,False,False,1,True,UNDECIDED,False,True
NCT04912973,2020.0,2016-2020,NA,proc_device,2,80.0,OTHER,UNKNOWN,NON_RANDOMIZED,False,DOUBLE,2.0,True,True,PARALLEL,True,active,True,,,,,False,True,False,False,False,0,False,NO,False,False
NCT03044457,2017.0,2016-2020,NA,proc_device,2,100.0,OTHER,UNKNOWN,RANDOMIZED,True,DOUBLE,2.0,True,True,PARALLEL,True,active,True,,,,,False,True,False,False,False,0,False,NO,False,False
NCT00957021,2005.0,<=2015,NA,proc_device,1,409.0,INDUSTRY,COMPLETED,NA,False,NONE,0.0,False,False,SINGLE_GROUP,True,none/single-group,False,354.0,237.0,0.3305084745762712,False,False,True,False,True,False,0,False,,False,False
NCT05442242,2022.0,2021-2026,NA,proc_device,2,100.0,OTHER,UNKNOWN,RANDOMIZED,True,DOUBLE,2.0,True,True,PARALLEL,True,active,True,,,,,False,True,False,False,False,1,True,NO,False,False
NCT04850300,2021.0,2021-2026,PHASE3,proc_device,2,99.0,OTHER,UNKNOWN,RANDOMIZED,True,TRIPLE,3.0,True,True,PARALLEL,False,active,True,,,,,True,True,False,False,False,1,True,NO,False,False
NCT01641627,2012.0,<=2015,PHASE1;PHASE2,proc_device,1,34.0,OTHER,COMPLETED,NA,False,NONE,0.0,False,False,SINGLE_GROUP,False,none/single-group,False,,,,,False,True,False,False,False,0,False,,False,True
NCT07078149,2022.0,2021-2026,NA,proc_device,2,68.0,OTHER,COMPLETED,RANDOMIZED,True,SINGLE,1.0,True,False,PARALLEL,True,active,True,,,,,False,True,False,False,False,0,False,YES,True,False
NCT01140815,2007.0,<=2015,PHASE4,proc_device,2,50.0,OTHER,COMPLETED,RANDOMIZED,True,NONE,0.0,False,False,PARALLEL,False,active,True,50.0,50.0,0.0,True,True,True,False,True,False,0,False,,False,True
NCT07320833,2023.0,2021-2026,NA,proc_device,2,62.0,OTHER,COMPLETED,RANDOMIZED,True,TRIPLE,3.0,True,True,PARALLEL,True,active,True,,,,,False,True,False,False,False,0,False,YES,True,False
NCT02839850,2016.0,2016-2020,NA,proc_device,1,540.0,INDUSTRY,ACTIVE_NOT_RECRUITING,NA,False,NONE,0.0,False,False,SINGLE_GROUP,True,none/single-group,False,,,,,False,True,False,False,False,0,False,NO,False,False
NCT00665964,2008.0,<=2015,PHASE4,proc_device,2,0.0,OTHER,WITHDRAWN,RANDOMIZED,True,DOUBLE,2.0,True,True,PARALLEL,False,active,True,,,,,True,True,False,False,False,0,False,,False,False
NCT02861521,2016.0,2016-2020,NA,proc_device,2,4.0,OTHER,COMPLETED,RANDOMIZED,True,TRIPLE,3.0,True,True,PARALLEL,False,placebo/sham,True,,,,,False,False,False,False,False,0,False,NO,False,False
NCT00763113,2007.0,<=2015,NA,proc_device,2,173.0,INDUSTRY,COMPLETED,RANDOMIZED,True,NONE,0.0,False,False,PARALLEL,True,active,True,,,,,False,True,False,False,False,0,False,,False,False
NCT03505645,2020.0,2016-2020,PHASE4,proc_device,2,120.0,OTHER,UNKNOWN,RANDOMIZED,True,DOUBLE,2.0,True,True,PARALLEL,True,active,True,,,,,True,True,False,False,False,0,False,NO,False,True
NCT02861794,2016.0,2016-2020,NA,proc_device,1,44.0,OTHER,COMPLETED,NA,False,NONE,0.0,False,False,SINGLE_GROUP,True,none/single-group,False,,,,,False,True,False,False,False,0,False,NO,False,True
NCT01571492,2009.0,<=2015,NA,proc_device,2,60.0,OTHER,COMPLETED,RANDOMIZED,True,DOUBLE,2.0,True,True,PARALLEL,True,active,True,,,,,False,True,False,False,False,0,False,,False,False
NCT02056470,2013.0,<=2015,NA,proc_device,1,211.0,INDUSTRY,COMPLETED,NA,False,NONE,0.0,False,False,SINGLE_GROUP,True,none/single-group,False,,,,,False,True,False,False,False,0,False,,False,False
NCT02799797,2016.0,2016-2020,NA,both,2,62.0,OTHER,COMPLETED,RANDOMIZED,True,TRIPLE,3.0,True,True,PARALLEL,True,active,True,,,,,False,False,False,False,False,0,False,NO,False,False
NCT03016078,2017.0,2016-2020,NA,proc_device,1,21.0,INDUSTRY,COMPLETED,NA,False,NONE,0.0,False,False,SINGLE_GROUP,False,none/single-group,False,21.0,19.0,0.09523809523809523,True,False,True,False,True,False,0,False,,False,False
NCT05003544,2021.0,2021-2026,NA,proc_device,3,89.0,OTHER,COMPLETED,RANDOMIZED,True,QUADRUPLE,4.0,True,True,PARALLEL,True,active,True,,,,,False,True,True,False,False,0,False,NO,False,
NCT02494544,2015.0,<=2015,NA,proc_device,6,215.0,INDUSTRY,TERMINATED,NON_RANDOMIZED,False,SINGLE,1.0,True,False,SEQUENTIAL,True,active,True,214.0,147.0,0.3130841121495327,False,False,False,True,True,False,0,False,NO,False,True
NCT06011603,2023.0,2021-2026,PHASE4,proc_device,2,303.0,OTHER,COMPLETED,NON_RANDOMIZED,False,NONE,0.0,False,False,SINGLE_GROUP,True,none/single-group,False,303.0,303.0,0.0,True,True,False,False,True,False,0,False,YES,True,False
NCT06011629,2023.0,2021-2026,PHASE4,proc_device,2,396.0,OTHER,COMPLETED,NON_RANDOMIZED,False,NONE,0.0,False,False,SINGLE_GROUP,True,none/single-group,False,,,,,True,False,False,False,False,0,False,YES,True,False
NCT04724915,2020.0,2016-2020,NA,proc_device,2,60.0,OTHER,COMPLETED,RANDOMIZED,True,SINGLE,1.0,True,False,PARALLEL,True,active,True,,,,,False,True,False,False,False,1,True,NO,False,False
NCT04199377,2017.0,2016-2020,NA,proc_device,1,500.0,OTHER,UNKNOWN,NA,False,NONE,0.0,False,False,SINGLE_GROUP,True,none/single-group,False,,,,,False,True,False,False,False,0,False,NO,False,False
NCT03077958,2017.0,2016-2020,NA,proc_device,0,100.0,OTHER,UNKNOWN,RANDOMIZED,True,NONE,0.0,False,False,PARALLEL,True,none/single-group,False,,,,,False,True,False,False,False,1,True,UNDECIDED,False,False
NCT03666598,2019.0,2016-2020,NA,proc_device,2,80.0,OTHER,UNKNOWN,RANDOMIZED,True,TRIPLE,3.0,True,True,PARALLEL,True,no-intervention,True,,,,,False,True,False,False,False,2,True,UNDECIDED,False,True
NCT06373900,2022.0,2021-2026,NA,proc_device,2,40.0,OTHER,COMPLETED,RANDOMIZED,True,SINGLE,1.0,True,False,PARALLEL,True,active,True,,,,,False,False,False,False,True,0,False,NO,False,False
NCT06929871,2025.0,2021-2026,NA,proc_device,2,120.0,OTHER,RECRUITING,RANDOMIZED,True,DOUBLE,2.0,True,True,PARALLEL,True,active,True,,,,,False,True,False,False,False,0,False,NO,False,False
NCT02177227,2014.0,<=2015,NA,proc_device,2,194.0,OTHER,UNKNOWN,RANDOMIZED,True,DOUBLE,2.0,True,True,SINGLE_GROUP,True,no-intervention,True,,,,,False,True,False,False,False,0,False,NO,False,False
NCT07239817,2025.0,2021-2026,NA,proc_device,2,100.0,OTHER,RECRUITING,RANDOMIZED,True,SINGLE,1.0,True,False,PARALLEL,True,active,True,,,,,False,True,False,False,False,0,False,YES,True,False
NCT02268097,2014.0,<=2015,NA,proc_device,2,101.0,OTHER,UNKNOWN,RANDOMIZED,True,TRIPLE,3.0,True,True,PARALLEL,True,active,True,,,,,False,True,False,False,False,1,True,,False,True
NCT06507046,2024.0,2021-2026,NA,proc_device,2,152.0,OTHER_GOV,RECRUITING,RANDOMIZED,True,TRIPLE,3.0,True,True,PARALLEL,True,active,True,,,,,False,True,False,False,False,0,False,YES,True,False
NCT00256958,2005.0,<=2015,PHASE1;PHASE2,proc_device,0,150.0,OTHER,UNKNOWN,RANDOMIZED,True,NONE,0.0,False,False,SINGLE_GROUP,True,none/single-group,False,,,,,False,False,False,False,False,0,False,,False,
NCT01145157,2010.0,<=2015,NA,proc_device,3,150.0,INDUSTRY,COMPLETED,RANDOMIZED,True,NONE,0.0,False,False,PARALLEL,True,active,True,,,,,False,True,True,False,False,1,True,NO,False,False
NCT05377450,2022.0,2021-2026,NA,proc_device,2,108.0,OTHER,ACTIVE_NOT_RECRUITING,RANDOMIZED,True,SINGLE,1.0,True,False,PARALLEL,True,active,True,,,,,False,True,False,False,False,0,False,NO,False,
NCT02399046,2017.0,2016-2020,NA,proc_device,2,160.0,INDUSTRY,COMPLETED,RANDOMIZED,True,SINGLE,1.0,True,False,PARALLEL,True,active,True,,,,,False,True,False,False,False,0,False,,False,False
NCT01680692,2012.0,<=2015,EARLY_PHASE1,both,2,2.0,OTHER,TERMINATED,RANDOMIZED,True,NONE,0.0,False,False,PARALLEL,False,active,True,,,,,False,True,False,False,False,0,False,,False,False
NCT07213622,2024.0,2021-2026,NA,proc_device,2,100.0,OTHER,ENROLLING_BY_INVITATION,RANDOMIZED,True,NONE,0.0,False,False,PARALLEL,True,no-intervention,True,,,,,False,True,False,False,False,0,False,NO,False,False
NCT00969020,2009.0,<=2015,NA,proc_device,2,72.0,OTHER,COMPLETED,RANDOMIZED,True,SINGLE,1.0,True,False,PARALLEL,True,active,True,,,,,False,False,False,False,False,0,False,,False,False
NCT03517098,2021.0,2021-2026,NA,proc_device,2,640.0,OTHER,COMPLETED,RANDOMIZED,True,SINGLE,1.0,True,False,PARALLEL,True,none/single-group,False,,,,,False,True,False,False,False,2,True,YES,True,True
NCT03541265,2016.0,2016-2020,NA,both,2,70.0,OTHER,COMPLETED,RANDOMIZED,True,TRIPLE,3.0,True,True,PARALLEL,True,active,True,,,,,False,True,False,False,False,0,False,,False,
NCT06946368,2025.0,2021-2026,NA,proc_device,3,60.0,OTHER,RECRUITING,RANDOMIZED,True,NONE,0.0,False,False,PARALLEL,True,active,True,,,,,False,True,True,False,False,0,False,NO,False,False
NCT04358601,2014.0,<=2015,NA,proc_device,2,60.0,OTHER,ACTIVE_NOT_RECRUITING,RANDOMIZED,True,,,False,False,PARALLEL,True,active,True,,,,,False,True,False,False,False,0,False,,False,True
NCT07478783,2021.0,2021-2026,NA,proc_device,2,80.0,OTHER,COMPLETED,RANDOMIZED,True,NONE,0.0,False,False,PARALLEL,True,active,True,,,,,False,True,False,False,True,0,False,YES,True,True
NCT06784882,2025.0,2021-2026,PHASE4,both,2,40.0,OTHER,RECRUITING,RANDOMIZED,True,NONE,0.0,False,False,PARALLEL,False,active,True,,,,,True,True,False,False,False,0,False,UNDECIDED,False,False
NCT00597012,2008.0,<=2015,NA,proc_device,2,351.0,OTHER,COMPLETED,RANDOMIZED,True,NONE,0.0,False,False,PARALLEL,True,active,True,351.0,330.0,0.05982905982905984,True,False,True,False,True,False,3,True,NO,False,True
NCT03148379,2017.0,2016-2020,NA,proc_device,2,32.0,INDUSTRY,COMPLETED,RANDOMIZED,True,SINGLE,1.0,True,False,PARALLEL,True,active,True,32.0,31.0,0.03125,True,False,True,False,True,False,0,False,,False,False
NCT02088567,2014.0,<=2015,NA,proc_device,2,52.0,INDUSTRY,COMPLETED,RANDOMIZED,True,SINGLE,1.0,True,False,PARALLEL,True,none/single-group,False,,,,,False,True,False,False,False,0,False,,False,False
NCT03046225,2016.0,2016-2020,NA,proc_device,2,26.0,OTHER,COMPLETED,RANDOMIZED,True,NONE,0.0,False,False,PARALLEL,False,active,True,26.0,26.0,0.0,True,False,True,False,True,False,0,False,UNDECIDED,False,False
NCT05334589,2021.0,2021-2026,NA,proc_device,2,54.0,OTHER,COMPLETED,RANDOMIZED,True,NONE,0.0,False,False,PARALLEL,True,no-intervention,True,,,,,False,False,False,False,False,0,False,,False,False
NCT02925442,2017.0,2016-2020,NA,proc_device,3,150.0,OTHER,UNKNOWN,RANDOMIZED,True,TRIPLE,3.0,True,True,PARALLEL,True,placebo/sham,True,,,,,False,True,True,False,False,1,True,UNDECIDED,False,False
NCT07191964,2026.0,2021-2026,NA,proc_device,2,90.0,OTHER,NOT_YET_RECRUITING,RANDOMIZED,True,DOUBLE,2.0,True,True,PARALLEL,True,placebo/sham,True,,,,,False,True,False,False,False,0,False,NO,False,False
NCT04992078,2022.0,2021-2026,NA,proc_device,2,0.0,INDUSTRY,WITHDRAWN,RANDOMIZED,True,NONE,0.0,False,False,PARALLEL,False,active,True,,,,,False,True,False,False,False,0,False,NO,False,False
NCT04677907,2022.0,2021-2026,NA,proc_device,2,144.0,OTHER,RECRUITING,RANDOMIZED,True,DOUBLE,2.0,True,True,PARALLEL,True,active,True,,,,,False,False,False,False,False,0,False,NO,False,True
NCT02230215,2015.0,<=2015,NA,proc_device,2,50.0,OTHER,COMPLETED,RANDOMIZED,True,SINGLE,1.0,True,False,SINGLE_GROUP,True,no-intervention,True,,,,,False,True,False,False,False,1,True,NO,False,False
NCT05640336,2023.0,2021-2026,NA,proc_device,2,490.0,OTHER,ENROLLING_BY_INVITATION,RANDOMIZED,True,NONE,0.0,False,False,PARALLEL,True,active,True,,,,,False,True,False,False,False,0,False,NO,False,False
NCT04565093,2020.0,2016-2020,NA,proc_device,2,80.0,OTHER,COMPLETED,RANDOMIZED,True,TRIPLE,3.0,True,True,PARALLEL,True,placebo/sham,True,,,,,False,False,False,False,True,0,False,YES,True,True
NCT00822640,2004.0,<=2015,PHASE4,proc_device,2,100.0,INDUSTRY,COMPLETED,RANDOMIZED,True,DOUBLE,2.0,True,True,PARALLEL,True,active,True,,,,,True,True,False,False,False,1,True,,False,False
NCT03180346,2017.0,2016-2020,NA,proc_device,2,494.0,OTHER,UNKNOWN,RANDOMIZED,True,SINGLE,1.0,True,False,PARALLEL,True,active,True,,,,,False,False,False,False,False,0,False,,False,
NCT03188809,2017.0,2016-2020,NA,proc_device,2,42.0,OTHER,COMPLETED,RANDOMIZED,True,TRIPLE,3.0,True,True,PARALLEL,True,active,True,,,,,False,True,False,False,False,0,False,UNDECIDED,False,False
NCT05248308,2022.0,2021-2026,NA,proc_device,1,0.0,OTHER,WITHDRAWN,NA,False,NONE,0.0,False,False,SINGLE_GROUP,False,none/single-group,False,,,,,False,True,False,False,False,0,False,,False,False
NCT06859164,2025.0,2021-2026,PHASE2,proc_device,2,50.0,OTHER,RECRUITING,RANDOMIZED,True,TRIPLE,3.0,True,True,PARALLEL,True,placebo/sham,True,,,,,False,True,False,False,False,0,False,UNDECIDED,False,True
NCT01311804,2011.0,<=2015,PHASE3,proc_device,2,125.0,OTHER_GOV,UNKNOWN,RANDOMIZED,True,NONE,0.0,False,False,PARALLEL,True,active,True,,,,,True,True,False,False,False,0,False,,False,False
NCT00414700,2002.0,<=2015,PHASE3,both,2,118.0,INDUSTRY,COMPLETED,RANDOMIZED,True,SINGLE,1.0,True,False,PARALLEL,True,active,True,118.0,109.0,0.07627118644067798,True,True,True,False,True,True,0,False,,False,False
NCT05038670,2018.0,2016-2020,NA,proc_device,2,45.0,OTHER,COMPLETED,RANDOMIZED,True,DOUBLE,2.0,True,True,PARALLEL,True,active,True,,,,,False,True,False,False,False,0,False,YES,True,False
NCT00734110,2000.0,<=2015,PHASE4,proc_device,1,723.0,INDUSTRY,TERMINATED,NON_RANDOMIZED,False,NONE,0.0,False,False,SINGLE_GROUP,True,none/single-group,False,,,,,True,True,False,False,False,0,False,,False,False
NCT07092982,2025.0,2021-2026,NA,proc_device,2,52.0,OTHER,RECRUITING,RANDOMIZED,True,DOUBLE,2.0,True,True,PARALLEL,True,active,True,,,,,False,True,False,False,False,0,False,YES,True,False
NCT06469177,2025.0,2021-2026,NA,proc_device,2,1000.0,OTHER,ENROLLING_BY_INVITATION,RANDOMIZED,True,NONE,0.0,False,False,PARALLEL,True,no-intervention,True,,,,,False,True,False,False,False,0,False,NO,False,False
NCT02497911,2014.0,<=2015,PHASE4,both,2,110.0,OTHER,UNKNOWN,RANDOMIZED,True,SINGLE,1.0,True,False,PARALLEL,True,none/single-group,False,,,,,True,True,False,False,False,0,False,,False,True
NCT03274466,2017.0,2016-2020,NA,proc_device,2,294.0,INDUSTRY,COMPLETED,RANDOMIZED,True,NONE,0.0,False,False,PARALLEL,True,active,True,294.0,242.0,0.1768707482993197,True,False,True,False,True,False,0,False,,False,
NCT06079047,2023.0,2021-2026,NA,proc_device,2,66.0,OTHER,COMPLETED,RANDOMIZED,True,TRIPLE,3.0,True,True,PARALLEL,True,active,True,,,,,False,True,False,False,False,0,False,NO,False,False
NCT02540902,2015.0,<=2015,NA,proc_device,1,30.0,OTHER_GOV,UNKNOWN,NA,False,NONE,0.0,False,False,SINGLE_GROUP,True,none/single-group,False,,,,,False,False,False,False,False,0,False,NO,False,False
NCT06080152,2024.0,2021-2026,NA,proc_device,1,19.0,OTHER,RECRUITING,NA,False,NONE,0.0,False,False,SINGLE_GROUP,False,none/single-group,False,,,,,False,False,False,False,False,0,False,,False,False
NCT01631968,2007.0,<=2015,NA,proc_device,2,2948.0,OTHER,COMPLETED,RANDOMIZED,True,NONE,0.0,False,False,PARALLEL,True,placebo/sham,True,,,,,False,True,False,False,False,1,True,,False,False
NCT03622398,2006.0,<=2015,PHASE4,proc_device,2,125.0,OTHER,COMPLETED,RANDOMIZED,True,DOUBLE,2.0,True,True,PARALLEL,True,active,True,,,,,True,True,False,False,False,0,False,NO,False,True
NCT01488175,2012.0,<=2015,PHASE4,proc_device,2,0.0,OTHER,WITHDRAWN,RANDOMIZED,True,DOUBLE,2.0,True,True,PARALLEL,False,placebo/sham,True,,,,,True,True,False,False,False,0,False,,False,True
NCT05981105,2023.0,2021-2026,NA,proc_device,2,64.0,OTHER,RECRUITING,RANDOMIZED,True,DOUBLE,2.0,True,True,PARALLEL,True,placebo/sham,True,,,,,False,False,False,False,True,0,False,NO,False,True
NCT04181528,2019.0,2016-2020,NA,proc_device,2,100.0,OTHER,UNKNOWN,RANDOMIZED,True,DOUBLE,2.0,True,True,PARALLEL,True,active,True,,,,,False,True,False,False,False,0,False,,False,
NCT01844193,2013.0,<=2015,NA,proc_device,2,60.0,OTHER,COMPLETED,RANDOMIZED,True,DOUBLE,2.0,True,True,PARALLEL,True,no-intervention,True,40.0,28.0,0.30000000000000004,False,False,False,False,True,False,0,False,NO,False,False
NCT06838663,2025.0,2021-2026,NA,proc_device,2,60.0,OTHER,NOT_YET_RECRUITING,RANDOMIZED,True,NONE,0.0,False,False,PARALLEL,True,none/single-group,False,,,,,False,True,False,False,False,0,False,YES,True,True
NCT01483066,2012.0,<=2015,PHASE4,proc_device,2,38.0,OTHER,TERMINATED,RANDOMIZED,True,SINGLE,1.0,True,False,PARALLEL,False,active,True,,,,,True,False,False,False,False,0,False,,False,False
NCT04084288,2019.0,2016-2020,NA,proc_device,1,41.0,OTHER,COMPLETED,NA,False,NONE,0.0,False,False,SINGLE_GROUP,True,none/single-group,False,41.0,41.0,0.0,True,False,True,False,True,False,0,False,YES,True,
NCT06305065,2024.0,2021-2026,NA,proc_device,3,90.0,OTHER,UNKNOWN,RANDOMIZED,True,NONE,0.0,False,False,PARALLEL,True,active,True,,,,,False,True,True,False,False,0,False,YES,True,True
NCT01041937,2009.0,<=2015,NA,proc_device,2,106.0,OTHER,COMPLETED,RANDOMIZED,True,DOUBLE,2.0,True,True,PARALLEL,True,active,True,,,,,False,True,False,False,False,0,False,,False,True
NCT04618770,2021.0,2021-2026,NA,proc_device,1,37.0,INDUSTRY,TERMINATED,NA,False,NONE,0.0,False,False,SINGLE_GROUP,True,none/single-group,False,37.0,0.0,1.0,False,False,True,False,True,False,0,False,,False,False
NCT03256058,2017.0,2016-2020,NA,proc_device,2,60.0,OTHER,UNKNOWN,RANDOMIZED,True,DOUBLE,2.0,True,True,PARALLEL,True,placebo/sham,True,,,,,False,False,False,False,True,0,False,NO,False,True
NCT03203967,2017.0,2016-2020,NA,both,2,110.0,OTHER,COMPLETED,RANDOMIZED,True,QUADRUPLE,4.0,True,True,PARALLEL,True,placebo/sham,True,,,,,False,False,False,False,False,1,True,NO,False,False
NCT01573208,2011.0,<=2015,PHASE4,proc_device,1,80.0,OTHER,UNKNOWN,NA,False,NONE,0.0,False,False,SINGLE_GROUP,False,none/single-group,False,,,,,True,True,False,False,False,0,False,,False,
NCT04137731,2019.0,2016-2020,NA,proc_device,2,40.0,OTHER,COMPLETED,RANDOMIZED,True,DOUBLE,2.0,True,True,PARALLEL,True,placebo/sham,True,40.0,34.0,0.15000000000000002,True,False,False,False,True,False,0,False,NO,False,True
NCT05577936,2023.0,2021-2026,NA,proc_device,2,0.0,OTHER,WITHDRAWN,RANDOMIZED,True,NONE,0.0,False,False,PARALLEL,False,active,True,,,,,False,True,False,False,False,0,False,NO,False,True
NCT07502248,2026.0,2021-2026,NA,proc_device,2,40.0,OTHER,NOT_YET_RECRUITING,RANDOMIZED,True,DOUBLE,2.0,True,True,PARALLEL,True,active,True,,,,,False,True,False,False,False,0,False,NO,False,False
NCT05840705,2018.0,2016-2020,NA,proc_device,1,100.0,OTHER,UNKNOWN,NA,False,NONE,0.0,False,False,SINGLE_GROUP,True,none/single-group,False,,,,,False,True,False,False,False,0,False,,False,False
NCT00175474,2005.0,<=2015,PHASE1,proc_device,0,102.0,OTHER,COMPLETED,RANDOMIZED,True,NONE,0.0,False,False,SINGLE_GROUP,True,none/single-group,False,,,,,False,True,False,False,False,0,False,,False,False
NCT02520531,2010.0,<=2015,NA,proc_device,2,84.0,INDUSTRY,COMPLETED,RANDOMIZED,True,DOUBLE,2.0,True,True,PARALLEL,True,active,True,84.0,72.0,0.1428571428571429,True,False,True,False,True,False,0,False,,False,False
NCT07141316,2025.0,2021-2026,NA,proc_device,2,60.0,OTHER,ACTIVE_NOT_RECRUITING,RANDOMIZED,True,DOUBLE,2.0,True,True,PARALLEL,True,no-intervention,True,,,,,False,True,False,False,True,0,False,YES,True,False
NCT01345604,2011.0,<=2015,PHASE4,proc_device,2,50.0,OTHER,COMPLETED,RANDOMIZED,True,QUADRUPLE,4.0,True,True,PARALLEL,False,placebo/sham,True,,,,,True,True,False,False,False,0,False,,False,False
NCT03639532,2000.0,<=2015,PHASE4,proc_device,2,148.0,OTHER,COMPLETED,RANDOMIZED,True,DOUBLE,2.0,True,True,PARALLEL,True,active,True,,,,,True,True,False,False,False,0,False,,False,
NCT04183985,2019.0,2016-2020,NA,proc_device,2,100.0,OTHER,UNKNOWN,RANDOMIZED,True,DOUBLE,2.0,True,True,PARALLEL,True,active,True,,,,,False,True,False,False,False,0,False,,False,
NCT03836313,2019.0,2016-2020,NA,proc_device,2,0.0,OTHER,WITHDRAWN,RANDOMIZED,True,TRIPLE,3.0,True,True,PARALLEL,False,no-intervention,True,,,,,False,True,False,False,True,0,False,NO,False,False
NCT02594930,2015.0,<=2015,NA,proc_device,1,30.0,OTHER,UNKNOWN,NA,False,NONE,0.0,False,False,SINGLE_GROUP,True,none/single-group,False,,,,,False,False,False,False,False,1,True,NO,False,False
NCT03665233,2020.0,2016-2020,NA,proc_device,2,40.0,OTHER,TERMINATED,RANDOMIZED,True,DOUBLE,2.0,True,True,PARALLEL,True,placebo/sham,True,,,,,False,True,False,False,False,0,False,NO,False,False
NCT05434767,2022.0,2021-2026,NA,proc_device,2,30.0,OTHER,COMPLETED,RANDOMIZED,True,SINGLE,1.0,True,False,PARALLEL,True,active,True,,,,,False,True,False,False,False,0,False,UNDECIDED,False,False
NCT04334304,2020.0,2016-2020,NA,proc_device,4,47.0,OTHER,TERMINATED,RANDOMIZED,True,DOUBLE,2.0,True,True,PARALLEL,True,active,True,,,,,False,True,True,False,False,0,False,NO,False,False
NCT06908564,2023.0,2021-2026,NA,proc_device,2,20.0,OTHER,RECRUITING,NON_RANDOMIZED,False,NONE,0.0,False,False,PARALLEL,False,active,True,,,,,False,True,False,False,False,0,False,YES,True,True
NCT04927104,2021.0,2021-2026,NA,proc_device,1,10.0,OTHER,UNKNOWN,NA,False,NONE,0.0,False,False,SINGLE_GROUP,False,none/single-group,False,,,,,False,True,False,False,False,0,False,NO,False,True
NCT02653183,2015.0,<=2015,NA,proc_device,2,118.0,INDUSTRY,COMPLETED,RANDOMIZED,True,NONE,0.0,False,False,PARALLEL,True,active,True,103.0,95.0,0.07766990291262132,True,False,True,False,True,False,0,False,NO,False,False
NCT04712019,2020.0,2016-2020,NA,proc_device,2,10.0,INDUSTRY,TERMINATED,RANDOMIZED,True,NONE,0.0,False,False,PARALLEL,False,active,True,20.0,14.0,0.30000000000000004,False,False,True,False,True,False,0,False,NO,False,
NCT05648708,2022.0,2021-2026,NA,both,2,68.0,OTHER_GOV,COMPLETED,RANDOMIZED,True,QUADRUPLE,4.0,True,True,PARALLEL,True,active,True,,,,,False,False,False,False,False,0,False,YES,True,True
NCT05613101,2021.0,2021-2026,NA,proc_device,2,40.0,OTHER,COMPLETED,RANDOMIZED,True,DOUBLE,2.0,True,True,PARALLEL,True,active,True,,,,,False,True,False,False,False,0,False,,False,False
NCT04419311,2017.0,2016-2020,NA,proc_device,2,66.0,OTHER,COMPLETED,RANDOMIZED,True,DOUBLE,2.0,True,True,PARALLEL,True,none/single-group,False,66.0,65.0,0.015151515151515138,True,False,True,False,True,False,0,False,,False,
NCT05450211,2022.0,2021-2026,NA,proc_device,2,80.0,OTHER,COMPLETED,RANDOMIZED,True,TRIPLE,3.0,True,True,PARALLEL,True,active,True,,,,,False,False,False,False,True,0,False,NO,False,False
NCT02018484,2013.0,<=2015,NA,proc_device,1,32.0,OTHER,COMPLETED,NA,False,NONE,0.0,False,False,SINGLE_GROUP,True,none/single-group,False,,,,,False,True,False,False,False,0,False,,False,False
NCT04505748,2020.0,2016-2020,NA,proc_device,2,40.0,OTHER,COMPLETED,RANDOMIZED,True,SINGLE,1.0,True,False,PARALLEL,True,no-intervention,True,,,,,False,True,False,False,True,1,True,NO,False,True
NCT01375231,2011.0,<=2015,PHASE4,proc_device,2,52.0,OTHER,COMPLETED,RANDOMIZED,True,NONE,0.0,False,False,PARALLEL,False,active,True,,,,,True,True,False,False,False,0,False,,False,True
NCT05349461,2021.0,2021-2026,NA,proc_device,2,60.0,OTHER,UNKNOWN,RANDOMIZED,True,TRIPLE,3.0,True,True,PARALLEL,True,active,True,,,,,False,True,False,False,False,0,False,,False,False
NCT04290442,2021.0,2021-2026,PHASE4,both,2,0.0,OTHER,WITHDRAWN,RANDOMIZED,True,SINGLE,1.0,True,False,PARALLEL,False,active,True,,,,,True,True,False,False,False,0,False,NO,False,False
NCT06594003,2024.0,2021-2026,NA,proc_device,2,60.0,OTHER,NOT_YET_RECRUITING,RANDOMIZED,True,NONE,0.0,False,False,FACTORIAL,True,active,True,,,,,False,True,False,False,False,0,False,UNDECIDED,False,True
NCT06134817,2024.0,2021-2026,NA,proc_device,1,2.0,OTHER,TERMINATED,NA,False,NONE,0.0,False,False,SINGLE_GROUP,False,none/single-group,False,1.0,0.0,1.0,False,False,True,False,True,False,0,False,YES,True,False
NCT03232957,2017.0,2016-2020,NA,both,3,131.0,OTHER,COMPLETED,RANDOMIZED,True,DOUBLE,2.0,True,True,PARALLEL,True,none/single-group,False,,,,,False,True,True,False,False,0,False,NO,False,False
NCT02962453,2016.0,2016-2020,NA,proc_device,2,20.0,OTHER,COMPLETED,RANDOMIZED,True,DOUBLE,2.0,True,True,PARALLEL,False,active,True,,,,,False,True,False,False,False,0,False,NO,False,True
NCT06617819,2024.0,2021-2026,NA,proc_device,2,40.0,OTHER,NOT_YET_RECRUITING,RANDOMIZED,True,DOUBLE,2.0,True,True,PARALLEL,True,active,True,,,,,False,True,False,False,False,0,False,NO,False,False
NCT02481427,2015.0,<=2015,NA,proc_device,2,140.0,OTHER_GOV,ACTIVE_NOT_RECRUITING,RANDOMIZED,True,QUADRUPLE,4.0,True,True,PARALLEL,True,none/single-group,False,,,,,False,True,False,False,False,1,True,,False,False
NCT04733716,2019.0,2016-2020,NA,proc_device,2,120.0,OTHER_GOV,COMPLETED,RANDOMIZED,True,DOUBLE,2.0,True,True,PARALLEL,True,active,True,,,,,False,False,False,False,False,0,False,NO,False,False
NCT06989554,2024.0,2021-2026,NA,proc_device,2,34.0,OTHER,COMPLETED,RANDOMIZED,True,SINGLE,1.0,True,False,PARALLEL,True,active,True,,,,,False,True,False,False,True,0,False,NO,False,False
NCT03193034,2017.0,2016-2020,NA,proc_device,1,81.0,INDUSTRY,COMPLETED,NA,False,NONE,0.0,False,False,SINGLE_GROUP,True,none/single-group,False,,,,,False,True,False,False,False,0,False,UNDECIDED,False,False
NCT05552599,2018.0,2016-2020,NA,proc_device,2,122.0,OTHER,COMPLETED,RANDOMIZED,True,SINGLE,1.0,True,False,PARALLEL,True,no-intervention,True,,,,,False,False,False,False,False,0,False,YES,True,False
NCT01108237,2009.0,<=2015,NA,proc_device,2,78.0,INDUSTRY,COMPLETED,NON_RANDOMIZED,False,NONE,0.0,False,False,PARALLEL,True,none/single-group,False,174.0,150.0,0.13793103448275867,True,False,True,False,True,False,0,False,,False,False
NCT04701359,2022.0,2021-2026,NA,proc_device,2,0.0,OTHER,WITHDRAWN,RANDOMIZED,True,DOUBLE,2.0,True,True,PARALLEL,False,active,True,,,,,False,True,False,False,False,0,False,NO,False,False
NCT02798432,2015.0,<=2015,NA,proc_device,2,200.0,OTHER_GOV,ACTIVE_NOT_RECRUITING,RANDOMIZED,True,DOUBLE,2.0,True,True,PARALLEL,True,placebo/sham,True,,,,,False,True,False,False,True,0,False,NO,False,True
NCT00627770,2008.0,<=2015,NA,proc_device,0,34.0,OTHER,COMPLETED,NA,False,NONE,0.0,False,False,SINGLE_GROUP,True,none/single-group,False,,,,,False,False,False,False,False,1,True,,False,False
NCT05581563,2022.0,2021-2026,NA,proc_device,2,100.0,OTHER,UNKNOWN,RANDOMIZED,True,DOUBLE,2.0,True,True,PARALLEL,True,placebo/sham,True,,,,,False,False,False,False,False,0,False,,False,
NCT01936415,2010.0,<=2015,PHASE4,proc_device,2,60.0,OTHER,COMPLETED,RANDOMIZED,True,NONE,0.0,False,False,SINGLE_GROUP,False,active,True,,,,,True,True,False,False,False,1,True,,False,False
NCT03989375,2019.0,2016-2020,NA,proc_device,2,110.0,OTHER,UNKNOWN,RANDOMIZED,True,DOUBLE,2.0,True,True,PARALLEL,True,no-intervention,True,,,,,False,False,False,False,False,0,False,,False,
NCT01754363,2013.0,<=2015,NA,proc_device,1,1542.0,INDUSTRY,ACTIVE_NOT_RECRUITING,NA,False,NONE,0.0,False,False,SINGLE_GROUP,True,none/single-group,False,,,,,False,True,False,False,False,0,False,,False,False
NCT01132378,2006.0,<=2015,NA,proc_device,2,40.0,OTHER,COMPLETED,RANDOMIZED,True,SINGLE,1.0,True,False,PARALLEL,True,active,True,40.0,40.0,0.0,True,False,True,False,True,False,0,False,,False,False
NCT07475351,2026.0,2021-2026,NA,proc_device,2,110.0,OTHER,RECRUITING,RANDOMIZED,True,DOUBLE,2.0,True,True,PARALLEL,True,active,True,,,,,False,True,False,False,False,0,False,NO,False,False
NCT03681106,2018.0,2016-2020,NA,proc_device,2,71.0,OTHER,TERMINATED,RANDOMIZED,True,NONE,0.0,False,False,PARALLEL,True,no-intervention,True,,,,,False,True,False,False,False,0,False,UNDECIDED,False,True
NCT00405470,2001.0,<=2015,NA,proc_device,2,80.0,OTHER,COMPLETED,RANDOMIZED,True,SINGLE,1.0,True,False,PARALLEL,True,active,True,,,,,False,True,False,False,False,0,False,,False,False
NCT05447624,2022.0,2021-2026,NA,proc_device,2,42.0,OTHER,COMPLETED,RANDOMIZED,True,DOUBLE,2.0,True,True,PARALLEL,True,active,True,,,,,False,True,False,False,False,0,False,NO,False,False
NCT02118558,2014.0,<=2015,PHASE2,both,2,,OTHER,UNKNOWN,RANDOMIZED,True,NONE,0.0,False,False,PARALLEL,,active,True,,,,,False,False,False,False,False,0,False,,False,False
NCT05445700,2022.0,2021-2026,NA,proc_device,3,75.0,OTHER,COMPLETED,NON_RANDOMIZED,False,TRIPLE,3.0,True,True,FACTORIAL,True,active,True,,,,,False,True,True,False,False,0,False,NO,False,False
NCT05204797,2021.0,2021-2026,NA,proc_device,2,50.0,OTHER,ACTIVE_NOT_RECRUITING,RANDOMIZED,True,SINGLE,1.0,True,False,PARALLEL,True,active,True,,,,,False,False,False,False,False,0,False,NO,False,
NCT03074994,2016.0,2016-2020,PHASE2,both,3,108.0,OTHER,UNKNOWN,RANDOMIZED,True,DOUBLE,2.0,True,True,PARALLEL,True,no-intervention,True,,,,,False,True,True,False,True,0,False,NO,False,True
NCT04400708,2020.0,2016-2020,NA,proc_device,2,80.0,OTHER,COMPLETED,RANDOMIZED,True,TRIPLE,3.0,True,True,PARALLEL,True,placebo/sham,True,,,,,False,True,False,False,False,0,False,,False,True
NCT02740738,2016.0,2016-2020,NA,proc_device,0,201.0,OTHER,COMPLETED,NA,False,NONE,0.0,False,False,SINGLE_GROUP,True,none/single-group,False,,,,,False,False,False,False,False,0,False,NO,False,False
NCT03117959,2014.0,<=2015,NA,proc_device,2,0.0,OTHER,WITHDRAWN,RANDOMIZED,True,DOUBLE,2.0,True,True,PARALLEL,False,placebo/sham,True,,,,,False,True,False,False,False,0,False,NO,False,False
NCT06332443,2023.0,2021-2026,NA,proc_device,2,132.0,OTHER,UNKNOWN,RANDOMIZED,True,TRIPLE,3.0,True,True,PARALLEL,True,active,True,,,,,False,True,False,False,False,0,False,,False,True
NCT07522489,2026.0,2021-2026,NA,proc_device,2,146.0,OTHER,NOT_YET_RECRUITING,RANDOMIZED,True,SINGLE,1.0,True,False,PARALLEL,True,active,True,,,,,False,True,False,False,False,0,False,YES,True,False
NCT06533085,2021.0,2021-2026,NA,proc_device,3,240.0,OTHER,COMPLETED,RANDOMIZED,True,DOUBLE,2.0,True,True,PARALLEL,True,active,True,,,,,False,True,True,False,False,1,True,NO,False,
NCT05346822,2019.0,2016-2020,NA,proc_device,2,70.0,OTHER,COMPLETED,NON_RANDOMIZED,False,NONE,0.0,False,False,PARALLEL,True,no-intervention,True,,,,,False,False,False,False,False,0,False,NO,False,False
NCT04692714,2022.0,2021-2026,NA,proc_device,2,200.0,OTHER,RECRUITING,RANDOMIZED,True,SINGLE,1.0,True,False,PARALLEL,True,active,True,,,,,False,True,False,False,False,0,False,,False,False
NCT07449585,2026.0,2021-2026,NA,proc_device,3,180.0,OTHER,NOT_YET_RECRUITING,RANDOMIZED,True,DOUBLE,2.0,True,True,PARALLEL,True,placebo/sham,True,,,,,False,True,True,False,False,0,False,NO,False,False
NCT07505628,2026.0,2021-2026,NA,proc_device,2,106.0,OTHER,NOT_YET_RECRUITING,RANDOMIZED,True,NONE,0.0,False,False,PARALLEL,True,active,True,,,,,False,True,False,False,False,0,False,NO,False,False
NCT01811563,2013.0,<=2015,NA,proc_device,2,60.0,OTHER,COMPLETED,RANDOMIZED,True,NONE,0.0,False,False,PARALLEL,True,active,True,48.0,40.0,0.16666666666666663,True,False,False,False,True,False,0,False,,False,True
NCT00556842,2009.0,<=2015,NA,proc_device,2,1495.0,OTHER,COMPLETED,RANDOMIZED,True,NONE,0.0,False,False,PARALLEL,True,active,True,1495.0,1441.0,0.036120401337792596,True,False,True,False,True,False,1,True,UNDECIDED,False,True
NCT07456787,2025.0,2021-2026,NA,proc_device,2,78.0,OTHER,RECRUITING,RANDOMIZED,True,NONE,0.0,False,False,PARALLEL,True,active,True,,,,,False,False,False,False,False,0,False,NO,False,
NCT05154058,2022.0,2021-2026,NA,proc_device,2,4.0,OTHER,TERMINATED,RANDOMIZED,True,NONE,0.0,False,False,PARALLEL,False,active,True,,,,,False,False,False,False,False,0,False,NO,False,True
NCT04600583,2020.0,2016-2020,NA,proc_device,2,278.0,INDUSTRY,ACTIVE_NOT_RECRUITING,RANDOMIZED,True,DOUBLE,2.0,True,True,PARALLEL,True,active,True,,,,,False,True,False,False,False,1,True,NO,False,False
NCT04796519,2019.0,2016-2020,NA,proc_device,2,45.0,OTHER,COMPLETED,NON_RANDOMIZED,False,NONE,0.0,False,False,PARALLEL,True,none/single-group,False,,,,,False,False,False,False,True,0,False,NO,False,False
NCT03482349,2018.0,2016-2020,NA,proc_device,2,152.0,OTHER,COMPLETED,RANDOMIZED,True,NONE,0.0,False,False,PARALLEL,True,no-intervention,True,,,,,False,True,False,False,False,0,False,NO,False,False
NCT00419276,2007.0,<=2015,NA,proc_device,2,81.0,OTHER,COMPLETED,RANDOMIZED,True,QUADRUPLE,4.0,True,True,PARALLEL,True,placebo/sham,True,,,,,False,True,False,False,False,1,True,,False,True
NCT03081663,2017.0,2016-2020,NA,proc_device,4,83.0,OTHER,COMPLETED,RANDOMIZED,True,DOUBLE,2.0,True,True,PARALLEL,True,active,True,,,,,False,True,True,False,False,0,False,NO,False,False
NCT03339557,2015.0,<=2015,NA,proc_device,3,240.0,OTHER,UNKNOWN,RANDOMIZED,True,TRIPLE,3.0,True,True,PARALLEL,True,active,True,,,,,False,True,True,False,False,1,True,NO,False,True
NCT06627673,2026.0,2021-2026,NA,proc_device,1,200.0,INDUSTRY,RECRUITING,NA,False,NONE,0.0,False,False,SINGLE_GROUP,True,none/single-group,False,,,,,False,False,False,False,False,0,False,NO,False,True
NCT01092312,2010.0,<=2015,NA,proc_device,2,325.0,INDUSTRY,TERMINATED,RANDOMIZED,True,NONE,0.0,False,False,PARALLEL,True,active,True,,,,,False,True,False,False,False,0,False,,False,False
NCT06608745,2024.0,2021-2026,NA,proc_device,2,160.0,OTHER,RECRUITING,RANDOMIZED,True,SINGLE,1.0,True,False,PARALLEL,True,active,True,,,,,False,True,False,False,False,0,False,,False,False
NCT06600815,2024.0,2021-2026,NA,proc_device,2,110.0,OTHER,RECRUITING,RANDOMIZED,True,DOUBLE,2.0,True,True,PARALLEL,True,active,True,,,,,False,True,False,False,False,0,False,,False,False
NCT07568106,2026.0,2021-2026,NA,proc_device,2,132.0,OTHER,NOT_YET_RECRUITING,RANDOMIZED,True,QUADRUPLE,4.0,True,True,PARALLEL,True,active,True,,,,,False,True,False,False,False,0,False,NO,False,
NCT02342561,2014.0,<=2015,NA,proc_device,2,20.0,OTHER,COMPLETED,RANDOMIZED,True,NONE,0.0,False,False,SINGLE_GROUP,False,no-intervention,True,20.0,20.0,0.0,True,False,False,False,True,False,0,False,,False,False
NCT01470482,2006.0,<=2015,PHASE3,proc_device,2,50.0,OTHER,COMPLETED,RANDOMIZED,True,SINGLE,1.0,True,False,PARALLEL,False,active,True,,,,,True,True,False,False,False,0,False,,False,True
NCT02921594,2016.0,2016-2020,NA,proc_device,2,0.0,OTHER,WITHDRAWN,RANDOMIZED,True,SINGLE,1.0,True,False,PARALLEL,False,active,True,,,,,False,True,False,False,False,0,False,,False,
NCT04953988,2021.0,2021-2026,NA,proc_device,2,10.0,OTHER,UNKNOWN,NON_RANDOMIZED,False,NONE,0.0,False,False,PARALLEL,False,active,True,,,,,False,True,False,False,False,0,False,,False,True
NCT03648060,2018.0,2016-2020,NA,proc_device,1,88.0,INDUSTRY,COMPLETED,NA,False,NONE,0.0,False,False,SINGLE_GROUP,True,none/single-group,False,,,,,False,True,False,False,False,0,False,YES,True,False
NCT05572359,2023.0,2021-2026,NA,proc_device,4,208.0,OTHER,COMPLETED,RANDOMIZED,True,SINGLE,1.0,True,False,PARALLEL,True,no-intervention,True,,,,,False,False,True,False,False,1,True,YES,True,False
NCT06709703,2025.0,2021-2026,NA,proc_device,2,200.0,OTHER,NOT_YET_RECRUITING,RANDOMIZED,True,DOUBLE,2.0,True,True,PARALLEL,True,active,True,,,,,False,True,False,False,False,0,False,NO,False,False
NCT00848133,2004.0,<=2015,PHASE4,proc_device,2,51.0,OTHER,COMPLETED,RANDOMIZED,True,SINGLE,1.0,True,False,PARALLEL,False,active,True,,,,,True,True,False,False,False,0,False,,False,False
NCT02706990,2016.0,2016-2020,NA,proc_device,2,34.0,INDUSTRY,COMPLETED,NON_RANDOMIZED,False,NONE,0.0,False,False,PARALLEL,True,none/single-group,False,,,,,False,False,False,False,False,0,False,,False,False
NCT04005326,2019.0,2016-2020,NA,proc_device,2,34.0,OTHER,UNKNOWN,RANDOMIZED,True,SINGLE,1.0,True,False,PARALLEL,True,none/single-group,False,,,,,False,True,False,False,False,1,True,NO,False,True
NCT06798038,2025.0,2021-2026,PHASE1,both,3,105.0,OTHER,NOT_YET_RECRUITING,RANDOMIZED,True,NONE,0.0,False,False,PARALLEL,True,none/single-group,False,,,,,False,True,True,False,False,0,False,,False,
NCT06486246,2024.0,2021-2026,NA,proc_device,2,40.0,OTHER,UNKNOWN,NON_RANDOMIZED,False,TRIPLE,3.0,True,True,PARALLEL,True,none/single-group,False,,,,,False,True,False,False,False,0,False,,False,False
NCT03876431,2019.0,2016-2020,NA,proc_device,2,42.0,OTHER,COMPLETED,RANDOMIZED,True,DOUBLE,2.0,True,True,PARALLEL,True,active,True,,,,,False,True,False,False,False,0,False,NO,False,False
NCT02861027,2015.0,<=2015,NA,proc_device,2,72.0,OTHER,COMPLETED,RANDOMIZED,True,SINGLE,1.0,True,False,PARALLEL,True,active,True,,,,,False,True,False,False,False,0,False,NO,False,True
NCT02670499,2015.0,<=2015,NA,proc_device,2,28.0,INDUSTRY,COMPLETED,RANDOMIZED,True,NONE,0.0,False,False,PARALLEL,False,active,True,,,,,False,False,False,False,False,0,False,NO,False,False
NCT07302724,2025.0,2021-2026,NA,proc_device,2,104.0,OTHER_GOV,ACTIVE_NOT_RECRUITING,RANDOMIZED,True,NONE,0.0,False,False,PARALLEL,True,none/single-group,False,,,,,False,True,False,False,False,0,False,NO,False,False
NCT03970460,2011.0,<=2015,NA,proc_device,4,88.0,OTHER,UNKNOWN,RANDOMIZED,True,DOUBLE,2.0,True,True,PARALLEL,True,active,True,,,,,False,True,True,False,False,0,False,,False,False
NCT02683460,2016.0,2016-2020,NA,proc_device,2,100.0,OTHER,UNKNOWN,RANDOMIZED,True,TRIPLE,3.0,True,True,PARALLEL,True,active,True,,,,,False,True,False,False,False,0,False,,False,False
NCT03783247,2019.0,2016-2020,NA,proc_device,2,50.0,OTHER,UNKNOWN,RANDOMIZED,True,DOUBLE,2.0,True,True,PARALLEL,True,none/single-group,False,,,,,False,True,False,False,False,0,False,UNDECIDED,False,False
NCT02513082,2015.0,<=2015,NA,proc_device,2,100.0,OTHER,UNKNOWN,RANDOMIZED,True,DOUBLE,2.0,True,True,PARALLEL,True,active,True,,,,,False,True,False,False,False,1,True,,False,False
NCT01047384,2010.0,<=2015,PHASE2;PHASE3,proc_device,2,100.0,OTHER,COMPLETED,RANDOMIZED,True,SINGLE,1.0,True,False,PARALLEL,True,active,True,,,,,True,True,False,False,False,0,False,,False,
NCT01993758,2013.0,<=2015,NA,proc_device,2,160.0,OTHER,UNKNOWN,RANDOMIZED,True,TRIPLE,3.0,True,True,PARALLEL,True,active,True,,,,,False,True,False,False,False,1,True,,False,True
NCT00167895,2004.0,<=2015,PHASE3,proc_device,0,100.0,OTHER,COMPLETED,RANDOMIZED,True,SINGLE,1.0,True,False,SINGLE_GROUP,True,none/single-group,False,,,,,True,False,False,False,False,0,False,,False,True
NCT03208478,2018.0,2016-2020,NA,proc_device,2,60.0,OTHER,COMPLETED,RANDOMIZED,True,DOUBLE,2.0,True,True,PARALLEL,True,active,True,,,,,False,True,False,False,False,0,False,NO,False,False
NCT02525588,2011.0,<=2015,NA,proc_device,2,100.0,INDUSTRY,COMPLETED,RANDOMIZED,True,DOUBLE,2.0,True,True,PARALLEL,True,active,True,96.0,87.0,0.09375,True,False,True,False,True,False,0,False,,False,False
NCT07023185,2025.0,2021-2026,NA,proc_device,2,90.0,OTHER,RECRUITING,RANDOMIZED,True,NONE,0.0,False,False,PARALLEL,True,active,True,,,,,False,True,False,False,False,0,False,UNDECIDED,False,False
NCT03053453,2016.0,2016-2020,NA,proc_device,2,52.0,OTHER,TERMINATED,RANDOMIZED,True,NONE,0.0,False,False,PARALLEL,True,active,True,52.0,52.0,0.0,True,False,True,False,True,False,0,False,,False,False
NCT01454908,2006.0,<=2015,NA,proc_device,1,18.0,OTHER,UNKNOWN,NON_RANDOMIZED,False,NONE,0.0,False,False,SINGLE_GROUP,False,none/single-group,False,,,,,False,True,False,False,False,0,False,,False,False
NCT03285542,2017.0,2016-2020,NA,proc_device,2,60.0,OTHER,COMPLETED,RANDOMIZED,True,SINGLE,1.0,True,False,PARALLEL,True,placebo/sham,True,60.0,60.0,0.0,True,False,True,False,True,False,0,False,NO,False,False
NCT05987839,2022.0,2021-2026,NA,proc_device,2,130.0,OTHER,COMPLETED,RANDOMIZED,True,DOUBLE,2.0,True,True,PARALLEL,True,active,True,,,,,False,True,False,False,False,0,False,,False,False
NCT02524730,2009.0,<=2015,NA,proc_device,1,205.0,INDUSTRY,COMPLETED,NA,False,NONE,0.0,False,False,SINGLE_GROUP,True,none/single-group,False,205.0,159.0,0.224390243902439,False,False,True,False,True,False,0,False,,False,False
NCT02547129,2015.0,<=2015,NA,proc_device,2,4.0,OTHER,TERMINATED,RANDOMIZED,True,NONE,0.0,False,False,PARALLEL,False,active,True,4.0,3.0,0.25,False,False,True,False,True,False,0,False,,False,False
NCT06401018,2024.0,2021-2026,NA,proc_device,3,90.0,OTHER,ACTIVE_NOT_RECRUITING,RANDOMIZED,True,SINGLE,1.0,True,False,PARALLEL,True,active,True,,,,,False,False,True,False,False,0,False,NO,False,False
NCT00712816,2008.0,<=2015,PHASE4,proc_device,2,224.0,INDUSTRY,UNKNOWN,RANDOMIZED,True,SINGLE,1.0,True,False,PARALLEL,True,active,True,,,,,True,True,False,False,False,0,False,,False,False
NCT04226339,2020.0,2016-2020,NA,proc_device,2,104.0,OTHER,RECRUITING,RANDOMIZED,True,NONE,0.0,False,False,PARALLEL,True,active,True,,,,,False,True,False,False,False,0,False,,False,
NCT02121964,2013.0,<=2015,NA,proc_device,2,98.0,OTHER,COMPLETED,RANDOMIZED,True,SINGLE,1.0,True,False,PARALLEL,True,none/single-group,False,,,,,False,True,False,False,False,1,True,NO,False,False
NCT04057885,2017.0,2016-2020,NA,proc_device,2,0.0,OTHER,WITHDRAWN,RANDOMIZED,True,SINGLE,1.0,True,False,PARALLEL,False,active,True,,,,,False,True,False,False,False,0,False,,False,False
NCT06976138,2025.0,2021-2026,NA,proc_device,3,252.0,OTHER,RECRUITING,RANDOMIZED,True,SINGLE,1.0,True,False,PARALLEL,True,active,True,,,,,False,True,True,False,False,0,False,YES,True,False
NCT06108934,2024.0,2021-2026,NA,proc_device,1,313.0,INDUSTRY,RECRUITING,NA,False,NONE,0.0,False,False,SINGLE_GROUP,True,none/single-group,False,,,,,False,True,False,False,False,0,False,,False,
NCT05971095,2023.0,2021-2026,NA,proc_device,2,64.0,OTHER,UNKNOWN,RANDOMIZED,True,NONE,0.0,False,False,PARALLEL,True,no-intervention,True,,,,,False,True,False,False,True,0,False,UNDECIDED,False,False
NCT03659318,2002.0,<=2015,PHASE4,proc_device,2,674.0,OTHER,COMPLETED,RANDOMIZED,True,DOUBLE,2.0,True,True,PARALLEL,True,active,True,,,,,True,True,False,False,False,0,False,,False,
NCT07096375,2025.0,2021-2026,NA,proc_device,2,50.0,OTHER,NOT_YET_RECRUITING,RANDOMIZED,True,SINGLE,1.0,True,False,PARALLEL,True,placebo/sham,True,,,,,False,False,False,False,False,0,False,UNDECIDED,False,True
NCT00279838,2004.0,<=2015,PHASE4,proc_device,0,200.0,OTHER,COMPLETED,RANDOMIZED,True,NONE,0.0,False,False,FACTORIAL,True,none/single-group,False,,,,,True,True,False,False,False,0,False,,False,
NCT01194817,2010.0,<=2015,NA,proc_device,2,100.0,OTHER,ACTIVE_NOT_RECRUITING,RANDOMIZED,True,NONE,0.0,False,False,PARALLEL,True,none/single-group,False,,,,,False,True,False,False,False,0,False,,False,False
NCT04037735,2019.0,2016-2020,NA,proc_device,2,64.0,OTHER,UNKNOWN,RANDOMIZED,True,SINGLE,1.0,True,False,PARALLEL,True,active,True,,,,,False,True,False,False,False,0,False,,False,
NCT02696876,2017.0,2016-2020,NA,proc_device,2,4.0,OTHER,COMPLETED,RANDOMIZED,True,TRIPLE,3.0,True,True,PARALLEL,False,active,True,,,,,False,True,False,False,False,0,False,NO,False,False
NCT07616102,2026.0,2021-2026,NA,proc_device,2,80.0,OTHER,NOT_YET_RECRUITING,RANDOMIZED,True,DOUBLE,2.0,True,True,PARALLEL,True,active,True,,,,,False,True,False,False,False,0,False,NO,False,True
NCT04422119,2018.0,2016-2020,NA,proc_device,2,150.0,OTHER,UNKNOWN,RANDOMIZED,True,NONE,0.0,False,False,PARALLEL,True,active,True,,,,,False,False,False,False,False,0,False,NO,False,False
NCT00862511,2009.0,<=2015,NA,proc_device,2,120.0,OTHER,COMPLETED,RANDOMIZED,True,NONE,0.0,False,False,PARALLEL,True,active,True,,,,,False,True,False,False,False,2,True,NO,False,False
NCT06835621,2025.0,2021-2026,NA,proc_device,2,80.0,OTHER,NOT_YET_RECRUITING,RANDOMIZED,True,TRIPLE,3.0,True,True,PARALLEL,True,active,True,,,,,False,True,False,False,False,0,False,UNDECIDED,False,False
NCT02557763,2011.0,<=2015,NA,proc_device,2,100.0,OTHER,COMPLETED,NON_RANDOMIZED,False,QUADRUPLE,4.0,True,True,PARALLEL,True,none/single-group,False,,,,,False,True,False,False,False,0,False,,False,True
NCT04960241,2021.0,2021-2026,NA,proc_device,3,169.0,OTHER_GOV,COMPLETED,RANDOMIZED,True,DOUBLE,2.0,True,True,PARALLEL,True,active,True,,,,,False,True,True,False,False,1,True,UNDECIDED,False,False
NCT00958789,2009.0,<=2015,NA,proc_device,1,180.0,INDUSTRY,COMPLETED,NA,False,NONE,0.0,False,False,SINGLE_GROUP,True,none/single-group,False,180.0,130.0,0.2777777777777778,False,False,True,False,True,False,0,False,,False,False
NCT04681404,2021.0,2021-2026,NA,proc_device,3,150.0,OTHER,UNKNOWN,NON_RANDOMIZED,False,DOUBLE,2.0,True,True,PARALLEL,True,active,True,,,,,False,False,True,False,False,0,False,,False,
NCT00589108,2001.0,<=2015,NA,proc_device,3,240.0,OTHER,COMPLETED,RANDOMIZED,True,SINGLE,1.0,True,False,PARALLEL,True,active,True,240.0,227.0,0.054166666666666696,True,False,True,True,True,True,0,False,,False,False
NCT01410240,2011.0,<=2015,PHASE4,both,2,137.0,INDUSTRY,COMPLETED,RANDOMIZED,True,SINGLE,1.0,True,False,PARALLEL,True,active,True,118.0,114.0,0.03389830508474578,True,True,True,False,True,False,0,False,,False,False
NCT02032017,2013.0,<=2015,NA,proc_device,2,30.0,OTHER,UNKNOWN,RANDOMIZED,True,DOUBLE,2.0,True,True,PARALLEL,True,active,True,,,,,False,True,False,False,False,1,True,,False,True
NCT04752917,2019.0,2016-2020,NA,proc_device,2,9.0,OTHER,TERMINATED,RANDOMIZED,True,SINGLE,1.0,True,False,PARALLEL,False,no-intervention,True,,,,,False,True,False,False,False,0,False,UNDECIDED,False,False
NCT05696418,2021.0,2021-2026,NA,proc_device,2,76.0,OTHER,COMPLETED,RANDOMIZED,True,DOUBLE,2.0,True,True,PARALLEL,True,none/single-group,False,,,,,False,True,False,False,False,0,False,NO,False,
NCT02427711,2013.0,<=2015,NA,proc_device,2,60.0,OTHER,COMPLETED,NON_RANDOMIZED,False,SINGLE,1.0,True,False,SINGLE_GROUP,True,placebo/sham,True,,,,,False,True,False,False,False,0,False,,False,False
NCT05226689,2022.0,2021-2026,NA,proc_device,1,31.0,OTHER,ACTIVE_NOT_RECRUITING,NA,False,NONE,0.0,False,False,SINGLE_GROUP,True,none/single-group,False,,,,,False,True,False,False,False,0,False,,False,
NCT01326156,2007.0,<=2015,NA,proc_device,2,100.0,OTHER,ACTIVE_NOT_RECRUITING,RANDOMIZED,True,QUADRUPLE,4.0,True,True,PARALLEL,True,active,True,,,,,False,True,False,False,True,0,False,YES,True,False
NCT01883492,2013.0,<=2015,NA,proc_device,2,153.0,INDUSTRY,TERMINATED,RANDOMIZED,True,SINGLE,1.0,True,False,PARALLEL,True,active,True,153.0,129.0,0.1568627450980392,True,False,True,False,True,False,0,False,NO,False,True
NCT04080401,2018.0,2016-2020,NA,proc_device,2,60.0,OTHER,UNKNOWN,RANDOMIZED,True,NONE,0.0,False,False,PARALLEL,True,active,True,,,,,False,True,False,False,False,0,False,NO,False,True
NCT04628468,2021.0,2021-2026,NA,proc_device,3,416.0,OTHER,COMPLETED,RANDOMIZED,True,NONE,0.0,False,False,PARALLEL,True,no-intervention,True,,,,,False,True,True,False,False,0,False,NO,False,False
NCT04630262,2022.0,2021-2026,NA,proc_device,2,80.0,INDUSTRY,TERMINATED,NON_RANDOMIZED,False,NONE,0.0,False,False,PARALLEL,True,active,True,80.0,0.0,1.0,False,False,True,False,True,False,0,False,YES,True,False
NCT02175576,2014.0,<=2015,NA,proc_device,2,50.0,INDUSTRY,TERMINATED,RANDOMIZED,True,SINGLE,1.0,True,False,PARALLEL,True,active,True,50.0,0.0,1.0,False,False,True,False,True,False,0,False,NO,False,False
NCT03625050,2018.0,2016-2020,PHASE2,both,2,22.0,OTHER,COMPLETED,RANDOMIZED,True,SINGLE,1.0,True,False,PARALLEL,False,active,True,,,,,False,True,False,False,False,0,False,,False,False
NCT05898581,2024.0,2021-2026,NA,proc_device,2,60.0,OTHER,RECRUITING,RANDOMIZED,True,DOUBLE,2.0,True,True,PARALLEL,True,placebo/sham,True,,,,,False,True,False,False,False,0,False,NO,False,False
NCT01505374,2012.0,<=2015,NA,proc_device,2,60.0,OTHER,COMPLETED,RANDOMIZED,True,DOUBLE,2.0,True,True,PARALLEL,True,none/single-group,False,60.0,59.0,0.01666666666666672,True,False,False,False,True,False,0,False,,False,True
NCT05504785,2020.0,2016-2020,NA,proc_device,2,5.0,OTHER,TERMINATED,NON_RANDOMIZED,False,NONE,0.0,False,False,PARALLEL,False,active,True,,,,,False,False,False,False,False,0,False,NO,False,
NCT00380861,2006.0,<=2015,NA,proc_device,2,93.0,INDUSTRY,COMPLETED,RANDOMIZED,True,DOUBLE,2.0,True,True,PARALLEL,True,active,True,184.0,149.0,0.19021739130434778,True,False,True,False,True,False,1,True,,False,False
NCT02155712,2014.0,<=2015,NA,proc_device,2,680.0,INDUSTRY,TERMINATED,NON_RANDOMIZED,False,NONE,0.0,False,False,PARALLEL,True,active,True,613.0,37.0,0.9396411092985318,False,False,True,False,True,False,0,False,,False,False
NCT00979147,2007.0,<=2015,NA,proc_device,2,400.0,FED,TERMINATED,RANDOMIZED,True,SINGLE,1.0,True,False,PARALLEL,True,active,True,0.0,0.0,,,False,True,False,True,False,0,False,,False,
NCT03341819,2017.0,2016-2020,NA,proc_device,2,242.0,OTHER,COMPLETED,RANDOMIZED,True,NONE,0.0,False,False,PARALLEL,True,active,True,,,,,False,False,False,False,False,1,True,NO,False,False
NCT01174212,2010.0,<=2015,PHASE4,proc_device,2,65.0,OTHER,COMPLETED,RANDOMIZED,True,SINGLE,1.0,True,False,PARALLEL,False,none/single-group,False,,,,,True,True,False,False,False,0,False,,False,True
NCT05389579,2013.0,<=2015,NA,proc_device,2,46.0,OTHER,COMPLETED,RANDOMIZED,True,NONE,0.0,False,False,PARALLEL,True,no-intervention,True,,,,,False,False,False,False,False,0,False,NO,False,False
NCT02284620,2015.0,<=2015,PHASE4,proc_device,2,320.0,OTHER,UNKNOWN,RANDOMIZED,True,NONE,0.0,False,False,PARALLEL,True,active,True,,,,,True,True,False,False,False,0,False,,False,False
NCT05120492,2022.0,2021-2026,NA,proc_device,2,20.0,OTHER,RECRUITING,RANDOMIZED,True,NONE,0.0,False,False,PARALLEL,False,no-intervention,True,,,,,False,False,False,False,False,0,False,,False,
NCT06187922,2023.0,2021-2026,PHASE4,both,2,120.0,OTHER,UNKNOWN,RANDOMIZED,True,NONE,0.0,False,False,PARALLEL,True,placebo/sham,True,,,,,True,True,False,False,True,0,False,NO,False,True
NCT07589127,2026.0,2021-2026,NA,proc_device,2,70.0,OTHER_GOV,NOT_YET_RECRUITING,RANDOMIZED,True,QUADRUPLE,4.0,True,True,PARALLEL,True,placebo/sham,True,,,,,False,True,False,False,False,0,False,YES,True,False
NCT06134999,2023.0,2021-2026,NA,proc_device,2,40.0,OTHER,COMPLETED,RANDOMIZED,True,QUADRUPLE,4.0,True,True,CROSSOVER,True,placebo/sham,True,,,,,False,True,False,False,True,0,False,NO,False,False
NCT06653621,2024.0,2021-2026,PHASE4,both,4,144.0,OTHER,NOT_YET_RECRUITING,RANDOMIZED,True,SINGLE,1.0,True,False,FACTORIAL,True,active,True,,,,,True,True,True,False,False,0,False,NO,False,True
NCT02127619,2001.0,<=2015,NA,proc_device,0,500.0,INDIV,COMPLETED,NA,False,NONE,0.0,False,False,SINGLE_GROUP,True,none/single-group,False,,,,,False,True,False,False,False,0,False,,False,True
NCT06170931,2021.0,2021-2026,NA,proc_device,2,24.0,OTHER,COMPLETED,NON_RANDOMIZED,False,NONE,0.0,False,False,PARALLEL,False,active,True,,,,,False,True,False,False,False,0,False,NO,False,False
NCT05202730,2021.0,2021-2026,NA,proc_device,4,120.0,OTHER,UNKNOWN,RANDOMIZED,True,DOUBLE,2.0,True,True,FACTORIAL,True,none/single-group,False,,,,,False,False,True,False,False,1,True,,False,
NCT02064270,2014.0,<=2015,NA,proc_device,2,526.0,OTHER,COMPLETED,RANDOMIZED,True,NONE,0.0,False,False,PARALLEL,True,active,True,526.0,432.0,0.17870722433460073,True,False,True,False,True,False,0,False,NO,False,False
NCT01924403,2013.0,<=2015,NA,proc_device,3,45.0,OTHER,COMPLETED,RANDOMIZED,True,NONE,0.0,False,False,PARALLEL,True,none/single-group,False,,,,,False,True,True,False,False,1,True,,False,False
NCT07348835,2026.0,2021-2026,NA,proc_device,2,110.0,NETWORK,NOT_YET_RECRUITING,RANDOMIZED,True,SINGLE,1.0,True,False,PARALLEL,True,active,True,,,,,False,True,False,False,False,0,False,NO,False,False
NCT03085121,2017.0,2016-2020,NA,proc_device,4,100.0,OTHER,UNKNOWN,RANDOMIZED,True,DOUBLE,2.0,True,True,PARALLEL,True,active,True,,,,,False,True,True,False,False,0,False,NO,False,False
NCT00862316,2009.0,<=2015,NA,proc_device,2,48.0,INDUSTRY,COMPLETED,RANDOMIZED,True,NONE,0.0,False,False,PARALLEL,True,active,True,,,,,False,True,False,False,False,0,False,,False,
NCT00710840,2008.0,<=2015,PHASE2,proc_device,2,44.0,OTHER,COMPLETED,RANDOMIZED,True,NONE,0.0,False,False,PARALLEL,False,active,True,44.0,41.0,0.06818181818181823,True,False,True,False,True,False,0,False,,False,
NCT03121976,2012.0,<=2015,NA,proc_device,2,82.0,OTHER,COMPLETED,RANDOMIZED,True,TRIPLE,3.0,True,True,PARALLEL,True,active,True,,,,,False,False,False,False,False,0,False,NO,False,False
NCT04481711,2018.0,2016-2020,NA,proc_device,2,51.0,OTHER,COMPLETED,NON_RANDOMIZED,False,NONE,0.0,False,False,PARALLEL,True,no-intervention,True,,,,,False,True,False,False,False,0,False,UNDECIDED,False,False
NCT06787417,2025.0,2021-2026,PHASE4,proc_device,2,260.0,OTHER,RECRUITING,RANDOMIZED,True,DOUBLE,2.0,True,True,PARALLEL,True,active,True,,,,,True,True,False,False,False,0,False,UNDECIDED,False,False
NCT07646158,2026.0,2021-2026,PHASE4,proc_device,2,80.0,OTHER,NOT_YET_RECRUITING,RANDOMIZED,True,SINGLE,1.0,True,False,PARALLEL,False,active,True,,,,,True,True,False,False,False,0,False,YES,True,False
NCT03227692,2017.0,2016-2020,NA,proc_device,2,93.0,INDUSTRY,COMPLETED,RANDOMIZED,True,QUADRUPLE,4.0,True,True,PARALLEL,True,active,True,93.0,83.0,0.10752688172043012,True,False,False,False,True,False,0,False,,False,False
NCT06858358,2025.0,2021-2026,NA,proc_device,2,300.0,OTHER,RECRUITING,NON_RANDOMIZED,False,NONE,0.0,False,False,PARALLEL,True,none/single-group,False,,,,,False,True,False,False,False,0,False,,False,False
NCT07216586,2027.0,2021-2026,PHASE4,both,2,120.0,OTHER,NOT_YET_RECRUITING,RANDOMIZED,True,NONE,0.0,False,False,PARALLEL,True,active,True,,,,,True,True,False,False,False,0,False,NO,False,True
NCT05707234,2023.0,2021-2026,PHASE4,both,2,60.0,OTHER,COMPLETED,RANDOMIZED,True,NONE,0.0,False,False,PARALLEL,False,active,True,,,,,True,False,False,False,False,1,True,NO,False,False
NCT04662840,2021.0,2021-2026,PHASE4,proc_device,3,0.0,OTHER,WITHDRAWN,RANDOMIZED,True,DOUBLE,2.0,True,True,PARALLEL,False,placebo/sham,True,,,,,True,True,True,False,False,0,False,NO,False,False
NCT02375945,2015.0,<=2015,PHASE4,proc_device,2,40.0,OTHER,COMPLETED,RANDOMIZED,True,SINGLE,1.0,True,False,SINGLE_GROUP,False,active,True,,,,,True,True,False,False,False,0,False,,False,False
NCT05673720,2023.0,2021-2026,NA,proc_device,2,24.0,OTHER,COMPLETED,RANDOMIZED,True,TRIPLE,3.0,True,True,PARALLEL,False,placebo/sham,True,24.0,24.0,0.0,True,False,True,False,True,False,0,False,,False,True
NCT04241172,2020.0,2016-2020,NA,proc_device,3,96.0,OTHER,SUSPENDED,NON_RANDOMIZED,False,SINGLE,1.0,True,False,PARALLEL,True,active,True,,,,,False,True,True,False,False,0,False,YES,True,True
NCT02525601,2009.0,<=2015,NA,proc_device,2,60.0,OTHER,ACTIVE_NOT_RECRUITING,RANDOMIZED,True,DOUBLE,2.0,True,True,PARALLEL,True,active,True,,,,,False,True,False,False,False,0,False,,False,False
NCT05979597,2023.0,2021-2026,NA,proc_device,2,80.0,OTHER,COMPLETED,RANDOMIZED,True,TRIPLE,3.0,True,True,PARALLEL,True,active,True,,,,,False,True,False,False,True,0,False,NO,False,False
NCT02353377,2015.0,<=2015,,proc_device,2,413.0,INDUSTRY,ACTIVE_NOT_RECRUITING,RANDOMIZED,True,NONE,0.0,False,False,PARALLEL,True,active,True,413.0,322.0,0.22033898305084743,False,False,True,False,True,False,0,False,,False,False
NCT00957723,2005.0,<=2015,NA,proc_device,1,419.0,INDUSTRY,COMPLETED,NA,False,NONE,0.0,False,False,SINGLE_GROUP,True,none/single-group,False,411.0,298.0,0.2749391727493917,False,False,True,False,True,False,0,False,,False,False
NCT00224913,2002.0,<=2015,PHASE1,proc_device,0,200.0,NIH,UNKNOWN,RANDOMIZED,True,SINGLE,1.0,True,False,PARALLEL,True,none/single-group,False,,,,,False,True,False,False,True,2,True,,False,
NCT06483178,2025.0,2021-2026,NA,proc_device,2,90.0,OTHER,NOT_YET_RECRUITING,RANDOMIZED,True,NONE,0.0,False,False,PARALLEL,True,active,True,,,,,False,True,False,False,False,0,False,NO,False,False
NCT06683963,2024.0,2021-2026,NA,proc_device,2,450.0,OTHER,NOT_YET_RECRUITING,RANDOMIZED,True,NONE,0.0,False,False,PARALLEL,True,no-intervention,True,,,,,False,True,False,False,False,0,False,NO,False,False
NCT04183673,2018.0,2016-2020,NA,proc_device,2,68.0,OTHER,COMPLETED,RANDOMIZED,True,DOUBLE,2.0,True,True,PARALLEL,True,active,True,,,,,False,True,False,False,False,0,False,NO,False,False
NCT01335542,2010.0,<=2015,PHASE4,proc_device,2,91.0,OTHER,COMPLETED,RANDOMIZED,True,DOUBLE,2.0,True,True,PARALLEL,False,active,True,90.0,90.0,0.0,True,True,False,False,True,False,0,False,,False,True
NCT00894361,2001.0,<=2015,PHASE4,proc_device,2,400.0,FED,TERMINATED,RANDOMIZED,True,SINGLE,1.0,True,False,PARALLEL,True,active,True,400.0,312.0,0.21999999999999997,False,True,True,False,True,True,0,False,,False,True
NCT02127281,2014.0,<=2015,NA,proc_device,2,160.0,OTHER,COMPLETED,RANDOMIZED,True,NONE,0.0,False,False,PARALLEL,True,active,True,160.0,159.0,0.006249999999999978,True,False,True,False,True,False,0,False,NO,False,False
NCT01854138,2014.0,<=2015,NA,proc_device,2,248.0,OTHER,COMPLETED,NON_RANDOMIZED,False,NONE,0.0,False,False,PARALLEL,True,no-intervention,True,648.0,596.0,0.08024691358024694,True,False,False,False,True,False,1,True,,False,False
NCT04346875,2020.0,2016-2020,NA,proc_device,2,842.0,OTHER,UNKNOWN,RANDOMIZED,True,SINGLE,1.0,True,False,PARALLEL,True,active,True,,,,,False,False,False,False,False,0,False,YES,True,False
NCT04513353,2020.0,2016-2020,NA,proc_device,2,60.0,OTHER,UNKNOWN,RANDOMIZED,True,SINGLE,1.0,True,False,PARALLEL,True,active,True,,,,,False,True,False,False,False,1,True,UNDECIDED,False,True
NCT02253680,2013.0,<=2015,NA,proc_device,2,50.0,OTHER,UNKNOWN,RANDOMIZED,True,NONE,0.0,False,False,SINGLE_GROUP,True,no-intervention,True,,,,,False,True,False,False,False,0,False,,False,True
NCT00733915,2002.0,<=2015,PHASE4,proc_device,1,241.0,INDUSTRY,COMPLETED,NON_RANDOMIZED,False,NONE,0.0,False,False,SINGLE_GROUP,True,none/single-group,False,,,,,True,True,False,False,False,0,False,,False,False
NCT03153956,2015.0,<=2015,NA,proc_device,2,77.0,OTHER,TERMINATED,RANDOMIZED,True,NONE,0.0,False,False,PARALLEL,True,placebo/sham,True,77.0,77.0,0.0,True,False,True,False,True,False,0,False,,False,False
NCT04650594,2021.0,2021-2026,NA,proc_device,1,9.0,OTHER,COMPLETED,NA,False,NONE,0.0,False,False,SINGLE_GROUP,False,none/single-group,False,,,,,False,False,False,False,True,0,False,,False,False
NCT03112200,2017.0,2016-2020,NA,proc_device,2,131.0,INDUSTRY,COMPLETED,RANDOMIZED,True,SINGLE,1.0,True,False,PARALLEL,True,placebo/sham,True,131.0,117.0,0.10687022900763354,True,False,True,False,True,False,0,False,NO,False,False
NCT01616667,2012.0,<=2015,PHASE2,proc_device,2,80.0,OTHER,COMPLETED,RANDOMIZED,True,TRIPLE,3.0,True,True,PARALLEL,True,active,True,,,,,False,True,False,False,False,2,True,,False,False
NCT07464080,2026.0,2021-2026,NA,proc_device,1,50.0,OTHER,RECRUITING,NA,False,NONE,0.0,False,False,SINGLE_GROUP,True,none/single-group,False,,,,,False,True,False,False,False,0,False,NO,False,False
NCT02966613,2013.0,<=2015,NA,proc_device,3,210.0,AMBIG,COMPLETED,RANDOMIZED,True,SINGLE,1.0,True,False,PARALLEL,True,active,True,,,,,False,True,True,False,False,1,True,,False,False
NCT00927368,2009.0,<=2015,NA,proc_device,3,453.0,OTHER,COMPLETED,RANDOMIZED,True,SINGLE,1.0,True,False,PARALLEL,True,active,True,453.0,437.0,0.03532008830022071,True,False,False,True,True,False,0,False,,False,False
NCT05222503,2021.0,2021-2026,NA,proc_device,2,60.0,OTHER,UNKNOWN,RANDOMIZED,True,NONE,0.0,False,False,PARALLEL,True,active,True,,,,,False,True,False,False,True,0,False,NO,False,
NCT05484284,2022.0,2021-2026,NA,proc_device,1,14.0,OTHER,COMPLETED,NA,False,NONE,0.0,False,False,SINGLE_GROUP,False,none/single-group,False,,,,,False,True,False,False,False,0,False,NO,False,
NCT04040985,2009.0,<=2015,NA,proc_device,1,128.0,INDUSTRY,TERMINATED,NA,False,NONE,0.0,False,False,SINGLE_GROUP,True,none/single-group,False,128.0,69.0,0.4609375,False,False,False,False,True,False,0,False,NO,False,True
NCT07533188,2025.0,2021-2026,NA,proc_device,4,240.0,OTHER,RECRUITING,RANDOMIZED,True,NONE,0.0,False,False,PARALLEL,True,none/single-group,False,,,,,False,True,True,False,False,0,False,UNDECIDED,False,False
NCT05935878,2002.0,<=2015,NA,proc_device,2,47.0,OTHER,COMPLETED,RANDOMIZED,True,SINGLE,1.0,True,False,PARALLEL,True,active,True,47.0,31.0,0.34042553191489366,False,False,True,False,True,True,0,False,NO,False,
NCT01891266,2013.0,<=2015,NA,proc_device,2,80.0,OTHER,UNKNOWN,RANDOMIZED,True,TRIPLE,3.0,True,True,PARALLEL,True,none/single-group,False,,,,,False,True,False,False,False,1,True,,False,False
NCT01124305,2010.0,<=2015,PHASE4,proc_device,2,70.0,OTHER,COMPLETED,RANDOMIZED,True,NONE,0.0,False,False,PARALLEL,False,active,True,70.0,52.0,0.2571428571428571,False,True,True,False,True,False,0,False,,False,True
NCT06075004,2023.0,2021-2026,NA,proc_device,2,74.0,OTHER,RECRUITING,RANDOMIZED,True,DOUBLE,2.0,True,True,PARALLEL,True,active,True,,,,,False,True,False,False,False,0,False,NO,False,True
NCT03276351,2018.0,2016-2020,NA,proc_device,2,12.0,OTHER,COMPLETED,RANDOMIZED,True,SINGLE,1.0,True,False,PARALLEL,False,active,True,,,,,False,True,False,False,False,0,False,,False,False
NCT01809054,2012.0,<=2015,PHASE4,both,2,54.0,OTHER,COMPLETED,RANDOMIZED,True,NONE,0.0,False,False,SINGLE_GROUP,False,active,True,49.0,49.0,0.0,True,True,True,False,True,False,0,False,,False,False
NCT00755144,2007.0,<=2015,NA,proc_device,2,200.0,INDUSTRY,COMPLETED,RANDOMIZED,True,NONE,0.0,False,False,PARALLEL,True,active,True,,,,,False,True,False,False,False,0,False,,False,False
NCT05340946,2021.0,2021-2026,NA,proc_device,2,50.0,OTHER,COMPLETED,RANDOMIZED,True,NONE,0.0,False,False,PARALLEL,True,none/single-group,False,,,,,False,False,False,False,False,0,False,NO,False,
NCT00294528,2004.0,<=2015,PHASE4,proc_device,0,100.0,OTHER,UNKNOWN,RANDOMIZED,True,DOUBLE,2.0,True,True,PARALLEL,True,none/single-group,False,,,,,True,True,False,False,False,1,True,,False,
NCT00633113,2007.0,<=2015,NA,proc_device,2,131.0,OTHER,COMPLETED,RANDOMIZED,True,SINGLE,1.0,True,False,SINGLE_GROUP,True,active,True,,,,,False,True,False,False,False,0,False,,False,True
NCT05579951,2021.0,2021-2026,NA,proc_device,2,172.0,OTHER_GOV,COMPLETED,RANDOMIZED,True,SINGLE,1.0,True,False,PARALLEL,True,active,True,,,,,False,False,False,False,False,0,False,NO,False,False
NCT03762603,2025.0,2021-2026,NA,proc_device,1,0.0,OTHER,WITHDRAWN,NA,False,NONE,0.0,False,False,SINGLE_GROUP,False,none/single-group,False,,,,,False,False,False,False,True,0,False,NO,False,False
NCT05399043,2021.0,2021-2026,NA,proc_device,2,84.0,OTHER,COMPLETED,NON_RANDOMIZED,False,NONE,0.0,False,False,PARALLEL,True,active,True,,,,,False,True,False,False,False,2,True,,False,False
NCT03224689,2021.0,2021-2026,NA,proc_device,1,34.0,INDUSTRY,UNKNOWN,NA,False,NONE,0.0,False,False,SINGLE_GROUP,True,none/single-group,False,,,,,False,False,False,False,False,0,False,NO,False,True
NCT05678231,2023.0,2021-2026,NA,proc_device,2,154.0,OTHER,ACTIVE_NOT_RECRUITING,RANDOMIZED,True,NONE,0.0,False,False,PARALLEL,True,no-intervention,True,,,,,False,True,False,False,True,0,False,NO,False,False
NCT07288970,2025.0,2021-2026,NA,proc_device,2,80.0,OTHER,RECRUITING,RANDOMIZED,True,QUADRUPLE,4.0,True,True,PARALLEL,True,active,True,,,,,False,True,False,False,False,0,False,YES,True,False
NCT06525493,2023.0,2021-2026,NA,proc_device,2,30.0,OTHER,COMPLETED,RANDOMIZED,True,SINGLE,1.0,True,False,PARALLEL,True,none/single-group,False,,,,,False,True,False,False,False,0,False,,False,
NCT05391152,2022.0,2021-2026,NA,proc_device,2,100.0,OTHER,UNKNOWN,NON_RANDOMIZED,False,NONE,0.0,False,False,PARALLEL,True,active,True,,,,,False,True,False,False,False,0,False,,False,True
NCT05434260,2022.0,2021-2026,NA,proc_device,2,868.0,NETWORK,UNKNOWN,RANDOMIZED,True,NONE,0.0,False,False,PARALLEL,True,placebo/sham,True,,,,,False,False,False,False,False,0,False,,False,False
NCT05480813,2022.0,2021-2026,NA,proc_device,1,1.0,INDUSTRY,COMPLETED,NA,False,NONE,0.0,False,False,SINGLE_GROUP,False,none/single-group,False,,,,,False,False,False,False,False,0,False,NO,False,False
NCT03094663,2017.0,2016-2020,PHASE4,both,2,86.0,OTHER,COMPLETED,RANDOMIZED,True,DOUBLE,2.0,True,True,PARALLEL,False,active,True,86.0,86.0,0.0,True,True,True,False,True,False,1,True,NO,False,False
NCT06831682,2025.0,2021-2026,NA,proc_device,2,102.0,NETWORK,ACTIVE_NOT_RECRUITING,RANDOMIZED,True,DOUBLE,2.0,True,True,PARALLEL,True,active,True,,,,,False,True,False,False,False,1,True,YES,True,True
NCT06957444,2025.0,2021-2026,NA,proc_device,3,600.0,OTHER,ENROLLING_BY_INVITATION,RANDOMIZED,True,NONE,0.0,False,False,PARALLEL,True,active,True,,,,,False,True,True,False,False,0,False,,False,True
NCT00901329,2007.0,<=2015,NA,proc_device,2,24.0,OTHER,UNKNOWN,RANDOMIZED,True,DOUBLE,2.0,True,True,PARALLEL,False,active,True,,,,,False,True,False,False,False,0,False,,False,True
NCT04366336,2021.0,2021-2026,NA,proc_device,2,0.0,OTHER,WITHDRAWN,RANDOMIZED,True,NONE,0.0,False,False,PARALLEL,False,active,True,,,,,False,True,False,False,False,0,False,,False,False
NCT03249662,2017.0,2016-2020,NA,both,2,60.0,OTHER,COMPLETED,RANDOMIZED,True,DOUBLE,2.0,True,True,PARALLEL,True,active,True,,,,,False,False,False,False,False,1,True,UNDECIDED,False,True
NCT03260699,2017.0,2016-2020,NA,proc_device,2,9.0,OTHER,TERMINATED,RANDOMIZED,True,SINGLE,1.0,True,False,PARALLEL,False,no-intervention,True,9.0,7.0,0.2222222222222222,False,False,True,False,True,False,0,False,,False,
NCT03111407,2014.0,<=2015,NA,proc_device,2,72.0,INDUSTRY,COMPLETED,RANDOMIZED,True,SINGLE,1.0,True,False,PARALLEL,True,none/single-group,False,72.0,70.0,0.02777777777777779,True,False,True,False,True,False,0,False,NO,False,False
NCT04418687,2018.0,2016-2020,NA,proc_device,2,31.0,OTHER,COMPLETED,RANDOMIZED,True,NONE,0.0,False,False,PARALLEL,True,active,True,,,,,False,False,False,False,False,0,False,NO,False,False
NCT01409460,2008.0,<=2015,NA,proc_device,2,16.0,OTHER,COMPLETED,RANDOMIZED,True,SINGLE,1.0,True,False,PARALLEL,False,placebo/sham,True,,,,,False,True,False,False,False,0,False,,False,False
NCT02323386,2015.0,<=2015,NA,proc_device,1,20.0,OTHER,COMPLETED,NA,False,NONE,0.0,False,False,SINGLE_GROUP,False,none/single-group,False,,,,,False,False,False,False,False,1,True,NO,False,False
NCT05344079,2016.0,2016-2020,NA,proc_device,2,51.0,OTHER,COMPLETED,RANDOMIZED,True,NONE,0.0,False,False,PARALLEL,True,active,True,,,,,False,True,False,False,True,0,False,NO,False,False
NCT06704776,2024.0,2021-2026,NA,proc_device,2,200.0,OTHER,UNKNOWN,RANDOMIZED,True,DOUBLE,2.0,True,True,PARALLEL,True,active,True,,,,,False,True,False,False,False,0,False,,False,False
NCT02269254,2014.0,<=2015,NA,proc_device,2,75.0,OTHER,COMPLETED,RANDOMIZED,True,SINGLE,1.0,True,False,PARALLEL,True,active,True,,,,,False,True,False,False,False,1,True,,False,False
NCT03569670,2020.0,2016-2020,NA,proc_device,2,0.0,OTHER,WITHDRAWN,RANDOMIZED,True,DOUBLE,2.0,True,True,PARALLEL,False,active,True,,,,,False,True,False,False,False,0,False,,False,False
NCT04748510,2021.0,2021-2026,NA,proc_device,2,100.0,OTHER,COMPLETED,RANDOMIZED,True,DOUBLE,2.0,True,True,PARALLEL,True,active,True,100.0,92.0,0.07999999999999996,True,False,True,False,True,False,1,True,NO,False,True
NCT01242085,2010.0,<=2015,PHASE3,proc_device,2,64.0,FED,COMPLETED,RANDOMIZED,True,SINGLE,1.0,True,False,PARALLEL,False,active,True,64.0,49.0,0.234375,False,True,True,False,True,False,0,False,,False,False
NCT03942133,2019.0,2016-2020,NA,proc_device,2,62.0,OTHER,COMPLETED,RANDOMIZED,True,TRIPLE,3.0,True,True,PARALLEL,True,none/single-group,False,,,,,False,False,False,False,False,1,True,NO,False,
NCT05015517,2021.0,2021-2026,NA,proc_device,2,54.0,OTHER,UNKNOWN,RANDOMIZED,True,DOUBLE,2.0,True,True,PARALLEL,True,active,True,,,,,False,False,False,False,False,0,False,,False,
NCT04831411,2021.0,2021-2026,NA,proc_device,2,34.0,OTHER,COMPLETED,RANDOMIZED,True,SINGLE,1.0,True,False,PARALLEL,True,active,True,,,,,False,True,False,False,False,0,False,NO,False,True
NCT00764673,2006.0,<=2015,PHASE4,proc_device,1,71.0,INDUSTRY,COMPLETED,NON_RANDOMIZED,False,NONE,0.0,False,False,SINGLE_GROUP,False,none/single-group,False,71.0,59.0,0.16901408450704225,True,True,True,False,True,False,0,False,,False,False
NCT06825988,2023.0,2021-2026,EARLY_PHASE1,proc_device,1,36.0,OTHER,COMPLETED,NON_RANDOMIZED,False,NONE,0.0,False,False,SINGLE_GROUP,True,none/single-group,False,,,,,False,False,False,False,False,0,False,YES,True,False
NCT03523897,2018.0,2016-2020,NA,proc_device,2,92.0,OTHER,TERMINATED,RANDOMIZED,True,SINGLE,1.0,True,False,PARALLEL,True,active,True,92.0,0.0,1.0,False,False,False,False,True,False,0,False,NO,False,False
NCT07175883,2025.0,2021-2026,NA,proc_device,2,60.0,OTHER_GOV,COMPLETED,RANDOMIZED,True,NONE,0.0,False,False,PARALLEL,True,no-intervention,True,,,,,False,True,False,False,False,0,False,NO,False,False
NCT07681622,2026.0,2021-2026,NA,proc_device,2,48.0,OTHER,NOT_YET_RECRUITING,RANDOMIZED,True,TRIPLE,3.0,True,True,PARALLEL,True,active,True,,,,,False,True,False,False,True,0,False,YES,True,False
NCT02255383,2014.0,<=2015,NA,proc_device,1,737.0,INDUSTRY,ACTIVE_NOT_RECRUITING,NA,False,NONE,0.0,False,False,SINGLE_GROUP,True,none/single-group,False,,,,,False,True,False,False,False,0,False,NO,False,False
NCT02343198,2014.0,<=2015,NA,proc_device,2,50.0,OTHER,UNKNOWN,RANDOMIZED,True,SINGLE,1.0,True,False,PARALLEL,True,placebo/sham,True,,,,,False,False,False,False,False,0,False,,False,False
NCT04246138,2018.0,2016-2020,NA,proc_device,2,100.0,OTHER_GOV,RECRUITING,RANDOMIZED,True,DOUBLE,2.0,True,True,PARALLEL,True,active,True,,,,,False,False,False,False,False,0,False,NO,False,False
NCT05533970,2022.0,2021-2026,NA,proc_device,3,120.0,OTHER,COMPLETED,RANDOMIZED,True,NONE,0.0,False,False,PARALLEL,True,none/single-group,False,,,,,False,True,True,False,False,0,False,NO,False,
NCT06944288,2026.0,2021-2026,NA,proc_device,1,170.0,OTHER,NOT_YET_RECRUITING,NA,False,NONE,0.0,False,False,SINGLE_GROUP,True,none/single-group,False,,,,,False,True,False,False,False,0,False,YES,True,True
NCT03275246,2018.0,2016-2020,NA,proc_device,1,8.0,INDUSTRY,TERMINATED,NA,False,NONE,0.0,False,False,SINGLE_GROUP,False,none/single-group,False,8.0,2.0,0.75,False,False,True,False,True,False,0,False,NO,False,False
NCT03915522,2018.0,2016-2020,NA,proc_device,2,140.0,OTHER,UNKNOWN,RANDOMIZED,True,DOUBLE,2.0,True,True,PARALLEL,True,placebo/sham,True,,,,,False,True,False,False,False,0,False,NO,False,False
NCT05447871,2022.0,2021-2026,NA,both,2,90.0,OTHER,UNKNOWN,RANDOMIZED,True,SINGLE,1.0,True,False,PARALLEL,True,active,True,,,,,False,False,False,False,False,0,False,YES,True,True
NCT04191733,2020.0,2016-2020,NA,proc_device,2,250.0,INDUSTRY,TERMINATED,RANDOMIZED,True,NONE,0.0,False,False,PARALLEL,True,active,True,243.0,196.0,0.1934156378600823,True,False,True,False,True,False,0,False,YES,True,False
NCT06038851,2023.0,2021-2026,NA,proc_device,2,122.0,OTHER,COMPLETED,RANDOMIZED,True,TRIPLE,3.0,True,True,PARALLEL,True,active,True,,,,,False,False,False,False,False,0,False,NO,False,False
NCT07386561,2025.0,2021-2026,NA,proc_device,3,90.0,OTHER,ACTIVE_NOT_RECRUITING,RANDOMIZED,True,SINGLE,1.0,True,False,PARALLEL,True,active,True,,,,,False,True,True,False,False,0,False,NO,False,False
NCT02255877,2014.0,<=2015,PHASE4,proc_device,2,0.0,INDUSTRY,WITHDRAWN,RANDOMIZED,True,NONE,0.0,False,False,SINGLE_GROUP,False,active,True,,,,,True,True,False,False,False,0,False,,False,False
NCT04883034,2020.0,2016-2020,NA,both,2,60.0,OTHER,UNKNOWN,RANDOMIZED,True,SINGLE,1.0,True,False,PARALLEL,True,placebo/sham,True,,,,,False,True,False,False,False,0,False,,False,True
NCT03502889,2019.0,2016-2020,NA,both,2,128.0,FED,UNKNOWN,RANDOMIZED,True,NONE,0.0,False,False,PARALLEL,True,active,True,,,,,False,True,False,False,False,0,False,UNDECIDED,False,True
NCT06321952,2021.0,2021-2026,NA,proc_device,2,64.0,OTHER,COMPLETED,RANDOMIZED,True,QUADRUPLE,4.0,True,True,PARALLEL,True,active,True,,,,,False,True,False,False,False,0,False,UNDECIDED,False,True
NCT07605208,2026.0,2021-2026,NA,proc_device,2,90.0,OTHER,NOT_YET_RECRUITING,RANDOMIZED,True,TRIPLE,3.0,True,True,PARALLEL,True,active,True,,,,,False,True,False,False,False,0,False,UNDECIDED,False,False
NCT02411097,2014.0,<=2015,NA,proc_device,1,120.0,OTHER,UNKNOWN,NA,False,DOUBLE,2.0,True,True,SINGLE_GROUP,True,none/single-group,False,,,,,False,False,False,False,False,0,False,,False,True
NCT02527161,2011.0,<=2015,NA,proc_device,1,205.0,INDUSTRY,COMPLETED,NA,False,NONE,0.0,False,False,SINGLE_GROUP,True,none/single-group,False,205.0,73.0,0.6439024390243903,False,False,True,False,True,False,0,False,,False,False
NCT05119764,2021.0,2021-2026,NA,proc_device,3,112.0,OTHER,COMPLETED,RANDOMIZED,True,SINGLE,1.0,True,False,PARALLEL,True,no-intervention,True,,,,,False,True,True,False,False,0,False,UNDECIDED,False,True
NCT06915363,2025.0,2021-2026,NA,proc_device,2,152.0,INDUSTRY,RECRUITING,RANDOMIZED,True,NONE,0.0,False,False,PARALLEL,True,active,True,,,,,False,True,False,False,False,0,False,NO,False,False
NCT07416721,2026.0,2021-2026,NA,proc_device,3,99.0,OTHER,NOT_YET_RECRUITING,RANDOMIZED,True,NONE,0.0,False,False,PARALLEL,True,active,True,,,,,False,True,True,False,False,0,False,YES,True,False
NCT05580640,2021.0,2021-2026,NA,proc_device,1,2.0,OTHER,COMPLETED,NA,False,NONE,0.0,False,False,SINGLE_GROUP,False,none/single-group,False,,,,,False,True,False,False,False,0,False,NO,False,False
NCT04849884,2022.0,2021-2026,NA,proc_device,1,77.0,INDUSTRY,COMPLETED,NA,False,NONE,0.0,False,False,SINGLE_GROUP,True,none/single-group,False,77.0,64.0,0.16883116883116878,True,False,True,False,True,False,0,False,NO,False,False
NCT00865865,2006.0,<=2015,NA,proc_device,2,140.0,OTHER,COMPLETED,RANDOMIZED,True,DOUBLE,2.0,True,True,PARALLEL,True,active,True,,,,,False,True,False,False,False,0,False,,False,False
NCT05115565,2021.0,2021-2026,NA,proc_device,2,52.0,OTHER,UNKNOWN,RANDOMIZED,True,DOUBLE,2.0,True,True,PARALLEL,True,no-intervention,True,,,,,False,False,False,False,False,0,False,NO,False,False
NCT01162720,2008.0,<=2015,NA,proc_device,2,65.0,OTHER,TERMINATED,RANDOMIZED,True,DOUBLE,2.0,True,True,PARALLEL,True,active,True,,,,,False,False,False,False,False,1,True,,False,True
NCT02186587,2014.0,<=2015,NA,proc_device,1,28.0,OTHER,COMPLETED,NA,False,NONE,0.0,False,False,SINGLE_GROUP,False,none/single-group,False,28.0,23.0,0.1785714285714286,True,False,True,False,True,False,0,False,NO,False,True
NCT05289427,2022.0,2021-2026,NA,proc_device,2,80.0,OTHER,COMPLETED,RANDOMIZED,True,DOUBLE,2.0,True,True,PARALLEL,True,active,True,,,,,False,True,False,False,False,0,False,YES,True,True
NCT02160977,2011.0,<=2015,NA,proc_device,2,90.0,OTHER,COMPLETED,RANDOMIZED,True,DOUBLE,2.0,True,True,PARALLEL,True,active,True,90.0,90.0,0.0,True,False,True,False,True,False,0,False,,False,True
NCT02235506,2014.0,<=2015,NA,proc_device,2,80.0,OTHER,UNKNOWN,RANDOMIZED,True,SINGLE,1.0,True,False,PARALLEL,True,none/single-group,False,,,,,False,False,False,False,False,0,False,,False,True
NCT01601756,2011.0,<=2015,NA,proc_device,2,40.0,OTHER,UNKNOWN,RANDOMIZED,True,DOUBLE,2.0,True,True,PARALLEL,True,active,True,,,,,False,True,False,False,False,0,False,,False,True
NCT00839241,2009.0,<=2015,NA,proc_device,2,45.0,INDUSTRY,COMPLETED,RANDOMIZED,True,NONE,0.0,False,False,PARALLEL,True,active,True,45.0,23.0,0.48888888888888893,False,False,True,False,True,False,0,False,,False,False
NCT03486548,2018.0,2016-2020,PHASE4,both,2,50.0,OTHER,UNKNOWN,RANDOMIZED,True,TRIPLE,3.0,True,True,PARALLEL,False,placebo/sham,True,,,,,True,True,False,False,False,1,True,NO,False,False
NCT01175044,2010.0,<=2015,PHASE4,proc_device,2,505.0,OTHER,COMPLETED,RANDOMIZED,True,SINGLE,1.0,True,False,PARALLEL,True,placebo/sham,True,,,,,True,False,False,False,False,0,False,,False,False
NCT01763684,2012.0,<=2015,NA,proc_device,2,266.0,INDUSTRY,TERMINATED,RANDOMIZED,True,NONE,0.0,False,False,PARALLEL,True,active,True,266.0,0.0,1.0,False,False,True,False,True,False,0,False,,False,False
NCT02535741,2006.0,<=2015,NA,proc_device,1,168.0,INDUSTRY,COMPLETED,NA,False,NONE,0.0,False,False,SINGLE_GROUP,True,none/single-group,False,168.0,136.0,0.19047619047619047,True,False,True,False,True,False,0,False,,False,False
NCT03763448,2018.0,2016-2020,NA,proc_device,2,377.0,OTHER,COMPLETED,RANDOMIZED,True,TRIPLE,3.0,True,True,PARALLEL,True,active,True,,,,,False,True,False,False,False,2,True,,False,
NCT04831372,2021.0,2021-2026,NA,proc_device,2,93.0,OTHER,UNKNOWN,RANDOMIZED,True,NONE,0.0,False,False,PARALLEL,True,active,True,,,,,False,True,False,False,False,0,False,NO,False,True
NCT00733499,2006.0,<=2015,NA,proc_device,2,206.0,INDUSTRY,COMPLETED,RANDOMIZED,True,SINGLE,1.0,True,False,PARALLEL,True,active,True,205.0,204.0,0.004878048780487809,True,False,True,False,True,False,0,False,,False,False
NCT07444827,2026.0,2021-2026,PHASE4,both,2,25.0,OTHER,NOT_YET_RECRUITING,RANDOMIZED,True,TRIPLE,3.0,True,True,CROSSOVER,False,active,True,,,,,True,False,False,False,False,0,False,NO,False,False
NCT05233930,2024.0,2021-2026,NA,proc_device,2,88.0,OTHER,UNKNOWN,RANDOMIZED,True,NONE,0.0,False,False,PARALLEL,True,active,True,,,,,False,True,False,False,False,0,False,,False,False
NCT03327220,2017.0,2016-2020,NA,proc_device,2,124.0,INDUSTRY,COMPLETED,RANDOMIZED,True,NONE,0.0,False,False,PARALLEL,True,no-intervention,True,124.0,115.0,0.07258064516129037,True,False,True,False,True,False,1,True,,False,
NCT01225484,2010.0,<=2015,PHASE4,proc_device,2,123.0,OTHER,UNKNOWN,RANDOMIZED,True,NONE,0.0,False,False,PARALLEL,True,active,True,,,,,True,True,False,False,False,0,False,,False,False
NCT04808947,2027.0,2021-2026,NA,proc_device,2,60.0,OTHER,NOT_YET_RECRUITING,RANDOMIZED,True,TRIPLE,3.0,True,True,PARALLEL,True,active,True,,,,,False,True,False,False,False,0,False,,False,False
NCT05459584,2022.0,2021-2026,NA,proc_device,2,24.0,OTHER,COMPLETED,RANDOMIZED,True,SINGLE,1.0,True,False,PARALLEL,False,no-intervention,True,,,,,False,True,False,False,True,0,False,NO,False,False
NCT00899041,2008.0,<=2015,NA,proc_device,2,67.0,OTHER,COMPLETED,RANDOMIZED,True,TRIPLE,3.0,True,True,PARALLEL,True,active,True,,,,,False,False,False,False,False,1,True,,False,
NCT06942065,2023.0,2021-2026,NA,proc_device,2,25.0,OTHER,COMPLETED,RANDOMIZED,True,DOUBLE,2.0,True,True,PARALLEL,False,placebo/sham,True,,,,,False,True,False,False,False,0,False,NO,False,False
NCT06991231,2025.0,2021-2026,NA,proc_device,2,215.0,OTHER,RECRUITING,RANDOMIZED,True,NONE,0.0,False,False,PARALLEL,True,active,True,,,,,False,False,False,False,False,0,False,YES,True,False
NCT02532933,2015.0,<=2015,NA,proc_device,2,44.0,OTHER,COMPLETED,NON_RANDOMIZED,False,NONE,0.0,False,False,PARALLEL,True,active,True,44.0,32.0,0.2727272727272727,False,False,True,False,True,False,0,False,,False,False
NCT01449474,2011.0,<=2015,NA,proc_device,2,80.0,OTHER,COMPLETED,RANDOMIZED,True,SINGLE,1.0,True,False,PARALLEL,True,none/single-group,False,,,,,False,True,False,False,False,1,True,,False,False
NCT03954912,2015.0,<=2015,NA,proc_device,2,33.0,OTHER,COMPLETED,NON_RANDOMIZED,False,NONE,0.0,False,False,PARALLEL,True,active,True,,,,,False,True,False,False,False,1,True,UNDECIDED,False,True
NCT01150929,2007.0,<=2015,NA,proc_device,2,55.0,OTHER,COMPLETED,RANDOMIZED,True,SINGLE,1.0,True,False,PARALLEL,True,active,True,,,,,False,False,False,False,False,0,False,,False,False
NCT07716267,2026.0,2021-2026,NA,proc_device,2,60.0,INDUSTRY,NOT_YET_RECRUITING,RANDOMIZED,True,DOUBLE,2.0,True,True,PARALLEL,True,active,True,,,,,False,True,False,False,False,0,False,YES,True,False
NCT01459861,2011.0,<=2015,NA,proc_device,2,11.0,OTHER,TERMINATED,RANDOMIZED,True,SINGLE,1.0,True,False,PARALLEL,False,active,True,,,,,False,True,False,False,False,0,False,,False,False
NCT05091918,2021.0,2021-2026,NA,proc_device,1,101.0,INDUSTRY,COMPLETED,NA,False,NONE,0.0,False,False,SINGLE_GROUP,True,none/single-group,False,101.0,19.0,0.8118811881188119,False,False,False,False,True,False,0,False,,False,False
NCT06335602,2024.0,2021-2026,NA,proc_device,3,120.0,OTHER,UNKNOWN,RANDOMIZED,True,QUADRUPLE,4.0,True,True,PARALLEL,True,placebo/sham,True,,,,,False,True,True,False,False,0,False,,False,
NCT06099223,2022.0,2021-2026,NA,proc_device,2,60.0,OTHER,COMPLETED,RANDOMIZED,True,NONE,0.0,False,False,PARALLEL,True,no-intervention,True,60.0,59.0,0.01666666666666672,True,False,False,False,True,True,1,True,NO,False,False
NCT04643119,2021.0,2021-2026,NA,proc_device,2,120.0,OTHER,UNKNOWN,RANDOMIZED,True,TRIPLE,3.0,True,True,PARALLEL,True,active,True,,,,,False,True,False,False,False,0,False,NO,False,False
NCT01250041,2011.0,<=2015,NA,proc_device,2,40.0,OTHER,UNKNOWN,RANDOMIZED,True,TRIPLE,3.0,True,True,PARALLEL,True,active,True,,,,,False,False,False,False,False,0,False,,False,False
NCT06460350,2024.0,2021-2026,NA,proc_device,2,156.0,INDUSTRY,COMPLETED,RANDOMIZED,True,DOUBLE,2.0,True,True,PARALLEL,True,placebo/sham,True,156.0,143.0,0.08333333333333337,True,False,True,False,True,False,0,False,,False,True
NCT03427047,2018.0,2016-2020,NA,proc_device,2,82.0,INDUSTRY,COMPLETED,RANDOMIZED,True,NONE,0.0,False,False,PARALLEL,True,active,True,82.0,80.0,0.024390243902439046,True,False,True,False,True,False,0,False,,False,
NCT02527148,2011.0,<=2015,NA,proc_device,2,100.0,INDUSTRY,COMPLETED,RANDOMIZED,True,NONE,0.0,False,False,PARALLEL,True,active,True,100.0,99.0,0.010000000000000009,True,False,True,False,True,False,1,True,,False,False
NCT06201195,2023.0,2021-2026,NA,proc_device,2,58.0,OTHER,COMPLETED,RANDOMIZED,True,DOUBLE,2.0,True,True,PARALLEL,True,active,True,,,,,False,False,False,False,False,0,False,NO,False,False
NCT04165863,2020.0,2016-2020,NA,proc_device,2,12.0,OTHER,COMPLETED,RANDOMIZED,True,SINGLE,1.0,True,False,PARALLEL,False,active,True,,,,,False,True,False,False,True,0,False,,False,False
NCT02763488,2016.0,2016-2020,NA,proc_device,2,100.0,FED,UNKNOWN,RANDOMIZED,True,NONE,0.0,False,False,PARALLEL,True,active,True,,,,,False,True,False,False,False,0,False,NO,False,False
NCT05172843,2022.0,2021-2026,NA,proc_device,2,92.0,OTHER,COMPLETED,RANDOMIZED,True,SINGLE,1.0,True,False,PARALLEL,True,active,True,,,,,False,True,False,False,False,1,True,UNDECIDED,False,False
NCT02717299,2015.0,<=2015,NA,proc_device,2,78.0,OTHER,UNKNOWN,RANDOMIZED,True,SINGLE,1.0,True,False,PARALLEL,True,placebo/sham,True,,,,,False,True,False,False,False,0,False,YES,True,False
NCT02767453,2015.0,<=2015,NA,proc_device,2,100.0,OTHER,COMPLETED,RANDOMIZED,True,NONE,0.0,False,False,PARALLEL,True,active,True,,,,,False,False,False,False,False,0,False,NO,False,False
NCT05427019,2022.0,2021-2026,NA,proc_device,2,66.0,OTHER,UNKNOWN,RANDOMIZED,True,TRIPLE,3.0,True,True,PARALLEL,True,active,True,,,,,False,False,False,False,False,0,False,NO,False,True
NCT04986878,2017.0,2016-2020,NA,proc_device,2,60.0,OTHER,COMPLETED,RANDOMIZED,True,NONE,0.0,False,False,PARALLEL,True,active,True,,,,,False,True,False,False,False,0,False,,False,True
NCT00579059,2004.0,<=2015,NA,proc_device,2,31.0,INDUSTRY,TERMINATED,RANDOMIZED,True,NONE,0.0,False,False,PARALLEL,True,none/single-group,False,31.0,0.0,1.0,False,False,True,False,True,False,0,False,,False,False
NCT06638047,2022.0,2021-2026,NA,proc_device,2,144.0,OTHER,COMPLETED,RANDOMIZED,True,SINGLE,1.0,True,False,PARALLEL,True,active,True,,,,,False,True,False,False,False,0,False,NO,False,True
NCT05651009,2022.0,2021-2026,NA,proc_device,2,50.0,OTHER_GOV,ACTIVE_NOT_RECRUITING,RANDOMIZED,True,SINGLE,1.0,True,False,PARALLEL,True,none/single-group,False,,,,,False,True,False,False,False,1,True,YES,True,False
NCT04105179,2019.0,2016-2020,NA,proc_device,2,75.0,OTHER,UNKNOWN,RANDOMIZED,True,SINGLE,1.0,True,False,PARALLEL,True,no-intervention,True,,,,,False,True,False,False,False,0,False,YES,True,True
NCT02256098,2014.0,<=2015,NA,proc_device,2,74.0,OTHER,COMPLETED,RANDOMIZED,True,SINGLE,1.0,True,False,PARALLEL,True,active,True,,,,,False,True,False,False,False,0,False,,False,False
NCT03184129,2017.0,2016-2020,NA,proc_device,2,72.0,OTHER,UNKNOWN,RANDOMIZED,True,SINGLE,1.0,True,False,PARALLEL,True,none/single-group,False,,,,,False,True,False,False,False,0,False,UNDECIDED,False,True
NCT07348614,2026.0,2021-2026,PHASE4,both,2,128.0,OTHER,RECRUITING,RANDOMIZED,True,SINGLE,1.0,True,False,PARALLEL,True,active,True,,,,,True,True,False,False,False,0,False,NO,False,
NCT02646761,2016.0,2016-2020,NA,proc_device,2,38.0,OTHER,COMPLETED,RANDOMIZED,True,NONE,0.0,False,False,PARALLEL,True,none/single-group,False,38.0,20.0,0.4736842105263158,False,False,True,False,True,False,1,True,,False,False
NCT00820443,2007.0,<=2015,PHASE4,proc_device,1,253.0,INDUSTRY,TERMINATED,NA,False,NONE,0.0,False,False,SINGLE_GROUP,True,none/single-group,False,253.0,253.0,0.0,True,True,True,False,True,True,0,False,,False,False
NCT05050396,2022.0,2021-2026,NA,proc_device,2,88.0,OTHER,UNKNOWN,RANDOMIZED,True,DOUBLE,2.0,True,True,PARALLEL,True,none/single-group,False,,,,,False,True,False,False,False,0,False,,False,
NCT06003101,2023.0,2021-2026,PHASE3,proc_device,2,160.0,OTHER,RECRUITING,RANDOMIZED,True,SINGLE,1.0,True,False,PARALLEL,True,placebo/sham,True,,,,,True,True,False,False,False,0,False,NO,False,
NCT02284113,2014.0,<=2015,NA,proc_device,2,150.0,INDUSTRY,COMPLETED,RANDOMIZED,True,QUADRUPLE,4.0,True,True,PARALLEL,True,placebo/sham,True,150.0,144.0,0.040000000000000036,True,False,True,False,True,False,0,False,,False,False
NCT05778539,2019.0,2016-2020,NA,proc_device,2,220.0,OTHER,COMPLETED,RANDOMIZED,True,TRIPLE,3.0,True,True,PARALLEL,True,no-intervention,True,,,,,False,True,False,False,False,0,False,,False,
NCT02290119,2018.0,2016-2020,NA,proc_device,2,20.0,INDUSTRY,TERMINATED,RANDOMIZED,True,TRIPLE,3.0,True,True,PARALLEL,False,placebo/sham,True,,,,,False,False,False,False,False,0,False,,False,False
NCT04146649,2019.0,2016-2020,NA,proc_device,2,66.0,OTHER,UNKNOWN,NON_RANDOMIZED,False,NONE,0.0,False,False,PARALLEL,True,none/single-group,False,,,,,False,True,False,False,False,0,False,NO,False,
NCT03391323,2015.0,<=2015,NA,proc_device,2,218.0,OTHER,COMPLETED,RANDOMIZED,True,SINGLE,1.0,True,False,PARALLEL,True,none/single-group,False,,,,,False,False,False,False,False,0,False,NO,False,False
NCT04242303,2019.0,2016-2020,NA,proc_device,2,180.0,OTHER,COMPLETED,RANDOMIZED,True,SINGLE,1.0,True,False,PARALLEL,True,active,True,,,,,False,False,False,False,False,0,False,NO,False,
NCT01592669,2010.0,<=2015,NA,proc_device,2,35.0,OTHER,COMPLETED,RANDOMIZED,True,NONE,0.0,False,False,PARALLEL,True,no-intervention,True,,,,,False,False,False,False,False,1,True,,False,True
NCT04446676,2020.0,2016-2020,NA,proc_device,2,200.0,OTHER,RECRUITING,RANDOMIZED,True,SINGLE,1.0,True,False,PARALLEL,True,active,True,,,,,False,True,False,False,False,0,False,YES,True,
NCT07342166,2023.0,2021-2026,NA,proc_device,2,64.0,OTHER,COMPLETED,RANDOMIZED,True,TRIPLE,3.0,True,True,PARALLEL,True,no-intervention,True,,,,,False,True,False,False,False,0,False,NO,False,True
NCT06779968,2025.0,2021-2026,NA,both,5,150.0,OTHER,NOT_YET_RECRUITING,RANDOMIZED,True,QUADRUPLE,4.0,True,True,PARALLEL,True,active,True,,,,,False,True,True,False,False,0,False,YES,True,True
NCT04020133,2019.0,2016-2020,NA,both,2,58.0,OTHER,UNKNOWN,RANDOMIZED,True,QUADRUPLE,4.0,True,True,PARALLEL,True,active,True,,,,,False,False,False,False,False,1,True,NO,False,
NCT03834142,2019.0,2016-2020,NA,proc_device,2,20.0,OTHER,COMPLETED,NON_RANDOMIZED,False,NONE,0.0,False,False,PARALLEL,False,no-intervention,True,20.0,20.0,0.0,True,False,True,False,True,False,0,False,NO,False,False
NCT02704182,2015.0,<=2015,NA,proc_device,2,46.0,OTHER,COMPLETED,RANDOMIZED,True,DOUBLE,2.0,True,True,PARALLEL,True,placebo/sham,True,,,,,False,True,False,False,False,1,True,NO,False,False
NCT04976400,2022.0,2021-2026,NA,proc_device,2,1600.0,OTHER,UNKNOWN,RANDOMIZED,True,DOUBLE,2.0,True,True,PARALLEL,True,active,True,,,,,False,True,False,False,False,0,False,NO,False,
NCT02270684,2015.0,<=2015,NA,proc_device,2,4.0,OTHER,TERMINATED,RANDOMIZED,True,SINGLE,1.0,True,False,PARALLEL,False,no-intervention,True,4.0,0.0,1.0,False,False,True,False,True,False,0,False,,False,False
NCT02740192,2016.0,2016-2020,EARLY_PHASE1,both,2,128.0,OTHER,COMPLETED,RANDOMIZED,True,DOUBLE,2.0,True,True,PARALLEL,True,placebo/sham,True,,,,,False,True,False,False,False,0,False,,False,
NCT05543486,2021.0,2021-2026,NA,proc_device,3,26.0,OTHER,COMPLETED,RANDOMIZED,True,SINGLE,1.0,True,False,PARALLEL,False,active,True,,,,,False,True,True,False,False,1,True,NO,False,False
NCT00485212,2007.0,<=2015,PHASE4,proc_device,0,48.0,OTHER,COMPLETED,RANDOMIZED,True,NONE,0.0,False,False,PARALLEL,False,none/single-group,False,,,,,True,True,False,False,False,0,False,,False,False
NCT04982198,2021.0,2021-2026,NA,proc_device,2,99.0,INDUSTRY,COMPLETED,RANDOMIZED,True,NONE,0.0,False,False,PARALLEL,True,active,True,,,,,False,True,False,False,False,0,False,NO,False,False
NCT01637051,2012.0,<=2015,NA,proc_device,2,60.0,OTHER,ACTIVE_NOT_RECRUITING,RANDOMIZED,True,NONE,0.0,False,False,PARALLEL,True,none/single-group,False,,,,,False,True,False,False,False,0,False,,False,True
NCT05473559,2022.0,2021-2026,NA,proc_device,2,70.0,OTHER,COMPLETED,RANDOMIZED,True,SINGLE,1.0,True,False,PARALLEL,True,active,True,,,,,False,False,False,False,False,0,False,,False,
NCT06580899,2025.0,2021-2026,PHASE4,proc_device,3,65.0,OTHER,ENROLLING_BY_INVITATION,RANDOMIZED,True,NONE,0.0,False,False,PARALLEL,False,active,True,,,,,True,False,True,False,False,0,False,NO,False,True
NCT01822574,2013.0,<=2015,NA,proc_device,3,90.0,OTHER,COMPLETED,RANDOMIZED,True,NONE,0.0,False,False,PARALLEL,True,active,True,90.0,90.0,0.0,True,False,True,True,True,True,0,False,NO,False,False
NCT06398717,2024.0,2021-2026,NA,proc_device,3,78.0,OTHER,UNKNOWN,RANDOMIZED,True,DOUBLE,2.0,True,True,PARALLEL,True,active,True,,,,,False,False,True,False,False,0,False,NO,False,
NCT05875324,2019.0,2016-2020,NA,proc_device,2,21.0,OTHER,COMPLETED,RANDOMIZED,True,NONE,0.0,False,False,PARALLEL,False,active,True,,,,,False,True,False,False,False,0,False,UNDECIDED,False,False
NCT05156762,2022.0,2021-2026,NA,proc_device,3,3.0,OTHER,TERMINATED,RANDOMIZED,True,NONE,0.0,False,False,PARALLEL,False,none/single-group,False,,,,,False,True,True,False,False,0,False,NO,False,False
NCT01797588,2013.0,<=2015,PHASE4,proc_device,3,156.0,OTHER,COMPLETED,RANDOMIZED,True,SINGLE,1.0,True,False,SINGLE_GROUP,True,active,True,,,,,True,True,True,False,False,0,False,,False,False
NCT01290185,2011.0,<=2015,NA,proc_device,2,152.0,OTHER,COMPLETED,RANDOMIZED,True,DOUBLE,2.0,True,True,PARALLEL,True,active,True,,,,,False,True,False,False,False,0,False,,False,False
NCT06563531,2024.0,2021-2026,NA,proc_device,2,1274.0,OTHER,RECRUITING,RANDOMIZED,True,NONE,0.0,False,False,PARALLEL,True,active,True,,,,,False,False,False,False,False,0,False,NO,False,False
NCT03563131,2018.0,2016-2020,NA,proc_device,2,66.0,OTHER,ACTIVE_NOT_RECRUITING,RANDOMIZED,True,SINGLE,1.0,True,False,PARALLEL,True,active,True,,,,,False,True,False,False,False,1,True,,False,
NCT03305887,2017.0,2016-2020,NA,proc_device,2,184.0,INDUSTRY,COMPLETED,RANDOMIZED,True,SINGLE,1.0,True,False,PARALLEL,True,active,True,184.0,163.0,0.11413043478260865,True,False,True,False,True,False,0,False,NO,False,False
NCT05487053,2024.0,2021-2026,NA,proc_device,2,220.0,OTHER_GOV,RECRUITING,RANDOMIZED,True,TRIPLE,3.0,True,True,PARALLEL,True,active,True,,,,,False,True,False,False,False,0,False,NO,False,True
NCT04341948,2020.0,2016-2020,NA,proc_device,2,56.0,INDUSTRY,COMPLETED,RANDOMIZED,True,DOUBLE,2.0,True,True,PARALLEL,True,placebo/sham,True,56.0,35.0,0.375,False,False,True,False,True,False,0,False,NO,False,False
NCT00733928,1999.0,<=2015,PHASE4,proc_device,2,67.0,INDUSTRY,COMPLETED,RANDOMIZED,True,SINGLE,1.0,True,False,PARALLEL,False,active,True,,,,,True,True,False,False,True,0,False,,False,False
NCT06196359,2022.0,2021-2026,NA,proc_device,2,34.0,OTHER,COMPLETED,NON_RANDOMIZED,False,DOUBLE,2.0,True,True,PARALLEL,True,no-intervention,True,,,,,False,False,False,False,False,0,False,NO,False,
NCT03566875,2018.0,2016-2020,NA,proc_device,2,60.0,OTHER,UNKNOWN,RANDOMIZED,True,SINGLE,1.0,True,False,PARALLEL,True,active,True,,,,,False,True,False,False,False,0,False,,False,False
NCT01808859,2013.0,<=2015,NA,proc_device,2,64.0,OTHER,COMPLETED,RANDOMIZED,True,DOUBLE,2.0,True,True,PARALLEL,True,no-intervention,True,,,,,False,True,False,False,False,1,True,,False,False
NCT06196567,2024.0,2021-2026,NA,proc_device,3,43.0,OTHER,RECRUITING,RANDOMIZED,True,SINGLE,1.0,True,False,PARALLEL,True,active,True,,,,,False,True,True,False,False,0,False,YES,True,True
NCT03490409,2017.0,2016-2020,NA,proc_device,2,44.0,OTHER,COMPLETED,RANDOMIZED,True,NONE,0.0,False,False,PARALLEL,True,no-intervention,True,,,,,False,False,False,False,False,0,False,UNDECIDED,False,True
NCT02924961,2008.0,<=2015,NA,proc_device,2,48.0,OTHER,TERMINATED,RANDOMIZED,True,SINGLE,1.0,True,False,PARALLEL,True,active,True,,,,,False,True,False,False,False,0,False,UNDECIDED,False,False
NCT00657956,2008.0,<=2015,NA,proc_device,0,50.0,OTHER,COMPLETED,RANDOMIZED,True,SINGLE,1.0,True,False,PARALLEL,True,none/single-group,False,,,,,False,True,False,False,False,0,False,,False,False
